{"strategy":{"GridBotSample":{"trades":[{"pair":"ETH/USDT:USDT","stake_amount":989.52282,"max_stake_amount":989.52282,"amount":0.407,"open_date":"2025-05-18 19:45:00+00:00","close_date":"2025-05-20 00:15:00+00:00","open_rate":2431.26,"close_rate":2542.35,"fee_open":0.0005,"fee_close":0.0005,"trade_duration":1710,"profit_ratio":0.044456944085089586,"profit_abs":44.01315626,"exit_reason":"exit_signal","initial_stop_loss_abs":2188.14,"initial_stop_loss_ratio":-0.1,"stop_loss_abs":2188.14,"stop_loss_ratio":-0.1,"min_rate":2312.62,"max_rate":2563.33,"is_open":false,"enter_tag":"","leverage":1.0,"is_short":false,"open_timestamp":1747597500000,"close_timestamp":1747700100000,"orders":[{"amount":0.407,"safe_price":2431.26,"ft_order_side":"buy","order_filled_timestamp":1747597500000,"ft_is_entry":true,"ft_order_tag":"","cost":990.0175814099999},{"amount":0.407,"safe_price":2542.35,"ft_order_side":"sell","order_filled_timestamp":1747700100000,"ft_is_entry":false,"ft_order_tag":"exit_signal","cost":1035.2538182249998}],"funding_fees":-0.18834410496277304},{"pair":"SOL/USDT:USDT","stake_amount":1032.4544,"max_stake_amount":1032.4544,"amount":7.06,"open_date":"2025-06-05 19:30:00+00:00","close_date":"2025-06-05 21:00:00+00:00","open_rate":146.24,"close_rate":141.74,"fee_open":0.0005,"fee_close":0.0005,"trade_duration":90,"profit_ratio":-0.03174007908518388,"profit_abs":-32.7865694,"exit_reason":"exit_signal","initial_stop_loss_abs":131.62,"initial_stop_loss_ratio":-0.1,"stop_loss_abs":131.62,"stop_loss_ratio":-0.1,"min_rate":141.43,"max_rate":147.17,"is_open":false,"enter_tag":"","leverage":1.0,"is_short":false,"open_timestamp":1749151800000,"close_timestamp":1749157200000,"orders":[{"amount":7.06,"safe_price":146.24,"ft_order_side":"buy","order_filled_timestamp":1749151800000,"ft_is_entry":true,"ft_order_tag":"","cost":1032.9706272},{"amount":7.06,"safe_price":141.74,"ft_order_side":"sell","order_filled_timestamp":1749157200000,"ft_is_entry":false,"ft_order_tag":"exit_signal","cost":1001.1847422}],"funding_fees":0.0},{"pair":"SOL/USDT:USDT","stake_amount":1000.736,"max_stake_amount":1000.736,"amount":7.04,"open_date":"2025-06-05 21:15:00+00:00","close_date":"2025-06-09 10:30:00+00:00","open_rate":142.15,"close_rate":154.77,"fee_open":0.0005,"fee_close":0.0005,"trade_duration":5115,"profit_ratio":0.08768375546062866,"profit_abs":87.79216485,"exit_reason":"exit_signal","initial_stop_loss_abs":127.94,"initial_stop_loss_ratio":-0.1,"stop_loss_abs":127.94,"stop_loss_ratio":-0.1,"min_rate":142.09,"max_rate":155.3,"is_open":false,"enter_tag":"","leverage":1.0,"is_short":false,"open_timestamp":1749158100000,"close_timestamp":1749465000000,"orders":[{"amount":7.04,"safe_price":142.15,"ft_order_side":"buy","order_filled_timestamp":1749158100000,"ft_is_entry":true,"ft_order_tag":"","cost":1001.236368},{"amount":7.04,"safe_price":154.77,"ft_order_side":"sell","order_filled_timestamp":1749465000000,"ft_is_entry":false,"ft_order_tag":"exit_signal","cost":1090.1255904000002}],"funding_fees":-0.007476749244319162},{"pair":"SOL/USDT:USDT","stake_amount":1086.918,"max_stake_amount":1086.918,"amount":7.35,"open_date":"2025-06-13 00:15:00+00:00","close_date":"2025-06-13 02:45:00+00:00","open_rate":147.88,"close_rate":141.27,"fee_open":0.0005,"fee_close":0.0005,"trade_duration":150,"profit_ratio":-0.045653228295238366,"profit_abs":-49.64612625,"exit_reason":"exit_signal","initial_stop_loss_abs":133.1,"initial_stop_loss_ratio":-0.1,"stop_loss_abs":133.1,"stop_loss_ratio":-0.1,"min_rate":140.73,"max_rate":148.47,"is_open":false,"enter_tag":"","leverage":1.0,"is_short":false,"open_timestamp":1749773700000,"close_timestamp":1749782700000,"orders":[{"amount":7.35,"safe_price":147.88,"ft_order_side":"buy","order_filled_timestamp":1749773700000,"ft_is_entry":true,"ft_order_tag":"","cost":1087.4614589999999},{"amount":7.35,"safe_price":141.27,"ft_order_side":"sell","order_filled_timestamp":1749782700000,"ft_is_entry":false,"ft_order_tag":"exit_signal","cost":1038.85366725}],"funding_fees":0.0},{"pair":"SOL/USDT:USDT","stake_amount":1038.7341,"max_stake_amount":1038.7341,"amount":7.23,"open_date":"2025-06-13 05:45:00+00:00","close_date":"2025-06-16 02:00:00+00:00","open_rate":143.67,"close_rate":156.49,"fee_open":0.0005,"fee_close":0.0005,"trade_duration":4095,"profit_ratio":0.08788247822665757,"profit_abs":91.33217019,"exit_reason":"exit_signal","initial_stop_loss_abs":129.31,"initial_stop_loss_ratio":-0.1,"stop_loss_abs":129.31,"stop_loss_ratio":-0.1,"min_rate":141.87,"max_rate":157.38,"is_open":false,"enter_tag":"","leverage":1.0,"is_short":false,"open_timestamp":1749793500000,"close_timestamp":1750039200000,"orders":[{"amount":7.23,"safe_price":143.67,"ft_order_side":"buy","order_filled_timestamp":1749793500000,"ft_is_entry":true,"ft_order_tag":"","cost":1039.25346705},{"amount":7.23,"safe_price":156.49,"ft_order_side":"sell","order_filled_timestamp":1750039200000,"ft_is_entry":false,"ft_order_tag":"exit_signal","cost":1131.98841135}],"funding_fees":-0.2713514069707016},{"pair":"SOL/USDT:USDT","stake_amount":1127.9925,"max_stake_amount":1127.9925,"amount":7.65,"open_date":"2025-06-17 15:30:00+00:00","close_date":"2025-06-20 17:15:00+00:00","open_rate":147.45,"close_rate":141.39,"fee_open":0.0005,"fee_close":0.0005,"trade_duration":4425,"profit_ratio":-0.04231216760407709,"profit_abs":-47.75167162,"exit_reason":"exit_signal","initial_stop_loss_abs":132.71,"initial_stop_loss_ratio":-0.1,"stop_loss_abs":132.71,"stop_loss_ratio":-0.1,"min_rate":135.7,"max_rate":150.35,"is_open":false,"enter_tag":"","leverage":1.0,"is_short":false,"open_timestamp":1750174200000,"close_timestamp":1750439700000,"orders":[{"amount":7.65,"safe_price":147.45,"ft_order_side":"buy","order_filled_timestamp":1750174200000,"ft_is_entry":true,"ft_order_tag":"","cost":1128.55649625},{"amount":7.65,"safe_price":141.39,"ft_order_side":"sell","order_filled_timestamp":1750439700000,"ft_is_entry":false,"ft_order_tag":"exit_signal","cost":1082.17431675}],"funding_fees":-0.287858618423453},{"pair":"ETH/USDT:USDT","stake_amount":1080.06375,"max_stake_amount":1080.06375,"amount":0.447,"open_date":"2025-06-20 17:30:00+00:00","close_date":"2025-06-21 06:15:00+00:00","open_rate":2416.25,"close_rate":2422.24,"fee_open":0.0005,"fee_close":0.0005,"trade_duration":765,"profit_ratio":0.0015267217713576724,"profit_abs":1.64978132,"exit_reason":"exit_signal","initial_stop_loss_abs":2174.63,"initial_stop_loss_ratio":-0.1,"stop_loss_abs":2174.63,"stop_loss_ratio":-0.1,"min_rate":2363.88,"max_rate":2437.2,"is_open":false,"enter_tag":"","leverage":1.0,"is_short":false,"open_timestamp":1750440600000,"close_timestamp":1750486500000,"orders":[{"amount":0.447,"safe_price":2416.25,"ft_order_side":"buy","order_filled_timestamp":1750440600000,"ft_is_entry":true,"ft_order_tag":"","cost":1080.6037818749999},{"amount":0.447,"safe_price":2422.24,"ft_order_side":"sell","order_filled_timestamp":1750486500000,"ft_is_entry":false,"ft_order_tag":"exit_signal","cost":1083.28265064}],"funding_fees":0.053653837779},{"pair":"ETH/USDT:USDT","stake_amount":1083.50565,"max_stake_amount":1083.50565,"amount":0.447,"open_date":"2025-06-21 06:30:00+00:00","close_date":"2025-06-21 06:45:00+00:00","open_rate":2423.95,"close_rate":2424.21,"fee_open":0.0005,"fee_close":0.0005,"trade_duration":15,"profit_ratio":-0.0008923445206170198,"profit_abs":-0.96734376,"exit_reason":"exit_signal","initial_stop_loss_abs":2181.56,"initial_stop_loss_ratio":-0.1,"stop_loss_abs":2181.56,"stop_loss_ratio":-0.1,"min_rate":2421.77,"max_rate":2427.25,"is_open":false,"enter_tag":"","leverage":1.0,"is_short":false,"open_timestamp":1750487400000,"close_timestamp":1750488300000,"orders":[{"amount":0.447,"safe_price":2423.95,"ft_order_side":"buy","order_filled_timestamp":1750487400000,"ft_is_entry":true,"ft_order_tag":"","cost":1084.0474028249998},{"amount":0.447,"safe_price":2424.21,"ft_order_side":"sell","order_filled_timestamp":1750488300000,"ft_is_entry":false,"ft_order_tag":"exit_signal","cost":1084.1636809349998}],"funding_fees":0.0},{"pair":"ETH/USDT:USDT","stake_amount":1081.104,"max_stake_amount":1081.104,"amount":0.446,"open_date":"2025-06-21 07:00:00+00:00","close_date":"2025-06-21 21:45:00+00:00","open_rate":2424.0,"close_rate":2297.51,"fee_open":0.0005,"fee_close":0.0005,"trade_duration":885,"profit_ratio":-0.05316594834566319,"profit_abs":-57.50665838,"exit_reason":"exit_signal","initial_stop_loss_abs":2181.6,"initial_stop_loss_ratio":-0.1,"stop_loss_abs":2181.6,"stop_loss_ratio":-0.1,"min_rate":2230.0,"max_rate":2447.96,"is_open":false,"enter_tag":"","leverage":1.0,"is_short":false,"open_timestamp":1750489200000,"close_timestamp":1750542300000,"orders":[{"amount":0.446,"safe_price":2424.0,"ft_order_side":"buy","order_filled_timestamp":1750489200000,"ft_is_entry":true,"ft_order_tag":"","cost":1081.644552},{"amount":0.446,"safe_price":2297.51,"ft_order_side":"sell","order_filled_timestamp":1750542300000,"ft_is_entry":false,"ft_order_tag":"exit_signal","cost":1025.20180473}],"funding_fees":-0.03922164853067801},{"pair":"SUI/USDT:USDT","stake_amount":1025.66925,"max_stake_amount":1025.66925,"amount":397.5,"open_date":"2025-06-22 05:15:00+00:00","close_date":"2025-06-22 05:45:00+00:00","open_rate":2.5803,"close_rate":2.5685,"fee_open":0.0005,"fee_close":0.0005,"trade_duration":30,"profit_ratio":-0.005568041077318179,"profit_abs":-5.713824,"exit_reason":"exit_signal","initial_stop_loss_abs":2.3223,"initial_stop_loss_ratio":-0.1,"stop_loss_abs":2.3223,"stop_loss_ratio":-0.1,"min_rate":2.5592,"max_rate":2.5853,"is_open":false,"enter_tag":"","leverage":1.0,"is_short":false,"open_timestamp":1750569300000,"close_timestamp":1750571100000,"orders":[{"amount":397.5,"safe_price":2.5803,"ft_order_side":"buy","order_filled_timestamp":1750569300000,"ft_is_entry":true,"ft_order_tag":"","cost":1026.1820846249998},{"amount":397.5,"safe_price":2.5685,"ft_order_side":"sell","order_filled_timestamp":1750571100000,"ft_is_entry":false,"ft_order_tag":"exit_signal","cost":1021.4892393749998}],"funding_fees":0.0},{"pair":"SUI/USDT:USDT","stake_amount":1019.91768,"max_stake_amount":1019.91768,"amount":396.3,"open_date":"2025-06-22 06:00:00+00:00","close_date":"2025-06-22 09:15:00+00:00","open_rate":2.5736,"close_rate":2.5681,"fee_open":0.0005,"fee_close":0.0005,"trade_duration":195,"profit_ratio":-0.003172894389337158,"profit_abs":-3.23770913,"exit_reason":"exit_signal","initial_stop_loss_abs":2.3163,"initial_stop_loss_ratio":-0.1,"stop_loss_abs":2.3163,"stop_loss_ratio":-0.1,"min_rate":2.5397,"max_rate":2.5998,"is_open":false,"enter_tag":"","leverage":1.0,"is_short":false,"open_timestamp":1750572000000,"close_timestamp":1750583700000,"orders":[{"amount":396.3,"safe_price":2.5736,"ft_order_side":"buy","order_filled_timestamp":1750572000000,"ft_is_entry":true,"ft_order_tag":"","cost":1020.42763884},{"amount":396.3,"safe_price":2.5681,"ft_order_side":"sell","order_filled_timestamp":1750583700000,"ft_is_entry":false,"ft_order_tag":"exit_signal","cost":1018.2468990149999}],"funding_fees":-0.039231274644},{"pair":"SOL/USDT:USDT","stake_amount":1015.794,"max_stake_amount":1015.794,"amount":7.02,"open_date":"2025-06-23 23:45:00+00:00","close_date":"2025-06-26 14:00:00+00:00","open_rate":144.7,"close_rate":141.74,"fee_open":0.0005,"fee_close":0.0005,"trade_duration":3735,"profit_ratio":-0.02171193984300907,"profit_abs":-22.06588565,"exit_reason":"exit_signal","initial_stop_loss_abs":130.23,"initial_stop_loss_ratio":-0.1,"stop_loss_abs":130.23,"stop_loss_ratio":-0.1,"min_rate":141.3,"max_rate":147.99,"is_open":false,"enter_tag":"","leverage":1.0,"is_short":false,"open_timestamp":1750722300000,"close_timestamp":1750946400000,"orders":[{"amount":7.02,"safe_price":144.7,"ft_order_side":"buy","order_filled_timestamp":1750722300000,"ft_is_entry":true,"ft_order_tag":"","cost":1016.3018969999998},{"amount":7.02,"safe_price":141.74,"ft_order_side":"sell","order_filled_timestamp":1750946400000,"ft_is_entry":false,"ft_order_tag":"exit_signal","cost":995.5123073999999}],"funding_fees":-0.2812812532318077},{"pair":"ETH/USDT:USDT","stake_amount":994.81888,"max_stake_amount":994.81888,"amount":0.409,"open_date":"2025-06-26 14:00:00+00:00","close_date":"2025-06-27 23:00:00+00:00","open_rate":2432.32,"close_rate":2421.3,"fee_open":0.0005,"fee_close":0.0005,"trade_duration":1980,"profit_ratio":-0.00559906632607759,"profit_abs":-5.57284192,"exit_reason":"exit_signal","initial_stop_loss_abs":2189.09,"initial_stop_loss_ratio":-0.1,"stop_loss_abs":2189.09,"stop_loss_ratio":-0.1,"min_rate":2377.0,"max_rate":2463.38,"is_open":false,"enter_tag":"","leverage":1.0,"is_short":false,"open_timestamp":1750946400000,"close_timestamp":1751065200000,"orders":[{"amount":0.409,"safe_price":2432.32,"ft_order_side":"buy","order_filled_timestamp":1750946400000,"ft_is_entry":true,"ft_order_tag":"","cost":995.31628944},{"amount":0.409,"safe_price":2421.3,"ft_order_side":"sell","order_filled_timestamp":1751065200000,"ft_is_entry":false,"ft_order_tag":"exit_signal","cost":990.8068558499999}],"funding_fees":-0.07309663199328273},{"pair":"SOL/USDT:USDT","stake_amount":988.1487,"max_stake_amount":988.1487,"amount":6.93,"open_date":"2025-06-27 23:00:00+00:00","close_date":"2025-06-27 23:30:00+00:00","open_rate":142.59,"close_rate":141.89,"fee_open":0.0005,"fee_close":0.0005,"trade_duration":30,"profit_ratio":-0.005903773689983678,"profit_abs":-5.8367232,"exit_reason":"exit_signal","initial_stop_loss_abs":128.34,"initial_stop_loss_ratio":-0.1,"stop_loss_abs":128.34,"stop_loss_ratio":-0.1,"min_rate":141.74,"max_rate":142.61,"is_open":false,"enter_tag":"","leverage":1.0,"is_short":false,"open_timestamp":1751065200000,"close_timestamp":1751067000000,"orders":[{"amount":6.93,"safe_price":142.59,"ft_order_side":"buy","order_filled_timestamp":1751065200000,"ft_is_entry":true,"ft_order_tag":"","cost":988.6427743499999},{"amount":6.93,"safe_price":141.89,"ft_order_side":"sell","order_filled_timestamp":1751067000000,"ft_is_entry":false,"ft_order_tag":"exit_signal","cost":983.7893488499998}],"funding_fees":0.0},{"pair":"ETH/USDT:USDT","stake_amount":983.23467,"max_stake_amount":983.23467,"amount":0.407,"open_date":"2025-06-27 23:30:00+00:00","close_date":"2025-06-28 00:45:00+00:00","open_rate":2415.81,"close_rate":2418.69,"fee_open":0.0005,"fee_close":0.0005,"trade_duration":75,"profit_ratio":0.00010692139811059184,"profit_abs":0.10518139,"exit_reason":"exit_signal","initial_stop_loss_abs":2174.23,"initial_stop_loss_ratio":-0.1,"stop_loss_abs":2174.23,"stop_loss_ratio":-0.1,"min_rate":2413.62,"max_rate":2423.11,"is_open":false,"enter_tag":"","leverage":1.0,"is_short":false,"open_timestamp":1751067000000,"close_timestamp":1751071500000,"orders":[{"amount":0.407,"safe_price":2415.81,"ft_order_side":"buy","order_filled_timestamp":1751067000000,"ft_is_entry":true,"ft_order_tag":"","cost":983.7262873349999},{"amount":0.407,"safe_price":2418.69,"ft_order_side":"sell","order_filled_timestamp":1751071500000,"ft_is_entry":false,"ft_order_tag":"exit_signal","cost":984.8990334149998}],"funding_fees":-0.08315786409479999},{"pair":"SOL/USDT:USDT","stake_amount":982.5016,"max_stake_amount":982.5016,"amount":6.92,"open_date":"2025-06-28 00:45:00+00:00","close_date":"2025-06-28 01:00:00+00:00","open_rate":141.98,"close_rate":141.7,"fee_open":0.0005,"fee_close":0.0005,"trade_duration":15,"profit_ratio":-0.0029696378743998895,"profit_abs":-2.9191328,"exit_reason":"exit_signal","initial_stop_loss_abs":127.79,"initial_stop_loss_ratio":-0.1,"stop_loss_abs":127.79,"stop_loss_ratio":-0.1,"min_rate":141.56,"max_rate":142.25,"is_open":false,"enter_tag":"","leverage":1.0,"is_short":false,"open_timestamp":1751071500000,"close_timestamp":1751072400000,"orders":[{"amount":6.92,"safe_price":141.98,"ft_order_side":"buy","order_filled_timestamp":1751071500000,"ft_is_entry":true,"ft_order_tag":"","cost":982.9928507999999},{"amount":6.92,"safe_price":141.7,"ft_order_side":"sell","order_filled_timestamp":1751072400000,"ft_is_entry":false,"ft_order_tag":"exit_signal","cost":981.054282}],"funding_fees":0.0},{"pair":"ETH/USDT:USDT","stake_amount":978.9255,"max_stake_amount":978.9255,"amount":0.405,"open_date":"2025-06-28 01:00:00+00:00","close_date":"2025-06-28 03:00:00+00:00","open_rate":2417.1,"close_rate":2417.69,"fee_open":0.0005,"fee_close":0.0005,"trade_duration":120,"profit_ratio":-0.0007556500545202642,"profit_abs":-0.74009497,"exit_reason":"exit_signal","initial_stop_loss_abs":2175.39,"initial_stop_loss_ratio":-0.1,"stop_loss_abs":2175.39,"stop_loss_ratio":-0.1,"min_rate":2404.75,"max_rate":2421.78,"is_open":false,"enter_tag":"","leverage":1.0,"is_short":false,"open_timestamp":1751072400000,"close_timestamp":1751079600000,"orders":[{"amount":0.405,"safe_price":2417.1,"ft_order_side":"buy","order_filled_timestamp":1751072400000,"ft_is_entry":true,"ft_order_tag":"","cost":979.41496275},{"amount":0.405,"safe_price":2417.69,"ft_order_side":"sell","order_filled_timestamp":1751079600000,"ft_is_entry":false,"ft_order_tag":"exit_signal","cost":979.654032225}],"funding_fees":0.0},{"pair":"SOL/USDT:USDT","stake_amount":979.2075,"max_stake_amount":979.2075,"amount":6.85,"open_date":"2025-06-28 03:00:00+00:00","close_date":"2025-06-30 15:30:00+00:00","open_rate":142.95,"close_rate":155.33,"fee_open":0.0005,"fee_close":0.0005,"trade_duration":3630,"profit_ratio":0.08498119598529028,"profit_abs":83.25583158,"exit_reason":"exit_signal","initial_stop_loss_abs":128.66,"initial_stop_loss_ratio":-0.1,"stop_loss_abs":128.66,"stop_loss_ratio":-0.1,"min_rate":142.78,"max_rate":157.49,"is_open":false,"enter_tag":"","leverage":1.0,"is_short":false,"open_timestamp":1751079600000,"close_timestamp":1751297400000,"orders":[{"amount":6.85,"safe_price":142.95,"ft_order_side":"buy","order_filled_timestamp":1751079600000,"ft_is_entry":true,"ft_order_tag":"","cost":979.6971037499998},{"amount":6.85,"safe_price":155.33,"ft_order_side":"sell","order_filled_timestamp":1751297400000,"ft_is_entry":false,"ft_order_tag":"exit_signal","cost":1064.54250525}],"funding_fees":-0.5255594212491712},{"pair":"SOL/USDT:USDT","stake_amount":1062.5223,"max_stake_amount":1062.5223,"amount":7.17,"open_date":"2025-07-01 11:15:00+00:00","close_date":"2025-07-01 12:45:00+00:00","open_rate":148.19,"close_rate":147.96,"fee_open":0.0005,"fee_close":0.0005,"trade_duration":90,"profit_ratio":-0.0025500105065896094,"profit_abs":-2.71079775,"exit_reason":"force_exit","initial_stop_loss_abs":133.38,"initial_stop_loss_ratio":-0.1,"stop_loss_abs":133.38,"stop_loss_ratio":-0.1,"min_rate":147.82,"max_rate":148.98,"is_open":false,"enter_tag":"","leverage":1.0,"is_short":false,"open_timestamp":1751368500000,"close_timestamp":1751373900000,"orders":[{"amount":7.17,"safe_price":148.19,"ft_order_side":"buy","order_filled_timestamp":1751368500000,"ft_is_entry":true,"ft_order_tag":"","cost":1063.05356115},{"amount":7.17,"safe_price":147.96,"ft_order_side":"sell","order_filled_timestamp":1751373900000,"ft_is_entry":false,"ft_order_tag":"force_exit","cost":1061.4036366}],"funding_fees":0.0}],"locks":[],"best_pair":{"key":"SOL/USDT:USDT","trades":10,"profit_mean":0.010770659277409493,"profit_mean_pct":1.08,"profit_sum":0.10770659277409493,"profit_sum_pct":10.77,"profit_total_abs":98.66325995000001,"profit_total":0.09866325995000001,"profit_total_pct":9.87,"duration_avg":"1 day, 11:38:00","wins":3,"draws":0,"losses":7,"winrate":0.3,"cagr":1.1098507303389598,"expectancy":9.866325995,"expectancy_ratio":0.4218518622771874,"sortino":2.1563932842616604,"sharpe":0.7694160688826942,"calmar":57.19432970807756,"sqn":0.5558,"profit_factor":1.6026455175388394,"max_drawdown_account":0.07164585782171552,"max_drawdown_abs":78.57341327},"worst_pair":{"key":"ETH/USDT:USDT","trades":7,"profit_mean":-0.002046060284617173,"profit_mean_pct":-0.2,"profit_sum":-0.01432242199232021,"profit_sum_pct":-1.43,"profit_total_abs":-19.018820059999996,"profit_total":-0.019018820059999997,"profit_total_pct":-1.9,"duration_avg":"13:13:00","wins":3,"draws":0,"losses":4,"winrate":0.42857142857142855,"cagr":-0.14132410115294414,"expectancy":-2.7169742942857145,"expectancy_ratio":-0.167748273646798,"sortino":-0.3301137876360401,"sharpe":-0.2890432500512467,"calmar":-12.769740518838587,"sqn":-0.2435,"profit_factor":0.7064405211181036,"max_drawdown_account":0.06185717721782746,"max_drawdown_abs":64.68175764},"results_per_pair":[{"key":"SOL/USDT:USDT","trades":10,"profit_mean":0.010770659277409493,"profit_mean_pct":1.08,"profit_sum":0.10770659277409493,"profit_sum_pct":10.77,"profit_total_abs":98.66325995000001,"profit_total":0.09866325995000001,"profit_total_pct":9.87,"duration_avg":"1 day, 11:38:00","wins":3,"draws":0,"losses":7,"winrate":0.3,"cagr":1.1098507303389598,"expectancy":9.866325995,"expectancy_ratio":0.4218518622771874,"sortino":2.1563932842616604,"sharpe":0.7694160688826942,"calmar":57.19432970807756,"sqn":0.5558,"profit_factor":1.6026455175388394,"max_drawdown_account":0.07164585782171552,"max_drawdown_abs":78.57341327},{"key":"SUI/USDT:USDT","trades":2,"profit_mean":-0.004370467733327669,"profit_mean_pct":-0.44,"profit_sum":-0.008740935466655338,"profit_sum_pct":-0.87,"profit_total_abs":-8.95153313,"profit_total":-0.00895153313,"profit_total_pct":-0.9,"duration_avg":"1:52:00","wins":0,"draws":0,"losses":2,"winrate":0.0,"cagr":-0.06886246675140317,"expectancy":-4.475766565,"expectancy_ratio":-1.0,"sortino":-3.0029301564265394,"sharpe":-3.0029301564265394,"calmar":-41.53255037944073,"sqn":-3.6152,"profit_factor":0.0,"max_drawdown_account":0.00895153313000003,"max_drawdown_abs":8.95153313},{"key":"ETH/USDT:USDT","trades":7,"profit_mean":-0.002046060284617173,"profit_mean_pct":-0.2,"profit_sum":-0.01432242199232021,"profit_sum_pct":-1.43,"profit_total_abs":-19.018820059999996,"profit_total":-0.019018820059999997,"profit_total_pct":-1.9,"duration_avg":"13:13:00","wins":3,"draws":0,"losses":4,"winrate":0.42857142857142855,"cagr":-0.14132410115294414,"expectancy":-2.7169742942857145,"expectancy_ratio":-0.167748273646798,"sortino":-0.3301137876360401,"sharpe":-0.2890432500512467,"calmar":-12.769740518838587,"sqn":-0.2435,"profit_factor":0.7064405211181036,"max_drawdown_account":0.06185717721782746,"max_drawdown_abs":64.68175764},{"key":"TOTAL","trades":19,"profit_mean":0.004454907121848389,"profit_mean_pct":0.45,"profit_sum":0.08464323531511939,"profit_sum_pct":8.46,"profit_total_abs":70.69290676000001,"profit_total":0.07069290676000001,"profit_total_pct":7.07,"duration_avg":"23:49:00","wins":6,"draws":0,"losses":13,"winrate":0.3157894736842105,"cagr":0.7194309314191791,"expectancy":3.720679303157894,"expectancy_ratio":0.20369650575774512,"sortino":1.4403016117796907,"sharpe":0.6900518942551156,"calmar":22.245233965846374,"sqn":0.371,"profit_factor":1.297710277645935,"max_drawdown_account":0.13198587688430755,"max_drawdown_abs":150.55692272}],"results_per_enter_tag":[{"key":"","trades":19,"profit_mean":0.004454907121848389,"profit_mean_pct":0.45,"profit_sum":0.08464323531511939,"profit_sum_pct":8.46,"profit_total_abs":70.69290676000001,"profit_total":0.07069290676000001,"profit_total_pct":7.07,"duration_avg":"23:49:00","wins":6,"draws":0,"losses":13,"winrate":0.3157894736842105,"cagr":0.7194309314191791,"expectancy":3.720679303157894,"expectancy_ratio":0.20369650575774512,"sortino":1.4403016117796907,"sharpe":0.6900518942551156,"calmar":22.245233965846374,"sqn":0.371,"profit_factor":1.297710277645935,"max_drawdown_account":0.13198587688430755,"max_drawdown_abs":150.55692272},{"key":"TOTAL","trades":19,"profit_mean":0.004454907121848389,"profit_mean_pct":0.45,"profit_sum":0.08464323531511939,"profit_sum_pct":8.46,"profit_total_abs":70.69290676000001,"profit_total":0.07069290676000001,"profit_total_pct":7.07,"duration_avg":"23:49:00","wins":6,"draws":0,"losses":13,"winrate":0.3157894736842105,"cagr":0.7194309314191791,"expectancy":3.720679303157894,"expectancy_ratio":0.20369650575774512,"sortino":1.4403016117796907,"sharpe":0.6900518942551156,"calmar":22.245233965846374,"sqn":0.371,"profit_factor":1.297710277645935,"max_drawdown_account":0.13198587688430755,"max_drawdown_abs":150.55692272}],"exit_reason_summary":[{"key":"exit_signal","trades":18,"profit_mean":0.004844069212317167,"profit_mean_pct":0.48,"profit_sum":0.087193245821709,"profit_sum_pct":8.72,"profit_total_abs":73.40370451000001,"profit_total":0.07340370451000001,"profit_total_pct":7.34,"duration_avg":"1 day, 1:03:00","wins":6,"draws":0,"losses":12,"winrate":0.3333333333333333,"cagr":0.7542780515887502,"expectancy":4.077983583888887,"expectancy_ratio":0.20846403687584814,"sortino":1.4730419310681429,"sharpe":0.6978452964637522,"calmar":23.09825208246682,"sqn":0.3849,"profit_factor":1.3126960553137723,"max_drawdown_account":0.13198587688430755,"max_drawdown_abs":150.55692272},{"key":"force_exit","trades":1,"profit_mean":-0.0025500105065896094,"profit_mean_pct":-0.26,"profit_sum":-0.0025500105065896094,"profit_sum_pct":-0.26,"profit_total_abs":-2.71079775,"profit_total":-0.0027107977499999996,"profit_total_pct":-0.27,"duration_avg":"1:30:00","wins":0,"draws":0,"losses":1,"winrate":0.0,"cagr":-0.021308494258801103,"expectancy":-2.71079775,"expectancy_ratio":-1.0,"sortino":-100,"sharpe":-100,"calmar":-41.53255037944112,"sqn":-100.0,"profit_factor":0.0,"max_drawdown_account":0.002710797749999983,"max_drawdown_abs":2.71079775},{"key":"TOTAL","trades":19,"profit_mean":0.004454907121848389,"profit_mean_pct":0.45,"profit_sum":0.08464323531511939,"profit_sum_pct":8.46,"profit_total_abs":70.69290676000001,"profit_total":0.07069290676000001,"profit_total_pct":7.07,"duration_avg":"23:49:00","wins":6,"draws":0,"losses":13,"winrate":0.3157894736842105,"cagr":0.7194309314191791,"expectancy":3.720679303157894,"expectancy_ratio":0.20369650575774512,"sortino":1.4403016117796907,"sharpe":0.6900518942551156,"calmar":22.245233965846374,"sqn":0.371,"profit_factor":1.297710277645935,"max_drawdown_account":0.13198587688430755,"max_drawdown_abs":150.55692272}],"mix_tag_stats":[{"key":["","exit_signal"],"trades":18,"profit_mean":0.004844069212317167,"profit_mean_pct":0.48,"profit_sum":0.087193245821709,"profit_sum_pct":8.72,"profit_total_abs":73.40370451000001,"profit_total":0.07340370451000001,"profit_total_pct":7.34,"duration_avg":"1 day, 1:03:00","wins":6,"draws":0,"losses":12,"winrate":0.3333333333333333,"cagr":0.7542780515887502,"expectancy":4.077983583888887,"expectancy_ratio":0.20846403687584814,"sortino":1.4730419310681429,"sharpe":0.6978452964637522,"calmar":23.09825208246682,"sqn":0.3849,"profit_factor":1.3126960553137723,"max_drawdown_account":0.13198587688430755,"max_drawdown_abs":150.55692272},{"key":["","force_exit"],"trades":1,"profit_mean":-0.0025500105065896094,"profit_mean_pct":-0.26,"profit_sum":-0.0025500105065896094,"profit_sum_pct":-0.26,"profit_total_abs":-2.71079775,"profit_total":-0.0027107977499999996,"profit_total_pct":-0.27,"duration_avg":"1:30:00","wins":0,"draws":0,"losses":1,"winrate":0.0,"cagr":-0.021308494258801103,"expectancy":-2.71079775,"expectancy_ratio":-1.0,"sortino":-100,"sharpe":-100,"calmar":-41.53255037944112,"sqn":-100.0,"profit_factor":0.0,"max_drawdown_account":0.002710797749999983,"max_drawdown_abs":2.71079775},{"key":"TOTAL","trades":19,"profit_mean":0.004454907121848389,"profit_mean_pct":0.45,"profit_sum":0.08464323531511939,"profit_sum_pct":8.46,"profit_total_abs":70.69290676000001,"profit_total":0.07069290676000001,"profit_total_pct":7.07,"duration_avg":"23:49:00","wins":6,"draws":0,"losses":13,"winrate":0.3157894736842105,"cagr":0.7194309314191791,"expectancy":3.720679303157894,"expectancy_ratio":0.20369650575774512,"sortino":1.4403016117796907,"sharpe":0.6900518942551156,"calmar":22.245233965846374,"sqn":0.371,"profit_factor":1.297710277645935,"max_drawdown_account":0.13198587688430755,"max_drawdown_abs":150.55692272}],"left_open_trades":[{"key":"SOL/USDT:USDT","trades":1,"profit_mean":-0.0025500105065896094,"profit_mean_pct":-0.26,"profit_sum":-0.0025500105065896094,"profit_sum_pct":-0.26,"profit_total_abs":-2.71079775,"profit_total":-0.0027107977499999996,"profit_total_pct":-0.27,"duration_avg":"1:30:00","wins":0,"draws":0,"losses":1,"winrate":0.0,"cagr":-0.021308494258801103,"expectancy":-2.71079775,"expectancy_ratio":-1.0,"sortino":-100,"sharpe":-100,"calmar":-41.53255037944112,"sqn":-100.0,"profit_factor":0.0,"max_drawdown_account":0.002710797749999983,"max_drawdown_abs":2.71079775},{"key":"TOTAL","trades":1,"profit_mean":-0.0025500105065896094,"profit_mean_pct":-0.26,"profit_sum":-0.0025500105065896094,"profit_sum_pct":-0.26,"profit_total_abs":-2.71079775,"profit_total":-0.0027107977499999996,"profit_total_pct":-0.27,"duration_avg":"1:30:00","wins":0,"draws":0,"losses":1,"winrate":0.0,"cagr":-0.021308494258801103,"expectancy":-2.71079775,"expectancy_ratio":-1.0,"sortino":-100,"sharpe":-100,"calmar":-41.53255037944112,"sqn":-100.0,"profit_factor":0.0,"max_drawdown_account":0.002710797749999983,"max_drawdown_abs":2.71079775}],"total_trades":19,"trade_count_long":19,"trade_count_short":0,"total_volume":39215.17400811,"avg_stake_amount":1029.0405947368424,"profit_mean":0.004454907121848389,"profit_median":-0.0029696378743998895,"profit_total":0.07069290676000001,"profit_total_long":0.07069290676000001,"profit_total_short":0.0,"profit_total_abs":70.69290676000001,"profit_total_long_abs":70.69290676000001,"profit_total_short_abs":0.0,"cagr":0.7194309314191791,"expectancy":3.720679303157894,"expectancy_ratio":0.20369650575774512,"sortino":1.4403016117796907,"sharpe":0.6900518942551156,"calmar":22.245233965846374,"sqn":0.371,"profit_factor":1.297710277645935,"backtest_start":"2025-05-16 00:00:00","backtest_start_ts":1747353600000,"backtest_end":"2025-07-01 12:45:00","backtest_end_ts":1751373900000,"backtest_days":46,"backtest_run_start_ts":1751375144,"backtest_run_end_ts":1751375144,"trades_per_day":0.41,"market_change":-0.1620128748369255,"pairlist":["SOL/USDT:USDT","ETH/USDT:USDT","SUI/USDT:USDT"],"stake_amount":"unlimited","stake_currency":"USDT","stake_currency_decimals":3,"starting_balance":1000,"dry_run_wallet":1000,"final_balance":1070.69290676,"rejected_signals":462,"timedout_entry_orders":0,"timedout_exit_orders":0,"canceled_trade_entries":0,"canceled_entry_orders":0,"replaced_entry_orders":0,"max_open_trades":1,"max_open_trades_setting":1,"timeframe":"15m","timeframe_detail":"","timerange":"","enable_protections":false,"strategy_name":"GridBotSample","stoploss":-0.1,"trailing_stop":false,"trailing_stop_positive":null,"trailing_stop_positive_offset":0.0,"trailing_only_offset_is_reached":false,"use_custom_stoploss":false,"minimal_roi":{},"use_exit_signal":true,"exit_profit_only":false,"exit_profit_offset":0.0,"ignore_roi_if_entry_signal":false,"trading_mode":"futures","margin_mode":"isolated","periodic_breakdown":{"day":[{"date":"20/05/2025","date_ts":1747699200000,"profit_abs":44.01315626,"wins":1,"draws":0,"losses":0,"trades":1,"profit_factor":0.0},{"date":"21/05/2025","date_ts":1747785600000,"profit_abs":0.0,"wins":0,"draws":0,"losses":0,"trades":0,"profit_factor":0.0},{"date":"22/05/2025","date_ts":1747872000000,"profit_abs":0.0,"wins":0,"draws":0,"losses":0,"trades":0,"profit_factor":0.0},{"date":"23/05/2025","date_ts":1747958400000,"profit_abs":0.0,"wins":0,"draws":0,"losses":0,"trades":0,"profit_factor":0.0},{"date":"24/05/2025","date_ts":1748044800000,"profit_abs":0.0,"wins":0,"draws":0,"losses":0,"trades":0,"profit_factor":0.0},{"date":"25/05/2025","date_ts":1748131200000,"profit_abs":0.0,"wins":0,"draws":0,"losses":0,"trades":0,"profit_factor":0.0},{"date":"26/05/2025","date_ts":1748217600000,"profit_abs":0.0,"wins":0,"draws":0,"losses":0,"trades":0,"profit_factor":0.0},{"date":"27/05/2025","date_ts":1748304000000,"profit_abs":0.0,"wins":0,"draws":0,"losses":0,"trades":0,"profit_factor":0.0},{"date":"28/05/2025","date_ts":1748390400000,"profit_abs":0.0,"wins":0,"draws":0,"losses":0,"trades":0,"profit_factor":0.0},{"date":"29/05/2025","date_ts":1748476800000,"profit_abs":0.0,"wins":0,"draws":0,"losses":0,"trades":0,"profit_factor":0.0},{"date":"30/05/2025","date_ts":1748563200000,"profit_abs":0.0,"wins":0,"draws":0,"losses":0,"trades":0,"profit_factor":0.0},{"date":"31/05/2025","date_ts":1748649600000,"profit_abs":0.0,"wins":0,"draws":0,"losses":0,"trades":0,"profit_factor":0.0},{"date":"01/06/2025","date_ts":1748736000000,"profit_abs":0.0,"wins":0,"draws":0,"losses":0,"trades":0,"profit_factor":0.0},{"date":"02/06/2025","date_ts":1748822400000,"profit_abs":0.0,"wins":0,"draws":0,"losses":0,"trades":0,"profit_factor":0.0},{"date":"03/06/2025","date_ts":1748908800000,"profit_abs":0.0,"wins":0,"draws":0,"losses":0,"trades":0,"profit_factor":0.0},{"date":"04/06/2025","date_ts":1748995200000,"profit_abs":0.0,"wins":0,"draws":0,"losses":0,"trades":0,"profit_factor":0.0},{"date":"05/06/2025","date_ts":1749081600000,"profit_abs":-32.7865694,"wins":0,"draws":0,"losses":1,"trades":1,"profit_factor":0.0},{"date":"06/06/2025","date_ts":1749168000000,"profit_abs":0.0,"wins":0,"draws":0,"losses":0,"trades":0,"profit_factor":0.0},{"date":"07/06/2025","date_ts":1749254400000,"profit_abs":0.0,"wins":0,"draws":0,"losses":0,"trades":0,"profit_factor":0.0},{"date":"08/06/2025","date_ts":1749340800000,"profit_abs":0.0,"wins":0,"draws":0,"losses":0,"trades":0,"profit_factor":0.0},{"date":"09/06/2025","date_ts":1749427200000,"profit_abs":87.79216485,"wins":1,"draws":0,"losses":0,"trades":1,"profit_factor":0.0},{"date":"10/06/2025","date_ts":1749513600000,"profit_abs":0.0,"wins":0,"draws":0,"losses":0,"trades":0,"profit_factor":0.0},{"date":"11/06/2025","date_ts":1749600000000,"profit_abs":0.0,"wins":0,"draws":0,"losses":0,"trades":0,"profit_factor":0.0},{"date":"12/06/2025","date_ts":1749686400000,"profit_abs":0.0,"wins":0,"draws":0,"losses":0,"trades":0,"profit_factor":0.0},{"date":"13/06/2025","date_ts":1749772800000,"profit_abs":-49.64612625,"wins":0,"draws":0,"losses":1,"trades":1,"profit_factor":0.0},{"date":"14/06/2025","date_ts":1749859200000,"profit_abs":0.0,"wins":0,"draws":0,"losses":0,"trades":0,"profit_factor":0.0},{"date":"15/06/2025","date_ts":1749945600000,"profit_abs":0.0,"wins":0,"draws":0,"losses":0,"trades":0,"profit_factor":0.0},{"date":"16/06/2025","date_ts":1750032000000,"profit_abs":91.33217019,"wins":1,"draws":0,"losses":0,"trades":1,"profit_factor":0.0},{"date":"17/06/2025","date_ts":1750118400000,"profit_abs":0.0,"wins":0,"draws":0,"losses":0,"trades":0,"profit_factor":0.0},{"date":"18/06/2025","date_ts":1750204800000,"profit_abs":0.0,"wins":0,"draws":0,"losses":0,"trades":0,"profit_factor":0.0},{"date":"19/06/2025","date_ts":1750291200000,"profit_abs":0.0,"wins":0,"draws":0,"losses":0,"trades":0,"profit_factor":0.0},{"date":"20/06/2025","date_ts":1750377600000,"profit_abs":-47.75167162,"wins":0,"draws":0,"losses":1,"trades":1,"profit_factor":0.0},{"date":"21/06/2025","date_ts":1750464000000,"profit_abs":-56.82422082,"wins":1,"draws":0,"losses":2,"trades":3,"profit_factor":0.02821393},{"date":"22/06/2025","date_ts":1750550400000,"profit_abs":-8.95153313,"wins":0,"draws":0,"losses":2,"trades":2,"profit_factor":0.0},{"date":"23/06/2025","date_ts":1750636800000,"profit_abs":0.0,"wins":0,"draws":0,"losses":0,"trades":0,"profit_factor":0.0},{"date":"24/06/2025","date_ts":1750723200000,"profit_abs":0.0,"wins":0,"draws":0,"losses":0,"trades":0,"profit_factor":0.0},{"date":"25/06/2025","date_ts":1750809600000,"profit_abs":0.0,"wins":0,"draws":0,"losses":0,"trades":0,"profit_factor":0.0},{"date":"26/06/2025","date_ts":1750896000000,"profit_abs":-22.06588565,"wins":0,"draws":0,"losses":1,"trades":1,"profit_factor":0.0},{"date":"27/06/2025","date_ts":1750982400000,"profit_abs":-11.40956512,"wins":0,"draws":0,"losses":2,"trades":2,"profit_factor":0.0},{"date":"28/06/2025","date_ts":1751068800000,"profit_abs":-3.55404638,"wins":1,"draws":0,"losses":2,"trades":3,"profit_factor":0.02874415},{"date":"29/06/2025","date_ts":1751155200000,"profit_abs":0.0,"wins":0,"draws":0,"losses":0,"trades":0,"profit_factor":0.0},{"date":"30/06/2025","date_ts":1751241600000,"profit_abs":83.25583158,"wins":1,"draws":0,"losses":0,"trades":1,"profit_factor":0.0},{"date":"01/07/2025","date_ts":1751328000000,"profit_abs":-2.71079775,"wins":0,"draws":0,"losses":1,"trades":1,"profit_factor":0.0}],"week":[{"date":"26/05/2025","date_ts":1748217600000,"profit_abs":44.01315626,"wins":1,"draws":0,"losses":0,"trades":1,"profit_factor":0.0},{"date":"02/06/2025","date_ts":1748822400000,"profit_abs":0.0,"wins":0,"draws":0,"losses":0,"trades":0,"profit_factor":0.0},{"date":"09/06/2025","date_ts":1749427200000,"profit_abs":55.00559545,"wins":1,"draws":0,"losses":1,"trades":2,"profit_factor":2.67768682},{"date":"16/06/2025","date_ts":1750032000000,"profit_abs":41.68604394,"wins":1,"draws":0,"losses":1,"trades":2,"profit_factor":1.83966358},{"date":"23/06/2025","date_ts":1750636800000,"profit_abs":-113.52742557,"wins":1,"draws":0,"losses":5,"trades":6,"profit_factor":0.01432385},{"date":"30/06/2025","date_ts":1751241600000,"profit_abs":46.22633443,"wins":2,"draws":0,"losses":5,"trades":7,"profit_factor":2.24482926},{"date":"07/07/2025","date_ts":1751846400000,"profit_abs":-2.71079775,"wins":0,"draws":0,"losses":1,"trades":1,"profit_factor":0.0}],"month":[{"date":"31/05/2025","date_ts":1748649600000,"profit_abs":44.01315626,"wins":1,"draws":0,"losses":0,"trades":1,"profit_factor":0.0},{"date":"30/06/2025","date_ts":1751241600000,"profit_abs":29.39054825,"wins":5,"draws":0,"losses":12,"trades":17,"profit_factor":1.12520224},{"date":"31/07/2025","date_ts":1753920000000,"profit_abs":-2.71079775,"wins":0,"draws":0,"losses":1,"trades":1,"profit_factor":0.0}],"year":[{"date":"31/12/2025","date_ts":1767139200000,"profit_abs":70.69290676,"wins":6,"draws":0,"losses":13,"trades":19,"profit_factor":1.29771028}]},"backtest_best_day":0.08788247822665757,"backtest_worst_day":-0.052531571094922534,"backtest_best_day_abs":91.33217019,"backtest_worst_day_abs":-56.82422082,"winning_days":4,"draw_days":30,"losing_days":9,"daily_profit":[["2025-05-20",44.01315626],["2025-05-21",0.0],["2025-05-22",0.0],["2025-05-23",0.0],["2025-05-24",0.0],["2025-05-25",0.0],["2025-05-26",0.0],["2025-05-27",0.0],["2025-05-28",0.0],["2025-05-29",0.0],["2025-05-30",0.0],["2025-05-31",0.0],["2025-06-01",0.0],["2025-06-02",0.0],["2025-06-03",0.0],["2025-06-04",0.0],["2025-06-05",-32.7865694],["2025-06-06",0.0],["2025-06-07",0.0],["2025-06-08",0.0],["2025-06-09",87.79216485],["2025-06-10",0.0],["2025-06-11",0.0],["2025-06-12",0.0],["2025-06-13",-49.64612625],["2025-06-14",0.0],["2025-06-15",0.0],["2025-06-16",91.33217019],["2025-06-17",0.0],["2025-06-18",0.0],["2025-06-19",0.0],["2025-06-20",-47.75167162],["2025-06-21",-56.82422082],["2025-06-22",-8.95153313],["2025-06-23",0.0],["2025-06-24",0.0],["2025-06-25",0.0],["2025-06-26",-22.06588565],["2025-06-27",-11.40956512],["2025-06-28",-3.55404638],["2025-06-29",0.0],["2025-06-30",83.25583158],["2025-07-01",-2.71079775]],"wins":6,"losses":13,"draws":0,"winrate":0.3157894736842105,"holding_avg":"23:49:00","holding_avg_s":85740.0,"winner_holding_min":"0d 01:15","winner_holding_min_s":4500.0,"winner_holding_max":"3d 13:15","winner_holding_max_s":306900.0,"winner_holding_avg":"1d 18:45","winner_holding_avg_s":153900.0,"loser_holding_min":"0d 00:15","loser_holding_min_s":900.0,"loser_holding_max":"3d 01:45","loser_holding_max_s":265500.0,"loser_holding_avg":"0d 15:05","loser_holding_avg_s":54300.0,"max_consecutive_wins":1,"max_consecutive_losses":7,"max_drawdown_account":0.13198587688430755,"max_relative_drawdown":0.13198587688430755,"max_drawdown_abs":150.55692272,"drawdown_start":"2025-06-16 02:00:00","drawdown_start_ts":1750039200000.0,"drawdown_end":"2025-06-28 03:00:00","drawdown_end_ts":1751079600000.0,"max_drawdown_low":-9.852127069999998,"max_drawdown_high":140.70479565,"csum_min":990.14787293,"csum_max":1140.70479565}},"strategy_comparison":[{"key":"GridBotSample","trades":19,"profit_mean":0.004454907121848389,"profit_mean_pct":0.45,"profit_sum":0.08464323531511939,"profit_sum_pct":8.46,"profit_total_abs":70.69290676000001,"profit_total":0.07069290676000001,"profit_total_pct":7.07,"duration_avg":"23:49:00","wins":6,"draws":0,"losses":13,"winrate":0.3157894736842105,"cagr":0.7194309314191791,"expectancy":3.720679303157894,"expectancy_ratio":0.20369650575774512,"sortino":1.4403016117796907,"sharpe":0.6900518942551156,"calmar":22.245233965846374,"sqn":0.371,"profit_factor":1.297710277645935,"max_drawdown_account":0.13198587688430755,"max_drawdown_abs":"150.557"}]}