{"strategy":{"SimpleGridDowntrend":{"trades":[{"pair":"ETH/USDT:USDT","stake_amount":988.83296,"max_stake_amount":988.83296,"amount":0.412,"open_date":"2025-05-19 12:15:00+00:00","close_date":"2025-05-19 15:45:00+00:00","open_rate":2400.08,"close_rate":2465.43,"fee_open":0.0005,"fee_close":0.0005,"trade_duration":210,"profit_ratio":0.026201544156424172,"profit_abs":25.92190494,"exit_reason":"exit_signal","initial_stop_loss_abs":2256.08,"initial_stop_loss_ratio":-0.06,"stop_loss_abs":2256.08,"stop_loss_ratio":-0.06,"min_rate":2383.0,"max_rate":2473.0,"is_open":false,"enter_tag":"","leverage":1.0,"is_short":false,"open_timestamp":1747656900000,"close_timestamp":1747669500000,"orders":[{"amount":0.412,"safe_price":2400.08,"ft_order_side":"buy","order_filled_timestamp":1747656900000,"ft_is_entry":true,"ft_order_tag":"","cost":989.3273764799999},{"amount":0.412,"safe_price":2465.43,"ft_order_side":"sell","order_filled_timestamp":1747669500000,"ft_is_entry":false,"ft_order_tag":"exit_signal","cost":1016.2650385799998}],"funding_fees":0.0},{"pair":"SOL/USDT:USDT","stake_amount":1014.5408,"max_stake_amount":1014.5408,"amount":6.76,"open_date":"2025-06-05 14:30:00+00:00","close_date":"2025-06-05 15:45:00+00:00","open_rate":150.08,"close_rate":151.41,"fee_open":0.0005,"fee_close":0.0005,"trade_duration":75,"profit_ratio":0.007853582537089664,"profit_abs":7.9717638,"exit_reason":"exit_signal","initial_stop_loss_abs":141.08,"initial_stop_loss_ratio":-0.06,"stop_loss_abs":141.08,"stop_loss_ratio":-0.06,"min_rate":149.26,"max_rate":151.64,"is_open":false,"enter_tag":"","leverage":1.0,"is_short":false,"open_timestamp":1749133800000,"close_timestamp":1749138300000,"orders":[{"amount":6.76,"safe_price":150.08,"ft_order_side":"buy","order_filled_timestamp":1749133800000,"ft_is_entry":true,"ft_order_tag":"","cost":1015.0480704},{"amount":6.76,"safe_price":151.41,"ft_order_side":"sell","order_filled_timestamp":1749138300000,"ft_is_entry":false,"ft_order_tag":"exit_signal","cost":1024.0433658}],"funding_fees":0.0},{"pair":"SOL/USDT:USDT","stake_amount":1022.4144,"max_stake_amount":1022.4144,"amount":6.86,"open_date":"2025-06-05 16:30:00+00:00","close_date":"2025-06-05 17:45:00+00:00","open_rate":149.04,"close_rate":149.23,"fee_open":0.0005,"fee_close":0.0005,"trade_duration":75,"profit_ratio":0.0002740511118568467,"profit_abs":0.2803339,"exit_reason":"exit_signal","initial_stop_loss_abs":140.1,"initial_stop_loss_ratio":-0.06,"stop_loss_abs":140.1,"stop_loss_ratio":-0.06,"min_rate":148.21,"max_rate":149.75,"is_open":false,"enter_tag":"","leverage":1.0,"is_short":false,"open_timestamp":1749141000000,"close_timestamp":1749145500000,"orders":[{"amount":6.86,"safe_price":149.04,"ft_order_side":"buy","order_filled_timestamp":1749141000000,"ft_is_entry":true,"ft_order_tag":"","cost":1022.9256072},{"amount":6.86,"safe_price":149.23,"ft_order_side":"sell","order_filled_timestamp":1749145500000,"ft_is_entry":false,"ft_order_tag":"exit_signal","cost":1024.2296589}],"funding_fees":0.0},{"pair":"SOL/USDT:USDT","stake_amount":1023.165,"max_stake_amount":1023.165,"amount":6.89,"open_date":"2025-06-05 18:15:00+00:00","close_date":"2025-06-05 18:45:00+00:00","open_rate":148.5,"close_rate":149.57,"fee_open":0.0005,"fee_close":0.0005,"trade_duration":30,"profit_ratio":0.0061986851691999125,"profit_abs":6.34544885,"exit_reason":"exit_signal","initial_stop_loss_abs":139.59,"initial_stop_loss_ratio":-0.06,"stop_loss_abs":139.59,"stop_loss_ratio":-0.06,"min_rate":148.28,"max_rate":149.99,"is_open":false,"enter_tag":"","leverage":1.0,"is_short":false,"open_timestamp":1749147300000,"close_timestamp":1749149100000,"orders":[{"amount":6.89,"safe_price":148.5,"ft_order_side":"buy","order_filled_timestamp":1749147300000,"ft_is_entry":true,"ft_order_tag":"","cost":1023.6765824999999},{"amount":6.89,"safe_price":149.57,"ft_order_side":"sell","order_filled_timestamp":1749149100000,"ft_is_entry":false,"ft_order_tag":"exit_signal","cost":1031.05256865}],"funding_fees":0.0},{"pair":"SOL/USDT:USDT","stake_amount":1029.5296,"max_stake_amount":1029.5296,"amount":7.04,"open_date":"2025-06-05 19:30:00+00:00","close_date":"2025-06-05 22:00:00+00:00","open_rate":146.24,"close_rate":144.19,"fee_open":0.0005,"fee_close":0.0005,"trade_duration":150,"profit_ratio":-0.015003541719293526,"profit_abs":-15.4543136,"exit_reason":"exit_signal","initial_stop_loss_abs":137.47,"initial_stop_loss_ratio":-0.06,"stop_loss_abs":137.47,"stop_loss_ratio":-0.06,"min_rate":141.43,"max_rate":147.17,"is_open":false,"enter_tag":"","leverage":1.0,"is_short":false,"open_timestamp":1749151800000,"close_timestamp":1749160800000,"orders":[{"amount":7.04,"safe_price":146.24,"ft_order_side":"buy","order_filled_timestamp":1749151800000,"ft_is_entry":true,"ft_order_tag":"","cost":1030.0443648},{"amount":7.04,"safe_price":144.19,"ft_order_side":"sell","order_filled_timestamp":1749160800000,"ft_is_entry":false,"ft_order_tag":"exit_signal","cost":1015.6051487999999}],"funding_fees":0.0},{"pair":"ETH/USDT:USDT","stake_amount":1012.88811,"max_stake_amount":1012.88811,"amount":0.421,"open_date":"2025-06-06 02:30:00+00:00","close_date":"2025-06-06 04:45:00+00:00","open_rate":2405.91,"close_rate":2452.38,"fee_open":0.0005,"fee_close":0.0005,"trade_duration":135,"profit_ratio":0.018296131438450294,"profit_abs":18.54119996,"exit_reason":"exit_signal","initial_stop_loss_abs":2261.56,"initial_stop_loss_ratio":-0.06,"stop_loss_abs":2261.56,"stop_loss_ratio":-0.06,"min_rate":2402.04,"max_rate":2463.0,"is_open":false,"enter_tag":"","leverage":1.0,"is_short":false,"open_timestamp":1749177000000,"close_timestamp":1749185100000,"orders":[{"amount":0.421,"safe_price":2405.91,"ft_order_side":"buy","order_filled_timestamp":1749177000000,"ft_is_entry":true,"ft_order_tag":"","cost":1013.3945540549998},{"amount":0.421,"safe_price":2452.38,"ft_order_side":"sell","order_filled_timestamp":1749185100000,"ft_is_entry":false,"ft_order_tag":"exit_signal","cost":1032.96820599}],"funding_fees":0.0},{"pair":"SOL/USDT:USDT","stake_amount":1032.0036,"max_stake_amount":1032.0036,"amount":6.99,"open_date":"2025-06-06 08:45:00+00:00","close_date":"2025-06-06 11:00:00+00:00","open_rate":147.64,"close_rate":148.44,"fee_open":0.0005,"fee_close":0.0005,"trade_duration":135,"profit_ratio":0.004413669621434204,"profit_abs":4.5572004,"exit_reason":"exit_signal","initial_stop_loss_abs":138.79,"initial_stop_loss_ratio":-0.06,"stop_loss_abs":138.79,"stop_loss_ratio":-0.06,"min_rate":147.33,"max_rate":148.83,"is_open":false,"enter_tag":"","leverage":1.0,"is_short":false,"open_timestamp":1749199500000,"close_timestamp":1749207600000,"orders":[{"amount":6.99,"safe_price":147.64,"ft_order_side":"buy","order_filled_timestamp":1749199500000,"ft_is_entry":true,"ft_order_tag":"","cost":1032.5196018},{"amount":6.99,"safe_price":148.44,"ft_order_side":"sell","order_filled_timestamp":1749207600000,"ft_is_entry":false,"ft_order_tag":"exit_signal","cost":1038.1143978}],"funding_fees":0.0},{"pair":"SOL/USDT:USDT","stake_amount":1036.692,"max_stake_amount":1036.692,"amount":6.96,"open_date":"2025-06-06 18:30:00+00:00","close_date":"2025-06-06 19:00:00+00:00","open_rate":148.95,"close_rate":148.82,"fee_open":0.0005,"fee_close":0.0005,"trade_duration":30,"profit_ratio":-0.001871404009307867,"profit_abs":-1.9410396,"exit_reason":"exit_signal","initial_stop_loss_abs":140.02,"initial_stop_loss_ratio":-0.06,"stop_loss_abs":140.02,"stop_loss_ratio":-0.06,"min_rate":148.32,"max_rate":149.35,"is_open":false,"enter_tag":"","leverage":1.0,"is_short":false,"open_timestamp":1749234600000,"close_timestamp":1749236400000,"orders":[{"amount":6.96,"safe_price":148.95,"ft_order_side":"buy","order_filled_timestamp":1749234600000,"ft_is_entry":true,"ft_order_tag":"","cost":1037.2103459999998},{"amount":6.96,"safe_price":148.82,"ft_order_side":"sell","order_filled_timestamp":1749236400000,"ft_is_entry":false,"ft_order_tag":"exit_signal","cost":1036.3050936}],"funding_fees":0.0},{"pair":"SOL/USDT:USDT","stake_amount":1035.045,"max_stake_amount":1035.045,"amount":6.97,"open_date":"2025-06-06 22:15:00+00:00","close_date":"2025-06-07 05:45:00+00:00","open_rate":148.5,"close_rate":151.0,"fee_open":0.0005,"fee_close":0.0005,"trade_duration":450,"profit_ratio":0.015756916193343604,"profit_abs":16.31727188,"exit_reason":"exit_signal","initial_stop_loss_abs":139.59,"initial_stop_loss_ratio":-0.06,"stop_loss_abs":139.59,"stop_loss_ratio":-0.06,"min_rate":146.84,"max_rate":151.29,"is_open":false,"enter_tag":"","leverage":1.0,"is_short":false,"open_timestamp":1749248100000,"close_timestamp":1749275100000,"orders":[{"amount":6.97,"safe_price":148.5,"ft_order_side":"buy","order_filled_timestamp":1749248100000,"ft_is_entry":true,"ft_order_tag":"","cost":1035.5625225000001},{"amount":6.97,"safe_price":151.0,"ft_order_side":"sell","order_filled_timestamp":1749275100000,"ft_is_entry":false,"ft_order_tag":"exit_signal","cost":1052.996235}],"funding_fees":-0.063970623059},{"pair":"SOL/USDT:USDT","stake_amount":1050.5792,"max_stake_amount":1050.5792,"amount":7.04,"open_date":"2025-06-08 08:00:00+00:00","close_date":"2025-06-08 15:00:00+00:00","open_rate":149.23,"close_rate":150.27,"fee_open":0.0005,"fee_close":0.0005,"trade_duration":420,"profit_ratio":0.005920705992197105,"profit_abs":6.22328065,"exit_reason":"exit_signal","initial_stop_loss_abs":140.28,"initial_stop_loss_ratio":-0.06,"stop_loss_abs":140.28,"stop_loss_ratio":-0.06,"min_rate":147.59,"max_rate":151.36,"is_open":false,"enter_tag":"","leverage":1.0,"is_short":false,"open_timestamp":1749369600000,"close_timestamp":1749394800000,"orders":[{"amount":7.04,"safe_price":149.23,"ft_order_side":"buy","order_filled_timestamp":1749369600000,"ft_is_entry":true,"ft_order_tag":"","cost":1051.1044895999999},{"amount":7.04,"safe_price":150.27,"ft_order_side":"sell","order_filled_timestamp":1749394800000,"ft_is_entry":false,"ft_order_tag":"exit_signal","cost":1058.4297504}],"funding_fees":-0.044079349248},{"pair":"SOL/USDT:USDT","stake_amount":1057.5552,"max_stake_amount":1057.5552,"amount":7.41,"open_date":"2025-06-13 06:30:00+00:00","close_date":"2025-06-13 10:30:00+00:00","open_rate":142.72,"close_rate":144.06,"fee_open":0.0005,"fee_close":0.0005,"trade_duration":240,"profit_ratio":0.00847421106436004,"profit_abs":8.96642695,"exit_reason":"exit_signal","initial_stop_loss_abs":134.16,"initial_stop_loss_ratio":-0.06,"stop_loss_abs":134.16,"stop_loss_ratio":-0.06,"min_rate":142.72,"max_rate":146.61,"is_open":false,"enter_tag":"","leverage":1.0,"is_short":false,"open_timestamp":1749796200000,"close_timestamp":1749810600000,"orders":[{"amount":7.41,"safe_price":142.72,"ft_order_side":"buy","order_filled_timestamp":1749796200000,"ft_is_entry":true,"ft_order_tag":"","cost":1058.0839776},{"amount":7.41,"safe_price":144.06,"ft_order_side":"sell","order_filled_timestamp":1749810600000,"ft_is_entry":false,"ft_order_tag":"exit_signal","cost":1068.0183422999999}],"funding_fees":0.09954684859858713},{"pair":"SOL/USDT:USDT","stake_amount":1065.8016,"max_stake_amount":1065.8016,"amount":7.36,"open_date":"2025-06-13 13:30:00+00:00","close_date":"2025-06-13 19:45:00+00:00","open_rate":144.81,"close_rate":144.96,"fee_open":0.0005,"fee_close":0.0005,"trade_duration":375,"profit_ratio":2.4502367672056104e-05,"profit_abs":0.02612772,"exit_reason":"exit_signal","initial_stop_loss_abs":136.13,"initial_stop_loss_ratio":-0.06,"stop_loss_abs":136.13,"stop_loss_ratio":-0.06,"min_rate":143.83,"max_rate":148.44,"is_open":false,"enter_tag":"","leverage":1.0,"is_short":false,"open_timestamp":1749821400000,"close_timestamp":1749843900000,"orders":[{"amount":7.36,"safe_price":144.81,"ft_order_side":"buy","order_filled_timestamp":1749821400000,"ft_is_entry":true,"ft_order_tag":"","cost":1066.3345008},{"amount":7.36,"safe_price":144.96,"ft_order_side":"sell","order_filled_timestamp":1749843900000,"ft_is_entry":false,"ft_order_tag":"exit_signal","cost":1067.4390528}],"funding_fees":-0.011518676736},{"pair":"SOL/USDT:USDT","stake_amount":1066.5475,"max_stake_amount":1066.5475,"amount":7.25,"open_date":"2025-06-14 01:15:00+00:00","close_date":"2025-06-14 03:00:00+00:00","open_rate":147.11,"close_rate":146.46,"fee_open":0.0005,"fee_close":0.0005,"trade_duration":105,"profit_ratio":-0.005413546370720561,"profit_abs":-5.77669125,"exit_reason":"exit_signal","initial_stop_loss_abs":138.29,"initial_stop_loss_ratio":-0.06,"stop_loss_abs":138.29,"stop_loss_ratio":-0.06,"min_rate":146.35,"max_rate":147.5,"is_open":false,"enter_tag":"","leverage":1.0,"is_short":false,"open_timestamp":1749863700000,"close_timestamp":1749870000000,"orders":[{"amount":7.25,"safe_price":147.11,"ft_order_side":"buy","order_filled_timestamp":1749863700000,"ft_is_entry":true,"ft_order_tag":"","cost":1067.0807737500002},{"amount":7.25,"safe_price":146.46,"ft_order_side":"sell","order_filled_timestamp":1749870000000,"ft_is_entry":false,"ft_order_tag":"exit_signal","cost":1062.3659175}],"funding_fees":0.0},{"pair":"SOL/USDT:USDT","stake_amount":1060.24,"max_stake_amount":1060.24,"amount":7.25,"open_date":"2025-06-14 06:30:00+00:00","close_date":"2025-06-14 09:00:00+00:00","open_rate":146.24,"close_rate":145.75,"fee_open":0.0005,"fee_close":0.0005,"trade_duration":150,"profit_ratio":-0.004368367747764238,"profit_abs":-4.63383398,"exit_reason":"exit_signal","initial_stop_loss_abs":137.47,"initial_stop_loss_ratio":-0.06,"stop_loss_abs":137.47,"stop_loss_ratio":-0.06,"min_rate":145.1,"max_rate":146.4,"is_open":false,"enter_tag":"","leverage":1.0,"is_short":false,"open_timestamp":1749882600000,"close_timestamp":1749891600000,"orders":[{"amount":7.25,"safe_price":146.24,"ft_order_side":"buy","order_filled_timestamp":1749882600000,"ft_is_entry":true,"ft_order_tag":"","cost":1060.77012},{"amount":7.25,"safe_price":145.75,"ft_order_side":"sell","order_filled_timestamp":1749891600000,"ft_is_entry":false,"ft_order_tag":"exit_signal","cost":1057.21584375}],"funding_fees":-0.022870233025000002},{"pair":"SOL/USDT:USDT","stake_amount":1056.4462,"max_stake_amount":1056.4462,"amount":7.34,"open_date":"2025-06-14 15:45:00+00:00","close_date":"2025-06-14 19:45:00+00:00","open_rate":143.93,"close_rate":144.1,"fee_open":0.0005,"fee_close":0.0005,"trade_duration":240,"profit_ratio":0.00018526424643813125,"profit_abs":0.19581957,"exit_reason":"exit_signal","initial_stop_loss_abs":135.3,"initial_stop_loss_ratio":-0.06,"stop_loss_abs":135.3,"stop_loss_ratio":-0.06,"min_rate":142.84,"max_rate":145.08,"is_open":false,"enter_tag":"","leverage":1.0,"is_short":false,"open_timestamp":1749915900000,"close_timestamp":1749930300000,"orders":[{"amount":7.34,"safe_price":143.93,"ft_order_side":"buy","order_filled_timestamp":1749915900000,"ft_is_entry":true,"ft_order_tag":"","cost":1056.9744231},{"amount":7.34,"safe_price":144.1,"ft_order_side":"sell","order_filled_timestamp":1749930300000,"ft_is_entry":false,"ft_order_tag":"exit_signal","cost":1058.222847}],"funding_fees":0.0050896693912560005},{"pair":"SOL/USDT:USDT","stake_amount":1056.1002,"max_stake_amount":1056.1002,"amount":7.43,"open_date":"2025-06-14 20:15:00+00:00","close_date":"2025-06-14 23:00:00+00:00","open_rate":142.14,"close_rate":144.22,"fee_open":0.0005,"fee_close":0.0005,"trade_duration":165,"profit_ratio":0.013619333572273944,"profit_abs":14.3905726,"exit_reason":"exit_signal","initial_stop_loss_abs":133.62,"initial_stop_loss_ratio":-0.06,"stop_loss_abs":133.62,"stop_loss_ratio":-0.06,"min_rate":141.87,"max_rate":144.86,"is_open":false,"enter_tag":"","leverage":1.0,"is_short":false,"open_timestamp":1749932100000,"close_timestamp":1749942000000,"orders":[{"amount":7.43,"safe_price":142.14,"ft_order_side":"buy","order_filled_timestamp":1749932100000,"ft_is_entry":true,"ft_order_tag":"","cost":1056.6282500999998},{"amount":7.43,"safe_price":144.22,"ft_order_side":"sell","order_filled_timestamp":1749942000000,"ft_is_entry":false,"ft_order_tag":"exit_signal","cost":1072.0903772999998}],"funding_fees":0.0},{"pair":"SOL/USDT:USDT","stake_amount":1070.8428,"max_stake_amount":1070.8428,"amount":7.32,"open_date":"2025-06-15 07:15:00+00:00","close_date":"2025-06-15 08:45:00+00:00","open_rate":146.29,"close_rate":145.29,"fee_open":0.0005,"fee_close":0.0005,"trade_duration":90,"profit_ratio":-0.007901473000765255,"profit_abs":-8.46546609,"exit_reason":"exit_signal","initial_stop_loss_abs":137.52,"initial_stop_loss_ratio":-0.06,"stop_loss_abs":137.52,"stop_loss_ratio":-0.06,"min_rate":145.04,"max_rate":146.3,"is_open":false,"enter_tag":"","leverage":1.0,"is_short":false,"open_timestamp":1749971700000,"close_timestamp":1749977100000,"orders":[{"amount":7.32,"safe_price":146.29,"ft_order_side":"buy","order_filled_timestamp":1749971700000,"ft_is_entry":true,"ft_order_tag":"","cost":1071.3782213999998},{"amount":7.32,"safe_price":145.29,"ft_order_side":"sell","order_filled_timestamp":1749977100000,"ft_is_entry":false,"ft_order_tag":"exit_signal","cost":1064.0545614}],"funding_fees":-0.078283292016},{"pair":"SOL/USDT:USDT","stake_amount":1062.2448,"max_stake_amount":1062.2448,"amount":7.34,"open_date":"2025-06-15 09:30:00+00:00","close_date":"2025-06-15 13:00:00+00:00","open_rate":144.72,"close_rate":147.6,"fee_open":0.0005,"fee_close":0.0005,"trade_duration":210,"profit_ratio":0.01888110671032643,"profit_abs":20.0663856,"exit_reason":"exit_signal","initial_stop_loss_abs":136.04,"initial_stop_loss_ratio":-0.06,"stop_loss_abs":136.04,"stop_loss_ratio":-0.06,"min_rate":144.15,"max_rate":147.79,"is_open":false,"enter_tag":"","leverage":1.0,"is_short":false,"open_timestamp":1749979800000,"close_timestamp":1749992400000,"orders":[{"amount":7.34,"safe_price":144.72,"ft_order_side":"buy","order_filled_timestamp":1749979800000,"ft_is_entry":true,"ft_order_tag":"","cost":1062.7759224},{"amount":7.34,"safe_price":147.6,"ft_order_side":"sell","order_filled_timestamp":1749992400000,"ft_is_entry":false,"ft_order_tag":"exit_signal","cost":1083.925692}],"funding_fees":0.0},{"pair":"SOL/USDT:USDT","stake_amount":1082.5386,"max_stake_amount":1082.5386,"amount":7.26,"open_date":"2025-06-15 20:45:00+00:00","close_date":"2025-06-15 23:45:00+00:00","open_rate":149.11,"close_rate":152.69,"fee_open":0.0005,"fee_close":0.0005,"trade_duration":180,"profit_ratio":0.022985623411217068,"profit_abs":24.895266,"exit_reason":"exit_signal","initial_stop_loss_abs":140.17,"initial_stop_loss_ratio":-0.06,"stop_loss_abs":140.17,"stop_loss_ratio":-0.06,"min_rate":148.07,"max_rate":152.95,"is_open":false,"enter_tag":"","leverage":1.0,"is_short":false,"open_timestamp":1750020300000,"close_timestamp":1750031100000,"orders":[{"amount":7.26,"safe_price":149.11,"ft_order_side":"buy","order_filled_timestamp":1750020300000,"ft_is_entry":true,"ft_order_tag":"","cost":1083.0798693},{"amount":7.26,"safe_price":152.69,"ft_order_side":"sell","order_filled_timestamp":1750031100000,"ft_is_entry":false,"ft_order_tag":"exit_signal","cost":1109.0836646999999}],"funding_fees":0.0},{"pair":"SOL/USDT:USDT","stake_amount":1106.921,"max_stake_amount":1106.921,"amount":7.45,"open_date":"2025-06-17 00:15:00+00:00","close_date":"2025-06-17 01:30:00+00:00","open_rate":148.58,"close_rate":151.08,"fee_open":0.0005,"fee_close":0.0005,"trade_duration":75,"profit_ratio":0.01580963455545077,"profit_abs":17.5087665,"exit_reason":"exit_signal","initial_stop_loss_abs":139.67,"initial_stop_loss_ratio":-0.06,"stop_loss_abs":139.67,"stop_loss_ratio":-0.06,"min_rate":147.41,"max_rate":152.22,"is_open":false,"enter_tag":"","leverage":1.0,"is_short":false,"open_timestamp":1750119300000,"close_timestamp":1750123800000,"orders":[{"amount":7.45,"safe_price":148.58,"ft_order_side":"buy","order_filled_timestamp":1750119300000,"ft_is_entry":true,"ft_order_tag":"","cost":1107.4744605},{"amount":7.45,"safe_price":151.08,"ft_order_side":"sell","order_filled_timestamp":1750123800000,"ft_is_entry":false,"ft_order_tag":"exit_signal","cost":1126.108773}],"funding_fees":0.0},{"pair":"SOL/USDT:USDT","stake_amount":1124.55,"max_stake_amount":1124.55,"amount":7.56,"open_date":"2025-06-17 15:00:00+00:00","close_date":"2025-06-17 18:15:00+00:00","open_rate":148.75,"close_rate":146.43,"fee_open":0.0005,"fee_close":0.0005,"trade_duration":195,"profit_ratio":-0.016633314341895345,"profit_abs":-18.71434614,"exit_reason":"exit_signal","initial_stop_loss_abs":139.83,"initial_stop_loss_ratio":-0.06,"stop_loss_abs":139.83,"stop_loss_ratio":-0.06,"min_rate":145.55,"max_rate":148.97,"is_open":false,"enter_tag":"","leverage":1.0,"is_short":false,"open_timestamp":1750172400000,"close_timestamp":1750184100000,"orders":[{"amount":7.56,"safe_price":148.75,"ft_order_side":"buy","order_filled_timestamp":1750172400000,"ft_is_entry":true,"ft_order_tag":"","cost":1125.112275},{"amount":7.56,"safe_price":146.43,"ft_order_side":"sell","order_filled_timestamp":1750184100000,"ft_is_entry":false,"ft_order_tag":"exit_signal","cost":1107.5643054}],"funding_fees":-0.05936573916},{"pair":"SOL/USDT:USDT","stake_amount":1104.775,"max_stake_amount":1104.775,"amount":7.49,"open_date":"2025-06-17 21:15:00+00:00","close_date":"2025-06-17 22:00:00+00:00","open_rate":147.5,"close_rate":147.74,"fee_open":0.0005,"fee_close":0.0005,"trade_duration":45,"profit_ratio":0.000625992088701412,"profit_abs":0.6919262,"exit_reason":"exit_signal","initial_stop_loss_abs":138.65,"initial_stop_loss_ratio":-0.06,"stop_loss_abs":138.65,"stop_loss_ratio":-0.06,"min_rate":146.63,"max_rate":148.49,"is_open":false,"enter_tag":"","leverage":1.0,"is_short":false,"open_timestamp":1750194900000,"close_timestamp":1750197600000,"orders":[{"amount":7.49,"safe_price":147.5,"ft_order_side":"buy","order_filled_timestamp":1750194900000,"ft_is_entry":true,"ft_order_tag":"","cost":1105.3273875},{"amount":7.49,"safe_price":147.74,"ft_order_side":"sell","order_filled_timestamp":1750197600000,"ft_is_entry":false,"ft_order_tag":"exit_signal","cost":1107.1258863}],"funding_fees":0.0},{"pair":"SOL/USDT:USDT","stake_amount":1106.679,"max_stake_amount":1106.679,"amount":7.55,"open_date":"2025-06-18 00:30:00+00:00","close_date":"2025-06-18 02:00:00+00:00","open_rate":146.58,"close_rate":147.49,"fee_open":0.0005,"fee_close":0.0005,"trade_duration":90,"profit_ratio":0.005202508583339658,"profit_abs":5.76038575,"exit_reason":"exit_signal","initial_stop_loss_abs":137.79,"initial_stop_loss_ratio":-0.06,"stop_loss_abs":137.79,"stop_loss_ratio":-0.06,"min_rate":146.47,"max_rate":149.04,"is_open":false,"enter_tag":"","leverage":1.0,"is_short":false,"open_timestamp":1750206600000,"close_timestamp":1750212000000,"orders":[{"amount":7.55,"safe_price":146.58,"ft_order_side":"buy","order_filled_timestamp":1750206600000,"ft_is_entry":true,"ft_order_tag":"","cost":1107.2323395},{"amount":7.55,"safe_price":147.49,"ft_order_side":"sell","order_filled_timestamp":1750212000000,"ft_is_entry":false,"ft_order_tag":"exit_signal","cost":1114.10627475}],"funding_fees":0.0},{"pair":"SOL/USDT:USDT","stake_amount":1111.6539,"max_stake_amount":1111.6539,"amount":7.53,"open_date":"2025-06-18 06:30:00+00:00","close_date":"2025-06-18 16:00:00+00:00","open_rate":147.63,"close_rate":145.67,"fee_open":0.0005,"fee_close":0.0005,"trade_duration":570,"profit_ratio":-0.014235098764526229,"profit_abs":-15.83241531,"exit_reason":"exit_signal","initial_stop_loss_abs":138.78,"initial_stop_loss_ratio":-0.06,"stop_loss_abs":138.78,"stop_loss_ratio":-0.06,"min_rate":143.69,"max_rate":148.5,"is_open":false,"enter_tag":"","leverage":1.0,"is_short":false,"open_timestamp":1750228200000,"close_timestamp":1750262400000,"orders":[{"amount":7.53,"safe_price":147.63,"ft_order_side":"buy","order_filled_timestamp":1750228200000,"ft_is_entry":true,"ft_order_tag":"","cost":1112.20972695},{"amount":7.53,"safe_price":145.67,"ft_order_side":"sell","order_filled_timestamp":1750262400000,"ft_is_entry":false,"ft_order_tag":"exit_signal","cost":1097.44354755}],"funding_fees":0.03065918819846525},{"pair":"SOL/USDT:USDT","stake_amount":1096.4865,"max_stake_amount":1096.4865,"amount":7.55,"open_date":"2025-06-18 18:15:00+00:00","close_date":"2025-06-18 18:30:00+00:00","open_rate":145.23,"close_rate":144.95,"fee_open":0.0005,"fee_close":0.0005,"trade_duration":15,"profit_ratio":-0.0029255495505018957,"profit_abs":-3.2094295,"exit_reason":"exit_signal","initial_stop_loss_abs":136.52,"initial_stop_loss_ratio":-0.06,"stop_loss_abs":136.52,"stop_loss_ratio":-0.06,"min_rate":144.58,"max_rate":145.94,"is_open":false,"enter_tag":"","leverage":1.0,"is_short":false,"open_timestamp":1750270500000,"close_timestamp":1750271400000,"orders":[{"amount":7.55,"safe_price":145.23,"ft_order_side":"buy","order_filled_timestamp":1750270500000,"ft_is_entry":true,"ft_order_tag":"","cost":1097.03474325},{"amount":7.55,"safe_price":144.95,"ft_order_side":"sell","order_filled_timestamp":1750271400000,"ft_is_entry":false,"ft_order_tag":"exit_signal","cost":1094.9196862499998}],"funding_fees":0.0},{"pair":"SOL/USDT:USDT","stake_amount":1093.564,"max_stake_amount":1093.564,"amount":7.6,"open_date":"2025-06-18 19:00:00+00:00","close_date":"2025-06-18 21:45:00+00:00","open_rate":143.89,"close_rate":146.87,"fee_open":0.0005,"fee_close":0.0005,"trade_duration":165,"profit_ratio":0.019690064620896865,"profit_abs":21.543112,"exit_reason":"exit_signal","initial_stop_loss_abs":135.26,"initial_stop_loss_ratio":-0.06,"stop_loss_abs":135.26,"stop_loss_ratio":-0.06,"min_rate":143.58,"max_rate":147.8,"is_open":false,"enter_tag":"","leverage":1.0,"is_short":false,"open_timestamp":1750273200000,"close_timestamp":1750283100000,"orders":[{"amount":7.6,"safe_price":143.89,"ft_order_side":"buy","order_filled_timestamp":1750273200000,"ft_is_entry":true,"ft_order_tag":"","cost":1094.1107819999997},{"amount":7.6,"safe_price":146.87,"ft_order_side":"sell","order_filled_timestamp":1750283100000,"ft_is_entry":false,"ft_order_tag":"exit_signal","cost":1116.770106}],"funding_fees":0.0},{"pair":"SOL/USDT:USDT","stake_amount":1113.6748,"max_stake_amount":1113.6748,"amount":7.63,"open_date":"2025-06-18 23:45:00+00:00","close_date":"2025-06-19 03:45:00+00:00","open_rate":145.96,"close_rate":146.3,"fee_open":0.0005,"fee_close":0.0005,"trade_duration":240,"profit_ratio":0.0012989985667409304,"profit_abs":1.4473853,"exit_reason":"exit_signal","initial_stop_loss_abs":137.21,"initial_stop_loss_ratio":-0.06,"stop_loss_abs":137.21,"stop_loss_ratio":-0.06,"min_rate":144.9,"max_rate":147.83,"is_open":false,"enter_tag":"","leverage":1.0,"is_short":false,"open_timestamp":1750290300000,"close_timestamp":1750304700000,"orders":[{"amount":7.63,"safe_price":145.96,"ft_order_side":"buy","order_filled_timestamp":1750290300000,"ft_is_entry":true,"ft_order_tag":"","cost":1114.2316374},{"amount":7.63,"safe_price":146.3,"ft_order_side":"sell","order_filled_timestamp":1750304700000,"ft_is_entry":false,"ft_order_tag":"exit_signal","cost":1116.8271345}],"funding_fees":-0.031842800892},{"pair":"SOL/USDT:USDT","stake_amount":1115.9055,"max_stake_amount":1115.9055,"amount":7.65,"open_date":"2025-06-19 06:00:00+00:00","close_date":"2025-06-19 07:45:00+00:00","open_rate":145.87,"close_rate":145.16,"fee_open":0.0005,"fee_close":0.0005,"trade_duration":105,"profit_ratio":-0.005861982973002427,"profit_abs":-6.54468975,"exit_reason":"exit_signal","initial_stop_loss_abs":137.12,"initial_stop_loss_ratio":-0.06,"stop_loss_abs":137.12,"stop_loss_ratio":-0.06,"min_rate":144.93,"max_rate":146.12,"is_open":false,"enter_tag":"","leverage":1.0,"is_short":false,"open_timestamp":1750312800000,"close_timestamp":1750319100000,"orders":[{"amount":7.65,"safe_price":145.87,"ft_order_side":"buy","order_filled_timestamp":1750312800000,"ft_is_entry":true,"ft_order_tag":"","cost":1116.46345275},{"amount":7.65,"safe_price":145.16,"ft_order_side":"sell","order_filled_timestamp":1750319100000,"ft_is_entry":false,"ft_order_tag":"exit_signal","cost":1111.029237}],"funding_fees":0.0},{"pair":"SOL/USDT:USDT","stake_amount":1109.1672,"max_stake_amount":1109.1672,"amount":7.62,"open_date":"2025-06-19 11:15:00+00:00","close_date":"2025-06-19 17:30:00+00:00","open_rate":145.56,"close_rate":143.56,"fee_open":0.0005,"fee_close":0.0005,"trade_duration":375,"profit_ratio":-0.014736367116223562,"profit_abs":-16.3532676,"exit_reason":"exit_signal","initial_stop_loss_abs":136.83,"initial_stop_loss_ratio":-0.06,"stop_loss_abs":136.83,"stop_loss_ratio":-0.06,"min_rate":142.83,"max_rate":145.68,"is_open":false,"enter_tag":"","leverage":1.0,"is_short":false,"open_timestamp":1750331700000,"close_timestamp":1750354200000,"orders":[{"amount":7.62,"safe_price":145.56,"ft_order_side":"buy","order_filled_timestamp":1750331700000,"ft_is_entry":true,"ft_order_tag":"","cost":1109.7217836},{"amount":7.62,"safe_price":143.56,"ft_order_side":"sell","order_filled_timestamp":1750354200000,"ft_is_entry":false,"ft_order_tag":"exit_signal","cost":1094.4741636}],"funding_fees":-0.011720398200000003},{"pair":"SOL/USDT:USDT","stake_amount":1093.2,"max_stake_amount":1093.2,"amount":7.5,"open_date":"2025-06-20 02:45:00+00:00","close_date":"2025-06-20 03:45:00+00:00","open_rate":145.76,"close_rate":145.62,"fee_open":0.0005,"fee_close":0.0005,"trade_duration":60,"profit_ratio":-0.001959023232620792,"profit_abs":-2.142675,"exit_reason":"exit_signal","initial_stop_loss_abs":137.02,"initial_stop_loss_ratio":-0.06,"stop_loss_abs":137.02,"stop_loss_ratio":-0.06,"min_rate":145.35,"max_rate":146.0,"is_open":false,"enter_tag":"","leverage":1.0,"is_short":false,"open_timestamp":1750387500000,"close_timestamp":1750391100000,"orders":[{"amount":7.5,"safe_price":145.76,"ft_order_side":"buy","order_filled_timestamp":1750387500000,"ft_is_entry":true,"ft_order_tag":"","cost":1093.7465999999997},{"amount":7.5,"safe_price":145.62,"ft_order_side":"sell","order_filled_timestamp":1750391100000,"ft_is_entry":false,"ft_order_tag":"exit_signal","cost":1092.696075}],"funding_fees":0.0},{"pair":"SOL/USDT:USDT","stake_amount":1090.2496,"max_stake_amount":1090.2496,"amount":7.52,"open_date":"2025-06-20 04:30:00+00:00","close_date":"2025-06-20 08:00:00+00:00","open_rate":144.98,"close_rate":147.4,"fee_open":0.0005,"fee_close":0.0005,"trade_duration":210,"profit_ratio":0.015634211728633763,"profit_abs":17.05371568,"exit_reason":"exit_signal","initial_stop_loss_abs":136.29,"initial_stop_loss_ratio":-0.06,"stop_loss_abs":136.29,"stop_loss_ratio":-0.06,"min_rate":144.21,"max_rate":148.22,"is_open":false,"enter_tag":"","leverage":1.0,"is_short":false,"open_timestamp":1750393800000,"close_timestamp":1750406400000,"orders":[{"amount":7.52,"safe_price":144.98,"ft_order_side":"buy","order_filled_timestamp":1750393800000,"ft_is_entry":true,"ft_order_tag":"","cost":1090.7947247999998},{"amount":7.52,"safe_price":147.4,"ft_order_side":"sell","order_filled_timestamp":1750406400000,"ft_is_entry":false,"ft_order_tag":"exit_signal","cost":1109.002224}],"funding_fees":-0.0453355232},{"pair":"SOL/USDT:USDT","stake_amount":1107.1993,"max_stake_amount":1107.1993,"amount":7.51,"open_date":"2025-06-20 13:00:00+00:00","close_date":"2025-06-20 17:15:00+00:00","open_rate":147.43,"close_rate":138.59,"fee_open":0.0005,"fee_close":0.0005,"trade_duration":255,"profit_ratio":-0.06091419478235622,"profit_abs":-67.4778759,"exit_reason":"stop_loss","initial_stop_loss_abs":138.59,"initial_stop_loss_ratio":-0.06,"stop_loss_abs":138.59,"stop_loss_ratio":-0.06,"min_rate":135.7,"max_rate":147.91,"is_open":false,"enter_tag":"","leverage":1.0,"is_short":false,"open_timestamp":1750424400000,"close_timestamp":1750439700000,"orders":[{"amount":7.51,"safe_price":147.43,"ft_order_side":"buy","order_filled_timestamp":1750424400000,"ft_is_entry":true,"ft_order_tag":"","cost":1107.75289965},{"amount":7.51,"safe_price":138.59,"ft_order_side":"sell","order_filled_timestamp":1750439700000,"ft_is_entry":false,"ft_order_tag":"stop_loss","cost":1041.33130545}],"funding_fees":-0.015470801267999998},{"pair":"SUI/USDT:USDT","stake_amount":1041.4372,"max_stake_amount":1041.4372,"amount":382.6,"open_date":"2025-06-20 17:15:00+00:00","close_date":"2025-06-20 18:45:00+00:00","open_rate":2.722,"close_rate":2.7243,"fee_open":0.0005,"fee_close":0.0005,"trade_duration":90,"profit_ratio":-0.0001553778584623926,"profit_abs":-0.16189719,"exit_reason":"exit_signal","initial_stop_loss_abs":2.5587,"initial_stop_loss_ratio":-0.06,"stop_loss_abs":2.5587,"stop_loss_ratio":-0.06,"min_rate":2.6474,"max_rate":2.736,"is_open":false,"enter_tag":"","leverage":1.0,"is_short":false,"open_timestamp":1750439700000,"close_timestamp":1750445100000,"orders":[{"amount":382.6,"safe_price":2.722,"ft_order_side":"buy","order_filled_timestamp":1750439700000,"ft_is_entry":true,"ft_order_tag":"","cost":1041.9579186},{"amount":382.6,"safe_price":2.7243,"ft_order_side":"sell","order_filled_timestamp":1750445100000,"ft_is_entry":false,"ft_order_tag":"exit_signal","cost":1042.83833859}],"funding_fees":0.0},{"pair":"ETH/USDT:USDT","stake_amount":1039.98552,"max_stake_amount":1039.98552,"amount":0.434,"open_date":"2025-06-20 22:45:00+00:00","close_date":"2025-06-21 00:00:00+00:00","open_rate":2396.28,"close_rate":2405.43,"fee_open":0.0005,"fee_close":0.0005,"trade_duration":75,"profit_ratio":0.0028651672993948276,"profit_abs":2.98122237,"exit_reason":"exit_signal","initial_stop_loss_abs":2252.51,"initial_stop_loss_ratio":-0.06,"stop_loss_abs":2252.51,"stop_loss_ratio":-0.06,"min_rate":2380.0,"max_rate":2406.38,"is_open":false,"enter_tag":"","leverage":1.0,"is_short":false,"open_timestamp":1750459500000,"close_timestamp":1750464000000,"orders":[{"amount":0.434,"safe_price":2396.28,"ft_order_side":"buy","order_filled_timestamp":1750459500000,"ft_is_entry":true,"ft_order_tag":"","cost":1040.50551276},{"amount":0.434,"safe_price":2405.43,"ft_order_side":"sell","order_filled_timestamp":1750464000000,"ft_is_entry":false,"ft_order_tag":"exit_signal","cost":1044.4785983099998}],"funding_fees":0.052093435337999996},{"pair":"SOL/USDT:USDT","stake_amount":1043.7084,"max_stake_amount":1043.7084,"amount":7.47,"open_date":"2025-06-21 00:15:00+00:00","close_date":"2025-06-21 01:00:00+00:00","open_rate":139.72,"close_rate":139.85,"fee_open":0.0005,"fee_close":0.0005,"trade_duration":45,"profit_ratio":-6.999792402682141e-05,"profit_abs":-0.07309395,"exit_reason":"exit_signal","initial_stop_loss_abs":131.34,"initial_stop_loss_ratio":-0.06,"stop_loss_abs":131.34,"stop_loss_ratio":-0.06,"min_rate":139.44,"max_rate":140.38,"is_open":false,"enter_tag":"","leverage":1.0,"is_short":false,"open_timestamp":1750464900000,"close_timestamp":1750467600000,"orders":[{"amount":7.47,"safe_price":139.72,"ft_order_side":"buy","order_filled_timestamp":1750464900000,"ft_is_entry":true,"ft_order_tag":"","cost":1044.2302542},{"amount":7.47,"safe_price":139.85,"ft_order_side":"sell","order_filled_timestamp":1750467600000,"ft_is_entry":false,"ft_order_tag":"exit_signal","cost":1045.2018397499999}],"funding_fees":0.0},{"pair":"SOL/USDT:USDT","stake_amount":1044.027,"max_stake_amount":1044.027,"amount":7.46,"open_date":"2025-06-21 07:15:00+00:00","close_date":"2025-06-21 07:30:00+00:00","open_rate":139.95,"close_rate":140.14,"fee_open":0.0005,"fee_close":0.0005,"trade_duration":15,"profit_ratio":0.00035677052506258484,"profit_abs":0.3726643,"exit_reason":"exit_signal","initial_stop_loss_abs":131.56,"initial_stop_loss_ratio":-0.06,"stop_loss_abs":131.56,"stop_loss_ratio":-0.06,"min_rate":139.85,"max_rate":140.35,"is_open":false,"enter_tag":"","leverage":1.0,"is_short":false,"open_timestamp":1750490100000,"close_timestamp":1750491000000,"orders":[{"amount":7.46,"safe_price":139.95,"ft_order_side":"buy","order_filled_timestamp":1750490100000,"ft_is_entry":true,"ft_order_tag":"","cost":1044.5490134999998},{"amount":7.46,"safe_price":140.14,"ft_order_side":"sell","order_filled_timestamp":1750491000000,"ft_is_entry":false,"ft_order_tag":"exit_signal","cost":1045.9671221999997}],"funding_fees":0.0},{"pair":"SUI/USDT:USDT","stake_amount":1044.58498,"max_stake_amount":1044.58498,"amount":382.1,"open_date":"2025-06-21 08:15:00+00:00","close_date":"2025-06-21 11:15:00+00:00","open_rate":2.7338,"close_rate":2.7281,"fee_open":0.0005,"fee_close":0.0005,"trade_duration":180,"profit_ratio":-0.0030824261631294163,"profit_abs":-3.221466,"exit_reason":"exit_signal","initial_stop_loss_abs":2.5698,"initial_stop_loss_ratio":-0.06,"stop_loss_abs":2.5698,"stop_loss_ratio":-0.06,"min_rate":2.7191,"max_rate":2.7538,"is_open":false,"enter_tag":"","leverage":1.0,"is_short":false,"open_timestamp":1750493700000,"close_timestamp":1750504500000,"orders":[{"amount":382.1,"safe_price":2.7338,"ft_order_side":"buy","order_filled_timestamp":1750493700000,"ft_is_entry":true,"ft_order_tag":"","cost":1045.10727249},{"amount":382.1,"safe_price":2.7281,"ft_order_side":"sell","order_filled_timestamp":1750504500000,"ft_is_entry":false,"ft_order_tag":"exit_signal","cost":1042.928213505}],"funding_fees":0.0},{"pair":"SUI/USDT:USDT","stake_amount":1041.28592,"max_stake_amount":1041.28592,"amount":381.2,"open_date":"2025-06-21 12:15:00+00:00","close_date":"2025-06-21 17:15:00+00:00","open_rate":2.7316,"close_rate":2.6369,"fee_open":0.0005,"fee_close":0.0005,"trade_duration":300,"profit_ratio":-0.03567058639409514,"profit_abs":-37.16185101,"exit_reason":"exit_signal","initial_stop_loss_abs":2.5678,"initial_stop_loss_ratio":-0.06,"stop_loss_abs":2.5678,"stop_loss_ratio":-0.06,"min_rate":2.6116,"max_rate":2.7319,"is_open":false,"enter_tag":"","leverage":1.0,"is_short":false,"open_timestamp":1750508100000,"close_timestamp":1750526100000,"orders":[{"amount":381.2,"safe_price":2.7316,"ft_order_side":"buy","order_filled_timestamp":1750508100000,"ft_is_entry":true,"ft_order_tag":"","cost":1041.8065629599998},{"amount":381.2,"safe_price":2.6369,"ft_order_side":"sell","order_filled_timestamp":1750526100000,"ft_is_entry":false,"ft_order_tag":"exit_signal","cost":1005.6888731399998}],"funding_fees":-0.0389749103784},{"pair":"SOL/USDT:USDT","stake_amount":1004.544,"max_stake_amount":1004.544,"amount":7.2,"open_date":"2025-06-21 17:30:00+00:00","close_date":"2025-06-21 19:15:00+00:00","open_rate":139.52,"close_rate":137.81,"fee_open":0.0005,"fee_close":0.0005,"trade_duration":105,"profit_ratio":-0.013243557407076277,"profit_abs":-13.310388,"exit_reason":"exit_signal","initial_stop_loss_abs":131.15,"initial_stop_loss_ratio":-0.06,"stop_loss_abs":131.15,"stop_loss_ratio":-0.06,"min_rate":137.29,"max_rate":139.58,"is_open":false,"enter_tag":"","leverage":1.0,"is_short":false,"open_timestamp":1750527000000,"close_timestamp":1750533300000,"orders":[{"amount":7.2,"safe_price":139.52,"ft_order_side":"buy","order_filled_timestamp":1750527000000,"ft_is_entry":true,"ft_order_tag":"","cost":1005.046272},{"amount":7.2,"safe_price":137.81,"ft_order_side":"sell","order_filled_timestamp":1750533300000,"ft_is_entry":false,"ft_order_tag":"exit_signal","cost":992.728116}],"funding_fees":0.0},{"pair":"ETH/USDT:USDT","stake_amount":989.71254,"max_stake_amount":989.71254,"amount":0.414,"open_date":"2025-06-21 19:15:00+00:00","close_date":"2025-06-21 21:30:00+00:00","open_rate":2390.61,"close_rate":2247.18,"fee_open":0.0005,"fee_close":0.0005,"trade_duration":135,"profit_ratio":-0.060936772192668076,"profit_abs":-60.34004253,"exit_reason":"stop_loss","initial_stop_loss_abs":2247.18,"initial_stop_loss_ratio":-0.06,"stop_loss_abs":2247.18,"stop_loss_ratio":-0.06,"min_rate":2230.0,"max_rate":2408.1,"is_open":false,"enter_tag":"","leverage":1.0,"is_short":false,"open_timestamp":1750533300000,"close_timestamp":1750541400000,"orders":[{"amount":0.414,"safe_price":2390.61,"ft_order_side":"buy","order_filled_timestamp":1750533300000,"ft_is_entry":true,"ft_order_tag":"","cost":990.2073962699999},{"amount":0.414,"safe_price":2247.18,"ft_order_side":"sell","order_filled_timestamp":1750541400000,"ft_is_entry":false,"ft_order_tag":"stop_loss","cost":930.7976862599999}],"funding_fees":0.0},{"pair":"ETH/USDT:USDT","stake_amount":930.29,"max_stake_amount":930.29,"amount":0.41,"open_date":"2025-06-22 07:45:00+00:00","close_date":"2025-06-22 09:45:00+00:00","open_rate":2269.0,"close_rate":2256.58,"fee_open":0.0005,"fee_close":0.0005,"trade_duration":120,"profit_ratio":-0.006450200111437472,"profit_abs":-6.00355694,"exit_reason":"exit_signal","initial_stop_loss_abs":2132.86,"initial_stop_loss_ratio":-0.06,"stop_loss_abs":2132.86,"stop_loss_ratio":-0.06,"min_rate":2233.34,"max_rate":2279.08,"is_open":false,"enter_tag":"","leverage":1.0,"is_short":false,"open_timestamp":1750578300000,"close_timestamp":1750585500000,"orders":[{"amount":0.41,"safe_price":2269.0,"ft_order_side":"buy","order_filled_timestamp":1750578300000,"ft_is_entry":true,"ft_order_tag":"","cost":930.7551449999999},{"amount":0.41,"safe_price":2256.58,"ft_order_side":"sell","order_filled_timestamp":1750585500000,"ft_is_entry":false,"ft_order_tag":"exit_signal","cost":925.6603988999999}],"funding_fees":0.016386955563},{"pair":"SUI/USDT:USDT","stake_amount":925.77979,"max_stake_amount":925.77979,"amount":365.3,"open_date":"2025-06-22 10:00:00+00:00","close_date":"2025-06-22 12:45:00+00:00","open_rate":2.5343,"close_rate":2.5113,"fee_open":0.0005,"fee_close":0.0005,"trade_duration":165,"profit_ratio":-0.010065913655648993,"profit_abs":-9.32347884,"exit_reason":"exit_signal","initial_stop_loss_abs":2.3823,"initial_stop_loss_ratio":-0.06,"stop_loss_abs":2.3823,"stop_loss_ratio":-0.06,"min_rate":2.5036,"max_rate":2.5784,"is_open":false,"enter_tag":"","leverage":1.0,"is_short":false,"open_timestamp":1750586400000,"close_timestamp":1750596300000,"orders":[{"amount":365.3,"safe_price":2.5343,"ft_order_side":"buy","order_filled_timestamp":1750586400000,"ft_is_entry":true,"ft_order_tag":"","cost":926.242679895},{"amount":365.3,"safe_price":2.5113,"ft_order_side":"sell","order_filled_timestamp":1750596300000,"ft_is_entry":false,"ft_order_tag":"exit_signal","cost":917.8365789449999}],"funding_fees":0.0},{"pair":"SUI/USDT:USDT","stake_amount":916.47556,"max_stake_amount":916.47556,"amount":361.9,"open_date":"2025-06-22 13:00:00+00:00","close_date":"2025-06-22 13:15:00+00:00","open_rate":2.5324,"close_rate":2.513,"fee_open":0.0005,"fee_close":0.0005,"trade_duration":15,"profit_ratio":-0.008652560467515414,"profit_abs":-7.93382513,"exit_reason":"exit_signal","initial_stop_loss_abs":2.3805,"initial_stop_loss_ratio":-0.06,"stop_loss_abs":2.3805,"stop_loss_ratio":-0.06,"min_rate":2.4137,"max_rate":2.5437,"is_open":false,"enter_tag":"","leverage":1.0,"is_short":false,"open_timestamp":1750597200000,"close_timestamp":1750598100000,"orders":[{"amount":361.9,"safe_price":2.5324,"ft_order_side":"buy","order_filled_timestamp":1750597200000,"ft_is_entry":true,"ft_order_tag":"","cost":916.93379778},{"amount":361.9,"safe_price":2.513,"ft_order_side":"sell","order_filled_timestamp":1750598100000,"ft_is_entry":false,"ft_order_tag":"exit_signal","cost":909.9094273499999}],"funding_fees":0.0},{"pair":"SOL/USDT:USDT","stake_amount":907.4688,"max_stake_amount":907.4688,"amount":6.33,"open_date":"2025-06-24 03:30:00+00:00","close_date":"2025-06-24 04:45:00+00:00","open_rate":143.36,"close_rate":143.11,"fee_open":0.0005,"fee_close":0.0005,"trade_duration":75,"profit_ratio":-0.0027416188669058326,"profit_abs":-2.48917755,"exit_reason":"exit_signal","initial_stop_loss_abs":134.76,"initial_stop_loss_ratio":-0.06,"stop_loss_abs":134.76,"stop_loss_ratio":-0.06,"min_rate":142.76,"max_rate":143.49,"is_open":false,"enter_tag":"","leverage":1.0,"is_short":false,"open_timestamp":1750735800000,"close_timestamp":1750740300000,"orders":[{"amount":6.33,"safe_price":143.36,"ft_order_side":"buy","order_filled_timestamp":1750735800000,"ft_is_entry":true,"ft_order_tag":"","cost":907.9225344},{"amount":6.33,"safe_price":143.11,"ft_order_side":"sell","order_filled_timestamp":1750740300000,"ft_is_entry":false,"ft_order_tag":"exit_signal","cost":906.33924315}],"funding_fees":0.0},{"pair":"ETH/USDT:USDT","stake_amount":905.69349,"max_stake_amount":905.69349,"amount":0.377,"open_date":"2025-06-24 07:45:00+00:00","close_date":"2025-06-24 09:00:00+00:00","open_rate":2402.37,"close_rate":2402.39,"fee_open":0.0005,"fee_close":0.0005,"trade_duration":75,"profit_ratio":-0.0010031356229560078,"profit_abs":-0.90898767,"exit_reason":"exit_signal","initial_stop_loss_abs":2258.23,"initial_stop_loss_ratio":-0.06,"stop_loss_abs":2258.23,"stop_loss_ratio":-0.06,"min_rate":2374.9,"max_rate":2411.5,"is_open":false,"enter_tag":"","leverage":1.0,"is_short":false,"open_timestamp":1750751100000,"close_timestamp":1750755600000,"orders":[{"amount":0.377,"safe_price":2402.37,"ft_order_side":"buy","order_filled_timestamp":1750751100000,"ft_is_entry":true,"ft_order_tag":"","cost":906.146336745},{"amount":0.377,"safe_price":2402.39,"ft_order_side":"sell","order_filled_timestamp":1750755600000,"ft_is_entry":false,"ft_order_tag":"exit_signal","cost":906.1538805149999}],"funding_fees":-0.01083041357291274},{"pair":"SOL/USDT:USDT","stake_amount":904.4091,"max_stake_amount":904.4091,"amount":6.23,"open_date":"2025-06-24 09:30:00+00:00","close_date":"2025-06-24 11:00:00+00:00","open_rate":145.17,"close_rate":144.0,"fee_open":0.0005,"fee_close":0.0005,"trade_duration":90,"profit_ratio":-0.009050961190204649,"profit_abs":-8.18986455,"exit_reason":"exit_signal","initial_stop_loss_abs":136.46,"initial_stop_loss_ratio":-0.06,"stop_loss_abs":136.46,"stop_loss_ratio":-0.06,"min_rate":143.21,"max_rate":145.45,"is_open":false,"enter_tag":"","leverage":1.0,"is_short":false,"open_timestamp":1750757400000,"close_timestamp":1750762800000,"orders":[{"amount":6.23,"safe_price":145.17,"ft_order_side":"buy","order_filled_timestamp":1750757400000,"ft_is_entry":true,"ft_order_tag":"","cost":904.8613045499999},{"amount":6.23,"safe_price":144.0,"ft_order_side":"sell","order_filled_timestamp":1750762800000,"ft_is_entry":false,"ft_order_tag":"exit_signal","cost":897.56856}],"funding_fees":0.0},{"pair":"SOL/USDT:USDT","stake_amount":897.0484,"max_stake_amount":897.0484,"amount":6.22,"open_date":"2025-06-24 11:30:00+00:00","close_date":"2025-06-24 18:45:00+00:00","open_rate":144.22,"close_rate":144.0,"fee_open":0.0005,"fee_close":0.0005,"trade_duration":435,"profit_ratio":-0.002543825430972992,"profit_abs":-2.2830755,"exit_reason":"exit_signal","initial_stop_loss_abs":135.57,"initial_stop_loss_ratio":-0.06,"stop_loss_abs":135.57,"stop_loss_ratio":-0.06,"min_rate":143.35,"max_rate":146.56,"is_open":false,"enter_tag":"","leverage":1.0,"is_short":false,"open_timestamp":1750764600000,"close_timestamp":1750790700000,"orders":[{"amount":6.22,"safe_price":144.22,"ft_order_side":"buy","order_filled_timestamp":1750764600000,"ft_is_entry":true,"ft_order_tag":"","cost":897.4969241999999},{"amount":6.22,"safe_price":144.0,"ft_order_side":"sell","order_filled_timestamp":1750790700000,"ft_is_entry":false,"ft_order_tag":"exit_signal","cost":896.1278399999999}],"funding_fees":-0.018311296848},{"pair":"SOL/USDT:USDT","stake_amount":894.1296,"max_stake_amount":894.1296,"amount":6.23,"open_date":"2025-06-24 20:00:00+00:00","close_date":"2025-06-24 21:30:00+00:00","open_rate":143.52,"close_rate":144.76,"fee_open":0.0005,"fee_close":0.0005,"trade_duration":90,"profit_ratio":0.007631774970931479,"profit_abs":6.8272078,"exit_reason":"exit_signal","initial_stop_loss_abs":134.91,"initial_stop_loss_ratio":-0.06,"stop_loss_abs":134.91,"stop_loss_ratio":-0.06,"min_rate":143.1,"max_rate":145.16,"is_open":false,"enter_tag":"","leverage":1.0,"is_short":false,"open_timestamp":1750795200000,"close_timestamp":1750800600000,"orders":[{"amount":6.23,"safe_price":143.52,"ft_order_side":"buy","order_filled_timestamp":1750795200000,"ft_is_entry":true,"ft_order_tag":"","cost":894.5766648},{"amount":6.23,"safe_price":144.76,"ft_order_side":"sell","order_filled_timestamp":1750800600000,"ft_is_entry":false,"ft_order_tag":"exit_signal","cost":902.3057273999999}],"funding_fees":0.0},{"pair":"ETH/USDT:USDT","stake_amount":901.77115,"max_stake_amount":901.77115,"amount":0.371,"open_date":"2025-06-24 23:15:00+00:00","close_date":"2025-06-25 03:45:00+00:00","open_rate":2430.65,"close_rate":2450.23,"fee_open":0.0005,"fee_close":0.0005,"trade_duration":270,"profit_ratio":0.007056290557060751,"profit_abs":6.36634083,"exit_reason":"exit_signal","initial_stop_loss_abs":2284.82,"initial_stop_loss_ratio":-0.06,"stop_loss_abs":2284.82,"stop_loss_ratio":-0.06,"min_rate":2428.94,"max_rate":2467.84,"is_open":false,"enter_tag":"","leverage":1.0,"is_short":false,"open_timestamp":1750806900000,"close_timestamp":1750823100000,"orders":[{"amount":0.371,"safe_price":2430.65,"ft_order_side":"buy","order_filled_timestamp":1750806900000,"ft_is_entry":true,"ft_order_tag":"","cost":902.222035575},{"amount":0.371,"safe_price":2450.23,"ft_order_side":"sell","order_filled_timestamp":1750823100000,"ft_is_entry":false,"ft_order_tag":"exit_signal","cost":909.489847665}],"funding_fees":0.0075640746593999995},{"pair":"ETH/USDT:USDT","stake_amount":906.39381,"max_stake_amount":906.39381,"amount":0.371,"open_date":"2025-06-25 04:30:00+00:00","close_date":"2025-06-25 12:00:00+00:00","open_rate":2443.11,"close_rate":2427.93,"fee_open":0.0005,"fee_close":0.0005,"trade_duration":450,"profit_ratio":-0.00720642200971019,"profit_abs":-6.53512223,"exit_reason":"exit_signal","initial_stop_loss_abs":2296.53,"initial_stop_loss_ratio":-0.06,"stop_loss_abs":2296.53,"stop_loss_ratio":-0.06,"min_rate":2405.06,"max_rate":2449.93,"is_open":false,"enter_tag":"","leverage":1.0,"is_short":false,"open_timestamp":1750825800000,"close_timestamp":1750852800000,"orders":[{"amount":0.371,"safe_price":2443.11,"ft_order_side":"buy","order_filled_timestamp":1750825800000,"ft_is_entry":true,"ft_order_tag":"","cost":906.847006905},{"amount":0.371,"safe_price":2427.93,"ft_order_side":"sell","order_filled_timestamp":1750852800000,"ft_is_entry":false,"ft_order_tag":"exit_signal","cost":901.2124110149999}],"funding_fees":0.0002356942224},{"pair":"ETH/USDT:USDT","stake_amount":900.79171,"max_stake_amount":900.79171,"amount":0.371,"open_date":"2025-06-25 14:15:00+00:00","close_date":"2025-06-25 16:45:00+00:00","open_rate":2428.01,"close_rate":2408.92,"fee_open":0.0005,"fee_close":0.0005,"trade_duration":150,"profit_ratio":-0.008865906406380837,"profit_abs":-7.99032816,"exit_reason":"exit_signal","initial_stop_loss_abs":2282.33,"initial_stop_loss_ratio":-0.06,"stop_loss_abs":2282.33,"stop_loss_ratio":-0.06,"min_rate":2388.23,"max_rate":2443.62,"is_open":false,"enter_tag":"","leverage":1.0,"is_short":false,"open_timestamp":1750860900000,"close_timestamp":1750869900000,"orders":[{"amount":0.371,"safe_price":2428.01,"ft_order_side":"buy","order_filled_timestamp":1750860900000,"ft_is_entry":true,"ft_order_tag":"","cost":901.242105855},{"amount":0.371,"safe_price":2408.92,"ft_order_side":"sell","order_filled_timestamp":1750869900000,"ft_is_entry":false,"ft_order_tag":"exit_signal","cost":894.15617466}],"funding_fees":-0.010687644481748148},{"pair":"SOL/USDT:USDT","stake_amount":893.1312,"max_stake_amount":893.1312,"amount":6.24,"open_date":"2025-06-25 16:45:00+00:00","close_date":"2025-06-25 17:15:00+00:00","open_rate":143.13,"close_rate":143.78,"fee_open":0.0005,"fee_close":0.0005,"trade_duration":30,"profit_ratio":0.003537286760797621,"profit_abs":3.1608408,"exit_reason":"exit_signal","initial_stop_loss_abs":134.55,"initial_stop_loss_ratio":-0.06,"stop_loss_abs":134.55,"stop_loss_ratio":-0.06,"min_rate":142.71,"max_rate":144.5,"is_open":false,"enter_tag":"","leverage":1.0,"is_short":false,"open_timestamp":1750869900000,"close_timestamp":1750871700000,"orders":[{"amount":6.24,"safe_price":143.13,"ft_order_side":"buy","order_filled_timestamp":1750869900000,"ft_is_entry":true,"ft_order_tag":"","cost":893.5777656},{"amount":6.24,"safe_price":143.78,"ft_order_side":"sell","order_filled_timestamp":1750871700000,"ft_is_entry":false,"ft_order_tag":"exit_signal","cost":897.6357936}],"funding_fees":0.0},{"pair":"ETH/USDT:USDT","stake_amount":894.97443,"max_stake_amount":894.97443,"amount":0.371,"open_date":"2025-06-25 22:45:00+00:00","close_date":"2025-06-25 23:45:00+00:00","open_rate":2412.33,"close_rate":2416.38,"fee_open":0.0005,"fee_close":0.0005,"trade_duration":60,"profit_ratio":0.0006776965007595355,"profit_abs":0.6068243,"exit_reason":"exit_signal","initial_stop_loss_abs":2267.6,"initial_stop_loss_ratio":-0.06,"stop_loss_abs":2267.6,"stop_loss_ratio":-0.06,"min_rate":2406.69,"max_rate":2418.16,"is_open":false,"enter_tag":"","leverage":1.0,"is_short":false,"open_timestamp":1750891500000,"close_timestamp":1750895100000,"orders":[{"amount":0.371,"safe_price":2412.33,"ft_order_side":"buy","order_filled_timestamp":1750891500000,"ft_is_entry":true,"ft_order_tag":"","cost":895.4219172149999},{"amount":0.371,"safe_price":2416.38,"ft_order_side":"sell","order_filled_timestamp":1750895100000,"ft_is_entry":false,"ft_order_tag":"exit_signal","cost":896.92521849}],"funding_fees":0.0},{"pair":"SUI/USDT:USDT","stake_amount":897.23316,"max_stake_amount":897.23316,"amount":328.2,"open_date":"2025-06-26 00:15:00+00:00","close_date":"2025-06-26 05:30:00+00:00","open_rate":2.7338,"close_rate":2.7128,"fee_open":0.0005,"fee_close":0.0005,"trade_duration":315,"profit_ratio":-0.008673437807396689,"profit_abs":-7.78598706,"exit_reason":"exit_signal","initial_stop_loss_abs":2.5698,"initial_stop_loss_ratio":-0.06,"stop_loss_abs":2.5698,"stop_loss_ratio":-0.06,"min_rate":2.7019,"max_rate":2.8047,"is_open":false,"enter_tag":"","leverage":1.0,"is_short":false,"open_timestamp":1750896900000,"close_timestamp":1750915800000,"orders":[{"amount":328.2,"safe_price":2.7338,"ft_order_side":"buy","order_filled_timestamp":1750896900000,"ft_is_entry":true,"ft_order_tag":"","cost":897.6817765799999},{"amount":328.2,"safe_price":2.7128,"ft_order_side":"sell","order_filled_timestamp":1750915800000,"ft_is_entry":false,"ft_order_tag":"exit_signal","cost":890.78613048}],"funding_fees":0.0},{"pair":"SOL/USDT:USDT","stake_amount":889.5289,"max_stake_amount":889.5289,"amount":6.17,"open_date":"2025-06-26 05:45:00+00:00","close_date":"2025-06-26 06:30:00+00:00","open_rate":144.17,"close_rate":144.72,"fee_open":0.0005,"fee_close":0.0005,"trade_duration":45,"profit_ratio":0.0028116274109598457,"profit_abs":2.50227435,"exit_reason":"exit_signal","initial_stop_loss_abs":135.52,"initial_stop_loss_ratio":-0.06,"stop_loss_abs":135.52,"stop_loss_ratio":-0.06,"min_rate":143.93,"max_rate":145.07,"is_open":false,"enter_tag":"","leverage":1.0,"is_short":false,"open_timestamp":1750916700000,"close_timestamp":1750919400000,"orders":[{"amount":6.17,"safe_price":144.17,"ft_order_side":"buy","order_filled_timestamp":1750916700000,"ft_is_entry":true,"ft_order_tag":"","cost":889.9736644499999},{"amount":6.17,"safe_price":144.72,"ft_order_side":"sell","order_filled_timestamp":1750919400000,"ft_is_entry":false,"ft_order_tag":"exit_signal","cost":893.3688612}],"funding_fees":0.0},{"pair":"SUI/USDT:USDT","stake_amount":892.15754,"max_stake_amount":892.15754,"amount":328.7,"open_date":"2025-06-26 08:00:00+00:00","close_date":"2025-06-26 10:30:00+00:00","open_rate":2.7142,"close_rate":2.6821,"fee_open":0.0005,"fee_close":0.0005,"trade_duration":150,"profit_ratio":-0.012757282875114776,"profit_abs":-11.38719686,"exit_reason":"exit_signal","initial_stop_loss_abs":2.5514,"initial_stop_loss_ratio":-0.06,"stop_loss_abs":2.5514,"stop_loss_ratio":-0.06,"min_rate":2.6668,"max_rate":2.7347,"is_open":false,"enter_tag":"","leverage":1.0,"is_short":false,"open_timestamp":1750924800000,"close_timestamp":1750933800000,"orders":[{"amount":328.7,"safe_price":2.7142,"ft_order_side":"buy","order_filled_timestamp":1750924800000,"ft_is_entry":true,"ft_order_tag":"","cost":892.6036187699999},{"amount":328.7,"safe_price":2.6821,"ft_order_side":"sell","order_filled_timestamp":1750933800000,"ft_is_entry":false,"ft_order_tag":"exit_signal","cost":882.0470731349999}],"funding_fees":0.0509550468861944},{"pair":"SUI/USDT:USDT","stake_amount":880.89898,"max_stake_amount":880.89898,"amount":329.9,"open_date":"2025-06-26 11:00:00+00:00","close_date":"2025-06-26 17:30:00+00:00","open_rate":2.6702,"close_rate":2.616,"fee_open":0.0005,"fee_close":0.0005,"trade_duration":390,"profit_ratio":-0.021375935740106083,"profit_abs":-18.83945501,"exit_reason":"exit_signal","initial_stop_loss_abs":2.51,"initial_stop_loss_ratio":-0.06,"stop_loss_abs":2.51,"stop_loss_ratio":-0.06,"min_rate":2.5958,"max_rate":2.6738,"is_open":false,"enter_tag":"","leverage":1.0,"is_short":false,"open_timestamp":1750935600000,"close_timestamp":1750959000000,"orders":[{"amount":329.9,"safe_price":2.6702,"ft_order_side":"buy","order_filled_timestamp":1750935600000,"ft_is_entry":true,"ft_order_tag":"","cost":881.3394294899999},{"amount":329.9,"safe_price":2.616,"ft_order_side":"sell","order_filled_timestamp":1750959000000,"ft_is_entry":false,"ft_order_tag":"exit_signal","cost":863.4499091999999}],"funding_fees":-0.0869163189978},{"pair":"SOL/USDT:USDT","stake_amount":861.3087,"max_stake_amount":861.3087,"amount":6.09,"open_date":"2025-06-26 18:45:00+00:00","close_date":"2025-06-26 23:45:00+00:00","open_rate":141.43,"close_rate":138.88,"fee_open":0.0005,"fee_close":0.0005,"trade_duration":300,"profit_ratio":-0.01901160004739199,"profit_abs":-16.38304395,"exit_reason":"exit_signal","initial_stop_loss_abs":132.95,"initial_stop_loss_ratio":-0.06,"stop_loss_abs":132.95,"stop_loss_ratio":-0.06,"min_rate":138.54,"max_rate":143.89,"is_open":false,"enter_tag":"","leverage":1.0,"is_short":false,"open_timestamp":1750963500000,"close_timestamp":1750981500000,"orders":[{"amount":6.09,"safe_price":141.43,"ft_order_side":"buy","order_filled_timestamp":1750963500000,"ft_is_entry":true,"ft_order_tag":"","cost":861.73935435},{"amount":6.09,"safe_price":138.88,"ft_order_side":"sell","order_filled_timestamp":1750981500000,"ft_is_entry":false,"ft_order_tag":"exit_signal","cost":846.2020895999999}],"funding_fees":0.0},{"pair":"ETH/USDT:USDT","stake_amount":844.73415,"max_stake_amount":844.73415,"amount":0.351,"open_date":"2025-06-27 00:45:00+00:00","close_date":"2025-06-27 02:15:00+00:00","open_rate":2406.65,"close_rate":2428.95,"fee_open":0.0005,"fee_close":0.0005,"trade_duration":90,"profit_ratio":0.008257230535418929,"profit_abs":6.9786522,"exit_reason":"exit_signal","initial_stop_loss_abs":2262.26,"initial_stop_loss_ratio":-0.06,"stop_loss_abs":2262.26,"stop_loss_ratio":-0.06,"min_rate":2377.0,"max_rate":2432.95,"is_open":false,"enter_tag":"","leverage":1.0,"is_short":false,"open_timestamp":1750985100000,"close_timestamp":1750990500000,"orders":[{"amount":0.351,"safe_price":2406.65,"ft_order_side":"buy","order_filled_timestamp":1750985100000,"ft_is_entry":true,"ft_order_tag":"","cost":845.1565170749999},{"amount":0.351,"safe_price":2428.95,"ft_order_side":"sell","order_filled_timestamp":1750990500000,"ft_is_entry":false,"ft_order_tag":"exit_signal","cost":852.9877307249999}],"funding_fees":0.0},{"pair":"SUI/USDT:USDT","stake_amount":852.77395,"max_stake_amount":852.77395,"amount":325.3,"open_date":"2025-06-27 04:30:00+00:00","close_date":"2025-06-27 06:00:00+00:00","open_rate":2.6215,"close_rate":2.6196,"fee_open":0.0005,"fee_close":0.0005,"trade_duration":90,"profit_ratio":-0.0017235517337156052,"profit_abs":-1.47053492,"exit_reason":"exit_signal","initial_stop_loss_abs":2.4643,"initial_stop_loss_ratio":-0.06,"stop_loss_abs":2.4643,"stop_loss_ratio":-0.06,"min_rate":2.6172,"max_rate":2.6568,"is_open":false,"enter_tag":"","leverage":1.0,"is_short":false,"open_timestamp":1750998600000,"close_timestamp":1751004000000,"orders":[{"amount":325.3,"safe_price":2.6215,"ft_order_side":"buy","order_filled_timestamp":1750998600000,"ft_is_entry":true,"ft_order_tag":"","cost":853.200336975},{"amount":325.3,"safe_price":2.6196,"ft_order_side":"sell","order_filled_timestamp":1751004000000,"ft_is_entry":false,"ft_order_tag":"exit_signal","cost":852.5819579399999}],"funding_fees":0.0},{"pair":"SUI/USDT:USDT","stake_amount":851.4025,"max_stake_amount":851.4025,"amount":325.0,"open_date":"2025-06-27 08:00:00+00:00","close_date":"2025-06-27 10:45:00+00:00","open_rate":2.6197,"close_rate":2.6461,"fee_open":0.0005,"fee_close":0.0005,"trade_duration":165,"profit_ratio":0.009127816111969797,"profit_abs":7.77533118,"exit_reason":"exit_signal","initial_stop_loss_abs":2.4626,"initial_stop_loss_ratio":-0.06,"stop_loss_abs":2.4626,"stop_loss_ratio":-0.06,"min_rate":2.6196,"max_rate":2.6771,"is_open":false,"enter_tag":"","leverage":1.0,"is_short":false,"open_timestamp":1751011200000,"close_timestamp":1751021100000,"orders":[{"amount":325.0,"safe_price":2.6197,"ft_order_side":"buy","order_filled_timestamp":1751011200000,"ft_is_entry":true,"ft_order_tag":"","cost":851.8282012499999},{"amount":325.0,"safe_price":2.6461,"ft_order_side":"sell","order_filled_timestamp":1751021100000,"ft_is_entry":false,"ft_order_tag":"exit_signal","cost":860.41249125}],"funding_fees":0.051023675113320004},{"pair":"SOL/USDT:USDT","stake_amount":857.8536,"max_stake_amount":857.8536,"amount":6.06,"open_date":"2025-06-27 11:30:00+00:00","close_date":"2025-06-27 11:45:00+00:00","open_rate":141.56,"close_rate":141.96,"fee_open":0.0005,"fee_close":0.0005,"trade_duration":15,"profit_ratio":0.001823332470526534,"profit_abs":1.5649344,"exit_reason":"exit_signal","initial_stop_loss_abs":133.07,"initial_stop_loss_ratio":-0.06,"stop_loss_abs":133.07,"stop_loss_ratio":-0.06,"min_rate":141.55,"max_rate":142.13,"is_open":false,"enter_tag":"","leverage":1.0,"is_short":false,"open_timestamp":1751023800000,"close_timestamp":1751024700000,"orders":[{"amount":6.06,"safe_price":141.56,"ft_order_side":"buy","order_filled_timestamp":1751023800000,"ft_is_entry":true,"ft_order_tag":"","cost":858.2825267999999},{"amount":6.06,"safe_price":141.96,"ft_order_side":"sell","order_filled_timestamp":1751024700000,"ft_is_entry":false,"ft_order_tag":"exit_signal","cost":860.7077388}],"funding_fees":0.0},{"pair":"SOL/USDT:USDT","stake_amount":859.8155,"max_stake_amount":859.8155,"amount":6.07,"open_date":"2025-06-27 12:45:00+00:00","close_date":"2025-06-27 20:30:00+00:00","open_rate":141.65,"close_rate":142.18,"fee_open":0.0005,"fee_close":0.0005,"trade_duration":465,"profit_ratio":0.0027207907405420264,"profit_abs":2.34054774,"exit_reason":"exit_signal","initial_stop_loss_abs":133.16,"initial_stop_loss_ratio":-0.06,"stop_loss_abs":133.16,"stop_loss_ratio":-0.06,"min_rate":140.04,"max_rate":145.0,"is_open":false,"enter_tag":"","leverage":1.0,"is_short":false,"open_timestamp":1751028300000,"close_timestamp":1751056200000,"orders":[{"amount":6.07,"safe_price":141.65,"ft_order_side":"buy","order_filled_timestamp":1751028300000,"ft_is_entry":true,"ft_order_tag":"","cost":860.24540775},{"amount":6.07,"safe_price":142.18,"ft_order_side":"sell","order_filled_timestamp":1751056200000,"ft_is_entry":false,"ft_order_tag":"exit_signal","cost":863.4641163000001}],"funding_fees":-0.015128212440000002},{"pair":"SUI/USDT:USDT","stake_amount":863.0406,"max_stake_amount":863.0406,"amount":321.0,"open_date":"2025-06-27 23:30:00+00:00","close_date":"2025-06-28 02:30:00+00:00","open_rate":2.6886,"close_rate":2.7005,"fee_open":0.0005,"fee_close":0.0005,"trade_duration":180,"profit_ratio":0.003434153194164224,"profit_abs":2.96529554,"exit_reason":"exit_signal","initial_stop_loss_abs":2.5273,"initial_stop_loss_ratio":-0.06,"stop_loss_abs":2.5273,"stop_loss_ratio":-0.06,"min_rate":2.6785,"max_rate":2.7259,"is_open":false,"enter_tag":"","leverage":1.0,"is_short":false,"open_timestamp":1751067000000,"close_timestamp":1751077800000,"orders":[{"amount":321.0,"safe_price":2.6886,"ft_order_side":"buy","order_filled_timestamp":1751067000000,"ft_is_entry":true,"ft_order_tag":"","cost":863.4721203},{"amount":321.0,"safe_price":2.7005,"ft_order_side":"sell","order_filled_timestamp":1751077800000,"ft_is_entry":false,"ft_order_tag":"exit_signal","cost":867.2939302499999}],"funding_fees":0.010346091614999999},{"pair":"SUI/USDT:USDT","stake_amount":865.9938,"max_stake_amount":865.9938,"amount":321.0,"open_date":"2025-06-28 07:15:00+00:00","close_date":"2025-06-28 11:00:00+00:00","open_rate":2.6978,"close_rate":2.7249,"fee_open":0.0005,"fee_close":0.0005,"trade_duration":225,"profit_ratio":0.00896689408475981,"profit_abs":7.76915732,"exit_reason":"exit_signal","initial_stop_loss_abs":2.536,"initial_stop_loss_ratio":-0.06,"stop_loss_abs":2.536,"stop_loss_ratio":-0.06,"min_rate":2.6952,"max_rate":2.7372,"is_open":false,"enter_tag":"","leverage":1.0,"is_short":false,"open_timestamp":1751094900000,"close_timestamp":1751108400000,"orders":[{"amount":321.0,"safe_price":2.6978,"ft_order_side":"buy","order_filled_timestamp":1751094900000,"ft_is_entry":true,"ft_order_tag":"","cost":866.4267968999999},{"amount":321.0,"safe_price":2.7249,"ft_order_side":"sell","order_filled_timestamp":1751108400000,"ft_is_entry":false,"ft_order_tag":"exit_signal","cost":875.13024645}],"funding_fees":-0.059599325280000004},{"pair":"SOL/USDT:USDT","stake_amount":873.1398,"max_stake_amount":873.1398,"amount":5.98,"open_date":"2025-06-28 13:30:00+00:00","close_date":"2025-06-28 14:00:00+00:00","open_rate":146.01,"close_rate":146.06,"fee_open":0.0005,"fee_close":0.0005,"trade_duration":30,"profit_ratio":-0.0006574002225652463,"profit_abs":-0.5742893,"exit_reason":"exit_signal","initial_stop_loss_abs":137.25,"initial_stop_loss_ratio":-0.06,"stop_loss_abs":137.25,"stop_loss_ratio":-0.06,"min_rate":145.81,"max_rate":146.53,"is_open":false,"enter_tag":"","leverage":1.0,"is_short":false,"open_timestamp":1751117400000,"close_timestamp":1751119200000,"orders":[{"amount":5.98,"safe_price":146.01,"ft_order_side":"buy","order_filled_timestamp":1751117400000,"ft_is_entry":true,"ft_order_tag":"","cost":873.5763699},{"amount":5.98,"safe_price":146.06,"ft_order_side":"sell","order_filled_timestamp":1751119200000,"ft_is_entry":false,"ft_order_tag":"exit_signal","cost":873.8755194}],"funding_fees":0.0},{"pair":"SUI/USDT:USDT","stake_amount":873.06873,"max_stake_amount":873.06873,"amount":319.7,"open_date":"2025-06-28 14:00:00+00:00","close_date":"2025-06-28 18:00:00+00:00","open_rate":2.7309,"close_rate":2.7838,"fee_open":0.0005,"fee_close":0.0005,"trade_duration":240,"profit_ratio":0.018382658565513042,"profit_abs":16.05734903,"exit_reason":"exit_signal","initial_stop_loss_abs":2.5671,"initial_stop_loss_ratio":-0.06,"stop_loss_abs":2.5671,"stop_loss_ratio":-0.06,"min_rate":2.7254,"max_rate":2.7938,"is_open":false,"enter_tag":"","leverage":1.0,"is_short":false,"open_timestamp":1751119200000,"close_timestamp":1751133600000,"orders":[{"amount":319.7,"safe_price":2.7309,"ft_order_side":"buy","order_filled_timestamp":1751119200000,"ft_is_entry":true,"ft_order_tag":"","cost":873.5052643649999},{"amount":319.7,"safe_price":2.7838,"ft_order_side":"sell","order_filled_timestamp":1751133600000,"ft_is_entry":false,"ft_order_tag":"exit_signal","cost":890.4258504299999}],"funding_fees":0.026743825736},{"pair":"ETH/USDT:USDT","stake_amount":888.1618,"max_stake_amount":888.1618,"amount":0.365,"open_date":"2025-06-28 22:15:00+00:00","close_date":"2025-06-28 23:45:00+00:00","open_rate":2433.32,"close_rate":2435.15,"fee_open":0.0005,"fee_close":0.0005,"trade_duration":90,"profit_ratio":-0.0002481930231843911,"profit_abs":-0.22054578,"exit_reason":"exit_signal","initial_stop_loss_abs":2287.33,"initial_stop_loss_ratio":-0.06,"stop_loss_abs":2287.33,"stop_loss_ratio":-0.06,"min_rate":2433.31,"max_rate":2441.37,"is_open":false,"enter_tag":"","leverage":1.0,"is_short":false,"open_timestamp":1751148900000,"close_timestamp":1751154300000,"orders":[{"amount":0.365,"safe_price":2433.32,"ft_order_side":"buy","order_filled_timestamp":1751148900000,"ft_is_entry":true,"ft_order_tag":"","cost":888.6058809},{"amount":0.365,"safe_price":2435.15,"ft_order_side":"sell","order_filled_timestamp":1751154300000,"ft_is_entry":false,"ft_order_tag":"exit_signal","cost":889.274164875}],"funding_fees":0.0},{"pair":"ETH/USDT:USDT","stake_amount":886.87144,"max_stake_amount":886.87144,"amount":0.364,"open_date":"2025-06-29 00:30:00+00:00","close_date":"2025-06-29 03:30:00+00:00","open_rate":2436.46,"close_rate":2430.6,"fee_open":0.0005,"fee_close":0.0005,"trade_duration":180,"profit_ratio":-0.0034022250754563283,"profit_abs":-3.01884492,"exit_reason":"exit_signal","initial_stop_loss_abs":2290.28,"initial_stop_loss_ratio":-0.06,"stop_loss_abs":2290.28,"stop_loss_ratio":-0.06,"min_rate":2423.12,"max_rate":2441.68,"is_open":false,"enter_tag":"","leverage":1.0,"is_short":false,"open_timestamp":1751157000000,"close_timestamp":1751167800000,"orders":[{"amount":0.364,"safe_price":2436.46,"ft_order_side":"buy","order_filled_timestamp":1751157000000,"ft_is_entry":true,"ft_order_tag":"","cost":887.3148757199999},{"amount":0.364,"safe_price":2430.6,"ft_order_side":"sell","order_filled_timestamp":1751167800000,"ft_is_entry":false,"ft_order_tag":"exit_signal","cost":885.1807691999999}],"funding_fees":0.0},{"pair":"ETH/USDT:USDT","stake_amount":884.9577,"max_stake_amount":884.9577,"amount":0.363,"open_date":"2025-06-29 14:45:00+00:00","close_date":"2025-06-29 15:30:00+00:00","open_rate":2437.9,"close_rate":2439.07,"fee_open":0.0005,"fee_close":0.0005,"trade_duration":45,"profit_ratio":-0.0005200586819375478,"profit_abs":-0.46046005,"exit_reason":"exit_signal","initial_stop_loss_abs":2291.63,"initial_stop_loss_ratio":-0.06,"stop_loss_abs":2291.63,"stop_loss_ratio":-0.06,"min_rate":2435.57,"max_rate":2443.53,"is_open":false,"enter_tag":"","leverage":1.0,"is_short":false,"open_timestamp":1751208300000,"close_timestamp":1751211000000,"orders":[{"amount":0.363,"safe_price":2437.9,"ft_order_side":"buy","order_filled_timestamp":1751208300000,"ft_is_entry":true,"ft_order_tag":"","cost":885.40017885},{"amount":0.363,"safe_price":2439.07,"ft_order_side":"sell","order_filled_timestamp":1751211000000,"ft_is_entry":false,"ft_order_tag":"exit_signal","cost":885.825101205}],"funding_fees":0.0},{"pair":"ETH/USDT:USDT","stake_amount":884.03568,"max_stake_amount":884.03568,"amount":0.363,"open_date":"2025-06-29 16:00:00+00:00","close_date":"2025-06-29 17:30:00+00:00","open_rate":2435.36,"close_rate":2435.36,"fee_open":0.0005,"fee_close":0.0005,"trade_duration":90,"profit_ratio":-0.0009999200795676672,"profit_abs":-0.88440701,"exit_reason":"exit_signal","initial_stop_loss_abs":2289.24,"initial_stop_loss_ratio":-0.06,"stop_loss_abs":2289.24,"stop_loss_ratio":-0.06,"min_rate":2428.0,"max_rate":2439.47,"is_open":false,"enter_tag":"","leverage":1.0,"is_short":false,"open_timestamp":1751212800000,"close_timestamp":1751218200000,"orders":[{"amount":0.363,"safe_price":2435.36,"ft_order_side":"buy","order_filled_timestamp":1751212800000,"ft_is_entry":true,"ft_order_tag":"","cost":884.47769784},{"amount":0.363,"safe_price":2435.36,"ft_order_side":"sell","order_filled_timestamp":1751218200000,"ft_is_entry":false,"ft_order_tag":"exit_signal","cost":884.47769784}],"funding_fees":-0.00037133157599999995},{"pair":"ETH/USDT:USDT","stake_amount":884.19425,"max_stake_amount":884.19425,"amount":0.365,"open_date":"2025-06-29 21:15:00+00:00","close_date":"2025-06-29 22:30:00+00:00","open_rate":2422.45,"close_rate":2478.0,"fee_open":0.0005,"fee_close":0.0005,"trade_duration":75,"profit_ratio":0.021908909737869256,"profit_abs":19.38141788,"exit_reason":"exit_signal","initial_stop_loss_abs":2277.11,"initial_stop_loss_ratio":-0.06,"stop_loss_abs":2277.11,"stop_loss_ratio":-0.06,"min_rate":2421.51,"max_rate":2494.28,"is_open":false,"enter_tag":"","leverage":1.0,"is_short":false,"open_timestamp":1751231700000,"close_timestamp":1751236200000,"orders":[{"amount":0.365,"safe_price":2422.45,"ft_order_side":"buy","order_filled_timestamp":1751231700000,"ft_is_entry":true,"ft_order_tag":"","cost":884.6363471249998},{"amount":0.365,"safe_price":2478.0,"ft_order_side":"sell","order_filled_timestamp":1751236200000,"ft_is_entry":false,"ft_order_tag":"exit_signal","cost":904.922235}],"funding_fees":0.0}],"locks":[],"best_pair":{"key":"ETH/USDT:USDT","trades":16,"profit_mean":-0.0002731164361200472,"profit_mean_pct":-0.03,"profit_sum":-0.004369862977920755,"profit_sum_pct":-0.44,"profit_total_abs":-5.58473281,"profit_total":-0.0055847328100000005,"profit_total_pct":-0.56,"duration_avg":"2:21:00","wins":7,"draws":0,"losses":9,"winrate":0.4375,"cagr":-0.04440906615208384,"expectancy":-0.34904580062500035,"expectancy_ratio":-0.03637481142755994,"sortino":-0.13061344834813388,"sharpe":-0.13049105472434927,"calmar":-3.2932792316565687,"sqn":-0.0744,"profit_factor":0.9353336685732266,"max_drawdown_account":0.07199589967377913,"max_drawdown_abs":75.4116967},"worst_pair":{"key":"SUI/USDT:USDT","trades":13,"profit_mean":-0.00478811928759828,"profit_mean_pct":-0.48,"profit_sum":-0.06224555073877764,"profit_sum_pct":-6.22,"profit_total_abs":-62.71855895,"profit_total":-0.06271855895,"profit_total_pct":-6.27,"duration_avg":"3:13:00","wins":4,"draws":0,"losses":9,"winrate":0.3076923076923077,"cagr":-0.4086636338405659,"expectancy":-4.824504534615384,"expectancy_ratio":-0.4463199049107043,"sortino":-2.4805746440277656,"sharpe":-2.059301785859991,"calmar":-27.370391984589027,"sqn":-1.2925,"profit_factor":0.35531569290676046,"max_drawdown_account":0.09728569201999994,"max_drawdown_abs":97.28569202},"results_per_pair":[{"key":"ETH/USDT:USDT","trades":16,"profit_mean":-0.0002731164361200472,"profit_mean_pct":-0.03,"profit_sum":-0.004369862977920755,"profit_sum_pct":-0.44,"profit_total_abs":-5.58473281,"profit_total":-0.0055847328100000005,"profit_total_pct":-0.56,"duration_avg":"2:21:00","wins":7,"draws":0,"losses":9,"winrate":0.4375,"cagr":-0.04440906615208384,"expectancy":-0.34904580062500035,"expectancy_ratio":-0.03637481142755994,"sortino":-0.13061344834813388,"sharpe":-0.13049105472434927,"calmar":-3.2932792316565687,"sqn":-0.0744,"profit_factor":0.9353336685732266,"max_drawdown_account":0.07199589967377913,"max_drawdown_abs":75.4116967},{"key":"SOL/USDT:USDT","trades":43,"profit_mean":-0.00040493441111928447,"profit_mean_pct":-0.04,"profit_sum":-0.017412179678129233,"profit_sum_pct":-1.74,"profit_total_abs":-18.839317780000005,"profit_total":-0.018839317780000007,"profit_total_pct":-1.88,"duration_avg":"2:49:00","wins":24,"draws":0,"losses":19,"winrate":0.5581395348837209,"cagr":-0.14295558418901033,"expectancy":-0.4381236693023256,"expectancy_ratio":-0.03966828837952807,"sortino":-0.5474891436864411,"sharpe":-0.544676740945711,"calmar":-7.681859340802511,"sqn":-0.1934,"profit_factor":0.9102243999831733,"max_drawdown_account":0.10411965959040749,"max_drawdown_abs":113.64383052000002},{"key":"SUI/USDT:USDT","trades":13,"profit_mean":-0.00478811928759828,"profit_mean_pct":-0.48,"profit_sum":-0.06224555073877764,"profit_sum_pct":-6.22,"profit_total_abs":-62.71855895,"profit_total":-0.06271855895,"profit_total_pct":-6.27,"duration_avg":"3:13:00","wins":4,"draws":0,"losses":9,"winrate":0.3076923076923077,"cagr":-0.4086636338405659,"expectancy":-4.824504534615384,"expectancy_ratio":-0.4463199049107043,"sortino":-2.4805746440277656,"sharpe":-2.059301785859991,"calmar":-27.370391984589027,"sqn":-1.2925,"profit_factor":0.35531569290676046,"max_drawdown_account":0.09728569201999994,"max_drawdown_abs":97.28569202},{"key":"TOTAL","trades":72,"profit_mean":-0.0011670499082614945,"profit_mean_pct":-0.12,"profit_sum":-0.08402759339482761,"profit_sum_pct":-8.4,"profit_total_abs":-87.14260954000002,"profit_total":-0.08714260954000003,"profit_total_pct":-8.71,"duration_avg":"2:47:00","wins":35,"draws":0,"losses":37,"winrate":0.4861111111111111,"cagr":-0.5226644129566969,"expectancy":-1.2103140213888874,"expectancy_ratio":-0.11380422953081692,"sortino":-2.504948999539832,"sharpe":-2.4122973692367617,"calmar":-14.940859417632502,"sqn":-0.665,"profit_factor":0.7785431209130049,"max_drawdown_account":0.2476218136059193,"max_drawdown_abs":281.28263765}],"results_per_enter_tag":[{"key":"","trades":72,"profit_mean":-0.0011670499082614945,"profit_mean_pct":-0.12,"profit_sum":-0.08402759339482761,"profit_sum_pct":-8.4,"profit_total_abs":-87.14260954000002,"profit_total":-0.08714260954000003,"profit_total_pct":-8.71,"duration_avg":"2:47:00","wins":35,"draws":0,"losses":37,"winrate":0.4861111111111111,"cagr":-0.5226644129566969,"expectancy":-1.2103140213888874,"expectancy_ratio":-0.11380422953081692,"sortino":-2.504948999539832,"sharpe":-2.4122973692367617,"calmar":-14.940859417632502,"sqn":-0.665,"profit_factor":0.7785431209130049,"max_drawdown_account":0.2476218136059193,"max_drawdown_abs":281.28263765},{"key":"TOTAL","trades":72,"profit_mean":-0.0011670499082614945,"profit_mean_pct":-0.12,"profit_sum":-0.08402759339482761,"profit_sum_pct":-8.4,"profit_total_abs":-87.14260954000002,"profit_total":-0.08714260954000003,"profit_total_pct":-8.71,"duration_avg":"2:47:00","wins":35,"draws":0,"losses":37,"winrate":0.4861111111111111,"cagr":-0.5226644129566969,"expectancy":-1.2103140213888874,"expectancy_ratio":-0.11380422953081692,"sortino":-2.504948999539832,"sharpe":-2.4122973692367617,"calmar":-14.940859417632502,"sqn":-0.665,"profit_factor":0.7785431209130049,"max_drawdown_account":0.2476218136059193,"max_drawdown_abs":281.28263765}],"exit_reason_summary":[{"key":"exit_signal","trades":70,"profit_mean":0.0005403339082885241,"profit_mean_pct":0.05,"profit_sum":0.03782337358019668,"profit_sum_pct":3.78,"profit_total_abs":40.67530889000001,"profit_total":0.04067530889000001,"profit_total_pct":4.07,"duration_avg":"2:46:00","wins":35,"draws":0,"losses":35,"winrate":0.5,"cagr":0.3818023326116937,"expectancy":0.5810758412857147,"expectancy_ratio":0.07654971213247208,"sortino":2.2591561487970164,"sharpe":1.5381556710703057,"calmar":12.782336748918626,"sqn":0.4299,"profit_factor":1.1530994242649444,"max_drawdown_account":0.13509974314541412,"max_drawdown_abs":153.46471922000006},{"key":"stop_loss","trades":2,"profit_mean":-0.060925483487512144,"profit_mean_pct":-6.09,"profit_sum":-0.12185096697502429,"profit_sum_pct":-12.19,"profit_total_abs":-127.81791842999999,"profit_total":-0.12781791842999998,"profit_total_pct":-12.78,"duration_avg":"3:15:00","wins":0,"draws":0,"losses":2,"winrate":0.0,"cagr":-0.6701943612747824,"expectancy":-63.908959214999996,"expectancy_ratio":-1.0,"sortino":-15.205098903569201,"sharpe":-15.205098903569201,"calmar":-42.45549594342845,"sqn":-17.9071,"profit_factor":0.0,"max_drawdown_account":0.12781791842999995,"max_drawdown_abs":127.81791842999999},{"key":"TOTAL","trades":72,"profit_mean":-0.0011670499082614945,"profit_mean_pct":-0.12,"profit_sum":-0.08402759339482761,"profit_sum_pct":-8.4,"profit_total_abs":-87.14260954000002,"profit_total":-0.08714260954000003,"profit_total_pct":-8.71,"duration_avg":"2:47:00","wins":35,"draws":0,"losses":37,"winrate":0.4861111111111111,"cagr":-0.5226644129566969,"expectancy":-1.2103140213888874,"expectancy_ratio":-0.11380422953081692,"sortino":-2.504948999539832,"sharpe":-2.4122973692367617,"calmar":-14.940859417632502,"sqn":-0.665,"profit_factor":0.7785431209130049,"max_drawdown_account":0.2476218136059193,"max_drawdown_abs":281.28263765}],"mix_tag_stats":[{"key":["","exit_signal"],"trades":70,"profit_mean":0.0005403339082885241,"profit_mean_pct":0.05,"profit_sum":0.03782337358019668,"profit_sum_pct":3.78,"profit_total_abs":40.67530889000001,"profit_total":0.04067530889000001,"profit_total_pct":4.07,"duration_avg":"2:46:00","wins":35,"draws":0,"losses":35,"winrate":0.5,"cagr":0.3818023326116937,"expectancy":0.5810758412857147,"expectancy_ratio":0.07654971213247208,"sortino":2.2591561487970164,"sharpe":1.5381556710703057,"calmar":12.782336748918626,"sqn":0.4299,"profit_factor":1.1530994242649444,"max_drawdown_account":0.13509974314541412,"max_drawdown_abs":153.46471922000006},{"key":["","stop_loss"],"trades":2,"profit_mean":-0.060925483487512144,"profit_mean_pct":-6.09,"profit_sum":-0.12185096697502429,"profit_sum_pct":-12.19,"profit_total_abs":-127.81791842999999,"profit_total":-0.12781791842999998,"profit_total_pct":-12.78,"duration_avg":"3:15:00","wins":0,"draws":0,"losses":2,"winrate":0.0,"cagr":-0.6701943612747824,"expectancy":-63.908959214999996,"expectancy_ratio":-1.0,"sortino":-15.205098903569201,"sharpe":-15.205098903569201,"calmar":-42.45549594342845,"sqn":-17.9071,"profit_factor":0.0,"max_drawdown_account":0.12781791842999995,"max_drawdown_abs":127.81791842999999},{"key":"TOTAL","trades":72,"profit_mean":-0.0011670499082614945,"profit_mean_pct":-0.12,"profit_sum":-0.08402759339482761,"profit_sum_pct":-8.4,"profit_total_abs":-87.14260954000002,"profit_total":-0.08714260954000003,"profit_total_pct":-8.71,"duration_avg":"2:47:00","wins":35,"draws":0,"losses":37,"winrate":0.4861111111111111,"cagr":-0.5226644129566969,"expectancy":-1.2103140213888874,"expectancy_ratio":-0.11380422953081692,"sortino":-2.504948999539832,"sharpe":-2.4122973692367617,"calmar":-14.940859417632502,"sqn":-0.665,"profit_factor":0.7785431209130049,"max_drawdown_account":0.2476218136059193,"max_drawdown_abs":281.28263765}],"left_open_trades":[{"key":"TOTAL","trades":0,"profit_mean":0.0,"profit_mean_pct":0.0,"profit_sum":0.0,"profit_sum_pct":0.0,"profit_total_abs":0.0,"profit_total":0.0,"profit_total_pct":0.0,"duration_avg":"0:00","wins":0,"draws":0,"losses":0,"winrate":0.0,"cagr":0.0,"expectancy":0.0,"expectancy_ratio":100.0,"sortino":0,"sharpe":0,"calmar":0,"sqn":0.0,"profit_factor":0.0,"max_drawdown_account":0.0,"max_drawdown_abs":0.0}],"total_trades":72,"trade_count_long":72,"trade_count_short":0,"total_volume":141688.44315717,"avg_stake_amount":983.5673159722222,"profit_mean":-0.0011670499082614945,"profit_median":-0.00011268789124460699,"profit_total":-0.08714260954000003,"profit_total_long":-0.08714260954000003,"profit_total_short":0.0,"profit_total_abs":-87.14260954000002,"profit_total_long_abs":-87.14260954000002,"profit_total_short_abs":0.0,"cagr":-0.5226644129566969,"expectancy":-1.2103140213888874,"expectancy_ratio":-0.11380422953081692,"sortino":-2.504948999539832,"sharpe":-2.4122973692367617,"calmar":-14.940859417632502,"sqn":-0.665,"profit_factor":0.7785431209130049,"backtest_start":"2025-05-16 00:00:00","backtest_start_ts":1747353600000,"backtest_end":"2025-06-30 14:00:00","backtest_end_ts":1751292000000,"backtest_days":45,"backtest_run_start_ts":1751293979,"backtest_run_end_ts":1751293979,"trades_per_day":1.6,"market_change":-0.14757316878033763,"pairlist":["SOL/USDT:USDT","ETH/USDT:USDT","SUI/USDT:USDT"],"stake_amount":"unlimited","stake_currency":"USDT","stake_currency_decimals":3,"starting_balance":1000,"dry_run_wallet":1000,"final_balance":912.85739046,"rejected_signals":103,"timedout_entry_orders":0,"timedout_exit_orders":0,"canceled_trade_entries":0,"canceled_entry_orders":0,"replaced_entry_orders":0,"max_open_trades":1,"max_open_trades_setting":1,"timeframe":"15m","timeframe_detail":"","timerange":"","enable_protections":false,"strategy_name":"SimpleGridDowntrend","stoploss":-0.06,"trailing_stop":false,"trailing_stop_positive":null,"trailing_stop_positive_offset":0.0,"trailing_only_offset_is_reached":false,"use_custom_stoploss":false,"minimal_roi":{},"use_exit_signal":true,"exit_profit_only":false,"exit_profit_offset":0.0,"ignore_roi_if_entry_signal":false,"trading_mode":"futures","margin_mode":"isolated","periodic_breakdown":{"day":[{"date":"19/05/2025","date_ts":1747612800000,"profit_abs":25.92190494,"wins":1,"draws":0,"losses":0,"trades":1,"profit_factor":0.0},{"date":"20/05/2025","date_ts":1747699200000,"profit_abs":0.0,"wins":0,"draws":0,"losses":0,"trades":0,"profit_factor":0.0},{"date":"21/05/2025","date_ts":1747785600000,"profit_abs":0.0,"wins":0,"draws":0,"losses":0,"trades":0,"profit_factor":0.0},{"date":"22/05/2025","date_ts":1747872000000,"profit_abs":0.0,"wins":0,"draws":0,"losses":0,"trades":0,"profit_factor":0.0},{"date":"23/05/2025","date_ts":1747958400000,"profit_abs":0.0,"wins":0,"draws":0,"losses":0,"trades":0,"profit_factor":0.0},{"date":"24/05/2025","date_ts":1748044800000,"profit_abs":0.0,"wins":0,"draws":0,"losses":0,"trades":0,"profit_factor":0.0},{"date":"25/05/2025","date_ts":1748131200000,"profit_abs":0.0,"wins":0,"draws":0,"losses":0,"trades":0,"profit_factor":0.0},{"date":"26/05/2025","date_ts":1748217600000,"profit_abs":0.0,"wins":0,"draws":0,"losses":0,"trades":0,"profit_factor":0.0},{"date":"27/05/2025","date_ts":1748304000000,"profit_abs":0.0,"wins":0,"draws":0,"losses":0,"trades":0,"profit_factor":0.0},{"date":"28/05/2025","date_ts":1748390400000,"profit_abs":0.0,"wins":0,"draws":0,"losses":0,"trades":0,"profit_factor":0.0},{"date":"29/05/2025","date_ts":1748476800000,"profit_abs":0.0,"wins":0,"draws":0,"losses":0,"trades":0,"profit_factor":0.0},{"date":"30/05/2025","date_ts":1748563200000,"profit_abs":0.0,"wins":0,"draws":0,"losses":0,"trades":0,"profit_factor":0.0},{"date":"31/05/2025","date_ts":1748649600000,"profit_abs":0.0,"wins":0,"draws":0,"losses":0,"trades":0,"profit_factor":0.0},{"date":"01/06/2025","date_ts":1748736000000,"profit_abs":0.0,"wins":0,"draws":0,"losses":0,"trades":0,"profit_factor":0.0},{"date":"02/06/2025","date_ts":1748822400000,"profit_abs":0.0,"wins":0,"draws":0,"losses":0,"trades":0,"profit_factor":0.0},{"date":"03/06/2025","date_ts":1748908800000,"profit_abs":0.0,"wins":0,"draws":0,"losses":0,"trades":0,"profit_factor":0.0},{"date":"04/06/2025","date_ts":1748995200000,"profit_abs":0.0,"wins":0,"draws":0,"losses":0,"trades":0,"profit_factor":0.0},{"date":"05/06/2025","date_ts":1749081600000,"profit_abs":-0.85676705,"wins":3,"draws":0,"losses":1,"trades":4,"profit_factor":0.9445613},{"date":"06/06/2025","date_ts":1749168000000,"profit_abs":21.15736076,"wins":2,"draws":0,"losses":1,"trades":3,"profit_factor":11.900015},{"date":"07/06/2025","date_ts":1749254400000,"profit_abs":16.31727188,"wins":1,"draws":0,"losses":0,"trades":1,"profit_factor":0.0},{"date":"08/06/2025","date_ts":1749340800000,"profit_abs":6.22328065,"wins":1,"draws":0,"losses":0,"trades":1,"profit_factor":0.0},{"date":"09/06/2025","date_ts":1749427200000,"profit_abs":0.0,"wins":0,"draws":0,"losses":0,"trades":0,"profit_factor":0.0},{"date":"10/06/2025","date_ts":1749513600000,"profit_abs":0.0,"wins":0,"draws":0,"losses":0,"trades":0,"profit_factor":0.0},{"date":"11/06/2025","date_ts":1749600000000,"profit_abs":0.0,"wins":0,"draws":0,"losses":0,"trades":0,"profit_factor":0.0},{"date":"12/06/2025","date_ts":1749686400000,"profit_abs":0.0,"wins":0,"draws":0,"losses":0,"trades":0,"profit_factor":0.0},{"date":"13/06/2025","date_ts":1749772800000,"profit_abs":8.99255467,"wins":2,"draws":0,"losses":0,"trades":2,"profit_factor":0.0},{"date":"14/06/2025","date_ts":1749859200000,"profit_abs":4.17586694,"wins":2,"draws":0,"losses":2,"trades":4,"profit_factor":1.40111972},{"date":"15/06/2025","date_ts":1749945600000,"profit_abs":36.49618551,"wins":2,"draws":0,"losses":1,"trades":3,"profit_factor":5.31118442},{"date":"16/06/2025","date_ts":1750032000000,"profit_abs":0.0,"wins":0,"draws":0,"losses":0,"trades":0,"profit_factor":0.0},{"date":"17/06/2025","date_ts":1750118400000,"profit_abs":-0.51365344,"wins":2,"draws":0,"losses":1,"trades":3,"profit_factor":0.97255296},{"date":"18/06/2025","date_ts":1750204800000,"profit_abs":8.26165294,"wins":2,"draws":0,"losses":2,"trades":4,"profit_factor":1.43386831},{"date":"19/06/2025","date_ts":1750291200000,"profit_abs":-21.45057205,"wins":1,"draws":0,"losses":2,"trades":3,"profit_factor":0.06321024},{"date":"20/06/2025","date_ts":1750377600000,"profit_abs":-52.72873241,"wins":1,"draws":0,"losses":3,"trades":4,"profit_factor":0.24438403},{"date":"21/06/2025","date_ts":1750464000000,"profit_abs":-110.75295482,"wins":2,"draws":0,"losses":5,"trades":7,"profit_factor":0.02939251},{"date":"22/06/2025","date_ts":1750550400000,"profit_abs":-23.26086091,"wins":0,"draws":0,"losses":3,"trades":3,"profit_factor":0.0},{"date":"23/06/2025","date_ts":1750636800000,"profit_abs":0.0,"wins":0,"draws":0,"losses":0,"trades":0,"profit_factor":0.0},{"date":"24/06/2025","date_ts":1750723200000,"profit_abs":-7.04389747,"wins":1,"draws":0,"losses":4,"trades":5,"profit_factor":0.49218917},{"date":"25/06/2025","date_ts":1750809600000,"profit_abs":-4.39144446,"wins":3,"draws":0,"losses":2,"trades":5,"profit_factor":0.69767241},{"date":"26/06/2025","date_ts":1750896000000,"profit_abs":-51.89340853,"wins":1,"draws":0,"losses":4,"trades":5,"profit_factor":0.04600134},{"date":"27/06/2025","date_ts":1750982400000,"profit_abs":17.1889306,"wins":4,"draws":0,"losses":1,"trades":5,"profit_factor":12.68889658},{"date":"28/06/2025","date_ts":1751068800000,"profit_abs":25.99696681,"wins":3,"draws":0,"losses":2,"trades":5,"profit_factor":33.70737221},{"date":"29/06/2025","date_ts":1751155200000,"profit_abs":15.0177059,"wins":1,"draws":0,"losses":3,"trades":4,"profit_factor":4.44149797}],"week":[{"date":"19/05/2025","date_ts":1747612800000,"profit_abs":25.92190494,"wins":1,"draws":0,"losses":0,"trades":1,"profit_factor":0.0},{"date":"26/05/2025","date_ts":1748217600000,"profit_abs":0.0,"wins":0,"draws":0,"losses":0,"trades":0,"profit_factor":0.0},{"date":"02/06/2025","date_ts":1748822400000,"profit_abs":0.0,"wins":0,"draws":0,"losses":0,"trades":0,"profit_factor":0.0},{"date":"09/06/2025","date_ts":1749427200000,"profit_abs":42.84114624,"wins":7,"draws":0,"losses":2,"trades":9,"profit_factor":3.46279255},{"date":"16/06/2025","date_ts":1750032000000,"profit_abs":49.66460712,"wins":6,"draws":0,"losses":3,"trades":9,"profit_factor":3.63109928},{"date":"23/06/2025","date_ts":1750636800000,"profit_abs":-200.44512069,"wins":8,"draws":0,"losses":16,"trades":24,"profit_factor":0.25152389},{"date":"30/06/2025","date_ts":1751241600000,"profit_abs":-5.12514715,"wins":13,"draws":0,"losses":16,"trades":29,"profit_factor":0.9426854}],"month":[{"date":"31/05/2025","date_ts":1748649600000,"profit_abs":25.92190494,"wins":1,"draws":0,"losses":0,"trades":1,"profit_factor":0.0},{"date":"30/06/2025","date_ts":1751241600000,"profit_abs":-113.06451448,"wins":34,"draws":0,"losses":37,"trades":71,"profit_factor":0.71266738}],"year":[{"date":"31/12/2025","date_ts":1767139200000,"profit_abs":-87.14260954,"wins":35,"draws":0,"losses":37,"trades":72,"profit_factor":0.77854312}]},"backtest_best_day":0.03396525712077825,"backtest_worst_day":-0.10978140225653832,"backtest_best_day_abs":36.49618551,"backtest_worst_day_abs":-110.75295482,"winning_days":11,"draw_days":22,"losing_days":9,"daily_profit":[["2025-05-19",25.92190494],["2025-05-20",0.0],["2025-05-21",0.0],["2025-05-22",0.0],["2025-05-23",0.0],["2025-05-24",0.0],["2025-05-25",0.0],["2025-05-26",0.0],["2025-05-27",0.0],["2025-05-28",0.0],["2025-05-29",0.0],["2025-05-30",0.0],["2025-05-31",0.0],["2025-06-01",0.0],["2025-06-02",0.0],["2025-06-03",0.0],["2025-06-04",0.0],["2025-06-05",-0.85676705],["2025-06-06",21.15736076],["2025-06-07",16.31727188],["2025-06-08",6.22328065],["2025-06-09",0.0],["2025-06-10",0.0],["2025-06-11",0.0],["2025-06-12",0.0],["2025-06-13",8.99255467],["2025-06-14",4.17586694],["2025-06-15",36.49618551],["2025-06-16",0.0],["2025-06-17",-0.51365344],["2025-06-18",8.26165294],["2025-06-19",-21.45057205],["2025-06-20",-52.72873241],["2025-06-21",-110.75295482],["2025-06-22",-23.26086091],["2025-06-23",0.0],["2025-06-24",-7.04389747],["2025-06-25",-4.39144446],["2025-06-26",-51.89340853],["2025-06-27",17.1889306],["2025-06-28",25.99696681],["2025-06-29",15.0177059]],"wins":35,"losses":37,"draws":0,"winrate":0.4861111111111111,"holding_avg":"2:47:00","holding_avg_s":10020.0,"winner_holding_min":"0d 00:15","winner_holding_min_s":900.0,"winner_holding_max":"0d 07:45","winner_holding_max_s":27900.0,"winner_holding_avg":"0d 02:46","winner_holding_avg_s":9960.0,"loser_holding_min":"0d 00:15","loser_holding_min_s":900.0,"loser_holding_max":"0d 09:30","loser_holding_max_s":34200.0,"loser_holding_avg":"0d 02:48","loser_holding_avg_s":10080.0,"max_consecutive_wins":5,"max_consecutive_losses":11,"max_drawdown_account":0.2476218136059193,"max_relative_drawdown":0.2476218136059193,"max_drawdown_abs":281.28263765,"drawdown_start":"2025-06-17 01:30:00","drawdown_start_ts":1750123800000.0,"drawdown_end":"2025-06-26 23:45:00","drawdown_end_ts":1750981500000.0,"max_drawdown_low":-145.34621285,"max_drawdown_high":135.93642480000003,"csum_min":854.65378715,"csum_max":1135.9364248}},"strategy_comparison":[{"key":"SimpleGridDowntrend","trades":72,"profit_mean":-0.0011670499082614945,"profit_mean_pct":-0.12,"profit_sum":-0.08402759339482761,"profit_sum_pct":-8.4,"profit_total_abs":-87.14260954000002,"profit_total":-0.08714260954000003,"profit_total_pct":-8.71,"duration_avg":"2:47:00","wins":35,"draws":0,"losses":37,"winrate":0.4861111111111111,"cagr":-0.5226644129566969,"expectancy":-1.2103140213888874,"expectancy_ratio":-0.11380422953081692,"sortino":-2.504948999539832,"sharpe":-2.4122973692367617,"calmar":-14.940859417632502,"sqn":-0.665,"profit_factor":0.7785431209130049,"max_drawdown_account":0.2476218136059193,"max_drawdown_abs":"281.283"}]}