{"strategy":{"GridBotSample":{"trades":[{"pair":"BTC/USDT:USDT","stake_amount":312.8019,"max_stake_amount":312.8019,"amount":0.003,"open_date":"2025-05-18 18:15:00+00:00","close_date":"2025-05-18 18:30:00+00:00","open_rate":104267.3,"close_rate":104649.8,"fee_open":0.0005,"fee_close":0.0005,"trade_duration":15,"profit_ratio":0.0026652891055069486,"profit_abs":0.83412435,"exit_reason":"exit_signal","initial_stop_loss_abs":93840.6,"initial_stop_loss_ratio":-0.1,"stop_loss_abs":93840.6,"stop_loss_ratio":-0.1,"min_rate":104012.8,"max_rate":104716.7,"is_open":false,"enter_tag":"","leverage":1.0,"is_short":false,"open_timestamp":1747592100000,"close_timestamp":1747593000000,"orders":[{"amount":0.003,"safe_price":104267.3,"ft_order_side":"buy","order_filled_timestamp":1747592100000,"ft_is_entry":true,"ft_order_tag":"","cost":312.95830094999997},{"amount":0.003,"safe_price":104649.8,"ft_order_side":"sell","order_filled_timestamp":1747593000000,"ft_is_entry":false,"ft_order_tag":"exit_signal","cost":314.1063747}],"funding_fees":0.0},{"pair":"BTC/USDT:USDT","stake_amount":310.8753,"max_stake_amount":310.8753,"amount":0.003,"open_date":"2025-05-19 04:15:00+00:00","close_date":"2025-05-19 04:30:00+00:00","open_rate":103625.1,"close_rate":103266.3,"fee_open":0.0005,"fee_close":0.0005,"trade_duration":15,"profit_ratio":-0.0044585210789053345,"profit_abs":-1.3867371,"exit_reason":"exit_signal","initial_stop_loss_abs":93262.6,"initial_stop_loss_ratio":-0.1,"stop_loss_abs":93262.6,"stop_loss_ratio":-0.1,"min_rate":103000.0,"max_rate":103626.6,"is_open":false,"enter_tag":"","leverage":1.0,"is_short":false,"open_timestamp":1747628100000,"close_timestamp":1747629000000,"orders":[{"amount":0.003,"safe_price":103625.1,"ft_order_side":"buy","order_filled_timestamp":1747628100000,"ft_is_entry":true,"ft_order_tag":"","cost":311.03073765000005},{"amount":0.003,"safe_price":103266.3,"ft_order_side":"sell","order_filled_timestamp":1747629000000,"ft_is_entry":false,"ft_order_tag":"exit_signal","cost":309.95379944999996}],"funding_fees":0.0},{"pair":"BTC/USDT:USDT","stake_amount":326.889,"max_stake_amount":326.889,"amount":0.003,"open_date":"2025-05-21 15:00:00+00:00","close_date":"2025-05-21 15:30:00+00:00","open_rate":108963.0,"close_rate":108860.7,"fee_open":0.0005,"fee_close":0.0005,"trade_duration":30,"profit_ratio":-0.0019374126708293113,"profit_abs":-0.63363555,"exit_reason":"exit_signal","initial_stop_loss_abs":98066.7,"initial_stop_loss_ratio":-0.1,"stop_loss_abs":98066.7,"stop_loss_ratio":-0.1,"min_rate":108270.0,"max_rate":109430.0,"is_open":false,"enter_tag":"","leverage":1.0,"is_short":false,"open_timestamp":1747839600000,"close_timestamp":1747841400000,"orders":[{"amount":0.003,"safe_price":108963.0,"ft_order_side":"buy","order_filled_timestamp":1747839600000,"ft_is_entry":true,"ft_order_tag":"","cost":327.0524445},{"amount":0.003,"safe_price":108860.7,"ft_order_side":"sell","order_filled_timestamp":1747841400000,"ft_is_entry":false,"ft_order_tag":"exit_signal","cost":326.74539105}],"funding_fees":0.0},{"pair":"BTC/USDT:USDT","stake_amount":320.7717,"max_stake_amount":320.7717,"amount":0.003,"open_date":"2025-05-21 17:30:00+00:00","close_date":"2025-05-21 18:15:00+00:00","open_rate":106923.9,"close_rate":106804.6,"fee_open":0.0005,"fee_close":0.0005,"trade_duration":45,"profit_ratio":-0.0021141318675039545,"profit_abs":-0.67849275,"exit_reason":"exit_signal","initial_stop_loss_abs":96231.6,"initial_stop_loss_ratio":-0.1,"stop_loss_abs":96231.6,"stop_loss_ratio":-0.1,"min_rate":106085.3,"max_rate":107626.5,"is_open":false,"enter_tag":"","leverage":1.0,"is_short":false,"open_timestamp":1747848600000,"close_timestamp":1747851300000,"orders":[{"amount":0.003,"safe_price":106923.9,"ft_order_side":"buy","order_filled_timestamp":1747848600000,"ft_is_entry":true,"ft_order_tag":"","cost":320.93208584999996},{"amount":0.003,"safe_price":106804.6,"ft_order_side":"sell","order_filled_timestamp":1747851300000,"ft_is_entry":false,"ft_order_tag":"exit_signal","cost":320.57400690000003}],"funding_fees":0.0},{"pair":"BTC/USDT:USDT","stake_amount":324.18,"max_stake_amount":324.18,"amount":0.003,"open_date":"2025-05-21 19:45:00+00:00","close_date":"2025-05-21 20:00:00+00:00","open_rate":108060.0,"close_rate":108547.2,"fee_open":0.0005,"fee_close":0.0005,"trade_duration":15,"profit_ratio":0.003504599726788466,"profit_abs":1.1366892,"exit_reason":"exit_signal","initial_stop_loss_abs":97254.0,"initial_stop_loss_ratio":-0.1,"stop_loss_abs":97254.0,"stop_loss_ratio":-0.1,"min_rate":107905.3,"max_rate":108800.0,"is_open":false,"enter_tag":"","leverage":1.0,"is_short":false,"open_timestamp":1747856700000,"close_timestamp":1747857600000,"orders":[{"amount":0.003,"safe_price":108060.0,"ft_order_side":"buy","order_filled_timestamp":1747856700000,"ft_is_entry":true,"ft_order_tag":"","cost":324.34209},{"amount":0.003,"safe_price":108547.2,"ft_order_side":"sell","order_filled_timestamp":1747857600000,"ft_is_entry":false,"ft_order_tag":"exit_signal","cost":325.80442079999995}],"funding_fees":0.0},{"pair":"BTC/USDT:USDT","stake_amount":327.0996,"max_stake_amount":327.0996,"amount":0.003,"open_date":"2025-05-23 12:00:00+00:00","close_date":"2025-05-23 12:45:00+00:00","open_rate":109033.2,"close_rate":108539.7,"fee_open":0.0005,"fee_close":0.0005,"trade_duration":45,"profit_ratio":-0.005521120697836662,"profit_abs":-1.80685935,"exit_reason":"exit_signal","initial_stop_loss_abs":98129.9,"initial_stop_loss_ratio":-0.1,"stop_loss_abs":98129.9,"stop_loss_ratio":-0.1,"min_rate":107250.0,"max_rate":109080.7,"is_open":false,"enter_tag":"","leverage":1.0,"is_short":false,"open_timestamp":1748001600000,"close_timestamp":1748004300000,"orders":[{"amount":0.003,"safe_price":109033.2,"ft_order_side":"buy","order_filled_timestamp":1748001600000,"ft_is_entry":true,"ft_order_tag":"","cost":327.2631498},{"amount":0.003,"safe_price":108539.7,"ft_order_side":"sell","order_filled_timestamp":1748004300000,"ft_is_entry":false,"ft_order_tag":"exit_signal","cost":325.78190954999997}],"funding_fees":0.0},{"pair":"BTC/USDT:USDT","stake_amount":327.0465,"max_stake_amount":327.0465,"amount":0.003,"open_date":"2025-05-23 13:45:00+00:00","close_date":"2025-05-23 14:00:00+00:00","open_rate":109015.5,"close_rate":109603.4,"fee_open":0.0005,"fee_close":0.0005,"trade_duration":15,"profit_ratio":0.004387920748084846,"profit_abs":1.43577165,"exit_reason":"exit_signal","initial_stop_loss_abs":98114.0,"initial_stop_loss_ratio":-0.1,"stop_loss_abs":98114.0,"stop_loss_ratio":-0.1,"min_rate":108805.3,"max_rate":109969.6,"is_open":false,"enter_tag":"","leverage":1.0,"is_short":false,"open_timestamp":1748007900000,"close_timestamp":1748008800000,"orders":[{"amount":0.003,"safe_price":109015.5,"ft_order_side":"buy","order_filled_timestamp":1748007900000,"ft_is_entry":true,"ft_order_tag":"","cost":327.21002324999995},{"amount":0.003,"safe_price":109603.4,"ft_order_side":"sell","order_filled_timestamp":1748008800000,"ft_is_entry":false,"ft_order_tag":"exit_signal","cost":328.97460509999996}],"funding_fees":0.0},{"pair":"BTC/USDT:USDT","stake_amount":324.9591,"max_stake_amount":324.9591,"amount":0.003,"open_date":"2025-05-27 01:30:00+00:00","close_date":"2025-05-27 01:45:00+00:00","open_rate":108319.7,"close_rate":108326.1,"fee_open":0.0005,"fee_close":0.0005,"trade_duration":15,"profit_ratio":-0.0009404749460900558,"profit_abs":-0.3057687,"exit_reason":"exit_signal","initial_stop_loss_abs":97487.8,"initial_stop_loss_ratio":-0.1,"stop_loss_abs":97487.8,"stop_loss_ratio":-0.1,"min_rate":108110.6,"max_rate":108600.0,"is_open":false,"enter_tag":"","leverage":1.0,"is_short":false,"open_timestamp":1748309400000,"close_timestamp":1748310300000,"orders":[{"amount":0.003,"safe_price":108319.7,"ft_order_side":"buy","order_filled_timestamp":1748309400000,"ft_is_entry":true,"ft_order_tag":"","cost":325.12157955},{"amount":0.003,"safe_price":108326.1,"ft_order_side":"sell","order_filled_timestamp":1748310300000,"ft_is_entry":false,"ft_order_tag":"exit_signal","cost":325.14078915000005}],"funding_fees":0.0},{"pair":"BTC/USDT:USDT","stake_amount":321.4602,"max_stake_amount":321.4602,"amount":0.003,"open_date":"2025-05-29 14:45:00+00:00","close_date":"2025-05-29 15:00:00+00:00","open_rate":107153.4,"close_rate":107571.1,"fee_open":0.0005,"fee_close":0.0005,"trade_duration":15,"profit_ratio":0.0028947533038677694,"profit_abs":0.93101325,"exit_reason":"exit_signal","initial_stop_loss_abs":96438.1,"initial_stop_loss_ratio":-0.1,"stop_loss_abs":96438.1,"stop_loss_ratio":-0.1,"min_rate":107066.5,"max_rate":107788.0,"is_open":false,"enter_tag":"","leverage":1.0,"is_short":false,"open_timestamp":1748529900000,"close_timestamp":1748530800000,"orders":[{"amount":0.003,"safe_price":107153.4,"ft_order_side":"buy","order_filled_timestamp":1748529900000,"ft_is_entry":true,"ft_order_tag":"","cost":321.62093009999995},{"amount":0.003,"safe_price":107571.1,"ft_order_side":"sell","order_filled_timestamp":1748530800000,"ft_is_entry":false,"ft_order_tag":"exit_signal","cost":322.87465664999996}],"funding_fees":0.0},{"pair":"BTC/USDT:USDT","stake_amount":314.7015,"max_stake_amount":314.7015,"amount":0.003,"open_date":"2025-05-30 01:00:00+00:00","close_date":"2025-05-30 01:15:00+00:00","open_rate":104900.5,"close_rate":105469.5,"fee_open":0.0005,"fee_close":0.0005,"trade_duration":15,"profit_ratio":0.004419265955794321,"profit_abs":1.391445,"exit_reason":"exit_signal","initial_stop_loss_abs":94410.5,"initial_stop_loss_ratio":-0.1,"stop_loss_abs":94410.5,"stop_loss_ratio":-0.1,"min_rate":104888.0,"max_rate":105716.9,"is_open":false,"enter_tag":"","leverage":1.0,"is_short":false,"open_timestamp":1748566800000,"close_timestamp":1748567700000,"orders":[{"amount":0.003,"safe_price":104900.5,"ft_order_side":"buy","order_filled_timestamp":1748566800000,"ft_is_entry":true,"ft_order_tag":"","cost":314.85885075},{"amount":0.003,"safe_price":105469.5,"ft_order_side":"sell","order_filled_timestamp":1748567700000,"ft_is_entry":false,"ft_order_tag":"exit_signal","cost":316.56670425}],"funding_fees":0.0},{"pair":"BTC/USDT:USDT","stake_amount":313.0737,"max_stake_amount":313.0737,"amount":0.003,"open_date":"2025-05-30 16:45:00+00:00","close_date":"2025-05-30 17:00:00+00:00","open_rate":104357.9,"close_rate":103867.5,"fee_open":0.0005,"fee_close":0.0005,"trade_duration":15,"profit_ratio":-0.005694016382122465,"profit_abs":-1.7835381,"exit_reason":"exit_signal","initial_stop_loss_abs":93922.2,"initial_stop_loss_ratio":-0.1,"stop_loss_abs":93922.2,"stop_loss_ratio":-0.1,"min_rate":103650.2,"max_rate":104358.0,"is_open":false,"enter_tag":"","leverage":1.0,"is_short":false,"open_timestamp":1748623500000,"close_timestamp":1748624400000,"orders":[{"amount":0.003,"safe_price":104357.9,"ft_order_side":"buy","order_filled_timestamp":1748623500000,"ft_is_entry":true,"ft_order_tag":"","cost":313.23023685},{"amount":0.003,"safe_price":103867.5,"ft_order_side":"sell","order_filled_timestamp":1748624400000,"ft_is_entry":false,"ft_order_tag":"exit_signal","cost":311.75830125}],"funding_fees":0.0},{"pair":"BTC/USDT:USDT","stake_amount":313.4259,"max_stake_amount":313.4259,"amount":0.003,"open_date":"2025-06-05 14:00:00+00:00","close_date":"2025-06-05 14:15:00+00:00","open_rate":104475.3,"close_rate":104223.7,"fee_open":0.0005,"fee_close":0.0005,"trade_duration":15,"profit_ratio":-0.0034053179478106647,"profit_abs":-1.0678485,"exit_reason":"exit_signal","initial_stop_loss_abs":94027.8,"initial_stop_loss_ratio":-0.1,"stop_loss_abs":94027.8,"stop_loss_ratio":-0.1,"min_rate":103825.0,"max_rate":104506.3,"is_open":false,"enter_tag":"","leverage":1.0,"is_short":false,"open_timestamp":1749132000000,"close_timestamp":1749132900000,"orders":[{"amount":0.003,"safe_price":104475.3,"ft_order_side":"buy","order_filled_timestamp":1749132000000,"ft_is_entry":true,"ft_order_tag":"","cost":313.58261295},{"amount":0.003,"safe_price":104223.7,"ft_order_side":"sell","order_filled_timestamp":1749132900000,"ft_is_entry":false,"ft_order_tag":"exit_signal","cost":312.82743555}],"funding_fees":0.0},{"pair":"BTC/USDT:USDT","stake_amount":306.4872,"max_stake_amount":306.4872,"amount":0.003,"open_date":"2025-06-05 19:30:00+00:00","close_date":"2025-06-05 19:45:00+00:00","open_rate":102162.4,"close_rate":102161.6,"fee_open":0.0005,"fee_close":0.0005,"trade_duration":15,"profit_ratio":-0.0010073230927193976,"profit_abs":-0.308886,"exit_reason":"exit_signal","initial_stop_loss_abs":91946.2,"initial_stop_loss_ratio":-0.1,"stop_loss_abs":91946.2,"stop_loss_ratio":-0.1,"min_rate":101808.2,"max_rate":102445.7,"is_open":false,"enter_tag":"","leverage":1.0,"is_short":false,"open_timestamp":1749151800000,"close_timestamp":1749152700000,"orders":[{"amount":0.003,"safe_price":102162.4,"ft_order_side":"buy","order_filled_timestamp":1749151800000,"ft_is_entry":true,"ft_order_tag":"","cost":306.64044359999997},{"amount":0.003,"safe_price":102161.6,"ft_order_side":"sell","order_filled_timestamp":1749152700000,"ft_is_entry":false,"ft_order_tag":"exit_signal","cost":306.6380424}],"funding_fees":0.0},{"pair":"BTC/USDT:USDT","stake_amount":312.8103,"max_stake_amount":312.8103,"amount":0.003,"open_date":"2025-06-13 00:15:00+00:00","close_date":"2025-06-13 00:45:00+00:00","open_rate":104270.1,"close_rate":103850.2,"fee_open":0.0005,"fee_close":0.0005,"trade_duration":30,"profit_ratio":-0.005022516530142153,"profit_abs":-1.57188045,"exit_reason":"exit_signal","initial_stop_loss_abs":93843.1,"initial_stop_loss_ratio":-0.1,"stop_loss_abs":93843.1,"stop_loss_ratio":-0.1,"min_rate":103150.0,"max_rate":104561.9,"is_open":false,"enter_tag":"","leverage":1.0,"is_short":false,"open_timestamp":1749773700000,"close_timestamp":1749775500000,"orders":[{"amount":0.003,"safe_price":104270.1,"ft_order_side":"buy","order_filled_timestamp":1749773700000,"ft_is_entry":true,"ft_order_tag":"","cost":312.96670515},{"amount":0.003,"safe_price":103850.2,"ft_order_side":"sell","order_filled_timestamp":1749775500000,"ft_is_entry":false,"ft_order_tag":"exit_signal","cost":311.70637529999993}],"funding_fees":0.0},{"pair":"BTC/USDT:USDT","stake_amount":308.5608,"max_stake_amount":308.5608,"amount":0.003,"open_date":"2025-06-13 01:15:00+00:00","close_date":"2025-06-13 01:30:00+00:00","open_rate":102853.6,"close_rate":103212.5,"fee_open":0.0005,"fee_close":0.0005,"trade_duration":15,"profit_ratio":0.002486437815105841,"profit_abs":0.76760085,"exit_reason":"exit_signal","initial_stop_loss_abs":92568.3,"initial_stop_loss_ratio":-0.1,"stop_loss_abs":92568.3,"stop_loss_ratio":-0.1,"min_rate":102828.9,"max_rate":103512.3,"is_open":false,"enter_tag":"","leverage":1.0,"is_short":false,"open_timestamp":1749777300000,"close_timestamp":1749778200000,"orders":[{"amount":0.003,"safe_price":102853.6,"ft_order_side":"buy","order_filled_timestamp":1749777300000,"ft_is_entry":true,"ft_order_tag":"","cost":308.71508040000003},{"amount":0.003,"safe_price":103212.5,"ft_order_side":"sell","order_filled_timestamp":1749778200000,"ft_is_entry":false,"ft_order_tag":"exit_signal","cost":309.79231875}],"funding_fees":0.0}],"locks":[],"best_pair":{"key":"BTC/USDT:USDT","trades":15,"profit_mean":-0.0006495045705874538,"profit_mean_pct":-0.06,"profit_sum":-0.009742568558811806,"profit_sum_pct":-0.97,"profit_total_abs":-3.0470021999999997,"profit_total":-0.0030470021999999997,"profit_total_pct":-0.3,"duration_avg":"0:21:00","wins":6,"draws":0,"losses":9,"winrate":0.4,"cagr":-0.03644764486128482,"expectancy":-0.20313348000000003,"expectancy_ratio":-0.1915621371768118,"sortino":-3.4121974703353426,"sharpe":-1.686667985056836,"calmar":-41.04284590981978,"sqn":-0.6607,"profit_factor":0.6807297713719802,"max_drawdown_account":0.004727815043306979,"max_drawdown_abs":4.73215305},"worst_pair":{"key":"BTC/USDT:USDT","trades":15,"profit_mean":-0.0006495045705874538,"profit_mean_pct":-0.06,"profit_sum":-0.009742568558811806,"profit_sum_pct":-0.97,"profit_total_abs":-3.0470021999999997,"profit_total":-0.0030470021999999997,"profit_total_pct":-0.3,"duration_avg":"0:21:00","wins":6,"draws":0,"losses":9,"winrate":0.4,"cagr":-0.03644764486128482,"expectancy":-0.20313348000000003,"expectancy_ratio":-0.1915621371768118,"sortino":-3.4121974703353426,"sharpe":-1.686667985056836,"calmar":-41.04284590981978,"sqn":-0.6607,"profit_factor":0.6807297713719802,"max_drawdown_account":0.004727815043306979,"max_drawdown_abs":4.73215305},"results_per_pair":[{"key":"BTC/USDT:USDT","trades":15,"profit_mean":-0.0006495045705874538,"profit_mean_pct":-0.06,"profit_sum":-0.009742568558811806,"profit_sum_pct":-0.97,"profit_total_abs":-3.0470021999999997,"profit_total":-0.0030470021999999997,"profit_total_pct":-0.3,"duration_avg":"0:21:00","wins":6,"draws":0,"losses":9,"winrate":0.4,"cagr":-0.03644764486128482,"expectancy":-0.20313348000000003,"expectancy_ratio":-0.1915621371768118,"sortino":-3.4121974703353426,"sharpe":-1.686667985056836,"calmar":-41.04284590981978,"sqn":-0.6607,"profit_factor":0.6807297713719802,"max_drawdown_account":0.004727815043306979,"max_drawdown_abs":4.73215305},{"key":"TOTAL","trades":15,"profit_mean":-0.0006495045705874538,"profit_mean_pct":-0.06,"profit_sum":-0.009742568558811806,"profit_sum_pct":-0.97,"profit_total_abs":-3.0470021999999997,"profit_total":-0.0030470021999999997,"profit_total_pct":-0.3,"duration_avg":"0:21:00","wins":6,"draws":0,"losses":9,"winrate":0.4,"cagr":-0.03644764486128482,"expectancy":-0.20313348000000003,"expectancy_ratio":-0.1915621371768118,"sortino":-3.4121974703353426,"sharpe":-1.686667985056836,"calmar":-41.04284590981978,"sqn":-0.6607,"profit_factor":0.6807297713719802,"max_drawdown_account":0.004727815043306979,"max_drawdown_abs":4.73215305}],"results_per_enter_tag":[{"key":"","trades":15,"profit_mean":-0.0006495045705874538,"profit_mean_pct":-0.06,"profit_sum":-0.009742568558811806,"profit_sum_pct":-0.97,"profit_total_abs":-3.0470021999999997,"profit_total":-0.0030470021999999997,"profit_total_pct":-0.3,"duration_avg":"0:21:00","wins":6,"draws":0,"losses":9,"winrate":0.4,"cagr":-0.03644764486128482,"expectancy":-0.20313348000000003,"expectancy_ratio":-0.1915621371768118,"sortino":-3.4121974703353426,"sharpe":-1.686667985056836,"calmar":-41.04284590981978,"sqn":-0.6607,"profit_factor":0.6807297713719802,"max_drawdown_account":0.004727815043306979,"max_drawdown_abs":4.73215305},{"key":"TOTAL","trades":15,"profit_mean":-0.0006495045705874538,"profit_mean_pct":-0.06,"profit_sum":-0.009742568558811806,"profit_sum_pct":-0.97,"profit_total_abs":-3.0470021999999997,"profit_total":-0.0030470021999999997,"profit_total_pct":-0.3,"duration_avg":"0:21:00","wins":6,"draws":0,"losses":9,"winrate":0.4,"cagr":-0.03644764486128482,"expectancy":-0.20313348000000003,"expectancy_ratio":-0.1915621371768118,"sortino":-3.4121974703353426,"sharpe":-1.686667985056836,"calmar":-41.04284590981978,"sqn":-0.6607,"profit_factor":0.6807297713719802,"max_drawdown_account":0.004727815043306979,"max_drawdown_abs":4.73215305}],"exit_reason_summary":[{"key":"exit_signal","trades":15,"profit_mean":-0.0006495045705874538,"profit_mean_pct":-0.06,"profit_sum":-0.009742568558811806,"profit_sum_pct":-0.97,"profit_total_abs":-3.0470021999999997,"profit_total":-0.0030470021999999997,"profit_total_pct":-0.3,"duration_avg":"0:21:00","wins":6,"draws":0,"losses":9,"winrate":0.4,"cagr":-0.03644764486128482,"expectancy":-0.20313348000000003,"expectancy_ratio":-0.1915621371768118,"sortino":-3.4121974703353426,"sharpe":-1.686667985056836,"calmar":-41.04284590981978,"sqn":-0.6607,"profit_factor":0.6807297713719802,"max_drawdown_account":0.004727815043306979,"max_drawdown_abs":4.73215305},{"key":"TOTAL","trades":15,"profit_mean":-0.0006495045705874538,"profit_mean_pct":-0.06,"profit_sum":-0.009742568558811806,"profit_sum_pct":-0.97,"profit_total_abs":-3.0470021999999997,"profit_total":-0.0030470021999999997,"profit_total_pct":-0.3,"duration_avg":"0:21:00","wins":6,"draws":0,"losses":9,"winrate":0.4,"cagr":-0.03644764486128482,"expectancy":-0.20313348000000003,"expectancy_ratio":-0.1915621371768118,"sortino":-3.4121974703353426,"sharpe":-1.686667985056836,"calmar":-41.04284590981978,"sqn":-0.6607,"profit_factor":0.6807297713719802,"max_drawdown_account":0.004727815043306979,"max_drawdown_abs":4.73215305}],"mix_tag_stats":[{"key":["","exit_signal"],"trades":15,"profit_mean":-0.0006495045705874538,"profit_mean_pct":-0.06,"profit_sum":-0.009742568558811806,"profit_sum_pct":-0.97,"profit_total_abs":-3.0470021999999997,"profit_total":-0.0030470021999999997,"profit_total_pct":-0.3,"duration_avg":"0:21:00","wins":6,"draws":0,"losses":9,"winrate":0.4,"cagr":-0.03644764486128482,"expectancy":-0.20313348000000003,"expectancy_ratio":-0.1915621371768118,"sortino":-3.4121974703353426,"sharpe":-1.686667985056836,"calmar":-41.04284590981978,"sqn":-0.6607,"profit_factor":0.6807297713719802,"max_drawdown_account":0.004727815043306979,"max_drawdown_abs":4.73215305},{"key":"TOTAL","trades":15,"profit_mean":-0.0006495045705874538,"profit_mean_pct":-0.06,"profit_sum":-0.009742568558811806,"profit_sum_pct":-0.97,"profit_total_abs":-3.0470021999999997,"profit_total":-0.0030470021999999997,"profit_total_pct":-0.3,"duration_avg":"0:21:00","wins":6,"draws":0,"losses":9,"winrate":0.4,"cagr":-0.03644764486128482,"expectancy":-0.20313348000000003,"expectancy_ratio":-0.1915621371768118,"sortino":-3.4121974703353426,"sharpe":-1.686667985056836,"calmar":-41.04284590981978,"sqn":-0.6607,"profit_factor":0.6807297713719802,"max_drawdown_account":0.004727815043306979,"max_drawdown_abs":4.73215305}],"left_open_trades":[{"key":"TOTAL","trades":0,"profit_mean":0.0,"profit_mean_pct":0.0,"profit_sum":0.0,"profit_sum_pct":0.0,"profit_total_abs":0.0,"profit_total":0.0,"profit_total_pct":0.0,"duration_avg":"0:00","wins":0,"draws":0,"losses":0,"winrate":0.0,"cagr":0.0,"expectancy":0.0,"expectancy_ratio":100.0,"sortino":0,"sharpe":0,"calmar":0,"sqn":0.0,"profit_factor":0.0,"max_drawdown_account":0.0,"max_drawdown_abs":0.0}],"total_trades":15,"trade_count_long":15,"trade_count_short":0,"total_volume":9536.7704022,"avg_stake_amount":317.67618000000004,"profit_mean":-0.0006495045705874538,"profit_median":-0.0010073230927193976,"profit_total":-0.0030470021999999997,"profit_total_long":-0.0030470021999999997,"profit_total_short":0.0,"profit_total_abs":-3.0470021999999997,"profit_total_long_abs":-3.0470021999999997,"profit_total_short_abs":0.0,"cagr":-0.03644764486128482,"expectancy":-0.20313348000000003,"expectancy_ratio":-0.1915621371768118,"sortino":-3.4121974703353426,"sharpe":-1.686667985056836,"calmar":-41.04284590981978,"sqn":-0.6607,"profit_factor":0.6807297713719802,"backtest_start":"2025-05-16 00:00:00","backtest_start_ts":1747353600000,"backtest_end":"2025-06-15 16:15:00","backtest_end_ts":1750004100000,"backtest_days":30,"backtest_run_start_ts":1750005273,"backtest_run_end_ts":1750005273,"trades_per_day":0.5,"market_change":0.014456534609716036,"pairlist":["BTC/USDT:USDT"],"stake_amount":"unlimited","stake_currency":"USDT","stake_currency_decimals":3,"starting_balance":1000,"dry_run_wallet":1000,"final_balance":996.9529978,"rejected_signals":0,"timedout_entry_orders":0,"timedout_exit_orders":0,"canceled_trade_entries":0,"canceled_entry_orders":0,"replaced_entry_orders":0,"max_open_trades":1,"max_open_trades_setting":3,"timeframe":"15m","timeframe_detail":"","timerange":"","enable_protections":false,"strategy_name":"GridBotSample","stoploss":-0.1,"trailing_stop":false,"trailing_stop_positive":null,"trailing_stop_positive_offset":0.0,"trailing_only_offset_is_reached":false,"use_custom_stoploss":false,"minimal_roi":{},"use_exit_signal":true,"exit_profit_only":false,"exit_profit_offset":0.0,"ignore_roi_if_entry_signal":false,"trading_mode":"futures","margin_mode":"isolated","periodic_breakdown":{"day":[{"date":"18/05/2025","date_ts":1747526400000,"profit_abs":0.83412435,"wins":1,"draws":0,"losses":0,"trades":1,"profit_factor":0.0},{"date":"19/05/2025","date_ts":1747612800000,"profit_abs":-1.3867371,"wins":0,"draws":0,"losses":1,"trades":1,"profit_factor":0.0},{"date":"20/05/2025","date_ts":1747699200000,"profit_abs":0.0,"wins":0,"draws":0,"losses":0,"trades":0,"profit_factor":0.0},{"date":"21/05/2025","date_ts":1747785600000,"profit_abs":-0.1754391,"wins":1,"draws":0,"losses":2,"trades":3,"profit_factor":0.86629425},{"date":"22/05/2025","date_ts":1747872000000,"profit_abs":0.0,"wins":0,"draws":0,"losses":0,"trades":0,"profit_factor":0.0},{"date":"23/05/2025","date_ts":1747958400000,"profit_abs":-0.3710877,"wins":1,"draws":0,"losses":1,"trades":2,"profit_factor":0.79462281},{"date":"24/05/2025","date_ts":1748044800000,"profit_abs":0.0,"wins":0,"draws":0,"losses":0,"trades":0,"profit_factor":0.0},{"date":"25/05/2025","date_ts":1748131200000,"profit_abs":0.0,"wins":0,"draws":0,"losses":0,"trades":0,"profit_factor":0.0},{"date":"26/05/2025","date_ts":1748217600000,"profit_abs":0.0,"wins":0,"draws":0,"losses":0,"trades":0,"profit_factor":0.0},{"date":"27/05/2025","date_ts":1748304000000,"profit_abs":-0.3057687,"wins":0,"draws":0,"losses":1,"trades":1,"profit_factor":0.0},{"date":"28/05/2025","date_ts":1748390400000,"profit_abs":0.0,"wins":0,"draws":0,"losses":0,"trades":0,"profit_factor":0.0},{"date":"29/05/2025","date_ts":1748476800000,"profit_abs":0.93101325,"wins":1,"draws":0,"losses":0,"trades":1,"profit_factor":0.0},{"date":"30/05/2025","date_ts":1748563200000,"profit_abs":-0.3920931,"wins":1,"draws":0,"losses":1,"trades":2,"profit_factor":0.78015995},{"date":"31/05/2025","date_ts":1748649600000,"profit_abs":0.0,"wins":0,"draws":0,"losses":0,"trades":0,"profit_factor":0.0},{"date":"01/06/2025","date_ts":1748736000000,"profit_abs":0.0,"wins":0,"draws":0,"losses":0,"trades":0,"profit_factor":0.0},{"date":"02/06/2025","date_ts":1748822400000,"profit_abs":0.0,"wins":0,"draws":0,"losses":0,"trades":0,"profit_factor":0.0},{"date":"03/06/2025","date_ts":1748908800000,"profit_abs":0.0,"wins":0,"draws":0,"losses":0,"trades":0,"profit_factor":0.0},{"date":"04/06/2025","date_ts":1748995200000,"profit_abs":0.0,"wins":0,"draws":0,"losses":0,"trades":0,"profit_factor":0.0},{"date":"05/06/2025","date_ts":1749081600000,"profit_abs":-1.3767345,"wins":0,"draws":0,"losses":2,"trades":2,"profit_factor":0.0},{"date":"06/06/2025","date_ts":1749168000000,"profit_abs":0.0,"wins":0,"draws":0,"losses":0,"trades":0,"profit_factor":0.0},{"date":"07/06/2025","date_ts":1749254400000,"profit_abs":0.0,"wins":0,"draws":0,"losses":0,"trades":0,"profit_factor":0.0},{"date":"08/06/2025","date_ts":1749340800000,"profit_abs":0.0,"wins":0,"draws":0,"losses":0,"trades":0,"profit_factor":0.0},{"date":"09/06/2025","date_ts":1749427200000,"profit_abs":0.0,"wins":0,"draws":0,"losses":0,"trades":0,"profit_factor":0.0},{"date":"10/06/2025","date_ts":1749513600000,"profit_abs":0.0,"wins":0,"draws":0,"losses":0,"trades":0,"profit_factor":0.0},{"date":"11/06/2025","date_ts":1749600000000,"profit_abs":0.0,"wins":0,"draws":0,"losses":0,"trades":0,"profit_factor":0.0},{"date":"12/06/2025","date_ts":1749686400000,"profit_abs":0.0,"wins":0,"draws":0,"losses":0,"trades":0,"profit_factor":0.0},{"date":"13/06/2025","date_ts":1749772800000,"profit_abs":-0.8042796,"wins":1,"draws":0,"losses":1,"trades":2,"profit_factor":0.48833284}],"week":[{"date":"19/05/2025","date_ts":1747612800000,"profit_abs":-0.55261275,"wins":1,"draws":0,"losses":1,"trades":2,"profit_factor":0.60150143},{"date":"26/05/2025","date_ts":1748217600000,"profit_abs":-0.5465268,"wins":2,"draws":0,"losses":3,"trades":5,"profit_factor":0.8247743},{"date":"02/06/2025","date_ts":1748822400000,"profit_abs":0.23315145,"wins":2,"draws":0,"losses":2,"trades":4,"profit_factor":1.11159273},{"date":"09/06/2025","date_ts":1749427200000,"profit_abs":-1.3767345,"wins":0,"draws":0,"losses":2,"trades":2,"profit_factor":0.0},{"date":"16/06/2025","date_ts":1750032000000,"profit_abs":-0.8042796,"wins":1,"draws":0,"losses":1,"trades":2,"profit_factor":0.48833284}],"month":[{"date":"31/05/2025","date_ts":1748649600000,"profit_abs":-0.8659881,"wins":5,"draws":0,"losses":6,"trades":11,"profit_factor":0.86869083},{"date":"30/06/2025","date_ts":1751241600000,"profit_abs":-2.1810141,"wins":1,"draws":0,"losses":3,"trades":4,"profit_factor":0.2603259}],"year":[{"date":"31/12/2025","date_ts":1767139200000,"profit_abs":-3.0470022,"wins":6,"draws":0,"losses":9,"trades":15,"profit_factor":0.68072977}]},"backtest_best_day":0.0028947533038677694,"backtest_worst_day":-0.0044585210789053345,"backtest_best_day_abs":0.93101325,"backtest_worst_day_abs":-1.3867371,"winning_days":2,"draw_days":18,"losing_days":7,"daily_profit":[["2025-05-18",0.83412435],["2025-05-19",-1.3867371],["2025-05-20",0.0],["2025-05-21",-0.1754391],["2025-05-22",0.0],["2025-05-23",-0.3710877],["2025-05-24",0.0],["2025-05-25",0.0],["2025-05-26",0.0],["2025-05-27",-0.3057687],["2025-05-28",0.0],["2025-05-29",0.93101325],["2025-05-30",-0.3920931],["2025-05-31",0.0],["2025-06-01",0.0],["2025-06-02",0.0],["2025-06-03",0.0],["2025-06-04",0.0],["2025-06-05",-1.3767345],["2025-06-06",0.0],["2025-06-07",0.0],["2025-06-08",0.0],["2025-06-09",0.0],["2025-06-10",0.0],["2025-06-11",0.0],["2025-06-12",0.0],["2025-06-13",-0.8042796]],"wins":6,"losses":9,"draws":0,"winrate":0.4,"holding_avg":"0:21:00","holding_avg_s":1260.0,"winner_holding_min":"0d 00:15","winner_holding_min_s":900.0,"winner_holding_max":"0d 00:15","winner_holding_max_s":900.0,"winner_holding_avg":"0d 00:15","winner_holding_avg_s":900.0,"loser_holding_min":"0d 00:15","loser_holding_min_s":900.0,"loser_holding_max":"0d 00:45","loser_holding_max_s":2700.0,"loser_holding_avg":"0d 00:25","loser_holding_avg_s":1500.0,"max_consecutive_wins":2,"max_consecutive_losses":4,"max_drawdown_account":0.004727815043306979,"max_relative_drawdown":0.004727815043306979,"max_drawdown_abs":4.73215305,"drawdown_start":"2025-05-30 01:15:00","drawdown_start_ts":1748567700000.0,"drawdown_end":"2025-06-13 00:45:00","drawdown_end_ts":1749775500000.0,"max_drawdown_low":-3.8146030499999997,"max_drawdown_high":0.9175500000000002,"csum_min":996.18539695,"csum_max":1000.91755}},"strategy_comparison":[{"key":"GridBotSample","trades":15,"profit_mean":-0.0006495045705874538,"profit_mean_pct":-0.06,"profit_sum":-0.009742568558811806,"profit_sum_pct":-0.97,"profit_total_abs":-3.0470021999999997,"profit_total":-0.0030470021999999997,"profit_total_pct":-0.3,"duration_avg":"0:21:00","wins":6,"draws":0,"losses":9,"winrate":0.4,"cagr":-0.03644764486128482,"expectancy":-0.20313348000000003,"expectancy_ratio":-0.1915621371768118,"sortino":-3.4121974703353426,"sharpe":-1.686667985056836,"calmar":-41.04284590981978,"sqn":-0.6607,"profit_factor":0.6807297713719802,"max_drawdown_account":0.004727815043306979,"max_drawdown_abs":"4.732"}]}