{"strategy":{"GridBotSample":{"trades":[{"pair":"SOL/USDT:USDT","stake_amount":329.04,"max_stake_amount":329.04,"amount":2.25,"open_date":"2025-06-05 19:30:00+00:00","close_date":"2025-06-08 18:15:00+00:00","open_rate":146.24,"close_rate":153.83,"fee_open":0.0005,"fee_close":0.0005,"trade_duration":4245,"profit_ratio":0.05097601864640255,"profit_abs":16.78153575,"exit_reason":"exit_signal","initial_stop_loss_abs":131.62,"initial_stop_loss_ratio":-0.1,"stop_loss_abs":131.62,"stop_loss_ratio":-0.1,"min_rate":141.43,"max_rate":154.14,"is_open":false,"enter_tag":"","leverage":1.0,"is_short":false,"open_timestamp":1749151800000,"close_timestamp":1749406500000,"orders":[{"amount":2.25,"safe_price":146.24,"ft_order_side":"buy","order_filled_timestamp":1749151800000,"ft_is_entry":true,"ft_order_tag":"","cost":329.20452},{"amount":2.25,"safe_price":153.83,"ft_order_side":"sell","order_filled_timestamp":1749406500000,"ft_is_entry":false,"ft_order_tag":"exit_signal","cost":346.29055875}],"funding_fees":0.041614495042653674},{"pair":"SOL/USDT:USDT","stake_amount":335.225,"max_stake_amount":335.225,"amount":2.3,"open_date":"2025-06-13 00:30:00+00:00","close_date":"2025-06-13 02:45:00+00:00","open_rate":145.75,"close_rate":141.27,"fee_open":0.0005,"fee_close":0.0005,"trade_duration":135,"profit_ratio":-0.03170634236912419,"profit_abs":-10.634073,"exit_reason":"exit_signal","initial_stop_loss_abs":131.18,"initial_stop_loss_ratio":-0.1,"stop_loss_abs":131.18,"stop_loss_ratio":-0.1,"min_rate":140.73,"max_rate":146.35,"is_open":false,"enter_tag":"","leverage":1.0,"is_short":false,"open_timestamp":1749774600000,"close_timestamp":1749782700000,"orders":[{"amount":2.3,"safe_price":145.75,"ft_order_side":"buy","order_filled_timestamp":1749774600000,"ft_is_entry":true,"ft_order_tag":"","cost":335.3926124999999},{"amount":2.3,"safe_price":141.27,"ft_order_side":"sell","order_filled_timestamp":1749782700000,"ft_is_entry":false,"ft_order_tag":"exit_signal","cost":325.0834605}],"funding_fees":0.0},{"pair":"SOL/USDT:USDT","stake_amount":331.8777,"max_stake_amount":331.8777,"amount":2.31,"open_date":"2025-06-13 05:45:00+00:00","close_date":"2025-06-16 01:45:00+00:00","open_rate":143.67,"close_rate":153.98,"fee_open":0.0005,"fee_close":0.0005,"trade_duration":4080,"profit_ratio":0.07042934775378848,"profit_abs":23.38561691,"exit_reason":"exit_signal","initial_stop_loss_abs":129.31,"initial_stop_loss_ratio":-0.1,"stop_loss_abs":129.31,"stop_loss_ratio":-0.1,"min_rate":141.87,"max_rate":156.72,"is_open":false,"enter_tag":"","leverage":1.0,"is_short":false,"open_timestamp":1749793500000,"close_timestamp":1750038300000,"orders":[{"amount":2.31,"safe_price":143.67,"ft_order_side":"buy","order_filled_timestamp":1749793500000,"ft_is_entry":true,"ft_order_tag":"","cost":332.04363885},{"amount":2.31,"safe_price":153.98,"ft_order_side":"sell","order_filled_timestamp":1750038300000,"ft_is_entry":false,"ft_order_tag":"exit_signal","cost":355.8716469}],"funding_fees":-0.08669733749686316},{"pair":"SOL/USDT:USDT","stake_amount":339.135,"max_stake_amount":339.135,"amount":2.3,"open_date":"2025-06-17 15:30:00+00:00","close_date":"2025-06-18 07:30:00+00:00","open_rate":147.45,"close_rate":147.25,"fee_open":0.0005,"fee_close":0.0005,"trade_duration":960,"profit_ratio":-0.0024077660257255454,"profit_abs":-0.81696601,"exit_reason":"force_exit","initial_stop_loss_abs":132.71,"initial_stop_loss_ratio":-0.1,"stop_loss_abs":132.71,"stop_loss_ratio":-0.1,"min_rate":145.55,"max_rate":150.35,"is_open":false,"enter_tag":"","leverage":1.0,"is_short":false,"open_timestamp":1750174200000,"close_timestamp":1750231800000,"orders":[{"amount":2.3,"safe_price":147.45,"ft_order_side":"buy","order_filled_timestamp":1750174200000,"ft_is_entry":true,"ft_order_tag":"","cost":339.3045674999999},{"amount":2.3,"safe_price":147.25,"ft_order_side":"sell","order_filled_timestamp":1750231800000,"ft_is_entry":false,"ft_order_tag":"force_exit","cost":338.84433749999994}],"funding_fees":-0.0180610053}],"locks":[],"best_pair":{"key":"SOL/USDT:USDT","trades":4,"profit_mean":0.021822814501335323,"profit_mean_pct":2.18,"profit_sum":0.0872912580053413,"profit_sum_pct":8.73,"profit_total_abs":28.716113649999997,"profit_total":0.028716113649999996,"profit_total_pct":2.87,"duration_avg":"1 day, 15:15:00","wins":2,"draws":0,"losses":2,"winrate":0.5,"cagr":0.3677167105749979,"expectancy":7.179028412499999,"expectancy_ratio":1.2538649822484533,"sortino":3.386917572894507,"sharpe":1.2255146676042714,"calmar":158.95938343033507,"sqn":0.9166,"profit_factor":3.507729964496907,"max_drawdown_account":0.010458562263481725,"max_drawdown_abs":10.634073},"worst_pair":{"key":"SOL/USDT:USDT","trades":4,"profit_mean":0.021822814501335323,"profit_mean_pct":2.18,"profit_sum":0.0872912580053413,"profit_sum_pct":8.73,"profit_total_abs":28.716113649999997,"profit_total":0.028716113649999996,"profit_total_pct":2.87,"duration_avg":"1 day, 15:15:00","wins":2,"draws":0,"losses":2,"winrate":0.5,"cagr":0.3677167105749979,"expectancy":7.179028412499999,"expectancy_ratio":1.2538649822484533,"sortino":3.386917572894507,"sharpe":1.2255146676042714,"calmar":158.95938343033507,"sqn":0.9166,"profit_factor":3.507729964496907,"max_drawdown_account":0.010458562263481725,"max_drawdown_abs":10.634073},"results_per_pair":[{"key":"SOL/USDT:USDT","trades":4,"profit_mean":0.021822814501335323,"profit_mean_pct":2.18,"profit_sum":0.0872912580053413,"profit_sum_pct":8.73,"profit_total_abs":28.716113649999997,"profit_total":0.028716113649999996,"profit_total_pct":2.87,"duration_avg":"1 day, 15:15:00","wins":2,"draws":0,"losses":2,"winrate":0.5,"cagr":0.3677167105749979,"expectancy":7.179028412499999,"expectancy_ratio":1.2538649822484533,"sortino":3.386917572894507,"sharpe":1.2255146676042714,"calmar":158.95938343033507,"sqn":0.9166,"profit_factor":3.507729964496907,"max_drawdown_account":0.010458562263481725,"max_drawdown_abs":10.634073},{"key":"TOTAL","trades":4,"profit_mean":0.021822814501335323,"profit_mean_pct":2.18,"profit_sum":0.0872912580053413,"profit_sum_pct":8.73,"profit_total_abs":28.716113649999997,"profit_total":0.028716113649999996,"profit_total_pct":2.87,"duration_avg":"1 day, 15:15:00","wins":2,"draws":0,"losses":2,"winrate":0.5,"cagr":0.3677167105749979,"expectancy":7.179028412499999,"expectancy_ratio":1.2538649822484533,"sortino":3.386917572894507,"sharpe":1.2255146676042714,"calmar":158.95938343033507,"sqn":0.9166,"profit_factor":3.507729964496907,"max_drawdown_account":0.010458562263481725,"max_drawdown_abs":10.634073}],"results_per_enter_tag":[{"key":"","trades":4,"profit_mean":0.021822814501335323,"profit_mean_pct":2.18,"profit_sum":0.0872912580053413,"profit_sum_pct":8.73,"profit_total_abs":28.716113649999997,"profit_total":0.028716113649999996,"profit_total_pct":2.87,"duration_avg":"1 day, 15:15:00","wins":2,"draws":0,"losses":2,"winrate":0.5,"cagr":0.3677167105749979,"expectancy":7.179028412499999,"expectancy_ratio":1.2538649822484533,"sortino":3.386917572894507,"sharpe":1.2255146676042714,"calmar":158.95938343033507,"sqn":0.9166,"profit_factor":3.507729964496907,"max_drawdown_account":0.010458562263481725,"max_drawdown_abs":10.634073},{"key":"TOTAL","trades":4,"profit_mean":0.021822814501335323,"profit_mean_pct":2.18,"profit_sum":0.0872912580053413,"profit_sum_pct":8.73,"profit_total_abs":28.716113649999997,"profit_total":0.028716113649999996,"profit_total_pct":2.87,"duration_avg":"1 day, 15:15:00","wins":2,"draws":0,"losses":2,"winrate":0.5,"cagr":0.3677167105749979,"expectancy":7.179028412499999,"expectancy_ratio":1.2538649822484533,"sortino":3.386917572894507,"sharpe":1.2255146676042714,"calmar":158.95938343033507,"sqn":0.9166,"profit_factor":3.507729964496907,"max_drawdown_account":0.010458562263481725,"max_drawdown_abs":10.634073}],"exit_reason_summary":[{"key":"exit_signal","trades":3,"profit_mean":0.029899674677022276,"profit_mean_pct":2.99,"profit_sum":0.08969902403106683,"profit_sum_pct":8.97,"profit_total_abs":29.53307966,"profit_total":0.02953307966,"profit_total_pct":2.95,"duration_avg":"1 day, 23:00:00","wins":2,"draws":0,"losses":1,"winrate":0.6666666666666666,"cagr":0.3797787062384348,"expectancy":9.844359886666666,"expectancy_ratio":0.9257374748759637,"sortino":-100,"sharpe":1.1608051119565173,"calmar":163.48173679667028,"sqn":0.9452,"profit_factor":3.7772124246278915,"max_drawdown_account":0.010458562263481725,"max_drawdown_abs":10.634073},{"key":"force_exit","trades":1,"profit_mean":-0.0024077660257255454,"profit_mean_pct":-0.24,"profit_sum":-0.0024077660257255454,"profit_sum_pct":-0.24,"profit_total_abs":-0.81696601,"profit_total":-0.00081696601,"profit_total_pct":-0.08,"duration_avg":"16:00:00","wins":0,"draws":0,"losses":1,"winrate":0.0,"cagr":-0.00899909588078962,"expectancy":-0.81696601,"expectancy_ratio":-1.0,"sortino":-100,"sharpe":-100,"calmar":-57.89385810467604,"sqn":-100.0,"profit_factor":0.0,"max_drawdown_account":0.0008169660099999874,"max_drawdown_abs":0.81696601},{"key":"TOTAL","trades":4,"profit_mean":0.021822814501335323,"profit_mean_pct":2.18,"profit_sum":0.0872912580053413,"profit_sum_pct":8.73,"profit_total_abs":28.716113649999997,"profit_total":0.028716113649999996,"profit_total_pct":2.87,"duration_avg":"1 day, 15:15:00","wins":2,"draws":0,"losses":2,"winrate":0.5,"cagr":0.3677167105749979,"expectancy":7.179028412499999,"expectancy_ratio":1.2538649822484533,"sortino":3.386917572894507,"sharpe":1.2255146676042714,"calmar":158.95938343033507,"sqn":0.9166,"profit_factor":3.507729964496907,"max_drawdown_account":0.010458562263481725,"max_drawdown_abs":10.634073}],"mix_tag_stats":[{"key":["","exit_signal"],"trades":3,"profit_mean":0.029899674677022276,"profit_mean_pct":2.99,"profit_sum":0.08969902403106683,"profit_sum_pct":8.97,"profit_total_abs":29.53307966,"profit_total":0.02953307966,"profit_total_pct":2.95,"duration_avg":"1 day, 23:00:00","wins":2,"draws":0,"losses":1,"winrate":0.6666666666666666,"cagr":0.3797787062384348,"expectancy":9.844359886666666,"expectancy_ratio":0.9257374748759637,"sortino":-100,"sharpe":1.1608051119565173,"calmar":163.48173679667028,"sqn":0.9452,"profit_factor":3.7772124246278915,"max_drawdown_account":0.010458562263481725,"max_drawdown_abs":10.634073},{"key":["","force_exit"],"trades":1,"profit_mean":-0.0024077660257255454,"profit_mean_pct":-0.24,"profit_sum":-0.0024077660257255454,"profit_sum_pct":-0.24,"profit_total_abs":-0.81696601,"profit_total":-0.00081696601,"profit_total_pct":-0.08,"duration_avg":"16:00:00","wins":0,"draws":0,"losses":1,"winrate":0.0,"cagr":-0.00899909588078962,"expectancy":-0.81696601,"expectancy_ratio":-1.0,"sortino":-100,"sharpe":-100,"calmar":-57.89385810467604,"sqn":-100.0,"profit_factor":0.0,"max_drawdown_account":0.0008169660099999874,"max_drawdown_abs":0.81696601},{"key":"TOTAL","trades":4,"profit_mean":0.021822814501335323,"profit_mean_pct":2.18,"profit_sum":0.0872912580053413,"profit_sum_pct":8.73,"profit_total_abs":28.716113649999997,"profit_total":0.028716113649999996,"profit_total_pct":2.87,"duration_avg":"1 day, 15:15:00","wins":2,"draws":0,"losses":2,"winrate":0.5,"cagr":0.3677167105749979,"expectancy":7.179028412499999,"expectancy_ratio":1.2538649822484533,"sortino":3.386917572894507,"sharpe":1.2255146676042714,"calmar":158.95938343033507,"sqn":0.9166,"profit_factor":3.507729964496907,"max_drawdown_account":0.010458562263481725,"max_drawdown_abs":10.634073}],"left_open_trades":[{"key":"SOL/USDT:USDT","trades":1,"profit_mean":-0.0024077660257255454,"profit_mean_pct":-0.24,"profit_sum":-0.0024077660257255454,"profit_sum_pct":-0.24,"profit_total_abs":-0.81696601,"profit_total":-0.00081696601,"profit_total_pct":-0.08,"duration_avg":"16:00:00","wins":0,"draws":0,"losses":1,"winrate":0.0,"cagr":-0.00899909588078962,"expectancy":-0.81696601,"expectancy_ratio":-1.0,"sortino":-100,"sharpe":-100,"calmar":-57.89385810467604,"sqn":-100.0,"profit_factor":0.0,"max_drawdown_account":0.0008169660099999874,"max_drawdown_abs":0.81696601},{"key":"TOTAL","trades":1,"profit_mean":-0.0024077660257255454,"profit_mean_pct":-0.24,"profit_sum":-0.0024077660257255454,"profit_sum_pct":-0.24,"profit_total_abs":-0.81696601,"profit_total":-0.00081696601,"profit_total_pct":-0.08,"duration_avg":"16:00:00","wins":0,"draws":0,"losses":1,"winrate":0.0,"cagr":-0.00899909588078962,"expectancy":-0.81696601,"expectancy_ratio":-1.0,"sortino":-100,"sharpe":-100,"calmar":-57.89385810467604,"sqn":-100.0,"profit_factor":0.0,"max_drawdown_account":0.0008169660099999874,"max_drawdown_abs":0.81696601}],"total_trades":4,"trade_count_long":4,"trade_count_short":0,"total_volume":2702.0353424999994,"avg_stake_amount":333.819425,"profit_mean":0.021822814501335323,"profit_median":0.0242841263103385,"profit_total":0.028716113649999996,"profit_total_long":0.028716113649999996,"profit_total_short":0.0,"profit_total_abs":28.716113649999997,"profit_total_long_abs":28.716113649999997,"profit_total_short_abs":0.0,"cagr":0.3677167105749979,"expectancy":7.179028412499999,"expectancy_ratio":1.2538649822484533,"sortino":3.386917572894507,"sharpe":1.2255146676042714,"calmar":158.95938343033507,"sqn":0.9166,"profit_factor":3.507729964496907,"backtest_start":"2025-05-16 00:00:00","backtest_start_ts":1747353600000,"backtest_end":"2025-06-18 07:30:00","backtest_end_ts":1750231800000,"backtest_days":33,"backtest_run_start_ts":1750233118,"backtest_run_end_ts":1750233118,"trades_per_day":0.12,"market_change":-0.13275740479548662,"pairlist":["SOL/USDT:USDT"],"stake_amount":"unlimited","stake_currency":"USDT","stake_currency_decimals":3,"starting_balance":1000,"dry_run_wallet":1000,"final_balance":1028.71611365,"rejected_signals":0,"timedout_entry_orders":0,"timedout_exit_orders":0,"canceled_trade_entries":0,"canceled_entry_orders":0,"replaced_entry_orders":0,"max_open_trades":1,"max_open_trades_setting":3,"timeframe":"15m","timeframe_detail":"","timerange":"","enable_protections":false,"strategy_name":"GridBotSample","stoploss":-0.1,"trailing_stop":false,"trailing_stop_positive":null,"trailing_stop_positive_offset":0.0,"trailing_only_offset_is_reached":false,"use_custom_stoploss":false,"minimal_roi":{},"use_exit_signal":true,"exit_profit_only":false,"exit_profit_offset":0.0,"ignore_roi_if_entry_signal":false,"trading_mode":"futures","margin_mode":"isolated","periodic_breakdown":{"day":[{"date":"08/06/2025","date_ts":1749340800000,"profit_abs":16.78153575,"wins":1,"draws":0,"losses":0,"trades":1,"profit_factor":0.0},{"date":"09/06/2025","date_ts":1749427200000,"profit_abs":0.0,"wins":0,"draws":0,"losses":0,"trades":0,"profit_factor":0.0},{"date":"10/06/2025","date_ts":1749513600000,"profit_abs":0.0,"wins":0,"draws":0,"losses":0,"trades":0,"profit_factor":0.0},{"date":"11/06/2025","date_ts":1749600000000,"profit_abs":0.0,"wins":0,"draws":0,"losses":0,"trades":0,"profit_factor":0.0},{"date":"12/06/2025","date_ts":1749686400000,"profit_abs":0.0,"wins":0,"draws":0,"losses":0,"trades":0,"profit_factor":0.0},{"date":"13/06/2025","date_ts":1749772800000,"profit_abs":-10.634073,"wins":0,"draws":0,"losses":1,"trades":1,"profit_factor":0.0},{"date":"14/06/2025","date_ts":1749859200000,"profit_abs":0.0,"wins":0,"draws":0,"losses":0,"trades":0,"profit_factor":0.0},{"date":"15/06/2025","date_ts":1749945600000,"profit_abs":0.0,"wins":0,"draws":0,"losses":0,"trades":0,"profit_factor":0.0},{"date":"16/06/2025","date_ts":1750032000000,"profit_abs":23.38561691,"wins":1,"draws":0,"losses":0,"trades":1,"profit_factor":0.0},{"date":"17/06/2025","date_ts":1750118400000,"profit_abs":0.0,"wins":0,"draws":0,"losses":0,"trades":0,"profit_factor":0.0},{"date":"18/06/2025","date_ts":1750204800000,"profit_abs":-0.81696601,"wins":0,"draws":0,"losses":1,"trades":1,"profit_factor":0.0}],"week":[{"date":"09/06/2025","date_ts":1749427200000,"profit_abs":16.78153575,"wins":1,"draws":0,"losses":0,"trades":1,"profit_factor":0.0},{"date":"16/06/2025","date_ts":1750032000000,"profit_abs":12.75154391,"wins":1,"draws":0,"losses":1,"trades":2,"profit_factor":2.19912134},{"date":"23/06/2025","date_ts":1750636800000,"profit_abs":-0.81696601,"wins":0,"draws":0,"losses":1,"trades":1,"profit_factor":0.0}],"month":[{"date":"30/06/2025","date_ts":1751241600000,"profit_abs":28.71611365,"wins":2,"draws":0,"losses":2,"trades":4,"profit_factor":3.50772996}],"year":[{"date":"31/12/2025","date_ts":1767139200000,"profit_abs":28.71611365,"wins":2,"draws":0,"losses":2,"trades":4,"profit_factor":3.50772996}]},"backtest_best_day":0.07042934775378848,"backtest_worst_day":-0.03170634236912419,"backtest_best_day_abs":23.38561691,"backtest_worst_day_abs":-10.634073,"winning_days":2,"draw_days":7,"losing_days":2,"daily_profit":[["2025-06-08",16.78153575],["2025-06-09",0.0],["2025-06-10",0.0],["2025-06-11",0.0],["2025-06-12",0.0],["2025-06-13",-10.634073],["2025-06-14",0.0],["2025-06-15",0.0],["2025-06-16",23.38561691],["2025-06-17",0.0],["2025-06-18",-0.81696601]],"wins":2,"losses":2,"draws":0,"winrate":0.5,"holding_avg":"1 day, 15:15:00","holding_avg_s":141300.0,"winner_holding_min":"2d 20:00","winner_holding_min_s":244800.0,"winner_holding_max":"2d 22:45","winner_holding_max_s":254700.0,"winner_holding_avg":"2d 21:22","winner_holding_avg_s":249720.0,"loser_holding_min":"0d 02:15","loser_holding_min_s":8100.0,"loser_holding_max":"0d 16:00","loser_holding_max_s":57600.0,"loser_holding_avg":"0d 09:08","loser_holding_avg_s":32880.0,"max_consecutive_wins":1,"max_consecutive_losses":1,"max_drawdown_account":0.010458562263481725,"max_relative_drawdown":0.010458562263481725,"max_drawdown_abs":10.634073,"drawdown_start":"2025-06-08 18:15:00","drawdown_start_ts":1749406500000.0,"drawdown_end":"2025-06-13 02:45:00","drawdown_end_ts":1749782700000.0,"max_drawdown_low":6.147462749999999,"max_drawdown_high":16.78153575,"csum_min":1006.14746275,"csum_max":1029.53307966}},"strategy_comparison":[{"key":"GridBotSample","trades":4,"profit_mean":0.021822814501335323,"profit_mean_pct":2.18,"profit_sum":0.0872912580053413,"profit_sum_pct":8.73,"profit_total_abs":28.716113649999997,"profit_total":0.028716113649999996,"profit_total_pct":2.87,"duration_avg":"1 day, 15:15:00","wins":2,"draws":0,"losses":2,"winrate":0.5,"cagr":0.3677167105749979,"expectancy":7.179028412499999,"expectancy_ratio":1.2538649822484533,"sortino":3.386917572894507,"sharpe":1.2255146676042714,"calmar":158.95938343033507,"sqn":0.9166,"profit_factor":3.507729964496907,"max_drawdown_account":0.010458562263481725,"max_drawdown_abs":"10.634"}]}