{"strategy":{"SimpleGridDCA":{"trades":[{"pair":"ETH/USDT:USDT","stake_amount":988.8624,"max_stake_amount":988.8624,"amount":0.387,"open_date":"2025-05-16 00:15:00+00:00","close_date":"2025-05-22 11:30:00+00:00","open_rate":2555.2,"close_rate":2638.92,"fee_open":0.0005,"fee_close":0.0005,"trade_duration":9315,"profit_ratio":0.030916546452608152,"profit_abs":30.58749643,"exit_reason":"exit_signal","initial_stop_loss_abs":1277.6,"initial_stop_loss_ratio":-0.5,"stop_loss_abs":1277.6,"stop_loss_ratio":-0.5,"min_rate":2312.62,"max_rate":2692.61,"is_open":false,"enter_tag":"grid_level_-1","leverage":1.0,"is_short":false,"open_timestamp":1747354500000,"close_timestamp":1747913400000,"orders":[{"amount":0.387,"safe_price":2555.2,"ft_order_side":"buy","order_filled_timestamp":1747354500000,"ft_is_entry":true,"ft_order_tag":"grid_level_-1","cost":989.3568311999999},{"amount":0.387,"safe_price":2638.92,"ft_order_side":"sell","order_filled_timestamp":1747913400000,"ft_is_entry":false,"ft_order_tag":"exit_signal","cost":1021.77267102}],"funding_fees":-0.8070813541146163},{"pair":"ETH/USDT:USDT","stake_amount":1018.43204,"max_stake_amount":1018.43204,"amount":0.397,"open_date":"2025-05-23 12:00:00+00:00","close_date":"2025-05-27 20:45:00+00:00","open_rate":2565.32,"close_rate":2667.11,"fee_open":0.0005,"fee_close":0.0005,"trade_duration":6285,"profit_ratio":0.037931491989015485,"profit_abs":38.64996209,"exit_reason":"exit_signal","initial_stop_loss_abs":1282.66,"initial_stop_loss_ratio":-0.5,"stop_loss_abs":1282.66,"stop_loss_ratio":-0.5,"min_rate":2457.6,"max_rate":2711.8,"is_open":false,"enter_tag":"grid_level_-1","leverage":1.0,"is_short":false,"open_timestamp":1748001600000,"close_timestamp":1748378700000,"orders":[{"amount":0.397,"safe_price":2565.32,"ft_order_side":"buy","order_filled_timestamp":1748001600000,"ft_is_entry":true,"ft_order_tag":"grid_level_-1","cost":1018.9412560200001},{"amount":0.397,"safe_price":2667.11,"ft_order_side":"sell","order_filled_timestamp":1748378700000,"ft_is_entry":false,"ft_order_tag":"exit_signal","cost":1059.372091335}],"funding_fees":-0.7220305576261093},{"pair":"ETH/USDT:USDT","stake_amount":1057.19064,"max_stake_amount":1057.19064,"amount":0.411,"open_date":"2025-05-30 01:00:00+00:00","close_date":"2025-05-30 03:45:00+00:00","open_rate":2572.24,"close_rate":2633.89,"fee_open":0.0005,"fee_close":0.0005,"trade_duration":165,"profit_ratio":0.022943981228305755,"profit_abs":24.26829028,"exit_reason":"exit_signal","initial_stop_loss_abs":1286.12,"initial_stop_loss_ratio":-0.5,"stop_loss_abs":1286.12,"stop_loss_ratio":-0.5,"min_rate":2566.55,"max_rate":2642.12,"is_open":false,"enter_tag":"grid_level_-1","leverage":1.0,"is_short":false,"open_timestamp":1748566800000,"close_timestamp":1748576700000,"orders":[{"amount":0.411,"safe_price":2572.24,"ft_order_side":"buy","order_filled_timestamp":1748566800000,"ft_is_entry":true,"ft_order_tag":"grid_level_-1","cost":1057.7192353199998},{"amount":0.411,"safe_price":2633.89,"ft_order_side":"sell","order_filled_timestamp":1748576700000,"ft_is_entry":false,"ft_order_tag":"exit_signal","cost":1083.0700543949997}],"funding_fees":0.0},{"pair":"SOL/USDT:USDT","stake_amount":1082.1688,"max_stake_amount":1082.1688,"amount":7.12,"open_date":"2025-06-02 19:15:00+00:00","close_date":"2025-06-03 03:30:00+00:00","open_rate":151.99,"close_rate":158.6,"fee_open":0.0005,"fee_close":0.0005,"trade_duration":495,"profit_ratio":0.04240168155058547,"profit_abs":45.90871973,"exit_reason":"exit_signal","initial_stop_loss_abs":76.0,"initial_stop_loss_ratio":-0.5,"stop_loss_abs":76.0,"stop_loss_ratio":-0.5,"min_rate":151.66,"max_rate":162.31,"is_open":false,"enter_tag":"grid_level_-1","leverage":1.0,"is_short":false,"open_timestamp":1748891700000,"close_timestamp":1748921400000,"orders":[{"amount":7.12,"safe_price":151.99,"ft_order_side":"buy","order_filled_timestamp":1748891700000,"ft_is_entry":true,"ft_order_tag":"grid_level_-1","cost":1082.7098844000002},{"amount":7.12,"safe_price":158.6,"ft_order_side":"sell","order_filled_timestamp":1748921400000,"ft_is_entry":false,"ft_order_tag":"exit_signal","cost":1129.7966159999999}],"funding_fees":-0.04877987044800001},{"pair":"ETH/USDT:USDT","stake_amount":1126.08244,"max_stake_amount":1126.08244,"amount":0.434,"open_date":"2025-06-03 03:30:00+00:00","close_date":"2025-06-04 17:45:00+00:00","open_rate":2594.66,"close_rate":2634.84,"fee_open":0.0005,"fee_close":0.0005,"trade_duration":2295,"profit_ratio":0.014153091168246847,"profit_abs":15.94551621,"exit_reason":"exit_signal","initial_stop_loss_abs":1297.33,"initial_stop_loss_ratio":-0.5,"stop_loss_abs":1297.33,"stop_loss_ratio":-0.5,"min_rate":2563.0,"max_rate":2679.64,"is_open":false,"enter_tag":"grid_level_-1","leverage":1.0,"is_short":false,"open_timestamp":1748921400000,"close_timestamp":1749059100000,"orders":[{"amount":0.434,"safe_price":2594.66,"ft_order_side":"buy","order_filled_timestamp":1748921400000,"ft_is_entry":true,"ft_order_tag":"grid_level_-1","cost":1126.6454812199997},{"amount":0.434,"safe_price":2634.84,"ft_order_side":"sell","order_filled_timestamp":1749059100000,"ft_is_entry":false,"ft_order_tag":"exit_signal","cost":1144.0923202800002}],"funding_fees":-0.3578022864395086},{"pair":"ETH/USDT:USDT","stake_amount":1142.33553,"max_stake_amount":1142.33553,"amount":0.441,"open_date":"2025-06-05 10:45:00+00:00","close_date":"2025-06-05 12:15:00+00:00","open_rate":2590.33,"close_rate":2618.37,"fee_open":0.0005,"fee_close":0.0005,"trade_duration":90,"profit_ratio":0.009814555879264275,"profit_abs":11.21712165,"exit_reason":"exit_signal","initial_stop_loss_abs":1295.17,"initial_stop_loss_ratio":-0.5,"stop_loss_abs":1295.17,"stop_loss_ratio":-0.5,"min_rate":2585.66,"max_rate":2627.7,"is_open":false,"enter_tag":"grid_level_-1","leverage":1.0,"is_short":false,"open_timestamp":1749120300000,"close_timestamp":1749125700000,"orders":[{"amount":0.441,"safe_price":2590.33,"ft_order_side":"buy","order_filled_timestamp":1749120300000,"ft_is_entry":true,"ft_order_tag":"grid_level_-1","cost":1142.906697765},{"amount":0.441,"safe_price":2618.37,"ft_order_side":"sell","order_filled_timestamp":1749125700000,"ft_is_entry":false,"ft_order_tag":"exit_signal","cost":1155.278520585}],"funding_fees":0.0},{"pair":"SOL/USDT:USDT","stake_amount":1154.6804,"max_stake_amount":1154.6804,"amount":7.72,"open_date":"2025-06-07 04:45:00+00:00","close_date":"2025-06-08 17:00:00+00:00","open_rate":149.57,"close_rate":152.14,"fee_open":0.0005,"fee_close":0.0005,"trade_duration":2175,"profit_ratio":0.016162384159198556,"profit_abs":18.6717194,"exit_reason":"exit_signal","initial_stop_loss_abs":74.79,"initial_stop_loss_ratio":-0.5,"stop_loss_abs":74.79,"stop_loss_ratio":-0.5,"min_rate":147.59,"max_rate":153.25,"is_open":false,"enter_tag":"grid_level_-1","leverage":1.0,"is_short":false,"open_timestamp":1749271500000,"close_timestamp":1749402000000,"orders":[{"amount":7.72,"safe_price":149.57,"ft_order_side":"buy","order_filled_timestamp":1749271500000,"ft_is_entry":true,"ft_order_tag":"grid_level_-1","cost":1155.2577402},{"amount":7.72,"safe_price":152.14,"ft_order_side":"sell","order_filled_timestamp":1749402000000,"ft_is_entry":false,"ft_order_tag":"exit_signal","cost":1175.1080603999997}],"funding_fees":-0.004080002764945605},{"pair":"ETH/USDT:USDT","stake_amount":1172.43056,"max_stake_amount":1172.43056,"amount":0.464,"open_date":"2025-06-08 17:00:00+00:00","close_date":"2025-06-10 03:15:00+00:00","open_rate":2526.79,"close_rate":2680.64,"fee_open":0.0005,"fee_close":0.0005,"trade_duration":2055,"profit_ratio":0.05959349313935756,"profit_abs":69.90416715,"exit_reason":"exit_signal","initial_stop_loss_abs":1263.4,"initial_stop_loss_ratio":-0.5,"stop_loss_abs":1263.4,"stop_loss_ratio":-0.5,"min_rate":2475.83,"max_rate":2726.83,"is_open":false,"enter_tag":"grid_level_-1","leverage":1.0,"is_short":false,"open_timestamp":1749402000000,"close_timestamp":1749525300000,"orders":[{"amount":0.464,"safe_price":2526.79,"ft_order_side":"buy","order_filled_timestamp":1749402000000,"ft_is_entry":true,"ft_order_tag":"grid_level_-1","cost":1173.01677528},{"amount":0.464,"safe_price":2680.64,"ft_order_side":"sell","order_filled_timestamp":1749525300000,"ft_is_entry":false,"ft_order_tag":"exit_signal","cost":1244.43886848}],"funding_fees":-0.2741090904609411},{"pair":"ETH/USDT:USDT","stake_amount":1241.867,"max_stake_amount":1241.867,"amount":0.493,"open_date":"2025-06-14 21:30:00+00:00","close_date":"2025-06-16 18:00:00+00:00","open_rate":2519.0,"close_rate":2632.75,"fee_open":0.0005,"fee_close":0.0005,"trade_duration":2670,"profit_ratio":0.043755428913386706,"profit_abs":54.36559245,"exit_reason":"exit_signal","initial_stop_loss_abs":1259.5,"initial_stop_loss_ratio":-0.5,"stop_loss_abs":1259.5,"stop_loss_ratio":-0.5,"min_rate":2490.38,"max_rate":2656.51,"is_open":false,"enter_tag":"grid_level_-1","leverage":1.0,"is_short":false,"open_timestamp":1749936600000,"close_timestamp":1750096800000,"orders":[{"amount":0.493,"safe_price":2519.0,"ft_order_side":"buy","order_filled_timestamp":1749936600000,"ft_is_entry":true,"ft_order_tag":"grid_level_-1","cost":1242.4879334999998},{"amount":0.493,"safe_price":2632.75,"ft_order_side":"sell","order_filled_timestamp":1750096800000,"ft_is_entry":false,"ft_order_tag":"exit_signal","cost":1298.5947228750001}],"funding_fees":-0.4432511799741751},{"pair":"ETH/USDT:USDT","stake_amount":1294.63464,"max_stake_amount":1294.63464,"amount":0.507,"open_date":"2025-06-16 22:45:00+00:00","close_date":"2025-07-02 20:00:00+00:00","open_rate":2553.52,"close_rate":2603.64,"fee_open":0.0005,"fee_close":0.0005,"trade_duration":22875,"profit_ratio":0.01713817517070207,"profit_abs":22.19876908,"exit_reason":"exit_signal","initial_stop_loss_abs":1276.76,"initial_stop_loss_ratio":-0.5,"stop_loss_abs":1276.76,"stop_loss_ratio":-0.5,"min_rate":2111.0,"max_rate":2617.74,"is_open":false,"enter_tag":"grid_level_-1","leverage":1.0,"is_short":false,"open_timestamp":1750113900000,"close_timestamp":1751486400000,"orders":[{"amount":0.507,"safe_price":2553.52,"ft_order_side":"buy","order_filled_timestamp":1750113900000,"ft_is_entry":true,"ft_order_tag":"grid_level_-1","cost":1295.28195732},{"amount":0.507,"safe_price":2603.64,"ft_order_side":"sell","order_filled_timestamp":1751486400000,"ft_is_entry":false,"ft_order_tag":"exit_signal","cost":1320.70550274}],"funding_fees":-1.9047308609694735},{"pair":"SUI/USDT:USDT","stake_amount":1318.33855,"max_stake_amount":1318.33855,"amount":449.5,"open_date":"2025-07-02 20:00:00+00:00","close_date":"2025-07-03 14:00:00+00:00","open_rate":2.9329,"close_rate":3.056,"fee_open":0.0005,"fee_close":0.0005,"trade_duration":1080,"profit_ratio":0.04083187360597038,"profit_abs":53.85714816,"exit_reason":"force_exit","initial_stop_loss_abs":1.4665,"initial_stop_loss_ratio":-0.5,"stop_loss_abs":1.4665,"stop_loss_ratio":-0.5,"min_rate":2.8712,"max_rate":3.0895,"is_open":false,"enter_tag":"grid_level_-1","leverage":1.0,"is_short":false,"open_timestamp":1751486400000,"close_timestamp":1751551200000,"orders":[{"amount":449.5,"safe_price":2.9329,"ft_order_side":"buy","order_filled_timestamp":1751486400000,"ft_is_entry":true,"ft_order_tag":"grid_level_-1","cost":1318.9977192749998},{"amount":449.5,"safe_price":3.056,"ft_order_side":"sell","order_filled_timestamp":1751551200000,"ft_is_entry":false,"ft_order_tag":"force_exit","cost":1374.3588359999999}],"funding_fees":-0.130296565}],"locks":[],"best_pair":{"key":"ETH/USDT:USDT","trades":8,"profit_mean":0.029530845492610855,"profit_mean_pct":2.95,"profit_sum":0.23624676394088684,"profit_sum_pct":23.62,"profit_total_abs":267.13691534,"profit_total":0.26713691533999995,"profit_total_pct":26.71,"duration_avg":"3 days, 23:19:00","wins":8,"draws":0,"losses":0,"winrate":1.0,"cagr":5.051838931910486,"expectancy":33.3921144175,"expectancy_ratio":100.0,"sortino":-100,"sharpe":5.670032875276811,"calmar":-100,"sqn":4.7113,"profit_factor":0.0,"max_drawdown_account":0.0,"max_drawdown_abs":0.0},"worst_pair":{"key":"SUI/USDT:USDT","trades":1,"profit_mean":0.04083187360597038,"profit_mean_pct":4.08,"profit_sum":0.04083187360597038,"profit_sum_pct":4.08,"profit_total_abs":53.85714816,"profit_total":0.05385714816,"profit_total_pct":5.39,"duration_avg":"18:00:00","wins":1,"draws":0,"losses":0,"winrate":1.0,"cagr":0.49017128589625325,"expectancy":53.85714816,"expectancy_ratio":100.0,"sortino":-100,"sharpe":-100,"calmar":-100,"sqn":-100.0,"profit_factor":0.0,"max_drawdown_account":0.0,"max_drawdown_abs":0.0},"results_per_pair":[{"key":"ETH/USDT:USDT","trades":8,"profit_mean":0.029530845492610855,"profit_mean_pct":2.95,"profit_sum":0.23624676394088684,"profit_sum_pct":23.62,"profit_total_abs":267.13691534,"profit_total":0.26713691533999995,"profit_total_pct":26.71,"duration_avg":"3 days, 23:19:00","wins":8,"draws":0,"losses":0,"winrate":1.0,"cagr":5.051838931910486,"expectancy":33.3921144175,"expectancy_ratio":100.0,"sortino":-100,"sharpe":5.670032875276811,"calmar":-100,"sqn":4.7113,"profit_factor":0.0,"max_drawdown_account":0.0,"max_drawdown_abs":0.0},{"key":"SOL/USDT:USDT","trades":2,"profit_mean":0.02928203285489201,"profit_mean_pct":2.93,"profit_sum":0.05856406570978402,"profit_sum_pct":5.86,"profit_total_abs":64.58043913,"profit_total":0.06458043913,"profit_total_pct":6.46,"duration_avg":"22:15:00","wins":2,"draws":0,"losses":0,"winrate":1.0,"cagr":0.6094211617868552,"expectancy":32.290219565,"expectancy_ratio":100.0,"sortino":-100,"sharpe":1.887456312843727,"calmar":-100,"sqn":2.3711,"profit_factor":0.0,"max_drawdown_account":0.0,"max_drawdown_abs":0.0},{"key":"SUI/USDT:USDT","trades":1,"profit_mean":0.04083187360597038,"profit_mean_pct":4.08,"profit_sum":0.04083187360597038,"profit_sum_pct":4.08,"profit_total_abs":53.85714816,"profit_total":0.05385714816,"profit_total_pct":5.39,"duration_avg":"18:00:00","wins":1,"draws":0,"losses":0,"winrate":1.0,"cagr":0.49017128589625325,"expectancy":53.85714816,"expectancy_ratio":100.0,"sortino":-100,"sharpe":-100,"calmar":-100,"sqn":-100.0,"profit_factor":0.0,"max_drawdown_account":0.0,"max_drawdown_abs":0.0},{"key":"TOTAL","trades":11,"profit_mean":0.030512973023331023,"profit_mean_pct":3.05,"profit_sum":0.33564270325664125,"profit_sum_pct":33.56,"profit_total_abs":385.57450263,"profit_total":0.38557450263,"profit_total_pct":38.56,"duration_avg":"3 days, 3:00:00","wins":11,"draws":0,"losses":0,"winrate":1.0,"cagr":10.939255169623541,"expectancy":35.05222751181818,"expectancy_ratio":100.0,"sortino":-100,"sharpe":8.51274738046007,"calmar":-100,"sqn":6.1485,"profit_factor":0.0,"max_drawdown_account":0.0,"max_drawdown_abs":0.0}],"results_per_enter_tag":[{"key":"grid_level_-1","trades":11,"profit_mean":0.030512973023331023,"profit_mean_pct":3.05,"profit_sum":0.33564270325664125,"profit_sum_pct":33.56,"profit_total_abs":385.57450263,"profit_total":0.38557450263,"profit_total_pct":38.56,"duration_avg":"3 days, 3:00:00","wins":11,"draws":0,"losses":0,"winrate":1.0,"cagr":10.939255169623541,"expectancy":35.05222751181818,"expectancy_ratio":100.0,"sortino":-100,"sharpe":8.51274738046007,"calmar":-100,"sqn":6.1485,"profit_factor":0.0,"max_drawdown_account":0.0,"max_drawdown_abs":0.0},{"key":"TOTAL","trades":11,"profit_mean":0.030512973023331023,"profit_mean_pct":3.05,"profit_sum":0.33564270325664125,"profit_sum_pct":33.56,"profit_total_abs":385.57450263,"profit_total":0.38557450263,"profit_total_pct":38.56,"duration_avg":"3 days, 3:00:00","wins":11,"draws":0,"losses":0,"winrate":1.0,"cagr":10.939255169623541,"expectancy":35.05222751181818,"expectancy_ratio":100.0,"sortino":-100,"sharpe":8.51274738046007,"calmar":-100,"sqn":6.1485,"profit_factor":0.0,"max_drawdown_account":0.0,"max_drawdown_abs":0.0}],"exit_reason_summary":[{"key":"exit_signal","trades":10,"profit_mean":0.029481082965067084,"profit_mean_pct":2.95,"profit_sum":0.29481082965067085,"profit_sum_pct":29.48,"profit_total_abs":331.71735447,"profit_total":0.33171735446999995,"profit_total_pct":33.17,"duration_avg":"3 days, 8:42:00","wins":10,"draws":0,"losses":0,"winrate":1.0,"cagr":7.831816451111793,"expectancy":33.171735446999996,"expectancy_ratio":100.0,"sortino":-100,"sharpe":7.396858727415164,"calmar":-100,"sqn":5.5752,"profit_factor":0.0,"max_drawdown_account":0.0,"max_drawdown_abs":0.0},{"key":"force_exit","trades":1,"profit_mean":0.04083187360597038,"profit_mean_pct":4.08,"profit_sum":0.04083187360597038,"profit_sum_pct":4.08,"profit_total_abs":53.85714816,"profit_total":0.05385714816,"profit_total_pct":5.39,"duration_avg":"18:00:00","wins":1,"draws":0,"losses":0,"winrate":1.0,"cagr":0.49017128589625325,"expectancy":53.85714816,"expectancy_ratio":100.0,"sortino":-100,"sharpe":-100,"calmar":-100,"sqn":-100.0,"profit_factor":0.0,"max_drawdown_account":0.0,"max_drawdown_abs":0.0},{"key":"TOTAL","trades":11,"profit_mean":0.030512973023331023,"profit_mean_pct":3.05,"profit_sum":0.33564270325664125,"profit_sum_pct":33.56,"profit_total_abs":385.57450263,"profit_total":0.38557450263,"profit_total_pct":38.56,"duration_avg":"3 days, 3:00:00","wins":11,"draws":0,"losses":0,"winrate":1.0,"cagr":10.939255169623541,"expectancy":35.05222751181818,"expectancy_ratio":100.0,"sortino":-100,"sharpe":8.51274738046007,"calmar":-100,"sqn":6.1485,"profit_factor":0.0,"max_drawdown_account":0.0,"max_drawdown_abs":0.0}],"mix_tag_stats":[{"key":["grid_level_-1","exit_signal"],"trades":10,"profit_mean":0.029481082965067084,"profit_mean_pct":2.95,"profit_sum":0.29481082965067085,"profit_sum_pct":29.48,"profit_total_abs":331.71735447,"profit_total":0.33171735446999995,"profit_total_pct":33.17,"duration_avg":"3 days, 8:42:00","wins":10,"draws":0,"losses":0,"winrate":1.0,"cagr":7.831816451111793,"expectancy":33.171735446999996,"expectancy_ratio":100.0,"sortino":-100,"sharpe":7.396858727415164,"calmar":-100,"sqn":5.5752,"profit_factor":0.0,"max_drawdown_account":0.0,"max_drawdown_abs":0.0},{"key":["grid_level_-1","force_exit"],"trades":1,"profit_mean":0.04083187360597038,"profit_mean_pct":4.08,"profit_sum":0.04083187360597038,"profit_sum_pct":4.08,"profit_total_abs":53.85714816,"profit_total":0.05385714816,"profit_total_pct":5.39,"duration_avg":"18:00:00","wins":1,"draws":0,"losses":0,"winrate":1.0,"cagr":0.49017128589625325,"expectancy":53.85714816,"expectancy_ratio":100.0,"sortino":-100,"sharpe":-100,"calmar":-100,"sqn":-100.0,"profit_factor":0.0,"max_drawdown_account":0.0,"max_drawdown_abs":0.0},{"key":"TOTAL","trades":11,"profit_mean":0.030512973023331023,"profit_mean_pct":3.05,"profit_sum":0.33564270325664125,"profit_sum_pct":33.56,"profit_total_abs":385.57450263,"profit_total":0.38557450263,"profit_total_pct":38.56,"duration_avg":"3 days, 3:00:00","wins":11,"draws":0,"losses":0,"winrate":1.0,"cagr":10.939255169623541,"expectancy":35.05222751181818,"expectancy_ratio":100.0,"sortino":-100,"sharpe":8.51274738046007,"calmar":-100,"sqn":6.1485,"profit_factor":0.0,"max_drawdown_account":0.0,"max_drawdown_abs":0.0}],"left_open_trades":[{"key":"SUI/USDT:USDT","trades":1,"profit_mean":0.04083187360597038,"profit_mean_pct":4.08,"profit_sum":0.04083187360597038,"profit_sum_pct":4.08,"profit_total_abs":53.85714816,"profit_total":0.05385714816,"profit_total_pct":5.39,"duration_avg":"18:00:00","wins":1,"draws":0,"losses":0,"winrate":1.0,"cagr":0.49017128589625325,"expectancy":53.85714816,"expectancy_ratio":100.0,"sortino":-100,"sharpe":-100,"calmar":-100,"sqn":-100.0,"profit_factor":0.0,"max_drawdown_account":0.0,"max_drawdown_abs":0.0},{"key":"TOTAL","trades":1,"profit_mean":0.04083187360597038,"profit_mean_pct":4.08,"profit_sum":0.04083187360597038,"profit_sum_pct":4.08,"profit_total_abs":53.85714816,"profit_total":0.05385714816,"profit_total_pct":5.39,"duration_avg":"18:00:00","wins":1,"draws":0,"losses":0,"winrate":1.0,"cagr":0.49017128589625325,"expectancy":53.85714816,"expectancy_ratio":100.0,"sortino":-100,"sharpe":-100,"calmar":-100,"sqn":-100.0,"profit_factor":0.0,"max_drawdown_account":0.0,"max_drawdown_abs":0.0}],"total_trades":11,"trade_count_long":11,"trade_count_short":0,"total_volume":25609.909775609998,"avg_stake_amount":1145.183909090909,"profit_mean":0.030512973023331023,"profit_median":0.030916546452608152,"profit_total":0.38557450263,"profit_total_long":0.38557450263,"profit_total_short":0.0,"profit_total_abs":385.57450263,"profit_total_long_abs":385.57450263,"profit_total_short_abs":0.0,"cagr":10.939255169623541,"expectancy":35.05222751181818,"expectancy_ratio":100.0,"sortino":-100,"sharpe":8.51274738046007,"calmar":-100,"sqn":6.1485,"profit_factor":0.0,"backtest_start":"2025-05-16 00:00:00","backtest_start_ts":1747353600000,"backtest_end":"2025-07-03 14:00:00","backtest_end_ts":1751551200000,"backtest_days":48,"backtest_run_start_ts":1751553859,"backtest_run_end_ts":1751553859,"trades_per_day":0.23,"market_change":-0.10059978247388068,"pairlist":["SOL/USDT:USDT","ETH/USDT:USDT","SUI/USDT:USDT"],"stake_amount":"unlimited","stake_currency":"USDT","stake_currency_decimals":3,"starting_balance":1000,"dry_run_wallet":1000,"final_balance":1385.57450263,"rejected_signals":661,"timedout_entry_orders":0,"timedout_exit_orders":0,"canceled_trade_entries":0,"canceled_entry_orders":0,"replaced_entry_orders":0,"max_open_trades":1,"max_open_trades_setting":1,"timeframe":"15m","timeframe_detail":"","timerange":"","enable_protections":false,"strategy_name":"SimpleGridDCA","stoploss":-0.5,"trailing_stop":false,"trailing_stop_positive":null,"trailing_stop_positive_offset":0.0,"trailing_only_offset_is_reached":false,"use_custom_stoploss":false,"minimal_roi":{},"use_exit_signal":true,"exit_profit_only":false,"exit_profit_offset":0.0,"ignore_roi_if_entry_signal":false,"trading_mode":"futures","margin_mode":"isolated","periodic_breakdown":{"day":[{"date":"22/05/2025","date_ts":1747872000000,"profit_abs":30.58749643,"wins":1,"draws":0,"losses":0,"trades":1,"profit_factor":0.0},{"date":"23/05/2025","date_ts":1747958400000,"profit_abs":0.0,"wins":0,"draws":0,"losses":0,"trades":0,"profit_factor":0.0},{"date":"24/05/2025","date_ts":1748044800000,"profit_abs":0.0,"wins":0,"draws":0,"losses":0,"trades":0,"profit_factor":0.0},{"date":"25/05/2025","date_ts":1748131200000,"profit_abs":0.0,"wins":0,"draws":0,"losses":0,"trades":0,"profit_factor":0.0},{"date":"26/05/2025","date_ts":1748217600000,"profit_abs":0.0,"wins":0,"draws":0,"losses":0,"trades":0,"profit_factor":0.0},{"date":"27/05/2025","date_ts":1748304000000,"profit_abs":38.64996209,"wins":1,"draws":0,"losses":0,"trades":1,"profit_factor":0.0},{"date":"28/05/2025","date_ts":1748390400000,"profit_abs":0.0,"wins":0,"draws":0,"losses":0,"trades":0,"profit_factor":0.0},{"date":"29/05/2025","date_ts":1748476800000,"profit_abs":0.0,"wins":0,"draws":0,"losses":0,"trades":0,"profit_factor":0.0},{"date":"30/05/2025","date_ts":1748563200000,"profit_abs":24.26829028,"wins":1,"draws":0,"losses":0,"trades":1,"profit_factor":0.0},{"date":"31/05/2025","date_ts":1748649600000,"profit_abs":0.0,"wins":0,"draws":0,"losses":0,"trades":0,"profit_factor":0.0},{"date":"01/06/2025","date_ts":1748736000000,"profit_abs":0.0,"wins":0,"draws":0,"losses":0,"trades":0,"profit_factor":0.0},{"date":"02/06/2025","date_ts":1748822400000,"profit_abs":0.0,"wins":0,"draws":0,"losses":0,"trades":0,"profit_factor":0.0},{"date":"03/06/2025","date_ts":1748908800000,"profit_abs":45.90871973,"wins":1,"draws":0,"losses":0,"trades":1,"profit_factor":0.0},{"date":"04/06/2025","date_ts":1748995200000,"profit_abs":15.94551621,"wins":1,"draws":0,"losses":0,"trades":1,"profit_factor":0.0},{"date":"05/06/2025","date_ts":1749081600000,"profit_abs":11.21712165,"wins":1,"draws":0,"losses":0,"trades":1,"profit_factor":0.0},{"date":"06/06/2025","date_ts":1749168000000,"profit_abs":0.0,"wins":0,"draws":0,"losses":0,"trades":0,"profit_factor":0.0},{"date":"07/06/2025","date_ts":1749254400000,"profit_abs":0.0,"wins":0,"draws":0,"losses":0,"trades":0,"profit_factor":0.0},{"date":"08/06/2025","date_ts":1749340800000,"profit_abs":18.6717194,"wins":1,"draws":0,"losses":0,"trades":1,"profit_factor":0.0},{"date":"09/06/2025","date_ts":1749427200000,"profit_abs":0.0,"wins":0,"draws":0,"losses":0,"trades":0,"profit_factor":0.0},{"date":"10/06/2025","date_ts":1749513600000,"profit_abs":69.90416715,"wins":1,"draws":0,"losses":0,"trades":1,"profit_factor":0.0},{"date":"11/06/2025","date_ts":1749600000000,"profit_abs":0.0,"wins":0,"draws":0,"losses":0,"trades":0,"profit_factor":0.0},{"date":"12/06/2025","date_ts":1749686400000,"profit_abs":0.0,"wins":0,"draws":0,"losses":0,"trades":0,"profit_factor":0.0},{"date":"13/06/2025","date_ts":1749772800000,"profit_abs":0.0,"wins":0,"draws":0,"losses":0,"trades":0,"profit_factor":0.0},{"date":"14/06/2025","date_ts":1749859200000,"profit_abs":0.0,"wins":0,"draws":0,"losses":0,"trades":0,"profit_factor":0.0},{"date":"15/06/2025","date_ts":1749945600000,"profit_abs":0.0,"wins":0,"draws":0,"losses":0,"trades":0,"profit_factor":0.0},{"date":"16/06/2025","date_ts":1750032000000,"profit_abs":54.36559245,"wins":1,"draws":0,"losses":0,"trades":1,"profit_factor":0.0},{"date":"17/06/2025","date_ts":1750118400000,"profit_abs":0.0,"wins":0,"draws":0,"losses":0,"trades":0,"profit_factor":0.0},{"date":"18/06/2025","date_ts":1750204800000,"profit_abs":0.0,"wins":0,"draws":0,"losses":0,"trades":0,"profit_factor":0.0},{"date":"19/06/2025","date_ts":1750291200000,"profit_abs":0.0,"wins":0,"draws":0,"losses":0,"trades":0,"profit_factor":0.0},{"date":"20/06/2025","date_ts":1750377600000,"profit_abs":0.0,"wins":0,"draws":0,"losses":0,"trades":0,"profit_factor":0.0},{"date":"21/06/2025","date_ts":1750464000000,"profit_abs":0.0,"wins":0,"draws":0,"losses":0,"trades":0,"profit_factor":0.0},{"date":"22/06/2025","date_ts":1750550400000,"profit_abs":0.0,"wins":0,"draws":0,"losses":0,"trades":0,"profit_factor":0.0},{"date":"23/06/2025","date_ts":1750636800000,"profit_abs":0.0,"wins":0,"draws":0,"losses":0,"trades":0,"profit_factor":0.0},{"date":"24/06/2025","date_ts":1750723200000,"profit_abs":0.0,"wins":0,"draws":0,"losses":0,"trades":0,"profit_factor":0.0},{"date":"25/06/2025","date_ts":1750809600000,"profit_abs":0.0,"wins":0,"draws":0,"losses":0,"trades":0,"profit_factor":0.0},{"date":"26/06/2025","date_ts":1750896000000,"profit_abs":0.0,"wins":0,"draws":0,"losses":0,"trades":0,"profit_factor":0.0},{"date":"27/06/2025","date_ts":1750982400000,"profit_abs":0.0,"wins":0,"draws":0,"losses":0,"trades":0,"profit_factor":0.0},{"date":"28/06/2025","date_ts":1751068800000,"profit_abs":0.0,"wins":0,"draws":0,"losses":0,"trades":0,"profit_factor":0.0},{"date":"29/06/2025","date_ts":1751155200000,"profit_abs":0.0,"wins":0,"draws":0,"losses":0,"trades":0,"profit_factor":0.0},{"date":"30/06/2025","date_ts":1751241600000,"profit_abs":0.0,"wins":0,"draws":0,"losses":0,"trades":0,"profit_factor":0.0},{"date":"01/07/2025","date_ts":1751328000000,"profit_abs":0.0,"wins":0,"draws":0,"losses":0,"trades":0,"profit_factor":0.0},{"date":"02/07/2025","date_ts":1751414400000,"profit_abs":22.19876908,"wins":1,"draws":0,"losses":0,"trades":1,"profit_factor":0.0},{"date":"03/07/2025","date_ts":1751500800000,"profit_abs":53.85714816,"wins":1,"draws":0,"losses":0,"trades":1,"profit_factor":0.0}],"week":[{"date":"26/05/2025","date_ts":1748217600000,"profit_abs":30.58749643,"wins":1,"draws":0,"losses":0,"trades":1,"profit_factor":0.0},{"date":"02/06/2025","date_ts":1748822400000,"profit_abs":62.91825237,"wins":2,"draws":0,"losses":0,"trades":2,"profit_factor":0.0},{"date":"09/06/2025","date_ts":1749427200000,"profit_abs":91.74307699,"wins":4,"draws":0,"losses":0,"trades":4,"profit_factor":0.0},{"date":"16/06/2025","date_ts":1750032000000,"profit_abs":124.2697596,"wins":2,"draws":0,"losses":0,"trades":2,"profit_factor":0.0},{"date":"23/06/2025","date_ts":1750636800000,"profit_abs":0.0,"wins":0,"draws":0,"losses":0,"trades":0,"profit_factor":0.0},{"date":"30/06/2025","date_ts":1751241600000,"profit_abs":0.0,"wins":0,"draws":0,"losses":0,"trades":0,"profit_factor":0.0},{"date":"07/07/2025","date_ts":1751846400000,"profit_abs":76.05591724,"wins":2,"draws":0,"losses":0,"trades":2,"profit_factor":0.0}],"month":[{"date":"31/05/2025","date_ts":1748649600000,"profit_abs":93.5057488,"wins":3,"draws":0,"losses":0,"trades":3,"profit_factor":0.0},{"date":"30/06/2025","date_ts":1751241600000,"profit_abs":216.01283659,"wins":6,"draws":0,"losses":0,"trades":6,"profit_factor":0.0},{"date":"31/07/2025","date_ts":1753920000000,"profit_abs":76.05591724,"wins":2,"draws":0,"losses":0,"trades":2,"profit_factor":0.0}],"year":[{"date":"31/12/2025","date_ts":1767139200000,"profit_abs":385.57450263,"wins":11,"draws":0,"losses":0,"trades":11,"profit_factor":0.0}]},"backtest_best_day":0.05959349313935756,"backtest_worst_day":0.0,"backtest_best_day_abs":69.90416715,"backtest_worst_day_abs":0.0,"winning_days":11,"draw_days":32,"losing_days":0,"daily_profit":[["2025-05-22",30.58749643],["2025-05-23",0.0],["2025-05-24",0.0],["2025-05-25",0.0],["2025-05-26",0.0],["2025-05-27",38.64996209],["2025-05-28",0.0],["2025-05-29",0.0],["2025-05-30",24.26829028],["2025-05-31",0.0],["2025-06-01",0.0],["2025-06-02",0.0],["2025-06-03",45.90871973],["2025-06-04",15.94551621],["2025-06-05",11.21712165],["2025-06-06",0.0],["2025-06-07",0.0],["2025-06-08",18.6717194],["2025-06-09",0.0],["2025-06-10",69.90416715],["2025-06-11",0.0],["2025-06-12",0.0],["2025-06-13",0.0],["2025-06-14",0.0],["2025-06-15",0.0],["2025-06-16",54.36559245],["2025-06-17",0.0],["2025-06-18",0.0],["2025-06-19",0.0],["2025-06-20",0.0],["2025-06-21",0.0],["2025-06-22",0.0],["2025-06-23",0.0],["2025-06-24",0.0],["2025-06-25",0.0],["2025-06-26",0.0],["2025-06-27",0.0],["2025-06-28",0.0],["2025-06-29",0.0],["2025-06-30",0.0],["2025-07-01",0.0],["2025-07-02",22.19876908],["2025-07-03",53.85714816]],"wins":11,"losses":0,"draws":0,"winrate":1.0,"holding_avg":"3 days, 3:00:00","holding_avg_s":270000.0,"winner_holding_min":"0d 01:30","winner_holding_min_s":5400.0,"winner_holding_max":"15d 21:15","winner_holding_max_s":1372500.0,"winner_holding_avg":"3d 03:00","winner_holding_avg_s":270000.0,"loser_holding_min":"0d 00:00","loser_holding_min_s":0.0,"loser_holding_max":"0d 00:00","loser_holding_max_s":0.0,"loser_holding_avg":"0d 00:00","loser_holding_avg_s":0.0,"max_consecutive_wins":11,"max_consecutive_losses":0,"max_drawdown_account":0.0,"max_relative_drawdown":0.0,"max_drawdown_abs":0.0,"drawdown_start":"2025-05-22 11:30:00","drawdown_start_ts":1747913400000.0,"drawdown_end":"2025-05-22 11:30:00","drawdown_end_ts":1747913400000.0,"max_drawdown_low":30.58749643,"max_drawdown_high":30.58749643,"csum_min":1030.58749643,"csum_max":1385.57450263}},"strategy_comparison":[{"key":"SimpleGridDCA","trades":11,"profit_mean":0.030512973023331023,"profit_mean_pct":3.05,"profit_sum":0.33564270325664125,"profit_sum_pct":33.56,"profit_total_abs":385.57450263,"profit_total":0.38557450263,"profit_total_pct":38.56,"duration_avg":"3 days, 3:00:00","wins":11,"draws":0,"losses":0,"winrate":1.0,"cagr":10.939255169623541,"expectancy":35.05222751181818,"expectancy_ratio":100.0,"sortino":-100,"sharpe":8.51274738046007,"calmar":-100,"sqn":6.1485,"profit_factor":0.0,"max_drawdown_account":0.0,"max_drawdown_abs":"0"}]}