{"strategy":{"GridBotSample":{"trades":[{"pair":"ETH/USDT:USDT","stake_amount":329.36576,"max_stake_amount":329.36576,"amount":0.128,"open_date":"2025-05-16 05:00:00+00:00","close_date":"2025-05-18 04:30:00+00:00","open_rate":2573.17,"close_rate":2481.15,"fee_open":0.0005,"fee_close":0.0005,"trade_duration":2850,"profit_ratio":-0.036979556011574766,"profit_abs":-12.18588947,"exit_reason":"exit_signal","initial_stop_loss_abs":2315.86,"initial_stop_loss_ratio":-0.1,"stop_loss_abs":2315.86,"stop_loss_ratio":-0.1,"min_rate":2442.65,"max_rate":2648.68,"is_open":false,"enter_tag":"","leverage":1.0,"is_short":false,"open_timestamp":1747371600000,"close_timestamp":1747542600000,"orders":[{"amount":0.128,"safe_price":2573.17,"ft_order_side":"buy","order_filled_timestamp":1747371600000,"ft_is_entry":true,"ft_order_tag":"","cost":329.53044288},{"amount":0.128,"safe_price":2481.15,"ft_order_side":"sell","order_filled_timestamp":1747542600000,"ft_is_entry":false,"ft_order_tag":"exit_signal","cost":317.74599359999996}],"funding_fees":-0.0838529857840751},{"pair":"ETH/USDT:USDT","stake_amount":325.79176,"max_stake_amount":325.79176,"amount":0.131,"open_date":"2025-05-18 04:45:00+00:00","close_date":"2025-05-18 20:00:00+00:00","open_rate":2486.96,"close_rate":2406.78,"fee_open":0.0005,"fee_close":0.0005,"trade_duration":915,"profit_ratio":-0.03325826502073648,"profit_abs":-10.84068633,"exit_reason":"exit_signal","initial_stop_loss_abs":2238.27,"initial_stop_loss_ratio":-0.1,"stop_loss_abs":2238.27,"stop_loss_ratio":-0.1,"min_rate":2312.62,"max_rate":2587.52,"is_open":false,"enter_tag":"","leverage":1.0,"is_short":false,"open_timestamp":1747543500000,"close_timestamp":1747598400000,"orders":[{"amount":0.131,"safe_price":2486.96,"ft_order_side":"buy","order_filled_timestamp":1747543500000,"ft_is_entry":true,"ft_order_tag":"","cost":325.95465588},{"amount":0.131,"safe_price":2406.78,"ft_order_side":"sell","order_filled_timestamp":1747598400000,"ft_is_entry":false,"ft_order_tag":"exit_signal","cost":315.44582409}],"funding_fees":-0.01656635586090441},{"pair":"ETH/USDT:USDT","stake_amount":321.04644,"max_stake_amount":321.04644,"amount":0.132,"open_date":"2025-05-19 13:45:00+00:00","close_date":"2025-05-22 03:45:00+00:00","open_rate":2432.17,"close_rate":2634.82,"fee_open":0.0005,"fee_close":0.0005,"trade_duration":3720,"profit_ratio":0.081824219862876,"profit_abs":26.28250918,"exit_reason":"exit_signal","initial_stop_loss_abs":2188.96,"initial_stop_loss_ratio":-0.1,"stop_loss_abs":2188.96,"stop_loss_ratio":-0.1,"min_rate":2416.4,"max_rate":2647.25,"is_open":false,"enter_tag":"","leverage":1.0,"is_short":false,"open_timestamp":1747662300000,"close_timestamp":1747885500000,"orders":[{"amount":0.132,"safe_price":2432.17,"ft_order_side":"buy","order_filled_timestamp":1747662300000,"ft_is_entry":true,"ft_order_tag":"","cost":321.20696322},{"amount":0.132,"safe_price":2634.82,"ft_order_side":"sell","order_filled_timestamp":1747885500000,"ft_is_entry":false,"ft_order_tag":"exit_signal","cost":347.97013812}],"funding_fees":-0.1328694789462239},{"pair":"ETH/USDT:USDT","stake_amount":328.57375,"max_stake_amount":328.57375,"amount":0.125,"open_date":"2025-05-22 04:00:00+00:00","close_date":"2025-05-22 04:45:00+00:00","open_rate":2628.59,"close_rate":2634.78,"fee_open":0.0005,"fee_close":0.0005,"trade_duration":45,"profit_ratio":0.0013530207341632561,"profit_abs":0.44478938,"exit_reason":"exit_signal","initial_stop_loss_abs":2365.74,"initial_stop_loss_ratio":-0.1,"stop_loss_abs":2365.74,"stop_loss_ratio":-0.1,"min_rate":2612.99,"max_rate":2638.0,"is_open":false,"enter_tag":"","leverage":1.0,"is_short":false,"open_timestamp":1747886400000,"close_timestamp":1747889100000,"orders":[{"amount":0.125,"safe_price":2628.59,"ft_order_side":"buy","order_filled_timestamp":1747886400000,"ft_is_entry":true,"ft_order_tag":"","cost":328.738036875},{"amount":0.125,"safe_price":2634.78,"ft_order_side":"sell","order_filled_timestamp":1747889100000,"ft_is_entry":false,"ft_order_tag":"exit_signal","cost":329.51217375}],"funding_fees":0.0},{"pair":"ETH/USDT:USDT","stake_amount":331.04862,"max_stake_amount":331.04862,"amount":0.126,"open_date":"2025-05-22 05:00:00+00:00","close_date":"2025-05-22 05:30:00+00:00","open_rate":2627.37,"close_rate":2642.93,"fee_open":0.0005,"fee_close":0.0005,"trade_duration":30,"profit_ratio":0.004916852519667082,"profit_abs":1.6285311,"exit_reason":"exit_signal","initial_stop_loss_abs":2364.64,"initial_stop_loss_ratio":-0.1,"stop_loss_abs":2364.64,"stop_loss_ratio":-0.1,"min_rate":2619.21,"max_rate":2646.82,"is_open":false,"enter_tag":"","leverage":1.0,"is_short":false,"open_timestamp":1747890000000,"close_timestamp":1747891800000,"orders":[{"amount":0.126,"safe_price":2627.37,"ft_order_side":"buy","order_filled_timestamp":1747890000000,"ft_is_entry":true,"ft_order_tag":"","cost":331.21414430999994},{"amount":0.126,"safe_price":2642.93,"ft_order_side":"sell","order_filled_timestamp":1747891800000,"ft_is_entry":false,"ft_order_tag":"exit_signal","cost":333.17568458999995}],"funding_fees":0.0},{"pair":"ETH/USDT:USDT","stake_amount":331.32014,"max_stake_amount":331.32014,"amount":0.127,"open_date":"2025-05-22 06:00:00+00:00","close_date":"2025-05-22 08:00:00+00:00","open_rate":2608.82,"close_rate":2634.41,"fee_open":0.0005,"fee_close":0.0005,"trade_duration":120,"profit_ratio":0.008698820219119741,"profit_abs":2.88353538,"exit_reason":"exit_signal","initial_stop_loss_abs":2347.94,"initial_stop_loss_ratio":-0.1,"stop_loss_abs":2347.94,"stop_loss_ratio":-0.1,"min_rate":2601.65,"max_rate":2644.43,"is_open":false,"enter_tag":"","leverage":1.0,"is_short":false,"open_timestamp":1747893600000,"close_timestamp":1747900800000,"orders":[{"amount":0.127,"safe_price":2608.82,"ft_order_side":"buy","order_filled_timestamp":1747893600000,"ft_is_entry":true,"ft_order_tag":"","cost":331.48580007000004},{"amount":0.127,"safe_price":2634.41,"ft_order_side":"sell","order_filled_timestamp":1747900800000,"ft_is_entry":false,"ft_order_tag":"exit_signal","cost":334.73735503499995}],"funding_fees":-0.033449514},{"pair":"ETH/USDT:USDT","stake_amount":331.39386,"max_stake_amount":331.39386,"amount":0.126,"open_date":"2025-05-22 21:30:00+00:00","close_date":"2025-05-22 21:45:00+00:00","open_rate":2630.11,"close_rate":2635.41,"fee_open":0.0005,"fee_close":0.0005,"trade_duration":15,"profit_ratio":0.0010136104750283303,"profit_abs":0.33607224,"exit_reason":"exit_signal","initial_stop_loss_abs":2367.1,"initial_stop_loss_ratio":-0.1,"stop_loss_abs":2367.1,"stop_loss_ratio":-0.1,"min_rate":2627.18,"max_rate":2637.65,"is_open":false,"enter_tag":"","leverage":1.0,"is_short":false,"open_timestamp":1747949400000,"close_timestamp":1747950300000,"orders":[{"amount":0.126,"safe_price":2630.11,"ft_order_side":"buy","order_filled_timestamp":1747949400000,"ft_is_entry":true,"ft_order_tag":"","cost":331.55955693},{"amount":0.126,"safe_price":2635.41,"ft_order_side":"sell","order_filled_timestamp":1747950300000,"ft_is_entry":false,"ft_order_tag":"exit_signal","cost":332.2276908299999}],"funding_fees":0.0},{"pair":"ETH/USDT:USDT","stake_amount":331.30818,"max_stake_amount":331.30818,"amount":0.126,"open_date":"2025-05-23 11:45:00+00:00","close_date":"2025-05-24 18:15:00+00:00","open_rate":2629.43,"close_rate":2561.57,"fee_open":0.0005,"fee_close":0.0005,"trade_duration":1830,"profit_ratio":-0.026930052969358343,"profit_abs":-8.92660791,"exit_reason":"exit_signal","initial_stop_loss_abs":2366.49,"initial_stop_loss_ratio":-0.1,"stop_loss_abs":2366.49,"stop_loss_ratio":-0.1,"min_rate":2497.0,"max_rate":2630.53,"is_open":false,"enter_tag":"","leverage":1.0,"is_short":false,"open_timestamp":1748000700000,"close_timestamp":1748110500000,"orders":[{"amount":0.126,"safe_price":2629.43,"ft_order_side":"buy","order_filled_timestamp":1748000700000,"ft_is_entry":true,"ft_order_tag":"","cost":331.47383408999997},{"amount":0.126,"safe_price":2561.57,"ft_order_side":"sell","order_filled_timestamp":1748110500000,"ft_is_entry":false,"ft_order_tag":"exit_signal","cost":322.91919891000003}],"funding_fees":-0.04921491146819595},{"pair":"ETH/USDT:USDT","stake_amount":327.71328,"max_stake_amount":327.71328,"amount":0.128,"open_date":"2025-05-24 18:30:00+00:00","close_date":"2025-05-24 19:45:00+00:00","open_rate":2560.26,"close_rate":2550.78,"fee_open":0.0005,"fee_close":0.0005,"trade_duration":75,"profit_ratio":-0.004698548290945573,"profit_abs":-1.54054656,"exit_reason":"exit_signal","initial_stop_loss_abs":2304.24,"initial_stop_loss_ratio":-0.1,"stop_loss_abs":2304.24,"stop_loss_ratio":-0.1,"min_rate":2543.32,"max_rate":2560.37,"is_open":false,"enter_tag":"","leverage":1.0,"is_short":false,"open_timestamp":1748111400000,"close_timestamp":1748115900000,"orders":[{"amount":0.128,"safe_price":2560.26,"ft_order_side":"buy","order_filled_timestamp":1748111400000,"ft_is_entry":true,"ft_order_tag":"","cost":327.87713664000006},{"amount":0.128,"safe_price":2550.78,"ft_order_side":"sell","order_filled_timestamp":1748115900000,"ft_is_entry":false,"ft_order_tag":"exit_signal","cost":326.66308992}],"funding_fees":0.0},{"pair":"ETH/USDT:USDT","stake_amount":326.82752,"max_stake_amount":326.82752,"amount":0.128,"open_date":"2025-05-24 20:00:00+00:00","close_date":"2025-05-24 20:30:00+00:00","open_rate":2553.34,"close_rate":2551.83,"fee_open":0.0005,"fee_close":0.0005,"trade_duration":30,"profit_ratio":-0.0015902914310819084,"profit_abs":-0.52001088,"exit_reason":"exit_signal","initial_stop_loss_abs":2298.01,"initial_stop_loss_ratio":-0.1,"stop_loss_abs":2298.01,"stop_loss_ratio":-0.1,"min_rate":2548.46,"max_rate":2555.47,"is_open":false,"enter_tag":"","leverage":1.0,"is_short":false,"open_timestamp":1748116800000,"close_timestamp":1748118600000,"orders":[{"amount":0.128,"safe_price":2553.34,"ft_order_side":"buy","order_filled_timestamp":1748116800000,"ft_is_entry":true,"ft_order_tag":"","cost":326.99093376},{"amount":0.128,"safe_price":2551.83,"ft_order_side":"sell","order_filled_timestamp":1748118600000,"ft_is_entry":false,"ft_order_tag":"exit_signal","cost":326.79755711999996}],"funding_fees":0.0},{"pair":"ETH/USDT:USDT","stake_amount":328.55139,"max_stake_amount":328.55139,"amount":0.129,"open_date":"2025-05-24 21:15:00+00:00","close_date":"2025-05-25 19:00:00+00:00","open_rate":2546.91,"close_rate":2514.89,"fee_open":0.0005,"fee_close":0.0005,"trade_duration":1305,"profit_ratio":-0.013739299313439132,"profit_abs":-4.51632292,"exit_reason":"exit_signal","initial_stop_loss_abs":2292.22,"initial_stop_loss_ratio":-0.1,"stop_loss_abs":2292.22,"stop_loss_ratio":-0.1,"min_rate":2457.6,"max_rate":2547.35,"is_open":false,"enter_tag":"","leverage":1.0,"is_short":false,"open_timestamp":1748121300000,"close_timestamp":1748199600000,"orders":[{"amount":0.129,"safe_price":2546.91,"ft_order_side":"buy","order_filled_timestamp":1748121300000,"ft_is_entry":true,"ft_order_tag":"","cost":328.7156656949999},{"amount":0.129,"safe_price":2514.89,"ft_order_side":"sell","order_filled_timestamp":1748199600000,"ft_is_entry":false,"ft_order_tag":"exit_signal","cost":324.583020405}],"funding_fees":-0.0592568162334},{"pair":"ETH/USDT:USDT","stake_amount":327.639,"max_stake_amount":327.639,"amount":0.13,"open_date":"2025-05-25 19:30:00+00:00","close_date":"2025-05-25 21:00:00+00:00","open_rate":2520.3,"close_rate":2522.66,"fee_open":0.0005,"fee_close":0.0005,"trade_duration":90,"profit_ratio":-6.403971763275209e-05,"profit_abs":-0.0209924,"exit_reason":"exit_signal","initial_stop_loss_abs":2268.28,"initial_stop_loss_ratio":-0.1,"stop_loss_abs":2268.28,"stop_loss_ratio":-0.1,"min_rate":2509.69,"max_rate":2537.0,"is_open":false,"enter_tag":"","leverage":1.0,"is_short":false,"open_timestamp":1748201400000,"close_timestamp":1748206800000,"orders":[{"amount":0.13,"safe_price":2520.3,"ft_order_side":"buy","order_filled_timestamp":1748201400000,"ft_is_entry":true,"ft_order_tag":"","cost":327.8028195},{"amount":0.13,"safe_price":2522.66,"ft_order_side":"sell","order_filled_timestamp":1748206800000,"ft_is_entry":false,"ft_order_tag":"exit_signal","cost":328.1097729}],"funding_fees":0.0},{"pair":"ETH/USDT:USDT","stake_amount":326.3571,"max_stake_amount":326.3571,"amount":0.129,"open_date":"2025-05-25 21:15:00+00:00","close_date":"2025-05-27 08:30:00+00:00","open_rate":2529.9,"close_rate":2637.32,"fee_open":0.0005,"fee_close":0.0005,"trade_duration":2115,"profit_ratio":0.04114087149396743,"profit_abs":13.43332882,"exit_reason":"exit_signal","initial_stop_loss_abs":2276.92,"initial_stop_loss_ratio":-0.1,"stop_loss_abs":2276.92,"stop_loss_ratio":-0.1,"min_rate":2506.08,"max_rate":2643.44,"is_open":false,"enter_tag":"","leverage":1.0,"is_short":false,"open_timestamp":1748207700000,"close_timestamp":1748334600000,"orders":[{"amount":0.129,"safe_price":2529.9,"ft_order_side":"buy","order_filled_timestamp":1748207700000,"ft_is_entry":true,"ft_order_tag":"","cost":326.52027855},{"amount":0.129,"safe_price":2637.32,"ft_order_side":"sell","order_filled_timestamp":1748334600000,"ft_is_entry":false,"ft_order_tag":"exit_signal","cost":340.38438714}],"funding_fees":-0.09056549100125798},{"pair":"ETH/USDT:USDT","stake_amount":330.49422,"max_stake_amount":330.49422,"amount":0.126,"open_date":"2025-05-27 09:30:00+00:00","close_date":"2025-05-27 09:45:00+00:00","open_rate":2622.97,"close_rate":2635.26,"fee_open":0.0005,"fee_close":0.0005,"trade_duration":15,"profit_ratio":0.0036813448005559514,"profit_abs":1.21727151,"exit_reason":"exit_signal","initial_stop_loss_abs":2360.68,"initial_stop_loss_ratio":-0.1,"stop_loss_abs":2360.68,"stop_loss_ratio":-0.1,"min_rate":2622.57,"max_rate":2649.13,"is_open":false,"enter_tag":"","leverage":1.0,"is_short":false,"open_timestamp":1748338200000,"close_timestamp":1748339100000,"orders":[{"amount":0.126,"safe_price":2622.97,"ft_order_side":"buy","order_filled_timestamp":1748338200000,"ft_is_entry":true,"ft_order_tag":"","cost":330.65946711},{"amount":0.126,"safe_price":2635.26,"ft_order_side":"sell","order_filled_timestamp":1748339100000,"ft_is_entry":false,"ft_order_tag":"exit_signal","cost":332.20878138}],"funding_fees":0.0},{"pair":"ETH/USDT:USDT","stake_amount":331.43796,"max_stake_amount":331.43796,"amount":0.126,"open_date":"2025-05-28 02:15:00+00:00","close_date":"2025-05-28 02:45:00+00:00","open_rate":2630.46,"close_rate":2634.76,"fee_open":0.0005,"fee_close":0.0005,"trade_duration":30,"profit_ratio":0.0006335609443364205,"profit_abs":0.21009114,"exit_reason":"exit_signal","initial_stop_loss_abs":2367.42,"initial_stop_loss_ratio":-0.1,"stop_loss_abs":2367.42,"stop_loss_ratio":-0.1,"min_rate":2617.0,"max_rate":2642.18,"is_open":false,"enter_tag":"","leverage":1.0,"is_short":false,"open_timestamp":1748398500000,"close_timestamp":1748400300000,"orders":[{"amount":0.126,"safe_price":2630.46,"ft_order_side":"buy","order_filled_timestamp":1748398500000,"ft_is_entry":true,"ft_order_tag":"","cost":331.60367898000004},{"amount":0.126,"safe_price":2634.76,"ft_order_side":"sell","order_filled_timestamp":1748400300000,"ft_is_entry":false,"ft_order_tag":"exit_signal","cost":332.14574988000004}],"funding_fees":0.0},{"pair":"ETH/USDT:USDT","stake_amount":330.5484,"max_stake_amount":330.5484,"amount":0.126,"open_date":"2025-05-28 06:15:00+00:00","close_date":"2025-05-28 06:30:00+00:00","open_rate":2623.4,"close_rate":2632.83,"fee_open":0.0005,"fee_close":0.0005,"trade_duration":15,"profit_ratio":0.0025914789041402144,"profit_abs":0.85703751,"exit_reason":"exit_signal","initial_stop_loss_abs":2361.06,"initial_stop_loss_ratio":-0.1,"stop_loss_abs":2361.06,"stop_loss_ratio":-0.1,"min_rate":2622.36,"max_rate":2633.81,"is_open":false,"enter_tag":"","leverage":1.0,"is_short":false,"open_timestamp":1748412900000,"close_timestamp":1748413800000,"orders":[{"amount":0.126,"safe_price":2623.4,"ft_order_side":"buy","order_filled_timestamp":1748412900000,"ft_is_entry":true,"ft_order_tag":"","cost":330.7136742},{"amount":0.126,"safe_price":2632.83,"ft_order_side":"sell","order_filled_timestamp":1748413800000,"ft_is_entry":false,"ft_order_tag":"exit_signal","cost":331.90244829}],"funding_fees":0.0},{"pair":"ETH/USDT:USDT","stake_amount":331.00704,"max_stake_amount":331.00704,"amount":0.126,"open_date":"2025-05-28 06:45:00+00:00","close_date":"2025-05-28 07:15:00+00:00","open_rate":2627.04,"close_rate":2633.0,"fee_open":0.0005,"fee_close":0.0005,"trade_duration":30,"profit_ratio":0.0012669452471522934,"profit_abs":0.41957748,"exit_reason":"exit_signal","initial_stop_loss_abs":2364.34,"initial_stop_loss_ratio":-0.1,"stop_loss_abs":2364.34,"stop_loss_ratio":-0.1,"min_rate":2623.54,"max_rate":2637.22,"is_open":false,"enter_tag":"","leverage":1.0,"is_short":false,"open_timestamp":1748414700000,"close_timestamp":1748416500000,"orders":[{"amount":0.126,"safe_price":2627.04,"ft_order_side":"buy","order_filled_timestamp":1748414700000,"ft_is_entry":true,"ft_order_tag":"","cost":331.17254352},{"amount":0.126,"safe_price":2633.0,"ft_order_side":"sell","order_filled_timestamp":1748416500000,"ft_is_entry":false,"ft_order_tag":"exit_signal","cost":331.92387899999994}],"funding_fees":0.0},{"pair":"ETH/USDT:USDT","stake_amount":331.506,"max_stake_amount":331.506,"amount":0.126,"open_date":"2025-05-28 08:15:00+00:00","close_date":"2025-05-28 08:30:00+00:00","open_rate":2631.0,"close_rate":2638.74,"fee_open":0.0005,"fee_close":0.0005,"trade_duration":15,"profit_ratio":0.0019394065794924658,"profit_abs":0.64324638,"exit_reason":"exit_signal","initial_stop_loss_abs":2367.9,"initial_stop_loss_ratio":-0.1,"stop_loss_abs":2367.9,"stop_loss_ratio":-0.1,"min_rate":2629.0,"max_rate":2644.99,"is_open":false,"enter_tag":"","leverage":1.0,"is_short":false,"open_timestamp":1748420100000,"close_timestamp":1748421000000,"orders":[{"amount":0.126,"safe_price":2631.0,"ft_order_side":"buy","order_filled_timestamp":1748420100000,"ft_is_entry":true,"ft_order_tag":"","cost":331.671753},{"amount":0.126,"safe_price":2638.74,"ft_order_side":"sell","order_filled_timestamp":1748421000000,"ft_is_entry":false,"ft_order_tag":"exit_signal","cost":332.64748061999995}],"funding_fees":0.0},{"pair":"ETH/USDT:USDT","stake_amount":331.4052,"max_stake_amount":331.4052,"amount":0.126,"open_date":"2025-05-28 09:30:00+00:00","close_date":"2025-05-28 10:30:00+00:00","open_rate":2630.2,"close_rate":2633.32,"fee_open":0.0005,"fee_close":0.0005,"trade_duration":60,"profit_ratio":0.000185535701467189,"profit_abs":0.06151824,"exit_reason":"exit_signal","initial_stop_loss_abs":2367.18,"initial_stop_loss_ratio":-0.1,"stop_loss_abs":2367.18,"stop_loss_ratio":-0.1,"min_rate":2606.0,"max_rate":2643.12,"is_open":false,"enter_tag":"","leverage":1.0,"is_short":false,"open_timestamp":1748424600000,"close_timestamp":1748428200000,"orders":[{"amount":0.126,"safe_price":2630.2,"ft_order_side":"buy","order_filled_timestamp":1748424600000,"ft_is_entry":true,"ft_order_tag":"","cost":331.57090259999995},{"amount":0.126,"safe_price":2633.32,"ft_order_side":"sell","order_filled_timestamp":1748428200000,"ft_is_entry":false,"ft_order_tag":"exit_signal","cost":331.96421916}],"funding_fees":0.0},{"pair":"ETH/USDT:USDT","stake_amount":331.05996,"max_stake_amount":331.05996,"amount":0.126,"open_date":"2025-05-28 15:00:00+00:00","close_date":"2025-05-28 15:45:00+00:00","open_rate":2627.46,"close_rate":2635.9,"fee_open":0.0005,"fee_close":0.0005,"trade_duration":45,"profit_ratio":0.0022095169065768166,"profit_abs":0.73184832,"exit_reason":"exit_signal","initial_stop_loss_abs":2364.72,"initial_stop_loss_ratio":-0.1,"stop_loss_abs":2364.72,"stop_loss_ratio":-0.1,"min_rate":2612.0,"max_rate":2639.27,"is_open":false,"enter_tag":"","leverage":1.0,"is_short":false,"open_timestamp":1748444400000,"close_timestamp":1748447100000,"orders":[{"amount":0.126,"safe_price":2627.46,"ft_order_side":"buy","order_filled_timestamp":1748444400000,"ft_is_entry":true,"ft_order_tag":"","cost":331.22548997999996},{"amount":0.126,"safe_price":2635.9,"ft_order_side":"sell","order_filled_timestamp":1748447100000,"ft_is_entry":false,"ft_order_tag":"exit_signal","cost":332.2894617}],"funding_fees":0.0},{"pair":"ETH/USDT:USDT","stake_amount":330.9012,"max_stake_amount":330.9012,"amount":0.126,"open_date":"2025-05-28 16:00:00+00:00","close_date":"2025-05-28 16:15:00+00:00","open_rate":2626.2,"close_rate":2632.18,"fee_open":0.0005,"fee_close":0.0005,"trade_duration":15,"profit_ratio":0.0011753361122142575,"profit_abs":0.38911459,"exit_reason":"exit_signal","initial_stop_loss_abs":2363.58,"initial_stop_loss_ratio":-0.1,"stop_loss_abs":2363.58,"stop_loss_ratio":-0.1,"min_rate":2625.61,"max_rate":2643.12,"is_open":false,"enter_tag":"","leverage":1.0,"is_short":false,"open_timestamp":1748448000000,"close_timestamp":1748448900000,"orders":[{"amount":0.126,"safe_price":2626.2,"ft_order_side":"buy","order_filled_timestamp":1748448000000,"ft_is_entry":true,"ft_order_tag":"","cost":331.06665059999995},{"amount":0.126,"safe_price":2632.18,"ft_order_side":"sell","order_filled_timestamp":1748448900000,"ft_is_entry":false,"ft_order_tag":"exit_signal","cost":331.82050733999995}],"funding_fees":-0.033087474},{"pair":"ETH/USDT:USDT","stake_amount":332.64094,"max_stake_amount":332.64094,"amount":0.127,"open_date":"2025-05-28 19:45:00+00:00","close_date":"2025-05-28 21:00:00+00:00","open_rate":2619.22,"close_rate":2633.62,"fee_open":0.0005,"fee_close":0.0005,"trade_duration":75,"profit_ratio":0.0044928246393674594,"profit_abs":1.49524466,"exit_reason":"exit_signal","initial_stop_loss_abs":2357.3,"initial_stop_loss_ratio":-0.1,"stop_loss_abs":2357.3,"stop_loss_ratio":-0.1,"min_rate":2610.01,"max_rate":2638.77,"is_open":false,"enter_tag":"","leverage":1.0,"is_short":false,"open_timestamp":1748461500000,"close_timestamp":1748466000000,"orders":[{"amount":0.127,"safe_price":2619.22,"ft_order_side":"buy","order_filled_timestamp":1748461500000,"ft_is_entry":true,"ft_order_tag":"","cost":332.80726046999996},{"amount":0.127,"safe_price":2633.62,"ft_order_side":"sell","order_filled_timestamp":1748466000000,"ft_is_entry":false,"ft_order_tag":"exit_signal","cost":334.63697486999996}],"funding_fees":0.0},{"pair":"ETH/USDT:USDT","stake_amount":334.04048,"max_stake_amount":334.04048,"amount":0.127,"open_date":"2025-05-29 19:15:00+00:00","close_date":"2025-05-29 19:30:00+00:00","open_rate":2630.24,"close_rate":2642.53,"fee_open":0.0005,"fee_close":0.0005,"trade_duration":15,"profit_ratio":0.0036684069301843383,"profit_abs":1.22600911,"exit_reason":"exit_signal","initial_stop_loss_abs":2367.22,"initial_stop_loss_ratio":-0.1,"stop_loss_abs":2367.22,"stop_loss_ratio":-0.1,"min_rate":2629.63,"max_rate":2648.98,"is_open":false,"enter_tag":"","leverage":1.0,"is_short":false,"open_timestamp":1748546100000,"close_timestamp":1748547000000,"orders":[{"amount":0.127,"safe_price":2630.24,"ft_order_side":"buy","order_filled_timestamp":1748546100000,"ft_is_entry":true,"ft_order_tag":"","cost":334.20750024},{"amount":0.127,"safe_price":2642.53,"ft_order_side":"sell","order_filled_timestamp":1748547000000,"ft_is_entry":false,"ft_order_tag":"exit_signal","cost":335.769110655}],"funding_fees":0.0},{"pair":"ETH/USDT:USDT","stake_amount":334.20939,"max_stake_amount":334.20939,"amount":0.127,"open_date":"2025-05-29 23:45:00+00:00","close_date":"2025-05-30 00:15:00+00:00","open_rate":2631.57,"close_rate":2640.68,"fee_open":0.0005,"fee_close":0.0005,"trade_duration":30,"profit_ratio":0.0023841471594083334,"profit_abs":0.79720277,"exit_reason":"exit_signal","initial_stop_loss_abs":2368.42,"initial_stop_loss_ratio":-0.1,"stop_loss_abs":2368.42,"stop_loss_ratio":-0.1,"min_rate":2617.11,"max_rate":2644.12,"is_open":false,"enter_tag":"","leverage":1.0,"is_short":false,"open_timestamp":1748562300000,"close_timestamp":1748564100000,"orders":[{"amount":0.127,"safe_price":2631.57,"ft_order_side":"buy","order_filled_timestamp":1748562300000,"ft_is_entry":true,"ft_order_tag":"","cost":334.376494695},{"amount":0.127,"safe_price":2640.68,"ft_order_side":"sell","order_filled_timestamp":1748564100000,"ft_is_entry":false,"ft_order_tag":"exit_signal","cost":335.53404317999997}],"funding_fees":-0.024979355832183872},{"pair":"ETH/USDT:USDT","stake_amount":333.93634,"max_stake_amount":333.93634,"amount":0.127,"open_date":"2025-05-30 00:45:00+00:00","close_date":"2025-05-30 03:15:00+00:00","open_rate":2629.42,"close_rate":2636.16,"fee_open":0.0005,"fee_close":0.0005,"trade_duration":150,"profit_ratio":0.0015612406619290016,"profit_abs":0.52161567,"exit_reason":"exit_signal","initial_stop_loss_abs":2366.48,"initial_stop_loss_ratio":-0.1,"stop_loss_abs":2366.48,"stop_loss_ratio":-0.1,"min_rate":2556.0,"max_rate":2642.12,"is_open":false,"enter_tag":"","leverage":1.0,"is_short":false,"open_timestamp":1748565900000,"close_timestamp":1748574900000,"orders":[{"amount":0.127,"safe_price":2629.42,"ft_order_side":"buy","order_filled_timestamp":1748565900000,"ft_is_entry":true,"ft_order_tag":"","cost":334.10330817},{"amount":0.127,"safe_price":2636.16,"ft_order_side":"sell","order_filled_timestamp":1748574900000,"ft_is_entry":false,"ft_order_tag":"exit_signal","cost":334.95971615999997}],"funding_fees":0.0},{"pair":"ETH/USDT:USDT","stake_amount":334.05953,"max_stake_amount":334.05953,"amount":0.127,"open_date":"2025-05-30 04:00:00+00:00","close_date":"2025-05-30 05:00:00+00:00","open_rate":2630.39,"close_rate":2634.1,"fee_open":0.0005,"fee_close":0.0005,"trade_duration":60,"profit_ratio":0.0004095272383386853,"profit_abs":0.13687488,"exit_reason":"exit_signal","initial_stop_loss_abs":2367.36,"initial_stop_loss_ratio":-0.1,"stop_loss_abs":2367.36,"stop_loss_ratio":-0.1,"min_rate":2620.36,"max_rate":2639.04,"is_open":false,"enter_tag":"","leverage":1.0,"is_short":false,"open_timestamp":1748577600000,"close_timestamp":1748581200000,"orders":[{"amount":0.127,"safe_price":2630.39,"ft_order_side":"buy","order_filled_timestamp":1748577600000,"ft_is_entry":true,"ft_order_tag":"","cost":334.226559765},{"amount":0.127,"safe_price":2634.1,"ft_order_side":"sell","order_filled_timestamp":1748581200000,"ft_is_entry":false,"ft_order_tag":"exit_signal","cost":334.69796534999995}],"funding_fees":0.0},{"pair":"ETH/USDT:USDT","stake_amount":333.58709,"max_stake_amount":333.58709,"amount":0.127,"open_date":"2025-05-30 06:30:00+00:00","close_date":"2025-05-31 12:00:00+00:00","open_rate":2626.67,"close_rate":2518.6,"fee_open":0.0005,"fee_close":0.0005,"trade_duration":1770,"profit_ratio":-0.04236750628878739,"profit_abs":-14.14031976,"exit_reason":"exit_signal","initial_stop_loss_abs":2364.01,"initial_stop_loss_ratio":-0.1,"stop_loss_abs":2364.01,"stop_loss_ratio":-0.1,"min_rate":2474.0,"max_rate":2642.37,"is_open":false,"enter_tag":"","leverage":1.0,"is_short":false,"open_timestamp":1748586600000,"close_timestamp":1748692800000,"orders":[{"amount":0.127,"safe_price":2626.67,"ft_order_side":"buy","order_filled_timestamp":1748586600000,"ft_is_entry":true,"ft_order_tag":"","cost":333.75388354499995},{"amount":0.127,"safe_price":2518.6,"ft_order_side":"sell","order_filled_timestamp":1748692800000,"ft_is_entry":false,"ft_order_tag":"exit_signal","cost":320.02213109999997}],"funding_fees":-0.08870511510430182},{"pair":"ETH/USDT:USDT","stake_amount":328.8207,"max_stake_amount":328.8207,"amount":0.13,"open_date":"2025-05-31 12:15:00+00:00","close_date":"2025-05-31 19:00:00+00:00","open_rate":2529.39,"close_rate":2538.82,"fee_open":0.0005,"fee_close":0.0005,"trade_duration":405,"profit_ratio":0.0026975074618297234,"profit_abs":0.88743979,"exit_reason":"exit_signal","initial_stop_loss_abs":2276.46,"initial_stop_loss_ratio":-0.1,"stop_loss_abs":2276.46,"stop_loss_ratio":-0.1,"min_rate":2521.05,"max_rate":2550.0,"is_open":false,"enter_tag":"","leverage":1.0,"is_short":false,"open_timestamp":1748693700000,"close_timestamp":1748718000000,"orders":[{"amount":0.13,"safe_price":2529.39,"ft_order_side":"buy","order_filled_timestamp":1748693700000,"ft_is_entry":true,"ft_order_tag":"","cost":328.98511034999996},{"amount":0.13,"safe_price":2538.82,"ft_order_side":"sell","order_filled_timestamp":1748718000000,"ft_is_entry":false,"ft_order_tag":"exit_signal","cost":330.2116233}],"funding_fees":-0.009026563575947347},{"pair":"ETH/USDT:USDT","stake_amount":329.849,"max_stake_amount":329.849,"amount":0.13,"open_date":"2025-05-31 19:15:00+00:00","close_date":"2025-05-31 19:30:00+00:00","open_rate":2537.3,"close_rate":2540.23,"fee_open":0.0005,"fee_close":0.0005,"trade_duration":15,"profit_ratio":0.00015411637577734998,"profit_abs":0.05086055,"exit_reason":"exit_signal","initial_stop_loss_abs":2283.57,"initial_stop_loss_ratio":-0.1,"stop_loss_abs":2283.57,"stop_loss_ratio":-0.1,"min_rate":2536.48,"max_rate":2541.57,"is_open":false,"enter_tag":"","leverage":1.0,"is_short":false,"open_timestamp":1748718900000,"close_timestamp":1748719800000,"orders":[{"amount":0.13,"safe_price":2537.3,"ft_order_side":"buy","order_filled_timestamp":1748718900000,"ft_is_entry":true,"ft_order_tag":"","cost":330.01392450000003},{"amount":0.13,"safe_price":2540.23,"ft_order_side":"sell","order_filled_timestamp":1748719800000,"ft_is_entry":false,"ft_order_tag":"exit_signal","cost":330.39501494999996}],"funding_fees":0.0},{"pair":"ETH/USDT:USDT","stake_amount":329.2796,"max_stake_amount":329.2796,"amount":0.13,"open_date":"2025-05-31 20:15:00+00:00","close_date":"2025-05-31 20:30:00+00:00","open_rate":2532.92,"close_rate":2538.67,"fee_open":0.0005,"fee_close":0.0005,"trade_duration":15,"profit_ratio":0.001268338005404701,"profit_abs":0.41784665,"exit_reason":"exit_signal","initial_stop_loss_abs":2279.63,"initial_stop_loss_ratio":-0.1,"stop_loss_abs":2279.63,"stop_loss_ratio":-0.1,"min_rate":2531.22,"max_rate":2540.33,"is_open":false,"enter_tag":"","leverage":1.0,"is_short":false,"open_timestamp":1748722500000,"close_timestamp":1748723400000,"orders":[{"amount":0.13,"safe_price":2532.92,"ft_order_side":"buy","order_filled_timestamp":1748722500000,"ft_is_entry":true,"ft_order_tag":"","cost":329.4442398},{"amount":0.13,"safe_price":2538.67,"ft_order_side":"sell","order_filled_timestamp":1748723400000,"ft_is_entry":false,"ft_order_tag":"exit_signal","cost":330.19211355}],"funding_fees":0.0},{"pair":"ETH/USDT:USDT","stake_amount":330.1792,"max_stake_amount":330.1792,"amount":0.13,"open_date":"2025-05-31 21:15:00+00:00","close_date":"2025-05-31 22:00:00+00:00","open_rate":2539.84,"close_rate":2542.31,"fee_open":0.0005,"fee_close":0.0005,"trade_duration":45,"profit_ratio":-2.7970061208528905e-05,"profit_abs":-0.00923975,"exit_reason":"exit_signal","initial_stop_loss_abs":2285.86,"initial_stop_loss_ratio":-0.1,"stop_loss_abs":2285.86,"stop_loss_ratio":-0.1,"min_rate":2535.05,"max_rate":2545.72,"is_open":false,"enter_tag":"","leverage":1.0,"is_short":false,"open_timestamp":1748726100000,"close_timestamp":1748728800000,"orders":[{"amount":0.13,"safe_price":2539.84,"ft_order_side":"buy","order_filled_timestamp":1748726100000,"ft_is_entry":true,"ft_order_tag":"","cost":330.3442896},{"amount":0.13,"safe_price":2542.31,"ft_order_side":"sell","order_filled_timestamp":1748728800000,"ft_is_entry":false,"ft_order_tag":"exit_signal","cost":330.66555014999994}],"funding_fees":0.0},{"pair":"ETH/USDT:USDT","stake_amount":330.2,"max_stake_amount":330.2,"amount":0.13,"open_date":"2025-05-31 22:15:00+00:00","close_date":"2025-05-31 22:30:00+00:00","open_rate":2540.0,"close_rate":2535.52,"fee_open":0.0005,"fee_close":0.0005,"trade_duration":15,"profit_ratio":-0.002761516879355598,"profit_abs":-0.9123088,"exit_reason":"exit_signal","initial_stop_loss_abs":2286.0,"initial_stop_loss_ratio":-0.1,"stop_loss_abs":2286.0,"stop_loss_ratio":-0.1,"min_rate":2533.36,"max_rate":2540.36,"is_open":false,"enter_tag":"","leverage":1.0,"is_short":false,"open_timestamp":1748729700000,"close_timestamp":1748730600000,"orders":[{"amount":0.13,"safe_price":2540.0,"ft_order_side":"buy","order_filled_timestamp":1748729700000,"ft_is_entry":true,"ft_order_tag":"","cost":330.3651},{"amount":0.13,"safe_price":2535.52,"ft_order_side":"sell","order_filled_timestamp":1748730600000,"ft_is_entry":false,"ft_order_tag":"exit_signal","cost":329.7824088}],"funding_fees":0.0},{"pair":"ETH/USDT:USDT","stake_amount":328.8545,"max_stake_amount":328.8545,"amount":0.13,"open_date":"2025-05-31 23:00:00+00:00","close_date":"2025-06-01 05:45:00+00:00","open_rate":2529.65,"close_rate":2515.81,"fee_open":0.0005,"fee_close":0.0005,"trade_duration":405,"profit_ratio":-0.006540230824973003,"profit_abs":-2.15185973,"exit_reason":"exit_signal","initial_stop_loss_abs":2276.69,"initial_stop_loss_ratio":-0.1,"stop_loss_abs":2276.69,"stop_loss_ratio":-0.1,"min_rate":2488.52,"max_rate":2548.63,"is_open":false,"enter_tag":"","leverage":1.0,"is_short":false,"open_timestamp":1748732400000,"close_timestamp":1748756700000,"orders":[{"amount":0.13,"safe_price":2529.65,"ft_order_side":"buy","order_filled_timestamp":1748732400000,"ft_is_entry":true,"ft_order_tag":"","cost":329.01892725},{"amount":0.13,"safe_price":2515.81,"ft_order_side":"sell","order_filled_timestamp":1748756700000,"ft_is_entry":false,"ft_order_tag":"exit_signal","cost":327.21882765}],"funding_fees":-0.02470483184},{"pair":"ETH/USDT:USDT","stake_amount":327.2698,"max_stake_amount":327.2698,"amount":0.13,"open_date":"2025-06-01 06:00:00+00:00","close_date":"2025-06-03 01:45:00+00:00","open_rate":2517.46,"close_rate":2636.84,"fee_open":0.0005,"fee_close":0.0005,"trade_duration":2625,"profit_ratio":0.04611091605416256,"profit_abs":15.09825563,"exit_reason":"exit_signal","initial_stop_loss_abs":2265.72,"initial_stop_loss_ratio":-0.1,"stop_loss_abs":2265.72,"stop_loss_ratio":-0.1,"min_rate":2465.0,"max_rate":2649.0,"is_open":false,"enter_tag":"","leverage":1.0,"is_short":false,"open_timestamp":1748757600000,"close_timestamp":1748915100000,"orders":[{"amount":0.13,"safe_price":2517.46,"ft_order_side":"buy","order_filled_timestamp":1748757600000,"ft_is_entry":true,"ft_order_tag":"","cost":327.4334349},{"amount":0.13,"safe_price":2636.84,"ft_order_side":"sell","order_filled_timestamp":1748915100000,"ft_is_entry":false,"ft_order_tag":"exit_signal","cost":342.96059460000004}],"funding_fees":-0.08611487497661555},{"pair":"ETH/USDT:USDT","stake_amount":334.01381,"max_stake_amount":334.01381,"amount":0.127,"open_date":"2025-06-03 02:30:00+00:00","close_date":"2025-06-03 14:30:00+00:00","open_rate":2630.03,"close_rate":2631.8,"fee_open":0.0005,"fee_close":0.0005,"trade_duration":720,"profit_ratio":-0.00038732420729223305,"profit_abs":-0.12943632,"exit_reason":"exit_signal","initial_stop_loss_abs":2367.03,"initial_stop_loss_ratio":-0.1,"stop_loss_abs":2367.03,"stop_loss_ratio":-0.1,"min_rate":2588.05,"max_rate":2637.3,"is_open":false,"enter_tag":"","leverage":1.0,"is_short":false,"open_timestamp":1748917800000,"close_timestamp":1748961000000,"orders":[{"amount":0.127,"safe_price":2630.03,"ft_order_side":"buy","order_filled_timestamp":1748917800000,"ft_is_entry":true,"ft_order_tag":"","cost":334.18081690500003},{"amount":0.127,"safe_price":2631.8,"ft_order_side":"sell","order_filled_timestamp":1748961000000,"ft_is_entry":false,"ft_order_tag":"exit_signal","cost":334.4057193}],"funding_fees":-0.020100114181199998},{"pair":"ETH/USDT:USDT","stake_amount":333.06385,"max_stake_amount":333.06385,"amount":0.127,"open_date":"2025-06-03 16:00:00+00:00","close_date":"2025-06-04 03:30:00+00:00","open_rate":2622.55,"close_rate":2633.09,"fee_open":0.0005,"fee_close":0.0005,"trade_duration":690,"profit_ratio":0.002918159095765949,"profit_abs":0.97241927,"exit_reason":"exit_signal","initial_stop_loss_abs":2360.3,"initial_stop_loss_ratio":-0.1,"stop_loss_abs":2360.3,"stop_loss_ratio":-0.1,"min_rate":2563.0,"max_rate":2639.84,"is_open":false,"enter_tag":"","leverage":1.0,"is_short":false,"open_timestamp":1748966400000,"close_timestamp":1749007800000,"orders":[{"amount":0.127,"safe_price":2622.55,"ft_order_side":"buy","order_filled_timestamp":1748966400000,"ft_is_entry":true,"ft_order_tag":"","cost":333.23038192499996},{"amount":0.127,"safe_price":2633.09,"ft_order_side":"sell","order_filled_timestamp":1749007800000,"ft_is_entry":false,"ft_order_tag":"exit_signal","cost":334.569631215}],"funding_fees":-0.0324275941744},{"pair":"ETH/USDT:USDT","stake_amount":333.59979,"max_stake_amount":333.59979,"amount":0.127,"open_date":"2025-06-04 04:00:00+00:00","close_date":"2025-06-04 05:00:00+00:00","open_rate":2626.77,"close_rate":2636.48,"fee_open":0.0005,"fee_close":0.0005,"trade_duration":60,"profit_ratio":0.0026933601421364637,"profit_abs":0.89895363,"exit_reason":"exit_signal","initial_stop_loss_abs":2364.1,"initial_stop_loss_ratio":-0.1,"stop_loss_abs":2364.1,"stop_loss_ratio":-0.1,"min_rate":2621.58,"max_rate":2644.17,"is_open":false,"enter_tag":"","leverage":1.0,"is_short":false,"open_timestamp":1749009600000,"close_timestamp":1749013200000,"orders":[{"amount":0.127,"safe_price":2626.77,"ft_order_side":"buy","order_filled_timestamp":1749009600000,"ft_is_entry":true,"ft_order_tag":"","cost":333.766589895},{"amount":0.127,"safe_price":2636.48,"ft_order_side":"sell","order_filled_timestamp":1749013200000,"ft_is_entry":false,"ft_order_tag":"exit_signal","cost":335.00037648}],"funding_fees":0.0},{"pair":"ETH/USDT:USDT","stake_amount":332.88732,"max_stake_amount":332.88732,"amount":0.127,"open_date":"2025-06-04 05:30:00+00:00","close_date":"2025-06-04 08:15:00+00:00","open_rate":2621.16,"close_rate":2634.78,"fee_open":0.0005,"fee_close":0.0005,"trade_duration":165,"profit_ratio":0.0041151312476959264,"profit_abs":1.37055995,"exit_reason":"exit_signal","initial_stop_loss_abs":2359.05,"initial_stop_loss_ratio":-0.1,"stop_loss_abs":2359.05,"stop_loss_ratio":-0.1,"min_rate":2618.33,"max_rate":2645.0,"is_open":false,"enter_tag":"","leverage":1.0,"is_short":false,"open_timestamp":1749015000000,"close_timestamp":1749024900000,"orders":[{"amount":0.127,"safe_price":2621.16,"ft_order_side":"buy","order_filled_timestamp":1749015000000,"ft_is_entry":true,"ft_order_tag":"","cost":333.05376365999996},{"amount":0.127,"safe_price":2634.78,"ft_order_side":"sell","order_filled_timestamp":1749024900000,"ft_is_entry":false,"ft_order_tag":"exit_signal","cost":334.78436853}],"funding_fees":-0.025427856932784793},{"pair":"ETH/USDT:USDT","stake_amount":333.75092,"max_stake_amount":333.75092,"amount":0.127,"open_date":"2025-06-04 11:45:00+00:00","close_date":"2025-06-04 12:15:00+00:00","open_rate":2627.96,"close_rate":2634.18,"fee_open":0.0005,"fee_close":0.0005,"trade_duration":30,"profit_ratio":0.00136498897691902,"profit_abs":0.45579411,"exit_reason":"exit_signal","initial_stop_loss_abs":2365.17,"initial_stop_loss_ratio":-0.1,"stop_loss_abs":2365.17,"stop_loss_ratio":-0.1,"min_rate":2614.54,"max_rate":2637.97,"is_open":false,"enter_tag":"","leverage":1.0,"is_short":false,"open_timestamp":1749037500000,"close_timestamp":1749039300000,"orders":[{"amount":0.127,"safe_price":2627.96,"ft_order_side":"buy","order_filled_timestamp":1749037500000,"ft_is_entry":true,"ft_order_tag":"","cost":333.91779546},{"amount":0.127,"safe_price":2634.18,"ft_order_side":"sell","order_filled_timestamp":1749039300000,"ft_is_entry":false,"ft_order_tag":"exit_signal","cost":334.70813043}],"funding_fees":0.0},{"pair":"ETH/USDT:USDT","stake_amount":335.2256,"max_stake_amount":335.2256,"amount":0.128,"open_date":"2025-06-04 12:30:00+00:00","close_date":"2025-06-04 15:00:00+00:00","open_rate":2618.95,"close_rate":2639.31,"fee_open":0.0005,"fee_close":0.0005,"trade_duration":150,"profit_ratio":0.006766837471315698,"profit_abs":2.26955136,"exit_reason":"exit_signal","initial_stop_loss_abs":2357.06,"initial_stop_loss_ratio":-0.1,"stop_loss_abs":2357.06,"stop_loss_ratio":-0.1,"min_rate":2593.2,"max_rate":2646.88,"is_open":false,"enter_tag":"","leverage":1.0,"is_short":false,"open_timestamp":1749040200000,"close_timestamp":1749049200000,"orders":[{"amount":0.128,"safe_price":2618.95,"ft_order_side":"buy","order_filled_timestamp":1749040200000,"ft_is_entry":true,"ft_order_tag":"","cost":335.39321279999996},{"amount":0.128,"safe_price":2639.31,"ft_order_side":"sell","order_filled_timestamp":1749049200000,"ft_is_entry":false,"ft_order_tag":"exit_signal","cost":338.00059583999996}],"funding_fees":0.0},{"pair":"ETH/USDT:USDT","stake_amount":336.38528,"max_stake_amount":336.38528,"amount":0.128,"open_date":"2025-06-04 19:00:00+00:00","close_date":"2025-06-05 20:45:00+00:00","open_rate":2628.01,"close_rate":2417.7,"fee_open":0.0005,"fee_close":0.0005,"trade_duration":1545,"profit_ratio":-0.08111643004558124,"profit_abs":-27.30001622,"exit_reason":"exit_signal","initial_stop_loss_abs":2365.21,"initial_stop_loss_ratio":-0.1,"stop_loss_abs":2365.21,"stop_loss_ratio":-0.1,"min_rate":2392.32,"max_rate":2640.0,"is_open":false,"enter_tag":"","leverage":1.0,"is_short":false,"open_timestamp":1749063600000,"close_timestamp":1749156300000,"orders":[{"amount":0.128,"safe_price":2628.01,"ft_order_side":"buy","order_filled_timestamp":1749063600000,"ft_is_entry":true,"ft_order_tag":"","cost":336.55347264},{"amount":0.128,"safe_price":2417.7,"ft_order_side":"sell","order_filled_timestamp":1749156300000,"ft_is_entry":false,"ft_order_tag":"exit_signal","cost":309.62033279999997}],"funding_fees":-0.05741078206720001},{"pair":"ETH/USDT:USDT","stake_amount":326.92815,"max_stake_amount":326.92815,"amount":0.135,"open_date":"2025-06-06 01:30:00+00:00","close_date":"2025-06-06 01:45:00+00:00","open_rate":2421.69,"close_rate":2418.63,"fee_open":0.0005,"fee_close":0.0005,"trade_duration":15,"profit_ratio":-0.002261817693162759,"profit_abs":-0.7398216,"exit_reason":"exit_signal","initial_stop_loss_abs":2179.53,"initial_stop_loss_ratio":-0.1,"stop_loss_abs":2179.53,"stop_loss_ratio":-0.1,"min_rate":2415.47,"max_rate":2427.89,"is_open":false,"enter_tag":"","leverage":1.0,"is_short":false,"open_timestamp":1749173400000,"close_timestamp":1749174300000,"orders":[{"amount":0.135,"safe_price":2421.69,"ft_order_side":"buy","order_filled_timestamp":1749173400000,"ft_is_entry":true,"ft_order_tag":"","cost":327.091614075},{"amount":0.135,"safe_price":2418.63,"ft_order_side":"sell","order_filled_timestamp":1749174300000,"ft_is_entry":false,"ft_order_tag":"exit_signal","cost":326.67830752500004}],"funding_fees":0.0},{"pair":"ETH/USDT:USDT","stake_amount":326.223,"max_stake_amount":326.223,"amount":0.134,"open_date":"2025-06-06 03:00:00+00:00","close_date":"2025-06-07 08:45:00+00:00","open_rate":2434.5,"close_rate":2485.35,"fee_open":0.0005,"fee_close":0.0005,"trade_duration":1785,"profit_ratio":0.019668409021748462,"profit_abs":6.41949554,"exit_reason":"exit_signal","initial_stop_loss_abs":2191.05,"initial_stop_loss_ratio":-0.1,"stop_loss_abs":2191.05,"stop_loss_ratio":-0.1,"min_rate":2427.12,"max_rate":2529.67,"is_open":false,"enter_tag":"","leverage":1.0,"is_short":false,"open_timestamp":1749178800000,"close_timestamp":1749285900000,"orders":[{"amount":0.134,"safe_price":2434.5,"ft_order_side":"buy","order_filled_timestamp":1749178800000,"ft_is_entry":true,"ft_order_tag":"","cost":326.38611149999997},{"amount":0.134,"safe_price":2485.35,"ft_order_side":"sell","order_filled_timestamp":1749285900000,"ft_is_entry":false,"ft_order_tag":"exit_signal","cost":333.20341844999996}],"funding_fees":-0.064774507258332},{"pair":"ETH/USDT:USDT","stake_amount":327.70716,"max_stake_amount":327.70716,"amount":0.132,"open_date":"2025-06-07 09:00:00+00:00","close_date":"2025-06-07 10:00:00+00:00","open_rate":2482.63,"close_rate":2485.01,"fee_open":0.0005,"fee_close":0.0005,"trade_duration":60,"profit_ratio":-4.1797656494132825e-05,"profit_abs":-0.01370424,"exit_reason":"exit_signal","initial_stop_loss_abs":2234.37,"initial_stop_loss_ratio":-0.1,"stop_loss_abs":2234.37,"stop_loss_ratio":-0.1,"min_rate":2481.91,"max_rate":2489.36,"is_open":false,"enter_tag":"","leverage":1.0,"is_short":false,"open_timestamp":1749286800000,"close_timestamp":1749290400000,"orders":[{"amount":0.132,"safe_price":2482.63,"ft_order_side":"buy","order_filled_timestamp":1749286800000,"ft_is_entry":true,"ft_order_tag":"","cost":327.87101358},{"amount":0.132,"safe_price":2485.01,"ft_order_side":"sell","order_filled_timestamp":1749290400000,"ft_is_entry":false,"ft_order_tag":"exit_signal","cost":328.18533066000003}],"funding_fees":0.0},{"pair":"ETH/USDT:USDT","stake_amount":328.48992,"max_stake_amount":328.48992,"amount":0.132,"open_date":"2025-06-07 10:15:00+00:00","close_date":"2025-06-07 20:00:00+00:00","open_rate":2488.56,"close_rate":2515.78,"fee_open":0.0005,"fee_close":0.0005,"trade_duration":585,"profit_ratio":0.009859303898961306,"profit_abs":3.24030129,"exit_reason":"exit_signal","initial_stop_loss_abs":2239.71,"initial_stop_loss_ratio":-0.1,"stop_loss_abs":2239.71,"stop_loss_ratio":-0.1,"min_rate":2487.11,"max_rate":2524.9,"is_open":false,"enter_tag":"","leverage":1.0,"is_short":false,"open_timestamp":1749291300000,"close_timestamp":1749326400000,"orders":[{"amount":0.132,"safe_price":2488.56,"ft_order_side":"buy","order_filled_timestamp":1749291300000,"ft_is_entry":true,"ft_order_tag":"","cost":328.65416495999995},{"amount":0.132,"safe_price":2515.78,"ft_order_side":"sell","order_filled_timestamp":1749326400000,"ft_is_entry":false,"ft_order_tag":"exit_signal","cost":332.24900148}],"funding_fees":-0.022452268582043192},{"pair":"ETH/USDT:USDT","stake_amount":328.0875,"max_stake_amount":328.0875,"amount":0.13,"open_date":"2025-06-07 20:15:00+00:00","close_date":"2025-06-07 21:00:00+00:00","open_rate":2523.75,"close_rate":2520.75,"fee_open":0.0005,"fee_close":0.0005,"trade_duration":45,"profit_ratio":-0.0021870194174829377,"profit_abs":-0.7178925,"exit_reason":"exit_signal","initial_stop_loss_abs":2271.38,"initial_stop_loss_ratio":-0.1,"stop_loss_abs":2271.38,"stop_loss_ratio":-0.1,"min_rate":2517.28,"max_rate":2524.12,"is_open":false,"enter_tag":"","leverage":1.0,"is_short":false,"open_timestamp":1749327300000,"close_timestamp":1749330000000,"orders":[{"amount":0.13,"safe_price":2523.75,"ft_order_side":"buy","order_filled_timestamp":1749327300000,"ft_is_entry":true,"ft_order_tag":"","cost":328.25154375},{"amount":0.13,"safe_price":2520.75,"ft_order_side":"sell","order_filled_timestamp":1749330000000,"ft_is_entry":false,"ft_order_tag":"exit_signal","cost":327.86134875}],"funding_fees":0.0},{"pair":"ETH/USDT:USDT","stake_amount":329.96149,"max_stake_amount":329.96149,"amount":0.131,"open_date":"2025-06-07 21:15:00+00:00","close_date":"2025-06-07 21:30:00+00:00","open_rate":2518.79,"close_rate":2519.35,"fee_open":0.0005,"fee_close":0.0005,"trade_duration":15,"profit_ratio":-0.0007773934923208122,"profit_abs":-0.25663817,"exit_reason":"exit_signal","initial_stop_loss_abs":2266.92,"initial_stop_loss_ratio":-0.1,"stop_loss_abs":2266.92,"stop_loss_ratio":-0.1,"min_rate":2517.22,"max_rate":2522.38,"is_open":false,"enter_tag":"","leverage":1.0,"is_short":false,"open_timestamp":1749330900000,"close_timestamp":1749331800000,"orders":[{"amount":0.131,"safe_price":2518.79,"ft_order_side":"buy","order_filled_timestamp":1749330900000,"ft_is_entry":true,"ft_order_tag":"","cost":330.126470745},{"amount":0.131,"safe_price":2519.35,"ft_order_side":"sell","order_filled_timestamp":1749331800000,"ft_is_entry":false,"ft_order_tag":"exit_signal","cost":330.199867425}],"funding_fees":0.0},{"pair":"ETH/USDT:USDT","stake_amount":330.03092,"max_stake_amount":330.03092,"amount":0.131,"open_date":"2025-06-07 22:15:00+00:00","close_date":"2025-06-07 22:30:00+00:00","open_rate":2519.32,"close_rate":2522.73,"fee_open":0.0005,"fee_close":0.0005,"trade_duration":15,"profit_ratio":0.000352686745939995,"profit_abs":0.11645573,"exit_reason":"exit_signal","initial_stop_loss_abs":2267.39,"initial_stop_loss_ratio":-0.1,"stop_loss_abs":2267.39,"stop_loss_ratio":-0.1,"min_rate":2518.68,"max_rate":2545.0,"is_open":false,"enter_tag":"","leverage":1.0,"is_short":false,"open_timestamp":1749334500000,"close_timestamp":1749335400000,"orders":[{"amount":0.131,"safe_price":2519.32,"ft_order_side":"buy","order_filled_timestamp":1749334500000,"ft_is_entry":true,"ft_order_tag":"","cost":330.19593546000004},{"amount":0.131,"safe_price":2522.73,"ft_order_side":"sell","order_filled_timestamp":1749335400000,"ft_is_entry":false,"ft_order_tag":"exit_signal","cost":330.64286881500004}],"funding_fees":0.0},{"pair":"ETH/USDT:USDT","stake_amount":329.4863,"max_stake_amount":329.4863,"amount":0.13,"open_date":"2025-06-07 22:45:00+00:00","close_date":"2025-06-08 02:30:00+00:00","open_rate":2534.51,"close_rate":2512.84,"fee_open":0.0005,"fee_close":0.0005,"trade_duration":225,"profit_ratio":-0.009640453916458356,"profit_abs":-3.17798569,"exit_reason":"exit_signal","initial_stop_loss_abs":2281.06,"initial_stop_loss_ratio":-0.1,"stop_loss_abs":2281.06,"stop_loss_ratio":-0.1,"min_rate":2510.02,"max_rate":2541.46,"is_open":false,"enter_tag":"","leverage":1.0,"is_short":false,"open_timestamp":1749336300000,"close_timestamp":1749349800000,"orders":[{"amount":0.13,"safe_price":2534.51,"ft_order_side":"buy","order_filled_timestamp":1749336300000,"ft_is_entry":true,"ft_order_tag":"","cost":329.65104315},{"amount":0.13,"safe_price":2512.84,"ft_order_side":"sell","order_filled_timestamp":1749349800000,"ft_is_entry":false,"ft_order_tag":"exit_signal","cost":326.83253460000003}],"funding_fees":-0.032807941027160004},{"pair":"ETH/USDT:USDT","stake_amount":326.7823,"max_stake_amount":326.7823,"amount":0.13,"open_date":"2025-06-08 02:45:00+00:00","close_date":"2025-06-08 03:30:00+00:00","open_rate":2513.71,"close_rate":2509.63,"fee_open":0.0005,"fee_close":0.0005,"trade_duration":45,"profit_ratio":-0.002620976887586059,"profit_abs":-0.8569171,"exit_reason":"exit_signal","initial_stop_loss_abs":2262.34,"initial_stop_loss_ratio":-0.1,"stop_loss_abs":2262.34,"stop_loss_ratio":-0.1,"min_rate":2507.25,"max_rate":2515.0,"is_open":false,"enter_tag":"","leverage":1.0,"is_short":false,"open_timestamp":1749350700000,"close_timestamp":1749353400000,"orders":[{"amount":0.13,"safe_price":2513.71,"ft_order_side":"buy","order_filled_timestamp":1749350700000,"ft_is_entry":true,"ft_order_tag":"","cost":326.94569115},{"amount":0.13,"safe_price":2509.63,"ft_order_side":"sell","order_filled_timestamp":1749353400000,"ft_is_entry":false,"ft_order_tag":"exit_signal","cost":326.41502595000003}],"funding_fees":0.0},{"pair":"ETH/USDT:USDT","stake_amount":328.59123,"max_stake_amount":328.59123,"amount":0.131,"open_date":"2025-06-08 04:15:00+00:00","close_date":"2025-06-08 04:30:00+00:00","open_rate":2508.33,"close_rate":2510.66,"fee_open":0.0005,"fee_close":0.0005,"trade_duration":15,"profit_ratio":-7.15238168423568e-05,"profit_abs":-0.02351385,"exit_reason":"exit_signal","initial_stop_loss_abs":2257.5,"initial_stop_loss_ratio":-0.1,"stop_loss_abs":2257.5,"stop_loss_ratio":-0.1,"min_rate":2507.96,"max_rate":2517.55,"is_open":false,"enter_tag":"","leverage":1.0,"is_short":false,"open_timestamp":1749356100000,"close_timestamp":1749357000000,"orders":[{"amount":0.131,"safe_price":2508.33,"ft_order_side":"buy","order_filled_timestamp":1749356100000,"ft_is_entry":true,"ft_order_tag":"","cost":328.75552561499995},{"amount":0.131,"safe_price":2510.66,"ft_order_side":"sell","order_filled_timestamp":1749357000000,"ft_is_entry":false,"ft_order_tag":"exit_signal","cost":329.06090823}],"funding_fees":0.0},{"pair":"ETH/USDT:USDT","stake_amount":327.2334,"max_stake_amount":327.2334,"amount":0.13,"open_date":"2025-06-08 04:45:00+00:00","close_date":"2025-06-08 06:15:00+00:00","open_rate":2517.18,"close_rate":2511.88,"fee_open":0.0005,"fee_close":0.0005,"trade_duration":90,"profit_ratio":-0.0031029265637166083,"profit_abs":-1.0158889,"exit_reason":"exit_signal","initial_stop_loss_abs":2265.47,"initial_stop_loss_ratio":-0.1,"stop_loss_abs":2265.47,"stop_loss_ratio":-0.1,"min_rate":2507.69,"max_rate":2519.03,"is_open":false,"enter_tag":"","leverage":1.0,"is_short":false,"open_timestamp":1749357900000,"close_timestamp":1749363300000,"orders":[{"amount":0.13,"safe_price":2517.18,"ft_order_side":"buy","order_filled_timestamp":1749357900000,"ft_is_entry":true,"ft_order_tag":"","cost":327.3970167},{"amount":0.13,"safe_price":2511.88,"ft_order_side":"sell","order_filled_timestamp":1749363300000,"ft_is_entry":false,"ft_order_tag":"exit_signal","cost":326.70767220000005}],"funding_fees":0.0},{"pair":"ETH/USDT:USDT","stake_amount":326.7056,"max_stake_amount":326.7056,"amount":0.13,"open_date":"2025-06-08 06:30:00+00:00","close_date":"2025-06-08 06:45:00+00:00","open_rate":2513.12,"close_rate":2515.23,"fee_open":0.0005,"fee_close":0.0005,"trade_duration":15,"profit_ratio":-0.00016074561242330386,"profit_abs":-0.05254275,"exit_reason":"exit_signal","initial_stop_loss_abs":2261.81,"initial_stop_loss_ratio":-0.1,"stop_loss_abs":2261.81,"stop_loss_ratio":-0.1,"min_rate":2511.5,"max_rate":2516.4,"is_open":false,"enter_tag":"","leverage":1.0,"is_short":false,"open_timestamp":1749364200000,"close_timestamp":1749365100000,"orders":[{"amount":0.13,"safe_price":2513.12,"ft_order_side":"buy","order_filled_timestamp":1749364200000,"ft_is_entry":true,"ft_order_tag":"","cost":326.8689528},{"amount":0.13,"safe_price":2515.23,"ft_order_side":"sell","order_filled_timestamp":1749365100000,"ft_is_entry":false,"ft_order_tag":"exit_signal","cost":327.14338994999997}],"funding_fees":0.0},{"pair":"ETH/USDT:USDT","stake_amount":326.7498,"max_stake_amount":326.7498,"amount":0.13,"open_date":"2025-06-08 08:00:00+00:00","close_date":"2025-06-08 08:30:00+00:00","open_rate":2513.46,"close_rate":2514.25,"fee_open":0.0005,"fee_close":0.0005,"trade_duration":30,"profit_ratio":-0.0007806826692685857,"profit_abs":-0.25521545,"exit_reason":"exit_signal","initial_stop_loss_abs":2262.12,"initial_stop_loss_ratio":-0.1,"stop_loss_abs":2262.12,"stop_loss_ratio":-0.1,"min_rate":2513.39,"max_rate":2520.19,"is_open":false,"enter_tag":"","leverage":1.0,"is_short":false,"open_timestamp":1749369600000,"close_timestamp":1749371400000,"orders":[{"amount":0.13,"safe_price":2513.46,"ft_order_side":"buy","order_filled_timestamp":1749369600000,"ft_is_entry":true,"ft_order_tag":"","cost":326.9131749},{"amount":0.13,"safe_price":2514.25,"ft_order_side":"sell","order_filled_timestamp":1749371400000,"ft_is_entry":false,"ft_order_tag":"exit_signal","cost":327.01592625}],"funding_fees":-0.031114295665422138},{"pair":"ETH/USDT:USDT","stake_amount":326.95,"max_stake_amount":326.95,"amount":0.13,"open_date":"2025-06-08 08:45:00+00:00","close_date":"2025-06-08 20:30:00+00:00","open_rate":2515.0,"close_rate":2533.99,"fee_open":0.0005,"fee_close":0.0005,"trade_duration":705,"profit_ratio":0.00649675196046265,"profit_abs":2.12517511,"exit_reason":"exit_signal","initial_stop_loss_abs":2263.5,"initial_stop_loss_ratio":-0.1,"stop_loss_abs":2263.5,"stop_loss_ratio":-0.1,"min_rate":2483.28,"max_rate":2539.68,"is_open":false,"enter_tag":"","leverage":1.0,"is_short":false,"open_timestamp":1749372300000,"close_timestamp":1749414600000,"orders":[{"amount":0.13,"safe_price":2515.0,"ft_order_side":"buy","order_filled_timestamp":1749372300000,"ft_is_entry":true,"ft_order_tag":"","cost":327.113475},{"amount":0.13,"safe_price":2533.99,"ft_order_side":"sell","order_filled_timestamp":1749414600000,"ft_is_entry":false,"ft_order_tag":"exit_signal","cost":329.58340935}],"funding_fees":-0.015340536071999193},{"pair":"ETH/USDT:USDT","stake_amount":328.8792,"max_stake_amount":328.8792,"amount":0.13,"open_date":"2025-06-08 21:00:00+00:00","close_date":"2025-06-08 21:30:00+00:00","open_rate":2529.84,"close_rate":2533.04,"fee_open":0.0005,"fee_close":0.0005,"trade_duration":30,"profit_ratio":0.00026413760832956696,"profit_abs":0.0869128,"exit_reason":"exit_signal","initial_stop_loss_abs":2276.86,"initial_stop_loss_ratio":-0.1,"stop_loss_abs":2276.86,"stop_loss_ratio":-0.1,"min_rate":2529.84,"max_rate":2535.47,"is_open":false,"enter_tag":"","leverage":1.0,"is_short":false,"open_timestamp":1749416400000,"close_timestamp":1749418200000,"orders":[{"amount":0.13,"safe_price":2529.84,"ft_order_side":"buy","order_filled_timestamp":1749416400000,"ft_is_entry":true,"ft_order_tag":"","cost":329.0436396},{"amount":0.13,"safe_price":2533.04,"ft_order_side":"sell","order_filled_timestamp":1749418200000,"ft_is_entry":false,"ft_order_tag":"exit_signal","cost":329.4598476}],"funding_fees":0.0},{"pair":"ETH/USDT:USDT","stake_amount":327.27945,"max_stake_amount":327.27945,"amount":0.129,"open_date":"2025-06-08 22:00:00+00:00","close_date":"2025-06-09 21:30:00+00:00","open_rate":2537.05,"close_rate":2638.76,"fee_open":0.0005,"fee_close":0.0005,"trade_duration":1410,"profit_ratio":0.03892311601598878,"profit_abs":12.74510537,"exit_reason":"exit_signal","initial_stop_loss_abs":2283.35,"initial_stop_loss_ratio":-0.1,"stop_loss_abs":2283.35,"stop_loss_ratio":-0.1,"min_rate":2475.83,"max_rate":2639.88,"is_open":false,"enter_tag":"","leverage":1.0,"is_short":false,"open_timestamp":1749420000000,"close_timestamp":1749504600000,"orders":[{"amount":0.129,"safe_price":2537.05,"ft_order_side":"buy","order_filled_timestamp":1749420000000,"ft_is_entry":true,"ft_order_tag":"","cost":327.44308972500005},{"amount":0.129,"safe_price":2638.76,"ft_order_side":"sell","order_filled_timestamp":1749504600000,"ft_is_entry":false,"ft_order_tag":"exit_signal","cost":340.57024002}],"funding_fees":-0.041644887367003676},{"pair":"ETH/USDT:USDT","stake_amount":331.08495,"max_stake_amount":331.08495,"amount":0.129,"open_date":"2025-06-13 00:15:00+00:00","close_date":"2025-06-15 03:45:00+00:00","open_rate":2566.55,"close_rate":2531.61,"fee_open":0.0005,"fee_close":0.0005,"trade_duration":3090,"profit_ratio":-0.014696677621897927,"profit_abs":-4.8682817,"exit_reason":"exit_signal","initial_stop_loss_abs":2309.9,"initial_stop_loss_ratio":-0.1,"stop_loss_abs":2309.9,"stop_loss_ratio":-0.1,"min_rate":2433.8,"max_rate":2585.0,"is_open":false,"enter_tag":"","leverage":1.0,"is_short":false,"open_timestamp":1749773700000,"close_timestamp":1749959100000,"orders":[{"amount":0.129,"safe_price":2566.55,"ft_order_side":"buy","order_filled_timestamp":1749773700000,"ft_is_entry":true,"ft_order_tag":"","cost":331.25049247500004},{"amount":0.129,"safe_price":2531.61,"ft_order_side":"sell","order_filled_timestamp":1749959100000,"ft_is_entry":false,"ft_order_tag":"exit_signal","cost":326.740978845}],"funding_fees":-0.03219038464005072},{"pair":"ETH/USDT:USDT","stake_amount":331.75881,"max_stake_amount":331.75881,"amount":0.131,"open_date":"2025-06-15 04:15:00+00:00","close_date":"2025-06-16 14:00:00+00:00","open_rate":2532.51,"close_rate":2638.33,"fee_open":0.0005,"fee_close":0.0005,"trade_duration":2025,"profit_ratio":0.04044728572034258,"profit_abs":13.42545275,"exit_reason":"exit_signal","initial_stop_loss_abs":2279.26,"initial_stop_loss_ratio":-0.1,"stop_loss_abs":2279.26,"stop_loss_ratio":-0.1,"min_rate":2490.38,"max_rate":2644.7,"is_open":false,"enter_tag":"","leverage":1.0,"is_short":false,"open_timestamp":1749960900000,"close_timestamp":1750082400000,"orders":[{"amount":0.131,"safe_price":2532.51,"ft_order_side":"buy","order_filled_timestamp":1749960900000,"ft_is_entry":true,"ft_order_tag":"","cost":331.92468940500004},{"amount":0.131,"safe_price":2638.33,"ft_order_side":"sell","order_filled_timestamp":1750082400000,"ft_is_entry":false,"ft_order_tag":"exit_signal","cost":345.79404061500003}],"funding_fees":-0.0982772340684224},{"pair":"ETH/USDT:USDT","stake_amount":334.11922,"max_stake_amount":334.11922,"amount":0.127,"open_date":"2025-06-16 16:00:00+00:00","close_date":"2025-06-16 16:15:00+00:00","open_rate":2630.86,"close_rate":2638.99,"fee_open":0.0005,"fee_close":0.0005,"trade_duration":15,"profit_ratio":0.002048074933852353,"profit_abs":0.68464335,"exit_reason":"exit_signal","initial_stop_loss_abs":2367.78,"initial_stop_loss_ratio":-0.1,"stop_loss_abs":2367.78,"stop_loss_ratio":-0.1,"min_rate":2627.0,"max_rate":2644.56,"is_open":false,"enter_tag":"","leverage":1.0,"is_short":false,"open_timestamp":1750089600000,"close_timestamp":1750090500000,"orders":[{"amount":0.127,"safe_price":2630.86,"ft_order_side":"buy","order_filled_timestamp":1750089600000,"ft_is_entry":true,"ft_order_tag":"","cost":334.28627961},{"amount":0.127,"safe_price":2638.99,"ft_order_side":"sell","order_filled_timestamp":1750090500000,"ft_is_entry":false,"ft_order_tag":"exit_signal","cost":335.319305865}],"funding_fees":-0.013231171404},{"pair":"ETH/USDT:USDT","stake_amount":334.51112,"max_stake_amount":334.51112,"amount":0.131,"open_date":"2025-06-16 22:45:00+00:00","close_date":"2025-06-18 06:30:00+00:00","open_rate":2553.52,"close_rate":2532.0,"fee_open":0.0005,"fee_close":0.0005,"trade_duration":1905,"profit_ratio":-0.00956501765207743,"profit_abs":-3.20120457,"exit_reason":"force_exit","initial_stop_loss_abs":2298.17,"initial_stop_loss_ratio":-0.1,"stop_loss_abs":2298.17,"stop_loss_ratio":-0.1,"min_rate":2451.97,"max_rate":2617.74,"is_open":false,"enter_tag":"","leverage":1.0,"is_short":false,"open_timestamp":1750113900000,"close_timestamp":1750228200000,"orders":[{"amount":0.131,"safe_price":2553.52,"ft_order_side":"buy","order_filled_timestamp":1750113900000,"ft_is_entry":true,"ft_order_tag":"","cost":334.67837556},{"amount":0.131,"safe_price":2532.0,"ft_order_side":"sell","order_filled_timestamp":1750228200000,"ft_is_entry":false,"ft_order_tag":"force_exit","cost":331.857846}],"funding_fees":-0.04898300910959085}],"locks":[],"best_pair":{"key":"ETH/USDT:USDT","trades":61,"profit_mean":0.0009004544886052482,"profit_mean_pct":0.09,"profit_sum":0.05492772380492014,"profit_sum_pct":5.49,"profit_total_abs":16.606797670000006,"profit_total":0.016606797670000006,"profit_total_pct":1.66,"duration_avg":"9:25:00","wins":36,"draws":0,"losses":25,"winrate":0.5901639344262295,"cagr":0.1998214406984875,"expectancy":0.2722425847540981,"expectancy_ratio":0.06918571412744945,"sortino":1.536079639364038,"sharpe":1.396808083119203,"calmar":34.982147078292364,"sqn":0.3064,"profit_factor":1.1688131424709767,"max_drawdown_account":0.027483492815014544,"max_drawdown_abs":28.03983782},"worst_pair":{"key":"ETH/USDT:USDT","trades":61,"profit_mean":0.0009004544886052482,"profit_mean_pct":0.09,"profit_sum":0.05492772380492014,"profit_sum_pct":5.49,"profit_total_abs":16.606797670000006,"profit_total":0.016606797670000006,"profit_total_pct":1.66,"duration_avg":"9:25:00","wins":36,"draws":0,"losses":25,"winrate":0.5901639344262295,"cagr":0.1998214406984875,"expectancy":0.2722425847540981,"expectancy_ratio":0.06918571412744945,"sortino":1.536079639364038,"sharpe":1.396808083119203,"calmar":34.982147078292364,"sqn":0.3064,"profit_factor":1.1688131424709767,"max_drawdown_account":0.027483492815014544,"max_drawdown_abs":28.03983782},"results_per_pair":[{"key":"ETH/USDT:USDT","trades":61,"profit_mean":0.0009004544886052482,"profit_mean_pct":0.09,"profit_sum":0.05492772380492014,"profit_sum_pct":5.49,"profit_total_abs":16.606797670000006,"profit_total":0.016606797670000006,"profit_total_pct":1.66,"duration_avg":"9:25:00","wins":36,"draws":0,"losses":25,"winrate":0.5901639344262295,"cagr":0.1998214406984875,"expectancy":0.2722425847540981,"expectancy_ratio":0.06918571412744945,"sortino":1.536079639364038,"sharpe":1.396808083119203,"calmar":34.982147078292364,"sqn":0.3064,"profit_factor":1.1688131424709767,"max_drawdown_account":0.027483492815014544,"max_drawdown_abs":28.03983782},{"key":"TOTAL","trades":61,"profit_mean":0.0009004544886052482,"profit_mean_pct":0.09,"profit_sum":0.05492772380492014,"profit_sum_pct":5.49,"profit_total_abs":16.606797670000006,"profit_total":0.016606797670000006,"profit_total_pct":1.66,"duration_avg":"9:25:00","wins":36,"draws":0,"losses":25,"winrate":0.5901639344262295,"cagr":0.1998214406984875,"expectancy":0.2722425847540981,"expectancy_ratio":0.06918571412744945,"sortino":1.536079639364038,"sharpe":1.396808083119203,"calmar":34.982147078292364,"sqn":0.3064,"profit_factor":1.1688131424709767,"max_drawdown_account":0.027483492815014544,"max_drawdown_abs":28.03983782}],"results_per_enter_tag":[{"key":"","trades":61,"profit_mean":0.0009004544886052482,"profit_mean_pct":0.09,"profit_sum":0.05492772380492014,"profit_sum_pct":5.49,"profit_total_abs":16.606797670000006,"profit_total":0.016606797670000006,"profit_total_pct":1.66,"duration_avg":"9:25:00","wins":36,"draws":0,"losses":25,"winrate":0.5901639344262295,"cagr":0.1998214406984875,"expectancy":0.2722425847540981,"expectancy_ratio":0.06918571412744945,"sortino":1.536079639364038,"sharpe":1.396808083119203,"calmar":34.982147078292364,"sqn":0.3064,"profit_factor":1.1688131424709767,"max_drawdown_account":0.027483492815014544,"max_drawdown_abs":28.03983782},{"key":"TOTAL","trades":61,"profit_mean":0.0009004544886052482,"profit_mean_pct":0.09,"profit_sum":0.05492772380492014,"profit_sum_pct":5.49,"profit_total_abs":16.606797670000006,"profit_total":0.016606797670000006,"profit_total_pct":1.66,"duration_avg":"9:25:00","wins":36,"draws":0,"losses":25,"winrate":0.5901639344262295,"cagr":0.1998214406984875,"expectancy":0.2722425847540981,"expectancy_ratio":0.06918571412744945,"sortino":1.536079639364038,"sharpe":1.396808083119203,"calmar":34.982147078292364,"sqn":0.3064,"profit_factor":1.1688131424709767,"max_drawdown_account":0.027483492815014544,"max_drawdown_abs":28.03983782}],"exit_reason_summary":[{"key":"exit_signal","trades":60,"profit_mean":0.0010748790242832928,"profit_mean_pct":0.11,"profit_sum":0.06449274145699757,"profit_sum_pct":6.45,"profit_total_abs":19.808002240000008,"profit_total":0.019808002240000008,"profit_total_pct":1.98,"duration_avg":"9:03:00","wins":36,"draws":0,"losses":24,"winrate":0.6,"cagr":0.24227812469706267,"expectancy":0.3301333706666665,"expectancy_ratio":0.0832508269104526,"sortino":1.7956782072635435,"sharpe":1.6558684459364497,"calmar":41.72547058477076,"sqn":0.3662,"profit_factor":1.2081270672761317,"max_drawdown_account":0.027483492815014544,"max_drawdown_abs":28.03983782},{"key":"force_exit","trades":1,"profit_mean":-0.00956501765207743,"profit_mean_pct":-0.96,"profit_sum":-0.00956501765207743,"profit_sum_pct":-0.96,"profit_total_abs":-3.20120457,"profit_total":-0.00320120457,"profit_total_pct":-0.32,"duration_avg":"1 day, 7:45:00","wins":0,"draws":0,"losses":1,"winrate":0.0,"cagr":-0.03484257559790749,"expectancy":-3.20120457,"expectancy_ratio":-1.0,"sortino":-100,"sharpe":-100,"calmar":-57.89385810467588,"sqn":-100.0,"profit_factor":0.0,"max_drawdown_account":0.003201204569999959,"max_drawdown_abs":3.20120457},{"key":"TOTAL","trades":61,"profit_mean":0.0009004544886052482,"profit_mean_pct":0.09,"profit_sum":0.05492772380492014,"profit_sum_pct":5.49,"profit_total_abs":16.606797670000006,"profit_total":0.016606797670000006,"profit_total_pct":1.66,"duration_avg":"9:25:00","wins":36,"draws":0,"losses":25,"winrate":0.5901639344262295,"cagr":0.1998214406984875,"expectancy":0.2722425847540981,"expectancy_ratio":0.06918571412744945,"sortino":1.536079639364038,"sharpe":1.396808083119203,"calmar":34.982147078292364,"sqn":0.3064,"profit_factor":1.1688131424709767,"max_drawdown_account":0.027483492815014544,"max_drawdown_abs":28.03983782}],"mix_tag_stats":[{"key":["","exit_signal"],"trades":60,"profit_mean":0.0010748790242832928,"profit_mean_pct":0.11,"profit_sum":0.06449274145699757,"profit_sum_pct":6.45,"profit_total_abs":19.808002240000008,"profit_total":0.019808002240000008,"profit_total_pct":1.98,"duration_avg":"9:03:00","wins":36,"draws":0,"losses":24,"winrate":0.6,"cagr":0.24227812469706267,"expectancy":0.3301333706666665,"expectancy_ratio":0.0832508269104526,"sortino":1.7956782072635435,"sharpe":1.6558684459364497,"calmar":41.72547058477076,"sqn":0.3662,"profit_factor":1.2081270672761317,"max_drawdown_account":0.027483492815014544,"max_drawdown_abs":28.03983782},{"key":["","force_exit"],"trades":1,"profit_mean":-0.00956501765207743,"profit_mean_pct":-0.96,"profit_sum":-0.00956501765207743,"profit_sum_pct":-0.96,"profit_total_abs":-3.20120457,"profit_total":-0.00320120457,"profit_total_pct":-0.32,"duration_avg":"1 day, 7:45:00","wins":0,"draws":0,"losses":1,"winrate":0.0,"cagr":-0.03484257559790749,"expectancy":-3.20120457,"expectancy_ratio":-1.0,"sortino":-100,"sharpe":-100,"calmar":-57.89385810467588,"sqn":-100.0,"profit_factor":0.0,"max_drawdown_account":0.003201204569999959,"max_drawdown_abs":3.20120457},{"key":"TOTAL","trades":61,"profit_mean":0.0009004544886052482,"profit_mean_pct":0.09,"profit_sum":0.05492772380492014,"profit_sum_pct":5.49,"profit_total_abs":16.606797670000006,"profit_total":0.016606797670000006,"profit_total_pct":1.66,"duration_avg":"9:25:00","wins":36,"draws":0,"losses":25,"winrate":0.5901639344262295,"cagr":0.1998214406984875,"expectancy":0.2722425847540981,"expectancy_ratio":0.06918571412744945,"sortino":1.536079639364038,"sharpe":1.396808083119203,"calmar":34.982147078292364,"sqn":0.3064,"profit_factor":1.1688131424709767,"max_drawdown_account":0.027483492815014544,"max_drawdown_abs":28.03983782}],"left_open_trades":[{"key":"ETH/USDT:USDT","trades":1,"profit_mean":-0.00956501765207743,"profit_mean_pct":-0.96,"profit_sum":-0.00956501765207743,"profit_sum_pct":-0.96,"profit_total_abs":-3.20120457,"profit_total":-0.00320120457,"profit_total_pct":-0.32,"duration_avg":"1 day, 7:45:00","wins":0,"draws":0,"losses":1,"winrate":0.0,"cagr":-0.03484257559790749,"expectancy":-3.20120457,"expectancy_ratio":-1.0,"sortino":-100,"sharpe":-100,"calmar":-57.89385810467588,"sqn":-100.0,"profit_factor":0.0,"max_drawdown_account":0.003201204569999959,"max_drawdown_abs":3.20120457},{"key":"TOTAL","trades":1,"profit_mean":-0.00956501765207743,"profit_mean_pct":-0.96,"profit_sum":-0.00956501765207743,"profit_sum_pct":-0.96,"profit_total_abs":-3.20120457,"profit_total":-0.00320120457,"profit_total_pct":-0.32,"duration_avg":"1 day, 7:45:00","wins":0,"draws":0,"losses":1,"winrate":0.0,"cagr":-0.03484257559790749,"expectancy":-3.20120457,"expectancy_ratio":-1.0,"sortino":-100,"sharpe":-100,"calmar":-57.89385810467588,"sqn":-100.0,"profit_factor":0.0,"max_drawdown_account":0.003201204569999959,"max_drawdown_abs":3.20120457}],"total_trades":61,"trade_count_long":61,"trade_count_short":0,"total_volume":40335.60970599,"avg_stake_amount":330.142777704918,"profit_mean":0.0009004544886052482,"profit_median":0.0006335609443364205,"profit_total":0.016606797670000006,"profit_total_long":0.016606797670000006,"profit_total_short":0.0,"profit_total_abs":16.606797670000006,"profit_total_long_abs":16.606797670000006,"profit_total_short_abs":0.0,"cagr":0.1998214406984875,"expectancy":0.2722425847540981,"expectancy_ratio":0.06918571412744945,"sortino":1.536079639364038,"sharpe":1.396808083119203,"calmar":34.982147078292364,"sqn":0.3064,"profit_factor":1.1688131424709767,"backtest_start":"2025-05-16 00:00:00","backtest_start_ts":1747353600000,"backtest_end":"2025-06-18 06:30:00","backtest_end_ts":1750228200000,"backtest_days":33,"backtest_run_start_ts":1750229616,"backtest_run_end_ts":1750229616,"trades_per_day":1.85,"market_change":-0.011224126392742607,"pairlist":["ETH/USDT:USDT"],"stake_amount":"unlimited","stake_currency":"USDT","stake_currency_decimals":3,"starting_balance":1000,"dry_run_wallet":1000,"final_balance":1016.60679767,"rejected_signals":0,"timedout_entry_orders":0,"timedout_exit_orders":0,"canceled_trade_entries":0,"canceled_entry_orders":0,"replaced_entry_orders":0,"max_open_trades":1,"max_open_trades_setting":3,"timeframe":"15m","timeframe_detail":"","timerange":"","enable_protections":false,"strategy_name":"GridBotSample","stoploss":-0.1,"trailing_stop":false,"trailing_stop_positive":null,"trailing_stop_positive_offset":0.0,"trailing_only_offset_is_reached":false,"use_custom_stoploss":false,"minimal_roi":{},"use_exit_signal":true,"exit_profit_only":false,"exit_profit_offset":0.0,"ignore_roi_if_entry_signal":false,"trading_mode":"futures","margin_mode":"isolated","periodic_breakdown":{"day":[{"date":"18/05/2025","date_ts":1747526400000,"profit_abs":-23.0265758,"wins":0,"draws":0,"losses":2,"trades":2,"profit_factor":0.0},{"date":"19/05/2025","date_ts":1747612800000,"profit_abs":0.0,"wins":0,"draws":0,"losses":0,"trades":0,"profit_factor":0.0},{"date":"20/05/2025","date_ts":1747699200000,"profit_abs":0.0,"wins":0,"draws":0,"losses":0,"trades":0,"profit_factor":0.0},{"date":"21/05/2025","date_ts":1747785600000,"profit_abs":0.0,"wins":0,"draws":0,"losses":0,"trades":0,"profit_factor":0.0},{"date":"22/05/2025","date_ts":1747872000000,"profit_abs":31.57543728,"wins":5,"draws":0,"losses":0,"trades":5,"profit_factor":0.0},{"date":"23/05/2025","date_ts":1747958400000,"profit_abs":0.0,"wins":0,"draws":0,"losses":0,"trades":0,"profit_factor":0.0},{"date":"24/05/2025","date_ts":1748044800000,"profit_abs":-10.98716535,"wins":0,"draws":0,"losses":3,"trades":3,"profit_factor":0.0},{"date":"25/05/2025","date_ts":1748131200000,"profit_abs":-4.53731532,"wins":0,"draws":0,"losses":2,"trades":2,"profit_factor":0.0},{"date":"26/05/2025","date_ts":1748217600000,"profit_abs":0.0,"wins":0,"draws":0,"losses":0,"trades":0,"profit_factor":0.0},{"date":"27/05/2025","date_ts":1748304000000,"profit_abs":14.65060033,"wins":2,"draws":0,"losses":0,"trades":2,"profit_factor":0.0},{"date":"28/05/2025","date_ts":1748390400000,"profit_abs":4.80767832,"wins":8,"draws":0,"losses":0,"trades":8,"profit_factor":0.0},{"date":"29/05/2025","date_ts":1748476800000,"profit_abs":1.22600911,"wins":1,"draws":0,"losses":0,"trades":1,"profit_factor":0.0},{"date":"30/05/2025","date_ts":1748563200000,"profit_abs":1.45569332,"wins":3,"draws":0,"losses":0,"trades":3,"profit_factor":0.0},{"date":"31/05/2025","date_ts":1748649600000,"profit_abs":-13.70572132,"wins":3,"draws":0,"losses":3,"trades":6,"profit_factor":0.09003843},{"date":"01/06/2025","date_ts":1748736000000,"profit_abs":-2.15185973,"wins":0,"draws":0,"losses":1,"trades":1,"profit_factor":0.0},{"date":"02/06/2025","date_ts":1748822400000,"profit_abs":0.0,"wins":0,"draws":0,"losses":0,"trades":0,"profit_factor":0.0},{"date":"03/06/2025","date_ts":1748908800000,"profit_abs":14.96881931,"wins":1,"draws":0,"losses":1,"trades":2,"profit_factor":116.64620587},{"date":"04/06/2025","date_ts":1748995200000,"profit_abs":5.96727832,"wins":5,"draws":0,"losses":0,"trades":5,"profit_factor":0.0},{"date":"05/06/2025","date_ts":1749081600000,"profit_abs":-27.30001622,"wins":0,"draws":0,"losses":1,"trades":1,"profit_factor":0.0},{"date":"06/06/2025","date_ts":1749168000000,"profit_abs":-0.7398216,"wins":0,"draws":0,"losses":1,"trades":1,"profit_factor":0.0},{"date":"07/06/2025","date_ts":1749254400000,"profit_abs":8.78801765,"wins":3,"draws":0,"losses":3,"trades":6,"profit_factor":9.89264036},{"date":"08/06/2025","date_ts":1749340800000,"profit_abs":-3.16997583,"wins":2,"draws":0,"losses":6,"trades":8,"profit_factor":0.41101109},{"date":"09/06/2025","date_ts":1749427200000,"profit_abs":12.74510537,"wins":1,"draws":0,"losses":0,"trades":1,"profit_factor":0.0},{"date":"10/06/2025","date_ts":1749513600000,"profit_abs":0.0,"wins":0,"draws":0,"losses":0,"trades":0,"profit_factor":0.0},{"date":"11/06/2025","date_ts":1749600000000,"profit_abs":0.0,"wins":0,"draws":0,"losses":0,"trades":0,"profit_factor":0.0},{"date":"12/06/2025","date_ts":1749686400000,"profit_abs":0.0,"wins":0,"draws":0,"losses":0,"trades":0,"profit_factor":0.0},{"date":"13/06/2025","date_ts":1749772800000,"profit_abs":0.0,"wins":0,"draws":0,"losses":0,"trades":0,"profit_factor":0.0},{"date":"14/06/2025","date_ts":1749859200000,"profit_abs":0.0,"wins":0,"draws":0,"losses":0,"trades":0,"profit_factor":0.0},{"date":"15/06/2025","date_ts":1749945600000,"profit_abs":-4.8682817,"wins":0,"draws":0,"losses":1,"trades":1,"profit_factor":0.0},{"date":"16/06/2025","date_ts":1750032000000,"profit_abs":14.1100961,"wins":2,"draws":0,"losses":0,"trades":2,"profit_factor":0.0},{"date":"17/06/2025","date_ts":1750118400000,"profit_abs":0.0,"wins":0,"draws":0,"losses":0,"trades":0,"profit_factor":0.0},{"date":"18/06/2025","date_ts":1750204800000,"profit_abs":-3.20120457,"wins":0,"draws":0,"losses":1,"trades":1,"profit_factor":0.0}],"week":[{"date":"19/05/2025","date_ts":1747612800000,"profit_abs":-23.0265758,"wins":0,"draws":0,"losses":2,"trades":2,"profit_factor":0.0},{"date":"26/05/2025","date_ts":1748217600000,"profit_abs":16.05095661,"wins":5,"draws":0,"losses":5,"trades":10,"profit_factor":2.03391263},{"date":"02/06/2025","date_ts":1748822400000,"profit_abs":6.28240003,"wins":17,"draws":0,"losses":4,"trades":21,"profit_factor":1.36496452},{"date":"09/06/2025","date_ts":1749427200000,"profit_abs":11.259407,"wins":12,"draws":0,"losses":12,"trades":24,"profit_factor":1.32598571},{"date":"16/06/2025","date_ts":1750032000000,"profit_abs":9.2418144,"wins":2,"draws":0,"losses":1,"trades":3,"profit_factor":2.89837297},{"date":"23/06/2025","date_ts":1750636800000,"profit_abs":-3.20120457,"wins":0,"draws":0,"losses":1,"trades":1,"profit_factor":0.0}],"month":[{"date":"31/05/2025","date_ts":1748649600000,"profit_abs":1.45864057,"wins":22,"draws":0,"losses":10,"trades":32,"profit_factor":1.02720688},{"date":"30/06/2025","date_ts":1751241600000,"profit_abs":15.1481571,"wins":14,"draws":0,"losses":15,"trades":29,"profit_factor":1.33842373}],"year":[{"date":"31/12/2025","date_ts":1767139200000,"profit_abs":16.60679767,"wins":36,"draws":0,"losses":25,"trades":61,"profit_factor":1.16881314}]},"backtest_best_day":0.0978065238108544,"backtest_worst_day":-0.08111643004558124,"backtest_best_day_abs":31.57543728,"backtest_worst_day_abs":-27.30001622,"winning_days":10,"draw_days":12,"losing_days":10,"daily_profit":[["2025-05-18",-23.0265758],["2025-05-19",0.0],["2025-05-20",0.0],["2025-05-21",0.0],["2025-05-22",31.57543728],["2025-05-23",0.0],["2025-05-24",-10.98716535],["2025-05-25",-4.53731532],["2025-05-26",0.0],["2025-05-27",14.65060033],["2025-05-28",4.80767832],["2025-05-29",1.22600911],["2025-05-30",1.45569332],["2025-05-31",-13.70572132],["2025-06-01",-2.15185973],["2025-06-02",0.0],["2025-06-03",14.96881931],["2025-06-04",5.96727832],["2025-06-05",-27.30001622],["2025-06-06",-0.7398216],["2025-06-07",8.78801765],["2025-06-08",-3.16997583],["2025-06-09",12.74510537],["2025-06-10",0.0],["2025-06-11",0.0],["2025-06-12",0.0],["2025-06-13",0.0],["2025-06-14",0.0],["2025-06-15",-4.8682817],["2025-06-16",14.1100961],["2025-06-17",0.0],["2025-06-18",-3.20120457]],"wins":36,"losses":25,"draws":0,"winrate":0.5901639344262295,"holding_avg":"9:25:00","holding_avg_s":33900.0,"winner_holding_min":"0d 00:15","winner_holding_min_s":900.0,"winner_holding_max":"2d 14:00","winner_holding_max_s":223200.0,"winner_holding_avg":"0d 08:01","winner_holding_avg_s":28860.0,"loser_holding_min":"0d 00:15","loser_holding_min_s":900.0,"loser_holding_max":"2d 03:30","loser_holding_max_s":185400.0,"loser_holding_avg":"0d 11:26","loser_holding_avg_s":41160.0,"max_consecutive_wins":14,"max_consecutive_losses":6,"max_drawdown_account":0.027483492815014544,"max_relative_drawdown":0.027483492815014544,"max_drawdown_abs":28.03983782,"drawdown_start":"2025-06-04 15:00:00","drawdown_start_ts":1749049200000.0,"drawdown_end":"2025-06-06 01:45:00","drawdown_end_ts":1749174300000.0,"max_drawdown_low":-7.796959349999999,"max_drawdown_high":20.24287847,"csum_min":976.9734242,"csum_max":1020.24287847}},"strategy_comparison":[{"key":"GridBotSample","trades":61,"profit_mean":0.0009004544886052482,"profit_mean_pct":0.09,"profit_sum":0.05492772380492014,"profit_sum_pct":5.49,"profit_total_abs":16.606797670000006,"profit_total":0.016606797670000006,"profit_total_pct":1.66,"duration_avg":"9:25:00","wins":36,"draws":0,"losses":25,"winrate":0.5901639344262295,"cagr":0.1998214406984875,"expectancy":0.2722425847540981,"expectancy_ratio":0.06918571412744945,"sortino":1.536079639364038,"sharpe":1.396808083119203,"calmar":34.982147078292364,"sqn":0.3064,"profit_factor":1.1688131424709767,"max_drawdown_account":0.027483492815014544,"max_drawdown_abs":"28.04"}]}