{"strategy":{"GridBotSample":{"trades":[{"pair":"ETH/USDT:USDT","stake_amount":329.90232,"max_stake_amount":329.90232,"amount":0.132,"open_date":"2025-05-17 00:30:00+00:00","close_date":"2025-05-18 04:30:00+00:00","open_rate":2499.26,"close_rate":2481.15,"fee_open":0.0005,"fee_close":0.0005,"trade_duration":1680,"profit_ratio":-0.008295868325195625,"profit_abs":-2.73819462,"exit_reason":"exit_signal","initial_stop_loss_abs":2249.34,"initial_stop_loss_ratio":-0.1,"stop_loss_abs":2249.34,"stop_loss_ratio":-0.1,"min_rate":2442.65,"max_rate":2512.33,"is_open":false,"enter_tag":"","leverage":1.0,"is_short":false,"open_timestamp":1747441800000,"close_timestamp":1747542600000,"orders":[{"amount":0.132,"safe_price":2499.26,"ft_order_side":"buy","order_filled_timestamp":1747441800000,"ft_is_entry":true,"ft_order_tag":"","cost":330.06727116},{"amount":0.132,"safe_price":2481.15,"ft_order_side":"sell","order_filled_timestamp":1747542600000,"ft_is_entry":false,"ft_order_tag":"exit_signal","cost":327.6755559}],"funding_fees":-0.018967562114686816},{"pair":"ETH/USDT:USDT","stake_amount":328.27872,"max_stake_amount":328.27872,"amount":0.132,"open_date":"2025-05-18 04:45:00+00:00","close_date":"2025-05-18 20:00:00+00:00","open_rate":2486.96,"close_rate":2406.78,"fee_open":0.0005,"fee_close":0.0005,"trade_duration":915,"profit_ratio":-0.0332582650184123,"profit_abs":-10.92343966,"exit_reason":"exit_signal","initial_stop_loss_abs":2238.27,"initial_stop_loss_ratio":-0.1,"stop_loss_abs":2238.27,"stop_loss_ratio":-0.1,"min_rate":2312.62,"max_rate":2587.52,"is_open":false,"enter_tag":"","leverage":1.0,"is_short":false,"open_timestamp":1747543500000,"close_timestamp":1747598400000,"orders":[{"amount":0.132,"safe_price":2486.96,"ft_order_side":"buy","order_filled_timestamp":1747543500000,"ft_is_entry":true,"ft_order_tag":"","cost":328.44285936},{"amount":0.132,"safe_price":2406.78,"ft_order_side":"sell","order_filled_timestamp":1747598400000,"ft_is_entry":false,"ft_order_tag":"exit_signal","cost":317.85380748}],"funding_fees":-0.016692816592667043},{"pair":"ETH/USDT:USDT","stake_amount":323.47861,"max_stake_amount":323.47861,"amount":0.133,"open_date":"2025-05-19 13:45:00+00:00","close_date":"2025-05-22 03:45:00+00:00","open_rate":2432.17,"close_rate":2634.82,"fee_open":0.0005,"fee_close":0.0005,"trade_duration":3720,"profit_ratio":0.08182421986896206,"profit_abs":26.4816191,"exit_reason":"exit_signal","initial_stop_loss_abs":2188.96,"initial_stop_loss_ratio":-0.1,"stop_loss_abs":2188.96,"stop_loss_ratio":-0.1,"min_rate":2416.4,"max_rate":2647.25,"is_open":false,"enter_tag":"","leverage":1.0,"is_short":false,"open_timestamp":1747662300000,"close_timestamp":1747885500000,"orders":[{"amount":0.133,"safe_price":2432.17,"ft_order_side":"buy","order_filled_timestamp":1747662300000,"ft_is_entry":true,"ft_order_tag":"","cost":323.640349305},{"amount":0.133,"safe_price":2634.82,"ft_order_side":"sell","order_filled_timestamp":1747885500000,"ft_is_entry":false,"ft_order_tag":"exit_signal","cost":350.60627553000006}],"funding_fees":-0.1338760659079377},{"pair":"ETH/USDT:USDT","stake_amount":331.84272,"max_stake_amount":331.84272,"amount":0.132,"open_date":"2025-05-23 23:45:00+00:00","close_date":"2025-05-24 18:15:00+00:00","open_rate":2513.96,"close_rate":2561.57,"fee_open":0.0005,"fee_close":0.0005,"trade_duration":1110,"profit_ratio":0.017757117272159905,"profit_abs":5.89551638,"exit_reason":"exit_signal","initial_stop_loss_abs":2262.57,"initial_stop_loss_ratio":-0.1,"stop_loss_abs":2262.57,"stop_loss_ratio":-0.1,"min_rate":2505.01,"max_rate":2574.5,"is_open":false,"enter_tag":"","leverage":1.0,"is_short":false,"open_timestamp":1748043900000,"close_timestamp":1748110500000,"orders":[{"amount":0.132,"safe_price":2513.96,"ft_order_side":"buy","order_filled_timestamp":1748043900000,"ft_is_entry":true,"ft_order_tag":"","cost":332.00864136},{"amount":0.132,"safe_price":2561.57,"ft_order_side":"sell","order_filled_timestamp":1748110500000,"ft_is_entry":false,"ft_order_tag":"exit_signal","cost":338.29630362}],"funding_fees":-0.05401863559288796},{"pair":"ETH/USDT:USDT","stake_amount":334.30186,"max_stake_amount":334.30186,"amount":0.134,"open_date":"2025-05-25 00:45:00+00:00","close_date":"2025-05-25 19:00:00+00:00","open_rate":2494.79,"close_rate":2514.89,"fee_open":0.0005,"fee_close":0.0005,"trade_duration":1095,"profit_ratio":0.006926417887141267,"profit_abs":2.31667214,"exit_reason":"exit_signal","initial_stop_loss_abs":2245.32,"initial_stop_loss_ratio":-0.1,"stop_loss_abs":2245.32,"stop_loss_ratio":-0.1,"min_rate":2457.6,"max_rate":2524.99,"is_open":false,"enter_tag":"","leverage":1.0,"is_short":false,"open_timestamp":1748133900000,"close_timestamp":1748199600000,"orders":[{"amount":0.134,"safe_price":2494.79,"ft_order_side":"buy","order_filled_timestamp":1748133900000,"ft_is_entry":true,"ft_order_tag":"","cost":334.46901093},{"amount":0.134,"safe_price":2514.89,"ft_order_side":"sell","order_filled_timestamp":1748199600000,"ft_is_entry":false,"ft_order_tag":"exit_signal","cost":337.16375763}],"funding_fees":-0.0410793031626},{"pair":"ETH/USDT:USDT","stake_amount":335.1999,"max_stake_amount":335.1999,"amount":0.133,"open_date":"2025-05-25 19:30:00+00:00","close_date":"2025-05-25 21:00:00+00:00","open_rate":2520.3,"close_rate":2522.66,"fee_open":0.0005,"fee_close":0.0005,"trade_duration":90,"profit_ratio":-6.403971763275208e-05,"profit_abs":-0.02147684,"exit_reason":"exit_signal","initial_stop_loss_abs":2268.28,"initial_stop_loss_ratio":-0.1,"stop_loss_abs":2268.28,"stop_loss_ratio":-0.1,"min_rate":2509.69,"max_rate":2537.0,"is_open":false,"enter_tag":"","leverage":1.0,"is_short":false,"open_timestamp":1748201400000,"close_timestamp":1748206800000,"orders":[{"amount":0.133,"safe_price":2520.3,"ft_order_side":"buy","order_filled_timestamp":1748201400000,"ft_is_entry":true,"ft_order_tag":"","cost":335.36749994999997},{"amount":0.133,"safe_price":2522.66,"ft_order_side":"sell","order_filled_timestamp":1748206800000,"ft_is_entry":false,"ft_order_tag":"exit_signal","cost":335.68153688999996}],"funding_fees":0.0},{"pair":"ETH/USDT:USDT","stake_amount":335.21719,"max_stake_amount":335.21719,"amount":0.133,"open_date":"2025-05-25 21:30:00+00:00","close_date":"2025-05-27 08:30:00+00:00","open_rate":2520.43,"close_rate":2637.32,"fee_open":0.0005,"fee_close":0.0005,"trade_duration":2100,"profit_ratio":0.045052745274380676,"profit_abs":15.1100059,"exit_reason":"exit_signal","initial_stop_loss_abs":2268.39,"initial_stop_loss_ratio":-0.1,"stop_loss_abs":2268.39,"stop_loss_ratio":-0.1,"min_rate":2506.08,"max_rate":2643.44,"is_open":false,"enter_tag":"","leverage":1.0,"is_short":false,"open_timestamp":1748208600000,"close_timestamp":1748334600000,"orders":[{"amount":0.133,"safe_price":2520.43,"ft_order_side":"buy","order_filled_timestamp":1748208600000,"ft_is_entry":true,"ft_order_tag":"","cost":335.384798595},{"amount":0.133,"safe_price":2637.32,"ft_order_side":"sell","order_filled_timestamp":1748334600000,"ft_is_entry":false,"ft_order_tag":"exit_signal","cost":350.93894178}],"funding_fees":-0.09337372328036676},{"pair":"ETH/USDT:USDT","stake_amount":340.68195,"max_stake_amount":340.68195,"amount":0.135,"open_date":"2025-05-30 22:45:00+00:00","close_date":"2025-05-31 12:00:00+00:00","open_rate":2523.57,"close_rate":2518.6,"fee_open":0.0005,"fee_close":0.0005,"trade_duration":795,"profit_ratio":-0.003081307997067365,"profit_abs":-1.05027089,"exit_reason":"exit_signal","initial_stop_loss_abs":2271.22,"initial_stop_loss_ratio":-0.1,"stop_loss_abs":2271.22,"stop_loss_ratio":-0.1,"min_rate":2474.0,"max_rate":2543.45,"is_open":false,"enter_tag":"","leverage":1.0,"is_short":false,"open_timestamp":1748645100000,"close_timestamp":1748692800000,"orders":[{"amount":0.135,"safe_price":2523.57,"ft_order_side":"buy","order_filled_timestamp":1748645100000,"ft_is_entry":true,"ft_order_tag":"","cost":340.852290975},{"amount":0.135,"safe_price":2518.6,"ft_order_side":"sell","order_filled_timestamp":1748692800000,"ft_is_entry":false,"ft_order_tag":"exit_signal","cost":340.1810055}],"funding_fees":-0.03897441368683595},{"pair":"ETH/USDT:USDT","stake_amount":340.1622,"max_stake_amount":340.1622,"amount":0.135,"open_date":"2025-06-01 00:15:00+00:00","close_date":"2025-06-01 05:45:00+00:00","open_rate":2519.72,"close_rate":2515.81,"fee_open":0.0005,"fee_close":0.0005,"trade_duration":330,"profit_ratio":-0.0025497089702902122,"profit_abs":-0.86774827,"exit_reason":"exit_signal","initial_stop_loss_abs":2267.75,"initial_stop_loss_ratio":-0.1,"stop_loss_abs":2267.75,"stop_loss_ratio":-0.1,"min_rate":2488.52,"max_rate":2529.67,"is_open":false,"enter_tag":"","leverage":1.0,"is_short":false,"open_timestamp":1748736900000,"close_timestamp":1748756700000,"orders":[{"amount":0.135,"safe_price":2519.72,"ft_order_side":"buy","order_filled_timestamp":1748736900000,"ft_is_entry":true,"ft_order_tag":"","cost":340.3322811},{"amount":0.135,"safe_price":2515.81,"ft_order_side":"sell","order_filled_timestamp":1748756700000,"ft_is_entry":false,"ft_order_tag":"exit_signal","cost":339.80416717500003}],"funding_fees":0.0},{"pair":"ETH/USDT:USDT","stake_amount":339.8571,"max_stake_amount":339.8571,"amount":0.135,"open_date":"2025-06-01 06:00:00+00:00","close_date":"2025-06-03 01:45:00+00:00","open_rate":2517.46,"close_rate":2636.84,"fee_open":0.0005,"fee_close":0.0005,"trade_duration":2625,"profit_ratio":0.046110916025884255,"profit_abs":15.67895776,"exit_reason":"exit_signal","initial_stop_loss_abs":2265.72,"initial_stop_loss_ratio":-0.1,"stop_loss_abs":2265.72,"stop_loss_ratio":-0.1,"min_rate":2465.0,"max_rate":2649.0,"is_open":false,"enter_tag":"","leverage":1.0,"is_short":false,"open_timestamp":1748757600000,"close_timestamp":1748915100000,"orders":[{"amount":0.135,"safe_price":2517.46,"ft_order_side":"buy","order_filled_timestamp":1748757600000,"ft_is_entry":true,"ft_order_tag":"","cost":340.02702855},{"amount":0.135,"safe_price":2636.84,"ft_order_side":"sell","order_filled_timestamp":1748915100000,"ft_is_entry":false,"ft_order_tag":"exit_signal","cost":356.1513867}],"funding_fees":-0.08942698555263923},{"pair":"ETH/USDT:USDT","stake_amount":345.76866,"max_stake_amount":345.76866,"amount":0.138,"open_date":"2025-06-05 20:15:00+00:00","close_date":"2025-06-05 20:45:00+00:00","open_rate":2505.57,"close_rate":2417.7,"fee_open":0.0005,"fee_close":0.0005,"trade_duration":30,"profit_ratio":-0.03603431225394738,"profit_abs":-12.46576563,"exit_reason":"exit_signal","initial_stop_loss_abs":2255.02,"initial_stop_loss_ratio":-0.1,"stop_loss_abs":2255.02,"stop_loss_ratio":-0.1,"min_rate":2392.32,"max_rate":2506.53,"is_open":false,"enter_tag":"","leverage":1.0,"is_short":false,"open_timestamp":1749154500000,"close_timestamp":1749156300000,"orders":[{"amount":0.138,"safe_price":2505.57,"ft_order_side":"buy","order_filled_timestamp":1749154500000,"ft_is_entry":true,"ft_order_tag":"","cost":345.94154433000006},{"amount":0.138,"safe_price":2417.7,"ft_order_side":"sell","order_filled_timestamp":1749156300000,"ft_is_entry":false,"ft_order_tag":"exit_signal","cost":333.8094213}],"funding_fees":0.0},{"pair":"ETH/USDT:USDT","stake_amount":341.45829,"max_stake_amount":341.45829,"amount":0.141,"open_date":"2025-06-06 01:30:00+00:00","close_date":"2025-06-06 01:45:00+00:00","open_rate":2421.69,"close_rate":2418.63,"fee_open":0.0005,"fee_close":0.0005,"trade_duration":15,"profit_ratio":-0.0022618176931627596,"profit_abs":-0.77270256,"exit_reason":"exit_signal","initial_stop_loss_abs":2179.53,"initial_stop_loss_ratio":-0.1,"stop_loss_abs":2179.53,"stop_loss_ratio":-0.1,"min_rate":2415.47,"max_rate":2427.89,"is_open":false,"enter_tag":"","leverage":1.0,"is_short":false,"open_timestamp":1749173400000,"close_timestamp":1749174300000,"orders":[{"amount":0.141,"safe_price":2421.69,"ft_order_side":"buy","order_filled_timestamp":1749173400000,"ft_is_entry":true,"ft_order_tag":"","cost":341.629019145},{"amount":0.141,"safe_price":2418.63,"ft_order_side":"sell","order_filled_timestamp":1749174300000,"ft_is_entry":false,"ft_order_tag":"exit_signal","cost":341.1973434149999}],"funding_fees":0.0},{"pair":"ETH/USDT:USDT","stake_amount":341.29191,"max_stake_amount":341.29191,"amount":0.141,"open_date":"2025-06-06 02:00:00+00:00","close_date":"2025-06-06 02:15:00+00:00","open_rate":2420.51,"close_rate":2419.22,"fee_open":0.0005,"fee_close":0.0005,"trade_duration":15,"profit_ratio":-0.0015319131215925652,"profit_abs":-0.52309097,"exit_reason":"exit_signal","initial_stop_loss_abs":2178.46,"initial_stop_loss_ratio":-0.1,"stop_loss_abs":2178.46,"stop_loss_ratio":-0.1,"min_rate":2402.85,"max_rate":2423.51,"is_open":false,"enter_tag":"","leverage":1.0,"is_short":false,"open_timestamp":1749175200000,"close_timestamp":1749176100000,"orders":[{"amount":0.141,"safe_price":2420.51,"ft_order_side":"buy","order_filled_timestamp":1749175200000,"ft_is_entry":true,"ft_order_tag":"","cost":341.46255595499997},{"amount":0.141,"safe_price":2419.22,"ft_order_side":"sell","order_filled_timestamp":1749176100000,"ft_is_entry":false,"ft_order_tag":"exit_signal","cost":341.28057500999995}],"funding_fees":0.0},{"pair":"SOL/USDT:USDT","stake_amount":345.6657,"max_stake_amount":345.6657,"amount":2.39,"open_date":"2025-06-05 20:30:00+00:00","close_date":"2025-06-06 13:15:00+00:00","open_rate":144.63,"close_rate":151.66,"fee_open":0.0005,"fee_close":0.0005,"trade_duration":1005,"profit_ratio":0.04773915839841038,"profit_abs":16.5100405,"exit_reason":"exit_signal","initial_stop_loss_abs":130.17,"initial_stop_loss_ratio":-0.1,"stop_loss_abs":130.17,"stop_loss_ratio":-0.1,"min_rate":141.43,"max_rate":152.56,"is_open":false,"enter_tag":"","leverage":1.0,"is_short":false,"open_timestamp":1749155400000,"close_timestamp":1749215700000,"orders":[{"amount":2.39,"safe_price":144.63,"ft_order_side":"buy","order_filled_timestamp":1749155400000,"ft_is_entry":true,"ft_order_tag":"","cost":345.83853285},{"amount":2.39,"safe_price":151.66,"ft_order_side":"sell","order_filled_timestamp":1749215700000,"ft_is_entry":false,"ft_order_tag":"exit_signal","cost":362.6486337}],"funding_fees":0.06240704960848039},{"pair":"ETH/USDT:USDT","stake_amount":340.83,"max_stake_amount":340.83,"amount":0.14,"open_date":"2025-06-06 03:00:00+00:00","close_date":"2025-06-07 08:45:00+00:00","open_rate":2434.5,"close_rate":2485.35,"fee_open":0.0005,"fee_close":0.0005,"trade_duration":1785,"profit_ratio":0.019668409025250015,"profit_abs":6.70693564,"exit_reason":"exit_signal","initial_stop_loss_abs":2191.05,"initial_stop_loss_ratio":-0.1,"stop_loss_abs":2191.05,"stop_loss_ratio":-0.1,"min_rate":2427.12,"max_rate":2529.67,"is_open":false,"enter_tag":"","leverage":1.0,"is_short":false,"open_timestamp":1749178800000,"close_timestamp":1749285900000,"orders":[{"amount":0.14,"safe_price":2434.5,"ft_order_side":"buy","order_filled_timestamp":1749178800000,"ft_is_entry":true,"ft_order_tag":"","cost":341.00041500000003},{"amount":0.14,"safe_price":2485.35,"ft_order_side":"sell","order_filled_timestamp":1749285900000,"ft_is_entry":false,"ft_order_tag":"exit_signal","cost":348.1229745}],"funding_fees":-0.0676748583296006},{"pair":"ETH/USDT:USDT","stake_amount":347.5682,"max_stake_amount":347.5682,"amount":0.14,"open_date":"2025-06-07 09:00:00+00:00","close_date":"2025-06-07 10:00:00+00:00","open_rate":2482.63,"close_rate":2485.01,"fee_open":0.0005,"fee_close":0.0005,"trade_duration":60,"profit_ratio":-4.1797656494132825e-05,"profit_abs":-0.0145348,"exit_reason":"exit_signal","initial_stop_loss_abs":2234.37,"initial_stop_loss_ratio":-0.1,"stop_loss_abs":2234.37,"stop_loss_ratio":-0.1,"min_rate":2481.91,"max_rate":2489.36,"is_open":false,"enter_tag":"","leverage":1.0,"is_short":false,"open_timestamp":1749286800000,"close_timestamp":1749290400000,"orders":[{"amount":0.14,"safe_price":2482.63,"ft_order_side":"buy","order_filled_timestamp":1749286800000,"ft_is_entry":true,"ft_order_tag":"","cost":347.7419841},{"amount":0.14,"safe_price":2485.01,"ft_order_side":"sell","order_filled_timestamp":1749290400000,"ft_is_entry":false,"ft_order_tag":"exit_signal","cost":348.07535070000006}],"funding_fees":0.0},{"pair":"ETH/USDT:USDT","stake_amount":348.3984,"max_stake_amount":348.3984,"amount":0.14,"open_date":"2025-06-07 10:15:00+00:00","close_date":"2025-06-07 20:00:00+00:00","open_rate":2488.56,"close_rate":2515.78,"fee_open":0.0005,"fee_close":0.0005,"trade_duration":585,"profit_ratio":0.009859303909393461,"profit_abs":3.43668319,"exit_reason":"exit_signal","initial_stop_loss_abs":2239.71,"initial_stop_loss_ratio":-0.1,"stop_loss_abs":2239.71,"stop_loss_ratio":-0.1,"min_rate":2487.11,"max_rate":2524.9,"is_open":false,"enter_tag":"","leverage":1.0,"is_short":false,"open_timestamp":1749291300000,"close_timestamp":1749326400000,"orders":[{"amount":0.14,"safe_price":2488.56,"ft_order_side":"buy","order_filled_timestamp":1749291300000,"ft_is_entry":true,"ft_order_tag":"","cost":348.5725992},{"amount":0.14,"safe_price":2515.78,"ft_order_side":"sell","order_filled_timestamp":1749326400000,"ft_is_entry":false,"ft_order_tag":"exit_signal","cost":352.38530460000004}],"funding_fees":-0.023813012132470054},{"pair":"ETH/USDT:USDT","stake_amount":348.2775,"max_stake_amount":348.2775,"amount":0.138,"open_date":"2025-06-07 20:15:00+00:00","close_date":"2025-06-07 21:00:00+00:00","open_rate":2523.75,"close_rate":2520.75,"fee_open":0.0005,"fee_close":0.0005,"trade_duration":45,"profit_ratio":-0.0021870194174829377,"profit_abs":-0.7620705,"exit_reason":"exit_signal","initial_stop_loss_abs":2271.38,"initial_stop_loss_ratio":-0.1,"stop_loss_abs":2271.38,"stop_loss_ratio":-0.1,"min_rate":2517.28,"max_rate":2524.12,"is_open":false,"enter_tag":"","leverage":1.0,"is_short":false,"open_timestamp":1749327300000,"close_timestamp":1749330000000,"orders":[{"amount":0.138,"safe_price":2523.75,"ft_order_side":"buy","order_filled_timestamp":1749327300000,"ft_is_entry":true,"ft_order_tag":"","cost":348.45163875000003},{"amount":0.138,"safe_price":2520.75,"ft_order_side":"sell","order_filled_timestamp":1749330000000,"ft_is_entry":false,"ft_order_tag":"exit_signal","cost":348.03743175000005}],"funding_fees":0.0},{"pair":"ETH/USDT:USDT","stake_amount":350.11181,"max_stake_amount":350.11181,"amount":0.139,"open_date":"2025-06-07 21:15:00+00:00","close_date":"2025-06-07 21:30:00+00:00","open_rate":2518.79,"close_rate":2519.35,"fee_open":0.0005,"fee_close":0.0005,"trade_duration":15,"profit_ratio":-0.0007773934923208122,"profit_abs":-0.27231073,"exit_reason":"exit_signal","initial_stop_loss_abs":2266.92,"initial_stop_loss_ratio":-0.1,"stop_loss_abs":2266.92,"stop_loss_ratio":-0.1,"min_rate":2517.22,"max_rate":2522.38,"is_open":false,"enter_tag":"","leverage":1.0,"is_short":false,"open_timestamp":1749330900000,"close_timestamp":1749331800000,"orders":[{"amount":0.139,"safe_price":2518.79,"ft_order_side":"buy","order_filled_timestamp":1749330900000,"ft_is_entry":true,"ft_order_tag":"","cost":350.286865905},{"amount":0.139,"safe_price":2519.35,"ft_order_side":"sell","order_filled_timestamp":1749331800000,"ft_is_entry":false,"ft_order_tag":"exit_signal","cost":350.364744825}],"funding_fees":0.0},{"pair":"ETH/USDT:USDT","stake_amount":350.18548,"max_stake_amount":350.18548,"amount":0.139,"open_date":"2025-06-07 22:15:00+00:00","close_date":"2025-06-07 22:30:00+00:00","open_rate":2519.32,"close_rate":2522.73,"fee_open":0.0005,"fee_close":0.0005,"trade_duration":15,"profit_ratio":0.00035268671652645845,"profit_abs":0.12356752,"exit_reason":"exit_signal","initial_stop_loss_abs":2267.39,"initial_stop_loss_ratio":-0.1,"stop_loss_abs":2267.39,"stop_loss_ratio":-0.1,"min_rate":2518.68,"max_rate":2545.0,"is_open":false,"enter_tag":"","leverage":1.0,"is_short":false,"open_timestamp":1749334500000,"close_timestamp":1749335400000,"orders":[{"amount":0.139,"safe_price":2519.32,"ft_order_side":"buy","order_filled_timestamp":1749334500000,"ft_is_entry":true,"ft_order_tag":"","cost":350.36057274},{"amount":0.139,"safe_price":2522.73,"ft_order_side":"sell","order_filled_timestamp":1749335400000,"ft_is_entry":false,"ft_order_tag":"exit_signal","cost":350.83479973500005}],"funding_fees":0.0},{"pair":"ETH/USDT:USDT","stake_amount":348.20436,"max_stake_amount":348.20436,"amount":0.138,"open_date":"2025-06-07 23:45:00+00:00","close_date":"2025-06-08 02:30:00+00:00","open_rate":2523.22,"close_rate":2512.84,"fee_open":0.0005,"fee_close":0.0005,"trade_duration":165,"profit_ratio":-0.005209148173638683,"profit_abs":-1.81475503,"exit_reason":"exit_signal","initial_stop_loss_abs":2270.9,"initial_stop_loss_ratio":-0.1,"stop_loss_abs":2270.9,"stop_loss_ratio":-0.1,"min_rate":2510.02,"max_rate":2525.39,"is_open":false,"enter_tag":"","leverage":1.0,"is_short":false,"open_timestamp":1749339900000,"close_timestamp":1749349800000,"orders":[{"amount":0.138,"safe_price":2523.22,"ft_order_side":"buy","order_filled_timestamp":1749339900000,"ft_is_entry":true,"ft_order_tag":"","cost":348.37846218},{"amount":0.138,"safe_price":2512.84,"ft_order_side":"sell","order_filled_timestamp":1749349800000,"ft_is_entry":false,"ft_order_tag":"exit_signal","cost":346.94530596}],"funding_fees":-0.03482689124421601},{"pair":"ETH/USDT:USDT","stake_amount":349.40569,"max_stake_amount":349.40569,"amount":0.139,"open_date":"2025-06-08 02:45:00+00:00","close_date":"2025-06-08 03:30:00+00:00","open_rate":2513.71,"close_rate":2509.63,"fee_open":0.0005,"fee_close":0.0005,"trade_duration":45,"profit_ratio":-0.002620976887586059,"profit_abs":-0.91624213,"exit_reason":"exit_signal","initial_stop_loss_abs":2262.34,"initial_stop_loss_ratio":-0.1,"stop_loss_abs":2262.34,"stop_loss_ratio":-0.1,"min_rate":2507.25,"max_rate":2515.0,"is_open":false,"enter_tag":"","leverage":1.0,"is_short":false,"open_timestamp":1749350700000,"close_timestamp":1749353400000,"orders":[{"amount":0.139,"safe_price":2513.71,"ft_order_side":"buy","order_filled_timestamp":1749350700000,"ft_is_entry":true,"ft_order_tag":"","cost":349.580392845},{"amount":0.139,"safe_price":2509.63,"ft_order_side":"sell","order_filled_timestamp":1749353400000,"ft_is_entry":false,"ft_order_tag":"exit_signal","cost":349.01298928500006}],"funding_fees":0.0},{"pair":"ETH/USDT:USDT","stake_amount":348.65787,"max_stake_amount":348.65787,"amount":0.139,"open_date":"2025-06-08 04:15:00+00:00","close_date":"2025-06-08 04:30:00+00:00","open_rate":2508.33,"close_rate":2510.66,"fee_open":0.0005,"fee_close":0.0005,"trade_duration":15,"profit_ratio":-7.152381596702616e-05,"profit_abs":-0.02494981,"exit_reason":"exit_signal","initial_stop_loss_abs":2257.5,"initial_stop_loss_ratio":-0.1,"stop_loss_abs":2257.5,"stop_loss_ratio":-0.1,"min_rate":2507.96,"max_rate":2517.55,"is_open":false,"enter_tag":"","leverage":1.0,"is_short":false,"open_timestamp":1749356100000,"close_timestamp":1749357000000,"orders":[{"amount":0.139,"safe_price":2508.33,"ft_order_side":"buy","order_filled_timestamp":1749356100000,"ft_is_entry":true,"ft_order_tag":"","cost":348.832198935},{"amount":0.139,"safe_price":2510.66,"ft_order_side":"sell","order_filled_timestamp":1749357000000,"ft_is_entry":false,"ft_order_tag":"exit_signal","cost":349.15623087}],"funding_fees":0.0},{"pair":"ETH/USDT:USDT","stake_amount":347.37084,"max_stake_amount":347.37084,"amount":0.138,"open_date":"2025-06-08 04:45:00+00:00","close_date":"2025-06-08 06:15:00+00:00","open_rate":2517.18,"close_rate":2511.88,"fee_open":0.0005,"fee_close":0.0005,"trade_duration":90,"profit_ratio":-0.0031029265637166083,"profit_abs":-1.07840514,"exit_reason":"exit_signal","initial_stop_loss_abs":2265.47,"initial_stop_loss_ratio":-0.1,"stop_loss_abs":2265.47,"stop_loss_ratio":-0.1,"min_rate":2507.69,"max_rate":2519.03,"is_open":false,"enter_tag":"","leverage":1.0,"is_short":false,"open_timestamp":1749357900000,"close_timestamp":1749363300000,"orders":[{"amount":0.138,"safe_price":2517.18,"ft_order_side":"buy","order_filled_timestamp":1749357900000,"ft_is_entry":true,"ft_order_tag":"","cost":347.54452541999996},{"amount":0.138,"safe_price":2511.88,"ft_order_side":"sell","order_filled_timestamp":1749363300000,"ft_is_entry":false,"ft_order_tag":"exit_signal","cost":346.81275972000003}],"funding_fees":0.0},{"pair":"ETH/USDT:USDT","stake_amount":346.81056,"max_stake_amount":346.81056,"amount":0.138,"open_date":"2025-06-08 06:30:00+00:00","close_date":"2025-06-08 06:45:00+00:00","open_rate":2513.12,"close_rate":2515.23,"fee_open":0.0005,"fee_close":0.0005,"trade_duration":15,"profit_ratio":-0.00016074561242330384,"profit_abs":-0.05577615,"exit_reason":"exit_signal","initial_stop_loss_abs":2261.81,"initial_stop_loss_ratio":-0.1,"stop_loss_abs":2261.81,"stop_loss_ratio":-0.1,"min_rate":2511.5,"max_rate":2516.4,"is_open":false,"enter_tag":"","leverage":1.0,"is_short":false,"open_timestamp":1749364200000,"close_timestamp":1749365100000,"orders":[{"amount":0.138,"safe_price":2513.12,"ft_order_side":"buy","order_filled_timestamp":1749364200000,"ft_is_entry":true,"ft_order_tag":"","cost":346.98396528},{"amount":0.138,"safe_price":2515.23,"ft_order_side":"sell","order_filled_timestamp":1749365100000,"ft_is_entry":false,"ft_order_tag":"exit_signal","cost":347.27529087}],"funding_fees":0.0},{"pair":"ETH/USDT:USDT","stake_amount":346.85748,"max_stake_amount":346.85748,"amount":0.138,"open_date":"2025-06-08 08:00:00+00:00","close_date":"2025-06-08 08:30:00+00:00","open_rate":2513.46,"close_rate":2514.25,"fee_open":0.0005,"fee_close":0.0005,"trade_duration":30,"profit_ratio":-0.0007806826515357383,"profit_abs":-0.27092101,"exit_reason":"exit_signal","initial_stop_loss_abs":2262.12,"initial_stop_loss_ratio":-0.1,"stop_loss_abs":2262.12,"stop_loss_ratio":-0.1,"min_rate":2513.39,"max_rate":2520.19,"is_open":false,"enter_tag":"","leverage":1.0,"is_short":false,"open_timestamp":1749369600000,"close_timestamp":1749371400000,"orders":[{"amount":0.138,"safe_price":2513.46,"ft_order_side":"buy","order_filled_timestamp":1749369600000,"ft_is_entry":true,"ft_order_tag":"","cost":347.03090874},{"amount":0.138,"safe_price":2514.25,"ft_order_side":"sell","order_filled_timestamp":1749371400000,"ft_is_entry":false,"ft_order_tag":"exit_signal","cost":347.13998325000006}],"funding_fees":-0.03302902155252504},{"pair":"ETH/USDT:USDT","stake_amount":347.07,"max_stake_amount":347.07,"amount":0.138,"open_date":"2025-06-08 08:45:00+00:00","close_date":"2025-06-08 20:30:00+00:00","open_rate":2515.0,"close_rate":2533.99,"fee_open":0.0005,"fee_close":0.0005,"trade_duration":705,"profit_ratio":0.006496751969766693,"profit_abs":2.25595512,"exit_reason":"exit_signal","initial_stop_loss_abs":2263.5,"initial_stop_loss_ratio":-0.1,"stop_loss_abs":2263.5,"stop_loss_ratio":-0.1,"min_rate":2483.28,"max_rate":2539.68,"is_open":false,"enter_tag":"","leverage":1.0,"is_short":false,"open_timestamp":1749372300000,"close_timestamp":1749414600000,"orders":[{"amount":0.138,"safe_price":2515.0,"ft_order_side":"buy","order_filled_timestamp":1749372300000,"ft_is_entry":true,"ft_order_tag":"","cost":347.243535},{"amount":0.138,"safe_price":2533.99,"ft_order_side":"sell","order_filled_timestamp":1749414600000,"ft_is_entry":false,"ft_order_tag":"exit_signal","cost":349.86546531}],"funding_fees":-0.016284569061045296},{"pair":"ETH/USDT:USDT","stake_amount":347.63994,"max_stake_amount":347.63994,"amount":0.138,"open_date":"2025-06-08 22:15:00+00:00","close_date":"2025-06-09 21:30:00+00:00","open_rate":2519.13,"close_rate":2638.76,"fee_open":0.0005,"fee_close":0.0005,"trade_duration":1395,"profit_ratio":0.04631356520049525,"profit_abs":16.10849525,"exit_reason":"exit_signal","initial_stop_loss_abs":2267.22,"initial_stop_loss_ratio":-0.1,"stop_loss_abs":2267.22,"stop_loss_ratio":-0.1,"min_rate":2475.83,"max_rate":2639.88,"is_open":false,"enter_tag":"","leverage":1.0,"is_short":false,"open_timestamp":1749420900000,"close_timestamp":1749504600000,"orders":[{"amount":0.138,"safe_price":2519.13,"ft_order_side":"buy","order_filled_timestamp":1749420900000,"ft_is_entry":true,"ft_order_tag":"","cost":347.81375997},{"amount":0.138,"safe_price":2638.76,"ft_order_side":"sell","order_filled_timestamp":1749504600000,"ft_is_entry":false,"ft_order_tag":"exit_signal","cost":364.3309544400001}],"funding_fees":-0.04455034462516673},{"pair":"ETH/USDT:USDT","stake_amount":354.62769,"max_stake_amount":354.62769,"amount":0.141,"open_date":"2025-06-13 05:45:00+00:00","close_date":"2025-06-15 03:45:00+00:00","open_rate":2515.09,"close_rate":2531.61,"fee_open":0.0005,"fee_close":0.0005,"trade_duration":2760,"profit_ratio":0.005463121401880746,"profit_abs":1.93834281,"exit_reason":"exit_signal","initial_stop_loss_abs":2263.59,"initial_stop_loss_ratio":-0.1,"stop_loss_abs":2263.59,"stop_loss_ratio":-0.1,"min_rate":2486.68,"max_rate":2585.0,"is_open":false,"enter_tag":"","leverage":1.0,"is_short":false,"open_timestamp":1749793500000,"close_timestamp":1749959100000,"orders":[{"amount":0.141,"safe_price":2515.09,"ft_order_side":"buy","order_filled_timestamp":1749793500000,"ft_is_entry":true,"ft_order_tag":"","cost":354.80500384499993},{"amount":0.141,"safe_price":2531.61,"ft_order_side":"sell","order_filled_timestamp":1749959100000,"ft_is_entry":false,"ft_order_tag":"exit_signal","cost":357.13548850499996}],"funding_fees":-0.03518483902517172},{"pair":"SOL/USDT:USDT","stake_amount":354.8649,"max_stake_amount":354.8649,"amount":2.47,"open_date":"2025-06-13 05:45:00+00:00","close_date":"2025-06-15 15:00:00+00:00","open_rate":143.67,"close_rate":151.84,"fee_open":0.0005,"fee_close":0.0005,"trade_duration":3435,"profit_ratio":0.0557467020155613,"profit_abs":19.79243911,"exit_reason":"exit_signal","initial_stop_loss_abs":129.31,"initial_stop_loss_ratio":-0.1,"stop_loss_abs":129.31,"stop_loss_ratio":-0.1,"min_rate":141.87,"max_rate":152.63,"is_open":false,"enter_tag":"","leverage":1.0,"is_short":false,"open_timestamp":1749793500000,"close_timestamp":1749999600000,"orders":[{"amount":2.47,"safe_price":143.67,"ft_order_side":"buy","order_filled_timestamp":1749793500000,"ft_is_entry":true,"ft_order_tag":"","cost":355.04233244999995},{"amount":2.47,"safe_price":151.84,"ft_order_side":"sell","order_filled_timestamp":1749999600000,"ft_is_entry":false,"ft_order_tag":"exit_signal","cost":375.23232240000004}],"funding_fees":-0.02250603641525629},{"pair":"ETH/USDT:USDT","stake_amount":355.49907,"max_stake_amount":355.49907,"amount":0.141,"open_date":"2025-06-15 08:15:00+00:00","close_date":"2025-06-16 09:00:00+00:00","open_rate":2521.27,"close_rate":2629.54,"fee_open":0.0005,"fee_close":0.0005,"trade_duration":1485,"profit_ratio":0.04168785654737032,"profit_abs":14.82740423,"exit_reason":"exit_signal","initial_stop_loss_abs":2269.15,"initial_stop_loss_ratio":-0.1,"stop_loss_abs":2269.15,"stop_loss_ratio":-0.1,"min_rate":2490.38,"max_rate":2637.7,"is_open":false,"enter_tag":"","leverage":1.0,"is_short":false,"open_timestamp":1749975300000,"close_timestamp":1750064400000,"orders":[{"amount":0.141,"safe_price":2521.27,"ft_order_side":"buy","order_filled_timestamp":1749975300000,"ft_is_entry":true,"ft_order_tag":"","cost":355.67681953499994},{"amount":0.141,"safe_price":2629.54,"ft_order_side":"sell","order_filled_timestamp":1750064400000,"ft_is_entry":false,"ft_order_tag":"exit_signal","cost":370.95052257}],"funding_fees":-0.07553366585142585},{"pair":"ETH/USDT:USDT","stake_amount":365.42755,"max_stake_amount":365.42755,"amount":0.145,"open_date":"2025-06-17 15:15:00+00:00","close_date":"2025-06-19 07:45:00+00:00","open_rate":2520.19,"close_rate":2521.47,"fee_open":0.0005,"fee_close":0.0005,"trade_duration":2430,"profit_ratio":-0.0007506289817095823,"profit_abs":-0.27443766,"exit_reason":"exit_signal","initial_stop_loss_abs":2268.18,"initial_stop_loss_ratio":-0.1,"stop_loss_abs":2268.18,"stop_loss_ratio":-0.1,"min_rate":2451.97,"max_rate":2547.35,"is_open":false,"enter_tag":"","leverage":1.0,"is_short":false,"open_timestamp":1750173300000,"close_timestamp":1750319100000,"orders":[{"amount":0.145,"safe_price":2520.19,"ft_order_side":"buy","order_filled_timestamp":1750173300000,"ft_is_entry":true,"ft_order_tag":"","cost":365.61026377499996},{"amount":0.145,"safe_price":2521.47,"ft_order_side":"sell","order_filled_timestamp":1750319100000,"ft_is_entry":false,"ft_order_tag":"exit_signal","cost":365.79595657499993}],"funding_fees":-0.09451731051345116},{"pair":"SOL/USDT:USDT","stake_amount":367.1283,"max_stake_amount":367.1283,"amount":2.53,"open_date":"2025-06-18 13:00:00+00:00","close_date":"2025-06-19 12:45:00+00:00","open_rate":145.11,"close_rate":144.8,"fee_open":0.0005,"fee_close":0.0005,"trade_duration":1425,"profit_ratio":-0.0031416098488143535,"profit_abs":-1.15395057,"exit_reason":"force_exit","initial_stop_loss_abs":130.6,"initial_stop_loss_ratio":-0.1,"stop_loss_abs":130.6,"stop_loss_ratio":-0.1,"min_rate":143.58,"max_rate":147.84,"is_open":false,"enter_tag":"","leverage":1.0,"is_short":false,"open_timestamp":1750251600000,"close_timestamp":1750337100000,"orders":[{"amount":2.53,"safe_price":145.11,"ft_order_side":"buy","order_filled_timestamp":1750251600000,"ft_is_entry":true,"ft_order_tag":"","cost":367.31186415},{"amount":2.53,"safe_price":144.8,"ft_order_side":"sell","order_filled_timestamp":1750337100000,"ft_is_entry":false,"ft_order_tag":"force_exit","cost":366.52717199999995}],"funding_fees":-0.0029144239943103114},{"pair":"ETH/USDT:USDT","stake_amount":365.0462,"max_stake_amount":365.0462,"amount":0.145,"open_date":"2025-06-19 08:00:00+00:00","close_date":"2025-06-19 12:45:00+00:00","open_rate":2517.56,"close_rate":2522.82,"fee_open":0.0005,"fee_close":0.0005,"trade_duration":285,"profit_ratio":0.0010877360538021714,"profit_abs":0.39727245,"exit_reason":"force_exit","initial_stop_loss_abs":2265.81,"initial_stop_loss_ratio":-0.1,"stop_loss_abs":2265.81,"stop_loss_ratio":-0.1,"min_rate":2517.55,"max_rate":2544.0,"is_open":false,"enter_tag":"","leverage":1.0,"is_short":false,"open_timestamp":1750320000000,"close_timestamp":1750337100000,"orders":[{"amount":0.145,"safe_price":2517.56,"ft_order_side":"buy","order_filled_timestamp":1750320000000,"ft_is_entry":true,"ft_order_tag":"","cost":365.2287230999999},{"amount":0.145,"safe_price":2522.82,"ft_order_side":"sell","order_filled_timestamp":1750337100000,"ft_is_entry":false,"ft_order_tag":"force_exit","cost":365.99180444999996}],"funding_fees":0.0},{"pair":"SUI/USDT:USDT","stake_amount":366.95984,"max_stake_amount":366.95984,"amount":132.4,"open_date":"2025-06-18 08:45:00+00:00","close_date":"2025-06-19 12:45:00+00:00","open_rate":2.7716,"close_rate":2.7963,"fee_open":0.0005,"fee_close":0.0005,"trade_duration":1680,"profit_ratio":0.007775111693771274,"profit_abs":2.85458032,"exit_reason":"force_exit","initial_stop_loss_abs":2.4945,"initial_stop_loss_ratio":-0.1,"stop_loss_abs":2.4945,"stop_loss_ratio":-0.1,"min_rate":2.705,"max_rate":2.8661,"is_open":false,"enter_tag":"","leverage":1.0,"is_short":false,"open_timestamp":1750236300000,"close_timestamp":1750337100000,"orders":[{"amount":132.4,"safe_price":2.7716,"ft_order_side":"buy","order_filled_timestamp":1750236300000,"ft_is_entry":true,"ft_order_tag":"","cost":367.14331991999995},{"amount":132.4,"safe_price":2.7963,"ft_order_side":"sell","order_filled_timestamp":1750337100000,"ft_is_entry":false,"ft_order_tag":"force_exit","cost":370.41523506}],"funding_fees":-0.0471046996348}],"locks":[],"best_pair":{"key":"ETH/USDT:USDT","trades":31,"profit_mean":0.007284540993639918,"profit_mean_pct":0.73,"profit_sum":0.22582077080283744,"profit_sum_pct":22.58,"profit_total_abs":76.43033509000001,"profit_total":0.07643033509000001,"profit_total_pct":7.64,"duration_avg":"14:13:00","wins":13,"draws":0,"losses":18,"winrate":0.41935483870967744,"cagr":1.2048464355449187,"expectancy":2.465494680322581,"expectancy_ratio":1.2735324869114892,"sortino":12.185692906524828,"sharpe":5.539531089236954,"calmar":327.64683623412895,"sqn":1.7418,"profit_factor":3.193305949680898,"max_drawdown_account":0.013107724359187965,"max_drawdown_abs":13.761559159999997},"worst_pair":{"key":"SUI/USDT:USDT","trades":1,"profit_mean":0.007775111693771274,"profit_mean_pct":0.78,"profit_sum":0.007775111693771274,"profit_sum_pct":0.78,"profit_total_abs":2.85458032,"profit_total":0.0028545803200000002,"profit_total_pct":0.29,"duration_avg":"1 day, 4:00:00","wins":1,"draws":0,"losses":0,"winrate":1.0,"cagr":0.03107412989381575,"expectancy":2.85458032,"expectancy_ratio":100.0,"sortino":-100,"sharpe":-100,"calmar":-100,"sqn":-100.0,"profit_factor":0.0,"max_drawdown_account":0.0,"max_drawdown_abs":0.0},"results_per_pair":[{"key":"ETH/USDT:USDT","trades":31,"profit_mean":0.007284540993639918,"profit_mean_pct":0.73,"profit_sum":0.22582077080283744,"profit_sum_pct":22.58,"profit_total_abs":76.43033509000001,"profit_total":0.07643033509000001,"profit_total_pct":7.64,"duration_avg":"14:13:00","wins":13,"draws":0,"losses":18,"winrate":0.41935483870967744,"cagr":1.2048464355449187,"expectancy":2.465494680322581,"expectancy_ratio":1.2735324869114892,"sortino":12.185692906524828,"sharpe":5.539531089236954,"calmar":327.64683623412895,"sqn":1.7418,"profit_factor":3.193305949680898,"max_drawdown_account":0.013107724359187965,"max_drawdown_abs":13.761559159999997},{"key":"SOL/USDT:USDT","trades":3,"profit_mean":0.03344808352171911,"profit_mean_pct":3.34,"profit_sum":0.10034425056515732,"profit_sum_pct":10.03,"profit_total_abs":35.14852904,"profit_total":0.03514852904,"profit_total_pct":3.51,"duration_avg":"1 day, 8:35:00","wins":2,"draws":0,"losses":1,"winrate":0.6666666666666666,"cagr":0.44896557586111885,"expectancy":11.716176346666666,"expectancy_ratio":10.153100705749177,"sortino":-100,"sharpe":2.1470838501087197,"calmar":1773.6748219128167,"sqn":1.8013,"profit_factor":31.459302117247535,"max_drawdown_account":0.0011135267865365734,"max_drawdown_abs":1.1539505699999992},{"key":"SUI/USDT:USDT","trades":1,"profit_mean":0.007775111693771274,"profit_mean_pct":0.78,"profit_sum":0.007775111693771274,"profit_sum_pct":0.78,"profit_total_abs":2.85458032,"profit_total":0.0028545803200000002,"profit_total_pct":0.29,"duration_avg":"1 day, 4:00:00","wins":1,"draws":0,"losses":0,"winrate":1.0,"cagr":0.03107412989381575,"expectancy":2.85458032,"expectancy_ratio":100.0,"sortino":-100,"sharpe":-100,"calmar":-100,"sqn":-100.0,"profit_factor":0.0,"max_drawdown_account":0.0,"max_drawdown_abs":0.0},{"key":"TOTAL","trades":35,"profit_mean":0.009541146658907602,"profit_mean_pct":0.95,"profit_sum":0.33394013306176606,"profit_sum_pct":33.39,"profit_total_abs":114.43344445,"profit_total":0.11443344444999999,"profit_total_pct":11.44,"duration_avg":"16:11:00","wins":16,"draws":0,"losses":19,"winrate":0.45714285714285713,"cagr":2.1999264715699534,"expectancy":3.2695269842857133,"expectancy_ratio":1.7255336950430733,"sortino":18.72043992610308,"sharpe":7.844977110510587,"calmar":490.56118868595735,"sqn":2.3259,"profit_factor":4.178614701395135,"max_drawdown_account":0.013107724359187965,"max_drawdown_abs":13.761559159999997}],"results_per_enter_tag":[{"key":"","trades":35,"profit_mean":0.009541146658907602,"profit_mean_pct":0.95,"profit_sum":0.33394013306176606,"profit_sum_pct":33.39,"profit_total_abs":114.43344445,"profit_total":0.11443344444999999,"profit_total_pct":11.44,"duration_avg":"16:11:00","wins":16,"draws":0,"losses":19,"winrate":0.45714285714285713,"cagr":2.1999264715699534,"expectancy":3.2695269842857133,"expectancy_ratio":1.7255336950430733,"sortino":18.72043992610308,"sharpe":7.844977110510587,"calmar":490.56118868595735,"sqn":2.3259,"profit_factor":4.178614701395135,"max_drawdown_account":0.013107724359187965,"max_drawdown_abs":13.761559159999997},{"key":"TOTAL","trades":35,"profit_mean":0.009541146658907602,"profit_mean_pct":0.95,"profit_sum":0.33394013306176606,"profit_sum_pct":33.39,"profit_total_abs":114.43344445,"profit_total":0.11443344444999999,"profit_total_pct":11.44,"duration_avg":"16:11:00","wins":16,"draws":0,"losses":19,"winrate":0.45714285714285713,"cagr":2.1999264715699534,"expectancy":3.2695269842857133,"expectancy_ratio":1.7255336950430733,"sortino":18.72043992610308,"sharpe":7.844977110510587,"calmar":490.56118868595735,"sqn":2.3259,"profit_factor":4.178614701395135,"max_drawdown_account":0.013107724359187965,"max_drawdown_abs":13.761559159999997}],"exit_reason_summary":[{"key":"exit_signal","trades":32,"profit_mean":0.010256840473843967,"profit_mean_pct":1.03,"profit_sum":0.32821889516300695,"profit_sum_pct":32.82,"profit_total_abs":112.33554225,"profit_total":0.11233554225,"profit_total_pct":11.23,"duration_avg":"15:56:00","wins":14,"draws":0,"losses":18,"winrate":0.4375,"cagr":2.1358484517029788,"expectancy":3.5104856953125,"expectancy_ratio":1.8133146315422572,"sortino":17.910250147857166,"sharpe":7.410898020297545,"calmar":481.56775672272965,"sqn":2.2947,"profit_factor":4.223670456075125,"max_drawdown_account":0.013107724359187965,"max_drawdown_abs":13.761559159999997},{"key":"force_exit","trades":3,"profit_mean":0.001907079299586364,"profit_mean_pct":0.19,"profit_sum":0.005721237898759092,"profit_sum_pct":0.57,"profit_total_abs":2.0979022,"profit_total":0.0020979022,"profit_total_pct":0.21,"duration_avg":"18:50:00","wins":2,"draws":0,"losses":1,"winrate":0.6666666666666666,"cagr":0.022752994876494848,"expectancy":0.6993007333333334,"expectancy_ratio":0.6060057956670826,"sortino":-100,"sharpe":0.7142923511735518,"calmar":102.15639238091481,"sqn":0.5992,"profit_factor":2.8180173870012477,"max_drawdown_account":0.0011539505700000063,"max_drawdown_abs":1.15395057},{"key":"TOTAL","trades":35,"profit_mean":0.009541146658907602,"profit_mean_pct":0.95,"profit_sum":0.33394013306176606,"profit_sum_pct":33.39,"profit_total_abs":114.43344445,"profit_total":0.11443344444999999,"profit_total_pct":11.44,"duration_avg":"16:11:00","wins":16,"draws":0,"losses":19,"winrate":0.45714285714285713,"cagr":2.1999264715699534,"expectancy":3.2695269842857133,"expectancy_ratio":1.7255336950430733,"sortino":18.72043992610308,"sharpe":7.844977110510587,"calmar":490.56118868595735,"sqn":2.3259,"profit_factor":4.178614701395135,"max_drawdown_account":0.013107724359187965,"max_drawdown_abs":13.761559159999997}],"mix_tag_stats":[{"key":["","exit_signal"],"trades":32,"profit_mean":0.010256840473843967,"profit_mean_pct":1.03,"profit_sum":0.32821889516300695,"profit_sum_pct":32.82,"profit_total_abs":112.33554225,"profit_total":0.11233554225,"profit_total_pct":11.23,"duration_avg":"15:56:00","wins":14,"draws":0,"losses":18,"winrate":0.4375,"cagr":2.1358484517029788,"expectancy":3.5104856953125,"expectancy_ratio":1.8133146315422572,"sortino":17.910250147857166,"sharpe":7.410898020297545,"calmar":481.56775672272965,"sqn":2.2947,"profit_factor":4.223670456075125,"max_drawdown_account":0.013107724359187965,"max_drawdown_abs":13.761559159999997},{"key":["","force_exit"],"trades":3,"profit_mean":0.001907079299586364,"profit_mean_pct":0.19,"profit_sum":0.005721237898759092,"profit_sum_pct":0.57,"profit_total_abs":2.0979022,"profit_total":0.0020979022,"profit_total_pct":0.21,"duration_avg":"18:50:00","wins":2,"draws":0,"losses":1,"winrate":0.6666666666666666,"cagr":0.022752994876494848,"expectancy":0.6993007333333334,"expectancy_ratio":0.6060057956670826,"sortino":-100,"sharpe":0.7142923511735518,"calmar":102.15639238091481,"sqn":0.5992,"profit_factor":2.8180173870012477,"max_drawdown_account":0.0011539505700000063,"max_drawdown_abs":1.15395057},{"key":"TOTAL","trades":35,"profit_mean":0.009541146658907602,"profit_mean_pct":0.95,"profit_sum":0.33394013306176606,"profit_sum_pct":33.39,"profit_total_abs":114.43344445,"profit_total":0.11443344444999999,"profit_total_pct":11.44,"duration_avg":"16:11:00","wins":16,"draws":0,"losses":19,"winrate":0.45714285714285713,"cagr":2.1999264715699534,"expectancy":3.2695269842857133,"expectancy_ratio":1.7255336950430733,"sortino":18.72043992610308,"sharpe":7.844977110510587,"calmar":490.56118868595735,"sqn":2.3259,"profit_factor":4.178614701395135,"max_drawdown_account":0.013107724359187965,"max_drawdown_abs":13.761559159999997}],"left_open_trades":[{"key":"SUI/USDT:USDT","trades":1,"profit_mean":0.007775111693771274,"profit_mean_pct":0.78,"profit_sum":0.007775111693771274,"profit_sum_pct":0.78,"profit_total_abs":2.85458032,"profit_total":0.0028545803200000002,"profit_total_pct":0.29,"duration_avg":"1 day, 4:00:00","wins":1,"draws":0,"losses":0,"winrate":1.0,"cagr":0.03107412989381575,"expectancy":2.85458032,"expectancy_ratio":100.0,"sortino":-100,"sharpe":-100,"calmar":-100,"sqn":-100.0,"profit_factor":0.0,"max_drawdown_account":0.0,"max_drawdown_abs":0.0},{"key":"ETH/USDT:USDT","trades":1,"profit_mean":0.0010877360538021714,"profit_mean_pct":0.11,"profit_sum":0.0010877360538021714,"profit_sum_pct":0.11,"profit_total_abs":0.39727245,"profit_total":0.00039727245,"profit_total_pct":0.04,"duration_avg":"4:45:00","wins":1,"draws":0,"losses":0,"winrate":1.0,"cagr":0.00427309340760984,"expectancy":0.39727245,"expectancy_ratio":100.0,"sortino":-100,"sharpe":-100,"calmar":-100,"sqn":-100.0,"profit_factor":0.0,"max_drawdown_account":0.0,"max_drawdown_abs":0.0},{"key":"SOL/USDT:USDT","trades":1,"profit_mean":-0.0031416098488143535,"profit_mean_pct":-0.31,"profit_sum":-0.0031416098488143535,"profit_sum_pct":-0.31,"profit_total_abs":-1.15395057,"profit_total":-0.0011539505699999998,"profit_total_pct":-0.12,"duration_avg":"23:45:00","wins":0,"draws":0,"losses":1,"winrate":0.0,"cagr":-0.012318648361103635,"expectancy":-1.15395057,"expectancy_ratio":-1.0,"sortino":-100,"sharpe":-100,"calmar":-56.19109757218439,"sqn":-100.0,"profit_factor":0.0,"max_drawdown_account":0.0011539505700000063,"max_drawdown_abs":1.15395057},{"key":"TOTAL","trades":3,"profit_mean":0.001907079299586364,"profit_mean_pct":0.19,"profit_sum":0.005721237898759092,"profit_sum_pct":0.57,"profit_total_abs":2.0979022,"profit_total":0.0020979022,"profit_total_pct":0.21,"duration_avg":"18:50:00","wins":2,"draws":0,"losses":1,"winrate":0.6666666666666666,"cagr":0.022752994876494848,"expectancy":0.6993007333333334,"expectancy_ratio":0.6060057956670826,"sortino":-100,"sharpe":0.7142923511735518,"calmar":102.15639238091481,"sqn":0.5992,"profit_factor":2.8180173870012477,"max_drawdown_account":0.0011539505700000063,"max_drawdown_abs":1.15395057}],"total_trades":35,"trade_count_long":35,"trade_count_short":0,"total_volume":24359.80063341,"avg_stake_amount":346.0013945714286,"profit_mean":0.009541146658907602,"profit_median":-6.403971763275208e-05,"profit_total":0.11443344444999999,"profit_total_long":0.11443344444999999,"profit_total_short":0.0,"profit_total_abs":114.43344445,"profit_total_long_abs":114.43344445,"profit_total_short_abs":0.0,"cagr":2.1999264715699534,"expectancy":3.2695269842857133,"expectancy_ratio":1.7255336950430733,"sortino":18.72043992610308,"sharpe":7.844977110510587,"calmar":490.56118868595735,"sqn":2.3259,"profit_factor":4.178614701395135,"backtest_start":"2025-05-16 00:00:00","backtest_start_ts":1747353600000,"backtest_end":"2025-06-19 12:45:00","backtest_end_ts":1750337100000,"backtest_days":34,"backtest_run_start_ts":1750339494,"backtest_run_end_ts":1750339495,"trades_per_day":1.03,"market_change":-0.14767569922319124,"pairlist":["SOL/USDT:USDT","ETH/USDT:USDT","SUI/USDT:USDT"],"stake_amount":"unlimited","stake_currency":"USDT","stake_currency_decimals":3,"starting_balance":1000,"dry_run_wallet":1000,"final_balance":1114.43344445,"rejected_signals":0,"timedout_entry_orders":0,"timedout_exit_orders":0,"canceled_trade_entries":0,"canceled_entry_orders":0,"replaced_entry_orders":0,"max_open_trades":3,"max_open_trades_setting":3,"timeframe":"15m","timeframe_detail":"","timerange":"","enable_protections":false,"strategy_name":"GridBotSample","stoploss":-0.1,"trailing_stop":false,"trailing_stop_positive":null,"trailing_stop_positive_offset":0.0,"trailing_only_offset_is_reached":false,"use_custom_stoploss":false,"minimal_roi":{},"use_exit_signal":true,"exit_profit_only":false,"exit_profit_offset":0.0,"ignore_roi_if_entry_signal":false,"trading_mode":"futures","margin_mode":"isolated","periodic_breakdown":{"day":[{"date":"18/05/2025","date_ts":1747526400000,"profit_abs":-13.66163428,"wins":0,"draws":0,"losses":2,"trades":2,"profit_factor":0.0},{"date":"19/05/2025","date_ts":1747612800000,"profit_abs":0.0,"wins":0,"draws":0,"losses":0,"trades":0,"profit_factor":0.0},{"date":"20/05/2025","date_ts":1747699200000,"profit_abs":0.0,"wins":0,"draws":0,"losses":0,"trades":0,"profit_factor":0.0},{"date":"21/05/2025","date_ts":1747785600000,"profit_abs":0.0,"wins":0,"draws":0,"losses":0,"trades":0,"profit_factor":0.0},{"date":"22/05/2025","date_ts":1747872000000,"profit_abs":26.4816191,"wins":1,"draws":0,"losses":0,"trades":1,"profit_factor":0.0},{"date":"23/05/2025","date_ts":1747958400000,"profit_abs":0.0,"wins":0,"draws":0,"losses":0,"trades":0,"profit_factor":0.0},{"date":"24/05/2025","date_ts":1748044800000,"profit_abs":5.89551638,"wins":1,"draws":0,"losses":0,"trades":1,"profit_factor":0.0},{"date":"25/05/2025","date_ts":1748131200000,"profit_abs":2.2951953,"wins":1,"draws":0,"losses":1,"trades":2,"profit_factor":107.86838939},{"date":"26/05/2025","date_ts":1748217600000,"profit_abs":0.0,"wins":0,"draws":0,"losses":0,"trades":0,"profit_factor":0.0},{"date":"27/05/2025","date_ts":1748304000000,"profit_abs":15.1100059,"wins":1,"draws":0,"losses":0,"trades":1,"profit_factor":0.0},{"date":"28/05/2025","date_ts":1748390400000,"profit_abs":0.0,"wins":0,"draws":0,"losses":0,"trades":0,"profit_factor":0.0},{"date":"29/05/2025","date_ts":1748476800000,"profit_abs":0.0,"wins":0,"draws":0,"losses":0,"trades":0,"profit_factor":0.0},{"date":"30/05/2025","date_ts":1748563200000,"profit_abs":0.0,"wins":0,"draws":0,"losses":0,"trades":0,"profit_factor":0.0},{"date":"31/05/2025","date_ts":1748649600000,"profit_abs":-1.05027089,"wins":0,"draws":0,"losses":1,"trades":1,"profit_factor":0.0},{"date":"01/06/2025","date_ts":1748736000000,"profit_abs":-0.86774827,"wins":0,"draws":0,"losses":1,"trades":1,"profit_factor":0.0},{"date":"02/06/2025","date_ts":1748822400000,"profit_abs":0.0,"wins":0,"draws":0,"losses":0,"trades":0,"profit_factor":0.0},{"date":"03/06/2025","date_ts":1748908800000,"profit_abs":15.67895776,"wins":1,"draws":0,"losses":0,"trades":1,"profit_factor":0.0},{"date":"04/06/2025","date_ts":1748995200000,"profit_abs":0.0,"wins":0,"draws":0,"losses":0,"trades":0,"profit_factor":0.0},{"date":"05/06/2025","date_ts":1749081600000,"profit_abs":-12.46576563,"wins":0,"draws":0,"losses":1,"trades":1,"profit_factor":0.0},{"date":"06/06/2025","date_ts":1749168000000,"profit_abs":15.21424697,"wins":1,"draws":0,"losses":2,"trades":3,"profit_factor":12.74125863},{"date":"07/06/2025","date_ts":1749254400000,"profit_abs":9.21827032,"wins":3,"draws":0,"losses":3,"trades":6,"profit_factor":9.78837777},{"date":"08/06/2025","date_ts":1749340800000,"profit_abs":-1.90509415,"wins":1,"draws":0,"losses":6,"trades":7,"profit_factor":0.54216016},{"date":"09/06/2025","date_ts":1749427200000,"profit_abs":16.10849525,"wins":1,"draws":0,"losses":0,"trades":1,"profit_factor":0.0},{"date":"10/06/2025","date_ts":1749513600000,"profit_abs":0.0,"wins":0,"draws":0,"losses":0,"trades":0,"profit_factor":0.0},{"date":"11/06/2025","date_ts":1749600000000,"profit_abs":0.0,"wins":0,"draws":0,"losses":0,"trades":0,"profit_factor":0.0},{"date":"12/06/2025","date_ts":1749686400000,"profit_abs":0.0,"wins":0,"draws":0,"losses":0,"trades":0,"profit_factor":0.0},{"date":"13/06/2025","date_ts":1749772800000,"profit_abs":0.0,"wins":0,"draws":0,"losses":0,"trades":0,"profit_factor":0.0},{"date":"14/06/2025","date_ts":1749859200000,"profit_abs":0.0,"wins":0,"draws":0,"losses":0,"trades":0,"profit_factor":0.0},{"date":"15/06/2025","date_ts":1749945600000,"profit_abs":21.73078192,"wins":2,"draws":0,"losses":0,"trades":2,"profit_factor":0.0},{"date":"16/06/2025","date_ts":1750032000000,"profit_abs":14.82740423,"wins":1,"draws":0,"losses":0,"trades":1,"profit_factor":0.0},{"date":"17/06/2025","date_ts":1750118400000,"profit_abs":0.0,"wins":0,"draws":0,"losses":0,"trades":0,"profit_factor":0.0},{"date":"18/06/2025","date_ts":1750204800000,"profit_abs":0.0,"wins":0,"draws":0,"losses":0,"trades":0,"profit_factor":0.0},{"date":"19/06/2025","date_ts":1750291200000,"profit_abs":1.82346454,"wins":2,"draws":0,"losses":2,"trades":4,"profit_factor":2.27658889}],"week":[{"date":"19/05/2025","date_ts":1747612800000,"profit_abs":-13.66163428,"wins":0,"draws":0,"losses":2,"trades":2,"profit_factor":0.0},{"date":"26/05/2025","date_ts":1748217600000,"profit_abs":34.67233078,"wins":3,"draws":0,"losses":1,"trades":4,"profit_factor":1615.40560064},{"date":"02/06/2025","date_ts":1748822400000,"profit_abs":13.19198674,"wins":1,"draws":0,"losses":2,"trades":3,"profit_factor":7.87792229},{"date":"09/06/2025","date_ts":1749427200000,"profit_abs":41.84911052,"wins":7,"draws":0,"losses":12,"trades":19,"profit_factor":3.20589076},{"date":"16/06/2025","date_ts":1750032000000,"profit_abs":36.55818615,"wins":3,"draws":0,"losses":0,"trades":3,"profit_factor":0.0},{"date":"23/06/2025","date_ts":1750636800000,"profit_abs":1.82346454,"wins":2,"draws":0,"losses":2,"trades":4,"profit_factor":2.27658889}],"month":[{"date":"31/05/2025","date_ts":1748649600000,"profit_abs":35.07043151,"wins":4,"draws":0,"losses":4,"trades":8,"profit_factor":3.38033817},{"date":"30/06/2025","date_ts":1751241600000,"profit_abs":79.36301294,"wins":12,"draws":0,"losses":15,"trades":27,"profit_factor":4.73162865}],"year":[{"date":"31/12/2025","date_ts":1767139200000,"profit_abs":114.43344445,"wins":16,"draws":0,"losses":19,"trades":35,"profit_factor":4.1786147}]},"backtest_best_day":0.08182421986896206,"backtest_worst_day":-0.04155413334360793,"backtest_best_day_abs":26.4816191,"backtest_worst_day_abs":-13.66163428,"winning_days":11,"draw_days":17,"losing_days":5,"daily_profit":[["2025-05-18",-13.66163428],["2025-05-19",0.0],["2025-05-20",0.0],["2025-05-21",0.0],["2025-05-22",26.4816191],["2025-05-23",0.0],["2025-05-24",5.89551638],["2025-05-25",2.2951953],["2025-05-26",0.0],["2025-05-27",15.1100059],["2025-05-28",0.0],["2025-05-29",0.0],["2025-05-30",0.0],["2025-05-31",-1.05027089],["2025-06-01",-0.86774827],["2025-06-02",0.0],["2025-06-03",15.67895776],["2025-06-04",0.0],["2025-06-05",-12.46576563],["2025-06-06",15.21424697],["2025-06-07",9.21827032],["2025-06-08",-1.90509415],["2025-06-09",16.10849525],["2025-06-10",0.0],["2025-06-11",0.0],["2025-06-12",0.0],["2025-06-13",0.0],["2025-06-14",0.0],["2025-06-15",21.73078192],["2025-06-16",14.82740423],["2025-06-17",0.0],["2025-06-18",0.0],["2025-06-19",1.82346454]],"wins":16,"losses":19,"draws":0,"winrate":0.45714285714285713,"holding_avg":"16:11:00","holding_avg_s":58260.0,"winner_holding_min":"0d 00:15","winner_holding_min_s":900.0,"winner_holding_max":"2d 14:00","winner_holding_max_s":223200.0,"winner_holding_avg":"1d 02:52","winner_holding_avg_s":96720.0,"loser_holding_min":"0d 00:15","loser_holding_min_s":900.0,"loser_holding_max":"1d 16:30","loser_holding_max_s":145800.0,"loser_holding_avg":"0d 07:12","loser_holding_avg_s":25920.0,"max_consecutive_wins":5,"max_consecutive_losses":6,"max_drawdown_account":0.013107724359187965,"max_relative_drawdown":0.013661634280000045,"max_drawdown_abs":13.761559159999997,"drawdown_start":"2025-06-03 01:45:00","drawdown_start_ts":1748915100000.0,"drawdown_end":"2025-06-06 02:15:00","drawdown_end_ts":1749176100000.0,"max_drawdown_low":36.120081840000005,"max_drawdown_high":49.881641,"csum_min":986.33836572,"csum_max":1114.43344445}},"strategy_comparison":[{"key":"GridBotSample","trades":35,"profit_mean":0.009541146658907602,"profit_mean_pct":0.95,"profit_sum":0.33394013306176606,"profit_sum_pct":33.39,"profit_total_abs":114.43344445,"profit_total":0.11443344444999999,"profit_total_pct":11.44,"duration_avg":"16:11:00","wins":16,"draws":0,"losses":19,"winrate":0.45714285714285713,"cagr":2.1999264715699534,"expectancy":3.2695269842857133,"expectancy_ratio":1.7255336950430733,"sortino":18.72043992610308,"sharpe":7.844977110510587,"calmar":490.56118868595735,"sqn":2.3259,"profit_factor":4.178614701395135,"max_drawdown_account":0.013107724359187965,"max_drawdown_abs":"13.762"}]}