{"strategy":{"GridBotSample":{"trades":[{"pair":"ETH/USDT:USDT","stake_amount":989.70696,"max_stake_amount":989.70696,"amount":0.396,"open_date":"2025-05-17 00:30:00+00:00","close_date":"2025-05-18 04:30:00+00:00","open_rate":2499.26,"close_rate":2481.15,"fee_open":0.0005,"fee_close":0.0005,"trade_duration":1680,"profit_ratio":-0.008295868335294578,"profit_abs":-8.21458387,"exit_reason":"exit_signal","initial_stop_loss_abs":2249.34,"initial_stop_loss_ratio":-0.1,"stop_loss_abs":2249.34,"stop_loss_ratio":-0.1,"min_rate":2442.65,"max_rate":2512.33,"is_open":false,"enter_tag":"","leverage":1.0,"is_short":false,"open_timestamp":1747441800000,"close_timestamp":1747542600000,"orders":[{"amount":0.396,"safe_price":2499.26,"ft_order_side":"buy","order_filled_timestamp":1747441800000,"ft_is_entry":true,"ft_order_tag":"","cost":990.20181348},{"amount":0.396,"safe_price":2481.15,"ft_order_side":"sell","order_filled_timestamp":1747542600000,"ft_is_entry":false,"ft_order_tag":"exit_signal","cost":983.0266677000001}],"funding_fees":-0.05690268634406044},{"pair":"ETH/USDT:USDT","stake_amount":979.86224,"max_stake_amount":979.86224,"amount":0.394,"open_date":"2025-05-18 04:45:00+00:00","close_date":"2025-05-18 20:00:00+00:00","open_rate":2486.96,"close_rate":2406.78,"fee_open":0.0005,"fee_close":0.0005,"trade_duration":915,"profit_ratio":-0.033258265009757405,"profit_abs":-32.60481231,"exit_reason":"exit_signal","initial_stop_loss_abs":2238.27,"initial_stop_loss_ratio":-0.1,"stop_loss_abs":2238.27,"stop_loss_ratio":-0.1,"min_rate":2312.62,"max_rate":2587.52,"is_open":false,"enter_tag":"","leverage":1.0,"is_short":false,"open_timestamp":1747543500000,"close_timestamp":1747598400000,"orders":[{"amount":0.394,"safe_price":2486.96,"ft_order_side":"buy","order_filled_timestamp":1747543500000,"ft_is_entry":true,"ft_order_tag":"","cost":980.35217112},{"amount":0.394,"safe_price":2406.78,"ft_order_side":"sell","order_filled_timestamp":1747598400000,"ft_is_entry":false,"ft_order_tag":"exit_signal","cost":948.7454556600002}],"funding_fees":-0.04982552831447587},{"pair":"BTC/USDT:USDT","stake_amount":932.6259,"max_stake_amount":932.6259,"amount":0.009,"open_date":"2025-05-19 04:15:00+00:00","close_date":"2025-05-19 04:30:00+00:00","open_rate":103625.1,"close_rate":103266.3,"fee_open":0.0005,"fee_close":0.0005,"trade_duration":15,"profit_ratio":-0.0044585210789053345,"profit_abs":-4.1602113,"exit_reason":"exit_signal","initial_stop_loss_abs":93262.6,"initial_stop_loss_ratio":-0.1,"stop_loss_abs":93262.6,"stop_loss_ratio":-0.1,"min_rate":103000.0,"max_rate":103626.6,"is_open":false,"enter_tag":"","leverage":1.0,"is_short":false,"open_timestamp":1747628100000,"close_timestamp":1747629000000,"orders":[{"amount":0.009,"safe_price":103625.1,"ft_order_side":"buy","order_filled_timestamp":1747628100000,"ft_is_entry":true,"ft_order_tag":"","cost":933.09221295},{"amount":0.009,"safe_price":103266.3,"ft_order_side":"sell","order_filled_timestamp":1747629000000,"ft_is_entry":false,"ft_order_tag":"exit_signal","cost":929.86139835}],"funding_fees":0.0},{"pair":"ETH/USDT:USDT","stake_amount":943.3749,"max_stake_amount":943.3749,"amount":0.39,"open_date":"2025-05-19 11:45:00+00:00","close_date":"2025-05-19 12:00:00+00:00","open_rate":2418.91,"close_rate":2416.33,"fee_open":0.0005,"fee_close":0.0005,"trade_duration":15,"profit_ratio":-0.002065030298266827,"profit_abs":-1.9490718,"exit_reason":"exit_signal","initial_stop_loss_abs":2177.02,"initial_stop_loss_ratio":-0.1,"stop_loss_abs":2177.02,"stop_loss_ratio":-0.1,"min_rate":2395.3,"max_rate":2420.88,"is_open":false,"enter_tag":"","leverage":1.0,"is_short":false,"open_timestamp":1747655100000,"close_timestamp":1747656000000,"orders":[{"amount":0.39,"safe_price":2418.91,"ft_order_side":"buy","order_filled_timestamp":1747655100000,"ft_is_entry":true,"ft_order_tag":"","cost":943.84658745},{"amount":0.39,"safe_price":2416.33,"ft_order_side":"sell","order_filled_timestamp":1747656000000,"ft_is_entry":false,"ft_order_tag":"exit_signal","cost":942.8398843499999}],"funding_fees":0.0},{"pair":"ETH/USDT:USDT","stake_amount":941.24979,"max_stake_amount":941.24979,"amount":0.387,"open_date":"2025-05-19 13:45:00+00:00","close_date":"2025-05-22 03:45:00+00:00","open_rate":2432.17,"close_rate":2634.82,"fee_open":0.0005,"fee_close":0.0005,"trade_duration":3720,"profit_ratio":0.08182421986528936,"profit_abs":77.05553828,"exit_reason":"exit_signal","initial_stop_loss_abs":2188.96,"initial_stop_loss_ratio":-0.1,"stop_loss_abs":2188.96,"stop_loss_ratio":-0.1,"min_rate":2416.4,"max_rate":2647.25,"is_open":false,"enter_tag":"","leverage":1.0,"is_short":false,"open_timestamp":1747662300000,"close_timestamp":1747885500000,"orders":[{"amount":0.387,"safe_price":2432.17,"ft_order_side":"buy","order_filled_timestamp":1747662300000,"ft_is_entry":true,"ft_order_tag":"","cost":941.720414895},{"amount":0.387,"safe_price":2634.82,"ft_order_side":"sell","order_filled_timestamp":1747885500000,"ft_is_entry":false,"ft_order_tag":"exit_signal","cost":1020.18517767}],"funding_fees":-0.38954915418324737},{"pair":"ETH/USDT:USDT","stake_amount":1018.1538,"max_stake_amount":1018.1538,"amount":0.405,"open_date":"2025-05-23 23:45:00+00:00","close_date":"2025-05-24 18:15:00+00:00","open_rate":2513.96,"close_rate":2561.57,"fee_open":0.0005,"fee_close":0.0005,"trade_duration":1110,"profit_ratio":0.017757117285992656,"profit_abs":18.08851618,"exit_reason":"exit_signal","initial_stop_loss_abs":2262.57,"initial_stop_loss_ratio":-0.1,"stop_loss_abs":2262.57,"stop_loss_ratio":-0.1,"min_rate":2505.01,"max_rate":2574.5,"is_open":false,"enter_tag":"","leverage":1.0,"is_short":false,"open_timestamp":1748043900000,"close_timestamp":1748110500000,"orders":[{"amount":0.405,"safe_price":2513.96,"ft_order_side":"buy","order_filled_timestamp":1748043900000,"ft_is_entry":true,"ft_order_tag":"","cost":1018.6628769},{"amount":0.405,"safe_price":2561.57,"ft_order_side":"sell","order_filled_timestamp":1748110500000,"ft_is_entry":false,"ft_order_tag":"exit_signal","cost":1037.954567925}],"funding_fees":-0.16573899556908808},{"pair":"ETH/USDT:USDT","stake_amount":1035.33785,"max_stake_amount":1035.33785,"amount":0.415,"open_date":"2025-05-25 00:45:00+00:00","close_date":"2025-05-25 19:00:00+00:00","open_rate":2494.79,"close_rate":2514.89,"fee_open":0.0005,"fee_close":0.0005,"trade_duration":1095,"profit_ratio":0.006926417872876614,"profit_abs":7.17476818,"exit_reason":"exit_signal","initial_stop_loss_abs":2245.32,"initial_stop_loss_ratio":-0.1,"stop_loss_abs":2245.32,"stop_loss_ratio":-0.1,"min_rate":2457.6,"max_rate":2524.99,"is_open":false,"enter_tag":"","leverage":1.0,"is_short":false,"open_timestamp":1748133900000,"close_timestamp":1748199600000,"orders":[{"amount":0.415,"safe_price":2494.79,"ft_order_side":"buy","order_filled_timestamp":1748133900000,"ft_is_entry":true,"ft_order_tag":"","cost":1035.8555189249998},{"amount":0.415,"safe_price":2514.89,"ft_order_side":"sell","order_filled_timestamp":1748199600000,"ft_is_entry":false,"ft_order_tag":"exit_signal","cost":1044.2011896749998}],"funding_fees":-0.12722321501849998},{"pair":"ETH/USDT:USDT","stake_amount":1043.4042,"max_stake_amount":1043.4042,"amount":0.414,"open_date":"2025-05-25 19:30:00+00:00","close_date":"2025-05-25 21:00:00+00:00","open_rate":2520.3,"close_rate":2522.66,"fee_open":0.0005,"fee_close":0.0005,"trade_duration":90,"profit_ratio":-6.403971763275209e-05,"profit_abs":-0.06685272,"exit_reason":"exit_signal","initial_stop_loss_abs":2268.28,"initial_stop_loss_ratio":-0.1,"stop_loss_abs":2268.28,"stop_loss_ratio":-0.1,"min_rate":2509.69,"max_rate":2537.0,"is_open":false,"enter_tag":"","leverage":1.0,"is_short":false,"open_timestamp":1748201400000,"close_timestamp":1748206800000,"orders":[{"amount":0.414,"safe_price":2520.3,"ft_order_side":"buy","order_filled_timestamp":1748201400000,"ft_is_entry":true,"ft_order_tag":"","cost":1043.9259020999998},{"amount":0.414,"safe_price":2522.66,"ft_order_side":"sell","order_filled_timestamp":1748206800000,"ft_is_entry":false,"ft_order_tag":"exit_signal","cost":1044.9034306199999}],"funding_fees":0.0},{"pair":"ETH/USDT:USDT","stake_amount":1043.45802,"max_stake_amount":1043.45802,"amount":0.414,"open_date":"2025-05-25 21:30:00+00:00","close_date":"2025-05-27 08:30:00+00:00","open_rate":2520.43,"close_rate":2637.32,"fee_open":0.0005,"fee_close":0.0005,"trade_duration":2100,"profit_ratio":0.045052745280358374,"profit_abs":47.03415371,"exit_reason":"exit_signal","initial_stop_loss_abs":2268.39,"initial_stop_loss_ratio":-0.1,"stop_loss_abs":2268.39,"stop_loss_ratio":-0.1,"min_rate":2506.08,"max_rate":2643.44,"is_open":false,"enter_tag":"","leverage":1.0,"is_short":false,"open_timestamp":1748208600000,"close_timestamp":1748334600000,"orders":[{"amount":0.414,"safe_price":2520.43,"ft_order_side":"buy","order_filled_timestamp":1748208600000,"ft_is_entry":true,"ft_order_tag":"","cost":1043.9797490099998},{"amount":0.414,"safe_price":2637.32,"ft_order_side":"sell","order_filled_timestamp":1748334600000,"ft_is_entry":false,"ft_order_tag":"exit_signal","cost":1092.39640524}],"funding_fees":-0.29065204088775815},{"pair":"BTC/USDT:USDT","stake_amount":1043.579,"max_stake_amount":1043.579,"amount":0.01,"open_date":"2025-05-30 16:45:00+00:00","close_date":"2025-05-30 17:00:00+00:00","open_rate":104357.9,"close_rate":103867.5,"fee_open":0.0005,"fee_close":0.0005,"trade_duration":15,"profit_ratio":-0.005694016382122466,"profit_abs":-5.945127,"exit_reason":"exit_signal","initial_stop_loss_abs":93922.2,"initial_stop_loss_ratio":-0.1,"stop_loss_abs":93922.2,"stop_loss_ratio":-0.1,"min_rate":103650.2,"max_rate":104358.0,"is_open":false,"enter_tag":"","leverage":1.0,"is_short":false,"open_timestamp":1748623500000,"close_timestamp":1748624400000,"orders":[{"amount":0.01,"safe_price":104357.9,"ft_order_side":"buy","order_filled_timestamp":1748623500000,"ft_is_entry":true,"ft_order_tag":"","cost":1044.1007894999998},{"amount":0.01,"safe_price":103867.5,"ft_order_side":"sell","order_filled_timestamp":1748624400000,"ft_is_entry":false,"ft_order_tag":"exit_signal","cost":1039.1943374999998}],"funding_fees":0.0},{"pair":"ETH/USDT:USDT","stake_amount":1085.40885,"max_stake_amount":1085.40885,"amount":0.431,"open_date":"2025-05-30 23:30:00+00:00","close_date":"2025-05-31 12:00:00+00:00","open_rate":2518.35,"close_rate":2518.6,"fee_open":0.0005,"fee_close":0.0005,"trade_duration":750,"profit_ratio":-0.0010149091324645441,"profit_abs":-1.10214215,"exit_reason":"exit_signal","initial_stop_loss_abs":2266.52,"initial_stop_loss_ratio":-0.1,"stop_loss_abs":2266.52,"stop_loss_ratio":-0.1,"min_rate":2474.0,"max_rate":2538.39,"is_open":false,"enter_tag":"","leverage":1.0,"is_short":false,"open_timestamp":1748647800000,"close_timestamp":1748692800000,"orders":[{"amount":0.431,"safe_price":2518.35,"ft_order_side":"buy","order_filled_timestamp":1748647800000,"ft_is_entry":true,"ft_order_tag":"","cost":1085.951554425},{"amount":0.431,"safe_price":2518.6,"ft_order_side":"sell","order_filled_timestamp":1748692800000,"ft_is_entry":false,"ft_order_tag":"exit_signal","cost":1086.0593582999998}],"funding_fees":-0.12442942443723179},{"pair":"ETH/USDT:USDT","stake_amount":1083.4796,"max_stake_amount":1083.4796,"amount":0.43,"open_date":"2025-06-01 00:15:00+00:00","close_date":"2025-06-01 05:45:00+00:00","open_rate":2519.72,"close_rate":2515.81,"fee_open":0.0005,"fee_close":0.0005,"trade_duration":330,"profit_ratio":-0.0025497089849817363,"profit_abs":-2.76393895,"exit_reason":"exit_signal","initial_stop_loss_abs":2267.75,"initial_stop_loss_ratio":-0.1,"stop_loss_abs":2267.75,"stop_loss_ratio":-0.1,"min_rate":2488.52,"max_rate":2529.67,"is_open":false,"enter_tag":"","leverage":1.0,"is_short":false,"open_timestamp":1748736900000,"close_timestamp":1748756700000,"orders":[{"amount":0.43,"safe_price":2519.72,"ft_order_side":"buy","order_filled_timestamp":1748736900000,"ft_is_entry":true,"ft_order_tag":"","cost":1084.0213397999999},{"amount":0.43,"safe_price":2515.81,"ft_order_side":"sell","order_filled_timestamp":1748756700000,"ft_is_entry":false,"ft_order_tag":"exit_signal","cost":1082.3391991499998}],"funding_fees":0.0},{"pair":"ETH/USDT:USDT","stake_amount":1079.99034,"max_stake_amount":1079.99034,"amount":0.429,"open_date":"2025-06-01 06:00:00+00:00","close_date":"2025-06-03 01:45:00+00:00","open_rate":2517.46,"close_rate":2636.84,"fee_open":0.0005,"fee_close":0.0005,"trade_duration":2625,"profit_ratio":0.046110916036578596,"profit_abs":49.82424356,"exit_reason":"exit_signal","initial_stop_loss_abs":2265.72,"initial_stop_loss_ratio":-0.1,"stop_loss_abs":2265.72,"stop_loss_ratio":-0.1,"min_rate":2465.0,"max_rate":2649.0,"is_open":false,"enter_tag":"","leverage":1.0,"is_short":false,"open_timestamp":1748757600000,"close_timestamp":1748915100000,"orders":[{"amount":0.429,"safe_price":2517.46,"ft_order_side":"buy","order_filled_timestamp":1748757600000,"ft_is_entry":true,"ft_order_tag":"","cost":1080.53033517},{"amount":0.429,"safe_price":2636.84,"ft_order_side":"sell","order_filled_timestamp":1748915100000,"ft_is_entry":false,"ft_order_tag":"exit_signal","cost":1131.76996218}],"funding_fees":-0.28417908742283127},{"pair":"BTC/USDT:USDT","stake_amount":1044.753,"max_stake_amount":1044.753,"amount":0.01,"open_date":"2025-06-05 14:00:00+00:00","close_date":"2025-06-05 14:15:00+00:00","open_rate":104475.3,"close_rate":104223.7,"fee_open":0.0005,"fee_close":0.0005,"trade_duration":15,"profit_ratio":-0.0034053179478106647,"profit_abs":-3.559495,"exit_reason":"exit_signal","initial_stop_loss_abs":94027.8,"initial_stop_loss_ratio":-0.1,"stop_loss_abs":94027.8,"stop_loss_ratio":-0.1,"min_rate":103825.0,"max_rate":104506.3,"is_open":false,"enter_tag":"","leverage":1.0,"is_short":false,"open_timestamp":1749132000000,"close_timestamp":1749132900000,"orders":[{"amount":0.01,"safe_price":104475.3,"ft_order_side":"buy","order_filled_timestamp":1749132000000,"ft_is_entry":true,"ft_order_tag":"","cost":1045.2753765},{"amount":0.01,"safe_price":104223.7,"ft_order_side":"sell","order_filled_timestamp":1749132900000,"ft_is_entry":false,"ft_order_tag":"exit_signal","cost":1042.7581185}],"funding_fees":0.0},{"pair":"BTC/USDT:USDT","stake_amount":1123.7864,"max_stake_amount":1123.7864,"amount":0.011,"open_date":"2025-06-05 19:30:00+00:00","close_date":"2025-06-05 19:45:00+00:00","open_rate":102162.4,"close_rate":102161.6,"fee_open":0.0005,"fee_close":0.0005,"trade_duration":15,"profit_ratio":-0.0010073230927193976,"profit_abs":-1.132582,"exit_reason":"exit_signal","initial_stop_loss_abs":91946.2,"initial_stop_loss_ratio":-0.1,"stop_loss_abs":91946.2,"stop_loss_ratio":-0.1,"min_rate":101808.2,"max_rate":102445.7,"is_open":false,"enter_tag":"","leverage":1.0,"is_short":false,"open_timestamp":1749151800000,"close_timestamp":1749152700000,"orders":[{"amount":0.011,"safe_price":102162.4,"ft_order_side":"buy","order_filled_timestamp":1749151800000,"ft_is_entry":true,"ft_order_tag":"","cost":1124.3482932},{"amount":0.011,"safe_price":102161.6,"ft_order_side":"sell","order_filled_timestamp":1749152700000,"ft_is_entry":false,"ft_order_tag":"exit_signal","cost":1124.3394887999998}],"funding_fees":0.0},{"pair":"ETH/USDT:USDT","stake_amount":1125.00093,"max_stake_amount":1125.00093,"amount":0.449,"open_date":"2025-06-05 20:15:00+00:00","close_date":"2025-06-05 20:45:00+00:00","open_rate":2505.57,"close_rate":2417.7,"fee_open":0.0005,"fee_close":0.0005,"trade_duration":30,"profit_ratio":-0.03603431224950516,"profit_abs":-40.55890411,"exit_reason":"exit_signal","initial_stop_loss_abs":2255.02,"initial_stop_loss_ratio":-0.1,"stop_loss_abs":2255.02,"stop_loss_ratio":-0.1,"min_rate":2392.32,"max_rate":2506.53,"is_open":false,"enter_tag":"","leverage":1.0,"is_short":false,"open_timestamp":1749154500000,"close_timestamp":1749156300000,"orders":[{"amount":0.449,"safe_price":2505.57,"ft_order_side":"buy","order_filled_timestamp":1749154500000,"ft_is_entry":true,"ft_order_tag":"","cost":1125.563430465},{"amount":0.449,"safe_price":2417.7,"ft_order_side":"sell","order_filled_timestamp":1749156300000,"ft_is_entry":false,"ft_order_tag":"exit_signal","cost":1086.0900736499998}],"funding_fees":0.0},{"pair":"SOL/USDT:USDT","stake_amount":1085.0623,"max_stake_amount":1085.0623,"amount":7.63,"open_date":"2025-06-05 20:45:00+00:00","close_date":"2025-06-06 13:15:00+00:00","open_rate":142.21,"close_rate":151.66,"fee_open":0.0005,"fee_close":0.0005,"trade_duration":990,"profit_ratio":0.06556862723666776,"profit_abs":71.1816185,"exit_reason":"exit_signal","initial_stop_loss_abs":127.99,"initial_stop_loss_ratio":-0.1,"stop_loss_abs":127.99,"stop_loss_ratio":-0.1,"min_rate":141.43,"max_rate":152.56,"is_open":false,"enter_tag":"","leverage":1.0,"is_short":false,"open_timestamp":1749156300000,"close_timestamp":1749215700000,"orders":[{"amount":7.63,"safe_price":142.21,"ft_order_side":"buy","order_filled_timestamp":1749156300000,"ft_is_entry":true,"ft_order_tag":"","cost":1085.6048311499999},{"amount":7.63,"safe_price":151.66,"ft_order_side":"sell","order_filled_timestamp":1749215700000,"ft_is_entry":false,"ft_order_tag":"exit_signal","cost":1157.7443829}],"funding_fees":0.19923254749485578},{"pair":"ETH/USDT:USDT","stake_amount":1155.40875,"max_stake_amount":1155.40875,"amount":0.465,"open_date":"2025-06-06 13:15:00+00:00","close_date":"2025-06-07 08:45:00+00:00","open_rate":2484.75,"close_rate":2485.35,"fee_open":0.0005,"fee_close":0.0005,"trade_duration":1170,"profit_ratio":-0.0009266230637444099,"profit_abs":-1.07116371,"exit_reason":"exit_signal","initial_stop_loss_abs":2236.28,"initial_stop_loss_ratio":-0.1,"stop_loss_abs":2236.28,"stop_loss_ratio":-0.1,"min_rate":2455.85,"max_rate":2529.67,"is_open":false,"enter_tag":"","leverage":1.0,"is_short":false,"open_timestamp":1749215700000,"close_timestamp":1749285900000,"orders":[{"amount":0.465,"safe_price":2484.75,"ft_order_side":"buy","order_filled_timestamp":1749215700000,"ft_is_entry":true,"ft_order_tag":"","cost":1155.986454375},{"amount":0.465,"safe_price":2485.35,"ft_order_side":"sell","order_filled_timestamp":1749285900000,"ft_is_entry":false,"ft_order_tag":"exit_signal","cost":1156.265593875}],"funding_fees":-0.19461545853231627},{"pair":"ETH/USDT:USDT","stake_amount":1154.42295,"max_stake_amount":1154.42295,"amount":0.465,"open_date":"2025-06-07 09:00:00+00:00","close_date":"2025-06-07 10:00:00+00:00","open_rate":2482.63,"close_rate":2485.01,"fee_open":0.0005,"fee_close":0.0005,"trade_duration":60,"profit_ratio":-4.179765649413283e-05,"profit_abs":-0.0482763,"exit_reason":"exit_signal","initial_stop_loss_abs":2234.37,"initial_stop_loss_ratio":-0.1,"stop_loss_abs":2234.37,"stop_loss_ratio":-0.1,"min_rate":2481.91,"max_rate":2489.36,"is_open":false,"enter_tag":"","leverage":1.0,"is_short":false,"open_timestamp":1749286800000,"close_timestamp":1749290400000,"orders":[{"amount":0.465,"safe_price":2482.63,"ft_order_side":"buy","order_filled_timestamp":1749286800000,"ft_is_entry":true,"ft_order_tag":"","cost":1155.0001614750001},{"amount":0.465,"safe_price":2485.01,"ft_order_side":"sell","order_filled_timestamp":1749290400000,"ft_is_entry":false,"ft_order_tag":"exit_signal","cost":1156.1074148250002}],"funding_fees":0.0},{"pair":"ETH/USDT:USDT","stake_amount":1154.69184,"max_stake_amount":1154.69184,"amount":0.464,"open_date":"2025-06-07 10:15:00+00:00","close_date":"2025-06-07 20:00:00+00:00","open_rate":2488.56,"close_rate":2515.78,"fee_open":0.0005,"fee_close":0.0005,"trade_duration":585,"profit_ratio":0.009859303899748213,"profit_abs":11.39014999,"exit_reason":"exit_signal","initial_stop_loss_abs":2239.71,"initial_stop_loss_ratio":-0.1,"stop_loss_abs":2239.71,"stop_loss_ratio":-0.1,"min_rate":2487.11,"max_rate":2524.9,"is_open":false,"enter_tag":"","leverage":1.0,"is_short":false,"open_timestamp":1749291300000,"close_timestamp":1749326400000,"orders":[{"amount":0.464,"safe_price":2488.56,"ft_order_side":"buy","order_filled_timestamp":1749291300000,"ft_is_entry":true,"ft_order_tag":"","cost":1155.26918592},{"amount":0.464,"safe_price":2515.78,"ft_order_side":"sell","order_filled_timestamp":1749326400000,"ft_is_entry":false,"ft_order_tag":"exit_signal","cost":1167.90558096}],"funding_fees":-0.07892312592475789},{"pair":"ETH/USDT:USDT","stake_amount":1165.3719,"max_stake_amount":1165.3719,"amount":0.462,"open_date":"2025-06-07 20:30:00+00:00","close_date":"2025-06-07 21:00:00+00:00","open_rate":2522.45,"close_rate":2520.75,"fee_open":0.0005,"fee_close":0.0005,"trade_duration":30,"profit_ratio":-0.0016727745861652616,"profit_abs":-1.9503792,"exit_reason":"exit_signal","initial_stop_loss_abs":2270.21,"initial_stop_loss_ratio":-0.1,"stop_loss_abs":2270.21,"stop_loss_ratio":-0.1,"min_rate":2517.28,"max_rate":2522.47,"is_open":false,"enter_tag":"","leverage":1.0,"is_short":false,"open_timestamp":1749328200000,"close_timestamp":1749330000000,"orders":[{"amount":0.462,"safe_price":2522.45,"ft_order_side":"buy","order_filled_timestamp":1749328200000,"ft_is_entry":true,"ft_order_tag":"","cost":1165.95458595},{"amount":0.462,"safe_price":2520.75,"ft_order_side":"sell","order_filled_timestamp":1749330000000,"ft_is_entry":false,"ft_order_tag":"exit_signal","cost":1165.1687932500001}],"funding_fees":0.0},{"pair":"ETH/USDT:USDT","stake_amount":1163.68098,"max_stake_amount":1163.68098,"amount":0.462,"open_date":"2025-06-07 21:15:00+00:00","close_date":"2025-06-07 21:30:00+00:00","open_rate":2518.79,"close_rate":2519.35,"fee_open":0.0005,"fee_close":0.0005,"trade_duration":15,"profit_ratio":-0.0007773934923208123,"profit_abs":-0.90509034,"exit_reason":"exit_signal","initial_stop_loss_abs":2266.92,"initial_stop_loss_ratio":-0.1,"stop_loss_abs":2266.92,"stop_loss_ratio":-0.1,"min_rate":2517.22,"max_rate":2522.38,"is_open":false,"enter_tag":"","leverage":1.0,"is_short":false,"open_timestamp":1749330900000,"close_timestamp":1749331800000,"orders":[{"amount":0.462,"safe_price":2518.79,"ft_order_side":"buy","order_filled_timestamp":1749330900000,"ft_is_entry":true,"ft_order_tag":"","cost":1164.26282049},{"amount":0.462,"safe_price":2519.35,"ft_order_side":"sell","order_filled_timestamp":1749331800000,"ft_is_entry":false,"ft_order_tag":"exit_signal","cost":1164.5216698499999}],"funding_fees":0.0},{"pair":"ETH/USDT:USDT","stake_amount":1163.92584,"max_stake_amount":1163.92584,"amount":0.462,"open_date":"2025-06-07 22:15:00+00:00","close_date":"2025-06-07 22:30:00+00:00","open_rate":2519.32,"close_rate":2522.73,"fee_open":0.0005,"fee_close":0.0005,"trade_duration":15,"profit_ratio":0.00035268673079747067,"profit_abs":0.41070645,"exit_reason":"exit_signal","initial_stop_loss_abs":2267.39,"initial_stop_loss_ratio":-0.1,"stop_loss_abs":2267.39,"stop_loss_ratio":-0.1,"min_rate":2518.68,"max_rate":2545.0,"is_open":false,"enter_tag":"","leverage":1.0,"is_short":false,"open_timestamp":1749334500000,"close_timestamp":1749335400000,"orders":[{"amount":0.462,"safe_price":2519.32,"ft_order_side":"buy","order_filled_timestamp":1749334500000,"ft_is_entry":true,"ft_order_tag":"","cost":1164.5078029200001},{"amount":0.462,"safe_price":2522.73,"ft_order_side":"sell","order_filled_timestamp":1749335400000,"ft_is_entry":false,"ft_order_tag":"exit_signal","cost":1166.08401063}],"funding_fees":0.0},{"pair":"ETH/USDT:USDT","stake_amount":1162.8309,"max_stake_amount":1162.8309,"amount":0.462,"open_date":"2025-06-08 00:15:00+00:00","close_date":"2025-06-08 02:30:00+00:00","open_rate":2516.95,"close_rate":2512.84,"fee_open":0.0005,"fee_close":0.0005,"trade_duration":135,"profit_ratio":-0.0026307968803099195,"profit_abs":-3.06070149,"exit_reason":"exit_signal","initial_stop_loss_abs":2265.26,"initial_stop_loss_ratio":-0.1,"stop_loss_abs":2265.26,"stop_loss_ratio":-0.1,"min_rate":2510.02,"max_rate":2525.0,"is_open":false,"enter_tag":"","leverage":1.0,"is_short":false,"open_timestamp":1749341700000,"close_timestamp":1749349800000,"orders":[{"amount":0.462,"safe_price":2516.95,"ft_order_side":"buy","order_filled_timestamp":1749341700000,"ft_is_entry":true,"ft_order_tag":"","cost":1163.4123154499998},{"amount":0.462,"safe_price":2512.84,"ft_order_side":"sell","order_filled_timestamp":1749349800000,"ft_is_entry":false,"ft_order_tag":"exit_signal","cost":1161.51254604}],"funding_fees":0.0},{"pair":"ETH/USDT:USDT","stake_amount":1161.33402,"max_stake_amount":1161.33402,"amount":0.462,"open_date":"2025-06-08 02:45:00+00:00","close_date":"2025-06-08 03:30:00+00:00","open_rate":2513.71,"close_rate":2509.63,"fee_open":0.0005,"fee_close":0.0005,"trade_duration":45,"profit_ratio":-0.002620976887586059,"profit_abs":-3.04535154,"exit_reason":"exit_signal","initial_stop_loss_abs":2262.34,"initial_stop_loss_ratio":-0.1,"stop_loss_abs":2262.34,"stop_loss_ratio":-0.1,"min_rate":2507.25,"max_rate":2515.0,"is_open":false,"enter_tag":"","leverage":1.0,"is_short":false,"open_timestamp":1749350700000,"close_timestamp":1749353400000,"orders":[{"amount":0.462,"safe_price":2513.71,"ft_order_side":"buy","order_filled_timestamp":1749350700000,"ft_is_entry":true,"ft_order_tag":"","cost":1161.9146870099999},{"amount":0.462,"safe_price":2509.63,"ft_order_side":"sell","order_filled_timestamp":1749353400000,"ft_is_entry":false,"ft_order_tag":"exit_signal","cost":1160.0287845300002}],"funding_fees":0.0},{"pair":"ETH/USDT:USDT","stake_amount":1156.34013,"max_stake_amount":1156.34013,"amount":0.461,"open_date":"2025-06-08 04:15:00+00:00","close_date":"2025-06-08 04:30:00+00:00","open_rate":2508.33,"close_rate":2510.66,"fee_open":0.0005,"fee_close":0.0005,"trade_duration":15,"profit_ratio":-7.152380595531331e-05,"profit_abs":-0.0827472,"exit_reason":"exit_signal","initial_stop_loss_abs":2257.5,"initial_stop_loss_ratio":-0.1,"stop_loss_abs":2257.5,"stop_loss_ratio":-0.1,"min_rate":2507.96,"max_rate":2517.55,"is_open":false,"enter_tag":"","leverage":1.0,"is_short":false,"open_timestamp":1749356100000,"close_timestamp":1749357000000,"orders":[{"amount":0.461,"safe_price":2508.33,"ft_order_side":"buy","order_filled_timestamp":1749356100000,"ft_is_entry":true,"ft_order_tag":"","cost":1156.918300065},{"amount":0.461,"safe_price":2510.66,"ft_order_side":"sell","order_filled_timestamp":1749357000000,"ft_is_entry":false,"ft_order_tag":"exit_signal","cost":1157.99296713}],"funding_fees":0.0},{"pair":"ETH/USDT:USDT","stake_amount":1157.9028,"max_stake_amount":1157.9028,"amount":0.46,"open_date":"2025-06-08 04:45:00+00:00","close_date":"2025-06-08 06:15:00+00:00","open_rate":2517.18,"close_rate":2511.88,"fee_open":0.0005,"fee_close":0.0005,"trade_duration":90,"profit_ratio":-0.0031029265637166083,"profit_abs":-3.5946838,"exit_reason":"exit_signal","initial_stop_loss_abs":2265.47,"initial_stop_loss_ratio":-0.1,"stop_loss_abs":2265.47,"stop_loss_ratio":-0.1,"min_rate":2507.69,"max_rate":2519.03,"is_open":false,"enter_tag":"","leverage":1.0,"is_short":false,"open_timestamp":1749357900000,"close_timestamp":1749363300000,"orders":[{"amount":0.46,"safe_price":2517.18,"ft_order_side":"buy","order_filled_timestamp":1749357900000,"ft_is_entry":true,"ft_order_tag":"","cost":1158.4817514},{"amount":0.46,"safe_price":2511.88,"ft_order_side":"sell","order_filled_timestamp":1749363300000,"ft_is_entry":false,"ft_order_tag":"exit_signal","cost":1156.0425324}],"funding_fees":0.0},{"pair":"ETH/USDT:USDT","stake_amount":1153.52208,"max_stake_amount":1153.52208,"amount":0.459,"open_date":"2025-06-08 06:30:00+00:00","close_date":"2025-06-08 06:45:00+00:00","open_rate":2513.12,"close_rate":2515.23,"fee_open":0.0005,"fee_close":0.0005,"trade_duration":15,"profit_ratio":-0.0001607456080909193,"profit_abs":-0.18551632,"exit_reason":"exit_signal","initial_stop_loss_abs":2261.81,"initial_stop_loss_ratio":-0.1,"stop_loss_abs":2261.81,"stop_loss_ratio":-0.1,"min_rate":2511.5,"max_rate":2516.4,"is_open":false,"enter_tag":"","leverage":1.0,"is_short":false,"open_timestamp":1749364200000,"close_timestamp":1749365100000,"orders":[{"amount":0.459,"safe_price":2513.12,"ft_order_side":"buy","order_filled_timestamp":1749364200000,"ft_is_entry":true,"ft_order_tag":"","cost":1154.0988410399998},{"amount":0.459,"safe_price":2515.23,"ft_order_side":"sell","order_filled_timestamp":1749365100000,"ft_is_entry":false,"ft_order_tag":"exit_signal","cost":1155.067815285}],"funding_fees":0.0},{"pair":"ETH/USDT:USDT","stake_amount":1153.67814,"max_stake_amount":1153.67814,"amount":0.459,"open_date":"2025-06-08 08:00:00+00:00","close_date":"2025-06-08 08:30:00+00:00","open_rate":2513.46,"close_rate":2514.25,"fee_open":0.0005,"fee_close":0.0005,"trade_duration":30,"profit_ratio":-0.0007806826536074679,"profit_abs":-0.90110684,"exit_reason":"exit_signal","initial_stop_loss_abs":2262.12,"initial_stop_loss_ratio":-0.1,"stop_loss_abs":2262.12,"stop_loss_ratio":-0.1,"min_rate":2513.39,"max_rate":2520.19,"is_open":false,"enter_tag":"","leverage":1.0,"is_short":false,"open_timestamp":1749369600000,"close_timestamp":1749371400000,"orders":[{"amount":0.459,"safe_price":2513.46,"ft_order_side":"buy","order_filled_timestamp":1749369600000,"ft_is_entry":true,"ft_order_tag":"","cost":1154.25497907},{"amount":0.459,"safe_price":2514.25,"ft_order_side":"sell","order_filled_timestamp":1749371400000,"ft_is_entry":false,"ft_order_tag":"exit_signal","cost":1154.617770375}],"funding_fees":-0.10985739777252894},{"pair":"ETH/USDT:USDT","stake_amount":1151.87,"max_stake_amount":1151.87,"amount":0.458,"open_date":"2025-06-08 08:45:00+00:00","close_date":"2025-06-08 20:30:00+00:00","open_rate":2515.0,"close_rate":2533.99,"fee_open":0.0005,"fee_close":0.0005,"trade_duration":705,"profit_ratio":0.006496751971275772,"profit_abs":7.4871554,"exit_reason":"exit_signal","initial_stop_loss_abs":2263.5,"initial_stop_loss_ratio":-0.1,"stop_loss_abs":2263.5,"stop_loss_ratio":-0.1,"min_rate":2483.28,"max_rate":2539.68,"is_open":false,"enter_tag":"","leverage":1.0,"is_short":false,"open_timestamp":1749372300000,"close_timestamp":1749414600000,"orders":[{"amount":0.458,"safe_price":2515.0,"ft_order_side":"buy","order_filled_timestamp":1749372300000,"ft_is_entry":true,"ft_order_tag":"","cost":1152.445935},{"amount":0.458,"safe_price":2533.99,"ft_order_side":"sell","order_filled_timestamp":1749414600000,"ft_is_entry":false,"ft_order_tag":"exit_signal","cost":1161.1477037099999}],"funding_fees":-0.05404588862288946},{"pair":"ETH/USDT:USDT","stake_amount":1158.7998,"max_stake_amount":1158.7998,"amount":0.46,"open_date":"2025-06-08 22:15:00+00:00","close_date":"2025-06-09 21:30:00+00:00","open_rate":2519.13,"close_rate":2638.76,"fee_open":0.0005,"fee_close":0.0005,"trade_duration":1395,"profit_ratio":0.046313565186119746,"profit_abs":53.69498415,"exit_reason":"exit_signal","initial_stop_loss_abs":2267.22,"initial_stop_loss_ratio":-0.1,"stop_loss_abs":2267.22,"stop_loss_ratio":-0.1,"min_rate":2475.83,"max_rate":2639.88,"is_open":false,"enter_tag":"","leverage":1.0,"is_short":false,"open_timestamp":1749420900000,"close_timestamp":1749504600000,"orders":[{"amount":0.46,"safe_price":2519.13,"ft_order_side":"buy","order_filled_timestamp":1749420900000,"ft_is_entry":true,"ft_order_tag":"","cost":1159.3791999},{"amount":0.46,"safe_price":2638.76,"ft_order_side":"sell","order_filled_timestamp":1749504600000,"ft_is_entry":false,"ft_order_tag":"exit_signal","cost":1214.4365148000002}],"funding_fees":-0.14850114875055576},{"pair":"BTC/USDT:USDT","stake_amount":1146.9711,"max_stake_amount":1146.9711,"amount":0.011,"open_date":"2025-06-13 00:15:00+00:00","close_date":"2025-06-13 00:45:00+00:00","open_rate":104270.1,"close_rate":103850.2,"fee_open":0.0005,"fee_close":0.0005,"trade_duration":30,"profit_ratio":-0.005022516530142152,"profit_abs":-5.76356165,"exit_reason":"exit_signal","initial_stop_loss_abs":93843.1,"initial_stop_loss_ratio":-0.1,"stop_loss_abs":93843.1,"stop_loss_ratio":-0.1,"min_rate":103150.0,"max_rate":104561.9,"is_open":false,"enter_tag":"","leverage":1.0,"is_short":false,"open_timestamp":1749773700000,"close_timestamp":1749775500000,"orders":[{"amount":0.011,"safe_price":104270.1,"ft_order_side":"buy","order_filled_timestamp":1749773700000,"ft_is_entry":true,"ft_order_tag":"","cost":1147.54458555},{"amount":0.011,"safe_price":103850.2,"ft_order_side":"sell","order_filled_timestamp":1749775500000,"ft_is_entry":false,"ft_order_tag":"exit_signal","cost":1142.9233760999998}],"funding_fees":0.0},{"pair":"BTC/USDT:USDT","stake_amount":1131.3896,"max_stake_amount":1131.3896,"amount":0.011,"open_date":"2025-06-13 01:15:00+00:00","close_date":"2025-06-13 01:30:00+00:00","open_rate":102853.6,"close_rate":103212.5,"fee_open":0.0005,"fee_close":0.0005,"trade_duration":15,"profit_ratio":0.0024864378151058407,"profit_abs":2.81453645,"exit_reason":"exit_signal","initial_stop_loss_abs":92568.3,"initial_stop_loss_ratio":-0.1,"stop_loss_abs":92568.3,"stop_loss_ratio":-0.1,"min_rate":102828.9,"max_rate":103512.3,"is_open":false,"enter_tag":"","leverage":1.0,"is_short":false,"open_timestamp":1749777300000,"close_timestamp":1749778200000,"orders":[{"amount":0.011,"safe_price":102853.6,"ft_order_side":"buy","order_filled_timestamp":1749777300000,"ft_is_entry":true,"ft_order_tag":"","cost":1131.9552947999998},{"amount":0.011,"safe_price":103212.5,"ft_order_side":"sell","order_filled_timestamp":1749778200000,"ft_is_entry":false,"ft_order_tag":"exit_signal","cost":1135.9051687499998}],"funding_fees":0.0},{"pair":"SOL/USDT:USDT","stake_amount":1211.1381,"max_stake_amount":1211.1381,"amount":8.43,"open_date":"2025-06-13 05:45:00+00:00","close_date":"2025-06-15 15:00:00+00:00","open_rate":143.67,"close_rate":151.84,"fee_open":0.0005,"fee_close":0.0005,"trade_duration":3435,"profit_ratio":0.05574670202565148,"profit_abs":67.55071325,"exit_reason":"exit_signal","initial_stop_loss_abs":129.31,"initial_stop_loss_ratio":-0.1,"stop_loss_abs":129.31,"stop_loss_ratio":-0.1,"min_rate":141.87,"max_rate":152.63,"is_open":false,"enter_tag":"","leverage":1.0,"is_short":false,"open_timestamp":1749793500000,"close_timestamp":1749999600000,"orders":[{"amount":8.43,"safe_price":143.67,"ft_order_side":"buy","order_filled_timestamp":1749793500000,"ft_is_entry":true,"ft_order_tag":"","cost":1211.7436690499999},{"amount":8.43,"safe_price":151.84,"ft_order_side":"sell","order_filled_timestamp":1749999600000,"ft_is_entry":false,"ft_order_tag":"exit_signal","cost":1280.6512056}],"funding_fees":-0.07681209999215},{"pair":"ETH/USDT:USDT","stake_amount":1276.39512,"max_stake_amount":1276.39512,"amount":0.506,"open_date":"2025-06-15 20:15:00+00:00","close_date":"2025-06-16 07:15:00+00:00","open_rate":2522.52,"close_rate":2629.0,"fee_open":0.0005,"fee_close":0.0005,"trade_duration":660,"profit_ratio":0.04112392673539825,"profit_abs":52.51662459,"exit_reason":"exit_signal","initial_stop_loss_abs":2270.27,"initial_stop_loss_ratio":-0.1,"stop_loss_abs":2270.27,"stop_loss_ratio":-0.1,"min_rate":2490.38,"max_rate":2637.7,"is_open":false,"enter_tag":"","leverage":1.0,"is_short":false,"open_timestamp":1750018500000,"close_timestamp":1750058100000,"orders":[{"amount":0.506,"safe_price":2522.52,"ft_order_side":"buy","order_filled_timestamp":1750018500000,"ft_is_entry":true,"ft_order_tag":"","cost":1277.03331756},{"amount":0.506,"safe_price":2629.0,"ft_order_side":"sell","order_filled_timestamp":1750058100000,"ft_is_entry":false,"ft_order_tag":"exit_signal","cost":1330.939137}],"funding_fees":-0.058920846628975725},{"pair":"ETH/USDT:USDT","stake_amount":1328.14013,"max_stake_amount":1328.14013,"amount":0.527,"open_date":"2025-06-17 15:15:00+00:00","close_date":"2025-06-19 07:45:00+00:00","open_rate":2520.19,"close_rate":2521.47,"fee_open":0.0005,"fee_close":0.0005,"trade_duration":2430,"profit_ratio":-0.0007506289865363227,"profit_abs":-0.99743895,"exit_reason":"exit_signal","initial_stop_loss_abs":2268.18,"initial_stop_loss_ratio":-0.1,"stop_loss_abs":2268.18,"stop_loss_ratio":-0.1,"min_rate":2451.97,"max_rate":2547.35,"is_open":false,"enter_tag":"","leverage":1.0,"is_short":false,"open_timestamp":1750173300000,"close_timestamp":1750319100000,"orders":[{"amount":0.527,"safe_price":2520.19,"ft_order_side":"buy","order_filled_timestamp":1750173300000,"ft_is_entry":true,"ft_order_tag":"","cost":1328.804200065},{"amount":0.527,"safe_price":2521.47,"ft_order_side":"sell","order_filled_timestamp":1750319100000,"ft_is_entry":false,"ft_order_tag":"exit_signal","cost":1329.479097345}],"funding_fees":-0.3435215354523363},{"pair":"SOL/USDT:USDT","stake_amount":1328.214,"max_stake_amount":1328.214,"amount":9.15,"open_date":"2025-06-19 07:45:00+00:00","close_date":"2025-06-19 13:15:00+00:00","open_rate":145.16,"close_rate":144.9,"fee_open":0.0005,"fee_close":0.0005,"trade_duration":330,"profit_ratio":-0.002788837050199067,"profit_abs":-3.7060245,"exit_reason":"force_exit","initial_stop_loss_abs":130.65,"initial_stop_loss_ratio":-0.1,"stop_loss_abs":130.65,"stop_loss_ratio":-0.1,"min_rate":144.44,"max_rate":146.45,"is_open":false,"enter_tag":"","leverage":1.0,"is_short":false,"open_timestamp":1750319100000,"close_timestamp":1750338900000,"orders":[{"amount":9.15,"safe_price":145.16,"ft_order_side":"buy","order_filled_timestamp":1750319100000,"ft_is_entry":true,"ft_order_tag":"","cost":1328.8781069999998},{"amount":9.15,"safe_price":144.9,"ft_order_side":"sell","order_filled_timestamp":1750338900000,"ft_is_entry":false,"ft_order_tag":"force_exit","cost":1326.4979174999999}],"funding_fees":0.0}],"locks":[],"best_pair":{"key":"ETH/USDT:USDT","trades":28,"profit_mean":0.0073213802482858855,"profit_mean_pct":0.73,"profit_sum":0.2049986469520048,"profit_sum_pct":20.5,"profit_total_abs":221.57407889,"profit_total":0.22157407889,"profit_total_pct":22.16,"duration_avg":"13:01:00","wins":10,"draws":0,"losses":18,"winrate":0.35714285714285715,"cagr":7.5725437585616575,"expectancy":7.913359960357143,"expectancy_ratio":1.3815389333512145,"sortino":11.168731252429813,"sharpe":4.922583618367448,"calmar":329.0798395435726,"sqn":1.6257,"profit_factor":3.149060562990778,"max_drawdown_account":0.037834255369893016,"max_drawdown_abs":43.60306440999999},"worst_pair":{"key":"BTC/USDT:USDT","trades":6,"profit_mean":-0.0028502095360990287,"profit_mean_pct":-0.29,"profit_sum":-0.01710125721659417,"profit_sum_pct":-1.71,"profit_total_abs":-17.7464405,"profit_total":-0.0177464405,"profit_total_pct":-1.77,"duration_avg":"0:18:00","wins":1,"draws":0,"losses":5,"winrate":0.16666666666666666,"cagr":-0.17487797482186906,"expectancy":-2.957740083333333,"expectancy_ratio":-0.7192605902253427,"sortino":-5.705691806072396,"sharpe":-3.285991874902677,"calmar":-48.4992504062154,"sqn":-2.1794,"profit_factor":0.13688729172958877,"max_drawdown_account":0.02056097694999994,"max_drawdown_abs":20.560976949999997},"results_per_pair":[{"key":"ETH/USDT:USDT","trades":28,"profit_mean":0.0073213802482858855,"profit_mean_pct":0.73,"profit_sum":0.2049986469520048,"profit_sum_pct":20.5,"profit_total_abs":221.57407889,"profit_total":0.22157407889,"profit_total_pct":22.16,"duration_avg":"13:01:00","wins":10,"draws":0,"losses":18,"winrate":0.35714285714285715,"cagr":7.5725437585616575,"expectancy":7.913359960357143,"expectancy_ratio":1.3815389333512145,"sortino":11.168731252429813,"sharpe":4.922583618367448,"calmar":329.0798395435726,"sqn":1.6257,"profit_factor":3.149060562990778,"max_drawdown_account":0.037834255369893016,"max_drawdown_abs":43.60306440999999},{"key":"SOL/USDT:USDT","trades":3,"profit_mean":0.03950883073737339,"profit_mean_pct":3.95,"profit_sum":0.11852649221212018,"profit_sum_pct":11.85,"profit_total_abs":135.02630725,"profit_total":0.13502630725,"profit_total_pct":13.5,"duration_avg":"1 day, 2:25:00","wins":2,"draws":0,"losses":1,"winrate":0.6666666666666666,"cagr":2.894976221832197,"expectancy":45.00876908333334,"expectancy_ratio":12.14475756523826,"sortino":-100,"sharpe":2.200585779697703,"calmar":2331.305945997606,"sqn":1.8461,"profit_factor":37.43427269571478,"max_drawdown_account":0.00325451767432001,"max_drawdown_abs":3.7060245000000123},{"key":"SUI/USDT:USDT","trades":0,"profit_mean":0.0,"profit_mean_pct":0.0,"profit_sum":0.0,"profit_sum_pct":0.0,"profit_total_abs":0.0,"profit_total":0.0,"profit_total_pct":0.0,"duration_avg":"0:00","wins":0,"draws":0,"losses":0,"winrate":0.0,"cagr":0.0,"expectancy":0.0,"expectancy_ratio":100.0,"sortino":0,"sharpe":0,"calmar":0,"sqn":0.0,"profit_factor":0.0,"max_drawdown_account":0.0,"max_drawdown_abs":0.0},{"key":"BTC/USDT:USDT","trades":6,"profit_mean":-0.0028502095360990287,"profit_mean_pct":-0.29,"profit_sum":-0.01710125721659417,"profit_sum_pct":-1.71,"profit_total_abs":-17.7464405,"profit_total":-0.0177464405,"profit_total_pct":-1.77,"duration_avg":"0:18:00","wins":1,"draws":0,"losses":5,"winrate":0.16666666666666666,"cagr":-0.17487797482186906,"expectancy":-2.957740083333333,"expectancy_ratio":-0.7192605902253427,"sortino":-5.705691806072396,"sharpe":-3.285991874902677,"calmar":-48.4992504062154,"sqn":-2.1794,"profit_factor":0.13688729172958877,"max_drawdown_account":0.02056097694999994,"max_drawdown_abs":20.560976949999997},{"key":"TOTAL","trades":37,"profit_mean":0.008281726539122453,"profit_mean_pct":0.83,"profit_sum":0.3064238819475308,"profit_sum_pct":30.64,"profit_total_abs":338.85394563999995,"profit_total":0.33885394563999993,"profit_total_pct":33.89,"duration_avg":"12:02:00","wins":13,"draws":0,"losses":24,"winrate":0.35135135135135137,"cagr":21.936027813608877,"expectancy":9.158214747027026,"expectancy_ratio":1.7256619519843617,"sortino":19.59972220177419,"sharpe":7.139887809418497,"calmar":405.7343060641321,"sqn":2.0605,"profit_factor":3.6603955093092244,"max_drawdown_account":0.04692867927999998,"max_drawdown_abs":46.92867928}],"results_per_enter_tag":[{"key":"","trades":37,"profit_mean":0.008281726539122453,"profit_mean_pct":0.83,"profit_sum":0.3064238819475308,"profit_sum_pct":30.64,"profit_total_abs":338.85394563999995,"profit_total":0.33885394563999993,"profit_total_pct":33.89,"duration_avg":"12:02:00","wins":13,"draws":0,"losses":24,"winrate":0.35135135135135137,"cagr":21.936027813608877,"expectancy":9.158214747027026,"expectancy_ratio":1.7256619519843617,"sortino":19.59972220177419,"sharpe":7.139887809418497,"calmar":405.7343060641321,"sqn":2.0605,"profit_factor":3.6603955093092244,"max_drawdown_account":0.04692867927999998,"max_drawdown_abs":46.92867928},{"key":"TOTAL","trades":37,"profit_mean":0.008281726539122453,"profit_mean_pct":0.83,"profit_sum":0.3064238819475308,"profit_sum_pct":30.64,"profit_total_abs":338.85394563999995,"profit_total":0.33885394563999993,"profit_total_pct":33.89,"duration_avg":"12:02:00","wins":13,"draws":0,"losses":24,"winrate":0.35135135135135137,"cagr":21.936027813608877,"expectancy":9.158214747027026,"expectancy_ratio":1.7256619519843617,"sortino":19.59972220177419,"sharpe":7.139887809418497,"calmar":405.7343060641321,"sqn":2.0605,"profit_factor":3.6603955093092244,"max_drawdown_account":0.04692867927999998,"max_drawdown_abs":46.92867928}],"exit_reason_summary":[{"key":"exit_signal","trades":36,"profit_mean":0.008589242194381385,"profit_mean_pct":0.86,"profit_sum":0.30921271899772984,"profit_sum_pct":30.92,"profit_total_abs":342.55997013999996,"profit_total":0.34255997013999995,"profit_total_pct":34.26,"duration_avg":"12:13:00","wins":13,"draws":0,"losses":23,"winrate":0.3611111111111111,"cagr":22.62685051661199,"expectancy":9.51555472611111,"expectancy_ratio":1.769781192666001,"sortino":19.408361090335063,"sharpe":7.142890539902527,"calmar":410.17179690085294,"sqn":2.089,"profit_factor":3.770092301564176,"max_drawdown_account":0.04692867927999998,"max_drawdown_abs":46.92867928},{"key":"force_exit","trades":1,"profit_mean":-0.002788837050199067,"profit_mean_pct":-0.28,"profit_sum":-0.002788837050199067,"profit_sum_pct":-0.28,"profit_total_abs":-3.7060245,"profit_total":-0.0037060244999999998,"profit_total_pct":-0.37,"duration_avg":"5:30:00","wins":0,"draws":0,"losses":1,"winrate":0.0,"cagr":-0.03907524165863541,"expectancy":-3.7060245,"expectancy_ratio":-1.0,"sortino":-100,"sharpe":-100,"calmar":-56.19109757218452,"sqn":-100.0,"profit_factor":0.0,"max_drawdown_account":0.0037060245000000124,"max_drawdown_abs":3.7060245},{"key":"TOTAL","trades":37,"profit_mean":0.008281726539122453,"profit_mean_pct":0.83,"profit_sum":0.3064238819475308,"profit_sum_pct":30.64,"profit_total_abs":338.85394563999995,"profit_total":0.33885394563999993,"profit_total_pct":33.89,"duration_avg":"12:02:00","wins":13,"draws":0,"losses":24,"winrate":0.35135135135135137,"cagr":21.936027813608877,"expectancy":9.158214747027026,"expectancy_ratio":1.7256619519843617,"sortino":19.59972220177419,"sharpe":7.139887809418497,"calmar":405.7343060641321,"sqn":2.0605,"profit_factor":3.6603955093092244,"max_drawdown_account":0.04692867927999998,"max_drawdown_abs":46.92867928}],"mix_tag_stats":[{"key":["","exit_signal"],"trades":36,"profit_mean":0.008589242194381385,"profit_mean_pct":0.86,"profit_sum":0.30921271899772984,"profit_sum_pct":30.92,"profit_total_abs":342.55997013999996,"profit_total":0.34255997013999995,"profit_total_pct":34.26,"duration_avg":"12:13:00","wins":13,"draws":0,"losses":23,"winrate":0.3611111111111111,"cagr":22.62685051661199,"expectancy":9.51555472611111,"expectancy_ratio":1.769781192666001,"sortino":19.408361090335063,"sharpe":7.142890539902527,"calmar":410.17179690085294,"sqn":2.089,"profit_factor":3.770092301564176,"max_drawdown_account":0.04692867927999998,"max_drawdown_abs":46.92867928},{"key":["","force_exit"],"trades":1,"profit_mean":-0.002788837050199067,"profit_mean_pct":-0.28,"profit_sum":-0.002788837050199067,"profit_sum_pct":-0.28,"profit_total_abs":-3.7060245,"profit_total":-0.0037060244999999998,"profit_total_pct":-0.37,"duration_avg":"5:30:00","wins":0,"draws":0,"losses":1,"winrate":0.0,"cagr":-0.03907524165863541,"expectancy":-3.7060245,"expectancy_ratio":-1.0,"sortino":-100,"sharpe":-100,"calmar":-56.19109757218452,"sqn":-100.0,"profit_factor":0.0,"max_drawdown_account":0.0037060245000000124,"max_drawdown_abs":3.7060245},{"key":"TOTAL","trades":37,"profit_mean":0.008281726539122453,"profit_mean_pct":0.83,"profit_sum":0.3064238819475308,"profit_sum_pct":30.64,"profit_total_abs":338.85394563999995,"profit_total":0.33885394563999993,"profit_total_pct":33.89,"duration_avg":"12:02:00","wins":13,"draws":0,"losses":24,"winrate":0.35135135135135137,"cagr":21.936027813608877,"expectancy":9.158214747027026,"expectancy_ratio":1.7256619519843617,"sortino":19.59972220177419,"sharpe":7.139887809418497,"calmar":405.7343060641321,"sqn":2.0605,"profit_factor":3.6603955093092244,"max_drawdown_account":0.04692867927999998,"max_drawdown_abs":46.92867928}],"left_open_trades":[{"key":"SOL/USDT:USDT","trades":1,"profit_mean":-0.002788837050199067,"profit_mean_pct":-0.28,"profit_sum":-0.002788837050199067,"profit_sum_pct":-0.28,"profit_total_abs":-3.7060245,"profit_total":-0.0037060244999999998,"profit_total_pct":-0.37,"duration_avg":"5:30:00","wins":0,"draws":0,"losses":1,"winrate":0.0,"cagr":-0.03907524165863541,"expectancy":-3.7060245,"expectancy_ratio":-1.0,"sortino":-100,"sharpe":-100,"calmar":-56.19109757218452,"sqn":-100.0,"profit_factor":0.0,"max_drawdown_account":0.0037060245000000124,"max_drawdown_abs":3.7060245},{"key":"TOTAL","trades":1,"profit_mean":-0.002788837050199067,"profit_mean_pct":-0.28,"profit_sum":-0.002788837050199067,"profit_sum_pct":-0.28,"profit_total_abs":-3.7060245,"profit_total":-0.0037060244999999998,"profit_total_pct":-0.37,"duration_avg":"5:30:00","wins":0,"draws":0,"losses":1,"winrate":0.0,"cagr":-0.03907524165863541,"expectancy":-3.7060245,"expectancy_ratio":-1.0,"sortino":-100,"sharpe":-100,"calmar":-56.19109757218452,"sqn":-100.0,"profit_factor":0.0,"max_drawdown_account":0.0037060245000000124,"max_drawdown_abs":3.7060245}],"total_trades":37,"trade_count_long":37,"trade_count_short":0,"total_volume":82892.584089255,"avg_stake_amount":1114.4395205405406,"profit_mean":0.008281726539122453,"profit_median":-0.0007773934923208123,"profit_total":0.33885394563999993,"profit_total_long":0.33885394563999993,"profit_total_short":0.0,"profit_total_abs":338.85394563999995,"profit_total_long_abs":338.85394563999995,"profit_total_short_abs":0.0,"cagr":21.936027813608877,"expectancy":9.158214747027026,"expectancy_ratio":1.7256619519843617,"sortino":19.59972220177419,"sharpe":7.139887809418497,"calmar":405.7343060641321,"sqn":2.0605,"profit_factor":3.6603955093092244,"backtest_start":"2025-05-16 00:00:00","backtest_start_ts":1747353600000,"backtest_end":"2025-06-19 13:15:00","backtest_end_ts":1750338900000,"backtest_days":34,"backtest_run_start_ts":1750339893,"backtest_run_end_ts":1750339893,"trades_per_day":1.09,"market_change":-0.10821466975737767,"pairlist":["SOL/USDT:USDT","BTC/USDT:USDT","ETH/USDT:USDT","SUI/USDT:USDT"],"stake_amount":"unlimited","stake_currency":"USDT","stake_currency_decimals":3,"starting_balance":1000,"dry_run_wallet":1000,"final_balance":1338.85394564,"rejected_signals":213,"timedout_entry_orders":0,"timedout_exit_orders":0,"canceled_trade_entries":0,"canceled_entry_orders":0,"replaced_entry_orders":0,"max_open_trades":1,"max_open_trades_setting":1,"timeframe":"15m","timeframe_detail":"","timerange":"","enable_protections":false,"strategy_name":"GridBotSample","stoploss":-0.1,"trailing_stop":false,"trailing_stop_positive":null,"trailing_stop_positive_offset":0.0,"trailing_only_offset_is_reached":false,"use_custom_stoploss":false,"minimal_roi":{},"use_exit_signal":true,"exit_profit_only":false,"exit_profit_offset":0.0,"ignore_roi_if_entry_signal":false,"trading_mode":"futures","margin_mode":"isolated","periodic_breakdown":{"day":[{"date":"18/05/2025","date_ts":1747526400000,"profit_abs":-40.81939618,"wins":0,"draws":0,"losses":2,"trades":2,"profit_factor":0.0},{"date":"19/05/2025","date_ts":1747612800000,"profit_abs":-6.1092831,"wins":0,"draws":0,"losses":2,"trades":2,"profit_factor":0.0},{"date":"20/05/2025","date_ts":1747699200000,"profit_abs":0.0,"wins":0,"draws":0,"losses":0,"trades":0,"profit_factor":0.0},{"date":"21/05/2025","date_ts":1747785600000,"profit_abs":0.0,"wins":0,"draws":0,"losses":0,"trades":0,"profit_factor":0.0},{"date":"22/05/2025","date_ts":1747872000000,"profit_abs":77.05553828,"wins":1,"draws":0,"losses":0,"trades":1,"profit_factor":0.0},{"date":"23/05/2025","date_ts":1747958400000,"profit_abs":0.0,"wins":0,"draws":0,"losses":0,"trades":0,"profit_factor":0.0},{"date":"24/05/2025","date_ts":1748044800000,"profit_abs":18.08851618,"wins":1,"draws":0,"losses":0,"trades":1,"profit_factor":0.0},{"date":"25/05/2025","date_ts":1748131200000,"profit_abs":7.10791546,"wins":1,"draws":0,"losses":1,"trades":2,"profit_factor":107.32200844},{"date":"26/05/2025","date_ts":1748217600000,"profit_abs":0.0,"wins":0,"draws":0,"losses":0,"trades":0,"profit_factor":0.0},{"date":"27/05/2025","date_ts":1748304000000,"profit_abs":47.03415371,"wins":1,"draws":0,"losses":0,"trades":1,"profit_factor":0.0},{"date":"28/05/2025","date_ts":1748390400000,"profit_abs":0.0,"wins":0,"draws":0,"losses":0,"trades":0,"profit_factor":0.0},{"date":"29/05/2025","date_ts":1748476800000,"profit_abs":0.0,"wins":0,"draws":0,"losses":0,"trades":0,"profit_factor":0.0},{"date":"30/05/2025","date_ts":1748563200000,"profit_abs":-5.945127,"wins":0,"draws":0,"losses":1,"trades":1,"profit_factor":0.0},{"date":"31/05/2025","date_ts":1748649600000,"profit_abs":-1.10214215,"wins":0,"draws":0,"losses":1,"trades":1,"profit_factor":0.0},{"date":"01/06/2025","date_ts":1748736000000,"profit_abs":-2.76393895,"wins":0,"draws":0,"losses":1,"trades":1,"profit_factor":0.0},{"date":"02/06/2025","date_ts":1748822400000,"profit_abs":0.0,"wins":0,"draws":0,"losses":0,"trades":0,"profit_factor":0.0},{"date":"03/06/2025","date_ts":1748908800000,"profit_abs":49.82424356,"wins":1,"draws":0,"losses":0,"trades":1,"profit_factor":0.0},{"date":"04/06/2025","date_ts":1748995200000,"profit_abs":0.0,"wins":0,"draws":0,"losses":0,"trades":0,"profit_factor":0.0},{"date":"05/06/2025","date_ts":1749081600000,"profit_abs":-45.25098111,"wins":0,"draws":0,"losses":3,"trades":3,"profit_factor":0.0},{"date":"06/06/2025","date_ts":1749168000000,"profit_abs":71.1816185,"wins":1,"draws":0,"losses":0,"trades":1,"profit_factor":0.0},{"date":"07/06/2025","date_ts":1749254400000,"profit_abs":7.82594689,"wins":2,"draws":0,"losses":4,"trades":6,"profit_factor":2.96883647},{"date":"08/06/2025","date_ts":1749340800000,"profit_abs":-3.38295179,"wins":1,"draws":0,"losses":6,"trades":7,"profit_factor":0.68878395},{"date":"09/06/2025","date_ts":1749427200000,"profit_abs":53.69498415,"wins":1,"draws":0,"losses":0,"trades":1,"profit_factor":0.0},{"date":"10/06/2025","date_ts":1749513600000,"profit_abs":0.0,"wins":0,"draws":0,"losses":0,"trades":0,"profit_factor":0.0},{"date":"11/06/2025","date_ts":1749600000000,"profit_abs":0.0,"wins":0,"draws":0,"losses":0,"trades":0,"profit_factor":0.0},{"date":"12/06/2025","date_ts":1749686400000,"profit_abs":0.0,"wins":0,"draws":0,"losses":0,"trades":0,"profit_factor":0.0},{"date":"13/06/2025","date_ts":1749772800000,"profit_abs":-2.9490252,"wins":1,"draws":0,"losses":1,"trades":2,"profit_factor":0.48833284},{"date":"14/06/2025","date_ts":1749859200000,"profit_abs":0.0,"wins":0,"draws":0,"losses":0,"trades":0,"profit_factor":0.0},{"date":"15/06/2025","date_ts":1749945600000,"profit_abs":67.55071325,"wins":1,"draws":0,"losses":0,"trades":1,"profit_factor":0.0},{"date":"16/06/2025","date_ts":1750032000000,"profit_abs":52.51662459,"wins":1,"draws":0,"losses":0,"trades":1,"profit_factor":0.0},{"date":"17/06/2025","date_ts":1750118400000,"profit_abs":0.0,"wins":0,"draws":0,"losses":0,"trades":0,"profit_factor":0.0},{"date":"18/06/2025","date_ts":1750204800000,"profit_abs":0.0,"wins":0,"draws":0,"losses":0,"trades":0,"profit_factor":0.0},{"date":"19/06/2025","date_ts":1750291200000,"profit_abs":-4.70346345,"wins":0,"draws":0,"losses":2,"trades":2,"profit_factor":0.0}],"week":[{"date":"19/05/2025","date_ts":1747612800000,"profit_abs":-46.92867928,"wins":0,"draws":0,"losses":4,"trades":4,"profit_factor":0.0},{"date":"26/05/2025","date_ts":1748217600000,"profit_abs":102.25196992,"wins":3,"draws":0,"losses":1,"trades":4,"profit_factor":1530.51098953},{"date":"02/06/2025","date_ts":1748822400000,"profit_abs":37.22294561,"wins":1,"draws":0,"losses":3,"trades":4,"profit_factor":4.79392071},{"date":"09/06/2025","date_ts":1749427200000,"profit_abs":133.8928602,"wins":6,"draws":0,"losses":13,"trades":19,"profit_factor":3.22798298},{"date":"16/06/2025","date_ts":1750032000000,"profit_abs":117.11831264,"wins":3,"draws":0,"losses":1,"trades":4,"profit_factor":21.32047539},{"date":"23/06/2025","date_ts":1750636800000,"profit_abs":-4.70346345,"wins":0,"draws":0,"losses":2,"trades":2,"profit_factor":0.0}],"month":[{"date":"31/05/2025","date_ts":1748649600000,"profit_abs":95.3101752,"wins":4,"draws":0,"losses":7,"trades":11,"profit_factor":2.76360539},{"date":"30/06/2025","date_ts":1751241600000,"profit_abs":243.54377044,"wins":9,"draws":0,"losses":17,"trades":26,"profit_factor":4.32133998}],"year":[{"date":"31/12/2025","date_ts":1767139200000,"profit_abs":338.85394564,"wins":13,"draws":0,"losses":24,"trades":37,"profit_factor":3.66039551}]},"backtest_best_day":0.08182421986528936,"backtest_worst_day":-0.04155413334505198,"backtest_best_day_abs":77.05553828,"backtest_worst_day_abs":-45.25098111,"winning_days":10,"draw_days":14,"losing_days":9,"daily_profit":[["2025-05-18",-40.81939618],["2025-05-19",-6.1092831],["2025-05-20",0.0],["2025-05-21",0.0],["2025-05-22",77.05553828],["2025-05-23",0.0],["2025-05-24",18.08851618],["2025-05-25",7.10791546],["2025-05-26",0.0],["2025-05-27",47.03415371],["2025-05-28",0.0],["2025-05-29",0.0],["2025-05-30",-5.945127],["2025-05-31",-1.10214215],["2025-06-01",-2.76393895],["2025-06-02",0.0],["2025-06-03",49.82424356],["2025-06-04",0.0],["2025-06-05",-45.25098111],["2025-06-06",71.1816185],["2025-06-07",7.82594689],["2025-06-08",-3.38295179],["2025-06-09",53.69498415],["2025-06-10",0.0],["2025-06-11",0.0],["2025-06-12",0.0],["2025-06-13",-2.9490252],["2025-06-14",0.0],["2025-06-15",67.55071325],["2025-06-16",52.51662459],["2025-06-17",0.0],["2025-06-18",0.0],["2025-06-19",-4.70346345]],"wins":13,"losses":24,"draws":0,"winrate":0.35135135135135137,"holding_avg":"12:02:00","holding_avg_s":43320.0,"winner_holding_min":"0d 00:15","winner_holding_min_s":900.0,"winner_holding_max":"2d 14:00","winner_holding_max_s":223200.0,"winner_holding_avg":"0d 23:39","winner_holding_avg_s":85140.0,"loser_holding_min":"0d 00:15","loser_holding_min_s":900.0,"loser_holding_max":"1d 16:30","loser_holding_max_s":145800.0,"loser_holding_avg":"0d 05:44","loser_holding_avg_s":20640.0,"max_consecutive_wins":3,"max_consecutive_losses":6,"max_drawdown_account":0.04692867927999998,"max_relative_drawdown":0.04692867927999998,"max_drawdown_abs":46.92867928,"drawdown_start":"2025-05-18 04:30:00","drawdown_start_ts":1747542600000.0,"drawdown_end":"2025-05-19 12:00:00","drawdown_end_ts":1747656000000.0,"max_drawdown_low":-46.92867928,"max_drawdown_high":-8.21458387,"csum_min":953.07132072,"csum_max":1343.55740909}},"strategy_comparison":[{"key":"GridBotSample","trades":37,"profit_mean":0.008281726539122453,"profit_mean_pct":0.83,"profit_sum":0.3064238819475308,"profit_sum_pct":30.64,"profit_total_abs":338.85394563999995,"profit_total":0.33885394563999993,"profit_total_pct":33.89,"duration_avg":"12:02:00","wins":13,"draws":0,"losses":24,"winrate":0.35135135135135137,"cagr":21.936027813608877,"expectancy":9.158214747027026,"expectancy_ratio":1.7256619519843617,"sortino":19.59972220177419,"sharpe":7.139887809418497,"calmar":405.7343060641321,"sqn":2.0605,"profit_factor":3.6603955093092244,"max_drawdown_account":0.04692867927999998,"max_drawdown_abs":"46.929"}]}