{"strategy":{"GridBotSample":{"trades":[{"pair":"ETH/USDT:USDT","stake_amount":328.5503,"max_stake_amount":328.5503,"amount":0.13,"open_date":"2025-05-17 00:15:00+00:00","close_date":"2025-05-18 04:30:00+00:00","open_rate":2527.31,"close_rate":2481.15,"fee_open":0.0005,"fee_close":0.0005,"trade_duration":1695,"profit_ratio":-0.019302551665391222,"profit_abs":-6.34503007,"exit_reason":"exit_signal","initial_stop_loss_abs":2274.58,"initial_stop_loss_ratio":-0.1,"stop_loss_abs":2274.58,"stop_loss_ratio":-0.1,"min_rate":2442.65,"max_rate":2527.31,"is_open":false,"enter_tag":"","leverage":1.0,"is_short":false,"open_timestamp":1747440900000,"close_timestamp":1747542600000,"orders":[{"amount":0.13,"safe_price":2527.31,"ft_order_side":"buy","order_filled_timestamp":1747440900000,"ft_is_entry":true,"ft_order_tag":"","cost":328.71457515},{"amount":0.13,"safe_price":2481.15,"ft_order_side":"sell","order_filled_timestamp":1747542600000,"ft_is_entry":false,"ft_order_tag":"exit_signal","cost":322.71077475}],"funding_fees":-0.01868017480991883},{"pair":"BTC/USDT:USDT","stake_amount":312.8019,"max_stake_amount":312.8019,"amount":0.003,"open_date":"2025-05-18 18:15:00+00:00","close_date":"2025-05-18 18:30:00+00:00","open_rate":104267.3,"close_rate":104649.8,"fee_open":0.0005,"fee_close":0.0005,"trade_duration":15,"profit_ratio":0.0026652891055069486,"profit_abs":0.83412435,"exit_reason":"exit_signal","initial_stop_loss_abs":93840.6,"initial_stop_loss_ratio":-0.1,"stop_loss_abs":93840.6,"stop_loss_ratio":-0.1,"min_rate":104012.8,"max_rate":104716.7,"is_open":false,"enter_tag":"","leverage":1.0,"is_short":false,"open_timestamp":1747592100000,"close_timestamp":1747593000000,"orders":[{"amount":0.003,"safe_price":104267.3,"ft_order_side":"buy","order_filled_timestamp":1747592100000,"ft_is_entry":true,"ft_order_tag":"","cost":312.95830094999997},{"amount":0.003,"safe_price":104649.8,"ft_order_side":"sell","order_filled_timestamp":1747593000000,"ft_is_entry":false,"ft_order_tag":"exit_signal","cost":314.1063747}],"funding_fees":0.0},{"pair":"ETH/USDT:USDT","stake_amount":325.79176,"max_stake_amount":325.79176,"amount":0.131,"open_date":"2025-05-18 04:45:00+00:00","close_date":"2025-05-18 20:00:00+00:00","open_rate":2486.96,"close_rate":2406.78,"fee_open":0.0005,"fee_close":0.0005,"trade_duration":915,"profit_ratio":-0.03325826502073648,"profit_abs":-10.84068633,"exit_reason":"exit_signal","initial_stop_loss_abs":2238.27,"initial_stop_loss_ratio":-0.1,"stop_loss_abs":2238.27,"stop_loss_ratio":-0.1,"min_rate":2312.62,"max_rate":2587.52,"is_open":false,"enter_tag":"","leverage":1.0,"is_short":false,"open_timestamp":1747543500000,"close_timestamp":1747598400000,"orders":[{"amount":0.131,"safe_price":2486.96,"ft_order_side":"buy","order_filled_timestamp":1747543500000,"ft_is_entry":true,"ft_order_tag":"","cost":325.95465588},{"amount":0.131,"safe_price":2406.78,"ft_order_side":"sell","order_filled_timestamp":1747598400000,"ft_is_entry":false,"ft_order_tag":"exit_signal","cost":315.44582409}],"funding_fees":-0.01656635586090441},{"pair":"BTC/USDT:USDT","stake_amount":310.8753,"max_stake_amount":310.8753,"amount":0.003,"open_date":"2025-05-19 04:15:00+00:00","close_date":"2025-05-19 04:30:00+00:00","open_rate":103625.1,"close_rate":103266.3,"fee_open":0.0005,"fee_close":0.0005,"trade_duration":15,"profit_ratio":-0.0044585210789053345,"profit_abs":-1.3867371,"exit_reason":"exit_signal","initial_stop_loss_abs":93262.6,"initial_stop_loss_ratio":-0.1,"stop_loss_abs":93262.6,"stop_loss_ratio":-0.1,"min_rate":103000.0,"max_rate":103626.6,"is_open":false,"enter_tag":"","leverage":1.0,"is_short":false,"open_timestamp":1747628100000,"close_timestamp":1747629000000,"orders":[{"amount":0.003,"safe_price":103625.1,"ft_order_side":"buy","order_filled_timestamp":1747628100000,"ft_is_entry":true,"ft_order_tag":"","cost":311.03073765000005},{"amount":0.003,"safe_price":103266.3,"ft_order_side":"sell","order_filled_timestamp":1747629000000,"ft_is_entry":false,"ft_order_tag":"exit_signal","cost":309.95379944999996}],"funding_fees":0.0},{"pair":"ETH/USDT:USDT","stake_amount":323.47861,"max_stake_amount":323.47861,"amount":0.133,"open_date":"2025-05-19 13:45:00+00:00","close_date":"2025-05-22 03:45:00+00:00","open_rate":2432.17,"close_rate":2634.82,"fee_open":0.0005,"fee_close":0.0005,"trade_duration":3720,"profit_ratio":0.08182421986896206,"profit_abs":26.4816191,"exit_reason":"exit_signal","initial_stop_loss_abs":2188.96,"initial_stop_loss_ratio":-0.1,"stop_loss_abs":2188.96,"stop_loss_ratio":-0.1,"min_rate":2416.4,"max_rate":2647.25,"is_open":false,"enter_tag":"","leverage":1.0,"is_short":false,"open_timestamp":1747662300000,"close_timestamp":1747885500000,"orders":[{"amount":0.133,"safe_price":2432.17,"ft_order_side":"buy","order_filled_timestamp":1747662300000,"ft_is_entry":true,"ft_order_tag":"","cost":323.640349305},{"amount":0.133,"safe_price":2634.82,"ft_order_side":"sell","order_filled_timestamp":1747885500000,"ft_is_entry":false,"ft_order_tag":"exit_signal","cost":350.60627553000006}],"funding_fees":-0.1338760659079377},{"pair":"ETH/USDT:USDT","stake_amount":331.25315,"max_stake_amount":331.25315,"amount":0.131,"open_date":"2025-05-23 23:30:00+00:00","close_date":"2025-05-24 18:15:00+00:00","open_rate":2528.65,"close_rate":2561.57,"fee_open":0.0005,"fee_close":0.0005,"trade_duration":1125,"profit_ratio":0.011844534671715137,"profit_abs":3.92550119,"exit_reason":"exit_signal","initial_stop_loss_abs":2275.79,"initial_stop_loss_ratio":-0.1,"stop_loss_abs":2275.79,"stop_loss_ratio":-0.1,"min_rate":2502.1,"max_rate":2574.5,"is_open":false,"enter_tag":"","leverage":1.0,"is_short":false,"open_timestamp":1748043000000,"close_timestamp":1748110500000,"orders":[{"amount":0.131,"safe_price":2528.65,"ft_order_side":"buy","order_filled_timestamp":1748043000000,"ft_is_entry":true,"ft_order_tag":"","cost":331.418776575},{"amount":0.131,"safe_price":2561.57,"ft_order_side":"sell","order_filled_timestamp":1748110500000,"ft_is_entry":false,"ft_order_tag":"exit_signal","cost":335.733452835}],"funding_fees":-0.053609403505063054},{"pair":"ETH/USDT:USDT","stake_amount":333.2076,"max_stake_amount":333.2076,"amount":0.132,"open_date":"2025-05-24 23:00:00+00:00","close_date":"2025-05-25 19:00:00+00:00","open_rate":2524.3,"close_rate":2514.89,"fee_open":0.0005,"fee_close":0.0005,"trade_duration":1200,"profit_ratio":-0.004905422799242993,"profit_abs":-1.63534142,"exit_reason":"exit_signal","initial_stop_loss_abs":2271.88,"initial_stop_loss_ratio":-0.1,"stop_loss_abs":2271.88,"stop_loss_ratio":-0.1,"min_rate":2457.6,"max_rate":2538.38,"is_open":false,"enter_tag":"","leverage":1.0,"is_short":false,"open_timestamp":1748127600000,"close_timestamp":1748199600000,"orders":[{"amount":0.132,"safe_price":2524.3,"ft_order_side":"buy","order_filled_timestamp":1748127600000,"ft_is_entry":true,"ft_order_tag":"","cost":333.3742038},{"amount":0.132,"safe_price":2514.89,"ft_order_side":"sell","order_filled_timestamp":1748199600000,"ft_is_entry":false,"ft_order_tag":"exit_signal","cost":332.13146274}],"funding_fees":-0.060634881727199996},{"pair":"ETH/USDT:USDT","stake_amount":332.6796,"max_stake_amount":332.6796,"amount":0.132,"open_date":"2025-05-25 19:30:00+00:00","close_date":"2025-05-25 21:00:00+00:00","open_rate":2520.3,"close_rate":2522.66,"fee_open":0.0005,"fee_close":0.0005,"trade_duration":90,"profit_ratio":-6.403971763275208e-05,"profit_abs":-0.02131536,"exit_reason":"exit_signal","initial_stop_loss_abs":2268.28,"initial_stop_loss_ratio":-0.1,"stop_loss_abs":2268.28,"stop_loss_ratio":-0.1,"min_rate":2509.69,"max_rate":2537.0,"is_open":false,"enter_tag":"","leverage":1.0,"is_short":false,"open_timestamp":1748201400000,"close_timestamp":1748206800000,"orders":[{"amount":0.132,"safe_price":2520.3,"ft_order_side":"buy","order_filled_timestamp":1748201400000,"ft_is_entry":true,"ft_order_tag":"","cost":332.84593980000005},{"amount":0.132,"safe_price":2522.66,"ft_order_side":"sell","order_filled_timestamp":1748206800000,"ft_is_entry":false,"ft_order_tag":"exit_signal","cost":333.15761556}],"funding_fees":0.0},{"pair":"ETH/USDT:USDT","stake_amount":332.69676,"max_stake_amount":332.69676,"amount":0.132,"open_date":"2025-05-25 21:30:00+00:00","close_date":"2025-05-27 08:30:00+00:00","open_rate":2520.43,"close_rate":2637.32,"fee_open":0.0005,"fee_close":0.0005,"trade_duration":2100,"profit_ratio":0.04505274526511949,"profit_abs":14.99639683,"exit_reason":"exit_signal","initial_stop_loss_abs":2268.39,"initial_stop_loss_ratio":-0.1,"stop_loss_abs":2268.39,"stop_loss_ratio":-0.1,"min_rate":2506.08,"max_rate":2643.44,"is_open":false,"enter_tag":"","leverage":1.0,"is_short":false,"open_timestamp":1748208600000,"close_timestamp":1748334600000,"orders":[{"amount":0.132,"safe_price":2520.43,"ft_order_side":"buy","order_filled_timestamp":1748208600000,"ft_is_entry":true,"ft_order_tag":"","cost":332.86310837999997},{"amount":0.132,"safe_price":2637.32,"ft_order_side":"sell","order_filled_timestamp":1748334600000,"ft_is_entry":false,"ft_order_tag":"exit_signal","cost":348.30030312}],"funding_fees":-0.09267166521058957},{"pair":"BTC/USDT:USDT","stake_amount":313.0737,"max_stake_amount":313.0737,"amount":0.003,"open_date":"2025-05-30 16:45:00+00:00","close_date":"2025-05-30 17:00:00+00:00","open_rate":104357.9,"close_rate":103867.5,"fee_open":0.0005,"fee_close":0.0005,"trade_duration":15,"profit_ratio":-0.005694016382122465,"profit_abs":-1.7835381,"exit_reason":"exit_signal","initial_stop_loss_abs":93922.2,"initial_stop_loss_ratio":-0.1,"stop_loss_abs":93922.2,"stop_loss_ratio":-0.1,"min_rate":103650.2,"max_rate":104358.0,"is_open":false,"enter_tag":"","leverage":1.0,"is_short":false,"open_timestamp":1748623500000,"close_timestamp":1748624400000,"orders":[{"amount":0.003,"safe_price":104357.9,"ft_order_side":"buy","order_filled_timestamp":1748623500000,"ft_is_entry":true,"ft_order_tag":"","cost":313.23023685},{"amount":0.003,"safe_price":103867.5,"ft_order_side":"sell","order_filled_timestamp":1748624400000,"ft_is_entry":false,"ft_order_tag":"exit_signal","cost":311.75830125}],"funding_fees":0.0},{"pair":"ETH/USDT:USDT","stake_amount":335.63481,"max_stake_amount":335.63481,"amount":0.133,"open_date":"2025-05-30 22:45:00+00:00","close_date":"2025-05-31 12:00:00+00:00","open_rate":2523.57,"close_rate":2518.6,"fee_open":0.0005,"fee_close":0.0005,"trade_duration":795,"profit_ratio":-0.003081307993317367,"profit_abs":-1.03471132,"exit_reason":"exit_signal","initial_stop_loss_abs":2271.22,"initial_stop_loss_ratio":-0.1,"stop_loss_abs":2271.22,"stop_loss_ratio":-0.1,"min_rate":2474.0,"max_rate":2543.45,"is_open":false,"enter_tag":"","leverage":1.0,"is_short":false,"open_timestamp":1748645100000,"close_timestamp":1748692800000,"orders":[{"amount":0.133,"safe_price":2523.57,"ft_order_side":"buy","order_filled_timestamp":1748645100000,"ft_is_entry":true,"ft_order_tag":"","cost":335.802627405},{"amount":0.133,"safe_price":2518.6,"ft_order_side":"sell","order_filled_timestamp":1748692800000,"ft_is_entry":false,"ft_order_tag":"exit_signal","cost":335.14128689999995}],"funding_fees":-0.03839701496554949},{"pair":"ETH/USDT:USDT","stake_amount":336.40887,"max_stake_amount":336.40887,"amount":0.133,"open_date":"2025-05-31 12:15:00+00:00","close_date":"2025-05-31 19:00:00+00:00","open_rate":2529.39,"close_rate":2538.82,"fee_open":0.0005,"fee_close":0.0005,"trade_duration":405,"profit_ratio":0.0026975074625153594,"profit_abs":0.90791917,"exit_reason":"exit_signal","initial_stop_loss_abs":2276.46,"initial_stop_loss_ratio":-0.1,"stop_loss_abs":2276.46,"stop_loss_ratio":-0.1,"min_rate":2521.05,"max_rate":2550.0,"is_open":false,"enter_tag":"","leverage":1.0,"is_short":false,"open_timestamp":1748693700000,"close_timestamp":1748718000000,"orders":[{"amount":0.133,"safe_price":2529.39,"ft_order_side":"buy","order_filled_timestamp":1748693700000,"ft_is_entry":true,"ft_order_tag":"","cost":336.577074435},{"amount":0.133,"safe_price":2538.82,"ft_order_side":"sell","order_filled_timestamp":1748718000000,"ft_is_entry":false,"ft_order_tag":"exit_signal","cost":337.83189153}],"funding_fees":-0.009234868889238438},{"pair":"ETH/USDT:USDT","stake_amount":336.41818,"max_stake_amount":336.41818,"amount":0.133,"open_date":"2025-05-31 23:45:00+00:00","close_date":"2025-06-01 05:45:00+00:00","open_rate":2529.46,"close_rate":2515.81,"fee_open":0.0005,"fee_close":0.0005,"trade_duration":360,"profit_ratio":-0.006465607257274135,"profit_abs":-2.1762354,"exit_reason":"exit_signal","initial_stop_loss_abs":2276.52,"initial_stop_loss_ratio":-0.1,"stop_loss_abs":2276.52,"stop_loss_ratio":-0.1,"min_rate":2488.52,"max_rate":2530.45,"is_open":false,"enter_tag":"","leverage":1.0,"is_short":false,"open_timestamp":1748735100000,"close_timestamp":1748756700000,"orders":[{"amount":0.133,"safe_price":2529.46,"ft_order_side":"buy","order_filled_timestamp":1748735100000,"ft_is_entry":true,"ft_order_tag":"","cost":336.58638909},{"amount":0.133,"safe_price":2515.81,"ft_order_side":"sell","order_filled_timestamp":1748756700000,"ft_is_entry":false,"ft_order_tag":"exit_signal","cost":334.77003136499997}],"funding_fees":-0.025274943344000003},{"pair":"ETH/USDT:USDT","stake_amount":334.82218,"max_stake_amount":334.82218,"amount":0.133,"open_date":"2025-06-01 06:00:00+00:00","close_date":"2025-06-03 01:45:00+00:00","open_rate":2517.46,"close_rate":2636.84,"fee_open":0.0005,"fee_close":0.0005,"trade_duration":2625,"profit_ratio":0.046110916042910774,"profit_abs":15.44667691,"exit_reason":"exit_signal","initial_stop_loss_abs":2265.72,"initial_stop_loss_ratio":-0.1,"stop_loss_abs":2265.72,"stop_loss_ratio":-0.1,"min_rate":2465.0,"max_rate":2649.0,"is_open":false,"enter_tag":"","leverage":1.0,"is_short":false,"open_timestamp":1748757600000,"close_timestamp":1748915100000,"orders":[{"amount":0.133,"safe_price":2517.46,"ft_order_side":"buy","order_filled_timestamp":1748757600000,"ft_is_entry":true,"ft_order_tag":"","cost":334.98959109},{"amount":0.133,"safe_price":2636.84,"ft_order_side":"sell","order_filled_timestamp":1748915100000,"ft_is_entry":false,"ft_order_tag":"exit_signal","cost":350.87506986}],"funding_fees":-0.08810214132222975},{"pair":"BTC/USDT:USDT","stake_amount":313.4259,"max_stake_amount":313.4259,"amount":0.003,"open_date":"2025-06-05 14:00:00+00:00","close_date":"2025-06-05 14:15:00+00:00","open_rate":104475.3,"close_rate":104223.7,"fee_open":0.0005,"fee_close":0.0005,"trade_duration":15,"profit_ratio":-0.0034053179478106647,"profit_abs":-1.0678485,"exit_reason":"exit_signal","initial_stop_loss_abs":94027.8,"initial_stop_loss_ratio":-0.1,"stop_loss_abs":94027.8,"stop_loss_ratio":-0.1,"min_rate":103825.0,"max_rate":104506.3,"is_open":false,"enter_tag":"","leverage":1.0,"is_short":false,"open_timestamp":1749132000000,"close_timestamp":1749132900000,"orders":[{"amount":0.003,"safe_price":104475.3,"ft_order_side":"buy","order_filled_timestamp":1749132000000,"ft_is_entry":true,"ft_order_tag":"","cost":313.58261295},{"amount":0.003,"safe_price":104223.7,"ft_order_side":"sell","order_filled_timestamp":1749132900000,"ft_is_entry":false,"ft_order_tag":"exit_signal","cost":312.82743555}],"funding_fees":0.0},{"pair":"BTC/USDT:USDT","stake_amount":306.4872,"max_stake_amount":306.4872,"amount":0.003,"open_date":"2025-06-05 19:30:00+00:00","close_date":"2025-06-05 19:45:00+00:00","open_rate":102162.4,"close_rate":102161.6,"fee_open":0.0005,"fee_close":0.0005,"trade_duration":15,"profit_ratio":-0.0010073230927193976,"profit_abs":-0.308886,"exit_reason":"exit_signal","initial_stop_loss_abs":91946.2,"initial_stop_loss_ratio":-0.1,"stop_loss_abs":91946.2,"stop_loss_ratio":-0.1,"min_rate":101808.2,"max_rate":102445.7,"is_open":false,"enter_tag":"","leverage":1.0,"is_short":false,"open_timestamp":1749151800000,"close_timestamp":1749152700000,"orders":[{"amount":0.003,"safe_price":102162.4,"ft_order_side":"buy","order_filled_timestamp":1749151800000,"ft_is_entry":true,"ft_order_tag":"","cost":306.64044359999997},{"amount":0.003,"safe_price":102161.6,"ft_order_side":"sell","order_filled_timestamp":1749152700000,"ft_is_entry":false,"ft_order_tag":"exit_signal","cost":306.6380424}],"funding_fees":0.0},{"pair":"ETH/USDT:USDT","stake_amount":341.2908,"max_stake_amount":341.2908,"amount":0.135,"open_date":"2025-06-05 20:00:00+00:00","close_date":"2025-06-05 20:45:00+00:00","open_rate":2528.08,"close_rate":2417.7,"fee_open":0.0005,"fee_close":0.0005,"trade_duration":45,"profit_ratio":-0.04461745346433773,"profit_abs":-15.23514015,"exit_reason":"exit_signal","initial_stop_loss_abs":2275.28,"initial_stop_loss_ratio":-0.1,"stop_loss_abs":2275.28,"stop_loss_ratio":-0.1,"min_rate":2392.32,"max_rate":2534.79,"is_open":false,"enter_tag":"","leverage":1.0,"is_short":false,"open_timestamp":1749153600000,"close_timestamp":1749156300000,"orders":[{"amount":0.135,"safe_price":2528.08,"ft_order_side":"buy","order_filled_timestamp":1749153600000,"ft_is_entry":true,"ft_order_tag":"","cost":341.46144539999995},{"amount":0.135,"safe_price":2417.7,"ft_order_side":"sell","order_filled_timestamp":1749156300000,"ft_is_entry":false,"ft_order_tag":"exit_signal","cost":326.55269475}],"funding_fees":0.0},{"pair":"ETH/USDT:USDT","stake_amount":335.961,"max_stake_amount":335.961,"amount":0.138,"open_date":"2025-06-06 03:00:00+00:00","close_date":"2025-06-07 08:45:00+00:00","open_rate":2434.5,"close_rate":2485.35,"fee_open":0.0005,"fee_close":0.0005,"trade_duration":1785,"profit_ratio":0.019668409043950317,"profit_abs":6.61112228,"exit_reason":"exit_signal","initial_stop_loss_abs":2191.05,"initial_stop_loss_ratio":-0.1,"stop_loss_abs":2191.05,"stop_loss_ratio":-0.1,"min_rate":2427.12,"max_rate":2529.67,"is_open":false,"enter_tag":"","leverage":1.0,"is_short":false,"open_timestamp":1749178800000,"close_timestamp":1749285900000,"orders":[{"amount":0.138,"safe_price":2434.5,"ft_order_side":"buy","order_filled_timestamp":1749178800000,"ft_is_entry":true,"ft_order_tag":"","cost":336.1289805},{"amount":0.138,"safe_price":2485.35,"ft_order_side":"sell","order_filled_timestamp":1749285900000,"ft_is_entry":false,"ft_order_tag":"exit_signal","cost":343.14978914999995}],"funding_fees":-0.06670807463917773},{"pair":"ETH/USDT:USDT","stake_amount":337.63768,"max_stake_amount":337.63768,"amount":0.136,"open_date":"2025-06-07 09:00:00+00:00","close_date":"2025-06-07 10:00:00+00:00","open_rate":2482.63,"close_rate":2485.01,"fee_open":0.0005,"fee_close":0.0005,"trade_duration":60,"profit_ratio":-4.1797656494132825e-05,"profit_abs":-0.01411952,"exit_reason":"exit_signal","initial_stop_loss_abs":2234.37,"initial_stop_loss_ratio":-0.1,"stop_loss_abs":2234.37,"stop_loss_ratio":-0.1,"min_rate":2481.91,"max_rate":2489.36,"is_open":false,"enter_tag":"","leverage":1.0,"is_short":false,"open_timestamp":1749286800000,"close_timestamp":1749290400000,"orders":[{"amount":0.136,"safe_price":2482.63,"ft_order_side":"buy","order_filled_timestamp":1749286800000,"ft_is_entry":true,"ft_order_tag":"","cost":337.80649884},{"amount":0.136,"safe_price":2485.01,"ft_order_side":"sell","order_filled_timestamp":1749290400000,"ft_is_entry":false,"ft_order_tag":"exit_signal","cost":338.1303406800001}],"funding_fees":0.0},{"pair":"ETH/USDT:USDT","stake_amount":338.44416,"max_stake_amount":338.44416,"amount":0.136,"open_date":"2025-06-07 10:15:00+00:00","close_date":"2025-06-07 20:00:00+00:00","open_rate":2488.56,"close_rate":2515.78,"fee_open":0.0005,"fee_close":0.0005,"trade_duration":585,"profit_ratio":0.009859303904330796,"profit_abs":3.33849224,"exit_reason":"exit_signal","initial_stop_loss_abs":2239.71,"initial_stop_loss_ratio":-0.1,"stop_loss_abs":2239.71,"stop_loss_ratio":-0.1,"min_rate":2487.11,"max_rate":2524.9,"is_open":false,"enter_tag":"","leverage":1.0,"is_short":false,"open_timestamp":1749291300000,"close_timestamp":1749326400000,"orders":[{"amount":0.136,"safe_price":2488.56,"ft_order_side":"buy","order_filled_timestamp":1749291300000,"ft_is_entry":true,"ft_order_tag":"","cost":338.61338208},{"amount":0.136,"safe_price":2515.78,"ft_order_side":"sell","order_filled_timestamp":1749326400000,"ft_is_entry":false,"ft_order_tag":"exit_signal","cost":342.31715304}],"funding_fees":-0.023132640357256623},{"pair":"ETH/USDT:USDT","stake_amount":338.1825,"max_stake_amount":338.1825,"amount":0.134,"open_date":"2025-06-07 20:15:00+00:00","close_date":"2025-06-07 21:00:00+00:00","open_rate":2523.75,"close_rate":2520.75,"fee_open":0.0005,"fee_close":0.0005,"trade_duration":45,"profit_ratio":-0.0021870194174829372,"profit_abs":-0.7399815,"exit_reason":"exit_signal","initial_stop_loss_abs":2271.38,"initial_stop_loss_ratio":-0.1,"stop_loss_abs":2271.38,"stop_loss_ratio":-0.1,"min_rate":2517.28,"max_rate":2524.12,"is_open":false,"enter_tag":"","leverage":1.0,"is_short":false,"open_timestamp":1749327300000,"close_timestamp":1749330000000,"orders":[{"amount":0.134,"safe_price":2523.75,"ft_order_side":"buy","order_filled_timestamp":1749327300000,"ft_is_entry":true,"ft_order_tag":"","cost":338.35159125},{"amount":0.134,"safe_price":2520.75,"ft_order_side":"sell","order_filled_timestamp":1749330000000,"ft_is_entry":false,"ft_order_tag":"exit_signal","cost":337.94939025}],"funding_fees":0.0},{"pair":"ETH/USDT:USDT","stake_amount":337.51786,"max_stake_amount":337.51786,"amount":0.134,"open_date":"2025-06-07 21:15:00+00:00","close_date":"2025-06-07 21:30:00+00:00","open_rate":2518.79,"close_rate":2519.35,"fee_open":0.0005,"fee_close":0.0005,"trade_duration":15,"profit_ratio":-0.0007773934923208123,"profit_abs":-0.26251538,"exit_reason":"exit_signal","initial_stop_loss_abs":2266.92,"initial_stop_loss_ratio":-0.1,"stop_loss_abs":2266.92,"stop_loss_ratio":-0.1,"min_rate":2517.22,"max_rate":2522.38,"is_open":false,"enter_tag":"","leverage":1.0,"is_short":false,"open_timestamp":1749330900000,"close_timestamp":1749331800000,"orders":[{"amount":0.134,"safe_price":2518.79,"ft_order_side":"buy","order_filled_timestamp":1749330900000,"ft_is_entry":true,"ft_order_tag":"","cost":337.68661893},{"amount":0.134,"safe_price":2519.35,"ft_order_side":"sell","order_filled_timestamp":1749331800000,"ft_is_entry":false,"ft_order_tag":"exit_signal","cost":337.76169645}],"funding_fees":0.0},{"pair":"ETH/USDT:USDT","stake_amount":337.58888,"max_stake_amount":337.58888,"amount":0.134,"open_date":"2025-06-07 22:15:00+00:00","close_date":"2025-06-07 22:30:00+00:00","open_rate":2519.32,"close_rate":2522.73,"fee_open":0.0005,"fee_close":0.0005,"trade_duration":15,"profit_ratio":0.00035268673079747056,"profit_abs":0.11912265,"exit_reason":"exit_signal","initial_stop_loss_abs":2267.39,"initial_stop_loss_ratio":-0.1,"stop_loss_abs":2267.39,"stop_loss_ratio":-0.1,"min_rate":2518.68,"max_rate":2545.0,"is_open":false,"enter_tag":"","leverage":1.0,"is_short":false,"open_timestamp":1749334500000,"close_timestamp":1749335400000,"orders":[{"amount":0.134,"safe_price":2519.32,"ft_order_side":"buy","order_filled_timestamp":1749334500000,"ft_is_entry":true,"ft_order_tag":"","cost":337.75767444},{"amount":0.134,"safe_price":2522.73,"ft_order_side":"sell","order_filled_timestamp":1749335400000,"ft_is_entry":false,"ft_order_tag":"exit_signal","cost":338.21484291}],"funding_fees":0.0},{"pair":"ETH/USDT:USDT","stake_amount":338.82972,"max_stake_amount":338.82972,"amount":0.134,"open_date":"2025-06-07 23:15:00+00:00","close_date":"2025-06-08 02:30:00+00:00","open_rate":2528.58,"close_rate":2512.84,"fee_open":0.0005,"fee_close":0.0005,"trade_duration":195,"profit_ratio":-0.007317872834762549,"profit_abs":-2.48075256,"exit_reason":"exit_signal","initial_stop_loss_abs":2275.73,"initial_stop_loss_ratio":-0.1,"stop_loss_abs":2275.73,"stop_loss_ratio":-0.1,"min_rate":2510.02,"max_rate":2528.97,"is_open":false,"enter_tag":"","leverage":1.0,"is_short":false,"open_timestamp":1749338100000,"close_timestamp":1749349800000,"orders":[{"amount":0.134,"safe_price":2528.58,"ft_order_side":"buy","order_filled_timestamp":1749338100000,"ft_is_entry":true,"ft_order_tag":"","cost":338.99913485999997},{"amount":0.134,"safe_price":2512.84,"ft_order_side":"sell","order_filled_timestamp":1749349800000,"ft_is_entry":false,"ft_order_tag":"exit_signal","cost":336.88892028000004}],"funding_fees":-0.033817416135688005},{"pair":"ETH/USDT:USDT","stake_amount":336.83714,"max_stake_amount":336.83714,"amount":0.134,"open_date":"2025-06-08 02:45:00+00:00","close_date":"2025-06-08 03:30:00+00:00","open_rate":2513.71,"close_rate":2509.63,"fee_open":0.0005,"fee_close":0.0005,"trade_duration":45,"profit_ratio":-0.002620976887586059,"profit_abs":-0.88328378,"exit_reason":"exit_signal","initial_stop_loss_abs":2262.34,"initial_stop_loss_ratio":-0.1,"stop_loss_abs":2262.34,"stop_loss_ratio":-0.1,"min_rate":2507.25,"max_rate":2515.0,"is_open":false,"enter_tag":"","leverage":1.0,"is_short":false,"open_timestamp":1749350700000,"close_timestamp":1749353400000,"orders":[{"amount":0.134,"safe_price":2513.71,"ft_order_side":"buy","order_filled_timestamp":1749350700000,"ft_is_entry":true,"ft_order_tag":"","cost":337.00555857},{"amount":0.134,"safe_price":2509.63,"ft_order_side":"sell","order_filled_timestamp":1749353400000,"ft_is_entry":false,"ft_order_tag":"exit_signal","cost":336.45856521}],"funding_fees":0.0},{"pair":"ETH/USDT:USDT","stake_amount":338.62455,"max_stake_amount":338.62455,"amount":0.135,"open_date":"2025-06-08 04:15:00+00:00","close_date":"2025-06-08 04:30:00+00:00","open_rate":2508.33,"close_rate":2510.66,"fee_open":0.0005,"fee_close":0.0005,"trade_duration":15,"profit_ratio":-7.15237868752503e-05,"profit_abs":-0.02423182,"exit_reason":"exit_signal","initial_stop_loss_abs":2257.5,"initial_stop_loss_ratio":-0.1,"stop_loss_abs":2257.5,"stop_loss_ratio":-0.1,"min_rate":2507.96,"max_rate":2517.55,"is_open":false,"enter_tag":"","leverage":1.0,"is_short":false,"open_timestamp":1749356100000,"close_timestamp":1749357000000,"orders":[{"amount":0.135,"safe_price":2508.33,"ft_order_side":"buy","order_filled_timestamp":1749356100000,"ft_is_entry":true,"ft_order_tag":"","cost":338.793862275},{"amount":0.135,"safe_price":2510.66,"ft_order_side":"sell","order_filled_timestamp":1749357000000,"ft_is_entry":false,"ft_order_tag":"exit_signal","cost":339.10856954999997}],"funding_fees":0.0},{"pair":"ETH/USDT:USDT","stake_amount":337.30212,"max_stake_amount":337.30212,"amount":0.134,"open_date":"2025-06-08 04:45:00+00:00","close_date":"2025-06-08 06:15:00+00:00","open_rate":2517.18,"close_rate":2511.88,"fee_open":0.0005,"fee_close":0.0005,"trade_duration":90,"profit_ratio":-0.003102926563716608,"profit_abs":-1.04714702,"exit_reason":"exit_signal","initial_stop_loss_abs":2265.47,"initial_stop_loss_ratio":-0.1,"stop_loss_abs":2265.47,"stop_loss_ratio":-0.1,"min_rate":2507.69,"max_rate":2519.03,"is_open":false,"enter_tag":"","leverage":1.0,"is_short":false,"open_timestamp":1749357900000,"close_timestamp":1749363300000,"orders":[{"amount":0.134,"safe_price":2517.18,"ft_order_side":"buy","order_filled_timestamp":1749357900000,"ft_is_entry":true,"ft_order_tag":"","cost":337.47077106},{"amount":0.134,"safe_price":2511.88,"ft_order_side":"sell","order_filled_timestamp":1749363300000,"ft_is_entry":false,"ft_order_tag":"exit_signal","cost":336.76021596}],"funding_fees":0.0},{"pair":"ETH/USDT:USDT","stake_amount":336.75808,"max_stake_amount":336.75808,"amount":0.134,"open_date":"2025-06-08 06:30:00+00:00","close_date":"2025-06-08 06:45:00+00:00","open_rate":2513.12,"close_rate":2515.23,"fee_open":0.0005,"fee_close":0.0005,"trade_duration":15,"profit_ratio":-0.00016074561242330384,"profit_abs":-0.05415945,"exit_reason":"exit_signal","initial_stop_loss_abs":2261.81,"initial_stop_loss_ratio":-0.1,"stop_loss_abs":2261.81,"stop_loss_ratio":-0.1,"min_rate":2511.5,"max_rate":2516.4,"is_open":false,"enter_tag":"","leverage":1.0,"is_short":false,"open_timestamp":1749364200000,"close_timestamp":1749365100000,"orders":[{"amount":0.134,"safe_price":2513.12,"ft_order_side":"buy","order_filled_timestamp":1749364200000,"ft_is_entry":true,"ft_order_tag":"","cost":336.92645904},{"amount":0.134,"safe_price":2515.23,"ft_order_side":"sell","order_filled_timestamp":1749365100000,"ft_is_entry":false,"ft_order_tag":"exit_signal","cost":337.20934041}],"funding_fees":0.0},{"pair":"ETH/USDT:USDT","stake_amount":336.80364,"max_stake_amount":336.80364,"amount":0.134,"open_date":"2025-06-08 08:00:00+00:00","close_date":"2025-06-08 08:30:00+00:00","open_rate":2513.46,"close_rate":2514.25,"fee_open":0.0005,"fee_close":0.0005,"trade_duration":30,"profit_ratio":-0.0007806826601374926,"profit_abs":-0.26306823,"exit_reason":"exit_signal","initial_stop_loss_abs":2262.12,"initial_stop_loss_ratio":-0.1,"stop_loss_abs":2262.12,"stop_loss_ratio":-0.1,"min_rate":2513.39,"max_rate":2520.19,"is_open":false,"enter_tag":"","leverage":1.0,"is_short":false,"open_timestamp":1749369600000,"close_timestamp":1749371400000,"orders":[{"amount":0.134,"safe_price":2513.46,"ft_order_side":"buy","order_filled_timestamp":1749369600000,"ft_is_entry":true,"ft_order_tag":"","cost":336.97204182},{"amount":0.134,"safe_price":2514.25,"ft_order_side":"sell","order_filled_timestamp":1749371400000,"ft_is_entry":false,"ft_order_tag":"exit_signal","cost":337.07795475}],"funding_fees":-0.03207165860897359},{"pair":"SOL/USDT:USDT","stake_amount":340.7392,"max_stake_amount":340.7392,"amount":2.33,"open_date":"2025-06-05 19:30:00+00:00","close_date":"2025-06-08 18:15:00+00:00","open_rate":146.24,"close_rate":153.83,"fee_open":0.0005,"fee_close":0.0005,"trade_duration":4245,"profit_ratio":0.05097601862684702,"profit_abs":17.37821257,"exit_reason":"exit_signal","initial_stop_loss_abs":131.62,"initial_stop_loss_ratio":-0.1,"stop_loss_abs":131.62,"stop_loss_ratio":-0.1,"min_rate":141.43,"max_rate":154.14,"is_open":false,"enter_tag":"","leverage":1.0,"is_short":false,"open_timestamp":1749151800000,"close_timestamp":1749406500000,"orders":[{"amount":2.33,"safe_price":146.24,"ft_order_side":"buy","order_filled_timestamp":1749151800000,"ft_is_entry":true,"ft_order_tag":"","cost":340.9095696},{"amount":2.33,"safe_price":153.83,"ft_order_side":"sell","order_filled_timestamp":1749406500000,"ft_is_entry":false,"ft_order_tag":"exit_signal","cost":358.60311195}],"funding_fees":0.04309412153305914},{"pair":"ETH/USDT:USDT","stake_amount":337.01,"max_stake_amount":337.01,"amount":0.134,"open_date":"2025-06-08 08:45:00+00:00","close_date":"2025-06-08 20:30:00+00:00","open_rate":2515.0,"close_rate":2533.99,"fee_open":0.0005,"fee_close":0.0005,"trade_duration":705,"profit_ratio":0.00649675198008248,"profit_abs":2.19056512,"exit_reason":"exit_signal","initial_stop_loss_abs":2263.5,"initial_stop_loss_ratio":-0.1,"stop_loss_abs":2263.5,"stop_loss_ratio":-0.1,"min_rate":2483.28,"max_rate":2539.68,"is_open":false,"enter_tag":"","leverage":1.0,"is_short":false,"open_timestamp":1749372300000,"close_timestamp":1749414600000,"orders":[{"amount":0.134,"safe_price":2515.0,"ft_order_side":"buy","order_filled_timestamp":1749372300000,"ft_is_entry":true,"ft_order_tag":"","cost":337.17850500000003},{"amount":0.134,"safe_price":2533.99,"ft_order_side":"sell","order_filled_timestamp":1749414600000,"ft_is_entry":false,"ft_order_tag":"exit_signal","cost":339.72443733}],"funding_fees":-0.015812552566522246},{"pair":"ETH/USDT:USDT","stake_amount":342.60168,"max_stake_amount":342.60168,"amount":0.136,"open_date":"2025-06-08 22:15:00+00:00","close_date":"2025-06-09 21:30:00+00:00","open_rate":2519.13,"close_rate":2638.76,"fee_open":0.0005,"fee_close":0.0005,"trade_duration":1395,"profit_ratio":0.046313565179777604,"profit_abs":15.87503879,"exit_reason":"exit_signal","initial_stop_loss_abs":2267.22,"initial_stop_loss_ratio":-0.1,"stop_loss_abs":2267.22,"stop_loss_ratio":-0.1,"min_rate":2475.83,"max_rate":2639.88,"is_open":false,"enter_tag":"","leverage":1.0,"is_short":false,"open_timestamp":1749420900000,"close_timestamp":1749504600000,"orders":[{"amount":0.136,"safe_price":2519.13,"ft_order_side":"buy","order_filled_timestamp":1749420900000,"ft_is_entry":true,"ft_order_tag":"","cost":342.77298084},{"amount":0.136,"safe_price":2638.76,"ft_order_side":"sell","order_filled_timestamp":1749504600000,"ft_is_entry":false,"ft_order_tag":"exit_signal","cost":359.05079568}],"funding_fees":-0.04390468745668605},{"pair":"BTC/USDT:USDT","stake_amount":312.8103,"max_stake_amount":312.8103,"amount":0.003,"open_date":"2025-06-13 00:15:00+00:00","close_date":"2025-06-13 00:45:00+00:00","open_rate":104270.1,"close_rate":103850.2,"fee_open":0.0005,"fee_close":0.0005,"trade_duration":30,"profit_ratio":-0.005022516530142153,"profit_abs":-1.57188045,"exit_reason":"exit_signal","initial_stop_loss_abs":93843.1,"initial_stop_loss_ratio":-0.1,"stop_loss_abs":93843.1,"stop_loss_ratio":-0.1,"min_rate":103150.0,"max_rate":104561.9,"is_open":false,"enter_tag":"","leverage":1.0,"is_short":false,"open_timestamp":1749773700000,"close_timestamp":1749775500000,"orders":[{"amount":0.003,"safe_price":104270.1,"ft_order_side":"buy","order_filled_timestamp":1749773700000,"ft_is_entry":true,"ft_order_tag":"","cost":312.96670515},{"amount":0.003,"safe_price":103850.2,"ft_order_side":"sell","order_filled_timestamp":1749775500000,"ft_is_entry":false,"ft_order_tag":"exit_signal","cost":311.70637529999993}],"funding_fees":0.0},{"pair":"BTC/USDT:USDT","stake_amount":308.5608,"max_stake_amount":308.5608,"amount":0.003,"open_date":"2025-06-13 01:15:00+00:00","close_date":"2025-06-13 01:30:00+00:00","open_rate":102853.6,"close_rate":103212.5,"fee_open":0.0005,"fee_close":0.0005,"trade_duration":15,"profit_ratio":0.002486437815105841,"profit_abs":0.76760085,"exit_reason":"exit_signal","initial_stop_loss_abs":92568.3,"initial_stop_loss_ratio":-0.1,"stop_loss_abs":92568.3,"stop_loss_ratio":-0.1,"min_rate":102828.9,"max_rate":103512.3,"is_open":false,"enter_tag":"","leverage":1.0,"is_short":false,"open_timestamp":1749777300000,"close_timestamp":1749778200000,"orders":[{"amount":0.003,"safe_price":102853.6,"ft_order_side":"buy","order_filled_timestamp":1749777300000,"ft_is_entry":true,"ft_order_tag":"","cost":308.71508040000003},{"amount":0.003,"safe_price":103212.5,"ft_order_side":"sell","order_filled_timestamp":1749778200000,"ft_is_entry":false,"ft_order_tag":"exit_signal","cost":309.79231875}],"funding_fees":0.0},{"pair":"SOL/USDT:USDT","stake_amount":349.8,"max_stake_amount":349.8,"amount":2.4,"open_date":"2025-06-13 00:30:00+00:00","close_date":"2025-06-13 02:45:00+00:00","open_rate":145.75,"close_rate":141.27,"fee_open":0.0005,"fee_close":0.0005,"trade_duration":135,"profit_ratio":-0.03170634236912419,"profit_abs":-11.096424,"exit_reason":"exit_signal","initial_stop_loss_abs":131.18,"initial_stop_loss_ratio":-0.1,"stop_loss_abs":131.18,"stop_loss_ratio":-0.1,"min_rate":140.73,"max_rate":146.35,"is_open":false,"enter_tag":"","leverage":1.0,"is_short":false,"open_timestamp":1749774600000,"close_timestamp":1749782700000,"orders":[{"amount":2.4,"safe_price":145.75,"ft_order_side":"buy","order_filled_timestamp":1749774600000,"ft_is_entry":true,"ft_order_tag":"","cost":349.9749},{"amount":2.4,"safe_price":141.27,"ft_order_side":"sell","order_filled_timestamp":1749782700000,"ft_is_entry":false,"ft_order_tag":"exit_signal","cost":339.21752399999997}],"funding_fees":0.0},{"pair":"ETH/USDT:USDT","stake_amount":344.56733,"max_stake_amount":344.56733,"amount":0.137,"open_date":"2025-06-13 05:45:00+00:00","close_date":"2025-06-15 03:45:00+00:00","open_rate":2515.09,"close_rate":2531.61,"fee_open":0.0005,"fee_close":0.0005,"trade_duration":2760,"profit_ratio":0.005463121397560495,"profit_abs":1.88335436,"exit_reason":"exit_signal","initial_stop_loss_abs":2263.59,"initial_stop_loss_ratio":-0.1,"stop_loss_abs":2263.59,"stop_loss_ratio":-0.1,"min_rate":2486.68,"max_rate":2585.0,"is_open":false,"enter_tag":"","leverage":1.0,"is_short":false,"open_timestamp":1749793500000,"close_timestamp":1749959100000,"orders":[{"amount":0.137,"safe_price":2515.09,"ft_order_side":"buy","order_filled_timestamp":1749793500000,"ft_is_entry":true,"ft_order_tag":"","cost":344.73961366500004},{"amount":0.137,"safe_price":2531.61,"ft_order_side":"sell","order_filled_timestamp":1749959100000,"ft_is_entry":false,"ft_order_tag":"exit_signal","cost":347.003985285}],"funding_fees":-0.03418668756346473},{"pair":"SOL/USDT:USDT","stake_amount":344.808,"max_stake_amount":344.808,"amount":2.4,"open_date":"2025-06-13 05:45:00+00:00","close_date":"2025-06-16 01:45:00+00:00","open_rate":143.67,"close_rate":153.98,"fee_open":0.0005,"fee_close":0.0005,"trade_duration":4080,"profit_ratio":0.070429347749271,"profit_abs":24.29674484,"exit_reason":"exit_signal","initial_stop_loss_abs":129.31,"initial_stop_loss_ratio":-0.1,"stop_loss_abs":129.31,"stop_loss_ratio":-0.1,"min_rate":141.87,"max_rate":156.72,"is_open":false,"enter_tag":"","leverage":1.0,"is_short":false,"open_timestamp":1749793500000,"close_timestamp":1750038300000,"orders":[{"amount":2.4,"safe_price":143.67,"ft_order_side":"buy","order_filled_timestamp":1749793500000,"ft_is_entry":true,"ft_order_tag":"","cost":344.9804039999999},{"amount":2.4,"safe_price":153.98,"ft_order_side":"sell","order_filled_timestamp":1750038300000,"ft_is_entry":false,"ft_order_tag":"exit_signal","cost":369.73677599999996}],"funding_fees":-0.09007515584089679},{"pair":"ETH/USDT:USDT","stake_amount":346.26613,"max_stake_amount":346.26613,"amount":0.137,"open_date":"2025-06-15 07:30:00+00:00","close_date":"2025-06-16 14:00:00+00:00","open_rate":2527.49,"close_rate":2638.33,"fee_open":0.0005,"fee_close":0.0005,"trade_duration":1830,"profit_ratio":0.042513780683214895,"profit_abs":14.72844285,"exit_reason":"exit_signal","initial_stop_loss_abs":2274.75,"initial_stop_loss_ratio":-0.1,"stop_loss_abs":2274.75,"stop_loss_ratio":-0.1,"min_rate":2490.38,"max_rate":2644.7,"is_open":false,"enter_tag":"","leverage":1.0,"is_short":false,"open_timestamp":1749972600000,"close_timestamp":1750082400000,"orders":[{"amount":0.137,"safe_price":2527.49,"ft_order_side":"buy","order_filled_timestamp":1749972600000,"ft_is_entry":true,"ft_order_tag":"","cost":346.439263065},{"amount":0.137,"safe_price":2638.33,"ft_order_side":"sell","order_filled_timestamp":1750082400000,"ft_is_entry":false,"ft_order_tag":"exit_signal","cost":361.63193560499997}],"funding_fees":-0.10277848143033488},{"pair":"BTC/USDT:USDT","stake_amount":310.7226,"max_stake_amount":310.7226,"amount":0.003,"open_date":"2025-06-17 17:00:00+00:00","close_date":"2025-06-17 17:15:00+00:00","open_rate":103574.2,"close_rate":103595.2,"fee_open":0.0005,"fee_close":0.0005,"trade_duration":15,"profit_ratio":-0.000796949706450613,"profit_abs":-0.2477541,"exit_reason":"exit_signal","initial_stop_loss_abs":93216.8,"initial_stop_loss_ratio":-0.1,"stop_loss_abs":93216.8,"stop_loss_ratio":-0.1,"min_rate":103300.0,"max_rate":103884.6,"is_open":false,"enter_tag":"","leverage":1.0,"is_short":false,"open_timestamp":1750179600000,"close_timestamp":1750180500000,"orders":[{"amount":0.003,"safe_price":103574.2,"ft_order_side":"buy","order_filled_timestamp":1750179600000,"ft_is_entry":true,"ft_order_tag":"","cost":310.8779613},{"amount":0.003,"safe_price":103595.2,"ft_order_side":"sell","order_filled_timestamp":1750180500000,"ft_is_entry":false,"ft_order_tag":"exit_signal","cost":310.94099279999995}],"funding_fees":0.0},{"pair":"SOL/USDT:USDT","stake_amount":358.3035,"max_stake_amount":358.3035,"amount":2.43,"open_date":"2025-06-17 15:30:00+00:00","close_date":"2025-06-18 07:30:00+00:00","open_rate":147.45,"close_rate":147.25,"fee_open":0.0005,"fee_close":0.0005,"trade_duration":960,"profit_ratio":-0.0024077659986791815,"profit_abs":-0.86314234,"exit_reason":"force_exit","initial_stop_loss_abs":132.71,"initial_stop_loss_ratio":-0.1,"stop_loss_abs":132.71,"stop_loss_ratio":-0.1,"min_rate":145.55,"max_rate":150.35,"is_open":false,"enter_tag":"","leverage":1.0,"is_short":false,"open_timestamp":1750174200000,"close_timestamp":1750231800000,"orders":[{"amount":2.43,"safe_price":147.45,"ft_order_side":"buy","order_filled_timestamp":1750174200000,"ft_is_entry":true,"ft_order_tag":"","cost":358.48265174999995},{"amount":2.43,"safe_price":147.25,"ft_order_side":"sell","order_filled_timestamp":1750231800000,"ft_is_entry":false,"ft_order_tag":"force_exit","cost":357.99640875}],"funding_fees":-0.019081844730000002},{"pair":"ETH/USDT:USDT","stake_amount":357.86698,"max_stake_amount":357.86698,"amount":0.142,"open_date":"2025-06-17 15:15:00+00:00","close_date":"2025-06-18 07:30:00+00:00","open_rate":2520.19,"close_rate":2524.21,"fee_open":0.0005,"fee_close":0.0005,"trade_duration":975,"profit_ratio":0.0005389640063728577,"profit_abs":0.19297386,"exit_reason":"force_exit","initial_stop_loss_abs":2268.18,"initial_stop_loss_ratio":-0.1,"stop_loss_abs":2268.18,"stop_loss_ratio":-0.1,"min_rate":2451.97,"max_rate":2545.1,"is_open":false,"enter_tag":"","leverage":1.0,"is_short":false,"open_timestamp":1750173300000,"close_timestamp":1750231800000,"orders":[{"amount":0.142,"safe_price":2520.19,"ft_order_side":"buy","order_filled_timestamp":1750173300000,"ft_is_entry":true,"ft_order_tag":"","cost":358.0459134899999},{"amount":0.142,"safe_price":2524.21,"ft_order_side":"sell","order_filled_timestamp":1750231800000,"ft_is_entry":false,"ft_order_tag":"force_exit","cost":358.61703890999996}],"funding_fees":-0.019713743171825702}],"locks":[],"best_pair":{"key":"ETH/USDT:USDT","trades":29,"profit_mean":0.006551066186468204,"profit_mean_pct":0.66,"profit_sum":0.18998091940757791,"profit_sum_pct":19.0,"profit_total_abs":63.63950603999999,"profit_total":0.06363950603999999,"profit_total_pct":6.36,"duration_avg":"14:44:00","wins":13,"draws":0,"losses":16,"winrate":0.4482758620689655,"cagr":0.9786225892162264,"expectancy":2.194465725517242,"expectancy_ratio":0.8154507988564401,"sortino":8.63594952557017,"sharpe":4.458168210234329,"calmar":214.38364550990534,"sqn":1.4051,"profit_factor":2.4780045729272975,"max_drawdown_account":0.017185716400000047,"max_drawdown_abs":17.1857164},"worst_pair":{"key":"BTC/USDT:USDT","trades":8,"profit_mean":-0.0019041147271922298,"profit_mean_pct":-0.19,"profit_sum":-0.015232917817537838,"profit_sum_pct":-1.52,"profit_total_abs":-4.76491905,"profit_total":-0.004764919049999999,"profit_total_pct":-0.48,"duration_avg":"0:17:00","wins":2,"draws":0,"losses":6,"winrate":0.25,"cagr":-0.051457663438957524,"expectancy":-0.5956148812500001,"expectancy_ratio":-0.5613144298898121,"sortino":-4.6449339612925,"sharpe":-2.884105124959624,"calmar":-45.120870249092235,"sqn":-1.6475,"profit_factor":0.25158076014691727,"max_drawdown_account":0.006113790488482728,"max_drawdown_abs":6.11889015},"results_per_pair":[{"key":"ETH/USDT:USDT","trades":29,"profit_mean":0.006551066186468204,"profit_mean_pct":0.66,"profit_sum":0.18998091940757791,"profit_sum_pct":19.0,"profit_total_abs":63.63950603999999,"profit_total":0.06363950603999999,"profit_total_pct":6.36,"duration_avg":"14:44:00","wins":13,"draws":0,"losses":16,"winrate":0.4482758620689655,"cagr":0.9786225892162264,"expectancy":2.194465725517242,"expectancy_ratio":0.8154507988564401,"sortino":8.63594952557017,"sharpe":4.458168210234329,"calmar":214.38364550990534,"sqn":1.4051,"profit_factor":2.4780045729272975,"max_drawdown_account":0.017185716400000047,"max_drawdown_abs":17.1857164},{"key":"SOL/USDT:USDT","trades":4,"profit_mean":0.02182281450207866,"profit_mean_pct":2.18,"profit_sum":0.08729125800831464,"profit_sum_pct":8.73,"profit_total_abs":29.71539107,"profit_total":0.02971539107,"profit_total_pct":2.97,"duration_avg":"1 day, 15:15:00","wins":2,"draws":0,"losses":2,"winrate":0.5,"cagr":0.38248359120655007,"expectancy":7.428847767499999,"expectancy_ratio":1.2423272811579218,"sortino":3.3622423212604327,"sharpe":1.2199306586200103,"calmar":157.7296473717874,"sqn":0.9124,"profit_factor":3.4846545623158436,"max_drawdown_account":0.01090688188807314,"max_drawdown_abs":11.096424},{"key":"BTC/USDT:USDT","trades":8,"profit_mean":-0.0019041147271922298,"profit_mean_pct":-0.19,"profit_sum":-0.015232917817537838,"profit_sum_pct":-1.52,"profit_total_abs":-4.76491905,"profit_total":-0.004764919049999999,"profit_total_pct":-0.48,"duration_avg":"0:17:00","wins":2,"draws":0,"losses":6,"winrate":0.25,"cagr":-0.051457663438957524,"expectancy":-0.5956148812500001,"expectancy_ratio":-0.5613144298898121,"sortino":-4.6449339612925,"sharpe":-2.884105124959624,"calmar":-45.120870249092235,"sqn":-1.6475,"profit_factor":0.25158076014691727,"max_drawdown_account":0.006113790488482728,"max_drawdown_abs":6.11889015},{"key":"TOTAL","trades":41,"profit_mean":0.006391201453618409,"profit_mean_pct":0.64,"profit_sum":0.2620392595983548,"profit_sum_pct":26.2,"profit_total_abs":88.58997805999999,"profit_total":0.08858997805999999,"profit_total_pct":8.86,"duration_avg":"14:18:00","wins":17,"draws":0,"losses":24,"winrate":0.4146341463414634,"cagr":1.5570654895751916,"expectancy":2.1607311721951215,"expectancy_ratio":0.8448065840222936,"sortino":12.841463152259916,"sharpe":6.041059277716943,"calmar":289.1374703858123,"sqn":1.6096,"profit_factor":2.443211247704751,"max_drawdown_account":0.017738329150000027,"max_drawdown_abs":17.738329150000002}],"results_per_enter_tag":[{"key":"","trades":41,"profit_mean":0.006391201453618409,"profit_mean_pct":0.64,"profit_sum":0.2620392595983548,"profit_sum_pct":26.2,"profit_total_abs":88.58997805999999,"profit_total":0.08858997805999999,"profit_total_pct":8.86,"duration_avg":"14:18:00","wins":17,"draws":0,"losses":24,"winrate":0.4146341463414634,"cagr":1.5570654895751916,"expectancy":2.1607311721951215,"expectancy_ratio":0.8448065840222936,"sortino":12.841463152259916,"sharpe":6.041059277716943,"calmar":289.1374703858123,"sqn":1.6096,"profit_factor":2.443211247704751,"max_drawdown_account":0.017738329150000027,"max_drawdown_abs":17.738329150000002},{"key":"TOTAL","trades":41,"profit_mean":0.006391201453618409,"profit_mean_pct":0.64,"profit_sum":0.2620392595983548,"profit_sum_pct":26.2,"profit_total_abs":88.58997805999999,"profit_total":0.08858997805999999,"profit_total_pct":8.86,"duration_avg":"14:18:00","wins":17,"draws":0,"losses":24,"winrate":0.4146341463414634,"cagr":1.5570654895751916,"expectancy":2.1607311721951215,"expectancy_ratio":0.8448065840222936,"sortino":12.841463152259916,"sharpe":6.041059277716943,"calmar":289.1374703858123,"sqn":1.6096,"profit_factor":2.443211247704751,"max_drawdown_account":0.017738329150000027,"max_drawdown_abs":17.738329150000002}],"exit_reason_summary":[{"key":"exit_signal","trades":39,"profit_mean":0.006766873374119515,"profit_mean_pct":0.68,"profit_sum":0.2639080615906611,"profit_sum_pct":26.39,"profit_total_abs":89.26014654000001,"profit_total":0.08926014654,"profit_total_pct":8.93,"duration_avg":"14:13:00","wins":16,"draws":0,"losses":23,"winrate":0.41025641025641024,"cagr":1.574531181067436,"expectancy":2.2887217061538463,"expectancy_ratio":0.8697936917848406,"sortino":12.716042516859176,"sharpe":5.950207833547129,"calmar":291.3247473587028,"sqn":1.6245,"profit_factor":2.474867564330817,"max_drawdown_account":0.017738329150000027,"max_drawdown_abs":17.738329150000002},{"key":"force_exit","trades":2,"profit_mean":-0.0009344009961531619,"profit_mean_pct":-0.09,"profit_sum":-0.0018688019923063237,"profit_sum_pct":-0.19,"profit_total_abs":-0.6701684800000001,"profit_total":-0.0006701684800000001,"profit_total_pct":-0.07,"duration_avg":"16:08:00","wins":1,"draws":0,"losses":1,"winrate":0.5,"cagr":-0.0073875315105059736,"expectancy":-0.33508424000000003,"expectancy_ratio":-0.3882143471261067,"sortino":-100,"sharpe":-0.7347418567643567,"calmar":-44.95045265343754,"sqn":-0.6346,"profit_factor":0.22357130574778664,"max_drawdown_account":0.0008631423399999675,"max_drawdown_abs":0.86314234},{"key":"TOTAL","trades":41,"profit_mean":0.006391201453618409,"profit_mean_pct":0.64,"profit_sum":0.2620392595983548,"profit_sum_pct":26.2,"profit_total_abs":88.58997805999999,"profit_total":0.08858997805999999,"profit_total_pct":8.86,"duration_avg":"14:18:00","wins":17,"draws":0,"losses":24,"winrate":0.4146341463414634,"cagr":1.5570654895751916,"expectancy":2.1607311721951215,"expectancy_ratio":0.8448065840222936,"sortino":12.841463152259916,"sharpe":6.041059277716943,"calmar":289.1374703858123,"sqn":1.6096,"profit_factor":2.443211247704751,"max_drawdown_account":0.017738329150000027,"max_drawdown_abs":17.738329150000002}],"mix_tag_stats":[{"key":["","exit_signal"],"trades":39,"profit_mean":0.006766873374119515,"profit_mean_pct":0.68,"profit_sum":0.2639080615906611,"profit_sum_pct":26.39,"profit_total_abs":89.26014654000001,"profit_total":0.08926014654,"profit_total_pct":8.93,"duration_avg":"14:13:00","wins":16,"draws":0,"losses":23,"winrate":0.41025641025641024,"cagr":1.574531181067436,"expectancy":2.2887217061538463,"expectancy_ratio":0.8697936917848406,"sortino":12.716042516859176,"sharpe":5.950207833547129,"calmar":291.3247473587028,"sqn":1.6245,"profit_factor":2.474867564330817,"max_drawdown_account":0.017738329150000027,"max_drawdown_abs":17.738329150000002},{"key":["","force_exit"],"trades":2,"profit_mean":-0.0009344009961531619,"profit_mean_pct":-0.09,"profit_sum":-0.0018688019923063237,"profit_sum_pct":-0.19,"profit_total_abs":-0.6701684800000001,"profit_total":-0.0006701684800000001,"profit_total_pct":-0.07,"duration_avg":"16:08:00","wins":1,"draws":0,"losses":1,"winrate":0.5,"cagr":-0.0073875315105059736,"expectancy":-0.33508424000000003,"expectancy_ratio":-0.3882143471261067,"sortino":-100,"sharpe":-0.7347418567643567,"calmar":-44.95045265343754,"sqn":-0.6346,"profit_factor":0.22357130574778664,"max_drawdown_account":0.0008631423399999675,"max_drawdown_abs":0.86314234},{"key":"TOTAL","trades":41,"profit_mean":0.006391201453618409,"profit_mean_pct":0.64,"profit_sum":0.2620392595983548,"profit_sum_pct":26.2,"profit_total_abs":88.58997805999999,"profit_total":0.08858997805999999,"profit_total_pct":8.86,"duration_avg":"14:18:00","wins":17,"draws":0,"losses":24,"winrate":0.4146341463414634,"cagr":1.5570654895751916,"expectancy":2.1607311721951215,"expectancy_ratio":0.8448065840222936,"sortino":12.841463152259916,"sharpe":6.041059277716943,"calmar":289.1374703858123,"sqn":1.6096,"profit_factor":2.443211247704751,"max_drawdown_account":0.017738329150000027,"max_drawdown_abs":17.738329150000002}],"left_open_trades":[{"key":"ETH/USDT:USDT","trades":1,"profit_mean":0.0005389640063728577,"profit_mean_pct":0.05,"profit_sum":0.0005389640063728577,"profit_sum_pct":0.05,"profit_total_abs":0.19297386,"profit_total":0.00019297386,"profit_total_pct":0.02,"duration_avg":"16:15:00","wins":1,"draws":0,"losses":0,"winrate":1.0,"cagr":0.0021364809594368595,"expectancy":0.19297386,"expectancy_ratio":100.0,"sortino":-100,"sharpe":-100,"calmar":-100,"sqn":-100.0,"profit_factor":0.0,"max_drawdown_account":0.0,"max_drawdown_abs":0.0},{"key":"SOL/USDT:USDT","trades":1,"profit_mean":-0.0024077659986791815,"profit_mean_pct":-0.24,"profit_sum":-0.0024077659986791815,"profit_sum_pct":-0.24,"profit_total_abs":-0.86314234,"profit_total":-0.0008631423400000001,"profit_total_pct":-0.09,"duration_avg":"16:00:00","wins":0,"draws":0,"losses":1,"winrate":0.0,"cagr":-0.009505533990129544,"expectancy":-0.86314234,"expectancy_ratio":-1.0,"sortino":-100,"sharpe":-100,"calmar":-57.89385810467733,"sqn":-100.0,"profit_factor":0.0,"max_drawdown_account":0.0008631423399999675,"max_drawdown_abs":0.86314234},{"key":"TOTAL","trades":2,"profit_mean":-0.0009344009961531619,"profit_mean_pct":-0.09,"profit_sum":-0.0018688019923063237,"profit_sum_pct":-0.19,"profit_total_abs":-0.6701684800000001,"profit_total":-0.0006701684800000001,"profit_total_pct":-0.07,"duration_avg":"16:08:00","wins":1,"draws":0,"losses":1,"winrate":0.5,"cagr":-0.0073875315105059736,"expectancy":-0.33508424000000003,"expectancy_ratio":-0.3882143471261067,"sortino":-100,"sharpe":-0.7347418567643567,"calmar":-44.95045265343754,"sqn":-0.6346,"profit_factor":0.22357130574778664,"max_drawdown_account":0.0008631423399999675,"max_drawdown_abs":0.86314234}],"total_trades":41,"trade_count_long":41,"trade_count_short":0,"total_volume":27423.856305614998,"avg_stake_amount":333.01074317073176,"profit_mean":0.006391201453618409,"profit_median":-0.00016074561242330384,"profit_total":0.08858997805999999,"profit_total_long":0.08858997805999999,"profit_total_short":0.0,"profit_total_abs":88.58997805999999,"profit_total_long_abs":88.58997805999999,"profit_total_short_abs":0.0,"cagr":1.5570654895751916,"expectancy":2.1607311721951215,"expectancy_ratio":0.8448065840222936,"sortino":12.841463152259916,"sharpe":6.041059277716943,"calmar":289.1374703858123,"sqn":1.6096,"profit_factor":2.443211247704751,"backtest_start":"2025-05-16 00:00:00","backtest_start_ts":1747353600000,"backtest_end":"2025-06-18 07:30:00","backtest_end_ts":1750231800000,"backtest_days":33,"backtest_run_start_ts":1750233147,"backtest_run_end_ts":1750233148,"trades_per_day":1.24,"market_change":-0.04433176002918541,"pairlist":["SOL/USDT:USDT","BTC/USDT:USDT","ETH/USDT:USDT"],"stake_amount":"unlimited","stake_currency":"USDT","stake_currency_decimals":3,"starting_balance":1000,"dry_run_wallet":1000,"final_balance":1088.58997806,"rejected_signals":0,"timedout_entry_orders":0,"timedout_exit_orders":0,"canceled_trade_entries":0,"canceled_entry_orders":0,"replaced_entry_orders":0,"max_open_trades":3,"max_open_trades_setting":3,"timeframe":"15m","timeframe_detail":"","timerange":"","enable_protections":false,"strategy_name":"GridBotSample","stoploss":-0.1,"trailing_stop":false,"trailing_stop_positive":null,"trailing_stop_positive_offset":0.0,"trailing_only_offset_is_reached":false,"use_custom_stoploss":false,"minimal_roi":{},"use_exit_signal":true,"exit_profit_only":false,"exit_profit_offset":0.0,"ignore_roi_if_entry_signal":false,"trading_mode":"futures","margin_mode":"isolated","periodic_breakdown":{"day":[{"date":"18/05/2025","date_ts":1747526400000,"profit_abs":-16.35159205,"wins":1,"draws":0,"losses":2,"trades":3,"profit_factor":0.04853591},{"date":"19/05/2025","date_ts":1747612800000,"profit_abs":-1.3867371,"wins":0,"draws":0,"losses":1,"trades":1,"profit_factor":0.0},{"date":"20/05/2025","date_ts":1747699200000,"profit_abs":0.0,"wins":0,"draws":0,"losses":0,"trades":0,"profit_factor":0.0},{"date":"21/05/2025","date_ts":1747785600000,"profit_abs":0.0,"wins":0,"draws":0,"losses":0,"trades":0,"profit_factor":0.0},{"date":"22/05/2025","date_ts":1747872000000,"profit_abs":26.4816191,"wins":1,"draws":0,"losses":0,"trades":1,"profit_factor":0.0},{"date":"23/05/2025","date_ts":1747958400000,"profit_abs":0.0,"wins":0,"draws":0,"losses":0,"trades":0,"profit_factor":0.0},{"date":"24/05/2025","date_ts":1748044800000,"profit_abs":3.92550119,"wins":1,"draws":0,"losses":0,"trades":1,"profit_factor":0.0},{"date":"25/05/2025","date_ts":1748131200000,"profit_abs":-1.65665678,"wins":0,"draws":0,"losses":2,"trades":2,"profit_factor":0.0},{"date":"26/05/2025","date_ts":1748217600000,"profit_abs":0.0,"wins":0,"draws":0,"losses":0,"trades":0,"profit_factor":0.0},{"date":"27/05/2025","date_ts":1748304000000,"profit_abs":14.99639683,"wins":1,"draws":0,"losses":0,"trades":1,"profit_factor":0.0},{"date":"28/05/2025","date_ts":1748390400000,"profit_abs":0.0,"wins":0,"draws":0,"losses":0,"trades":0,"profit_factor":0.0},{"date":"29/05/2025","date_ts":1748476800000,"profit_abs":0.0,"wins":0,"draws":0,"losses":0,"trades":0,"profit_factor":0.0},{"date":"30/05/2025","date_ts":1748563200000,"profit_abs":-1.7835381,"wins":0,"draws":0,"losses":1,"trades":1,"profit_factor":0.0},{"date":"31/05/2025","date_ts":1748649600000,"profit_abs":-0.12679215,"wins":1,"draws":0,"losses":1,"trades":2,"profit_factor":0.87746133},{"date":"01/06/2025","date_ts":1748736000000,"profit_abs":-2.1762354,"wins":0,"draws":0,"losses":1,"trades":1,"profit_factor":0.0},{"date":"02/06/2025","date_ts":1748822400000,"profit_abs":0.0,"wins":0,"draws":0,"losses":0,"trades":0,"profit_factor":0.0},{"date":"03/06/2025","date_ts":1748908800000,"profit_abs":15.44667691,"wins":1,"draws":0,"losses":0,"trades":1,"profit_factor":0.0},{"date":"04/06/2025","date_ts":1748995200000,"profit_abs":0.0,"wins":0,"draws":0,"losses":0,"trades":0,"profit_factor":0.0},{"date":"05/06/2025","date_ts":1749081600000,"profit_abs":-16.61187465,"wins":0,"draws":0,"losses":3,"trades":3,"profit_factor":0.0},{"date":"06/06/2025","date_ts":1749168000000,"profit_abs":0.0,"wins":0,"draws":0,"losses":0,"trades":0,"profit_factor":0.0},{"date":"07/06/2025","date_ts":1749254400000,"profit_abs":9.05212077,"wins":3,"draws":0,"losses":3,"trades":6,"profit_factor":9.90416559},{"date":"08/06/2025","date_ts":1749340800000,"profit_abs":14.81613483,"wins":2,"draws":0,"losses":6,"trades":8,"profit_factor":4.11745176},{"date":"09/06/2025","date_ts":1749427200000,"profit_abs":15.87503879,"wins":1,"draws":0,"losses":0,"trades":1,"profit_factor":0.0},{"date":"10/06/2025","date_ts":1749513600000,"profit_abs":0.0,"wins":0,"draws":0,"losses":0,"trades":0,"profit_factor":0.0},{"date":"11/06/2025","date_ts":1749600000000,"profit_abs":0.0,"wins":0,"draws":0,"losses":0,"trades":0,"profit_factor":0.0},{"date":"12/06/2025","date_ts":1749686400000,"profit_abs":0.0,"wins":0,"draws":0,"losses":0,"trades":0,"profit_factor":0.0},{"date":"13/06/2025","date_ts":1749772800000,"profit_abs":-11.9007036,"wins":1,"draws":0,"losses":2,"trades":3,"profit_factor":0.06059223},{"date":"14/06/2025","date_ts":1749859200000,"profit_abs":0.0,"wins":0,"draws":0,"losses":0,"trades":0,"profit_factor":0.0},{"date":"15/06/2025","date_ts":1749945600000,"profit_abs":1.88335436,"wins":1,"draws":0,"losses":0,"trades":1,"profit_factor":0.0},{"date":"16/06/2025","date_ts":1750032000000,"profit_abs":39.02518769,"wins":2,"draws":0,"losses":0,"trades":2,"profit_factor":0.0},{"date":"17/06/2025","date_ts":1750118400000,"profit_abs":-0.2477541,"wins":0,"draws":0,"losses":1,"trades":1,"profit_factor":0.0},{"date":"18/06/2025","date_ts":1750204800000,"profit_abs":-0.67016848,"wins":1,"draws":0,"losses":1,"trades":2,"profit_factor":0.22357131}],"week":[{"date":"19/05/2025","date_ts":1747612800000,"profit_abs":-17.73832915,"wins":1,"draws":0,"losses":3,"trades":4,"profit_factor":0.04491191},{"date":"26/05/2025","date_ts":1748217600000,"profit_abs":28.75046351,"wins":2,"draws":0,"losses":2,"trades":4,"profit_factor":18.3545081},{"date":"02/06/2025","date_ts":1748822400000,"profit_abs":10.90983118,"wins":2,"draws":0,"losses":3,"trades":5,"profit_factor":3.18437568},{"date":"09/06/2025","date_ts":1749427200000,"profit_abs":38.57809665,"wins":7,"draws":0,"losses":12,"trades":19,"profit_factor":2.72368821},{"date":"16/06/2025","date_ts":1750032000000,"profit_abs":29.00783845,"wins":4,"draws":0,"losses":2,"trades":6,"profit_factor":3.28979644},{"date":"23/06/2025","date_ts":1750636800000,"profit_abs":-0.91792258,"wins":1,"draws":0,"losses":2,"trades":3,"profit_factor":0.17371004}],"month":[{"date":"31/05/2025","date_ts":1748649600000,"profit_abs":24.09820094,"wins":5,"draws":0,"losses":7,"trades":12,"profit_factor":2.04559486},{"date":"30/06/2025","date_ts":1751241600000,"profit_abs":64.49177712,"wins":12,"draws":0,"losses":17,"trades":29,"profit_factor":2.68225214}],"year":[{"date":"31/12/2025","date_ts":1767139200000,"profit_abs":88.58997806,"wins":17,"draws":0,"losses":24,"trades":41,"profit_factor":2.44321125}]},"backtest_best_day":0.11294312843248588,"backtest_worst_day":-0.049895527580620755,"backtest_best_day_abs":39.02518769,"backtest_worst_day_abs":-16.61187465,"winning_days":9,"draw_days":13,"losing_days":10,"daily_profit":[["2025-05-18",-16.35159205],["2025-05-19",-1.3867371],["2025-05-20",0.0],["2025-05-21",0.0],["2025-05-22",26.4816191],["2025-05-23",0.0],["2025-05-24",3.92550119],["2025-05-25",-1.65665678],["2025-05-26",0.0],["2025-05-27",14.99639683],["2025-05-28",0.0],["2025-05-29",0.0],["2025-05-30",-1.7835381],["2025-05-31",-0.12679215],["2025-06-01",-2.1762354],["2025-06-02",0.0],["2025-06-03",15.44667691],["2025-06-04",0.0],["2025-06-05",-16.61187465],["2025-06-06",0.0],["2025-06-07",9.05212077],["2025-06-08",14.81613483],["2025-06-09",15.87503879],["2025-06-10",0.0],["2025-06-11",0.0],["2025-06-12",0.0],["2025-06-13",-11.9007036],["2025-06-14",0.0],["2025-06-15",1.88335436],["2025-06-16",39.02518769],["2025-06-17",-0.2477541],["2025-06-18",-0.67016848]],"wins":17,"losses":24,"draws":0,"winrate":0.4146341463414634,"holding_avg":"14:18:00","holding_avg_s":51480.0,"winner_holding_min":"0d 00:15","winner_holding_min_s":900.0,"winner_holding_max":"2d 22:45","winner_holding_max_s":254700.0,"winner_holding_avg":"1d 03:49","winner_holding_avg_s":100140.0,"loser_holding_min":"0d 00:15","loser_holding_min_s":900.0,"loser_holding_max":"1d 04:15","loser_holding_max_s":101700.0,"loser_holding_avg":"0d 04:44","loser_holding_avg_s":17040.0,"max_consecutive_wins":3,"max_consecutive_losses":6,"max_drawdown_account":0.017738329150000027,"max_relative_drawdown":0.017738329150000027,"max_drawdown_abs":17.738329150000002,"drawdown_start":"2025-05-18 04:30:00","drawdown_start_ts":1747542600000.0,"drawdown_end":"2025-05-19 04:30:00","drawdown_end_ts":1747629000000.0,"max_drawdown_low":-17.738329150000002,"max_drawdown_high":-6.34503007,"csum_min":982.26167085,"csum_max":1089.5079006400001}},"strategy_comparison":[{"key":"GridBotSample","trades":41,"profit_mean":0.006391201453618409,"profit_mean_pct":0.64,"profit_sum":0.2620392595983548,"profit_sum_pct":26.2,"profit_total_abs":88.58997805999999,"profit_total":0.08858997805999999,"profit_total_pct":8.86,"duration_avg":"14:18:00","wins":17,"draws":0,"losses":24,"winrate":0.4146341463414634,"cagr":1.5570654895751916,"expectancy":2.1607311721951215,"expectancy_ratio":0.8448065840222936,"sortino":12.841463152259916,"sharpe":6.041059277716943,"calmar":289.1374703858123,"sqn":1.6096,"profit_factor":2.443211247704751,"max_drawdown_account":0.017738329150000027,"max_drawdown_abs":"17.738"}]}