{"strategy":{"GridBotSample":{"trades":[{"pair":"ETH/USDT:USDT","stake_amount":98.56509,"max_stake_amount":98.56509,"amount":0.039,"open_date":"2025-05-17 00:15:00+00:00","close_date":"2025-05-18 04:30:00+00:00","open_rate":2527.31,"close_rate":2481.15,"fee_open":0.0005,"fee_close":0.0005,"trade_duration":1695,"profit_ratio":-0.019302551655250712,"profit_abs":-1.90350902,"exit_reason":"exit_signal","initial_stop_loss_abs":2274.58,"initial_stop_loss_ratio":-0.1,"stop_loss_abs":2274.58,"stop_loss_ratio":-0.1,"min_rate":2442.65,"max_rate":2527.31,"is_open":false,"enter_tag":"","leverage":1.0,"is_short":false,"open_timestamp":1747440900000,"close_timestamp":1747542600000,"orders":[{"amount":0.039,"safe_price":2527.31,"ft_order_side":"buy","order_filled_timestamp":1747440900000,"ft_is_entry":true,"ft_order_tag":"","cost":98.614372545},{"amount":0.039,"safe_price":2481.15,"ft_order_side":"sell","order_filled_timestamp":1747542600000,"ft_is_entry":false,"ft_order_tag":"exit_signal","cost":96.81323242500001}],"funding_fees":-0.005604052442975649},{"pair":"ETH/USDT:USDT","stake_amount":96.99144,"max_stake_amount":96.99144,"amount":0.039,"open_date":"2025-05-18 04:45:00+00:00","close_date":"2025-05-18 20:00:00+00:00","open_rate":2486.96,"close_rate":2406.78,"fee_open":0.0005,"fee_close":0.0005,"trade_duration":915,"profit_ratio":-0.03325826502309641,"profit_abs":-3.2273799,"exit_reason":"exit_signal","initial_stop_loss_abs":2238.27,"initial_stop_loss_ratio":-0.1,"stop_loss_abs":2238.27,"stop_loss_ratio":-0.1,"min_rate":2312.62,"max_rate":2587.52,"is_open":false,"enter_tag":"","leverage":1.0,"is_short":false,"open_timestamp":1747543500000,"close_timestamp":1747598400000,"orders":[{"amount":0.039,"safe_price":2486.96,"ft_order_side":"buy","order_filled_timestamp":1747543500000,"ft_is_entry":true,"ft_order_tag":"","cost":97.03993571999999},{"amount":0.039,"safe_price":2406.78,"ft_order_side":"sell","order_filled_timestamp":1747598400000,"ft_is_entry":false,"ft_order_tag":"exit_signal","cost":93.91135221}],"funding_fees":-0.004931968538742534},{"pair":"ETH/USDT:USDT","stake_amount":97.2868,"max_stake_amount":97.2868,"amount":0.04,"open_date":"2025-05-19 13:45:00+00:00","close_date":"2025-05-22 03:45:00+00:00","open_rate":2432.17,"close_rate":2634.82,"fee_open":0.0005,"fee_close":0.0005,"trade_duration":3720,"profit_ratio":0.08182421985042296,"profit_abs":7.96439672,"exit_reason":"exit_signal","initial_stop_loss_abs":2188.96,"initial_stop_loss_ratio":-0.1,"stop_loss_abs":2188.96,"stop_loss_ratio":-0.1,"min_rate":2416.4,"max_rate":2647.25,"is_open":false,"enter_tag":"","leverage":1.0,"is_short":false,"open_timestamp":1747662300000,"close_timestamp":1747885500000,"orders":[{"amount":0.04,"safe_price":2432.17,"ft_order_side":"buy","order_filled_timestamp":1747662300000,"ft_is_entry":true,"ft_order_tag":"","cost":97.33544339999999},{"amount":0.04,"safe_price":2634.82,"ft_order_side":"sell","order_filled_timestamp":1747885500000,"ft_is_entry":false,"ft_order_tag":"exit_signal","cost":105.4454964}],"funding_fees":-0.040263478468552695},{"pair":"ETH/USDT:USDT","stake_amount":98.61735,"max_stake_amount":98.61735,"amount":0.039,"open_date":"2025-05-23 23:30:00+00:00","close_date":"2025-05-24 18:15:00+00:00","open_rate":2528.65,"close_rate":2561.57,"fee_open":0.0005,"fee_close":0.0005,"trade_duration":1125,"profit_ratio":0.011844534675583511,"profit_abs":1.16866066,"exit_reason":"exit_signal","initial_stop_loss_abs":2275.79,"initial_stop_loss_ratio":-0.1,"stop_loss_abs":2275.79,"stop_loss_ratio":-0.1,"min_rate":2502.1,"max_rate":2574.5,"is_open":false,"enter_tag":"","leverage":1.0,"is_short":false,"open_timestamp":1748043000000,"close_timestamp":1748110500000,"orders":[{"amount":0.039,"safe_price":2528.65,"ft_order_side":"buy","order_filled_timestamp":1748043000000,"ft_is_entry":true,"ft_order_tag":"","cost":98.666658675},{"amount":0.039,"safe_price":2561.57,"ft_order_side":"sell","order_filled_timestamp":1748110500000,"ft_is_entry":false,"ft_order_tag":"exit_signal","cost":99.95118061500001}],"funding_fees":-0.015960051425171443},{"pair":"ETH/USDT:USDT","stake_amount":98.4477,"max_stake_amount":98.4477,"amount":0.039,"open_date":"2025-05-24 23:00:00+00:00","close_date":"2025-05-25 19:00:00+00:00","open_rate":2524.3,"close_rate":2514.89,"fee_open":0.0005,"fee_close":0.0005,"trade_duration":1200,"profit_ratio":-0.004905422840776361,"profit_abs":-0.48316906,"exit_reason":"exit_signal","initial_stop_loss_abs":2271.88,"initial_stop_loss_ratio":-0.1,"stop_loss_abs":2271.88,"stop_loss_ratio":-0.1,"min_rate":2457.6,"max_rate":2538.38,"is_open":false,"enter_tag":"","leverage":1.0,"is_short":false,"open_timestamp":1748127600000,"close_timestamp":1748199600000,"orders":[{"amount":0.039,"safe_price":2524.3,"ft_order_side":"buy","order_filled_timestamp":1748127600000,"ft_is_entry":true,"ft_order_tag":"","cost":98.49692385},{"amount":0.039,"safe_price":2514.89,"ft_order_side":"sell","order_filled_timestamp":1748199600000,"ft_is_entry":false,"ft_order_tag":"exit_signal","cost":98.12975035499998}],"funding_fees":-0.017914851419399996},{"pair":"ETH/USDT:USDT","stake_amount":98.2917,"max_stake_amount":98.2917,"amount":0.039,"open_date":"2025-05-25 19:30:00+00:00","close_date":"2025-05-25 21:00:00+00:00","open_rate":2520.3,"close_rate":2522.66,"fee_open":0.0005,"fee_close":0.0005,"trade_duration":90,"profit_ratio":-6.403971763275209e-05,"profit_abs":-0.00629772,"exit_reason":"exit_signal","initial_stop_loss_abs":2268.28,"initial_stop_loss_ratio":-0.1,"stop_loss_abs":2268.28,"stop_loss_ratio":-0.1,"min_rate":2509.69,"max_rate":2537.0,"is_open":false,"enter_tag":"","leverage":1.0,"is_short":false,"open_timestamp":1748201400000,"close_timestamp":1748206800000,"orders":[{"amount":0.039,"safe_price":2520.3,"ft_order_side":"buy","order_filled_timestamp":1748201400000,"ft_is_entry":true,"ft_order_tag":"","cost":98.34084585},{"amount":0.039,"safe_price":2522.66,"ft_order_side":"sell","order_filled_timestamp":1748206800000,"ft_is_entry":false,"ft_order_tag":"exit_signal","cost":98.43293186999999}],"funding_fees":0.0},{"pair":"ETH/USDT:USDT","stake_amount":98.29677,"max_stake_amount":98.29677,"amount":0.039,"open_date":"2025-05-25 21:30:00+00:00","close_date":"2025-05-27 08:30:00+00:00","open_rate":2520.43,"close_rate":2637.32,"fee_open":0.0005,"fee_close":0.0005,"trade_duration":2100,"profit_ratio":0.045052745276674244,"profit_abs":4.43075361,"exit_reason":"exit_signal","initial_stop_loss_abs":2268.39,"initial_stop_loss_ratio":-0.1,"stop_loss_abs":2268.39,"stop_loss_ratio":-0.1,"min_rate":2506.08,"max_rate":2643.44,"is_open":false,"enter_tag":"","leverage":1.0,"is_short":false,"open_timestamp":1748208600000,"close_timestamp":1748334600000,"orders":[{"amount":0.039,"safe_price":2520.43,"ft_order_side":"buy","order_filled_timestamp":1748208600000,"ft_is_entry":true,"ft_order_tag":"","cost":98.34591838499999},{"amount":0.039,"safe_price":2637.32,"ft_order_side":"sell","order_filled_timestamp":1748334600000,"ft_is_entry":false,"ft_order_tag":"exit_signal","cost":102.90690774}],"funding_fees":-0.027380264721310554},{"pair":"ETH/USDT:USDT","stake_amount":98.41923,"max_stake_amount":98.41923,"amount":0.039,"open_date":"2025-05-30 22:45:00+00:00","close_date":"2025-05-31 12:00:00+00:00","open_rate":2523.57,"close_rate":2518.6,"fee_open":0.0005,"fee_close":0.0005,"trade_duration":795,"profit_ratio":-0.0030813079925537928,"profit_abs":-0.30341159,"exit_reason":"exit_signal","initial_stop_loss_abs":2271.22,"initial_stop_loss_ratio":-0.1,"stop_loss_abs":2271.22,"stop_loss_ratio":-0.1,"min_rate":2474.0,"max_rate":2543.45,"is_open":false,"enter_tag":"","leverage":1.0,"is_short":false,"open_timestamp":1748645100000,"close_timestamp":1748692800000,"orders":[{"amount":0.039,"safe_price":2523.57,"ft_order_side":"buy","order_filled_timestamp":1748645100000,"ft_is_entry":true,"ft_order_tag":"","cost":98.46843961500001},{"amount":0.039,"safe_price":2518.6,"ft_order_side":"sell","order_filled_timestamp":1748692800000,"ft_is_entry":false,"ft_order_tag":"exit_signal","cost":98.27451269999999}],"funding_fees":-0.01125927506508594},{"pair":"ETH/USDT:USDT","stake_amount":98.64621,"max_stake_amount":98.64621,"amount":0.039,"open_date":"2025-05-31 12:15:00+00:00","close_date":"2025-05-31 19:00:00+00:00","open_rate":2529.39,"close_rate":2538.82,"fee_open":0.0005,"fee_close":0.0005,"trade_duration":405,"profit_ratio":0.002697507492226236,"profit_abs":0.26623194,"exit_reason":"exit_signal","initial_stop_loss_abs":2276.46,"initial_stop_loss_ratio":-0.1,"stop_loss_abs":2276.46,"stop_loss_ratio":-0.1,"min_rate":2521.05,"max_rate":2550.0,"is_open":false,"enter_tag":"","leverage":1.0,"is_short":false,"open_timestamp":1748693700000,"close_timestamp":1748718000000,"orders":[{"amount":0.039,"safe_price":2529.39,"ft_order_side":"buy","order_filled_timestamp":1748693700000,"ft_is_entry":true,"ft_order_tag":"","cost":98.695533105},{"amount":0.039,"safe_price":2538.82,"ft_order_side":"sell","order_filled_timestamp":1748718000000,"ft_is_entry":false,"ft_order_tag":"exit_signal","cost":99.06348699}],"funding_fees":-0.0027079690727842038},{"pair":"ETH/USDT:USDT","stake_amount":98.64894,"max_stake_amount":98.64894,"amount":0.039,"open_date":"2025-05-31 23:45:00+00:00","close_date":"2025-06-01 05:45:00+00:00","open_rate":2529.46,"close_rate":2515.81,"fee_open":0.0005,"fee_close":0.0005,"trade_duration":360,"profit_ratio":-0.006465607206233785,"profit_abs":-0.63814421,"exit_reason":"exit_signal","initial_stop_loss_abs":2276.52,"initial_stop_loss_ratio":-0.1,"stop_loss_abs":2276.52,"stop_loss_ratio":-0.1,"min_rate":2488.52,"max_rate":2530.45,"is_open":false,"enter_tag":"","leverage":1.0,"is_short":false,"open_timestamp":1748735100000,"close_timestamp":1748756700000,"orders":[{"amount":0.039,"safe_price":2529.46,"ft_order_side":"buy","order_filled_timestamp":1748735100000,"ft_is_entry":true,"ft_order_tag":"","cost":98.69826446999998},{"amount":0.039,"safe_price":2515.81,"ft_order_side":"sell","order_filled_timestamp":1748756700000,"ft_is_entry":false,"ft_order_tag":"exit_signal","cost":98.165648295}],"funding_fees":-0.007411449552},{"pair":"ETH/USDT:USDT","stake_amount":98.18094,"max_stake_amount":98.18094,"amount":0.039,"open_date":"2025-06-01 06:00:00+00:00","close_date":"2025-06-03 01:45:00+00:00","open_rate":2517.46,"close_rate":2636.84,"fee_open":0.0005,"fee_close":0.0005,"trade_duration":2625,"profit_ratio":0.04611091606434274,"profit_abs":4.52947669,"exit_reason":"exit_signal","initial_stop_loss_abs":2265.72,"initial_stop_loss_ratio":-0.1,"stop_loss_abs":2265.72,"stop_loss_ratio":-0.1,"min_rate":2465.0,"max_rate":2649.0,"is_open":false,"enter_tag":"","leverage":1.0,"is_short":false,"open_timestamp":1748757600000,"close_timestamp":1748915100000,"orders":[{"amount":0.039,"safe_price":2517.46,"ft_order_side":"buy","order_filled_timestamp":1748757600000,"ft_is_entry":true,"ft_order_tag":"","cost":98.23003047},{"amount":0.039,"safe_price":2636.84,"ft_order_side":"sell","order_filled_timestamp":1748915100000,"ft_is_entry":false,"ft_order_tag":"exit_signal","cost":102.88817838000001}],"funding_fees":-0.025834462492984663},{"pair":"ETH/USDT:USDT","stake_amount":98.59512,"max_stake_amount":98.59512,"amount":0.039,"open_date":"2025-06-05 20:00:00+00:00","close_date":"2025-06-05 20:45:00+00:00","open_rate":2528.08,"close_rate":2417.7,"fee_open":0.0005,"fee_close":0.0005,"trade_duration":45,"profit_ratio":-0.044617453464337736,"profit_abs":-4.40126271,"exit_reason":"exit_signal","initial_stop_loss_abs":2275.28,"initial_stop_loss_ratio":-0.1,"stop_loss_abs":2275.28,"stop_loss_ratio":-0.1,"min_rate":2392.32,"max_rate":2534.79,"is_open":false,"enter_tag":"","leverage":1.0,"is_short":false,"open_timestamp":1749153600000,"close_timestamp":1749156300000,"orders":[{"amount":0.039,"safe_price":2528.08,"ft_order_side":"buy","order_filled_timestamp":1749153600000,"ft_is_entry":true,"ft_order_tag":"","cost":98.64441756},{"amount":0.039,"safe_price":2417.7,"ft_order_side":"sell","order_filled_timestamp":1749156300000,"ft_is_entry":false,"ft_order_tag":"exit_signal","cost":94.33744514999998}],"funding_fees":0.0},{"pair":"ETH/USDT:USDT","stake_amount":97.38,"max_stake_amount":97.38,"amount":0.04,"open_date":"2025-06-06 03:00:00+00:00","close_date":"2025-06-07 08:45:00+00:00","open_rate":2434.5,"close_rate":2485.35,"fee_open":0.0005,"fee_close":0.0005,"trade_duration":1785,"profit_ratio":0.019668409069238228,"profit_abs":1.91626733,"exit_reason":"exit_signal","initial_stop_loss_abs":2191.05,"initial_stop_loss_ratio":-0.1,"stop_loss_abs":2191.05,"stop_loss_ratio":-0.1,"min_rate":2427.12,"max_rate":2529.67,"is_open":false,"enter_tag":"","leverage":1.0,"is_short":false,"open_timestamp":1749178800000,"close_timestamp":1749285900000,"orders":[{"amount":0.04,"safe_price":2434.5,"ft_order_side":"buy","order_filled_timestamp":1749178800000,"ft_is_entry":true,"ft_order_tag":"","cost":97.42868999999999},{"amount":0.04,"safe_price":2485.35,"ft_order_side":"sell","order_filled_timestamp":1749285900000,"ft_is_entry":false,"ft_order_tag":"exit_signal","cost":99.463707}],"funding_fees":-0.019335673808457313},{"pair":"ETH/USDT:USDT","stake_amount":99.3052,"max_stake_amount":99.3052,"amount":0.04,"open_date":"2025-06-07 09:00:00+00:00","close_date":"2025-06-07 10:00:00+00:00","open_rate":2482.63,"close_rate":2485.01,"fee_open":0.0005,"fee_close":0.0005,"trade_duration":60,"profit_ratio":-4.1797656494132825e-05,"profit_abs":-0.0041528,"exit_reason":"exit_signal","initial_stop_loss_abs":2234.37,"initial_stop_loss_ratio":-0.1,"stop_loss_abs":2234.37,"stop_loss_ratio":-0.1,"min_rate":2481.91,"max_rate":2489.36,"is_open":false,"enter_tag":"","leverage":1.0,"is_short":false,"open_timestamp":1749286800000,"close_timestamp":1749290400000,"orders":[{"amount":0.04,"safe_price":2482.63,"ft_order_side":"buy","order_filled_timestamp":1749286800000,"ft_is_entry":true,"ft_order_tag":"","cost":99.3548526},{"amount":0.04,"safe_price":2485.01,"ft_order_side":"sell","order_filled_timestamp":1749290400000,"ft_is_entry":false,"ft_order_tag":"exit_signal","cost":99.4501002}],"funding_fees":0.0},{"pair":"ETH/USDT:USDT","stake_amount":99.5424,"max_stake_amount":99.5424,"amount":0.04,"open_date":"2025-06-07 10:15:00+00:00","close_date":"2025-06-07 20:00:00+00:00","open_rate":2488.56,"close_rate":2515.78,"fee_open":0.0005,"fee_close":0.0005,"trade_duration":585,"profit_ratio":0.009859303880705033,"profit_abs":0.98190948,"exit_reason":"exit_signal","initial_stop_loss_abs":2239.71,"initial_stop_loss_ratio":-0.1,"stop_loss_abs":2239.71,"stop_loss_ratio":-0.1,"min_rate":2487.11,"max_rate":2524.9,"is_open":false,"enter_tag":"","leverage":1.0,"is_short":false,"open_timestamp":1749291300000,"close_timestamp":1749326400000,"orders":[{"amount":0.04,"safe_price":2488.56,"ft_order_side":"buy","order_filled_timestamp":1749291300000,"ft_is_entry":true,"ft_order_tag":"","cost":99.5921712},{"amount":0.04,"safe_price":2515.78,"ft_order_side":"sell","order_filled_timestamp":1749326400000,"ft_is_entry":false,"ft_order_tag":"exit_signal","cost":100.6815156}],"funding_fees":-0.006803717752134301},{"pair":"ETH/USDT:USDT","stake_amount":98.42625,"max_stake_amount":98.42625,"amount":0.039,"open_date":"2025-06-07 20:15:00+00:00","close_date":"2025-06-07 21:00:00+00:00","open_rate":2523.75,"close_rate":2520.75,"fee_open":0.0005,"fee_close":0.0005,"trade_duration":45,"profit_ratio":-0.0021870194174829377,"profit_abs":-0.21536775,"exit_reason":"exit_signal","initial_stop_loss_abs":2271.38,"initial_stop_loss_ratio":-0.1,"stop_loss_abs":2271.38,"stop_loss_ratio":-0.1,"min_rate":2517.28,"max_rate":2524.12,"is_open":false,"enter_tag":"","leverage":1.0,"is_short":false,"open_timestamp":1749327300000,"close_timestamp":1749330000000,"orders":[{"amount":0.039,"safe_price":2523.75,"ft_order_side":"buy","order_filled_timestamp":1749327300000,"ft_is_entry":true,"ft_order_tag":"","cost":98.47546312499999},{"amount":0.039,"safe_price":2520.75,"ft_order_side":"sell","order_filled_timestamp":1749330000000,"ft_is_entry":false,"ft_order_tag":"exit_signal","cost":98.358404625}],"funding_fees":0.0},{"pair":"ETH/USDT:USDT","stake_amount":98.23281,"max_stake_amount":98.23281,"amount":0.039,"open_date":"2025-06-07 21:15:00+00:00","close_date":"2025-06-07 21:30:00+00:00","open_rate":2518.79,"close_rate":2519.35,"fee_open":0.0005,"fee_close":0.0005,"trade_duration":15,"profit_ratio":-0.0007773934923208123,"profit_abs":-0.07640373,"exit_reason":"exit_signal","initial_stop_loss_abs":2266.92,"initial_stop_loss_ratio":-0.1,"stop_loss_abs":2266.92,"stop_loss_ratio":-0.1,"min_rate":2517.22,"max_rate":2522.38,"is_open":false,"enter_tag":"","leverage":1.0,"is_short":false,"open_timestamp":1749330900000,"close_timestamp":1749331800000,"orders":[{"amount":0.039,"safe_price":2518.79,"ft_order_side":"buy","order_filled_timestamp":1749330900000,"ft_is_entry":true,"ft_order_tag":"","cost":98.281926405},{"amount":0.039,"safe_price":2519.35,"ft_order_side":"sell","order_filled_timestamp":1749331800000,"ft_is_entry":false,"ft_order_tag":"exit_signal","cost":98.303777325}],"funding_fees":0.0},{"pair":"ETH/USDT:USDT","stake_amount":98.25348,"max_stake_amount":98.25348,"amount":0.039,"open_date":"2025-06-07 22:15:00+00:00","close_date":"2025-06-07 22:30:00+00:00","open_rate":2519.32,"close_rate":2522.73,"fee_open":0.0005,"fee_close":0.0005,"trade_duration":15,"profit_ratio":0.00035268667993411954,"profit_abs":0.03467002,"exit_reason":"exit_signal","initial_stop_loss_abs":2267.39,"initial_stop_loss_ratio":-0.1,"stop_loss_abs":2267.39,"stop_loss_ratio":-0.1,"min_rate":2518.68,"max_rate":2545.0,"is_open":false,"enter_tag":"","leverage":1.0,"is_short":false,"open_timestamp":1749334500000,"close_timestamp":1749335400000,"orders":[{"amount":0.039,"safe_price":2519.32,"ft_order_side":"buy","order_filled_timestamp":1749334500000,"ft_is_entry":true,"ft_order_tag":"","cost":98.30260674},{"amount":0.039,"safe_price":2522.73,"ft_order_side":"sell","order_filled_timestamp":1749335400000,"ft_is_entry":false,"ft_order_tag":"exit_signal","cost":98.43566323499999}],"funding_fees":0.0},{"pair":"ETH/USDT:USDT","stake_amount":98.61462,"max_stake_amount":98.61462,"amount":0.039,"open_date":"2025-06-07 23:15:00+00:00","close_date":"2025-06-08 02:30:00+00:00","open_rate":2528.58,"close_rate":2512.84,"fee_open":0.0005,"fee_close":0.0005,"trade_duration":195,"profit_ratio":-0.007317872799969327,"profit_abs":-0.72201007,"exit_reason":"exit_signal","initial_stop_loss_abs":2275.73,"initial_stop_loss_ratio":-0.1,"stop_loss_abs":2275.73,"stop_loss_ratio":-0.1,"min_rate":2510.02,"max_rate":2528.97,"is_open":false,"enter_tag":"","leverage":1.0,"is_short":false,"open_timestamp":1749338100000,"close_timestamp":1749349800000,"orders":[{"amount":0.039,"safe_price":2528.58,"ft_order_side":"buy","order_filled_timestamp":1749338100000,"ft_is_entry":true,"ft_order_tag":"","cost":98.66392730999999},{"amount":0.039,"safe_price":2512.84,"ft_order_side":"sell","order_filled_timestamp":1749349800000,"ft_is_entry":false,"ft_order_tag":"exit_signal","cost":98.04976038}],"funding_fees":-0.009842382308148},{"pair":"ETH/USDT:USDT","stake_amount":98.03469,"max_stake_amount":98.03469,"amount":0.039,"open_date":"2025-06-08 02:45:00+00:00","close_date":"2025-06-08 03:30:00+00:00","open_rate":2513.71,"close_rate":2509.63,"fee_open":0.0005,"fee_close":0.0005,"trade_duration":45,"profit_ratio":-0.0026209768875860595,"profit_abs":-0.25707513,"exit_reason":"exit_signal","initial_stop_loss_abs":2262.34,"initial_stop_loss_ratio":-0.1,"stop_loss_abs":2262.34,"stop_loss_ratio":-0.1,"min_rate":2507.25,"max_rate":2515.0,"is_open":false,"enter_tag":"","leverage":1.0,"is_short":false,"open_timestamp":1749350700000,"close_timestamp":1749353400000,"orders":[{"amount":0.039,"safe_price":2513.71,"ft_order_side":"buy","order_filled_timestamp":1749350700000,"ft_is_entry":true,"ft_order_tag":"","cost":98.083707345},{"amount":0.039,"safe_price":2509.63,"ft_order_side":"sell","order_filled_timestamp":1749353400000,"ft_is_entry":false,"ft_order_tag":"exit_signal","cost":97.924507785}],"funding_fees":0.0},{"pair":"ETH/USDT:USDT","stake_amount":97.82487,"max_stake_amount":97.82487,"amount":0.039,"open_date":"2025-06-08 04:15:00+00:00","close_date":"2025-06-08 04:30:00+00:00","open_rate":2508.33,"close_rate":2510.66,"fee_open":0.0005,"fee_close":0.0005,"trade_duration":15,"profit_ratio":-7.152375054728312e-05,"profit_abs":-0.0070003,"exit_reason":"exit_signal","initial_stop_loss_abs":2257.5,"initial_stop_loss_ratio":-0.1,"stop_loss_abs":2257.5,"stop_loss_ratio":-0.1,"min_rate":2507.96,"max_rate":2517.55,"is_open":false,"enter_tag":"","leverage":1.0,"is_short":false,"open_timestamp":1749356100000,"close_timestamp":1749357000000,"orders":[{"amount":0.039,"safe_price":2508.33,"ft_order_side":"buy","order_filled_timestamp":1749356100000,"ft_is_entry":true,"ft_order_tag":"","cost":97.87378243499998},{"amount":0.039,"safe_price":2510.66,"ft_order_side":"sell","order_filled_timestamp":1749357000000,"ft_is_entry":false,"ft_order_tag":"exit_signal","cost":97.96469787}],"funding_fees":0.0},{"pair":"ETH/USDT:USDT","stake_amount":98.17002,"max_stake_amount":98.17002,"amount":0.039,"open_date":"2025-06-08 04:45:00+00:00","close_date":"2025-06-08 06:15:00+00:00","open_rate":2517.18,"close_rate":2511.88,"fee_open":0.0005,"fee_close":0.0005,"trade_duration":90,"profit_ratio":-0.0031029265637166083,"profit_abs":-0.30476667,"exit_reason":"exit_signal","initial_stop_loss_abs":2265.47,"initial_stop_loss_ratio":-0.1,"stop_loss_abs":2265.47,"stop_loss_ratio":-0.1,"min_rate":2507.69,"max_rate":2519.03,"is_open":false,"enter_tag":"","leverage":1.0,"is_short":false,"open_timestamp":1749357900000,"close_timestamp":1749363300000,"orders":[{"amount":0.039,"safe_price":2517.18,"ft_order_side":"buy","order_filled_timestamp":1749357900000,"ft_is_entry":true,"ft_order_tag":"","cost":98.21910500999999},{"amount":0.039,"safe_price":2511.88,"ft_order_side":"sell","order_filled_timestamp":1749363300000,"ft_is_entry":false,"ft_order_tag":"exit_signal","cost":98.01230166}],"funding_fees":0.0},{"pair":"ETH/USDT:USDT","stake_amount":98.01168,"max_stake_amount":98.01168,"amount":0.039,"open_date":"2025-06-08 06:30:00+00:00","close_date":"2025-06-08 06:45:00+00:00","open_rate":2513.12,"close_rate":2515.23,"fee_open":0.0005,"fee_close":0.0005,"trade_duration":15,"profit_ratio":-0.0001607456634121375,"profit_abs":-0.01576283,"exit_reason":"exit_signal","initial_stop_loss_abs":2261.81,"initial_stop_loss_ratio":-0.1,"stop_loss_abs":2261.81,"stop_loss_ratio":-0.1,"min_rate":2511.5,"max_rate":2516.4,"is_open":false,"enter_tag":"","leverage":1.0,"is_short":false,"open_timestamp":1749364200000,"close_timestamp":1749365100000,"orders":[{"amount":0.039,"safe_price":2513.12,"ft_order_side":"buy","order_filled_timestamp":1749364200000,"ft_is_entry":true,"ft_order_tag":"","cost":98.06068583999999},{"amount":0.039,"safe_price":2515.23,"ft_order_side":"sell","order_filled_timestamp":1749365100000,"ft_is_entry":false,"ft_order_tag":"exit_signal","cost":98.14301698499999}],"funding_fees":0.0},{"pair":"ETH/USDT:USDT","stake_amount":98.02494,"max_stake_amount":98.02494,"amount":0.039,"open_date":"2025-06-08 08:00:00+00:00","close_date":"2025-06-08 08:30:00+00:00","open_rate":2513.46,"close_rate":2514.25,"fee_open":0.0005,"fee_close":0.0005,"trade_duration":30,"profit_ratio":-0.0007806826182866493,"profit_abs":-0.07656463,"exit_reason":"exit_signal","initial_stop_loss_abs":2262.12,"initial_stop_loss_ratio":-0.1,"stop_loss_abs":2262.12,"stop_loss_ratio":-0.1,"min_rate":2513.39,"max_rate":2520.19,"is_open":false,"enter_tag":"","leverage":1.0,"is_short":false,"open_timestamp":1749369600000,"close_timestamp":1749371400000,"orders":[{"amount":0.039,"safe_price":2513.46,"ft_order_side":"buy","order_filled_timestamp":1749369600000,"ft_is_entry":true,"ft_order_tag":"","cost":98.07395247},{"amount":0.039,"safe_price":2514.25,"ft_order_side":"sell","order_filled_timestamp":1749371400000,"ft_is_entry":false,"ft_order_tag":"exit_signal","cost":98.104777875}],"funding_fees":-0.009334288699626641},{"pair":"SOL/USDT:USDT","stake_amount":99.4432,"max_stake_amount":99.4432,"amount":0.68,"open_date":"2025-06-05 19:30:00+00:00","close_date":"2025-06-08 18:15:00+00:00","open_rate":146.24,"close_rate":153.83,"fee_open":0.0005,"fee_close":0.0005,"trade_duration":4245,"profit_ratio":0.05097601867990577,"profit_abs":5.07175303,"exit_reason":"exit_signal","initial_stop_loss_abs":131.62,"initial_stop_loss_ratio":-0.1,"stop_loss_abs":131.62,"stop_loss_ratio":-0.1,"min_rate":141.43,"max_rate":154.14,"is_open":false,"enter_tag":"","leverage":1.0,"is_short":false,"open_timestamp":1749151800000,"close_timestamp":1749406500000,"orders":[{"amount":0.68,"safe_price":146.24,"ft_order_side":"buy","order_filled_timestamp":1749151800000,"ft_is_entry":true,"ft_order_tag":"","cost":99.49292160000002},{"amount":0.68,"safe_price":153.83,"ft_order_side":"sell","order_filled_timestamp":1749406500000,"ft_is_entry":false,"ft_order_tag":"exit_signal","cost":104.65670220000001}],"funding_fees":0.012576825168446444},{"pair":"ETH/USDT:USDT","stake_amount":98.085,"max_stake_amount":98.085,"amount":0.039,"open_date":"2025-06-08 08:45:00+00:00","close_date":"2025-06-08 20:30:00+00:00","open_rate":2515.0,"close_rate":2533.99,"fee_open":0.0005,"fee_close":0.0005,"trade_duration":705,"profit_ratio":0.006496751929892218,"profit_abs":0.63755253,"exit_reason":"exit_signal","initial_stop_loss_abs":2263.5,"initial_stop_loss_ratio":-0.1,"stop_loss_abs":2263.5,"stop_loss_ratio":-0.1,"min_rate":2483.28,"max_rate":2539.68,"is_open":false,"enter_tag":"","leverage":1.0,"is_short":false,"open_timestamp":1749372300000,"close_timestamp":1749414600000,"orders":[{"amount":0.039,"safe_price":2515.0,"ft_order_side":"buy","order_filled_timestamp":1749372300000,"ft_is_entry":true,"ft_order_tag":"","cost":98.13404249999999},{"amount":0.039,"safe_price":2533.99,"ft_order_side":"sell","order_filled_timestamp":1749414600000,"ft_is_entry":false,"ft_order_tag":"exit_signal","cost":98.87502280499999}],"funding_fees":-0.004602160821599758},{"pair":"ETH/USDT:USDT","stake_amount":98.24607,"max_stake_amount":98.24607,"amount":0.039,"open_date":"2025-06-08 22:15:00+00:00","close_date":"2025-06-09 21:30:00+00:00","open_rate":2519.13,"close_rate":2638.76,"fee_open":0.0005,"fee_close":0.0005,"trade_duration":1395,"profit_ratio":0.046313565185013936,"profit_abs":4.55240083,"exit_reason":"exit_signal","initial_stop_loss_abs":2267.22,"initial_stop_loss_ratio":-0.1,"stop_loss_abs":2267.22,"stop_loss_ratio":-0.1,"min_rate":2475.83,"max_rate":2639.88,"is_open":false,"enter_tag":"","leverage":1.0,"is_short":false,"open_timestamp":1749420900000,"close_timestamp":1749504600000,"orders":[{"amount":0.039,"safe_price":2519.13,"ft_order_side":"buy","order_filled_timestamp":1749420900000,"ft_is_entry":true,"ft_order_tag":"","cost":98.295193035},{"amount":0.039,"safe_price":2638.76,"ft_order_side":"sell","order_filled_timestamp":1749504600000,"ft_is_entry":false,"ft_order_tag":"exit_signal","cost":102.96309582}],"funding_fees":-0.012590314785373206},{"pair":"SOL/USDT:USDT","stake_amount":100.5675,"max_stake_amount":100.5675,"amount":0.69,"open_date":"2025-06-13 00:30:00+00:00","close_date":"2025-06-13 02:45:00+00:00","open_rate":145.75,"close_rate":141.27,"fee_open":0.0005,"fee_close":0.0005,"trade_duration":135,"profit_ratio":-0.03170634236912419,"profit_abs":-3.1902219,"exit_reason":"exit_signal","initial_stop_loss_abs":131.18,"initial_stop_loss_ratio":-0.1,"stop_loss_abs":131.18,"stop_loss_ratio":-0.1,"min_rate":140.73,"max_rate":146.35,"is_open":false,"enter_tag":"","leverage":1.0,"is_short":false,"open_timestamp":1749774600000,"close_timestamp":1749782700000,"orders":[{"amount":0.69,"safe_price":145.75,"ft_order_side":"buy","order_filled_timestamp":1749774600000,"ft_is_entry":true,"ft_order_tag":"","cost":100.61778374999999},{"amount":0.69,"safe_price":141.27,"ft_order_side":"sell","order_filled_timestamp":1749782700000,"ft_is_entry":false,"ft_order_tag":"exit_signal","cost":97.52503814999999}],"funding_fees":0.0},{"pair":"ETH/USDT:USDT","stake_amount":98.08851,"max_stake_amount":98.08851,"amount":0.039,"open_date":"2025-06-13 05:45:00+00:00","close_date":"2025-06-15 03:45:00+00:00","open_rate":2515.09,"close_rate":2531.61,"fee_open":0.0005,"fee_close":0.0005,"trade_duration":2760,"profit_ratio":0.005463121371528212,"profit_abs":0.53613737,"exit_reason":"exit_signal","initial_stop_loss_abs":2263.59,"initial_stop_loss_ratio":-0.1,"stop_loss_abs":2263.59,"stop_loss_ratio":-0.1,"min_rate":2486.68,"max_rate":2585.0,"is_open":false,"enter_tag":"","leverage":1.0,"is_short":false,"open_timestamp":1749793500000,"close_timestamp":1749959100000,"orders":[{"amount":0.039,"safe_price":2515.09,"ft_order_side":"buy","order_filled_timestamp":1749793500000,"ft_is_entry":true,"ft_order_tag":"","cost":98.137554255},{"amount":0.039,"safe_price":2531.61,"ft_order_side":"sell","order_filled_timestamp":1749959100000,"ft_is_entry":false,"ft_order_tag":"exit_signal","cost":98.782156395}],"funding_fees":-0.009731976751643242},{"pair":"SUI/USDT:USDT","stake_amount":100.4121,"max_stake_amount":100.4121,"amount":35.4,"open_date":"2025-06-14 17:00:00+00:00","close_date":"2025-06-15 04:45:00+00:00","open_rate":2.8365,"close_rate":3.0084,"fee_open":0.0005,"fee_close":0.0005,"trade_duration":705,"profit_ratio":0.05954536656786209,"profit_abs":5.98206484,"exit_reason":"exit_signal","initial_stop_loss_abs":2.5529,"initial_stop_loss_ratio":-0.1,"stop_loss_abs":2.5529,"stop_loss_ratio":-0.1,"min_rate":2.8034,"max_rate":3.0124,"is_open":false,"enter_tag":"","leverage":1.0,"is_short":false,"open_timestamp":1749920400000,"close_timestamp":1749962700000,"orders":[{"amount":35.4,"safe_price":2.8365,"ft_order_side":"buy","order_filled_timestamp":1749920400000,"ft_is_entry":true,"ft_order_tag":"","cost":100.46230605},{"amount":35.4,"safe_price":3.0084,"ft_order_side":"sell","order_filled_timestamp":1749962700000,"ft_is_entry":false,"ft_order_tag":"exit_signal","cost":106.55060868}],"funding_fees":0.00025957234079999994},{"pair":"SOL/USDT:USDT","stake_amount":99.1323,"max_stake_amount":99.1323,"amount":0.69,"open_date":"2025-06-13 05:45:00+00:00","close_date":"2025-06-16 01:45:00+00:00","open_rate":143.67,"close_rate":153.98,"fee_open":0.0005,"fee_close":0.0005,"trade_duration":4080,"profit_ratio":0.07042934773414726,"profit_abs":6.98531414,"exit_reason":"exit_signal","initial_stop_loss_abs":129.31,"initial_stop_loss_ratio":-0.1,"stop_loss_abs":129.31,"stop_loss_ratio":-0.1,"min_rate":141.87,"max_rate":156.72,"is_open":false,"enter_tag":"","leverage":1.0,"is_short":false,"open_timestamp":1749793500000,"close_timestamp":1750038300000,"orders":[{"amount":0.69,"safe_price":143.67,"ft_order_side":"buy","order_filled_timestamp":1749793500000,"ft_is_entry":true,"ft_order_tag":"","cost":99.18186614999998},{"amount":0.69,"safe_price":153.98,"ft_order_side":"sell","order_filled_timestamp":1750038300000,"ft_is_entry":false,"ft_order_tag":"exit_signal","cost":106.29932309999998}],"funding_fees":-0.025896607304257826},{"pair":"ETH/USDT:USDT","stake_amount":101.0996,"max_stake_amount":101.0996,"amount":0.04,"open_date":"2025-06-15 07:30:00+00:00","close_date":"2025-06-16 14:00:00+00:00","open_rate":2527.49,"close_rate":2638.33,"fee_open":0.0005,"fee_close":0.0005,"trade_duration":1830,"profit_ratio":0.042513780637030756,"profit_abs":4.30027528,"exit_reason":"exit_signal","initial_stop_loss_abs":2274.75,"initial_stop_loss_ratio":-0.1,"stop_loss_abs":2274.75,"stop_loss_ratio":-0.1,"min_rate":2490.38,"max_rate":2644.7,"is_open":false,"enter_tag":"","leverage":1.0,"is_short":false,"open_timestamp":1749972600000,"close_timestamp":1750082400000,"orders":[{"amount":0.04,"safe_price":2527.49,"ft_order_side":"buy","order_filled_timestamp":1749972600000,"ft_is_entry":true,"ft_order_tag":"","cost":101.1501498},{"amount":0.04,"safe_price":2638.33,"ft_order_side":"sell","order_filled_timestamp":1750082400000,"ft_is_entry":false,"ft_order_tag":"exit_signal","cost":105.58596659999999}],"funding_fees":-0.030008315746083175},{"pair":"SOL/USDT:USDT","stake_amount":101.7405,"max_stake_amount":101.7405,"amount":0.69,"open_date":"2025-06-17 15:30:00+00:00","close_date":"2025-06-18 07:30:00+00:00","open_rate":147.45,"close_rate":147.25,"fee_open":0.0005,"fee_close":0.0005,"trade_duration":960,"profit_ratio":-0.0024077659962534986,"profit_abs":-0.2450898,"exit_reason":"force_exit","initial_stop_loss_abs":132.71,"initial_stop_loss_ratio":-0.1,"stop_loss_abs":132.71,"stop_loss_ratio":-0.1,"min_rate":145.55,"max_rate":150.35,"is_open":false,"enter_tag":"","leverage":1.0,"is_short":false,"open_timestamp":1750174200000,"close_timestamp":1750231800000,"orders":[{"amount":0.69,"safe_price":147.45,"ft_order_side":"buy","order_filled_timestamp":1750174200000,"ft_is_entry":true,"ft_order_tag":"","cost":101.79137024999997},{"amount":0.69,"safe_price":147.25,"ft_order_side":"sell","order_filled_timestamp":1750231800000,"ft_is_entry":false,"ft_order_tag":"force_exit","cost":101.65330124999998}],"funding_fees":-0.00541830159},{"pair":"ETH/USDT:USDT","stake_amount":100.8076,"max_stake_amount":100.8076,"amount":0.04,"open_date":"2025-06-17 15:15:00+00:00","close_date":"2025-06-18 07:30:00+00:00","open_rate":2520.19,"close_rate":2524.21,"fee_open":0.0005,"fee_close":0.0005,"trade_duration":975,"profit_ratio":0.000538963968668196,"profit_abs":0.05435883,"exit_reason":"force_exit","initial_stop_loss_abs":2268.18,"initial_stop_loss_ratio":-0.1,"stop_loss_abs":2268.18,"stop_loss_ratio":-0.1,"min_rate":2451.97,"max_rate":2545.1,"is_open":false,"enter_tag":"","leverage":1.0,"is_short":false,"open_timestamp":1750173300000,"close_timestamp":1750231800000,"orders":[{"amount":0.04,"safe_price":2520.19,"ft_order_side":"buy","order_filled_timestamp":1750173300000,"ft_is_entry":true,"ft_order_tag":"","cost":100.8580038},{"amount":0.04,"safe_price":2524.21,"ft_order_side":"sell","order_filled_timestamp":1750231800000,"ft_is_entry":false,"ft_order_tag":"force_exit","cost":101.0188842}],"funding_fees":-0.005553167090655128},{"pair":"SUI/USDT:USDT","stake_amount":102.078,"max_stake_amount":102.078,"amount":36.0,"open_date":"2025-06-17 15:30:00+00:00","close_date":"2025-06-18 07:30:00+00:00","open_rate":2.8355,"close_rate":2.8614,"fee_open":0.0005,"fee_close":0.0005,"trade_duration":960,"profit_ratio":0.008024768058377598,"profit_abs":0.81956185,"exit_reason":"force_exit","initial_stop_loss_abs":2.552,"initial_stop_loss_ratio":-0.1,"stop_loss_abs":2.552,"stop_loss_ratio":-0.1,"min_rate":2.8001,"max_rate":2.9175,"is_open":false,"enter_tag":"","leverage":1.0,"is_short":false,"open_timestamp":1750174200000,"close_timestamp":1750231800000,"orders":[{"amount":36.0,"safe_price":2.8355,"ft_order_side":"buy","order_filled_timestamp":1750174200000,"ft_is_entry":true,"ft_order_tag":"","cost":102.12903899999999},{"amount":36.0,"safe_price":2.8614,"ft_order_side":"sell","order_filled_timestamp":1750231800000,"ft_is_entry":false,"ft_order_tag":"force_exit","cost":103.0619052}],"funding_fees":-0.010293953616}],"locks":[],"best_pair":{"key":"ETH/USDT:USDT","trades":29,"profit_mean":0.006551066183846997,"profit_mean_pct":0.66,"profit_sum":0.18998091933156291,"profit_sum_pct":19.0,"profit_total_abs":18.73081317,"profit_total":0.018730813170000003,"profit_total_pct":1.87,"duration_avg":"14:44:00","wins":13,"draws":0,"losses":16,"winrate":0.4482758620689655,"cagr":0.22784152337962693,"expectancy":0.645890109310345,"expectancy_ratio":0.8174350896945397,"sortino":8.69387178772367,"sharpe":4.448170208078479,"calmar":211.34720645037254,"sqn":1.4019,"profit_factor":2.481601100071354,"max_drawdown_account":0.005130888919999961,"max_drawdown_abs":5.13088892},"worst_pair":{"key":"SUI/USDT:USDT","trades":2,"profit_mean":0.033785067313119845,"profit_mean_pct":3.38,"profit_sum":0.06757013462623969,"profit_sum_pct":6.76,"profit_total_abs":6.80162669,"profit_total":0.00680162669,"profit_total_pct":0.68,"duration_avg":"13:52:00","wins":2,"draws":0,"losses":0,"winrate":1.0,"cagr":0.07785766116327619,"expectancy":3.400813345,"expectancy_ratio":100.0,"sortino":-100,"sharpe":1.5255096655036757,"calmar":-100,"sqn":1.3175,"profit_factor":0.0,"max_drawdown_account":0.0,"max_drawdown_abs":0.0},"results_per_pair":[{"key":"ETH/USDT:USDT","trades":29,"profit_mean":0.006551066183846997,"profit_mean_pct":0.66,"profit_sum":0.18998091933156291,"profit_sum_pct":19.0,"profit_total_abs":18.73081317,"profit_total":0.018730813170000003,"profit_total_pct":1.87,"duration_avg":"14:44:00","wins":13,"draws":0,"losses":16,"winrate":0.4482758620689655,"cagr":0.22784152337962693,"expectancy":0.645890109310345,"expectancy_ratio":0.8174350896945397,"sortino":8.69387178772367,"sharpe":4.448170208078479,"calmar":211.34720645037254,"sqn":1.4019,"profit_factor":2.481601100071354,"max_drawdown_account":0.005130888919999961,"max_drawdown_abs":5.13088892},{"key":"SOL/USDT:USDT","trades":4,"profit_mean":0.021822814512168835,"profit_mean_pct":2.18,"profit_sum":0.08729125804867534,"profit_sum_pct":8.73,"profit_total_abs":8.621755469999998,"profit_total":0.008621755469999999,"profit_total_pct":0.86,"duration_avg":"1 day, 15:15:00","wins":2,"draws":0,"losses":2,"winrate":0.5,"cagr":0.09960727715664941,"expectancy":2.1554388675,"expectancy_ratio":1.254872370096722,"sortino":3.389638704446478,"sharpe":1.2272234632941754,"calmar":157.25496603218096,"sqn":0.9179,"profit_factor":3.5097447401934443,"max_drawdown_account":0.003174123529372295,"max_drawdown_abs":3.1902219},{"key":"SUI/USDT:USDT","trades":2,"profit_mean":0.033785067313119845,"profit_mean_pct":3.38,"profit_sum":0.06757013462623969,"profit_sum_pct":6.76,"profit_total_abs":6.80162669,"profit_total":0.00680162669,"profit_total_pct":0.68,"duration_avg":"13:52:00","wins":2,"draws":0,"losses":0,"winrate":1.0,"cagr":0.07785766116327619,"expectancy":3.400813345,"expectancy_ratio":100.0,"sortino":-100,"sharpe":1.5255096655036757,"calmar":-100,"sqn":1.3175,"profit_factor":0.0,"max_drawdown_account":0.0,"max_drawdown_abs":0.0},{"key":"TOTAL","trades":35,"profit_mean":0.009852637485899369,"profit_mean_pct":0.99,"profit_sum":0.3448423120064779,"profit_sum_pct":34.48,"profit_total_abs":34.15419532999999,"profit_total":0.03415419532999999,"profit_total_pct":3.42,"duration_avg":"17:29:00","wins":17,"draws":0,"losses":18,"winrate":0.4857142857142857,"cagr":0.4498472089997607,"expectancy":0.9758341522857139,"expectancy_ratio":1.0925154166635438,"sortino":15.126096265396274,"sharpe":7.088615930208753,"calmar":385.37535482533764,"sqn":2.0399,"profit_factor":3.1243355324013358,"max_drawdown_account":0.005130888919999961,"max_drawdown_abs":5.13088892}],"results_per_enter_tag":[{"key":"","trades":35,"profit_mean":0.009852637485899369,"profit_mean_pct":0.99,"profit_sum":0.3448423120064779,"profit_sum_pct":34.48,"profit_total_abs":34.15419532999999,"profit_total":0.03415419532999999,"profit_total_pct":3.42,"duration_avg":"17:29:00","wins":17,"draws":0,"losses":18,"winrate":0.4857142857142857,"cagr":0.4498472089997607,"expectancy":0.9758341522857139,"expectancy_ratio":1.0925154166635438,"sortino":15.126096265396274,"sharpe":7.088615930208753,"calmar":385.37535482533764,"sqn":2.0399,"profit_factor":3.1243355324013358,"max_drawdown_account":0.005130888919999961,"max_drawdown_abs":5.13088892},{"key":"TOTAL","trades":35,"profit_mean":0.009852637485899369,"profit_mean_pct":0.99,"profit_sum":0.3448423120064779,"profit_sum_pct":34.48,"profit_total_abs":34.15419532999999,"profit_total":0.03415419532999999,"profit_total_pct":3.42,"duration_avg":"17:29:00","wins":17,"draws":0,"losses":18,"winrate":0.4857142857142857,"cagr":0.4498472089997607,"expectancy":0.9758341522857139,"expectancy_ratio":1.0925154166635438,"sortino":15.126096265396274,"sharpe":7.088615930208753,"calmar":385.37535482533764,"sqn":2.0399,"profit_factor":3.1243355324013358,"max_drawdown_account":0.005130888919999961,"max_drawdown_abs":5.13088892}],"exit_reason_summary":[{"key":"exit_signal","trades":32,"profit_mean":0.010583948311740175,"profit_mean_pct":1.06,"profit_sum":0.3386863459756856,"profit_sum_pct":33.87,"profit_total_abs":33.52536445,"profit_total":0.03352536445,"profit_total_pct":3.35,"duration_avg":"17:37:00","wins":15,"draws":0,"losses":17,"winrate":0.46875,"cagr":0.4401259673772788,"expectancy":1.0476676390625,"expectancy_ratio":1.1249234070149399,"sortino":14.534739286090957,"sharpe":6.68433287116145,"calmar":378.2800061818206,"sqn":2.0089,"profit_factor":3.1175028837928274,"max_drawdown_account":0.005130888919999961,"max_drawdown_abs":5.13088892},{"key":"force_exit","trades":3,"profit_mean":0.0020519886769307647,"profit_mean_pct":0.21,"profit_sum":0.006155966030792295,"profit_sum_pct":0.62,"profit_total_abs":0.62883088,"profit_total":0.00062883088,"profit_total_pct":0.06,"duration_avg":"16:05:00","wins":2,"draws":0,"losses":1,"winrate":0.6666666666666666,"cagr":0.006977293397038897,"expectancy":0.2096102933333333,"expectancy_ratio":0.8552387465057025,"sortino":-100,"sharpe":0.8120929594763961,"calmar":148.53921190748858,"sqn":0.6613,"profit_factor":3.5657162395171076,"max_drawdown_account":0.0002450897999999597,"max_drawdown_abs":0.2450898},{"key":"TOTAL","trades":35,"profit_mean":0.009852637485899369,"profit_mean_pct":0.99,"profit_sum":0.3448423120064779,"profit_sum_pct":34.48,"profit_total_abs":34.15419532999999,"profit_total":0.03415419532999999,"profit_total_pct":3.42,"duration_avg":"17:29:00","wins":17,"draws":0,"losses":18,"winrate":0.4857142857142857,"cagr":0.4498472089997607,"expectancy":0.9758341522857139,"expectancy_ratio":1.0925154166635438,"sortino":15.126096265396274,"sharpe":7.088615930208753,"calmar":385.37535482533764,"sqn":2.0399,"profit_factor":3.1243355324013358,"max_drawdown_account":0.005130888919999961,"max_drawdown_abs":5.13088892}],"mix_tag_stats":[{"key":["","exit_signal"],"trades":32,"profit_mean":0.010583948311740175,"profit_mean_pct":1.06,"profit_sum":0.3386863459756856,"profit_sum_pct":33.87,"profit_total_abs":33.52536445,"profit_total":0.03352536445,"profit_total_pct":3.35,"duration_avg":"17:37:00","wins":15,"draws":0,"losses":17,"winrate":0.46875,"cagr":0.4401259673772788,"expectancy":1.0476676390625,"expectancy_ratio":1.1249234070149399,"sortino":14.534739286090957,"sharpe":6.68433287116145,"calmar":378.2800061818206,"sqn":2.0089,"profit_factor":3.1175028837928274,"max_drawdown_account":0.005130888919999961,"max_drawdown_abs":5.13088892},{"key":["","force_exit"],"trades":3,"profit_mean":0.0020519886769307647,"profit_mean_pct":0.21,"profit_sum":0.006155966030792295,"profit_sum_pct":0.62,"profit_total_abs":0.62883088,"profit_total":0.00062883088,"profit_total_pct":0.06,"duration_avg":"16:05:00","wins":2,"draws":0,"losses":1,"winrate":0.6666666666666666,"cagr":0.006977293397038897,"expectancy":0.2096102933333333,"expectancy_ratio":0.8552387465057025,"sortino":-100,"sharpe":0.8120929594763961,"calmar":148.53921190748858,"sqn":0.6613,"profit_factor":3.5657162395171076,"max_drawdown_account":0.0002450897999999597,"max_drawdown_abs":0.2450898},{"key":"TOTAL","trades":35,"profit_mean":0.009852637485899369,"profit_mean_pct":0.99,"profit_sum":0.3448423120064779,"profit_sum_pct":34.48,"profit_total_abs":34.15419532999999,"profit_total":0.03415419532999999,"profit_total_pct":3.42,"duration_avg":"17:29:00","wins":17,"draws":0,"losses":18,"winrate":0.4857142857142857,"cagr":0.4498472089997607,"expectancy":0.9758341522857139,"expectancy_ratio":1.0925154166635438,"sortino":15.126096265396274,"sharpe":7.088615930208753,"calmar":385.37535482533764,"sqn":2.0399,"profit_factor":3.1243355324013358,"max_drawdown_account":0.005130888919999961,"max_drawdown_abs":5.13088892}],"left_open_trades":[{"key":"SUI/USDT:USDT","trades":1,"profit_mean":0.008024768058377598,"profit_mean_pct":0.8,"profit_sum":0.008024768058377598,"profit_sum_pct":0.8,"profit_total_abs":0.81956185,"profit_total":0.0008195618500000001,"profit_total_pct":0.08,"duration_avg":"16:00:00","wins":1,"draws":0,"losses":0,"winrate":1.0,"cagr":0.009102314577535964,"expectancy":0.81956185,"expectancy_ratio":100.0,"sortino":-100,"sharpe":-100,"calmar":-100,"sqn":-100.0,"profit_factor":0.0,"max_drawdown_account":0.0,"max_drawdown_abs":0.0},{"key":"ETH/USDT:USDT","trades":1,"profit_mean":0.000538963968668196,"profit_mean_pct":0.05,"profit_sum":0.000538963968668196,"profit_sum_pct":0.05,"profit_total_abs":0.05435883,"profit_total":5.4358829999999994e-05,"profit_total_pct":0.01,"duration_avg":"16:15:00","wins":1,"draws":0,"losses":0,"winrate":1.0,"cagr":0.0006014060358772166,"expectancy":0.05435883,"expectancy_ratio":100.0,"sortino":-100,"sharpe":-100,"calmar":-100,"sqn":-100.0,"profit_factor":0.0,"max_drawdown_account":0.0,"max_drawdown_abs":0.0},{"key":"SOL/USDT:USDT","trades":1,"profit_mean":-0.0024077659962534986,"profit_mean_pct":-0.24,"profit_sum":-0.0024077659962534986,"profit_sum_pct":-0.24,"profit_total_abs":-0.2450898,"profit_total":-0.0002450898,"profit_total_pct":-0.02,"duration_avg":"16:00:00","wins":0,"draws":0,"losses":1,"winrate":0.0,"cagr":-0.0027075020683587914,"expectancy":-0.2450898,"expectancy_ratio":-1.0,"sortino":-100,"sharpe":-100,"calmar":-57.89385810468466,"sqn":-100.0,"profit_factor":0.0,"max_drawdown_account":0.0002450897999999597,"max_drawdown_abs":0.2450898},{"key":"TOTAL","trades":3,"profit_mean":0.0020519886769307647,"profit_mean_pct":0.21,"profit_sum":0.006155966030792295,"profit_sum_pct":0.62,"profit_total_abs":0.62883088,"profit_total":0.00062883088,"profit_total_pct":0.06,"duration_avg":"16:05:00","wins":2,"draws":0,"losses":1,"winrate":0.6666666666666666,"cagr":0.006977293397038897,"expectancy":0.2096102933333333,"expectancy_ratio":0.8552387465057025,"sortino":-100,"sharpe":0.8120929594763961,"calmar":148.53921190748858,"sqn":0.6613,"profit_factor":3.5657162395171076,"max_drawdown_account":0.0002450897999999597,"max_drawdown_abs":0.2450898}],"total_trades":35,"trade_count_long":35,"trade_count_short":0,"total_volume":6958.422242385,"avg_stake_amount":98.81453228571428,"profit_mean":0.009852637485899369,"profit_median":-4.1797656494132825e-05,"profit_total":0.03415419532999999,"profit_total_long":0.03415419532999999,"profit_total_short":0.0,"profit_total_abs":34.15419532999999,"profit_total_long_abs":34.15419532999999,"profit_total_short_abs":0.0,"cagr":0.4498472089997607,"expectancy":0.9758341522857139,"expectancy_ratio":1.0925154166635438,"sortino":15.126096265396274,"sharpe":7.088615930208753,"calmar":385.37535482533764,"sqn":2.0399,"profit_factor":3.1243355324013358,"backtest_start":"2025-05-16 00:00:00","backtest_start_ts":1747353600000,"backtest_end":"2025-06-18 07:30:00","backtest_end_ts":1750231800000,"backtest_days":33,"backtest_run_start_ts":1750233800,"backtest_run_end_ts":1750233800,"trades_per_day":1.06,"market_change":-0.13696575106928824,"pairlist":["SOL/USDT:USDT","ETH/USDT:USDT","SUI/USDT:USDT"],"stake_amount":"unlimited","stake_currency":"USDT","stake_currency_decimals":3,"starting_balance":1000,"dry_run_wallet":1000,"final_balance":1034.15419533,"rejected_signals":0,"timedout_entry_orders":0,"timedout_exit_orders":0,"canceled_trade_entries":0,"canceled_entry_orders":0,"replaced_entry_orders":0,"max_open_trades":3,"max_open_trades_setting":10,"timeframe":"15m","timeframe_detail":"","timerange":"","enable_protections":false,"strategy_name":"GridBotSample","stoploss":-0.1,"trailing_stop":false,"trailing_stop_positive":null,"trailing_stop_positive_offset":0.0,"trailing_only_offset_is_reached":false,"use_custom_stoploss":false,"minimal_roi":{},"use_exit_signal":true,"exit_profit_only":false,"exit_profit_offset":0.0,"ignore_roi_if_entry_signal":false,"trading_mode":"futures","margin_mode":"isolated","periodic_breakdown":{"day":[{"date":"18/05/2025","date_ts":1747526400000,"profit_abs":-5.13088892,"wins":0,"draws":0,"losses":2,"trades":2,"profit_factor":0.0},{"date":"19/05/2025","date_ts":1747612800000,"profit_abs":0.0,"wins":0,"draws":0,"losses":0,"trades":0,"profit_factor":0.0},{"date":"20/05/2025","date_ts":1747699200000,"profit_abs":0.0,"wins":0,"draws":0,"losses":0,"trades":0,"profit_factor":0.0},{"date":"21/05/2025","date_ts":1747785600000,"profit_abs":0.0,"wins":0,"draws":0,"losses":0,"trades":0,"profit_factor":0.0},{"date":"22/05/2025","date_ts":1747872000000,"profit_abs":7.96439672,"wins":1,"draws":0,"losses":0,"trades":1,"profit_factor":0.0},{"date":"23/05/2025","date_ts":1747958400000,"profit_abs":0.0,"wins":0,"draws":0,"losses":0,"trades":0,"profit_factor":0.0},{"date":"24/05/2025","date_ts":1748044800000,"profit_abs":1.16866066,"wins":1,"draws":0,"losses":0,"trades":1,"profit_factor":0.0},{"date":"25/05/2025","date_ts":1748131200000,"profit_abs":-0.48946678,"wins":0,"draws":0,"losses":2,"trades":2,"profit_factor":0.0},{"date":"26/05/2025","date_ts":1748217600000,"profit_abs":0.0,"wins":0,"draws":0,"losses":0,"trades":0,"profit_factor":0.0},{"date":"27/05/2025","date_ts":1748304000000,"profit_abs":4.43075361,"wins":1,"draws":0,"losses":0,"trades":1,"profit_factor":0.0},{"date":"28/05/2025","date_ts":1748390400000,"profit_abs":0.0,"wins":0,"draws":0,"losses":0,"trades":0,"profit_factor":0.0},{"date":"29/05/2025","date_ts":1748476800000,"profit_abs":0.0,"wins":0,"draws":0,"losses":0,"trades":0,"profit_factor":0.0},{"date":"30/05/2025","date_ts":1748563200000,"profit_abs":0.0,"wins":0,"draws":0,"losses":0,"trades":0,"profit_factor":0.0},{"date":"31/05/2025","date_ts":1748649600000,"profit_abs":-0.03717965,"wins":1,"draws":0,"losses":1,"trades":2,"profit_factor":0.87746134},{"date":"01/06/2025","date_ts":1748736000000,"profit_abs":-0.63814421,"wins":0,"draws":0,"losses":1,"trades":1,"profit_factor":0.0},{"date":"02/06/2025","date_ts":1748822400000,"profit_abs":0.0,"wins":0,"draws":0,"losses":0,"trades":0,"profit_factor":0.0},{"date":"03/06/2025","date_ts":1748908800000,"profit_abs":4.52947669,"wins":1,"draws":0,"losses":0,"trades":1,"profit_factor":0.0},{"date":"04/06/2025","date_ts":1748995200000,"profit_abs":0.0,"wins":0,"draws":0,"losses":0,"trades":0,"profit_factor":0.0},{"date":"05/06/2025","date_ts":1749081600000,"profit_abs":-4.40126271,"wins":0,"draws":0,"losses":1,"trades":1,"profit_factor":0.0},{"date":"06/06/2025","date_ts":1749168000000,"profit_abs":0.0,"wins":0,"draws":0,"losses":0,"trades":0,"profit_factor":0.0},{"date":"07/06/2025","date_ts":1749254400000,"profit_abs":2.63692255,"wins":3,"draws":0,"losses":3,"trades":6,"profit_factor":9.91080161},{"date":"08/06/2025","date_ts":1749340800000,"profit_abs":4.32612593,"wins":2,"draws":0,"losses":6,"trades":8,"profit_factor":4.12766747},{"date":"09/06/2025","date_ts":1749427200000,"profit_abs":4.55240083,"wins":1,"draws":0,"losses":0,"trades":1,"profit_factor":0.0},{"date":"10/06/2025","date_ts":1749513600000,"profit_abs":0.0,"wins":0,"draws":0,"losses":0,"trades":0,"profit_factor":0.0},{"date":"11/06/2025","date_ts":1749600000000,"profit_abs":0.0,"wins":0,"draws":0,"losses":0,"trades":0,"profit_factor":0.0},{"date":"12/06/2025","date_ts":1749686400000,"profit_abs":0.0,"wins":0,"draws":0,"losses":0,"trades":0,"profit_factor":0.0},{"date":"13/06/2025","date_ts":1749772800000,"profit_abs":-3.1902219,"wins":0,"draws":0,"losses":1,"trades":1,"profit_factor":0.0},{"date":"14/06/2025","date_ts":1749859200000,"profit_abs":0.0,"wins":0,"draws":0,"losses":0,"trades":0,"profit_factor":0.0},{"date":"15/06/2025","date_ts":1749945600000,"profit_abs":6.51820221,"wins":2,"draws":0,"losses":0,"trades":2,"profit_factor":0.0},{"date":"16/06/2025","date_ts":1750032000000,"profit_abs":11.28558942,"wins":2,"draws":0,"losses":0,"trades":2,"profit_factor":0.0},{"date":"17/06/2025","date_ts":1750118400000,"profit_abs":0.0,"wins":0,"draws":0,"losses":0,"trades":0,"profit_factor":0.0},{"date":"18/06/2025","date_ts":1750204800000,"profit_abs":0.62883088,"wins":2,"draws":0,"losses":1,"trades":3,"profit_factor":3.56571624}],"week":[{"date":"19/05/2025","date_ts":1747612800000,"profit_abs":-5.13088892,"wins":0,"draws":0,"losses":2,"trades":2,"profit_factor":0.0},{"date":"26/05/2025","date_ts":1748217600000,"profit_abs":8.6435906,"wins":2,"draws":0,"losses":2,"trades":4,"profit_factor":18.65919763},{"date":"02/06/2025","date_ts":1748822400000,"profit_abs":3.75542975,"wins":2,"draws":0,"losses":2,"trades":4,"profit_factor":4.98853658},{"date":"09/06/2025","date_ts":1749427200000,"profit_abs":11.64366329,"wins":7,"draws":0,"losses":10,"trades":17,"profit_factor":2.91496073},{"date":"16/06/2025","date_ts":1750032000000,"profit_abs":14.61356973,"wins":4,"draws":0,"losses":1,"trades":5,"profit_factor":5.5807377},{"date":"23/06/2025","date_ts":1750636800000,"profit_abs":0.62883088,"wins":2,"draws":0,"losses":1,"trades":3,"profit_factor":3.56571624}],"month":[{"date":"31/05/2025","date_ts":1748649600000,"profit_abs":7.90627564,"wins":4,"draws":0,"losses":5,"trades":9,"profit_factor":2.33467019},{"date":"30/06/2025","date_ts":1751241600000,"profit_abs":26.24791969,"wins":13,"draws":0,"losses":13,"trades":26,"profit_factor":3.58502841}],"year":[{"date":"31/12/2025","date_ts":1767139200000,"profit_abs":34.15419533,"wins":17,"draws":0,"losses":18,"trades":35,"profit_factor":3.12433553}]},"backtest_best_day":0.11294312837117801,"backtest_worst_day":-0.052560816678347125,"backtest_best_day_abs":11.28558942,"backtest_worst_day_abs":-5.13088892,"winning_days":10,"draw_days":16,"losing_days":6,"daily_profit":[["2025-05-18",-5.13088892],["2025-05-19",0.0],["2025-05-20",0.0],["2025-05-21",0.0],["2025-05-22",7.96439672],["2025-05-23",0.0],["2025-05-24",1.16866066],["2025-05-25",-0.48946678],["2025-05-26",0.0],["2025-05-27",4.43075361],["2025-05-28",0.0],["2025-05-29",0.0],["2025-05-30",0.0],["2025-05-31",-0.03717965],["2025-06-01",-0.63814421],["2025-06-02",0.0],["2025-06-03",4.52947669],["2025-06-04",0.0],["2025-06-05",-4.40126271],["2025-06-06",0.0],["2025-06-07",2.63692255],["2025-06-08",4.32612593],["2025-06-09",4.55240083],["2025-06-10",0.0],["2025-06-11",0.0],["2025-06-12",0.0],["2025-06-13",-3.1902219],["2025-06-14",0.0],["2025-06-15",6.51820221],["2025-06-16",11.28558942],["2025-06-17",0.0],["2025-06-18",0.62883088]],"wins":17,"losses":18,"draws":0,"winrate":0.4857142857142857,"holding_avg":"17:29:00","holding_avg_s":62940.0,"winner_holding_min":"0d 00:15","winner_holding_min_s":900.0,"winner_holding_max":"2d 22:45","winner_holding_max_s":254700.0,"winner_holding_avg":"1d 05:26","winner_holding_avg_s":105960.0,"loser_holding_min":"0d 00:15","loser_holding_min_s":900.0,"loser_holding_max":"1d 04:15","loser_holding_max_s":101700.0,"loser_holding_avg":"0d 06:12","loser_holding_avg_s":22320.0,"max_consecutive_wins":4,"max_consecutive_losses":6,"max_drawdown_account":0.005130888919999961,"max_relative_drawdown":0.005130888919999961,"max_drawdown_abs":5.13088892,"drawdown_start":"2025-05-18 04:30:00","drawdown_start_ts":1747542600000.0,"drawdown_end":"2025-05-18 20:00:00","drawdown_end_ts":1747598400000.0,"max_drawdown_low":-5.13088892,"max_drawdown_high":-1.90350902,"csum_min":994.86911108,"csum_max":1034.15419533}},"strategy_comparison":[{"key":"GridBotSample","trades":35,"profit_mean":0.009852637485899369,"profit_mean_pct":0.99,"profit_sum":0.3448423120064779,"profit_sum_pct":34.48,"profit_total_abs":34.15419532999999,"profit_total":0.03415419532999999,"profit_total_pct":3.42,"duration_avg":"17:29:00","wins":17,"draws":0,"losses":18,"winrate":0.4857142857142857,"cagr":0.4498472089997607,"expectancy":0.9758341522857139,"expectancy_ratio":1.0925154166635438,"sortino":15.126096265396274,"sharpe":7.088615930208753,"calmar":385.37535482533764,"sqn":2.0399,"profit_factor":3.1243355324013358,"max_drawdown_account":0.005130888919999961,"max_drawdown_abs":"5.131"}]}