{"strategy":{"GridBotSample":{"trades":[{"pair":"ETH/USDT:USDT","stake_amount":989.70696,"max_stake_amount":989.70696,"amount":0.396,"open_date":"2025-05-17 00:30:00+00:00","close_date":"2025-05-18 04:30:00+00:00","open_rate":2499.26,"close_rate":2481.15,"fee_open":0.0005,"fee_close":0.0005,"trade_duration":1680,"profit_ratio":-0.008295868335294578,"profit_abs":-8.21458387,"exit_reason":"exit_signal","initial_stop_loss_abs":2249.34,"initial_stop_loss_ratio":-0.1,"stop_loss_abs":2249.34,"stop_loss_ratio":-0.1,"min_rate":2442.65,"max_rate":2512.33,"is_open":false,"enter_tag":"","leverage":1.0,"is_short":false,"open_timestamp":1747441800000,"close_timestamp":1747542600000,"orders":[{"amount":0.396,"safe_price":2499.26,"ft_order_side":"buy","order_filled_timestamp":1747441800000,"ft_is_entry":true,"ft_order_tag":"","cost":990.20181348},{"amount":0.396,"safe_price":2481.15,"ft_order_side":"sell","order_filled_timestamp":1747542600000,"ft_is_entry":false,"ft_order_tag":"exit_signal","cost":983.0266677000001}],"funding_fees":-0.05690268634406044},{"pair":"ETH/USDT:USDT","stake_amount":979.86224,"max_stake_amount":979.86224,"amount":0.394,"open_date":"2025-05-18 04:45:00+00:00","close_date":"2025-05-18 20:15:00+00:00","open_rate":2486.96,"close_rate":2367.12,"fee_open":0.0005,"fee_close":0.0005,"trade_duration":930,"profit_ratio":-0.04918950629232326,"profit_abs":-48.22303929,"exit_reason":"exit_signal","initial_stop_loss_abs":2238.27,"initial_stop_loss_ratio":-0.1,"stop_loss_abs":2238.27,"stop_loss_ratio":-0.1,"min_rate":2312.62,"max_rate":2587.52,"is_open":false,"enter_tag":"","leverage":1.0,"is_short":false,"open_timestamp":1747543500000,"close_timestamp":1747599300000,"orders":[{"amount":0.394,"safe_price":2486.96,"ft_order_side":"buy","order_filled_timestamp":1747543500000,"ft_is_entry":true,"ft_order_tag":"","cost":980.35217112},{"amount":0.394,"safe_price":2367.12,"ft_order_side":"sell","order_filled_timestamp":1747599300000,"ft_is_entry":false,"ft_order_tag":"exit_signal","cost":933.1116026399999}],"funding_fees":-0.04982552831447587},{"pair":"ETH/USDT:USDT","stake_amount":934.11388,"max_stake_amount":934.11388,"amount":0.388,"open_date":"2025-05-19 07:45:00+00:00","close_date":"2025-05-19 08:00:00+00:00","open_rate":2407.51,"close_rate":2402.53,"fee_open":0.0005,"fee_close":0.0005,"trade_duration":15,"profit_ratio":-0.0031311046527240116,"profit_abs":-2.92627072,"exit_reason":"exit_signal","initial_stop_loss_abs":2166.76,"initial_stop_loss_ratio":-0.1,"stop_loss_abs":2166.76,"stop_loss_ratio":-0.1,"min_rate":2389.0,"max_rate":2409.24,"is_open":false,"enter_tag":"","leverage":1.0,"is_short":false,"open_timestamp":1747640700000,"close_timestamp":1747641600000,"orders":[{"amount":0.388,"safe_price":2407.51,"ft_order_side":"buy","order_filled_timestamp":1747640700000,"ft_is_entry":true,"ft_order_tag":"","cost":934.58093694},{"amount":0.388,"safe_price":2402.53,"ft_order_side":"sell","order_filled_timestamp":1747641600000,"ft_is_entry":false,"ft_order_tag":"exit_signal","cost":932.6477308200001}],"funding_fees":-0.06088295608295731},{"pair":"ETH/USDT:USDT","stake_amount":929.5845,"max_stake_amount":929.5845,"amount":0.386,"open_date":"2025-05-19 08:15:00+00:00","close_date":"2025-05-19 08:30:00+00:00","open_rate":2408.25,"close_rate":2404.79,"fee_open":0.0005,"fee_close":0.0005,"trade_duration":15,"profit_ratio":-0.0024347921544262646,"profit_abs":-2.26447672,"exit_reason":"exit_signal","initial_stop_loss_abs":2167.43,"initial_stop_loss_ratio":-0.1,"stop_loss_abs":2167.43,"stop_loss_ratio":-0.1,"min_rate":2393.45,"max_rate":2422.11,"is_open":false,"enter_tag":"","leverage":1.0,"is_short":false,"open_timestamp":1747642500000,"close_timestamp":1747643400000,"orders":[{"amount":0.386,"safe_price":2408.25,"ft_order_side":"buy","order_filled_timestamp":1747642500000,"ft_is_entry":true,"ft_order_tag":"","cost":930.04929225},{"amount":0.386,"safe_price":2404.79,"ft_order_side":"sell","order_filled_timestamp":1747643400000,"ft_is_entry":false,"ft_order_tag":"exit_signal","cost":928.7130644700001}],"funding_fees":0.0},{"pair":"ETH/USDT:USDT","stake_amount":926.5872,"max_stake_amount":926.5872,"amount":0.385,"open_date":"2025-05-19 09:30:00+00:00","close_date":"2025-05-19 10:00:00+00:00","open_rate":2406.72,"close_rate":2404.24,"fee_open":0.0005,"fee_close":0.0005,"trade_duration":30,"profit_ratio":-0.002028918395475843,"profit_abs":-1.8809098,"exit_reason":"exit_signal","initial_stop_loss_abs":2166.05,"initial_stop_loss_ratio":-0.1,"stop_loss_abs":2166.05,"stop_loss_ratio":-0.1,"min_rate":2392.0,"max_rate":2414.64,"is_open":false,"enter_tag":"","leverage":1.0,"is_short":false,"open_timestamp":1747647000000,"close_timestamp":1747648800000,"orders":[{"amount":0.385,"safe_price":2406.72,"ft_order_side":"buy","order_filled_timestamp":1747647000000,"ft_is_entry":true,"ft_order_tag":"","cost":927.0504935999999},{"amount":0.385,"safe_price":2404.24,"ft_order_side":"sell","order_filled_timestamp":1747648800000,"ft_is_entry":false,"ft_order_tag":"exit_signal","cost":926.0952161999999}],"funding_fees":0.0},{"pair":"ETH/USDT:USDT","stake_amount":926.9183,"max_stake_amount":926.9183,"amount":0.385,"open_date":"2025-05-19 10:30:00+00:00","close_date":"2025-05-19 12:15:00+00:00","open_rate":2407.58,"close_rate":2400.08,"fee_open":0.0005,"fee_close":0.0005,"trade_duration":105,"profit_ratio":-0.004111547927678474,"profit_abs":-3.81297455,"exit_reason":"exit_signal","initial_stop_loss_abs":2166.83,"initial_stop_loss_ratio":-0.1,"stop_loss_abs":2166.83,"stop_loss_ratio":-0.1,"min_rate":2391.02,"max_rate":2420.88,"is_open":false,"enter_tag":"","leverage":1.0,"is_short":false,"open_timestamp":1747650600000,"close_timestamp":1747656900000,"orders":[{"amount":0.385,"safe_price":2407.58,"ft_order_side":"buy","order_filled_timestamp":1747650600000,"ft_is_entry":true,"ft_order_tag":"","cost":927.38175915},{"amount":0.385,"safe_price":2400.08,"ft_order_side":"sell","order_filled_timestamp":1747656900000,"ft_is_entry":false,"ft_order_tag":"exit_signal","cost":924.4928153999999}],"funding_fees":0.0},{"pair":"ETH/USDT:USDT","stake_amount":921.79243,"max_stake_amount":921.79243,"amount":0.379,"open_date":"2025-05-19 13:45:00+00:00","close_date":"2025-05-22 03:45:00+00:00","open_rate":2432.17,"close_rate":2634.82,"fee_open":0.0005,"fee_close":0.0005,"trade_duration":3720,"profit_ratio":0.08182421986994036,"profit_abs":75.46265894,"exit_reason":"exit_signal","initial_stop_loss_abs":2188.96,"initial_stop_loss_ratio":-0.1,"stop_loss_abs":2188.96,"stop_loss_ratio":-0.1,"min_rate":2416.4,"max_rate":2647.25,"is_open":false,"enter_tag":"","leverage":1.0,"is_short":false,"open_timestamp":1747662300000,"close_timestamp":1747885500000,"orders":[{"amount":0.379,"safe_price":2432.17,"ft_order_side":"buy","order_filled_timestamp":1747662300000,"ft_is_entry":true,"ft_order_tag":"","cost":922.253326215},{"amount":0.379,"safe_price":2634.82,"ft_order_side":"sell","order_filled_timestamp":1747885500000,"ft_is_entry":false,"ft_order_tag":"exit_signal","cost":999.09607839}],"funding_fees":-0.3814964584895368},{"pair":"ETH/USDT:USDT","stake_amount":997.916,"max_stake_amount":997.916,"amount":0.4,"open_date":"2025-05-25 00:45:00+00:00","close_date":"2025-05-25 19:00:00+00:00","open_rate":2494.79,"close_rate":2514.89,"fee_open":0.0005,"fee_close":0.0005,"trade_duration":1095,"profit_ratio":0.006926417873238634,"profit_abs":6.91543921,"exit_reason":"exit_signal","initial_stop_loss_abs":2245.32,"initial_stop_loss_ratio":-0.1,"stop_loss_abs":2245.32,"stop_loss_ratio":-0.1,"min_rate":2457.6,"max_rate":2524.99,"is_open":false,"enter_tag":"","leverage":1.0,"is_short":false,"open_timestamp":1748133900000,"close_timestamp":1748199600000,"orders":[{"amount":0.4,"safe_price":2494.79,"ft_order_side":"buy","order_filled_timestamp":1748133900000,"ft_is_entry":true,"ft_order_tag":"","cost":998.414958},{"amount":0.4,"safe_price":2514.89,"ft_order_side":"sell","order_filled_timestamp":1748199600000,"ft_is_entry":false,"ft_order_tag":"exit_signal","cost":1006.458978}],"funding_fees":-0.12262478556},{"pair":"ETH/USDT:USDT","stake_amount":1003.14,"max_stake_amount":1003.14,"amount":0.4,"open_date":"2025-05-31 01:30:00+00:00","close_date":"2025-05-31 12:00:00+00:00","open_rate":2507.85,"close_rate":2518.6,"fee_open":0.0005,"fee_close":0.0005,"trade_duration":630,"profit_ratio":0.003201865861335337,"profit_abs":3.21352568,"exit_reason":"exit_signal","initial_stop_loss_abs":2257.07,"initial_stop_loss_ratio":-0.1,"stop_loss_abs":2257.07,"stop_loss_ratio":-0.1,"min_rate":2474.0,"max_rate":2537.97,"is_open":false,"enter_tag":"","leverage":1.0,"is_short":false,"open_timestamp":1748655000000,"close_timestamp":1748692800000,"orders":[{"amount":0.4,"safe_price":2507.85,"ft_order_side":"buy","order_filled_timestamp":1748655000000,"ft_is_entry":true,"ft_order_tag":"","cost":1003.6415699999999},{"amount":0.4,"safe_price":2518.6,"ft_order_side":"sell","order_filled_timestamp":1748692800000,"ft_is_entry":false,"ft_order_tag":"exit_signal","cost":1007.94372}],"funding_fees":-0.08118432},{"pair":"ETH/USDT:USDT","stake_amount":1007.61702,"max_stake_amount":1007.61702,"amount":0.402,"open_date":"2025-06-01 02:00:00+00:00","close_date":"2025-06-01 05:45:00+00:00","open_rate":2506.51,"close_rate":2515.81,"fee_open":0.0005,"fee_close":0.0005,"trade_duration":225,"profit_ratio":0.0027071295452090033,"profit_abs":2.72911368,"exit_reason":"exit_signal","initial_stop_loss_abs":2255.86,"initial_stop_loss_ratio":-0.1,"stop_loss_abs":2255.86,"stop_loss_ratio":-0.1,"min_rate":2491.03,"max_rate":2526.46,"is_open":false,"enter_tag":"","leverage":1.0,"is_short":false,"open_timestamp":1748743200000,"close_timestamp":1748756700000,"orders":[{"amount":0.402,"safe_price":2506.51,"ft_order_side":"buy","order_filled_timestamp":1748743200000,"ft_is_entry":true,"ft_order_tag":"","cost":1008.1208285100001},{"amount":0.402,"safe_price":2515.81,"ft_order_side":"sell","order_filled_timestamp":1748756700000,"ft_is_entry":false,"ft_order_tag":"exit_signal","cost":1011.86129781}],"funding_fees":0.0},{"pair":"ETH/USDT:USDT","stake_amount":1009.89234,"max_stake_amount":1009.89234,"amount":0.402,"open_date":"2025-06-01 06:30:00+00:00","close_date":"2025-06-03 01:00:00+00:00","open_rate":2512.17,"close_rate":2620.79,"fee_open":0.0005,"fee_close":0.0005,"trade_duration":2550,"profit_ratio":0.04193125014279946,"profit_abs":42.36722135,"exit_reason":"exit_signal","initial_stop_loss_abs":2260.96,"initial_stop_loss_ratio":-0.1,"stop_loss_abs":2260.96,"stop_loss_ratio":-0.1,"min_rate":2465.0,"max_rate":2626.96,"is_open":false,"enter_tag":"","leverage":1.0,"is_short":false,"open_timestamp":1748759400000,"close_timestamp":1748912400000,"orders":[{"amount":0.402,"safe_price":2512.17,"ft_order_side":"buy","order_filled_timestamp":1748759400000,"ft_is_entry":true,"ft_order_tag":"","cost":1010.39728617},{"amount":0.402,"safe_price":2620.79,"ft_order_side":"sell","order_filled_timestamp":1748912400000,"ft_is_entry":false,"ft_order_tag":"exit_signal","cost":1054.0843587900001}],"funding_fees":-0.2662936903123035},{"pair":"ETH/USDT:USDT","stake_amount":1052.3394,"max_stake_amount":1052.3394,"amount":0.42,"open_date":"2025-06-05 20:15:00+00:00","close_date":"2025-06-05 21:00:00+00:00","open_rate":2505.57,"close_rate":2397.53,"fee_open":0.0005,"fee_close":0.0005,"trade_duration":45,"profit_ratio":-0.04407633066890287,"profit_abs":-46.406451,"exit_reason":"exit_signal","initial_stop_loss_abs":2255.02,"initial_stop_loss_ratio":-0.1,"stop_loss_abs":2255.02,"stop_loss_ratio":-0.1,"min_rate":2390.0,"max_rate":2506.53,"is_open":false,"enter_tag":"","leverage":1.0,"is_short":false,"open_timestamp":1749154500000,"close_timestamp":1749157200000,"orders":[{"amount":0.42,"safe_price":2505.57,"ft_order_side":"buy","order_filled_timestamp":1749154500000,"ft_is_entry":true,"ft_order_tag":"","cost":1052.8655697},{"amount":0.42,"safe_price":2397.53,"ft_order_side":"sell","order_filled_timestamp":1749157200000,"ft_is_entry":false,"ft_order_tag":"exit_signal","cost":1007.4660813}],"funding_fees":0.0},{"pair":"SOL/USDT:USDT","stake_amount":1006.354,"max_stake_amount":1006.354,"amount":7.1,"open_date":"2025-06-05 21:00:00+00:00","close_date":"2025-06-06 12:45:00+00:00","open_rate":141.74,"close_rate":150.4,"fee_open":0.0005,"fee_close":0.0005,"trade_duration":945,"profit_ratio":0.060221347888351,"profit_abs":60.63429633,"exit_reason":"exit_signal","initial_stop_loss_abs":127.57,"initial_stop_loss_ratio":-0.1,"stop_loss_abs":127.57,"stop_loss_ratio":-0.1,"min_rate":141.51,"max_rate":152.56,"is_open":false,"enter_tag":"","leverage":1.0,"is_short":false,"open_timestamp":1749157200000,"close_timestamp":1749213900000,"orders":[{"amount":7.1,"safe_price":141.74,"ft_order_side":"buy","order_filled_timestamp":1749157200000,"ft_is_entry":true,"ft_order_tag":"","cost":1006.857177},{"amount":7.1,"safe_price":150.4,"ft_order_side":"sell","order_filled_timestamp":1749213900000,"ft_is_entry":false,"ft_order_tag":"exit_signal","cost":1068.3739199999998}],"funding_fees":0.1853933272887911},{"pair":"ETH/USDT:USDT","stake_amount":1065.57423,"max_stake_amount":1065.57423,"amount":0.431,"open_date":"2025-06-06 12:45:00+00:00","close_date":"2025-06-07 08:45:00+00:00","open_rate":2472.33,"close_rate":2485.35,"fee_open":0.0005,"fee_close":0.0005,"trade_duration":1200,"profit_ratio":0.004092323172026719,"profit_abs":4.36285445,"exit_reason":"exit_signal","initial_stop_loss_abs":2225.1,"initial_stop_loss_ratio":-0.1,"stop_loss_abs":2225.1,"stop_loss_ratio":-0.1,"min_rate":2455.85,"max_rate":2529.67,"is_open":false,"enter_tag":"","leverage":1.0,"is_short":false,"open_timestamp":1749213900000,"close_timestamp":1749285900000,"orders":[{"amount":0.431,"safe_price":2472.33,"ft_order_side":"buy","order_filled_timestamp":1749213900000,"ft_is_entry":true,"ft_order_tag":"","cost":1066.107017115},{"amount":0.431,"safe_price":2485.35,"ft_order_side":"sell","order_filled_timestamp":1749285900000,"ft_is_entry":false,"ft_order_tag":"exit_signal","cost":1071.7214429249998}],"funding_fees":-0.18038551102672754},{"pair":"ETH/USDT:USDT","stake_amount":1070.01353,"max_stake_amount":1070.01353,"amount":0.431,"open_date":"2025-06-07 09:00:00+00:00","close_date":"2025-06-07 10:00:00+00:00","open_rate":2482.63,"close_rate":2485.01,"fee_open":0.0005,"fee_close":0.0005,"trade_duration":60,"profit_ratio":-4.1797656494132825e-05,"profit_abs":-0.04474642,"exit_reason":"exit_signal","initial_stop_loss_abs":2234.37,"initial_stop_loss_ratio":-0.1,"stop_loss_abs":2234.37,"stop_loss_ratio":-0.1,"min_rate":2481.91,"max_rate":2489.36,"is_open":false,"enter_tag":"","leverage":1.0,"is_short":false,"open_timestamp":1749286800000,"close_timestamp":1749290400000,"orders":[{"amount":0.431,"safe_price":2482.63,"ft_order_side":"buy","order_filled_timestamp":1749286800000,"ft_is_entry":true,"ft_order_tag":"","cost":1070.5485367649999},{"amount":0.431,"safe_price":2485.01,"ft_order_side":"sell","order_filled_timestamp":1749290400000,"ft_is_entry":false,"ft_order_tag":"exit_signal","cost":1071.574829655}],"funding_fees":0.0},{"pair":"ETH/USDT:USDT","stake_amount":1070.0808,"max_stake_amount":1070.0808,"amount":0.43,"open_date":"2025-06-07 10:15:00+00:00","close_date":"2025-06-07 20:00:00+00:00","open_rate":2488.56,"close_rate":2515.78,"fee_open":0.0005,"fee_close":0.0005,"trade_duration":585,"profit_ratio":0.00985930389938587,"profit_abs":10.55552693,"exit_reason":"exit_signal","initial_stop_loss_abs":2239.71,"initial_stop_loss_ratio":-0.1,"stop_loss_abs":2239.71,"stop_loss_ratio":-0.1,"min_rate":2487.11,"max_rate":2524.9,"is_open":false,"enter_tag":"","leverage":1.0,"is_short":false,"open_timestamp":1749291300000,"close_timestamp":1749326400000,"orders":[{"amount":0.43,"safe_price":2488.56,"ft_order_side":"buy","order_filled_timestamp":1749291300000,"ft_is_entry":true,"ft_order_tag":"","cost":1070.6158403999998},{"amount":0.43,"safe_price":2515.78,"ft_order_side":"sell","order_filled_timestamp":1749326400000,"ft_is_entry":false,"ft_order_tag":"exit_signal","cost":1082.3262926999998}],"funding_fees":-0.07313996583544373},{"pair":"ETH/USDT:USDT","stake_amount":1080.1815,"max_stake_amount":1080.1815,"amount":0.43,"open_date":"2025-06-08 01:30:00+00:00","close_date":"2025-06-08 02:30:00+00:00","open_rate":2512.05,"close_rate":2512.84,"fee_open":0.0005,"fee_close":0.0005,"trade_duration":60,"profit_ratio":-0.0006853303906753656,"profit_abs":-0.74065135,"exit_reason":"exit_signal","initial_stop_loss_abs":2260.85,"initial_stop_loss_ratio":-0.1,"stop_loss_abs":2260.85,"stop_loss_ratio":-0.1,"min_rate":2510.72,"max_rate":2520.53,"is_open":false,"enter_tag":"","leverage":1.0,"is_short":false,"open_timestamp":1749346200000,"close_timestamp":1749349800000,"orders":[{"amount":0.43,"safe_price":2512.05,"ft_order_side":"buy","order_filled_timestamp":1749346200000,"ft_is_entry":true,"ft_order_tag":"","cost":1080.7215907500001},{"amount":0.43,"safe_price":2512.84,"ft_order_side":"sell","order_filled_timestamp":1749349800000,"ft_is_entry":false,"ft_order_tag":"exit_signal","cost":1081.0614606000001}],"funding_fees":0.0},{"pair":"ETH/USDT:USDT","stake_amount":1079.7687,"max_stake_amount":1079.7687,"amount":0.43,"open_date":"2025-06-08 03:00:00+00:00","close_date":"2025-06-08 03:30:00+00:00","open_rate":2511.09,"close_rate":2509.63,"fee_open":0.0005,"fee_close":0.0005,"trade_duration":30,"profit_ratio":-0.0015803399368775923,"profit_abs":-1.7072548,"exit_reason":"exit_signal","initial_stop_loss_abs":2259.99,"initial_stop_loss_ratio":-0.1,"stop_loss_abs":2259.99,"stop_loss_ratio":-0.1,"min_rate":2507.25,"max_rate":2513.9,"is_open":false,"enter_tag":"","leverage":1.0,"is_short":false,"open_timestamp":1749351600000,"close_timestamp":1749353400000,"orders":[{"amount":0.43,"safe_price":2511.09,"ft_order_side":"buy","order_filled_timestamp":1749351600000,"ft_is_entry":true,"ft_order_tag":"","cost":1080.30858435},{"amount":0.43,"safe_price":2509.63,"ft_order_side":"sell","order_filled_timestamp":1749353400000,"ft_is_entry":false,"ft_order_tag":"exit_signal","cost":1079.68047045}],"funding_fees":0.0},{"pair":"ETH/USDT:USDT","stake_amount":1078.5819,"max_stake_amount":1078.5819,"amount":0.43,"open_date":"2025-06-08 04:15:00+00:00","close_date":"2025-06-08 04:30:00+00:00","open_rate":2508.33,"close_rate":2510.66,"fee_open":0.0005,"fee_close":0.0005,"trade_duration":15,"profit_ratio":-7.152380163348695e-05,"profit_abs":-0.07718285,"exit_reason":"exit_signal","initial_stop_loss_abs":2257.5,"initial_stop_loss_ratio":-0.1,"stop_loss_abs":2257.5,"stop_loss_ratio":-0.1,"min_rate":2507.96,"max_rate":2517.55,"is_open":false,"enter_tag":"","leverage":1.0,"is_short":false,"open_timestamp":1749356100000,"close_timestamp":1749357000000,"orders":[{"amount":0.43,"safe_price":2508.33,"ft_order_side":"buy","order_filled_timestamp":1749356100000,"ft_is_entry":true,"ft_order_tag":"","cost":1079.1211909499998},{"amount":0.43,"safe_price":2510.66,"ft_order_side":"sell","order_filled_timestamp":1749357000000,"ft_is_entry":false,"ft_order_tag":"exit_signal","cost":1080.1235918999998}],"funding_fees":0.0},{"pair":"ETH/USDT:USDT","stake_amount":1076.8758,"max_stake_amount":1076.8758,"amount":0.429,"open_date":"2025-06-08 05:15:00+00:00","close_date":"2025-06-08 06:15:00+00:00","open_rate":2510.2,"close_rate":2511.88,"fee_open":0.0005,"fee_close":0.0005,"trade_duration":60,"profit_ratio":-0.00033089980386270893,"profit_abs":-0.35651616,"exit_reason":"exit_signal","initial_stop_loss_abs":2259.18,"initial_stop_loss_ratio":-0.1,"stop_loss_abs":2259.18,"stop_loss_ratio":-0.1,"min_rate":2507.69,"max_rate":2515.88,"is_open":false,"enter_tag":"","leverage":1.0,"is_short":false,"open_timestamp":1749359700000,"close_timestamp":1749363300000,"orders":[{"amount":0.429,"safe_price":2510.2,"ft_order_side":"buy","order_filled_timestamp":1749359700000,"ft_is_entry":true,"ft_order_tag":"","cost":1077.4142378999998},{"amount":0.429,"safe_price":2511.88,"ft_order_side":"sell","order_filled_timestamp":1749363300000,"ft_is_entry":false,"ft_order_tag":"exit_signal","cost":1078.13531826}],"funding_fees":0.0},{"pair":"ETH/USDT:USDT","stake_amount":1077.36915,"max_stake_amount":1077.36915,"amount":0.429,"open_date":"2025-06-08 09:15:00+00:00","close_date":"2025-06-08 20:30:00+00:00","open_rate":2511.35,"close_rate":2533.99,"fee_open":0.0005,"fee_close":0.0005,"trade_duration":675,"profit_ratio":0.007959595917941193,"profit_abs":8.5797108,"exit_reason":"exit_signal","initial_stop_loss_abs":2260.22,"initial_stop_loss_ratio":-0.1,"stop_loss_abs":2260.22,"stop_loss_ratio":-0.1,"min_rate":2483.28,"max_rate":2539.68,"is_open":false,"enter_tag":"","leverage":1.0,"is_short":false,"open_timestamp":1749374100000,"close_timestamp":1749414600000,"orders":[{"amount":0.429,"safe_price":2511.35,"ft_order_side":"buy","order_filled_timestamp":1749374100000,"ft_is_entry":true,"ft_order_tag":"","cost":1077.907834575},{"amount":0.429,"safe_price":2533.99,"ft_order_side":"sell","order_filled_timestamp":1749414600000,"ft_is_entry":false,"ft_order_tag":"exit_signal","cost":1087.6252508549999}],"funding_fees":-0.050623769037597334},{"pair":"ETH/USDT:USDT","stake_amount":1084.95072,"max_stake_amount":1084.95072,"amount":0.432,"open_date":"2025-06-08 22:45:00+00:00","close_date":"2025-06-09 21:30:00+00:00","open_rate":2511.46,"close_rate":2638.76,"fee_open":0.0005,"fee_close":0.0005,"trade_duration":1365,"profit_ratio":0.04950900729707177,"profit_abs":53.74169053,"exit_reason":"exit_signal","initial_stop_loss_abs":2260.32,"initial_stop_loss_ratio":-0.1,"stop_loss_abs":2260.32,"stop_loss_ratio":-0.1,"min_rate":2475.83,"max_rate":2639.88,"is_open":false,"enter_tag":"","leverage":1.0,"is_short":false,"open_timestamp":1749422700000,"close_timestamp":1749504600000,"orders":[{"amount":0.432,"safe_price":2511.46,"ft_order_side":"buy","order_filled_timestamp":1749422700000,"ft_is_entry":true,"ft_order_tag":"","cost":1085.49319536},{"amount":0.432,"safe_price":2638.76,"ft_order_side":"sell","order_filled_timestamp":1749504600000,"ft_is_entry":false,"ft_order_tag":"exit_signal","cost":1140.51429216}],"funding_fees":-0.13946194839182627},{"pair":"SOL/USDT:USDT","stake_amount":1139.3031,"max_stake_amount":1139.3031,"amount":7.93,"open_date":"2025-06-13 05:45:00+00:00","close_date":"2025-06-15 15:00:00+00:00","open_rate":143.67,"close_rate":151.84,"fee_open":0.0005,"fee_close":0.0005,"trade_duration":3435,"profit_ratio":0.05574670202756633,"profit_abs":63.54414663,"exit_reason":"exit_signal","initial_stop_loss_abs":129.31,"initial_stop_loss_ratio":-0.1,"stop_loss_abs":129.31,"stop_loss_ratio":-0.1,"min_rate":141.87,"max_rate":152.63,"is_open":false,"enter_tag":"","leverage":1.0,"is_short":false,"open_timestamp":1749793500000,"close_timestamp":1749999600000,"orders":[{"amount":7.93,"safe_price":143.67,"ft_order_side":"buy","order_filled_timestamp":1749793500000,"ft_is_entry":true,"ft_order_tag":"","cost":1139.8727515499997},{"amount":7.93,"safe_price":151.84,"ft_order_side":"sell","order_filled_timestamp":1749999600000,"ft_is_entry":false,"ft_order_tag":"exit_signal","cost":1204.6932456}],"funding_fees":-0.0722562221752965},{"pair":"ETH/USDT:USDT","stake_amount":1203.25279,"max_stake_amount":1203.25279,"amount":0.479,"open_date":"2025-06-15 20:30:00+00:00","close_date":"2025-06-16 07:15:00+00:00","open_rate":2512.01,"close_rate":2629.0,"fee_open":0.0005,"fee_close":0.0005,"trade_duration":645,"profit_ratio":0.04547988570242155,"profit_abs":54.75116126,"exit_reason":"exit_signal","initial_stop_loss_abs":2260.81,"initial_stop_loss_ratio":-0.1,"stop_loss_abs":2260.81,"stop_loss_ratio":-0.1,"min_rate":2490.38,"max_rate":2637.7,"is_open":false,"enter_tag":"","leverage":1.0,"is_short":false,"open_timestamp":1750019400000,"close_timestamp":1750058100000,"orders":[{"amount":0.479,"safe_price":2512.01,"ft_order_side":"buy","order_filled_timestamp":1750019400000,"ft_is_entry":true,"ft_order_tag":"","cost":1203.854416395},{"amount":0.479,"safe_price":2629.0,"ft_order_side":"sell","order_filled_timestamp":1750058100000,"ft_is_entry":false,"ft_order_tag":"exit_signal","cost":1259.9206454999999}],"funding_fees":-0.055776848883951326},{"pair":"ETH/USDT:USDT","stake_amount":1255.01518,"max_stake_amount":1255.01518,"amount":0.503,"open_date":"2025-06-17 15:30:00+00:00","close_date":"2025-06-19 07:45:00+00:00","open_rate":2495.06,"close_rate":2521.47,"fee_open":0.0005,"fee_close":0.0005,"trade_duration":2415,"profit_ratio":0.00931371283055536,"profit_abs":11.69469541,"exit_reason":"exit_signal","initial_stop_loss_abs":2245.56,"initial_stop_loss_ratio":-0.1,"stop_loss_abs":2245.56,"stop_loss_ratio":-0.1,"min_rate":2451.97,"max_rate":2547.35,"is_open":false,"enter_tag":"","leverage":1.0,"is_short":false,"open_timestamp":1750174200000,"close_timestamp":1750319100000,"orders":[{"amount":0.503,"safe_price":2495.06,"ft_order_side":"buy","order_filled_timestamp":1750174200000,"ft_is_entry":true,"ft_order_tag":"","cost":1255.6426875899997},{"amount":0.503,"safe_price":2521.47,"ft_order_side":"sell","order_filled_timestamp":1750319100000,"ft_is_entry":false,"ft_order_tag":"exit_signal","cost":1268.9335597049999}],"funding_fees":-0.3278772909535582},{"pair":"SUI/USDT:USDT","stake_amount":1269.07248,"max_stake_amount":1269.07248,"amount":452.4,"open_date":"2025-06-19 07:45:00+00:00","close_date":"2025-06-19 14:00:00+00:00","open_rate":2.8052,"close_rate":2.7995,"fee_open":0.0005,"fee_close":0.0005,"trade_duration":375,"profit_ratio":-0.0030294100062474108,"profit_abs":-3.84646314,"exit_reason":"force_exit","initial_stop_loss_abs":2.5247,"initial_stop_loss_ratio":-0.1,"stop_loss_abs":2.5247,"stop_loss_ratio":-0.1,"min_rate":2.7814,"max_rate":2.8217,"is_open":false,"enter_tag":"","leverage":1.0,"is_short":false,"open_timestamp":1750319100000,"close_timestamp":1750341600000,"orders":[{"amount":452.4,"safe_price":2.8052,"ft_order_side":"buy","order_filled_timestamp":1750319100000,"ft_is_entry":true,"ft_order_tag":"","cost":1269.70701624},{"amount":452.4,"safe_price":2.7995,"ft_order_side":"sell","order_filled_timestamp":1750341600000,"ft_is_entry":false,"ft_order_tag":"force_exit","cost":1267.1270468999999}],"funding_fees":0.0}],"locks":[],"best_pair":{"key":"ETH/USDT:USDT","trades":23,"profit_mean":0.006383771830241596,"profit_mean_pct":0.64,"profit_sum":0.1468267520955567,"profit_sum_pct":14.68,"profit_total_abs":157.71854071,"profit_total":0.15771854071000002,"profit_total_pct":15.77,"duration_avg":"13:09:00","wins":11,"draws":0,"losses":12,"winrate":0.4782608695652174,"cagr":3.8172234130362463,"expectancy":6.8573278569565215,"expectancy_ratio":0.7053953426949913,"sortino":5.228388433026961,"sharpe":3.2330648598119778,"calmar":131.64113288481278,"sqn":1.1734,"profit_factor":2.3520077401653996,"max_drawdown_account":0.06732225495000001,"max_drawdown_abs":67.32225495},"worst_pair":{"key":"SUI/USDT:USDT","trades":1,"profit_mean":-0.0030294100062474108,"profit_mean_pct":-0.3,"profit_sum":-0.0030294100062474108,"profit_sum_pct":-0.3,"profit_total_abs":-3.84646314,"profit_total":-0.00384646314,"profit_total_pct":-0.38,"duration_avg":"6:15:00","wins":0,"draws":0,"losses":1,"winrate":0.0,"cagr":-0.040528371665803364,"expectancy":-3.84646314,"expectancy_ratio":-1.0,"sortino":-100,"sharpe":-100,"calmar":-56.19109757218516,"sqn":-100.0,"profit_factor":0.0,"max_drawdown_account":0.0038464631399999687,"max_drawdown_abs":3.84646314},"results_per_pair":[{"key":"ETH/USDT:USDT","trades":23,"profit_mean":0.006383771830241596,"profit_mean_pct":0.64,"profit_sum":0.1468267520955567,"profit_sum_pct":14.68,"profit_total_abs":157.71854071,"profit_total":0.15771854071000002,"profit_total_pct":15.77,"duration_avg":"13:09:00","wins":11,"draws":0,"losses":12,"winrate":0.4782608695652174,"cagr":3.8172234130362463,"expectancy":6.8573278569565215,"expectancy_ratio":0.7053953426949913,"sortino":5.228388433026961,"sharpe":3.2330648598119778,"calmar":131.64113288481278,"sqn":1.1734,"profit_factor":2.3520077401653996,"max_drawdown_account":0.06732225495000001,"max_drawdown_abs":67.32225495},{"key":"SOL/USDT:USDT","trades":2,"profit_mean":0.057984024957958666,"profit_mean_pct":5.8,"profit_sum":0.11596804991591733,"profit_sum_pct":11.6,"profit_total_abs":124.17844296,"profit_total":0.12417844296,"profit_total_pct":12.42,"duration_avg":"1 day, 12:30:00","wins":2,"draws":0,"losses":0,"winrate":1.0,"cagr":2.5134307130846527,"expectancy":62.08922148,"expectancy_ratio":100.0,"sortino":-100,"sharpe":47.9593263249818,"calmar":-100,"sqn":42.6752,"profit_factor":0.0,"max_drawdown_account":0.0,"max_drawdown_abs":0.0},{"key":"SUI/USDT:USDT","trades":1,"profit_mean":-0.0030294100062474108,"profit_mean_pct":-0.3,"profit_sum":-0.0030294100062474108,"profit_sum_pct":-0.3,"profit_total_abs":-3.84646314,"profit_total":-0.00384646314,"profit_total_pct":-0.38,"duration_avg":"6:15:00","wins":0,"draws":0,"losses":1,"winrate":0.0,"cagr":-0.040528371665803364,"expectancy":-3.84646314,"expectancy_ratio":-1.0,"sortino":-100,"sharpe":-100,"calmar":-56.19109757218516,"sqn":-100.0,"profit_factor":0.0,"max_drawdown_account":0.0038464631399999687,"max_drawdown_abs":3.84646314},{"key":"TOTAL","trades":26,"profit_mean":0.00999097661558564,"profit_mean_pct":1.0,"profit_sum":0.25976539200522664,"profit_sum_pct":25.98,"profit_total_abs":278.05052053000003,"profit_total":0.27805052053,"profit_total_pct":27.81,"duration_avg":"14:41:00","wins":13,"draws":0,"losses":13,"winrate":0.5,"cagr":12.925934526119145,"expectancy":10.694250789615385,"expectancy_ratio":1.1537220401203756,"sortino":9.54976338810566,"sharpe":5.239499853590764,"calmar":232.0772520276072,"sqn":1.7932,"profit_factor":3.3074440802407508,"max_drawdown_account":0.06732225495000001,"max_drawdown_abs":67.32225495}],"results_per_enter_tag":[{"key":"","trades":26,"profit_mean":0.00999097661558564,"profit_mean_pct":1.0,"profit_sum":0.25976539200522664,"profit_sum_pct":25.98,"profit_total_abs":278.05052053000003,"profit_total":0.27805052053,"profit_total_pct":27.81,"duration_avg":"14:41:00","wins":13,"draws":0,"losses":13,"winrate":0.5,"cagr":12.925934526119145,"expectancy":10.694250789615385,"expectancy_ratio":1.1537220401203756,"sortino":9.54976338810566,"sharpe":5.239499853590764,"calmar":232.0772520276072,"sqn":1.7932,"profit_factor":3.3074440802407508,"max_drawdown_account":0.06732225495000001,"max_drawdown_abs":67.32225495},{"key":"TOTAL","trades":26,"profit_mean":0.00999097661558564,"profit_mean_pct":1.0,"profit_sum":0.25976539200522664,"profit_sum_pct":25.98,"profit_total_abs":278.05052053000003,"profit_total":0.27805052053,"profit_total_pct":27.81,"duration_avg":"14:41:00","wins":13,"draws":0,"losses":13,"winrate":0.5,"cagr":12.925934526119145,"expectancy":10.694250789615385,"expectancy_ratio":1.1537220401203756,"sortino":9.54976338810566,"sharpe":5.239499853590764,"calmar":232.0772520276072,"sqn":1.7932,"profit_factor":3.3074440802407508,"max_drawdown_account":0.06732225495000001,"max_drawdown_abs":67.32225495}],"exit_reason_summary":[{"key":"exit_signal","trades":25,"profit_mean":0.010511792080458961,"profit_mean_pct":1.05,"profit_sum":0.26279480201147404,"profit_sum_pct":26.28,"profit_total_abs":281.89698367000005,"profit_total":0.28189698367000005,"profit_total_pct":28.19,"duration_avg":"15:01:00","wins":13,"draws":0,"losses":12,"winrate":0.52,"cagr":13.382521277416888,"expectancy":11.275879346799998,"expectancy_ratio":1.1599201528558019,"sortino":9.344918625866848,"sharpe":5.233775174615135,"calmar":235.2877354816756,"sqn":1.8252,"profit_factor":3.4165003184495877,"max_drawdown_account":0.06732225495000001,"max_drawdown_abs":67.32225495},{"key":"force_exit","trades":1,"profit_mean":-0.0030294100062474108,"profit_mean_pct":-0.3,"profit_sum":-0.0030294100062474108,"profit_sum_pct":-0.3,"profit_total_abs":-3.84646314,"profit_total":-0.00384646314,"profit_total_pct":-0.38,"duration_avg":"6:15:00","wins":0,"draws":0,"losses":1,"winrate":0.0,"cagr":-0.040528371665803364,"expectancy":-3.84646314,"expectancy_ratio":-1.0,"sortino":-100,"sharpe":-100,"calmar":-56.19109757218516,"sqn":-100.0,"profit_factor":0.0,"max_drawdown_account":0.0038464631399999687,"max_drawdown_abs":3.84646314},{"key":"TOTAL","trades":26,"profit_mean":0.00999097661558564,"profit_mean_pct":1.0,"profit_sum":0.25976539200522664,"profit_sum_pct":25.98,"profit_total_abs":278.05052053000003,"profit_total":0.27805052053,"profit_total_pct":27.81,"duration_avg":"14:41:00","wins":13,"draws":0,"losses":13,"winrate":0.5,"cagr":12.925934526119145,"expectancy":10.694250789615385,"expectancy_ratio":1.1537220401203756,"sortino":9.54976338810566,"sharpe":5.239499853590764,"calmar":232.0772520276072,"sqn":1.7932,"profit_factor":3.3074440802407508,"max_drawdown_account":0.06732225495000001,"max_drawdown_abs":67.32225495}],"mix_tag_stats":[{"key":["","exit_signal"],"trades":25,"profit_mean":0.010511792080458961,"profit_mean_pct":1.05,"profit_sum":0.26279480201147404,"profit_sum_pct":26.28,"profit_total_abs":281.89698367000005,"profit_total":0.28189698367000005,"profit_total_pct":28.19,"duration_avg":"15:01:00","wins":13,"draws":0,"losses":12,"winrate":0.52,"cagr":13.382521277416888,"expectancy":11.275879346799998,"expectancy_ratio":1.1599201528558019,"sortino":9.344918625866848,"sharpe":5.233775174615135,"calmar":235.2877354816756,"sqn":1.8252,"profit_factor":3.4165003184495877,"max_drawdown_account":0.06732225495000001,"max_drawdown_abs":67.32225495},{"key":["","force_exit"],"trades":1,"profit_mean":-0.0030294100062474108,"profit_mean_pct":-0.3,"profit_sum":-0.0030294100062474108,"profit_sum_pct":-0.3,"profit_total_abs":-3.84646314,"profit_total":-0.00384646314,"profit_total_pct":-0.38,"duration_avg":"6:15:00","wins":0,"draws":0,"losses":1,"winrate":0.0,"cagr":-0.040528371665803364,"expectancy":-3.84646314,"expectancy_ratio":-1.0,"sortino":-100,"sharpe":-100,"calmar":-56.19109757218516,"sqn":-100.0,"profit_factor":0.0,"max_drawdown_account":0.0038464631399999687,"max_drawdown_abs":3.84646314},{"key":"TOTAL","trades":26,"profit_mean":0.00999097661558564,"profit_mean_pct":1.0,"profit_sum":0.25976539200522664,"profit_sum_pct":25.98,"profit_total_abs":278.05052053000003,"profit_total":0.27805052053,"profit_total_pct":27.81,"duration_avg":"14:41:00","wins":13,"draws":0,"losses":13,"winrate":0.5,"cagr":12.925934526119145,"expectancy":10.694250789615385,"expectancy_ratio":1.1537220401203756,"sortino":9.54976338810566,"sharpe":5.239499853590764,"calmar":232.0772520276072,"sqn":1.7932,"profit_factor":3.3074440802407508,"max_drawdown_account":0.06732225495000001,"max_drawdown_abs":67.32225495}],"left_open_trades":[{"key":"SUI/USDT:USDT","trades":1,"profit_mean":-0.0030294100062474108,"profit_mean_pct":-0.3,"profit_sum":-0.0030294100062474108,"profit_sum_pct":-0.3,"profit_total_abs":-3.84646314,"profit_total":-0.00384646314,"profit_total_pct":-0.38,"duration_avg":"6:15:00","wins":0,"draws":0,"losses":1,"winrate":0.0,"cagr":-0.040528371665803364,"expectancy":-3.84646314,"expectancy_ratio":-1.0,"sortino":-100,"sharpe":-100,"calmar":-56.19109757218516,"sqn":-100.0,"profit_factor":0.0,"max_drawdown_account":0.0038464631399999687,"max_drawdown_abs":3.84646314},{"key":"TOTAL","trades":1,"profit_mean":-0.0030294100062474108,"profit_mean_pct":-0.3,"profit_sum":-0.0030294100062474108,"profit_sum_pct":-0.3,"profit_total_abs":-3.84646314,"profit_total":-0.00384646314,"profit_total_pct":-0.38,"duration_avg":"6:15:00","wins":0,"draws":0,"losses":1,"winrate":0.0,"cagr":-0.040528371665803364,"expectancy":-3.84646314,"expectancy_ratio":-1.0,"sortino":-100,"sharpe":-100,"calmar":-56.19109757218516,"sqn":-100.0,"profit_factor":0.0,"max_drawdown_account":0.0038464631399999687,"max_drawdown_abs":3.84646314}],"total_trades":26,"trade_count_long":26,"trade_count_short":0,"total_volume":54806.291060805,"avg_stake_amount":1047.5332365384616,"profit_mean":0.00999097661558564,"profit_median":0.0013326659443574352,"profit_total":0.27805052053,"profit_total_long":0.27805052053,"profit_total_short":0.0,"profit_total_abs":278.05052053000003,"profit_total_long_abs":278.05052053000003,"profit_total_short_abs":0.0,"cagr":12.925934526119145,"expectancy":10.694250789615385,"expectancy_ratio":1.1537220401203756,"sortino":9.54976338810566,"sharpe":5.239499853590764,"calmar":232.0772520276072,"sqn":1.7932,"profit_factor":3.3074440802407508,"backtest_start":"2025-05-16 00:00:00","backtest_start_ts":1747353600000,"backtest_end":"2025-06-19 14:00:00","backtest_end_ts":1750341600000,"backtest_days":34,"backtest_run_start_ts":1750342708,"backtest_run_end_ts":1750342708,"trades_per_day":0.76,"market_change":-0.1509253797912793,"pairlist":["SOL/USDT:USDT","ETH/USDT:USDT","SUI/USDT:USDT"],"stake_amount":"unlimited","stake_currency":"USDT","stake_currency_decimals":3,"starting_balance":1000,"dry_run_wallet":1000,"final_balance":1278.05052053,"rejected_signals":124,"timedout_entry_orders":0,"timedout_exit_orders":0,"canceled_trade_entries":0,"canceled_entry_orders":0,"replaced_entry_orders":0,"max_open_trades":1,"max_open_trades_setting":1,"timeframe":"15m","timeframe_detail":"","timerange":"","enable_protections":false,"strategy_name":"GridBotSample","stoploss":-0.1,"trailing_stop":false,"trailing_stop_positive":null,"trailing_stop_positive_offset":0.0,"trailing_only_offset_is_reached":false,"use_custom_stoploss":false,"minimal_roi":{},"use_exit_signal":true,"exit_profit_only":false,"exit_profit_offset":0.0,"ignore_roi_if_entry_signal":false,"trading_mode":"futures","margin_mode":"isolated","periodic_breakdown":{"day":[{"date":"18/05/2025","date_ts":1747526400000,"profit_abs":-56.43762316,"wins":0,"draws":0,"losses":2,"trades":2,"profit_factor":0.0},{"date":"19/05/2025","date_ts":1747612800000,"profit_abs":-10.88463179,"wins":0,"draws":0,"losses":4,"trades":4,"profit_factor":0.0},{"date":"20/05/2025","date_ts":1747699200000,"profit_abs":0.0,"wins":0,"draws":0,"losses":0,"trades":0,"profit_factor":0.0},{"date":"21/05/2025","date_ts":1747785600000,"profit_abs":0.0,"wins":0,"draws":0,"losses":0,"trades":0,"profit_factor":0.0},{"date":"22/05/2025","date_ts":1747872000000,"profit_abs":75.46265894,"wins":1,"draws":0,"losses":0,"trades":1,"profit_factor":0.0},{"date":"23/05/2025","date_ts":1747958400000,"profit_abs":0.0,"wins":0,"draws":0,"losses":0,"trades":0,"profit_factor":0.0},{"date":"24/05/2025","date_ts":1748044800000,"profit_abs":0.0,"wins":0,"draws":0,"losses":0,"trades":0,"profit_factor":0.0},{"date":"25/05/2025","date_ts":1748131200000,"profit_abs":6.91543921,"wins":1,"draws":0,"losses":0,"trades":1,"profit_factor":0.0},{"date":"26/05/2025","date_ts":1748217600000,"profit_abs":0.0,"wins":0,"draws":0,"losses":0,"trades":0,"profit_factor":0.0},{"date":"27/05/2025","date_ts":1748304000000,"profit_abs":0.0,"wins":0,"draws":0,"losses":0,"trades":0,"profit_factor":0.0},{"date":"28/05/2025","date_ts":1748390400000,"profit_abs":0.0,"wins":0,"draws":0,"losses":0,"trades":0,"profit_factor":0.0},{"date":"29/05/2025","date_ts":1748476800000,"profit_abs":0.0,"wins":0,"draws":0,"losses":0,"trades":0,"profit_factor":0.0},{"date":"30/05/2025","date_ts":1748563200000,"profit_abs":0.0,"wins":0,"draws":0,"losses":0,"trades":0,"profit_factor":0.0},{"date":"31/05/2025","date_ts":1748649600000,"profit_abs":3.21352568,"wins":1,"draws":0,"losses":0,"trades":1,"profit_factor":0.0},{"date":"01/06/2025","date_ts":1748736000000,"profit_abs":2.72911368,"wins":1,"draws":0,"losses":0,"trades":1,"profit_factor":0.0},{"date":"02/06/2025","date_ts":1748822400000,"profit_abs":0.0,"wins":0,"draws":0,"losses":0,"trades":0,"profit_factor":0.0},{"date":"03/06/2025","date_ts":1748908800000,"profit_abs":42.36722135,"wins":1,"draws":0,"losses":0,"trades":1,"profit_factor":0.0},{"date":"04/06/2025","date_ts":1748995200000,"profit_abs":0.0,"wins":0,"draws":0,"losses":0,"trades":0,"profit_factor":0.0},{"date":"05/06/2025","date_ts":1749081600000,"profit_abs":-46.406451,"wins":0,"draws":0,"losses":1,"trades":1,"profit_factor":0.0},{"date":"06/06/2025","date_ts":1749168000000,"profit_abs":60.63429633,"wins":1,"draws":0,"losses":0,"trades":1,"profit_factor":0.0},{"date":"07/06/2025","date_ts":1749254400000,"profit_abs":14.87363496,"wins":2,"draws":0,"losses":1,"trades":3,"profit_factor":333.39832282},{"date":"08/06/2025","date_ts":1749340800000,"profit_abs":5.69810564,"wins":1,"draws":0,"losses":4,"trades":5,"profit_factor":2.9774068},{"date":"09/06/2025","date_ts":1749427200000,"profit_abs":53.74169053,"wins":1,"draws":0,"losses":0,"trades":1,"profit_factor":0.0},{"date":"10/06/2025","date_ts":1749513600000,"profit_abs":0.0,"wins":0,"draws":0,"losses":0,"trades":0,"profit_factor":0.0},{"date":"11/06/2025","date_ts":1749600000000,"profit_abs":0.0,"wins":0,"draws":0,"losses":0,"trades":0,"profit_factor":0.0},{"date":"12/06/2025","date_ts":1749686400000,"profit_abs":0.0,"wins":0,"draws":0,"losses":0,"trades":0,"profit_factor":0.0},{"date":"13/06/2025","date_ts":1749772800000,"profit_abs":0.0,"wins":0,"draws":0,"losses":0,"trades":0,"profit_factor":0.0},{"date":"14/06/2025","date_ts":1749859200000,"profit_abs":0.0,"wins":0,"draws":0,"losses":0,"trades":0,"profit_factor":0.0},{"date":"15/06/2025","date_ts":1749945600000,"profit_abs":63.54414663,"wins":1,"draws":0,"losses":0,"trades":1,"profit_factor":0.0},{"date":"16/06/2025","date_ts":1750032000000,"profit_abs":54.75116126,"wins":1,"draws":0,"losses":0,"trades":1,"profit_factor":0.0},{"date":"17/06/2025","date_ts":1750118400000,"profit_abs":0.0,"wins":0,"draws":0,"losses":0,"trades":0,"profit_factor":0.0},{"date":"18/06/2025","date_ts":1750204800000,"profit_abs":0.0,"wins":0,"draws":0,"losses":0,"trades":0,"profit_factor":0.0},{"date":"19/06/2025","date_ts":1750291200000,"profit_abs":7.84823227,"wins":1,"draws":0,"losses":1,"trades":2,"profit_factor":3.04037631}],"week":[{"date":"19/05/2025","date_ts":1747612800000,"profit_abs":-67.32225495,"wins":0,"draws":0,"losses":6,"trades":6,"profit_factor":0.0},{"date":"26/05/2025","date_ts":1748217600000,"profit_abs":82.37809815,"wins":2,"draws":0,"losses":0,"trades":2,"profit_factor":0.0},{"date":"02/06/2025","date_ts":1748822400000,"profit_abs":5.94263936,"wins":2,"draws":0,"losses":0,"trades":2,"profit_factor":0.0},{"date":"09/06/2025","date_ts":1749427200000,"profit_abs":130.90849781,"wins":6,"draws":0,"losses":6,"trades":12,"profit_factor":3.65357918},{"date":"16/06/2025","date_ts":1750032000000,"profit_abs":118.29530789,"wins":2,"draws":0,"losses":0,"trades":2,"profit_factor":0.0},{"date":"23/06/2025","date_ts":1750636800000,"profit_abs":7.84823227,"wins":1,"draws":0,"losses":1,"trades":2,"profit_factor":3.04037631}],"month":[{"date":"31/05/2025","date_ts":1748649600000,"profit_abs":18.26936888,"wins":3,"draws":0,"losses":6,"trades":9,"profit_factor":1.27137191},{"date":"30/06/2025","date_ts":1751241600000,"profit_abs":259.78115165,"wins":10,"draws":0,"losses":7,"trades":17,"profit_factor":5.88500825}],"year":[{"date":"31/12/2025","date_ts":1767139200000,"profit_abs":278.05052053,"wins":13,"draws":0,"losses":13,"trades":26,"profit_factor":3.30744408}]},"backtest_best_day":0.08182421986994036,"backtest_worst_day":-0.05748537462761784,"backtest_best_day_abs":75.46265894,"backtest_worst_day_abs":-56.43762316,"winning_days":12,"draw_days":18,"losing_days":3,"daily_profit":[["2025-05-18",-56.43762316],["2025-05-19",-10.88463179],["2025-05-20",0.0],["2025-05-21",0.0],["2025-05-22",75.46265894],["2025-05-23",0.0],["2025-05-24",0.0],["2025-05-25",6.91543921],["2025-05-26",0.0],["2025-05-27",0.0],["2025-05-28",0.0],["2025-05-29",0.0],["2025-05-30",0.0],["2025-05-31",3.21352568],["2025-06-01",2.72911368],["2025-06-02",0.0],["2025-06-03",42.36722135],["2025-06-04",0.0],["2025-06-05",-46.406451],["2025-06-06",60.63429633],["2025-06-07",14.87363496],["2025-06-08",5.69810564],["2025-06-09",53.74169053],["2025-06-10",0.0],["2025-06-11",0.0],["2025-06-12",0.0],["2025-06-13",0.0],["2025-06-14",0.0],["2025-06-15",63.54414663],["2025-06-16",54.75116126],["2025-06-17",0.0],["2025-06-18",0.0],["2025-06-19",7.84823227]],"wins":13,"losses":13,"draws":0,"winrate":0.5,"holding_avg":"14:41:00","holding_avg_s":52860.0,"winner_holding_min":"0d 03:45","winner_holding_min_s":13500.0,"winner_holding_max":"2d 14:00","winner_holding_max_s":223200.0,"winner_holding_avg":"1d 00:59","winner_holding_avg_s":89940.0,"loser_holding_min":"0d 00:15","loser_holding_min_s":900.0,"loser_holding_max":"1d 04:00","loser_holding_max_s":100800.0,"loser_holding_avg":"0d 04:23","loser_holding_avg_s":15780.0,"max_consecutive_wins":5,"max_consecutive_losses":6,"max_drawdown_account":0.06732225495000001,"max_relative_drawdown":0.06732225495000001,"max_drawdown_abs":67.32225495,"drawdown_start":"2025-05-18 04:30:00","drawdown_start_ts":1747542600000.0,"drawdown_end":"2025-05-19 12:15:00","drawdown_end_ts":1747656900000.0,"max_drawdown_low":-67.32225495,"max_drawdown_high":-8.21458387,"csum_min":932.67774505,"csum_max":1281.89698367}},"strategy_comparison":[{"key":"GridBotSample","trades":26,"profit_mean":0.00999097661558564,"profit_mean_pct":1.0,"profit_sum":0.25976539200522664,"profit_sum_pct":25.98,"profit_total_abs":278.05052053000003,"profit_total":0.27805052053,"profit_total_pct":27.81,"duration_avg":"14:41:00","wins":13,"draws":0,"losses":13,"winrate":0.5,"cagr":12.925934526119145,"expectancy":10.694250789615385,"expectancy_ratio":1.1537220401203756,"sortino":9.54976338810566,"sharpe":5.239499853590764,"calmar":232.0772520276072,"sqn":1.7932,"profit_factor":3.3074440802407508,"max_drawdown_account":0.06732225495000001,"max_drawdown_abs":"67.322"}]}