{"strategy":{"GridBotSample":{"trades":[{"pair":"ETH/USDT:USDT","stake_amount":97.47114,"max_stake_amount":97.47114,"amount":0.039,"open_date":"2025-05-17 00:30:00+00:00","close_date":"2025-05-18 04:30:00+00:00","open_rate":2499.26,"close_rate":2481.15,"fee_open":0.0005,"fee_close":0.0005,"trade_duration":1680,"profit_ratio":-0.008295868357823009,"profit_abs":-0.80901205,"exit_reason":"exit_signal","initial_stop_loss_abs":2249.34,"initial_stop_loss_ratio":-0.1,"stop_loss_abs":2249.34,"stop_loss_ratio":-0.1,"min_rate":2442.65,"max_rate":2512.33,"is_open":false,"enter_tag":"","leverage":1.0,"is_short":false,"open_timestamp":1747441800000,"close_timestamp":1747542600000,"orders":[{"amount":0.039,"safe_price":2499.26,"ft_order_side":"buy","order_filled_timestamp":1747441800000,"ft_is_entry":true,"ft_order_tag":"","cost":97.51987557},{"amount":0.039,"safe_price":2481.15,"ft_order_side":"sell","order_filled_timestamp":1747542600000,"ft_is_entry":false,"ft_order_tag":"exit_signal","cost":96.81323242500001}],"funding_fees":-0.005604052442975649},{"pair":"ETH/USDT:USDT","stake_amount":96.99144,"max_stake_amount":96.99144,"amount":0.039,"open_date":"2025-05-18 04:45:00+00:00","close_date":"2025-05-18 20:15:00+00:00","open_rate":2486.96,"close_rate":2367.12,"fee_open":0.0005,"fee_close":0.0005,"trade_duration":930,"profit_ratio":-0.04918950630566226,"profit_abs":-4.77334653,"exit_reason":"exit_signal","initial_stop_loss_abs":2238.27,"initial_stop_loss_ratio":-0.1,"stop_loss_abs":2238.27,"stop_loss_ratio":-0.1,"min_rate":2312.62,"max_rate":2587.52,"is_open":false,"enter_tag":"","leverage":1.0,"is_short":false,"open_timestamp":1747543500000,"close_timestamp":1747599300000,"orders":[{"amount":0.039,"safe_price":2486.96,"ft_order_side":"buy","order_filled_timestamp":1747543500000,"ft_is_entry":true,"ft_order_tag":"","cost":97.03993571999999},{"amount":0.039,"safe_price":2367.12,"ft_order_side":"sell","order_filled_timestamp":1747599300000,"ft_is_entry":false,"ft_order_tag":"exit_signal","cost":92.36383883999999}],"funding_fees":-0.004931968538742534},{"pair":"ETH/USDT:USDT","stake_amount":91.48538,"max_stake_amount":91.48538,"amount":0.038,"open_date":"2025-05-19 07:45:00+00:00","close_date":"2025-05-19 08:00:00+00:00","open_rate":2407.51,"close_rate":2402.53,"fee_open":0.0005,"fee_close":0.0005,"trade_duration":15,"profit_ratio":-0.003131104607671452,"profit_abs":-0.28659352,"exit_reason":"exit_signal","initial_stop_loss_abs":2166.76,"initial_stop_loss_ratio":-0.1,"stop_loss_abs":2166.76,"stop_loss_ratio":-0.1,"min_rate":2389.0,"max_rate":2409.24,"is_open":false,"enter_tag":"","leverage":1.0,"is_short":false,"open_timestamp":1747640700000,"close_timestamp":1747641600000,"orders":[{"amount":0.038,"safe_price":2407.51,"ft_order_side":"buy","order_filled_timestamp":1747640700000,"ft_is_entry":true,"ft_order_tag":"","cost":91.53112269},{"amount":0.038,"safe_price":2402.53,"ft_order_side":"sell","order_filled_timestamp":1747641600000,"ft_is_entry":false,"ft_order_tag":"exit_signal","cost":91.34178807}],"funding_fees":-0.005962763740083447},{"pair":"ETH/USDT:USDT","stake_amount":91.5135,"max_stake_amount":91.5135,"amount":0.038,"open_date":"2025-05-19 08:15:00+00:00","close_date":"2025-05-19 08:30:00+00:00","open_rate":2408.25,"close_rate":2404.79,"fee_open":0.0005,"fee_close":0.0005,"trade_duration":15,"profit_ratio":-0.0024347921544262646,"profit_abs":-0.22292776,"exit_reason":"exit_signal","initial_stop_loss_abs":2167.43,"initial_stop_loss_ratio":-0.1,"stop_loss_abs":2167.43,"stop_loss_ratio":-0.1,"min_rate":2393.45,"max_rate":2422.11,"is_open":false,"enter_tag":"","leverage":1.0,"is_short":false,"open_timestamp":1747642500000,"close_timestamp":1747643400000,"orders":[{"amount":0.038,"safe_price":2408.25,"ft_order_side":"buy","order_filled_timestamp":1747642500000,"ft_is_entry":true,"ft_order_tag":"","cost":91.55925674999999},{"amount":0.038,"safe_price":2404.79,"ft_order_side":"sell","order_filled_timestamp":1747643400000,"ft_is_entry":false,"ft_order_tag":"exit_signal","cost":91.42771101}],"funding_fees":0.0},{"pair":"ETH/USDT:USDT","stake_amount":91.45536,"max_stake_amount":91.45536,"amount":0.038,"open_date":"2025-05-19 09:30:00+00:00","close_date":"2025-05-19 10:00:00+00:00","open_rate":2406.72,"close_rate":2404.24,"fee_open":0.0005,"fee_close":0.0005,"trade_duration":30,"profit_ratio":-0.002028918395475843,"profit_abs":-0.18564824,"exit_reason":"exit_signal","initial_stop_loss_abs":2166.05,"initial_stop_loss_ratio":-0.1,"stop_loss_abs":2166.05,"stop_loss_ratio":-0.1,"min_rate":2392.0,"max_rate":2414.64,"is_open":false,"enter_tag":"","leverage":1.0,"is_short":false,"open_timestamp":1747647000000,"close_timestamp":1747648800000,"orders":[{"amount":0.038,"safe_price":2406.72,"ft_order_side":"buy","order_filled_timestamp":1747647000000,"ft_is_entry":true,"ft_order_tag":"","cost":91.50108767999998},{"amount":0.038,"safe_price":2404.24,"ft_order_side":"sell","order_filled_timestamp":1747648800000,"ft_is_entry":false,"ft_order_tag":"exit_signal","cost":91.40680055999998}],"funding_fees":0.0},{"pair":"ETH/USDT:USDT","stake_amount":91.48804,"max_stake_amount":91.48804,"amount":0.038,"open_date":"2025-05-19 10:30:00+00:00","close_date":"2025-05-19 12:15:00+00:00","open_rate":2407.58,"close_rate":2400.08,"fee_open":0.0005,"fee_close":0.0005,"trade_duration":105,"profit_ratio":-0.004111547927678473,"profit_abs":-0.37634554,"exit_reason":"exit_signal","initial_stop_loss_abs":2166.83,"initial_stop_loss_ratio":-0.1,"stop_loss_abs":2166.83,"stop_loss_ratio":-0.1,"min_rate":2391.02,"max_rate":2420.88,"is_open":false,"enter_tag":"","leverage":1.0,"is_short":false,"open_timestamp":1747650600000,"close_timestamp":1747656900000,"orders":[{"amount":0.038,"safe_price":2407.58,"ft_order_side":"buy","order_filled_timestamp":1747650600000,"ft_is_entry":true,"ft_order_tag":"","cost":91.53378402},{"amount":0.038,"safe_price":2400.08,"ft_order_side":"sell","order_filled_timestamp":1747656900000,"ft_is_entry":false,"ft_order_tag":"exit_signal","cost":91.24864151999999}],"funding_fees":0.0},{"pair":"ETH/USDT:USDT","stake_amount":89.99029,"max_stake_amount":89.99029,"amount":0.037,"open_date":"2025-05-19 13:45:00+00:00","close_date":"2025-05-22 03:45:00+00:00","open_rate":2432.17,"close_rate":2634.82,"fee_open":0.0005,"fee_close":0.0005,"trade_duration":3720,"profit_ratio":0.08182421989484998,"profit_abs":7.36706697,"exit_reason":"exit_signal","initial_stop_loss_abs":2188.96,"initial_stop_loss_ratio":-0.1,"stop_loss_abs":2188.96,"stop_loss_ratio":-0.1,"min_rate":2416.4,"max_rate":2647.25,"is_open":false,"enter_tag":"","leverage":1.0,"is_short":false,"open_timestamp":1747662300000,"close_timestamp":1747885500000,"orders":[{"amount":0.037,"safe_price":2432.17,"ft_order_side":"buy","order_filled_timestamp":1747662300000,"ft_is_entry":true,"ft_order_tag":"","cost":90.035285145},{"amount":0.037,"safe_price":2634.82,"ft_order_side":"sell","order_filled_timestamp":1747885500000,"ft_is_entry":false,"ft_order_tag":"exit_signal","cost":97.53708417}],"funding_fees":-0.03724371758341124},{"pair":"ETH/USDT:USDT","stake_amount":97.29681,"max_stake_amount":97.29681,"amount":0.039,"open_date":"2025-05-25 00:45:00+00:00","close_date":"2025-05-25 19:00:00+00:00","open_rate":2494.79,"close_rate":2514.89,"fee_open":0.0005,"fee_close":0.0005,"trade_duration":1095,"profit_ratio":0.006926417842677372,"profit_abs":0.67425532,"exit_reason":"exit_signal","initial_stop_loss_abs":2245.32,"initial_stop_loss_ratio":-0.1,"stop_loss_abs":2245.32,"stop_loss_ratio":-0.1,"min_rate":2457.6,"max_rate":2524.99,"is_open":false,"enter_tag":"","leverage":1.0,"is_short":false,"open_timestamp":1748133900000,"close_timestamp":1748199600000,"orders":[{"amount":0.039,"safe_price":2494.79,"ft_order_side":"buy","order_filled_timestamp":1748133900000,"ft_is_entry":true,"ft_order_tag":"","cost":97.34545840499999},{"amount":0.039,"safe_price":2514.89,"ft_order_side":"sell","order_filled_timestamp":1748199600000,"ft_is_entry":false,"ft_order_tag":"exit_signal","cost":98.12975035499998}],"funding_fees":-0.011955916592099998},{"pair":"ETH/USDT:USDT","stake_amount":100.314,"max_stake_amount":100.314,"amount":0.04,"open_date":"2025-05-31 01:30:00+00:00","close_date":"2025-05-31 12:00:00+00:00","open_rate":2507.85,"close_rate":2518.6,"fee_open":0.0005,"fee_close":0.0005,"trade_duration":630,"profit_ratio":0.0032018658812627697,"profit_abs":0.32135257,"exit_reason":"exit_signal","initial_stop_loss_abs":2257.07,"initial_stop_loss_ratio":-0.1,"stop_loss_abs":2257.07,"stop_loss_ratio":-0.1,"min_rate":2474.0,"max_rate":2537.97,"is_open":false,"enter_tag":"","leverage":1.0,"is_short":false,"open_timestamp":1748655000000,"close_timestamp":1748692800000,"orders":[{"amount":0.04,"safe_price":2507.85,"ft_order_side":"buy","order_filled_timestamp":1748655000000,"ft_is_entry":true,"ft_order_tag":"","cost":100.36415699999999},{"amount":0.04,"safe_price":2518.6,"ft_order_side":"sell","order_filled_timestamp":1748692800000,"ft_is_entry":false,"ft_order_tag":"exit_signal","cost":100.794372}],"funding_fees":-0.008118432},{"pair":"ETH/USDT:USDT","stake_amount":100.2604,"max_stake_amount":100.2604,"amount":0.04,"open_date":"2025-06-01 02:00:00+00:00","close_date":"2025-06-01 05:45:00+00:00","open_rate":2506.51,"close_rate":2515.81,"fee_open":0.0005,"fee_close":0.0005,"trade_duration":225,"profit_ratio":0.0027071295452090033,"profit_abs":0.2715536,"exit_reason":"exit_signal","initial_stop_loss_abs":2255.86,"initial_stop_loss_ratio":-0.1,"stop_loss_abs":2255.86,"stop_loss_ratio":-0.1,"min_rate":2491.03,"max_rate":2526.46,"is_open":false,"enter_tag":"","leverage":1.0,"is_short":false,"open_timestamp":1748743200000,"close_timestamp":1748756700000,"orders":[{"amount":0.04,"safe_price":2506.51,"ft_order_side":"buy","order_filled_timestamp":1748743200000,"ft_is_entry":true,"ft_order_tag":"","cost":100.3105302},{"amount":0.04,"safe_price":2515.81,"ft_order_side":"sell","order_filled_timestamp":1748756700000,"ft_is_entry":false,"ft_order_tag":"exit_signal","cost":100.6827162}],"funding_fees":0.0},{"pair":"ETH/USDT:USDT","stake_amount":100.4868,"max_stake_amount":100.4868,"amount":0.04,"open_date":"2025-06-01 06:30:00+00:00","close_date":"2025-06-03 01:00:00+00:00","open_rate":2512.17,"close_rate":2620.79,"fee_open":0.0005,"fee_close":0.0005,"trade_duration":2550,"profit_ratio":0.0419312501883261,"profit_abs":4.21564392,"exit_reason":"exit_signal","initial_stop_loss_abs":2260.96,"initial_stop_loss_ratio":-0.1,"stop_loss_abs":2260.96,"stop_loss_ratio":-0.1,"min_rate":2465.0,"max_rate":2626.96,"is_open":false,"enter_tag":"","leverage":1.0,"is_short":false,"open_timestamp":1748759400000,"close_timestamp":1748912400000,"orders":[{"amount":0.04,"safe_price":2512.17,"ft_order_side":"buy","order_filled_timestamp":1748759400000,"ft_is_entry":true,"ft_order_tag":"","cost":100.5370434},{"amount":0.04,"safe_price":2620.79,"ft_order_side":"sell","order_filled_timestamp":1748912400000,"ft_is_entry":false,"ft_order_tag":"exit_signal","cost":104.88401579999999}],"funding_fees":-0.026496884608189396},{"pair":"ETH/USDT:USDT","stake_amount":102.72837,"max_stake_amount":102.72837,"amount":0.041,"open_date":"2025-06-05 20:15:00+00:00","close_date":"2025-06-05 21:00:00+00:00","open_rate":2505.57,"close_rate":2397.53,"fee_open":0.0005,"fee_close":0.0005,"trade_duration":45,"profit_ratio":-0.04407633066890287,"profit_abs":-4.53015355,"exit_reason":"exit_signal","initial_stop_loss_abs":2255.02,"initial_stop_loss_ratio":-0.1,"stop_loss_abs":2255.02,"stop_loss_ratio":-0.1,"min_rate":2390.0,"max_rate":2506.53,"is_open":false,"enter_tag":"","leverage":1.0,"is_short":false,"open_timestamp":1749154500000,"close_timestamp":1749157200000,"orders":[{"amount":0.041,"safe_price":2505.57,"ft_order_side":"buy","order_filled_timestamp":1749154500000,"ft_is_entry":true,"ft_order_tag":"","cost":102.77973418500001},{"amount":0.041,"safe_price":2397.53,"ft_order_side":"sell","order_filled_timestamp":1749157200000,"ft_is_entry":false,"ft_order_tag":"exit_signal","cost":98.347879365}],"funding_fees":0.0},{"pair":"SOL/USDT:USDT","stake_amount":100.6354,"max_stake_amount":100.6354,"amount":0.71,"open_date":"2025-06-05 21:00:00+00:00","close_date":"2025-06-06 12:45:00+00:00","open_rate":141.74,"close_rate":150.4,"fee_open":0.0005,"fee_close":0.0005,"trade_duration":945,"profit_ratio":0.06022134785855532,"profit_abs":6.06342963,"exit_reason":"exit_signal","initial_stop_loss_abs":127.57,"initial_stop_loss_ratio":-0.1,"stop_loss_abs":127.57,"stop_loss_ratio":-0.1,"min_rate":141.51,"max_rate":152.56,"is_open":false,"enter_tag":"","leverage":1.0,"is_short":false,"open_timestamp":1749157200000,"close_timestamp":1749213900000,"orders":[{"amount":0.71,"safe_price":141.74,"ft_order_side":"buy","order_filled_timestamp":1749157200000,"ft_is_entry":true,"ft_order_tag":"","cost":100.6857177},{"amount":0.71,"safe_price":150.4,"ft_order_side":"sell","order_filled_timestamp":1749213900000,"ft_is_entry":false,"ft_order_tag":"exit_signal","cost":106.83739199999998}],"funding_fees":0.01853933272887911},{"pair":"ETH/USDT:USDT","stake_amount":106.31019,"max_stake_amount":106.31019,"amount":0.043,"open_date":"2025-06-06 12:45:00+00:00","close_date":"2025-06-07 08:45:00+00:00","open_rate":2472.33,"close_rate":2485.35,"fee_open":0.0005,"fee_close":0.0005,"trade_duration":1200,"profit_ratio":0.004092323155230115,"profit_abs":0.43527318,"exit_reason":"exit_signal","initial_stop_loss_abs":2225.1,"initial_stop_loss_ratio":-0.1,"stop_loss_abs":2225.1,"stop_loss_ratio":-0.1,"min_rate":2455.85,"max_rate":2529.67,"is_open":false,"enter_tag":"","leverage":1.0,"is_short":false,"open_timestamp":1749213900000,"close_timestamp":1749285900000,"orders":[{"amount":0.043,"safe_price":2472.33,"ft_order_side":"buy","order_filled_timestamp":1749213900000,"ft_is_entry":true,"ft_order_tag":"","cost":106.36334509499999},{"amount":0.043,"safe_price":2485.35,"ft_order_side":"sell","order_filled_timestamp":1749285900000,"ft_is_entry":false,"ft_order_tag":"exit_signal","cost":106.92348502499999}],"funding_fees":-0.01799669831589161},{"pair":"ETH/USDT:USDT","stake_amount":106.75309,"max_stake_amount":106.75309,"amount":0.043,"open_date":"2025-06-07 09:00:00+00:00","close_date":"2025-06-07 10:00:00+00:00","open_rate":2482.63,"close_rate":2485.01,"fee_open":0.0005,"fee_close":0.0005,"trade_duration":60,"profit_ratio":-4.179765649413283e-05,"profit_abs":-0.00446426,"exit_reason":"exit_signal","initial_stop_loss_abs":2234.37,"initial_stop_loss_ratio":-0.1,"stop_loss_abs":2234.37,"stop_loss_ratio":-0.1,"min_rate":2481.91,"max_rate":2489.36,"is_open":false,"enter_tag":"","leverage":1.0,"is_short":false,"open_timestamp":1749286800000,"close_timestamp":1749290400000,"orders":[{"amount":0.043,"safe_price":2482.63,"ft_order_side":"buy","order_filled_timestamp":1749286800000,"ft_is_entry":true,"ft_order_tag":"","cost":106.80646654499999},{"amount":0.043,"safe_price":2485.01,"ft_order_side":"sell","order_filled_timestamp":1749290400000,"ft_is_entry":false,"ft_order_tag":"exit_signal","cost":106.908857715}],"funding_fees":0.0},{"pair":"ETH/USDT:USDT","stake_amount":107.00808,"max_stake_amount":107.00808,"amount":0.043,"open_date":"2025-06-07 10:15:00+00:00","close_date":"2025-06-07 20:00:00+00:00","open_rate":2488.56,"close_rate":2515.78,"fee_open":0.0005,"fee_close":0.0005,"trade_duration":585,"profit_ratio":0.009859303871364616,"profit_abs":1.05555269,"exit_reason":"exit_signal","initial_stop_loss_abs":2239.71,"initial_stop_loss_ratio":-0.1,"stop_loss_abs":2239.71,"stop_loss_ratio":-0.1,"min_rate":2487.11,"max_rate":2524.9,"is_open":false,"enter_tag":"","leverage":1.0,"is_short":false,"open_timestamp":1749291300000,"close_timestamp":1749326400000,"orders":[{"amount":0.043,"safe_price":2488.56,"ft_order_side":"buy","order_filled_timestamp":1749291300000,"ft_is_entry":true,"ft_order_tag":"","cost":107.06158403999999},{"amount":0.043,"safe_price":2515.78,"ft_order_side":"sell","order_filled_timestamp":1749326400000,"ft_is_entry":false,"ft_order_tag":"exit_signal","cost":108.23262926999999}],"funding_fees":-0.007313996583544372},{"pair":"ETH/USDT:USDT","stake_amount":108.01815,"max_stake_amount":108.01815,"amount":0.043,"open_date":"2025-06-08 01:30:00+00:00","close_date":"2025-06-08 02:30:00+00:00","open_rate":2512.05,"close_rate":2512.84,"fee_open":0.0005,"fee_close":0.0005,"trade_duration":60,"profit_ratio":-0.0006853303444099811,"profit_abs":-0.07406513,"exit_reason":"exit_signal","initial_stop_loss_abs":2260.85,"initial_stop_loss_ratio":-0.1,"stop_loss_abs":2260.85,"stop_loss_ratio":-0.1,"min_rate":2510.72,"max_rate":2520.53,"is_open":false,"enter_tag":"","leverage":1.0,"is_short":false,"open_timestamp":1749346200000,"close_timestamp":1749349800000,"orders":[{"amount":0.043,"safe_price":2512.05,"ft_order_side":"buy","order_filled_timestamp":1749346200000,"ft_is_entry":true,"ft_order_tag":"","cost":108.072159075},{"amount":0.043,"safe_price":2512.84,"ft_order_side":"sell","order_filled_timestamp":1749349800000,"ft_is_entry":false,"ft_order_tag":"exit_signal","cost":108.10614606}],"funding_fees":0.0},{"pair":"ETH/USDT:USDT","stake_amount":107.97687,"max_stake_amount":107.97687,"amount":0.043,"open_date":"2025-06-08 03:00:00+00:00","close_date":"2025-06-08 03:30:00+00:00","open_rate":2511.09,"close_rate":2509.63,"fee_open":0.0005,"fee_close":0.0005,"trade_duration":30,"profit_ratio":-0.0015803399368775923,"profit_abs":-0.17072548,"exit_reason":"exit_signal","initial_stop_loss_abs":2259.99,"initial_stop_loss_ratio":-0.1,"stop_loss_abs":2259.99,"stop_loss_ratio":-0.1,"min_rate":2507.25,"max_rate":2513.9,"is_open":false,"enter_tag":"","leverage":1.0,"is_short":false,"open_timestamp":1749351600000,"close_timestamp":1749353400000,"orders":[{"amount":0.043,"safe_price":2511.09,"ft_order_side":"buy","order_filled_timestamp":1749351600000,"ft_is_entry":true,"ft_order_tag":"","cost":108.03085843499998},{"amount":0.043,"safe_price":2509.63,"ft_order_side":"sell","order_filled_timestamp":1749353400000,"ft_is_entry":false,"ft_order_tag":"exit_signal","cost":107.96804704499999}],"funding_fees":0.0},{"pair":"ETH/USDT:USDT","stake_amount":107.85819,"max_stake_amount":107.85819,"amount":0.043,"open_date":"2025-06-08 04:15:00+00:00","close_date":"2025-06-08 04:30:00+00:00","open_rate":2508.33,"close_rate":2510.66,"fee_open":0.0005,"fee_close":0.0005,"trade_duration":15,"profit_ratio":-7.152375529948813e-05,"profit_abs":-0.00771828,"exit_reason":"exit_signal","initial_stop_loss_abs":2257.5,"initial_stop_loss_ratio":-0.1,"stop_loss_abs":2257.5,"stop_loss_ratio":-0.1,"min_rate":2507.96,"max_rate":2517.55,"is_open":false,"enter_tag":"","leverage":1.0,"is_short":false,"open_timestamp":1749356100000,"close_timestamp":1749357000000,"orders":[{"amount":0.043,"safe_price":2508.33,"ft_order_side":"buy","order_filled_timestamp":1749356100000,"ft_is_entry":true,"ft_order_tag":"","cost":107.912119095},{"amount":0.043,"safe_price":2510.66,"ft_order_side":"sell","order_filled_timestamp":1749357000000,"ft_is_entry":false,"ft_order_tag":"exit_signal","cost":108.01235918999998}],"funding_fees":0.0},{"pair":"ETH/USDT:USDT","stake_amount":105.4284,"max_stake_amount":105.4284,"amount":0.042,"open_date":"2025-06-08 05:15:00+00:00","close_date":"2025-06-08 06:15:00+00:00","open_rate":2510.2,"close_rate":2511.88,"fee_open":0.0005,"fee_close":0.0005,"trade_duration":60,"profit_ratio":-0.00033089980386270893,"profit_abs":-0.03490368,"exit_reason":"exit_signal","initial_stop_loss_abs":2259.18,"initial_stop_loss_ratio":-0.1,"stop_loss_abs":2259.18,"stop_loss_ratio":-0.1,"min_rate":2507.69,"max_rate":2515.88,"is_open":false,"enter_tag":"","leverage":1.0,"is_short":false,"open_timestamp":1749359700000,"close_timestamp":1749363300000,"orders":[{"amount":0.042,"safe_price":2510.2,"ft_order_side":"buy","order_filled_timestamp":1749359700000,"ft_is_entry":true,"ft_order_tag":"","cost":105.4811142},{"amount":0.042,"safe_price":2511.88,"ft_order_side":"sell","order_filled_timestamp":1749363300000,"ft_is_entry":false,"ft_order_tag":"exit_signal","cost":105.55170948}],"funding_fees":0.0},{"pair":"ETH/USDT:USDT","stake_amount":105.4767,"max_stake_amount":105.4767,"amount":0.042,"open_date":"2025-06-08 09:15:00+00:00","close_date":"2025-06-08 20:30:00+00:00","open_rate":2511.35,"close_rate":2533.99,"fee_open":0.0005,"fee_close":0.0005,"trade_duration":675,"profit_ratio":0.007959595949086183,"profit_abs":0.83997169,"exit_reason":"exit_signal","initial_stop_loss_abs":2260.22,"initial_stop_loss_ratio":-0.1,"stop_loss_abs":2260.22,"stop_loss_ratio":-0.1,"min_rate":2483.28,"max_rate":2539.68,"is_open":false,"enter_tag":"","leverage":1.0,"is_short":false,"open_timestamp":1749374100000,"close_timestamp":1749414600000,"orders":[{"amount":0.042,"safe_price":2511.35,"ft_order_side":"buy","order_filled_timestamp":1749374100000,"ft_is_entry":true,"ft_order_tag":"","cost":105.52943835},{"amount":0.042,"safe_price":2533.99,"ft_order_side":"sell","order_filled_timestamp":1749414600000,"ft_is_entry":false,"ft_order_tag":"exit_signal","cost":106.48079378999999}],"funding_fees":-0.004956173192492047},{"pair":"ETH/USDT:USDT","stake_amount":107.99278,"max_stake_amount":107.99278,"amount":0.043,"open_date":"2025-06-08 22:45:00+00:00","close_date":"2025-06-09 21:30:00+00:00","open_rate":2511.46,"close_rate":2638.76,"fee_open":0.0005,"fee_close":0.0005,"trade_duration":1365,"profit_ratio":0.04950900729043028,"profit_abs":5.34928864,"exit_reason":"exit_signal","initial_stop_loss_abs":2260.32,"initial_stop_loss_ratio":-0.1,"stop_loss_abs":2260.32,"stop_loss_ratio":-0.1,"min_rate":2475.83,"max_rate":2639.88,"is_open":false,"enter_tag":"","leverage":1.0,"is_short":false,"open_timestamp":1749422700000,"close_timestamp":1749504600000,"orders":[{"amount":0.043,"safe_price":2511.46,"ft_order_side":"buy","order_filled_timestamp":1749422700000,"ft_is_entry":true,"ft_order_tag":"","cost":108.04677638999999},{"amount":0.043,"safe_price":2638.76,"ft_order_side":"sell","order_filled_timestamp":1749504600000,"ft_is_entry":false,"ft_order_tag":"exit_signal","cost":113.52341333999999}],"funding_fees":-0.013881629122334559},{"pair":"SOL/USDT:USDT","stake_amount":113.4993,"max_stake_amount":113.4993,"amount":0.79,"open_date":"2025-06-13 05:45:00+00:00","close_date":"2025-06-15 15:00:00+00:00","open_rate":143.67,"close_rate":151.84,"fee_open":0.0005,"fee_close":0.0005,"trade_duration":3435,"profit_ratio":0.055746701998804514,"profit_abs":6.33037526,"exit_reason":"exit_signal","initial_stop_loss_abs":129.31,"initial_stop_loss_ratio":-0.1,"stop_loss_abs":129.31,"stop_loss_ratio":-0.1,"min_rate":141.87,"max_rate":152.63,"is_open":false,"enter_tag":"","leverage":1.0,"is_short":false,"open_timestamp":1749793500000,"close_timestamp":1749999600000,"orders":[{"amount":0.79,"safe_price":143.67,"ft_order_side":"buy","order_filled_timestamp":1749793500000,"ft_is_entry":true,"ft_order_tag":"","cost":113.55604964999999},{"amount":0.79,"safe_price":151.84,"ft_order_side":"sell","order_filled_timestamp":1749999600000,"ft_is_entry":false,"ft_order_tag":"exit_signal","cost":120.0135768}],"funding_fees":-0.007198286950628529},{"pair":"ETH/USDT:USDT","stake_amount":118.06447,"max_stake_amount":118.06447,"amount":0.047,"open_date":"2025-06-15 20:30:00+00:00","close_date":"2025-06-16 07:15:00+00:00","open_rate":2512.01,"close_rate":2629.0,"fee_open":0.0005,"fee_close":0.0005,"trade_duration":645,"profit_ratio":0.0454798856988868,"profit_abs":5.37224338,"exit_reason":"exit_signal","initial_stop_loss_abs":2260.81,"initial_stop_loss_ratio":-0.1,"stop_loss_abs":2260.81,"stop_loss_ratio":-0.1,"min_rate":2490.38,"max_rate":2637.7,"is_open":false,"enter_tag":"","leverage":1.0,"is_short":false,"open_timestamp":1750019400000,"close_timestamp":1750058100000,"orders":[{"amount":0.047,"safe_price":2512.01,"ft_order_side":"buy","order_filled_timestamp":1750019400000,"ft_is_entry":true,"ft_order_tag":"","cost":118.123502235},{"amount":0.047,"safe_price":2629.0,"ft_order_side":"sell","order_filled_timestamp":1750058100000,"ft_is_entry":false,"ft_order_tag":"exit_signal","cost":123.6247815}],"funding_fees":-0.005472884963560986},{"pair":"ETH/USDT:USDT","stake_amount":124.753,"max_stake_amount":124.753,"amount":0.05,"open_date":"2025-06-17 15:30:00+00:00","close_date":"2025-06-19 07:45:00+00:00","open_rate":2495.06,"close_rate":2521.47,"fee_open":0.0005,"fee_close":0.0005,"trade_duration":2415,"profit_ratio":0.009313712802044065,"profit_abs":1.16249457,"exit_reason":"exit_signal","initial_stop_loss_abs":2245.56,"initial_stop_loss_ratio":-0.1,"stop_loss_abs":2245.56,"stop_loss_ratio":-0.1,"min_rate":2451.97,"max_rate":2547.35,"is_open":false,"enter_tag":"","leverage":1.0,"is_short":false,"open_timestamp":1750174200000,"close_timestamp":1750319100000,"orders":[{"amount":0.05,"safe_price":2495.06,"ft_order_side":"buy","order_filled_timestamp":1750174200000,"ft_is_entry":true,"ft_order_tag":"","cost":124.8153765},{"amount":0.05,"safe_price":2521.47,"ft_order_side":"sell","order_filled_timestamp":1750319100000,"ft_is_entry":false,"ft_order_tag":"exit_signal","cost":126.13653674999999}],"funding_fees":-0.032592176039121096},{"pair":"SUI/USDT:USDT","stake_amount":126.51452,"max_stake_amount":126.51452,"amount":45.1,"open_date":"2025-06-19 07:45:00+00:00","close_date":"2025-06-19 14:00:00+00:00","open_rate":2.8052,"close_rate":2.7995,"fee_open":0.0005,"fee_close":0.0005,"trade_duration":375,"profit_ratio":-0.003029410045748816,"profit_abs":-0.38345599,"exit_reason":"force_exit","initial_stop_loss_abs":2.5247,"initial_stop_loss_ratio":-0.1,"stop_loss_abs":2.5247,"stop_loss_ratio":-0.1,"min_rate":2.7814,"max_rate":2.8217,"is_open":false,"enter_tag":"","leverage":1.0,"is_short":false,"open_timestamp":1750319100000,"close_timestamp":1750341600000,"orders":[{"amount":45.1,"safe_price":2.8052,"ft_order_side":"buy","order_filled_timestamp":1750319100000,"ft_is_entry":true,"ft_order_tag":"","cost":126.57777725999999},{"amount":45.1,"safe_price":2.7995,"ft_order_side":"sell","order_filled_timestamp":1750341600000,"ft_is_entry":false,"ft_order_tag":"force_exit","cost":126.320578725}],"funding_fees":0.0}],"locks":[],"best_pair":{"key":"ETH/USDT:USDT","trades":23,"profit_mean":0.006383771834990575,"profit_mean_pct":0.64,"profit_sum":0.14682675220478322,"profit_sum_pct":14.68,"profit_total_abs":15.588792510000001,"profit_total":0.15588792510000002,"profit_total_pct":15.59,"duration_avg":"13:09:00","wins":11,"draws":0,"losses":12,"winrate":0.4782608695652174,"cagr":3.736077857278154,"expectancy":0.6777735873913044,"expectancy_ratio":0.7087270017700666,"sortino":5.255908249620086,"sharpe":3.2483035256022768,"calmar":131.64532546818128,"sqn":1.1789,"profit_factor":2.358393420059294,"max_drawdown_account":0.0665387364,"max_drawdown_abs":6.6538736400000005},"worst_pair":{"key":"SUI/USDT:USDT","trades":1,"profit_mean":-0.003029410045748816,"profit_mean_pct":-0.3,"profit_sum":-0.003029410045748816,"profit_sum_pct":-0.3,"profit_total_abs":-0.38345599,"profit_total":-0.0038345599000000003,"profit_total_pct":-0.38,"duration_avg":"6:15:00","wins":0,"draws":0,"losses":1,"winrate":0.0,"cagr":-0.04040528521354514,"expectancy":-0.38345599,"expectancy_ratio":-1.0,"sortino":-100,"sharpe":-100,"calmar":-56.19109757218447,"sqn":-100.0,"profit_factor":0.0,"max_drawdown_account":0.0038345599000000163,"max_drawdown_abs":0.38345599},"results_per_pair":[{"key":"ETH/USDT:USDT","trades":23,"profit_mean":0.006383771834990575,"profit_mean_pct":0.64,"profit_sum":0.14682675220478322,"profit_sum_pct":14.68,"profit_total_abs":15.588792510000001,"profit_total":0.15588792510000002,"profit_total_pct":15.59,"duration_avg":"13:09:00","wins":11,"draws":0,"losses":12,"winrate":0.4782608695652174,"cagr":3.736077857278154,"expectancy":0.6777735873913044,"expectancy_ratio":0.7087270017700666,"sortino":5.255908249620086,"sharpe":3.2483035256022768,"calmar":131.64532546818128,"sqn":1.1789,"profit_factor":2.358393420059294,"max_drawdown_account":0.0665387364,"max_drawdown_abs":6.6538736400000005},{"key":"SOL/USDT:USDT","trades":2,"profit_mean":0.05798402492867992,"profit_mean_pct":5.8,"profit_sum":0.11596804985735984,"profit_sum_pct":11.6,"profit_total_abs":12.39380489,"profit_total":0.1239380489,"profit_total_pct":12.39,"duration_avg":"1 day, 12:30:00","wins":2,"draws":0,"losses":0,"winrate":1.0,"cagr":2.505373556375159,"expectancy":6.196902445,"expectancy_ratio":100.0,"sortino":-100,"sharpe":52.177029447128284,"calmar":-100,"sqn":46.4282,"profit_factor":0.0,"max_drawdown_account":0.0,"max_drawdown_abs":0.0},{"key":"SUI/USDT:USDT","trades":1,"profit_mean":-0.003029410045748816,"profit_mean_pct":-0.3,"profit_sum":-0.003029410045748816,"profit_sum_pct":-0.3,"profit_total_abs":-0.38345599,"profit_total":-0.0038345599000000003,"profit_total_pct":-0.38,"duration_avg":"6:15:00","wins":0,"draws":0,"losses":1,"winrate":0.0,"cagr":-0.04040528521354514,"expectancy":-0.38345599,"expectancy_ratio":-1.0,"sortino":-100,"sharpe":-100,"calmar":-56.19109757218447,"sqn":-100.0,"profit_factor":0.0,"max_drawdown_account":0.0038345599000000163,"max_drawdown_abs":0.38345599},{"key":"TOTAL","trades":26,"profit_mean":0.009990976616015165,"profit_mean_pct":1.0,"profit_sum":0.25976539201639426,"profit_sum_pct":25.98,"profit_total_abs":27.599141409999998,"profit_total":0.2759914141,"profit_total_pct":27.6,"duration_avg":"14:41:00","wins":13,"draws":0,"losses":13,"winrate":0.5,"cagr":12.686952202122344,"expectancy":1.0615054388461538,"expectancy_ratio":1.1636016356164234,"sortino":9.641558593295846,"sharpe":5.265851662652978,"calmar":233.07116001647324,"sqn":1.8022,"profit_factor":3.3272032712328463,"max_drawdown_account":0.0665387364,"max_drawdown_abs":6.6538736400000005}],"results_per_enter_tag":[{"key":"","trades":26,"profit_mean":0.009990976616015165,"profit_mean_pct":1.0,"profit_sum":0.25976539201639426,"profit_sum_pct":25.98,"profit_total_abs":27.599141409999998,"profit_total":0.2759914141,"profit_total_pct":27.6,"duration_avg":"14:41:00","wins":13,"draws":0,"losses":13,"winrate":0.5,"cagr":12.686952202122344,"expectancy":1.0615054388461538,"expectancy_ratio":1.1636016356164234,"sortino":9.641558593295846,"sharpe":5.265851662652978,"calmar":233.07116001647324,"sqn":1.8022,"profit_factor":3.3272032712328463,"max_drawdown_account":0.0665387364,"max_drawdown_abs":6.6538736400000005},{"key":"TOTAL","trades":26,"profit_mean":0.009990976616015165,"profit_mean_pct":1.0,"profit_sum":0.25976539201639426,"profit_sum_pct":25.98,"profit_total_abs":27.599141409999998,"profit_total":0.2759914141,"profit_total_pct":27.6,"duration_avg":"14:41:00","wins":13,"draws":0,"losses":13,"winrate":0.5,"cagr":12.686952202122344,"expectancy":1.0615054388461538,"expectancy_ratio":1.1636016356164234,"sortino":9.641558593295846,"sharpe":5.265851662652978,"calmar":233.07116001647324,"sqn":1.8022,"profit_factor":3.3272032712328463,"max_drawdown_account":0.0665387364,"max_drawdown_abs":6.6538736400000005}],"exit_reason_summary":[{"key":"exit_signal","trades":25,"profit_mean":0.010511792082485722,"profit_mean_pct":1.05,"profit_sum":0.26279480206214306,"profit_sum_pct":26.28,"profit_total_abs":27.9825974,"profit_total":0.279825974,"profit_total_pct":27.98,"duration_avg":"15:01:00","wins":13,"draws":0,"losses":12,"winrate":0.52,"cagr":13.135026927518124,"expectancy":1.119303896,"expectancy_ratio":1.1704216703617916,"sortino":9.434596324642307,"sharpe":5.260723278849551,"calmar":236.30939598464659,"sqn":1.8346,"profit_factor":3.438378479920399,"max_drawdown_account":0.0665387364,"max_drawdown_abs":6.6538736400000005},{"key":"force_exit","trades":1,"profit_mean":-0.003029410045748816,"profit_mean_pct":-0.3,"profit_sum":-0.003029410045748816,"profit_sum_pct":-0.3,"profit_total_abs":-0.38345599,"profit_total":-0.0038345599000000003,"profit_total_pct":-0.38,"duration_avg":"6:15:00","wins":0,"draws":0,"losses":1,"winrate":0.0,"cagr":-0.04040528521354514,"expectancy":-0.38345599,"expectancy_ratio":-1.0,"sortino":-100,"sharpe":-100,"calmar":-56.19109757218447,"sqn":-100.0,"profit_factor":0.0,"max_drawdown_account":0.0038345599000000163,"max_drawdown_abs":0.38345599},{"key":"TOTAL","trades":26,"profit_mean":0.009990976616015165,"profit_mean_pct":1.0,"profit_sum":0.25976539201639426,"profit_sum_pct":25.98,"profit_total_abs":27.599141409999998,"profit_total":0.2759914141,"profit_total_pct":27.6,"duration_avg":"14:41:00","wins":13,"draws":0,"losses":13,"winrate":0.5,"cagr":12.686952202122344,"expectancy":1.0615054388461538,"expectancy_ratio":1.1636016356164234,"sortino":9.641558593295846,"sharpe":5.265851662652978,"calmar":233.07116001647324,"sqn":1.8022,"profit_factor":3.3272032712328463,"max_drawdown_account":0.0665387364,"max_drawdown_abs":6.6538736400000005}],"mix_tag_stats":[{"key":["","exit_signal"],"trades":25,"profit_mean":0.010511792082485722,"profit_mean_pct":1.05,"profit_sum":0.26279480206214306,"profit_sum_pct":26.28,"profit_total_abs":27.9825974,"profit_total":0.279825974,"profit_total_pct":27.98,"duration_avg":"15:01:00","wins":13,"draws":0,"losses":12,"winrate":0.52,"cagr":13.135026927518124,"expectancy":1.119303896,"expectancy_ratio":1.1704216703617916,"sortino":9.434596324642307,"sharpe":5.260723278849551,"calmar":236.30939598464659,"sqn":1.8346,"profit_factor":3.438378479920399,"max_drawdown_account":0.0665387364,"max_drawdown_abs":6.6538736400000005},{"key":["","force_exit"],"trades":1,"profit_mean":-0.003029410045748816,"profit_mean_pct":-0.3,"profit_sum":-0.003029410045748816,"profit_sum_pct":-0.3,"profit_total_abs":-0.38345599,"profit_total":-0.0038345599000000003,"profit_total_pct":-0.38,"duration_avg":"6:15:00","wins":0,"draws":0,"losses":1,"winrate":0.0,"cagr":-0.04040528521354514,"expectancy":-0.38345599,"expectancy_ratio":-1.0,"sortino":-100,"sharpe":-100,"calmar":-56.19109757218447,"sqn":-100.0,"profit_factor":0.0,"max_drawdown_account":0.0038345599000000163,"max_drawdown_abs":0.38345599},{"key":"TOTAL","trades":26,"profit_mean":0.009990976616015165,"profit_mean_pct":1.0,"profit_sum":0.25976539201639426,"profit_sum_pct":25.98,"profit_total_abs":27.599141409999998,"profit_total":0.2759914141,"profit_total_pct":27.6,"duration_avg":"14:41:00","wins":13,"draws":0,"losses":13,"winrate":0.5,"cagr":12.686952202122344,"expectancy":1.0615054388461538,"expectancy_ratio":1.1636016356164234,"sortino":9.641558593295846,"sharpe":5.265851662652978,"calmar":233.07116001647324,"sqn":1.8022,"profit_factor":3.3272032712328463,"max_drawdown_account":0.0665387364,"max_drawdown_abs":6.6538736400000005}],"left_open_trades":[{"key":"SUI/USDT:USDT","trades":1,"profit_mean":-0.003029410045748816,"profit_mean_pct":-0.3,"profit_sum":-0.003029410045748816,"profit_sum_pct":-0.3,"profit_total_abs":-0.38345599,"profit_total":-0.0038345599000000003,"profit_total_pct":-0.38,"duration_avg":"6:15:00","wins":0,"draws":0,"losses":1,"winrate":0.0,"cagr":-0.04040528521354514,"expectancy":-0.38345599,"expectancy_ratio":-1.0,"sortino":-100,"sharpe":-100,"calmar":-56.19109757218447,"sqn":-100.0,"profit_factor":0.0,"max_drawdown_account":0.0038345599000000163,"max_drawdown_abs":0.38345599},{"key":"TOTAL","trades":1,"profit_mean":-0.003029410045748816,"profit_mean_pct":-0.3,"profit_sum":-0.003029410045748816,"profit_sum_pct":-0.3,"profit_total_abs":-0.38345599,"profit_total":-0.0038345599000000003,"profit_total_pct":-0.38,"duration_avg":"6:15:00","wins":0,"draws":0,"losses":1,"winrate":0.0,"cagr":-0.04040528521354514,"expectancy":-0.38345599,"expectancy_ratio":-1.0,"sortino":-100,"sharpe":-100,"calmar":-56.19109757218447,"sqn":-100.0,"profit_factor":0.0,"max_drawdown_account":0.0038345599000000163,"max_drawdown_abs":0.38345599}],"total_trades":26,"trade_count_long":26,"trade_count_short":0,"total_volume":5428.73769234,"avg_stake_amount":103.76041038461538,"profit_mean":0.009990976616015165,"profit_median":0.0013326659443574352,"profit_total":0.2759914141,"profit_total_long":0.2759914141,"profit_total_short":0.0,"profit_total_abs":27.599141409999998,"profit_total_long_abs":27.599141409999998,"profit_total_short_abs":0.0,"cagr":12.686952202122344,"expectancy":1.0615054388461538,"expectancy_ratio":1.1636016356164234,"sortino":9.641558593295846,"sharpe":5.265851662652978,"calmar":233.07116001647324,"sqn":1.8022,"profit_factor":3.3272032712328463,"backtest_start":"2025-05-16 00:00:00","backtest_start_ts":1747353600000,"backtest_end":"2025-06-19 14:00:00","backtest_end_ts":1750341600000,"backtest_days":34,"backtest_run_start_ts":1750342804,"backtest_run_end_ts":1750342804,"trades_per_day":0.76,"market_change":-0.1509253797912793,"pairlist":["SOL/USDT:USDT","ETH/USDT:USDT","SUI/USDT:USDT"],"stake_amount":"unlimited","stake_currency":"USDT","stake_currency_decimals":3,"starting_balance":100,"dry_run_wallet":100,"final_balance":127.59914141,"rejected_signals":124,"timedout_entry_orders":0,"timedout_exit_orders":0,"canceled_trade_entries":0,"canceled_entry_orders":0,"replaced_entry_orders":0,"max_open_trades":1,"max_open_trades_setting":1,"timeframe":"15m","timeframe_detail":"","timerange":"","enable_protections":false,"strategy_name":"GridBotSample","stoploss":-0.1,"trailing_stop":false,"trailing_stop_positive":null,"trailing_stop_positive_offset":0.0,"trailing_only_offset_is_reached":false,"use_custom_stoploss":false,"minimal_roi":{},"use_exit_signal":true,"exit_profit_only":false,"exit_profit_offset":0.0,"ignore_roi_if_entry_signal":false,"trading_mode":"futures","margin_mode":"isolated","periodic_breakdown":{"day":[{"date":"18/05/2025","date_ts":1747526400000,"profit_abs":-5.58235858,"wins":0,"draws":0,"losses":2,"trades":2,"profit_factor":0.0},{"date":"19/05/2025","date_ts":1747612800000,"profit_abs":-1.07151506,"wins":0,"draws":0,"losses":4,"trades":4,"profit_factor":0.0},{"date":"20/05/2025","date_ts":1747699200000,"profit_abs":0.0,"wins":0,"draws":0,"losses":0,"trades":0,"profit_factor":0.0},{"date":"21/05/2025","date_ts":1747785600000,"profit_abs":0.0,"wins":0,"draws":0,"losses":0,"trades":0,"profit_factor":0.0},{"date":"22/05/2025","date_ts":1747872000000,"profit_abs":7.36706697,"wins":1,"draws":0,"losses":0,"trades":1,"profit_factor":0.0},{"date":"23/05/2025","date_ts":1747958400000,"profit_abs":0.0,"wins":0,"draws":0,"losses":0,"trades":0,"profit_factor":0.0},{"date":"24/05/2025","date_ts":1748044800000,"profit_abs":0.0,"wins":0,"draws":0,"losses":0,"trades":0,"profit_factor":0.0},{"date":"25/05/2025","date_ts":1748131200000,"profit_abs":0.67425532,"wins":1,"draws":0,"losses":0,"trades":1,"profit_factor":0.0},{"date":"26/05/2025","date_ts":1748217600000,"profit_abs":0.0,"wins":0,"draws":0,"losses":0,"trades":0,"profit_factor":0.0},{"date":"27/05/2025","date_ts":1748304000000,"profit_abs":0.0,"wins":0,"draws":0,"losses":0,"trades":0,"profit_factor":0.0},{"date":"28/05/2025","date_ts":1748390400000,"profit_abs":0.0,"wins":0,"draws":0,"losses":0,"trades":0,"profit_factor":0.0},{"date":"29/05/2025","date_ts":1748476800000,"profit_abs":0.0,"wins":0,"draws":0,"losses":0,"trades":0,"profit_factor":0.0},{"date":"30/05/2025","date_ts":1748563200000,"profit_abs":0.0,"wins":0,"draws":0,"losses":0,"trades":0,"profit_factor":0.0},{"date":"31/05/2025","date_ts":1748649600000,"profit_abs":0.32135257,"wins":1,"draws":0,"losses":0,"trades":1,"profit_factor":0.0},{"date":"01/06/2025","date_ts":1748736000000,"profit_abs":0.2715536,"wins":1,"draws":0,"losses":0,"trades":1,"profit_factor":0.0},{"date":"02/06/2025","date_ts":1748822400000,"profit_abs":0.0,"wins":0,"draws":0,"losses":0,"trades":0,"profit_factor":0.0},{"date":"03/06/2025","date_ts":1748908800000,"profit_abs":4.21564392,"wins":1,"draws":0,"losses":0,"trades":1,"profit_factor":0.0},{"date":"04/06/2025","date_ts":1748995200000,"profit_abs":0.0,"wins":0,"draws":0,"losses":0,"trades":0,"profit_factor":0.0},{"date":"05/06/2025","date_ts":1749081600000,"profit_abs":-4.53015355,"wins":0,"draws":0,"losses":1,"trades":1,"profit_factor":0.0},{"date":"06/06/2025","date_ts":1749168000000,"profit_abs":6.06342963,"wins":1,"draws":0,"losses":0,"trades":1,"profit_factor":0.0},{"date":"07/06/2025","date_ts":1749254400000,"profit_abs":1.48636161,"wins":2,"draws":0,"losses":1,"trades":3,"profit_factor":333.94691841},{"date":"08/06/2025","date_ts":1749340800000,"profit_abs":0.55255912,"wins":1,"draws":0,"losses":4,"trades":5,"profit_factor":2.92252941},{"date":"09/06/2025","date_ts":1749427200000,"profit_abs":5.34928864,"wins":1,"draws":0,"losses":0,"trades":1,"profit_factor":0.0},{"date":"10/06/2025","date_ts":1749513600000,"profit_abs":0.0,"wins":0,"draws":0,"losses":0,"trades":0,"profit_factor":0.0},{"date":"11/06/2025","date_ts":1749600000000,"profit_abs":0.0,"wins":0,"draws":0,"losses":0,"trades":0,"profit_factor":0.0},{"date":"12/06/2025","date_ts":1749686400000,"profit_abs":0.0,"wins":0,"draws":0,"losses":0,"trades":0,"profit_factor":0.0},{"date":"13/06/2025","date_ts":1749772800000,"profit_abs":0.0,"wins":0,"draws":0,"losses":0,"trades":0,"profit_factor":0.0},{"date":"14/06/2025","date_ts":1749859200000,"profit_abs":0.0,"wins":0,"draws":0,"losses":0,"trades":0,"profit_factor":0.0},{"date":"15/06/2025","date_ts":1749945600000,"profit_abs":6.33037526,"wins":1,"draws":0,"losses":0,"trades":1,"profit_factor":0.0},{"date":"16/06/2025","date_ts":1750032000000,"profit_abs":5.37224338,"wins":1,"draws":0,"losses":0,"trades":1,"profit_factor":0.0},{"date":"17/06/2025","date_ts":1750118400000,"profit_abs":0.0,"wins":0,"draws":0,"losses":0,"trades":0,"profit_factor":0.0},{"date":"18/06/2025","date_ts":1750204800000,"profit_abs":0.0,"wins":0,"draws":0,"losses":0,"trades":0,"profit_factor":0.0},{"date":"19/06/2025","date_ts":1750291200000,"profit_abs":0.77903858,"wins":1,"draws":0,"losses":1,"trades":2,"profit_factor":3.03162449}],"week":[{"date":"19/05/2025","date_ts":1747612800000,"profit_abs":-6.65387364,"wins":0,"draws":0,"losses":6,"trades":6,"profit_factor":0.0},{"date":"26/05/2025","date_ts":1748217600000,"profit_abs":8.04132229,"wins":2,"draws":0,"losses":0,"trades":2,"profit_factor":0.0},{"date":"02/06/2025","date_ts":1748822400000,"profit_abs":0.59290617,"wins":2,"draws":0,"losses":0,"trades":2,"profit_factor":0.0},{"date":"09/06/2025","date_ts":1749427200000,"profit_abs":13.13712937,"wins":6,"draws":0,"losses":6,"trades":12,"profit_factor":3.72439789},{"date":"16/06/2025","date_ts":1750032000000,"profit_abs":11.70261864,"wins":2,"draws":0,"losses":0,"trades":2,"profit_factor":0.0},{"date":"23/06/2025","date_ts":1750636800000,"profit_abs":0.77903858,"wins":1,"draws":0,"losses":1,"trades":2,"profit_factor":3.03162449}],"month":[{"date":"31/05/2025","date_ts":1748649600000,"profit_abs":1.70880122,"wins":3,"draws":0,"losses":6,"trades":9,"profit_factor":1.256813},{"date":"30/06/2025","date_ts":1751241600000,"profit_abs":25.89034019,"wins":10,"draws":0,"losses":7,"trades":17,"profit_factor":5.97366401}],"year":[{"date":"31/12/2025","date_ts":1767139200000,"profit_abs":27.59914141,"wins":13,"draws":0,"losses":13,"trades":26,"profit_factor":3.32720327}]},"backtest_best_day":0.08182421989484998,"backtest_worst_day":-0.05748537466348527,"backtest_best_day_abs":7.36706697,"backtest_worst_day_abs":-5.58235858,"winning_days":12,"draw_days":18,"losing_days":3,"daily_profit":[["2025-05-18",-5.58235858],["2025-05-19",-1.07151506],["2025-05-20",0.0],["2025-05-21",0.0],["2025-05-22",7.36706697],["2025-05-23",0.0],["2025-05-24",0.0],["2025-05-25",0.67425532],["2025-05-26",0.0],["2025-05-27",0.0],["2025-05-28",0.0],["2025-05-29",0.0],["2025-05-30",0.0],["2025-05-31",0.32135257],["2025-06-01",0.2715536],["2025-06-02",0.0],["2025-06-03",4.21564392],["2025-06-04",0.0],["2025-06-05",-4.53015355],["2025-06-06",6.06342963],["2025-06-07",1.48636161],["2025-06-08",0.55255912],["2025-06-09",5.34928864],["2025-06-10",0.0],["2025-06-11",0.0],["2025-06-12",0.0],["2025-06-13",0.0],["2025-06-14",0.0],["2025-06-15",6.33037526],["2025-06-16",5.37224338],["2025-06-17",0.0],["2025-06-18",0.0],["2025-06-19",0.77903858]],"wins":13,"losses":13,"draws":0,"winrate":0.5,"holding_avg":"14:41:00","holding_avg_s":52860.0,"winner_holding_min":"0d 03:45","winner_holding_min_s":13500.0,"winner_holding_max":"2d 14:00","winner_holding_max_s":223200.0,"winner_holding_avg":"1d 00:59","winner_holding_avg_s":89940.0,"loser_holding_min":"0d 00:15","loser_holding_min_s":900.0,"loser_holding_max":"1d 04:00","loser_holding_max_s":100800.0,"loser_holding_avg":"0d 04:23","loser_holding_avg_s":15780.0,"max_consecutive_wins":5,"max_consecutive_losses":6,"max_drawdown_account":0.0665387364,"max_relative_drawdown":0.0665387364,"max_drawdown_abs":6.6538736400000005,"drawdown_start":"2025-05-18 04:30:00","drawdown_start_ts":1747542600000.0,"drawdown_end":"2025-05-19 12:15:00","drawdown_end_ts":1747656900000.0,"max_drawdown_low":-6.6538736400000005,"max_drawdown_high":-0.80901205,"csum_min":93.34612636,"csum_max":127.9825974}},"strategy_comparison":[{"key":"GridBotSample","trades":26,"profit_mean":0.009990976616015165,"profit_mean_pct":1.0,"profit_sum":0.25976539201639426,"profit_sum_pct":25.98,"profit_total_abs":27.599141409999998,"profit_total":0.2759914141,"profit_total_pct":27.6,"duration_avg":"14:41:00","wins":13,"draws":0,"losses":13,"winrate":0.5,"cagr":12.686952202122344,"expectancy":1.0615054388461538,"expectancy_ratio":1.1636016356164234,"sortino":9.641558593295846,"sharpe":5.265851662652978,"calmar":233.07116001647324,"sqn":1.8022,"profit_factor":3.3272032712328463,"max_drawdown_account":0.0665387364,"max_drawdown_abs":"6.654"}]}