{"strategy":{"GridBotSample":{"trades":[{"pair":"ETH/USDT:USDT","stake_amount":989.70696,"max_stake_amount":989.70696,"amount":0.396,"open_date":"2025-05-17 00:30:00+00:00","close_date":"2025-05-18 04:30:00+00:00","open_rate":2499.26,"close_rate":2481.15,"fee_open":0.0005,"fee_close":0.0005,"trade_duration":1680,"profit_ratio":-0.008295868335294578,"profit_abs":-8.21458387,"exit_reason":"exit_signal","initial_stop_loss_abs":2249.34,"initial_stop_loss_ratio":-0.1,"stop_loss_abs":2249.34,"stop_loss_ratio":-0.1,"min_rate":2442.65,"max_rate":2512.33,"is_open":false,"enter_tag":"","leverage":1.0,"is_short":false,"open_timestamp":1747441800000,"close_timestamp":1747542600000,"orders":[{"amount":0.396,"safe_price":2499.26,"ft_order_side":"buy","order_filled_timestamp":1747441800000,"ft_is_entry":true,"ft_order_tag":"","cost":990.20181348},{"amount":0.396,"safe_price":2481.15,"ft_order_side":"sell","order_filled_timestamp":1747542600000,"ft_is_entry":false,"ft_order_tag":"exit_signal","cost":983.0266677000001}],"funding_fees":-0.05690268634406044},{"pair":"ETH/USDT:USDT","stake_amount":979.86224,"max_stake_amount":979.86224,"amount":0.394,"open_date":"2025-05-18 04:45:00+00:00","close_date":"2025-05-18 20:15:00+00:00","open_rate":2486.96,"close_rate":2367.12,"fee_open":0.0005,"fee_close":0.0005,"trade_duration":930,"profit_ratio":-0.04918950629232326,"profit_abs":-48.22303929,"exit_reason":"exit_signal","initial_stop_loss_abs":2238.27,"initial_stop_loss_ratio":-0.1,"stop_loss_abs":2238.27,"stop_loss_ratio":-0.1,"min_rate":2312.62,"max_rate":2587.52,"is_open":false,"enter_tag":"","leverage":1.0,"is_short":false,"open_timestamp":1747543500000,"close_timestamp":1747599300000,"orders":[{"amount":0.394,"safe_price":2486.96,"ft_order_side":"buy","order_filled_timestamp":1747543500000,"ft_is_entry":true,"ft_order_tag":"","cost":980.35217112},{"amount":0.394,"safe_price":2367.12,"ft_order_side":"sell","order_filled_timestamp":1747599300000,"ft_is_entry":false,"ft_order_tag":"exit_signal","cost":933.1116026399999}],"funding_fees":-0.04982552831447587},{"pair":"ETH/USDT:USDT","stake_amount":934.11388,"max_stake_amount":934.11388,"amount":0.388,"open_date":"2025-05-19 07:45:00+00:00","close_date":"2025-05-19 08:00:00+00:00","open_rate":2407.51,"close_rate":2402.53,"fee_open":0.0005,"fee_close":0.0005,"trade_duration":15,"profit_ratio":-0.0031311046527240116,"profit_abs":-2.92627072,"exit_reason":"exit_signal","initial_stop_loss_abs":2166.76,"initial_stop_loss_ratio":-0.1,"stop_loss_abs":2166.76,"stop_loss_ratio":-0.1,"min_rate":2389.0,"max_rate":2409.24,"is_open":false,"enter_tag":"","leverage":1.0,"is_short":false,"open_timestamp":1747640700000,"close_timestamp":1747641600000,"orders":[{"amount":0.388,"safe_price":2407.51,"ft_order_side":"buy","order_filled_timestamp":1747640700000,"ft_is_entry":true,"ft_order_tag":"","cost":934.58093694},{"amount":0.388,"safe_price":2402.53,"ft_order_side":"sell","order_filled_timestamp":1747641600000,"ft_is_entry":false,"ft_order_tag":"exit_signal","cost":932.6477308200001}],"funding_fees":-0.06088295608295731},{"pair":"ETH/USDT:USDT","stake_amount":929.5845,"max_stake_amount":929.5845,"amount":0.386,"open_date":"2025-05-19 08:15:00+00:00","close_date":"2025-05-19 08:30:00+00:00","open_rate":2408.25,"close_rate":2404.79,"fee_open":0.0005,"fee_close":0.0005,"trade_duration":15,"profit_ratio":-0.0024347921544262646,"profit_abs":-2.26447672,"exit_reason":"exit_signal","initial_stop_loss_abs":2167.43,"initial_stop_loss_ratio":-0.1,"stop_loss_abs":2167.43,"stop_loss_ratio":-0.1,"min_rate":2393.45,"max_rate":2422.11,"is_open":false,"enter_tag":"","leverage":1.0,"is_short":false,"open_timestamp":1747642500000,"close_timestamp":1747643400000,"orders":[{"amount":0.386,"safe_price":2408.25,"ft_order_side":"buy","order_filled_timestamp":1747642500000,"ft_is_entry":true,"ft_order_tag":"","cost":930.04929225},{"amount":0.386,"safe_price":2404.79,"ft_order_side":"sell","order_filled_timestamp":1747643400000,"ft_is_entry":false,"ft_order_tag":"exit_signal","cost":928.7130644700001}],"funding_fees":0.0},{"pair":"ETH/USDT:USDT","stake_amount":926.5872,"max_stake_amount":926.5872,"amount":0.385,"open_date":"2025-05-19 09:30:00+00:00","close_date":"2025-05-19 10:00:00+00:00","open_rate":2406.72,"close_rate":2404.24,"fee_open":0.0005,"fee_close":0.0005,"trade_duration":30,"profit_ratio":-0.002028918395475843,"profit_abs":-1.8809098,"exit_reason":"exit_signal","initial_stop_loss_abs":2166.05,"initial_stop_loss_ratio":-0.1,"stop_loss_abs":2166.05,"stop_loss_ratio":-0.1,"min_rate":2392.0,"max_rate":2414.64,"is_open":false,"enter_tag":"","leverage":1.0,"is_short":false,"open_timestamp":1747647000000,"close_timestamp":1747648800000,"orders":[{"amount":0.385,"safe_price":2406.72,"ft_order_side":"buy","order_filled_timestamp":1747647000000,"ft_is_entry":true,"ft_order_tag":"","cost":927.0504935999999},{"amount":0.385,"safe_price":2404.24,"ft_order_side":"sell","order_filled_timestamp":1747648800000,"ft_is_entry":false,"ft_order_tag":"exit_signal","cost":926.0952161999999}],"funding_fees":0.0},{"pair":"ETH/USDT:USDT","stake_amount":926.9183,"max_stake_amount":926.9183,"amount":0.385,"open_date":"2025-05-19 10:30:00+00:00","close_date":"2025-05-19 12:15:00+00:00","open_rate":2407.58,"close_rate":2400.08,"fee_open":0.0005,"fee_close":0.0005,"trade_duration":105,"profit_ratio":-0.004111547927678474,"profit_abs":-3.81297455,"exit_reason":"exit_signal","initial_stop_loss_abs":2166.83,"initial_stop_loss_ratio":-0.1,"stop_loss_abs":2166.83,"stop_loss_ratio":-0.1,"min_rate":2391.02,"max_rate":2420.88,"is_open":false,"enter_tag":"","leverage":1.0,"is_short":false,"open_timestamp":1747650600000,"close_timestamp":1747656900000,"orders":[{"amount":0.385,"safe_price":2407.58,"ft_order_side":"buy","order_filled_timestamp":1747650600000,"ft_is_entry":true,"ft_order_tag":"","cost":927.38175915},{"amount":0.385,"safe_price":2400.08,"ft_order_side":"sell","order_filled_timestamp":1747656900000,"ft_is_entry":false,"ft_order_tag":"exit_signal","cost":924.4928153999999}],"funding_fees":0.0},{"pair":"ETH/USDT:USDT","stake_amount":921.79243,"max_stake_amount":921.79243,"amount":0.379,"open_date":"2025-05-19 13:45:00+00:00","close_date":"2025-05-22 03:45:00+00:00","open_rate":2432.17,"close_rate":2634.82,"fee_open":0.0005,"fee_close":0.0005,"trade_duration":3720,"profit_ratio":0.08182421986994036,"profit_abs":75.46265894,"exit_reason":"exit_signal","initial_stop_loss_abs":2188.96,"initial_stop_loss_ratio":-0.1,"stop_loss_abs":2188.96,"stop_loss_ratio":-0.1,"min_rate":2416.4,"max_rate":2647.25,"is_open":false,"enter_tag":"","leverage":1.0,"is_short":false,"open_timestamp":1747662300000,"close_timestamp":1747885500000,"orders":[{"amount":0.379,"safe_price":2432.17,"ft_order_side":"buy","order_filled_timestamp":1747662300000,"ft_is_entry":true,"ft_order_tag":"","cost":922.253326215},{"amount":0.379,"safe_price":2634.82,"ft_order_side":"sell","order_filled_timestamp":1747885500000,"ft_is_entry":false,"ft_order_tag":"exit_signal","cost":999.09607839}],"funding_fees":-0.3814964584895368},{"pair":"ETH/USDT:USDT","stake_amount":997.916,"max_stake_amount":997.916,"amount":0.4,"open_date":"2025-05-25 00:45:00+00:00","close_date":"2025-05-25 19:00:00+00:00","open_rate":2494.79,"close_rate":2514.89,"fee_open":0.0005,"fee_close":0.0005,"trade_duration":1095,"profit_ratio":0.006926417873238634,"profit_abs":6.91543921,"exit_reason":"exit_signal","initial_stop_loss_abs":2245.32,"initial_stop_loss_ratio":-0.1,"stop_loss_abs":2245.32,"stop_loss_ratio":-0.1,"min_rate":2457.6,"max_rate":2524.99,"is_open":false,"enter_tag":"","leverage":1.0,"is_short":false,"open_timestamp":1748133900000,"close_timestamp":1748199600000,"orders":[{"amount":0.4,"safe_price":2494.79,"ft_order_side":"buy","order_filled_timestamp":1748133900000,"ft_is_entry":true,"ft_order_tag":"","cost":998.414958},{"amount":0.4,"safe_price":2514.89,"ft_order_side":"sell","order_filled_timestamp":1748199600000,"ft_is_entry":false,"ft_order_tag":"exit_signal","cost":1006.458978}],"funding_fees":-0.12262478556},{"pair":"ETH/USDT:USDT","stake_amount":1003.14,"max_stake_amount":1003.14,"amount":0.4,"open_date":"2025-05-31 01:30:00+00:00","close_date":"2025-05-31 12:00:00+00:00","open_rate":2507.85,"close_rate":2518.6,"fee_open":0.0005,"fee_close":0.0005,"trade_duration":630,"profit_ratio":0.003201865861335337,"profit_abs":3.21352568,"exit_reason":"exit_signal","initial_stop_loss_abs":2257.07,"initial_stop_loss_ratio":-0.1,"stop_loss_abs":2257.07,"stop_loss_ratio":-0.1,"min_rate":2474.0,"max_rate":2537.97,"is_open":false,"enter_tag":"","leverage":1.0,"is_short":false,"open_timestamp":1748655000000,"close_timestamp":1748692800000,"orders":[{"amount":0.4,"safe_price":2507.85,"ft_order_side":"buy","order_filled_timestamp":1748655000000,"ft_is_entry":true,"ft_order_tag":"","cost":1003.6415699999999},{"amount":0.4,"safe_price":2518.6,"ft_order_side":"sell","order_filled_timestamp":1748692800000,"ft_is_entry":false,"ft_order_tag":"exit_signal","cost":1007.94372}],"funding_fees":-0.08118432},{"pair":"ETH/USDT:USDT","stake_amount":1007.61702,"max_stake_amount":1007.61702,"amount":0.402,"open_date":"2025-06-01 02:00:00+00:00","close_date":"2025-06-01 05:45:00+00:00","open_rate":2506.51,"close_rate":2515.81,"fee_open":0.0005,"fee_close":0.0005,"trade_duration":225,"profit_ratio":0.0027071295452090033,"profit_abs":2.72911368,"exit_reason":"exit_signal","initial_stop_loss_abs":2255.86,"initial_stop_loss_ratio":-0.1,"stop_loss_abs":2255.86,"stop_loss_ratio":-0.1,"min_rate":2491.03,"max_rate":2526.46,"is_open":false,"enter_tag":"","leverage":1.0,"is_short":false,"open_timestamp":1748743200000,"close_timestamp":1748756700000,"orders":[{"amount":0.402,"safe_price":2506.51,"ft_order_side":"buy","order_filled_timestamp":1748743200000,"ft_is_entry":true,"ft_order_tag":"","cost":1008.1208285100001},{"amount":0.402,"safe_price":2515.81,"ft_order_side":"sell","order_filled_timestamp":1748756700000,"ft_is_entry":false,"ft_order_tag":"exit_signal","cost":1011.86129781}],"funding_fees":0.0},{"pair":"ETH/USDT:USDT","stake_amount":1009.89234,"max_stake_amount":1009.89234,"amount":0.402,"open_date":"2025-06-01 06:30:00+00:00","close_date":"2025-06-03 01:00:00+00:00","open_rate":2512.17,"close_rate":2620.79,"fee_open":0.0005,"fee_close":0.0005,"trade_duration":2550,"profit_ratio":0.04193125014279946,"profit_abs":42.36722135,"exit_reason":"exit_signal","initial_stop_loss_abs":2260.96,"initial_stop_loss_ratio":-0.1,"stop_loss_abs":2260.96,"stop_loss_ratio":-0.1,"min_rate":2465.0,"max_rate":2626.96,"is_open":false,"enter_tag":"","leverage":1.0,"is_short":false,"open_timestamp":1748759400000,"close_timestamp":1748912400000,"orders":[{"amount":0.402,"safe_price":2512.17,"ft_order_side":"buy","order_filled_timestamp":1748759400000,"ft_is_entry":true,"ft_order_tag":"","cost":1010.39728617},{"amount":0.402,"safe_price":2620.79,"ft_order_side":"sell","order_filled_timestamp":1748912400000,"ft_is_entry":false,"ft_order_tag":"exit_signal","cost":1054.0843587900001}],"funding_fees":-0.2662936903123035},{"pair":"ETH/USDT:USDT","stake_amount":1052.3394,"max_stake_amount":1052.3394,"amount":0.42,"open_date":"2025-06-05 20:15:00+00:00","close_date":"2025-06-05 21:00:00+00:00","open_rate":2505.57,"close_rate":2397.53,"fee_open":0.0005,"fee_close":0.0005,"trade_duration":45,"profit_ratio":-0.04407633066890287,"profit_abs":-46.406451,"exit_reason":"exit_signal","initial_stop_loss_abs":2255.02,"initial_stop_loss_ratio":-0.1,"stop_loss_abs":2255.02,"stop_loss_ratio":-0.1,"min_rate":2390.0,"max_rate":2506.53,"is_open":false,"enter_tag":"","leverage":1.0,"is_short":false,"open_timestamp":1749154500000,"close_timestamp":1749157200000,"orders":[{"amount":0.42,"safe_price":2505.57,"ft_order_side":"buy","order_filled_timestamp":1749154500000,"ft_is_entry":true,"ft_order_tag":"","cost":1052.8655697},{"amount":0.42,"safe_price":2397.53,"ft_order_side":"sell","order_filled_timestamp":1749157200000,"ft_is_entry":false,"ft_order_tag":"exit_signal","cost":1007.4660813}],"funding_fees":0.0},{"pair":"ETH/USDT:USDT","stake_amount":1005.00135,"max_stake_amount":1005.00135,"amount":0.415,"open_date":"2025-06-06 01:30:00+00:00","close_date":"2025-06-06 02:30:00+00:00","open_rate":2421.69,"close_rate":2405.91,"fee_open":0.0005,"fee_close":0.0005,"trade_duration":60,"profit_ratio":-0.007509098045652793,"profit_abs":-7.550427,"exit_reason":"exit_signal","initial_stop_loss_abs":2179.53,"initial_stop_loss_ratio":-0.1,"stop_loss_abs":2179.53,"stop_loss_ratio":-0.1,"min_rate":2402.04,"max_rate":2427.89,"is_open":false,"enter_tag":"","leverage":1.0,"is_short":false,"open_timestamp":1749173400000,"close_timestamp":1749177000000,"orders":[{"amount":0.415,"safe_price":2421.69,"ft_order_side":"buy","order_filled_timestamp":1749173400000,"ft_is_entry":true,"ft_order_tag":"","cost":1005.503850675},{"amount":0.415,"safe_price":2405.91,"ft_order_side":"sell","order_filled_timestamp":1749177000000,"ft_is_entry":false,"ft_order_tag":"exit_signal","cost":998.9518763249998}],"funding_fees":0.0},{"pair":"ETH/USDT:USDT","stake_amount":998.21687,"max_stake_amount":998.21687,"amount":0.413,"open_date":"2025-06-06 02:45:00+00:00","close_date":"2025-06-07 08:45:00+00:00","open_rate":2416.99,"close_rate":2485.35,"fee_open":0.0005,"fee_close":0.0005,"trade_duration":1800,"profit_ratio":0.027055445735775424,"profit_abs":27.02070596,"exit_reason":"exit_signal","initial_stop_loss_abs":2175.3,"initial_stop_loss_ratio":-0.1,"stop_loss_abs":2175.3,"stop_loss_ratio":-0.1,"min_rate":2413.29,"max_rate":2529.67,"is_open":false,"enter_tag":"","leverage":1.0,"is_short":false,"open_timestamp":1749177900000,"close_timestamp":1749285900000,"orders":[{"amount":0.413,"safe_price":2416.99,"ft_order_side":"buy","order_filled_timestamp":1749177900000,"ft_is_entry":true,"ft_order_tag":"","cost":998.7159784349998},{"amount":0.413,"safe_price":2485.35,"ft_order_side":"sell","order_filled_timestamp":1749285900000,"ft_is_entry":false,"ft_order_tag":"exit_signal","cost":1026.9627747749998}],"funding_fees":-0.19964083207232175},{"pair":"ETH/USDT:USDT","stake_amount":1025.32619,"max_stake_amount":1025.32619,"amount":0.413,"open_date":"2025-06-07 09:00:00+00:00","close_date":"2025-06-07 10:00:00+00:00","open_rate":2482.63,"close_rate":2485.01,"fee_open":0.0005,"fee_close":0.0005,"trade_duration":60,"profit_ratio":-4.1797656494132825e-05,"profit_abs":-0.04287766,"exit_reason":"exit_signal","initial_stop_loss_abs":2234.37,"initial_stop_loss_ratio":-0.1,"stop_loss_abs":2234.37,"stop_loss_ratio":-0.1,"min_rate":2481.91,"max_rate":2489.36,"is_open":false,"enter_tag":"","leverage":1.0,"is_short":false,"open_timestamp":1749286800000,"close_timestamp":1749290400000,"orders":[{"amount":0.413,"safe_price":2482.63,"ft_order_side":"buy","order_filled_timestamp":1749286800000,"ft_is_entry":true,"ft_order_tag":"","cost":1025.8388530949999},{"amount":0.413,"safe_price":2485.01,"ft_order_side":"sell","order_filled_timestamp":1749290400000,"ft_is_entry":false,"ft_order_tag":"exit_signal","cost":1026.822284565}],"funding_fees":0.0},{"pair":"ETH/USDT:USDT","stake_amount":1025.28672,"max_stake_amount":1025.28672,"amount":0.412,"open_date":"2025-06-07 10:15:00+00:00","close_date":"2025-06-07 20:00:00+00:00","open_rate":2488.56,"close_rate":2515.78,"fee_open":0.0005,"fee_close":0.0005,"trade_duration":585,"profit_ratio":0.009859303906051121,"profit_abs":10.11366767,"exit_reason":"exit_signal","initial_stop_loss_abs":2239.71,"initial_stop_loss_ratio":-0.1,"stop_loss_abs":2239.71,"stop_loss_ratio":-0.1,"min_rate":2487.11,"max_rate":2524.9,"is_open":false,"enter_tag":"","leverage":1.0,"is_short":false,"open_timestamp":1749291300000,"close_timestamp":1749326400000,"orders":[{"amount":0.412,"safe_price":2488.56,"ft_order_side":"buy","order_filled_timestamp":1749291300000,"ft_is_entry":true,"ft_order_tag":"","cost":1025.7993633599997},{"amount":0.412,"safe_price":2515.78,"ft_order_side":"sell","order_filled_timestamp":1749326400000,"ft_is_entry":false,"ft_order_tag":"exit_signal","cost":1037.01961068}],"funding_fees":-0.07007829284698329},{"pair":"ETH/USDT:USDT","stake_amount":1034.9646,"max_stake_amount":1034.9646,"amount":0.412,"open_date":"2025-06-08 01:30:00+00:00","close_date":"2025-06-08 02:30:00+00:00","open_rate":2512.05,"close_rate":2512.84,"fee_open":0.0005,"fee_close":0.0005,"trade_duration":60,"profit_ratio":-0.0006853303906753655,"profit_abs":-0.70964734,"exit_reason":"exit_signal","initial_stop_loss_abs":2260.85,"initial_stop_loss_ratio":-0.1,"stop_loss_abs":2260.85,"stop_loss_ratio":-0.1,"min_rate":2510.72,"max_rate":2520.53,"is_open":false,"enter_tag":"","leverage":1.0,"is_short":false,"open_timestamp":1749346200000,"close_timestamp":1749349800000,"orders":[{"amount":0.412,"safe_price":2512.05,"ft_order_side":"buy","order_filled_timestamp":1749346200000,"ft_is_entry":true,"ft_order_tag":"","cost":1035.4820823},{"amount":0.412,"safe_price":2512.84,"ft_order_side":"sell","order_filled_timestamp":1749349800000,"ft_is_entry":false,"ft_order_tag":"exit_signal","cost":1035.80772504}],"funding_fees":0.0},{"pair":"ETH/USDT:USDT","stake_amount":1034.56908,"max_stake_amount":1034.56908,"amount":0.412,"open_date":"2025-06-08 03:00:00+00:00","close_date":"2025-06-08 03:30:00+00:00","open_rate":2511.09,"close_rate":2509.63,"fee_open":0.0005,"fee_close":0.0005,"trade_duration":30,"profit_ratio":-0.0015803399368775923,"profit_abs":-1.63578832,"exit_reason":"exit_signal","initial_stop_loss_abs":2259.99,"initial_stop_loss_ratio":-0.1,"stop_loss_abs":2259.99,"stop_loss_ratio":-0.1,"min_rate":2507.25,"max_rate":2513.9,"is_open":false,"enter_tag":"","leverage":1.0,"is_short":false,"open_timestamp":1749351600000,"close_timestamp":1749353400000,"orders":[{"amount":0.412,"safe_price":2511.09,"ft_order_side":"buy","order_filled_timestamp":1749351600000,"ft_is_entry":true,"ft_order_tag":"","cost":1035.08636454},{"amount":0.412,"safe_price":2509.63,"ft_order_side":"sell","order_filled_timestamp":1749353400000,"ft_is_entry":false,"ft_order_tag":"exit_signal","cost":1034.48454378}],"funding_fees":0.0},{"pair":"ETH/USDT:USDT","stake_amount":1033.43196,"max_stake_amount":1033.43196,"amount":0.412,"open_date":"2025-06-08 04:15:00+00:00","close_date":"2025-06-08 04:30:00+00:00","open_rate":2508.33,"close_rate":2510.66,"fee_open":0.0005,"fee_close":0.0005,"trade_duration":15,"profit_ratio":-7.152380163348695e-05,"profit_abs":-0.07395194,"exit_reason":"exit_signal","initial_stop_loss_abs":2257.5,"initial_stop_loss_ratio":-0.1,"stop_loss_abs":2257.5,"stop_loss_ratio":-0.1,"min_rate":2507.96,"max_rate":2517.55,"is_open":false,"enter_tag":"","leverage":1.0,"is_short":false,"open_timestamp":1749356100000,"close_timestamp":1749357000000,"orders":[{"amount":0.412,"safe_price":2508.33,"ft_order_side":"buy","order_filled_timestamp":1749356100000,"ft_is_entry":true,"ft_order_tag":"","cost":1033.9486759799997},{"amount":0.412,"safe_price":2510.66,"ft_order_side":"sell","order_filled_timestamp":1749357000000,"ft_is_entry":false,"ft_order_tag":"exit_signal","cost":1034.9091159599998}],"funding_fees":0.0},{"pair":"ETH/USDT:USDT","stake_amount":1031.6922,"max_stake_amount":1031.6922,"amount":0.411,"open_date":"2025-06-08 05:15:00+00:00","close_date":"2025-06-08 06:15:00+00:00","open_rate":2510.2,"close_rate":2511.88,"fee_open":0.0005,"fee_close":0.0005,"trade_duration":60,"profit_ratio":-0.0003308998038627089,"profit_abs":-0.34155744,"exit_reason":"exit_signal","initial_stop_loss_abs":2259.18,"initial_stop_loss_ratio":-0.1,"stop_loss_abs":2259.18,"stop_loss_ratio":-0.1,"min_rate":2507.69,"max_rate":2515.88,"is_open":false,"enter_tag":"","leverage":1.0,"is_short":false,"open_timestamp":1749359700000,"close_timestamp":1749363300000,"orders":[{"amount":0.411,"safe_price":2510.2,"ft_order_side":"buy","order_filled_timestamp":1749359700000,"ft_is_entry":true,"ft_order_tag":"","cost":1032.2080460999998},{"amount":0.411,"safe_price":2511.88,"ft_order_side":"sell","order_filled_timestamp":1749363300000,"ft_is_entry":false,"ft_order_tag":"exit_signal","cost":1032.89887134}],"funding_fees":0.0},{"pair":"ETH/USDT:USDT","stake_amount":1032.16485,"max_stake_amount":1032.16485,"amount":0.411,"open_date":"2025-06-08 09:15:00+00:00","close_date":"2025-06-08 20:30:00+00:00","open_rate":2511.35,"close_rate":2533.99,"fee_open":0.0005,"fee_close":0.0005,"trade_duration":675,"profit_ratio":0.007959595923493988,"profit_abs":8.21972294,"exit_reason":"exit_signal","initial_stop_loss_abs":2260.22,"initial_stop_loss_ratio":-0.1,"stop_loss_abs":2260.22,"stop_loss_ratio":-0.1,"min_rate":2483.28,"max_rate":2539.68,"is_open":false,"enter_tag":"","leverage":1.0,"is_short":false,"open_timestamp":1749374100000,"close_timestamp":1749414600000,"orders":[{"amount":0.411,"safe_price":2511.35,"ft_order_side":"buy","order_filled_timestamp":1749374100000,"ft_is_entry":true,"ft_order_tag":"","cost":1032.6809324249998},{"amount":0.411,"safe_price":2533.99,"ft_order_side":"sell","order_filled_timestamp":1749414600000,"ft_is_entry":false,"ft_order_tag":"exit_signal","cost":1041.9906249449998}],"funding_fees":-0.048499694812243595},{"pair":"ETH/USDT:USDT","stake_amount":1039.74444,"max_stake_amount":1039.74444,"amount":0.414,"open_date":"2025-06-08 22:45:00+00:00","close_date":"2025-06-09 21:30:00+00:00","open_rate":2511.46,"close_rate":2638.76,"fee_open":0.0005,"fee_close":0.0005,"trade_duration":1365,"profit_ratio":0.04950900730227879,"profit_abs":51.50245343,"exit_reason":"exit_signal","initial_stop_loss_abs":2260.32,"initial_stop_loss_ratio":-0.1,"stop_loss_abs":2260.32,"stop_loss_ratio":-0.1,"min_rate":2475.83,"max_rate":2639.88,"is_open":false,"enter_tag":"","leverage":1.0,"is_short":false,"open_timestamp":1749422700000,"close_timestamp":1749504600000,"orders":[{"amount":0.414,"safe_price":2511.46,"ft_order_side":"buy","order_filled_timestamp":1749422700000,"ft_is_entry":true,"ft_order_tag":"","cost":1040.26431222},{"amount":0.414,"safe_price":2638.76,"ft_order_side":"sell","order_filled_timestamp":1749504600000,"ft_is_entry":false,"ft_order_tag":"exit_signal","cost":1092.99286332}],"funding_fees":-0.13365103387550017},{"pair":"ETH/USDT:USDT","stake_amount":1092.38056,"max_stake_amount":1092.38056,"amount":0.436,"open_date":"2025-06-13 06:00:00+00:00","close_date":"2025-06-15 03:45:00+00:00","open_rate":2505.46,"close_rate":2531.61,"fee_open":0.0005,"fee_close":0.0005,"trade_duration":2745,"profit_ratio":0.009327725053292215,"profit_abs":10.19452023,"exit_reason":"exit_signal","initial_stop_loss_abs":2254.92,"initial_stop_loss_ratio":-0.1,"stop_loss_abs":2254.92,"stop_loss_ratio":-0.1,"min_rate":2486.68,"max_rate":2585.0,"is_open":false,"enter_tag":"","leverage":1.0,"is_short":false,"open_timestamp":1749794400000,"close_timestamp":1749959100000,"orders":[{"amount":0.436,"safe_price":2505.46,"ft_order_side":"buy","order_filled_timestamp":1749794400000,"ft_is_entry":true,"ft_order_tag":"","cost":1092.92675028},{"amount":0.436,"safe_price":2531.61,"ft_order_side":"sell","order_filled_timestamp":1749959100000,"ft_is_entry":false,"ft_order_tag":"exit_signal","cost":1104.33385098}],"funding_fees":-0.10879850932606291},{"pair":"ETH/USDT:USDT","stake_amount":1100.3874,"max_stake_amount":1100.3874,"amount":0.438,"open_date":"2025-06-15 09:30:00+00:00","close_date":"2025-06-16 07:15:00+00:00","open_rate":2512.3,"close_rate":2629.0,"fee_open":0.0005,"fee_close":0.0005,"trade_duration":1305,"profit_ratio":0.04528712070993748,"profit_abs":49.8582937,"exit_reason":"exit_signal","initial_stop_loss_abs":2261.07,"initial_stop_loss_ratio":-0.1,"stop_loss_abs":2261.07,"stop_loss_ratio":-0.1,"min_rate":2490.38,"max_rate":2637.7,"is_open":false,"enter_tag":"","leverage":1.0,"is_short":false,"open_timestamp":1749979800000,"close_timestamp":1750058100000,"orders":[{"amount":0.438,"safe_price":2512.3,"ft_order_side":"buy","order_filled_timestamp":1749979800000,"ft_is_entry":true,"ft_order_tag":"","cost":1100.9375937},{"amount":0.438,"safe_price":2629.0,"ft_order_side":"sell","order_filled_timestamp":1750058100000,"ft_is_entry":false,"ft_order_tag":"exit_signal","cost":1152.0777509999998}],"funding_fees":-0.1303616035334505},{"pair":"ETH/USDT:USDT","stake_amount":1150.22266,"max_stake_amount":1150.22266,"amount":0.461,"open_date":"2025-06-17 15:30:00+00:00","close_date":"2025-06-19 07:45:00+00:00","open_rate":2495.06,"close_rate":2521.47,"fee_open":0.0005,"fee_close":0.0005,"trade_duration":2415,"profit_ratio":0.009313712832110166,"profit_abs":10.71819997,"exit_reason":"exit_signal","initial_stop_loss_abs":2245.56,"initial_stop_loss_ratio":-0.1,"stop_loss_abs":2245.56,"stop_loss_ratio":-0.1,"min_rate":2451.97,"max_rate":2547.35,"is_open":false,"enter_tag":"","leverage":1.0,"is_short":false,"open_timestamp":1750174200000,"close_timestamp":1750319100000,"orders":[{"amount":0.461,"safe_price":2495.06,"ft_order_side":"buy","order_filled_timestamp":1750174200000,"ft_is_entry":true,"ft_order_tag":"","cost":1150.7977713300002},{"amount":0.461,"safe_price":2521.47,"ft_order_side":"sell","order_filled_timestamp":1750319100000,"ft_is_entry":false,"ft_order_tag":"exit_signal","cost":1162.978868835}],"funding_fees":-0.3004998630806965}],"locks":[],"best_pair":{"key":"ETH/USDT:USDT","trades":25,"profit_mean":0.006856629467737624,"profit_mean_pct":0.69,"profit_sum":0.1714157366934406,"profit_sum_pct":17.14,"profit_total_abs":174.23256711,"profit_total":0.17423256711,"profit_total_pct":17.42,"duration_avg":"14:49:00","wins":12,"draws":0,"losses":13,"winrate":0.48,"cagr":4.6082970420881155,"expectancy":6.969302684400001,"expectancy_ratio":0.7301642229796452,"sortino":6.006107223964066,"sharpe":3.7285569891331156,"calmar":145.42470667391433,"sqn":1.3003,"profit_factor":2.404161967268548,"max_drawdown_account":0.06732225495000001,"max_drawdown_abs":67.32225495},"worst_pair":{"key":"ETH/USDT:USDT","trades":25,"profit_mean":0.006856629467737624,"profit_mean_pct":0.69,"profit_sum":0.1714157366934406,"profit_sum_pct":17.14,"profit_total_abs":174.23256711,"profit_total":0.17423256711,"profit_total_pct":17.42,"duration_avg":"14:49:00","wins":12,"draws":0,"losses":13,"winrate":0.48,"cagr":4.6082970420881155,"expectancy":6.969302684400001,"expectancy_ratio":0.7301642229796452,"sortino":6.006107223964066,"sharpe":3.7285569891331156,"calmar":145.42470667391433,"sqn":1.3003,"profit_factor":2.404161967268548,"max_drawdown_account":0.06732225495000001,"max_drawdown_abs":67.32225495},"results_per_pair":[{"key":"ETH/USDT:USDT","trades":25,"profit_mean":0.006856629467737624,"profit_mean_pct":0.69,"profit_sum":0.1714157366934406,"profit_sum_pct":17.14,"profit_total_abs":174.23256711,"profit_total":0.17423256711,"profit_total_pct":17.42,"duration_avg":"14:49:00","wins":12,"draws":0,"losses":13,"winrate":0.48,"cagr":4.6082970420881155,"expectancy":6.969302684400001,"expectancy_ratio":0.7301642229796452,"sortino":6.006107223964066,"sharpe":3.7285569891331156,"calmar":145.42470667391433,"sqn":1.3003,"profit_factor":2.404161967268548,"max_drawdown_account":0.06732225495000001,"max_drawdown_abs":67.32225495},{"key":"TOTAL","trades":25,"profit_mean":0.006856629467737624,"profit_mean_pct":0.69,"profit_sum":0.1714157366934406,"profit_sum_pct":17.14,"profit_total_abs":174.23256711,"profit_total":0.17423256711,"profit_total_pct":17.42,"duration_avg":"14:49:00","wins":12,"draws":0,"losses":13,"winrate":0.48,"cagr":4.6082970420881155,"expectancy":6.969302684400001,"expectancy_ratio":0.7301642229796452,"sortino":6.006107223964066,"sharpe":3.7285569891331156,"calmar":145.42470667391433,"sqn":1.3003,"profit_factor":2.404161967268548,"max_drawdown_account":0.06732225495000001,"max_drawdown_abs":67.32225495}],"results_per_enter_tag":[{"key":"","trades":25,"profit_mean":0.006856629467737624,"profit_mean_pct":0.69,"profit_sum":0.1714157366934406,"profit_sum_pct":17.14,"profit_total_abs":174.23256711,"profit_total":0.17423256711,"profit_total_pct":17.42,"duration_avg":"14:49:00","wins":12,"draws":0,"losses":13,"winrate":0.48,"cagr":4.6082970420881155,"expectancy":6.969302684400001,"expectancy_ratio":0.7301642229796452,"sortino":6.006107223964066,"sharpe":3.7285569891331156,"calmar":145.42470667391433,"sqn":1.3003,"profit_factor":2.404161967268548,"max_drawdown_account":0.06732225495000001,"max_drawdown_abs":67.32225495},{"key":"TOTAL","trades":25,"profit_mean":0.006856629467737624,"profit_mean_pct":0.69,"profit_sum":0.1714157366934406,"profit_sum_pct":17.14,"profit_total_abs":174.23256711,"profit_total":0.17423256711,"profit_total_pct":17.42,"duration_avg":"14:49:00","wins":12,"draws":0,"losses":13,"winrate":0.48,"cagr":4.6082970420881155,"expectancy":6.969302684400001,"expectancy_ratio":0.7301642229796452,"sortino":6.006107223964066,"sharpe":3.7285569891331156,"calmar":145.42470667391433,"sqn":1.3003,"profit_factor":2.404161967268548,"max_drawdown_account":0.06732225495000001,"max_drawdown_abs":67.32225495}],"exit_reason_summary":[{"key":"exit_signal","trades":25,"profit_mean":0.006856629467737624,"profit_mean_pct":0.69,"profit_sum":0.1714157366934406,"profit_sum_pct":17.14,"profit_total_abs":174.23256711,"profit_total":0.17423256711,"profit_total_pct":17.42,"duration_avg":"14:49:00","wins":12,"draws":0,"losses":13,"winrate":0.48,"cagr":4.6082970420881155,"expectancy":6.969302684400001,"expectancy_ratio":0.7301642229796452,"sortino":6.006107223964066,"sharpe":3.7285569891331156,"calmar":145.42470667391433,"sqn":1.3003,"profit_factor":2.404161967268548,"max_drawdown_account":0.06732225495000001,"max_drawdown_abs":67.32225495},{"key":"TOTAL","trades":25,"profit_mean":0.006856629467737624,"profit_mean_pct":0.69,"profit_sum":0.1714157366934406,"profit_sum_pct":17.14,"profit_total_abs":174.23256711,"profit_total":0.17423256711,"profit_total_pct":17.42,"duration_avg":"14:49:00","wins":12,"draws":0,"losses":13,"winrate":0.48,"cagr":4.6082970420881155,"expectancy":6.969302684400001,"expectancy_ratio":0.7301642229796452,"sortino":6.006107223964066,"sharpe":3.7285569891331156,"calmar":145.42470667391433,"sqn":1.3003,"profit_factor":2.404161967268548,"max_drawdown_account":0.06732225495000001,"max_drawdown_abs":67.32225495}],"mix_tag_stats":[{"key":["","exit_signal"],"trades":25,"profit_mean":0.006856629467737624,"profit_mean_pct":0.69,"profit_sum":0.1714157366934406,"profit_sum_pct":17.14,"profit_total_abs":174.23256711,"profit_total":0.17423256711,"profit_total_pct":17.42,"duration_avg":"14:49:00","wins":12,"draws":0,"losses":13,"winrate":0.48,"cagr":4.6082970420881155,"expectancy":6.969302684400001,"expectancy_ratio":0.7301642229796452,"sortino":6.006107223964066,"sharpe":3.7285569891331156,"calmar":145.42470667391433,"sqn":1.3003,"profit_factor":2.404161967268548,"max_drawdown_account":0.06732225495000001,"max_drawdown_abs":67.32225495},{"key":"TOTAL","trades":25,"profit_mean":0.006856629467737624,"profit_mean_pct":0.69,"profit_sum":0.1714157366934406,"profit_sum_pct":17.14,"profit_total_abs":174.23256711,"profit_total":0.17423256711,"profit_total_pct":17.42,"duration_avg":"14:49:00","wins":12,"draws":0,"losses":13,"winrate":0.48,"cagr":4.6082970420881155,"expectancy":6.969302684400001,"expectancy_ratio":0.7301642229796452,"sortino":6.006107223964066,"sharpe":3.7285569891331156,"calmar":145.42470667391433,"sqn":1.3003,"profit_factor":2.404161967268548,"max_drawdown_account":0.06732225495000001,"max_drawdown_abs":67.32225495}],"left_open_trades":[{"key":"TOTAL","trades":0,"profit_mean":0.0,"profit_mean_pct":0.0,"profit_sum":0.0,"profit_sum_pct":0.0,"profit_total_abs":0.0,"profit_total":0.0,"profit_total_pct":0.0,"duration_avg":"0:00","wins":0,"draws":0,"losses":0,"winrate":0.0,"cagr":0.0,"expectancy":0.0,"expectancy_ratio":100.0,"sortino":0,"sharpe":0,"calmar":0,"sqn":0.0,"profit_factor":0.0,"max_drawdown_account":0.0,"max_drawdown_abs":0.0}],"total_trades":25,"trade_count_long":25,"trade_count_short":0,"total_volume":50792.72895264,"avg_stake_amount":1011.3143659999998,"profit_mean":0.006856629467737624,"profit_median":-4.1797656494132825e-05,"profit_total":0.17423256711,"profit_total_long":0.17423256711,"profit_total_short":0.0,"profit_total_abs":174.23256711,"profit_total_long_abs":174.23256711,"profit_total_short_abs":0.0,"cagr":4.6082970420881155,"expectancy":6.969302684400001,"expectancy_ratio":0.7301642229796452,"sortino":6.006107223964066,"sharpe":3.7285569891331156,"calmar":145.42470667391433,"sqn":1.3003,"profit_factor":2.404161967268548,"backtest_start":"2025-05-16 00:00:00","backtest_start_ts":1747353600000,"backtest_end":"2025-06-19 14:00:00","backtest_end_ts":1750341600000,"backtest_days":34,"backtest_run_start_ts":1750342769,"backtest_run_end_ts":1750342769,"trades_per_day":0.74,"market_change":-0.016656165246692032,"pairlist":["ETH/USDT:USDT"],"stake_amount":"unlimited","stake_currency":"USDT","stake_currency_decimals":3,"starting_balance":1000,"dry_run_wallet":1000,"final_balance":1174.23256711,"rejected_signals":0,"timedout_entry_orders":0,"timedout_exit_orders":0,"canceled_trade_entries":0,"canceled_entry_orders":0,"replaced_entry_orders":0,"max_open_trades":1,"max_open_trades_setting":1,"timeframe":"15m","timeframe_detail":"","timerange":"","enable_protections":false,"strategy_name":"GridBotSample","stoploss":-0.1,"trailing_stop":false,"trailing_stop_positive":null,"trailing_stop_positive_offset":0.0,"trailing_only_offset_is_reached":false,"use_custom_stoploss":false,"minimal_roi":{},"use_exit_signal":true,"exit_profit_only":false,"exit_profit_offset":0.0,"ignore_roi_if_entry_signal":false,"trading_mode":"futures","margin_mode":"isolated","periodic_breakdown":{"day":[{"date":"18/05/2025","date_ts":1747526400000,"profit_abs":-56.43762316,"wins":0,"draws":0,"losses":2,"trades":2,"profit_factor":0.0},{"date":"19/05/2025","date_ts":1747612800000,"profit_abs":-10.88463179,"wins":0,"draws":0,"losses":4,"trades":4,"profit_factor":0.0},{"date":"20/05/2025","date_ts":1747699200000,"profit_abs":0.0,"wins":0,"draws":0,"losses":0,"trades":0,"profit_factor":0.0},{"date":"21/05/2025","date_ts":1747785600000,"profit_abs":0.0,"wins":0,"draws":0,"losses":0,"trades":0,"profit_factor":0.0},{"date":"22/05/2025","date_ts":1747872000000,"profit_abs":75.46265894,"wins":1,"draws":0,"losses":0,"trades":1,"profit_factor":0.0},{"date":"23/05/2025","date_ts":1747958400000,"profit_abs":0.0,"wins":0,"draws":0,"losses":0,"trades":0,"profit_factor":0.0},{"date":"24/05/2025","date_ts":1748044800000,"profit_abs":0.0,"wins":0,"draws":0,"losses":0,"trades":0,"profit_factor":0.0},{"date":"25/05/2025","date_ts":1748131200000,"profit_abs":6.91543921,"wins":1,"draws":0,"losses":0,"trades":1,"profit_factor":0.0},{"date":"26/05/2025","date_ts":1748217600000,"profit_abs":0.0,"wins":0,"draws":0,"losses":0,"trades":0,"profit_factor":0.0},{"date":"27/05/2025","date_ts":1748304000000,"profit_abs":0.0,"wins":0,"draws":0,"losses":0,"trades":0,"profit_factor":0.0},{"date":"28/05/2025","date_ts":1748390400000,"profit_abs":0.0,"wins":0,"draws":0,"losses":0,"trades":0,"profit_factor":0.0},{"date":"29/05/2025","date_ts":1748476800000,"profit_abs":0.0,"wins":0,"draws":0,"losses":0,"trades":0,"profit_factor":0.0},{"date":"30/05/2025","date_ts":1748563200000,"profit_abs":0.0,"wins":0,"draws":0,"losses":0,"trades":0,"profit_factor":0.0},{"date":"31/05/2025","date_ts":1748649600000,"profit_abs":3.21352568,"wins":1,"draws":0,"losses":0,"trades":1,"profit_factor":0.0},{"date":"01/06/2025","date_ts":1748736000000,"profit_abs":2.72911368,"wins":1,"draws":0,"losses":0,"trades":1,"profit_factor":0.0},{"date":"02/06/2025","date_ts":1748822400000,"profit_abs":0.0,"wins":0,"draws":0,"losses":0,"trades":0,"profit_factor":0.0},{"date":"03/06/2025","date_ts":1748908800000,"profit_abs":42.36722135,"wins":1,"draws":0,"losses":0,"trades":1,"profit_factor":0.0},{"date":"04/06/2025","date_ts":1748995200000,"profit_abs":0.0,"wins":0,"draws":0,"losses":0,"trades":0,"profit_factor":0.0},{"date":"05/06/2025","date_ts":1749081600000,"profit_abs":-46.406451,"wins":0,"draws":0,"losses":1,"trades":1,"profit_factor":0.0},{"date":"06/06/2025","date_ts":1749168000000,"profit_abs":-7.550427,"wins":0,"draws":0,"losses":1,"trades":1,"profit_factor":0.0},{"date":"07/06/2025","date_ts":1749254400000,"profit_abs":37.09149597,"wins":2,"draws":0,"losses":1,"trades":3,"profit_factor":866.05410906},{"date":"08/06/2025","date_ts":1749340800000,"profit_abs":5.4587779,"wins":1,"draws":0,"losses":4,"trades":5,"profit_factor":2.9771411},{"date":"09/06/2025","date_ts":1749427200000,"profit_abs":51.50245343,"wins":1,"draws":0,"losses":0,"trades":1,"profit_factor":0.0},{"date":"10/06/2025","date_ts":1749513600000,"profit_abs":0.0,"wins":0,"draws":0,"losses":0,"trades":0,"profit_factor":0.0},{"date":"11/06/2025","date_ts":1749600000000,"profit_abs":0.0,"wins":0,"draws":0,"losses":0,"trades":0,"profit_factor":0.0},{"date":"12/06/2025","date_ts":1749686400000,"profit_abs":0.0,"wins":0,"draws":0,"losses":0,"trades":0,"profit_factor":0.0},{"date":"13/06/2025","date_ts":1749772800000,"profit_abs":0.0,"wins":0,"draws":0,"losses":0,"trades":0,"profit_factor":0.0},{"date":"14/06/2025","date_ts":1749859200000,"profit_abs":0.0,"wins":0,"draws":0,"losses":0,"trades":0,"profit_factor":0.0},{"date":"15/06/2025","date_ts":1749945600000,"profit_abs":10.19452023,"wins":1,"draws":0,"losses":0,"trades":1,"profit_factor":0.0},{"date":"16/06/2025","date_ts":1750032000000,"profit_abs":49.8582937,"wins":1,"draws":0,"losses":0,"trades":1,"profit_factor":0.0},{"date":"17/06/2025","date_ts":1750118400000,"profit_abs":0.0,"wins":0,"draws":0,"losses":0,"trades":0,"profit_factor":0.0},{"date":"18/06/2025","date_ts":1750204800000,"profit_abs":0.0,"wins":0,"draws":0,"losses":0,"trades":0,"profit_factor":0.0},{"date":"19/06/2025","date_ts":1750291200000,"profit_abs":10.71819997,"wins":1,"draws":0,"losses":0,"trades":1,"profit_factor":0.0}],"week":[{"date":"19/05/2025","date_ts":1747612800000,"profit_abs":-67.32225495,"wins":0,"draws":0,"losses":6,"trades":6,"profit_factor":0.0},{"date":"26/05/2025","date_ts":1748217600000,"profit_abs":82.37809815,"wins":2,"draws":0,"losses":0,"trades":2,"profit_factor":0.0},{"date":"02/06/2025","date_ts":1748822400000,"profit_abs":5.94263936,"wins":2,"draws":0,"losses":0,"trades":2,"profit_factor":0.0},{"date":"09/06/2025","date_ts":1749427200000,"profit_abs":82.46307065,"wins":5,"draws":0,"losses":7,"trades":12,"profit_factor":2.45281981},{"date":"16/06/2025","date_ts":1750032000000,"profit_abs":60.05281393,"wins":2,"draws":0,"losses":0,"trades":2,"profit_factor":0.0},{"date":"23/06/2025","date_ts":1750636800000,"profit_abs":10.71819997,"wins":1,"draws":0,"losses":0,"trades":1,"profit_factor":0.0}],"month":[{"date":"31/05/2025","date_ts":1748649600000,"profit_abs":18.26936888,"wins":3,"draws":0,"losses":6,"trades":9,"profit_factor":1.27137191},{"date":"30/06/2025","date_ts":1751241600000,"profit_abs":155.96319823,"wins":9,"draws":0,"losses":7,"trades":16,"profit_factor":3.74773208}],"year":[{"date":"31/12/2025","date_ts":1767139200000,"profit_abs":174.23256711,"wins":12,"draws":0,"losses":13,"trades":25,"profit_factor":2.40416197}]},"backtest_best_day":0.08182421986994036,"backtest_worst_day":-0.05748537462761784,"backtest_best_day_abs":75.46265894,"backtest_worst_day_abs":-56.43762316,"winning_days":11,"draw_days":18,"losing_days":4,"daily_profit":[["2025-05-18",-56.43762316],["2025-05-19",-10.88463179],["2025-05-20",0.0],["2025-05-21",0.0],["2025-05-22",75.46265894],["2025-05-23",0.0],["2025-05-24",0.0],["2025-05-25",6.91543921],["2025-05-26",0.0],["2025-05-27",0.0],["2025-05-28",0.0],["2025-05-29",0.0],["2025-05-30",0.0],["2025-05-31",3.21352568],["2025-06-01",2.72911368],["2025-06-02",0.0],["2025-06-03",42.36722135],["2025-06-04",0.0],["2025-06-05",-46.406451],["2025-06-06",-7.550427],["2025-06-07",37.09149597],["2025-06-08",5.4587779],["2025-06-09",51.50245343],["2025-06-10",0.0],["2025-06-11",0.0],["2025-06-12",0.0],["2025-06-13",0.0],["2025-06-14",0.0],["2025-06-15",10.19452023],["2025-06-16",49.8582937],["2025-06-17",0.0],["2025-06-18",0.0],["2025-06-19",10.71819997]],"wins":12,"losses":13,"draws":0,"winrate":0.48,"holding_avg":"14:49:00","holding_avg_s":53340.0,"winner_holding_min":"0d 03:45","winner_holding_min_s":13500.0,"winner_holding_max":"2d 14:00","winner_holding_max_s":223200.0,"winner_holding_avg":"1d 02:32","winner_holding_avg_s":95520.0,"loser_holding_min":"0d 00:15","loser_holding_min_s":900.0,"loser_holding_max":"1d 04:00","loser_holding_max_s":100800.0,"loser_holding_avg":"0d 03:59","loser_holding_avg_s":14340.0,"max_consecutive_wins":5,"max_consecutive_losses":6,"max_drawdown_account":0.06732225495000001,"max_relative_drawdown":0.06732225495000001,"max_drawdown_abs":67.32225495,"drawdown_start":"2025-05-18 04:30:00","drawdown_start_ts":1747542600000.0,"drawdown_end":"2025-05-19 12:15:00","drawdown_end_ts":1747656900000.0,"max_drawdown_low":-67.32225495,"max_drawdown_high":-8.21458387,"csum_min":932.67774505,"csum_max":1174.23256711}},"strategy_comparison":[{"key":"GridBotSample","trades":25,"profit_mean":0.006856629467737624,"profit_mean_pct":0.69,"profit_sum":0.1714157366934406,"profit_sum_pct":17.14,"profit_total_abs":174.23256711,"profit_total":0.17423256711,"profit_total_pct":17.42,"duration_avg":"14:49:00","wins":12,"draws":0,"losses":13,"winrate":0.48,"cagr":4.6082970420881155,"expectancy":6.969302684400001,"expectancy_ratio":0.7301642229796452,"sortino":6.006107223964066,"sharpe":3.7285569891331156,"calmar":145.42470667391433,"sqn":1.3003,"profit_factor":2.404161967268548,"max_drawdown_account":0.06732225495000001,"max_drawdown_abs":"67.322"}]}