{"strategy":{"GridBotSample":{"trades":[{"pair":"ETH/USDT:USDT","stake_amount":499.852,"max_stake_amount":499.852,"amount":0.2,"open_date":"2025-05-17 00:30:00+00:00","close_date":"2025-05-18 04:30:00+00:00","open_rate":2499.26,"close_rate":2481.15,"fee_open":0.0005,"fee_close":0.0005,"trade_duration":1680,"profit_ratio":-0.008295868330649062,"profit_abs":-4.14877973,"exit_reason":"exit_signal","initial_stop_loss_abs":2249.34,"initial_stop_loss_ratio":-0.1,"stop_loss_abs":2249.34,"stop_loss_ratio":-0.1,"min_rate":2442.65,"max_rate":2512.33,"is_open":false,"enter_tag":"","leverage":1.0,"is_short":false,"open_timestamp":1747441800000,"close_timestamp":1747542600000,"orders":[{"amount":0.2,"safe_price":2499.26,"ft_order_side":"buy","order_filled_timestamp":1747441800000,"ft_is_entry":true,"ft_order_tag":"","cost":500.10192600000005},{"amount":0.2,"safe_price":2481.15,"ft_order_side":"sell","order_filled_timestamp":1747542600000,"ft_is_entry":false,"ft_order_tag":"exit_signal","cost":496.478115}],"funding_fees":-0.028738730476798202},{"pair":"ETH/USDT:USDT","stake_amount":497.392,"max_stake_amount":497.392,"amount":0.2,"open_date":"2025-05-18 04:45:00+00:00","close_date":"2025-05-18 20:15:00+00:00","open_rate":2486.96,"close_rate":2367.12,"fee_open":0.0005,"fee_close":0.0005,"trade_duration":930,"profit_ratio":-0.049189506297933484,"profit_abs":-24.47870015,"exit_reason":"exit_signal","initial_stop_loss_abs":2238.27,"initial_stop_loss_ratio":-0.1,"stop_loss_abs":2238.27,"stop_loss_ratio":-0.1,"min_rate":2312.62,"max_rate":2587.52,"is_open":false,"enter_tag":"","leverage":1.0,"is_short":false,"open_timestamp":1747543500000,"close_timestamp":1747599300000,"orders":[{"amount":0.2,"safe_price":2486.96,"ft_order_side":"buy","order_filled_timestamp":1747543500000,"ft_is_entry":true,"ft_order_tag":"","cost":497.64069600000005},{"amount":0.2,"safe_price":2367.12,"ft_order_side":"sell","order_filled_timestamp":1747599300000,"ft_is_entry":false,"ft_order_tag":"exit_signal","cost":473.66071199999993}],"funding_fees":-0.02529214635252582},{"pair":"ETH/USDT:USDT","stake_amount":483.90951,"max_stake_amount":483.90951,"amount":0.201,"open_date":"2025-05-19 07:45:00+00:00","close_date":"2025-05-19 08:00:00+00:00","open_rate":2407.51,"close_rate":2402.53,"fee_open":0.0005,"fee_close":0.0005,"trade_duration":15,"profit_ratio":-0.0031311046446324824,"profit_abs":-1.5159289,"exit_reason":"exit_signal","initial_stop_loss_abs":2166.76,"initial_stop_loss_ratio":-0.1,"stop_loss_abs":2166.76,"stop_loss_ratio":-0.1,"min_rate":2389.0,"max_rate":2409.24,"is_open":false,"enter_tag":"","leverage":1.0,"is_short":false,"open_timestamp":1747640700000,"close_timestamp":1747641600000,"orders":[{"amount":0.201,"safe_price":2407.51,"ft_order_side":"buy","order_filled_timestamp":1747640700000,"ft_is_entry":true,"ft_order_tag":"","cost":484.15146475500006},{"amount":0.201,"safe_price":2402.53,"ft_order_side":"sell","order_filled_timestamp":1747641600000,"ft_is_entry":false,"ft_order_tag":"exit_signal","cost":483.149984265}],"funding_fees":-0.03153988188833613},{"pair":"ETH/USDT:USDT","stake_amount":484.05825,"max_stake_amount":484.05825,"amount":0.201,"open_date":"2025-05-19 08:15:00+00:00","close_date":"2025-05-19 08:30:00+00:00","open_rate":2408.25,"close_rate":2404.79,"fee_open":0.0005,"fee_close":0.0005,"trade_duration":15,"profit_ratio":-0.0024347921544262646,"profit_abs":-1.17917052,"exit_reason":"exit_signal","initial_stop_loss_abs":2167.43,"initial_stop_loss_ratio":-0.1,"stop_loss_abs":2167.43,"stop_loss_ratio":-0.1,"min_rate":2393.45,"max_rate":2422.11,"is_open":false,"enter_tag":"","leverage":1.0,"is_short":false,"open_timestamp":1747642500000,"close_timestamp":1747643400000,"orders":[{"amount":0.201,"safe_price":2408.25,"ft_order_side":"buy","order_filled_timestamp":1747642500000,"ft_is_entry":true,"ft_order_tag":"","cost":484.30027912500003},{"amount":0.201,"safe_price":2404.79,"ft_order_side":"sell","order_filled_timestamp":1747643400000,"ft_is_entry":false,"ft_order_tag":"exit_signal","cost":483.604471395}],"funding_fees":0.0},{"pair":"ETH/USDT:USDT","stake_amount":483.75072,"max_stake_amount":483.75072,"amount":0.201,"open_date":"2025-05-19 09:30:00+00:00","close_date":"2025-05-19 10:00:00+00:00","open_rate":2406.72,"close_rate":2404.24,"fee_open":0.0005,"fee_close":0.0005,"trade_duration":30,"profit_ratio":-0.002028918395475843,"profit_abs":-0.98198148,"exit_reason":"exit_signal","initial_stop_loss_abs":2166.05,"initial_stop_loss_ratio":-0.1,"stop_loss_abs":2166.05,"stop_loss_ratio":-0.1,"min_rate":2392.0,"max_rate":2414.64,"is_open":false,"enter_tag":"","leverage":1.0,"is_short":false,"open_timestamp":1747647000000,"close_timestamp":1747648800000,"orders":[{"amount":0.201,"safe_price":2406.72,"ft_order_side":"buy","order_filled_timestamp":1747647000000,"ft_is_entry":true,"ft_order_tag":"","cost":483.99259536},{"amount":0.201,"safe_price":2404.24,"ft_order_side":"sell","order_filled_timestamp":1747648800000,"ft_is_entry":false,"ft_order_tag":"exit_signal","cost":483.49386611999995}],"funding_fees":0.0},{"pair":"ETH/USDT:USDT","stake_amount":481.516,"max_stake_amount":481.516,"amount":0.2,"open_date":"2025-05-19 10:30:00+00:00","close_date":"2025-05-19 12:15:00+00:00","open_rate":2407.58,"close_rate":2400.08,"fee_open":0.0005,"fee_close":0.0005,"trade_duration":105,"profit_ratio":-0.004111547927678474,"profit_abs":-1.980766,"exit_reason":"exit_signal","initial_stop_loss_abs":2166.83,"initial_stop_loss_ratio":-0.1,"stop_loss_abs":2166.83,"stop_loss_ratio":-0.1,"min_rate":2391.02,"max_rate":2420.88,"is_open":false,"enter_tag":"","leverage":1.0,"is_short":false,"open_timestamp":1747650600000,"close_timestamp":1747656900000,"orders":[{"amount":0.2,"safe_price":2407.58,"ft_order_side":"buy","order_filled_timestamp":1747650600000,"ft_is_entry":true,"ft_order_tag":"","cost":481.756758},{"amount":0.2,"safe_price":2400.08,"ft_order_side":"sell","order_filled_timestamp":1747656900000,"ft_is_entry":false,"ft_order_tag":"exit_signal","cost":480.256008}],"funding_fees":0.0},{"pair":"ETH/USDT:USDT","stake_amount":481.56966,"max_stake_amount":481.56966,"amount":0.198,"open_date":"2025-05-19 13:45:00+00:00","close_date":"2025-05-22 03:45:00+00:00","open_rate":2432.17,"close_rate":2634.82,"fee_open":0.0005,"fee_close":0.0005,"trade_duration":3720,"profit_ratio":0.08182421986287598,"profit_abs":39.42376377,"exit_reason":"exit_signal","initial_stop_loss_abs":2188.96,"initial_stop_loss_ratio":-0.1,"stop_loss_abs":2188.96,"stop_loss_ratio":-0.1,"min_rate":2416.4,"max_rate":2647.25,"is_open":false,"enter_tag":"","leverage":1.0,"is_short":false,"open_timestamp":1747662300000,"close_timestamp":1747885500000,"orders":[{"amount":0.198,"safe_price":2432.17,"ft_order_side":"buy","order_filled_timestamp":1747662300000,"ft_is_entry":true,"ft_order_tag":"","cost":481.81044483000005},{"amount":0.198,"safe_price":2634.82,"ft_order_side":"sell","order_filled_timestamp":1747885500000,"ft_is_entry":false,"ft_order_tag":"exit_signal","cost":521.95520718}],"funding_fees":-0.19930421841933585},{"pair":"ETH/USDT:USDT","stake_amount":501.45279,"max_stake_amount":501.45279,"amount":0.201,"open_date":"2025-05-25 00:45:00+00:00","close_date":"2025-05-25 19:00:00+00:00","open_rate":2494.79,"close_rate":2514.89,"fee_open":0.0005,"fee_close":0.0005,"trade_duration":1095,"profit_ratio":0.0069264178871412665,"profit_abs":3.47500821,"exit_reason":"exit_signal","initial_stop_loss_abs":2245.32,"initial_stop_loss_ratio":-0.1,"stop_loss_abs":2245.32,"stop_loss_ratio":-0.1,"min_rate":2457.6,"max_rate":2524.99,"is_open":false,"enter_tag":"","leverage":1.0,"is_short":false,"open_timestamp":1748133900000,"close_timestamp":1748199600000,"orders":[{"amount":0.201,"safe_price":2494.79,"ft_order_side":"buy","order_filled_timestamp":1748133900000,"ft_is_entry":true,"ft_order_tag":"","cost":501.703516395},{"amount":0.201,"safe_price":2514.89,"ft_order_side":"sell","order_filled_timestamp":1748199600000,"ft_is_entry":false,"ft_order_tag":"exit_signal","cost":505.74563644499995}],"funding_fees":-0.0616189547439},{"pair":"ETH/USDT:USDT","stake_amount":504.07785,"max_stake_amount":504.07785,"amount":0.201,"open_date":"2025-05-31 01:30:00+00:00","close_date":"2025-05-31 12:00:00+00:00","open_rate":2507.85,"close_rate":2518.6,"fee_open":0.0005,"fee_close":0.0005,"trade_duration":630,"profit_ratio":0.0032018658530074545,"profit_abs":1.61479665,"exit_reason":"exit_signal","initial_stop_loss_abs":2257.07,"initial_stop_loss_ratio":-0.1,"stop_loss_abs":2257.07,"stop_loss_ratio":-0.1,"min_rate":2474.0,"max_rate":2537.97,"is_open":false,"enter_tag":"","leverage":1.0,"is_short":false,"open_timestamp":1748655000000,"close_timestamp":1748692800000,"orders":[{"amount":0.201,"safe_price":2507.85,"ft_order_side":"buy","order_filled_timestamp":1748655000000,"ft_is_entry":true,"ft_order_tag":"","cost":504.329888925},{"amount":0.201,"safe_price":2518.6,"ft_order_side":"sell","order_filled_timestamp":1748692800000,"ft_is_entry":false,"ft_order_tag":"exit_signal","cost":506.4917193}],"funding_fees":-0.0407951208},{"pair":"ETH/USDT:USDT","stake_amount":503.80851,"max_stake_amount":503.80851,"amount":0.201,"open_date":"2025-06-01 02:00:00+00:00","close_date":"2025-06-01 05:45:00+00:00","open_rate":2506.51,"close_rate":2515.81,"fee_open":0.0005,"fee_close":0.0005,"trade_duration":225,"profit_ratio":0.0027071295452090033,"profit_abs":1.36455684,"exit_reason":"exit_signal","initial_stop_loss_abs":2255.86,"initial_stop_loss_ratio":-0.1,"stop_loss_abs":2255.86,"stop_loss_ratio":-0.1,"min_rate":2491.03,"max_rate":2526.46,"is_open":false,"enter_tag":"","leverage":1.0,"is_short":false,"open_timestamp":1748743200000,"close_timestamp":1748756700000,"orders":[{"amount":0.201,"safe_price":2506.51,"ft_order_side":"buy","order_filled_timestamp":1748743200000,"ft_is_entry":true,"ft_order_tag":"","cost":504.06041425500007},{"amount":0.201,"safe_price":2515.81,"ft_order_side":"sell","order_filled_timestamp":1748756700000,"ft_is_entry":false,"ft_order_tag":"exit_signal","cost":505.930648905}],"funding_fees":0.0},{"pair":"ETH/USDT:USDT","stake_amount":504.94617,"max_stake_amount":504.94617,"amount":0.201,"open_date":"2025-06-01 06:30:00+00:00","close_date":"2025-06-03 01:00:00+00:00","open_rate":2512.17,"close_rate":2620.79,"fee_open":0.0005,"fee_close":0.0005,"trade_duration":2550,"profit_ratio":0.041931250132902366,"profit_abs":21.18361067,"exit_reason":"exit_signal","initial_stop_loss_abs":2260.96,"initial_stop_loss_ratio":-0.1,"stop_loss_abs":2260.96,"stop_loss_ratio":-0.1,"min_rate":2465.0,"max_rate":2626.96,"is_open":false,"enter_tag":"","leverage":1.0,"is_short":false,"open_timestamp":1748759400000,"close_timestamp":1748912400000,"orders":[{"amount":0.201,"safe_price":2512.17,"ft_order_side":"buy","order_filled_timestamp":1748759400000,"ft_is_entry":true,"ft_order_tag":"","cost":505.198643085},{"amount":0.201,"safe_price":2620.79,"ft_order_side":"sell","order_filled_timestamp":1748912400000,"ft_is_entry":false,"ft_order_tag":"exit_signal","cost":527.0421793950001}],"funding_fees":-0.13314684515615174},{"pair":"ETH/USDT:USDT","stake_amount":516.14742,"max_stake_amount":516.14742,"amount":0.206,"open_date":"2025-06-05 20:15:00+00:00","close_date":"2025-06-05 21:00:00+00:00","open_rate":2505.57,"close_rate":2397.53,"fee_open":0.0005,"fee_close":0.0005,"trade_duration":45,"profit_ratio":-0.04407633066890287,"profit_abs":-22.7612593,"exit_reason":"exit_signal","initial_stop_loss_abs":2255.02,"initial_stop_loss_ratio":-0.1,"stop_loss_abs":2255.02,"stop_loss_ratio":-0.1,"min_rate":2390.0,"max_rate":2506.53,"is_open":false,"enter_tag":"","leverage":1.0,"is_short":false,"open_timestamp":1749154500000,"close_timestamp":1749157200000,"orders":[{"amount":0.206,"safe_price":2505.57,"ft_order_side":"buy","order_filled_timestamp":1749154500000,"ft_is_entry":true,"ft_order_tag":"","cost":516.40549371},{"amount":0.206,"safe_price":2397.53,"ft_order_side":"sell","order_filled_timestamp":1749157200000,"ft_is_entry":false,"ft_order_tag":"exit_signal","cost":494.13812559}],"funding_fees":0.0},{"pair":"SOL/USDT:USDT","stake_amount":504.5944,"max_stake_amount":504.5944,"amount":3.56,"open_date":"2025-06-05 21:00:00+00:00","close_date":"2025-06-06 12:45:00+00:00","open_rate":141.74,"close_rate":150.4,"fee_open":0.0005,"fee_close":0.0005,"trade_duration":945,"profit_ratio":0.06022134788366404,"profit_abs":30.40254858,"exit_reason":"exit_signal","initial_stop_loss_abs":127.57,"initial_stop_loss_ratio":-0.1,"stop_loss_abs":127.57,"stop_loss_ratio":-0.1,"min_rate":141.51,"max_rate":152.56,"is_open":false,"enter_tag":"","leverage":1.0,"is_short":false,"open_timestamp":1749157200000,"close_timestamp":1749213900000,"orders":[{"amount":3.56,"safe_price":141.74,"ft_order_side":"buy","order_filled_timestamp":1749157200000,"ft_is_entry":true,"ft_order_tag":"","cost":504.84669720000005},{"amount":3.56,"safe_price":150.4,"ft_order_side":"sell","order_filled_timestamp":1749213900000,"ft_is_entry":false,"ft_order_tag":"exit_signal","cost":535.6917119999999}],"funding_fees":0.09295778100677413},{"pair":"ETH/USDT:USDT","stake_amount":519.1893,"max_stake_amount":519.1893,"amount":0.21,"open_date":"2025-06-06 12:45:00+00:00","close_date":"2025-06-07 08:45:00+00:00","open_rate":2472.33,"close_rate":2485.35,"fee_open":0.0005,"fee_close":0.0005,"trade_duration":1200,"profit_ratio":0.004092323175376691,"profit_abs":2.12575275,"exit_reason":"exit_signal","initial_stop_loss_abs":2225.1,"initial_stop_loss_ratio":-0.1,"stop_loss_abs":2225.1,"stop_loss_ratio":-0.1,"min_rate":2455.85,"max_rate":2529.67,"is_open":false,"enter_tag":"","leverage":1.0,"is_short":false,"open_timestamp":1749213900000,"close_timestamp":1749285900000,"orders":[{"amount":0.21,"safe_price":2472.33,"ft_order_side":"buy","order_filled_timestamp":1749213900000,"ft_is_entry":true,"ft_order_tag":"","cost":519.4488946499999},{"amount":0.21,"safe_price":2485.35,"ft_order_side":"sell","order_filled_timestamp":1749285900000,"ft_is_entry":false,"ft_order_tag":"exit_signal","cost":522.18446175}],"funding_fees":-0.08789085224040089},{"pair":"ETH/USDT:USDT","stake_amount":518.86967,"max_stake_amount":518.86967,"amount":0.209,"open_date":"2025-06-07 09:00:00+00:00","close_date":"2025-06-07 10:00:00+00:00","open_rate":2482.63,"close_rate":2485.01,"fee_open":0.0005,"fee_close":0.0005,"trade_duration":60,"profit_ratio":-4.1797656494132825e-05,"profit_abs":-0.02169838,"exit_reason":"exit_signal","initial_stop_loss_abs":2234.37,"initial_stop_loss_ratio":-0.1,"stop_loss_abs":2234.37,"stop_loss_ratio":-0.1,"min_rate":2481.91,"max_rate":2489.36,"is_open":false,"enter_tag":"","leverage":1.0,"is_short":false,"open_timestamp":1749286800000,"close_timestamp":1749290400000,"orders":[{"amount":0.209,"safe_price":2482.63,"ft_order_side":"buy","order_filled_timestamp":1749286800000,"ft_is_entry":true,"ft_order_tag":"","cost":519.129104835},{"amount":0.209,"safe_price":2485.01,"ft_order_side":"sell","order_filled_timestamp":1749290400000,"ft_is_entry":false,"ft_order_tag":"exit_signal","cost":519.626773545}],"funding_fees":0.0},{"pair":"ETH/USDT:USDT","stake_amount":520.10904,"max_stake_amount":520.10904,"amount":0.209,"open_date":"2025-06-07 10:15:00+00:00","close_date":"2025-06-07 20:00:00+00:00","open_rate":2488.56,"close_rate":2515.78,"fee_open":0.0005,"fee_close":0.0005,"trade_duration":585,"profit_ratio":0.009859303894157023,"profit_abs":5.13047704,"exit_reason":"exit_signal","initial_stop_loss_abs":2239.71,"initial_stop_loss_ratio":-0.1,"stop_loss_abs":2239.71,"stop_loss_ratio":-0.1,"min_rate":2487.11,"max_rate":2524.9,"is_open":false,"enter_tag":"","leverage":1.0,"is_short":false,"open_timestamp":1749291300000,"close_timestamp":1749326400000,"orders":[{"amount":0.209,"safe_price":2488.56,"ft_order_side":"buy","order_filled_timestamp":1749291300000,"ft_is_entry":true,"ft_order_tag":"","cost":520.3690945199999},{"amount":0.209,"safe_price":2515.78,"ft_order_side":"sell","order_filled_timestamp":1749326400000,"ft_is_entry":false,"ft_order_tag":"exit_signal","cost":526.06091901}],"funding_fees":-0.03554942525490172},{"pair":"ETH/USDT:USDT","stake_amount":522.5064,"max_stake_amount":522.5064,"amount":0.208,"open_date":"2025-06-08 01:30:00+00:00","close_date":"2025-06-08 02:30:00+00:00","open_rate":2512.05,"close_rate":2512.84,"fee_open":0.0005,"fee_close":0.0005,"trade_duration":60,"profit_ratio":-0.0006853303906753655,"profit_abs":-0.35826856,"exit_reason":"exit_signal","initial_stop_loss_abs":2260.85,"initial_stop_loss_ratio":-0.1,"stop_loss_abs":2260.85,"stop_loss_ratio":-0.1,"min_rate":2510.72,"max_rate":2520.53,"is_open":false,"enter_tag":"","leverage":1.0,"is_short":false,"open_timestamp":1749346200000,"close_timestamp":1749349800000,"orders":[{"amount":0.208,"safe_price":2512.05,"ft_order_side":"buy","order_filled_timestamp":1749346200000,"ft_is_entry":true,"ft_order_tag":"","cost":522.7676531999999},{"amount":0.208,"safe_price":2512.84,"ft_order_side":"sell","order_filled_timestamp":1749349800000,"ft_is_entry":false,"ft_order_tag":"exit_signal","cost":522.9320553599999}],"funding_fees":0.0},{"pair":"ETH/USDT:USDT","stake_amount":522.30672,"max_stake_amount":522.30672,"amount":0.208,"open_date":"2025-06-08 03:00:00+00:00","close_date":"2025-06-08 03:30:00+00:00","open_rate":2511.09,"close_rate":2509.63,"fee_open":0.0005,"fee_close":0.0005,"trade_duration":30,"profit_ratio":-0.0015803399368775923,"profit_abs":-0.82583488,"exit_reason":"exit_signal","initial_stop_loss_abs":2259.99,"initial_stop_loss_ratio":-0.1,"stop_loss_abs":2259.99,"stop_loss_ratio":-0.1,"min_rate":2507.25,"max_rate":2513.9,"is_open":false,"enter_tag":"","leverage":1.0,"is_short":false,"open_timestamp":1749351600000,"close_timestamp":1749353400000,"orders":[{"amount":0.208,"safe_price":2511.09,"ft_order_side":"buy","order_filled_timestamp":1749351600000,"ft_is_entry":true,"ft_order_tag":"","cost":522.56787336},{"amount":0.208,"safe_price":2509.63,"ft_order_side":"sell","order_filled_timestamp":1749353400000,"ft_is_entry":false,"ft_order_tag":"exit_signal","cost":522.26404152}],"funding_fees":0.0},{"pair":"ETH/USDT:USDT","stake_amount":521.73264,"max_stake_amount":521.73264,"amount":0.208,"open_date":"2025-06-08 04:15:00+00:00","close_date":"2025-06-08 04:30:00+00:00","open_rate":2508.33,"close_rate":2510.66,"fee_open":0.0005,"fee_close":0.0005,"trade_duration":15,"profit_ratio":-7.152380163348695e-05,"profit_abs":-0.03733496,"exit_reason":"exit_signal","initial_stop_loss_abs":2257.5,"initial_stop_loss_ratio":-0.1,"stop_loss_abs":2257.5,"stop_loss_ratio":-0.1,"min_rate":2507.96,"max_rate":2517.55,"is_open":false,"enter_tag":"","leverage":1.0,"is_short":false,"open_timestamp":1749356100000,"close_timestamp":1749357000000,"orders":[{"amount":0.208,"safe_price":2508.33,"ft_order_side":"buy","order_filled_timestamp":1749356100000,"ft_is_entry":true,"ft_order_tag":"","cost":521.9935063199999},{"amount":0.208,"safe_price":2510.66,"ft_order_side":"sell","order_filled_timestamp":1749357000000,"ft_is_entry":false,"ft_order_tag":"exit_signal","cost":522.4783886399999}],"funding_fees":0.0},{"pair":"ETH/USDT:USDT","stake_amount":522.1216,"max_stake_amount":522.1216,"amount":0.208,"open_date":"2025-06-08 05:15:00+00:00","close_date":"2025-06-08 06:15:00+00:00","open_rate":2510.2,"close_rate":2511.88,"fee_open":0.0005,"fee_close":0.0005,"trade_duration":60,"profit_ratio":-0.0003308998038627089,"profit_abs":-0.17285632,"exit_reason":"exit_signal","initial_stop_loss_abs":2259.18,"initial_stop_loss_ratio":-0.1,"stop_loss_abs":2259.18,"stop_loss_ratio":-0.1,"min_rate":2507.69,"max_rate":2515.88,"is_open":false,"enter_tag":"","leverage":1.0,"is_short":false,"open_timestamp":1749359700000,"close_timestamp":1749363300000,"orders":[{"amount":0.208,"safe_price":2510.2,"ft_order_side":"buy","order_filled_timestamp":1749359700000,"ft_is_entry":true,"ft_order_tag":"","cost":522.3826607999999},{"amount":0.208,"safe_price":2511.88,"ft_order_side":"sell","order_filled_timestamp":1749363300000,"ft_is_entry":false,"ft_order_tag":"exit_signal","cost":522.73227552}],"funding_fees":0.0},{"pair":"ETH/USDT:USDT","stake_amount":522.3608,"max_stake_amount":522.3608,"amount":0.208,"open_date":"2025-06-08 09:15:00+00:00","close_date":"2025-06-08 20:30:00+00:00","open_rate":2511.35,"close_rate":2533.99,"fee_open":0.0005,"fee_close":0.0005,"trade_duration":675,"profit_ratio":0.00795959591446223,"profit_abs":4.15985978,"exit_reason":"exit_signal","initial_stop_loss_abs":2260.22,"initial_stop_loss_ratio":-0.1,"stop_loss_abs":2260.22,"stop_loss_ratio":-0.1,"min_rate":2483.28,"max_rate":2539.68,"is_open":false,"enter_tag":"","leverage":1.0,"is_short":false,"open_timestamp":1749374100000,"close_timestamp":1749414600000,"orders":[{"amount":0.208,"safe_price":2511.35,"ft_order_side":"buy","order_filled_timestamp":1749374100000,"ft_is_entry":true,"ft_order_tag":"","cost":522.6219803999999},{"amount":0.208,"safe_price":2533.99,"ft_order_side":"sell","order_filled_timestamp":1749414600000,"ft_is_entry":false,"ft_order_tag":"exit_signal","cost":527.3334549599999}],"funding_fees":-0.024544857715198706},{"pair":"ETH/USDT:USDT","stake_amount":524.89514,"max_stake_amount":524.89514,"amount":0.209,"open_date":"2025-06-08 22:45:00+00:00","close_date":"2025-06-09 21:30:00+00:00","open_rate":2511.46,"close_rate":2638.76,"fee_open":0.0005,"fee_close":0.0005,"trade_duration":1365,"profit_ratio":0.04950900730637234,"profit_abs":26.00003084,"exit_reason":"exit_signal","initial_stop_loss_abs":2260.32,"initial_stop_loss_ratio":-0.1,"stop_loss_abs":2260.32,"stop_loss_ratio":-0.1,"min_rate":2475.83,"max_rate":2639.88,"is_open":false,"enter_tag":"","leverage":1.0,"is_short":false,"open_timestamp":1749422700000,"close_timestamp":1749504600000,"orders":[{"amount":0.209,"safe_price":2511.46,"ft_order_side":"buy","order_filled_timestamp":1749422700000,"ft_is_entry":true,"ft_order_tag":"","cost":525.1575875699999},{"amount":0.209,"safe_price":2638.76,"ft_order_side":"sell","order_filled_timestamp":1749504600000,"ft_is_entry":false,"ft_order_tag":"exit_signal","cost":551.77659042}],"funding_fees":-0.06747117410623076},{"pair":"SOL/USDT:USDT","stake_amount":537.3258,"max_stake_amount":537.3258,"amount":3.74,"open_date":"2025-06-13 05:45:00+00:00","close_date":"2025-06-15 15:00:00+00:00","open_rate":143.67,"close_rate":151.84,"fee_open":0.0005,"fee_close":0.0005,"trade_duration":3435,"profit_ratio":0.055746702018347735,"profit_abs":29.96911833,"exit_reason":"exit_signal","initial_stop_loss_abs":129.31,"initial_stop_loss_ratio":-0.1,"stop_loss_abs":129.31,"stop_loss_ratio":-0.1,"min_rate":141.87,"max_rate":152.63,"is_open":false,"enter_tag":"","leverage":1.0,"is_short":false,"open_timestamp":1749793500000,"close_timestamp":1749999600000,"orders":[{"amount":3.74,"safe_price":143.67,"ft_order_side":"buy","order_filled_timestamp":1749793500000,"ft_is_entry":true,"ft_order_tag":"","cost":537.5944628999999},{"amount":3.74,"safe_price":151.84,"ft_order_side":"sell","order_filled_timestamp":1749999600000,"ft_is_entry":false,"ft_order_tag":"exit_signal","cost":568.1655408}],"funding_fees":-0.03407796607006417},{"pair":"ETH/USDT:USDT","stake_amount":552.6422,"max_stake_amount":552.6422,"amount":0.22,"open_date":"2025-06-15 20:30:00+00:00","close_date":"2025-06-16 07:15:00+00:00","open_rate":2512.01,"close_rate":2629.0,"fee_open":0.0005,"fee_close":0.0005,"trade_duration":645,"profit_ratio":0.04547988569811719,"profit_abs":25.14667114,"exit_reason":"exit_signal","initial_stop_loss_abs":2260.81,"initial_stop_loss_ratio":-0.1,"stop_loss_abs":2260.81,"stop_loss_ratio":-0.1,"min_rate":2490.38,"max_rate":2637.7,"is_open":false,"enter_tag":"","leverage":1.0,"is_short":false,"open_timestamp":1750019400000,"close_timestamp":1750058100000,"orders":[{"amount":0.22,"safe_price":2512.01,"ft_order_side":"buy","order_filled_timestamp":1750019400000,"ft_is_entry":true,"ft_order_tag":"","cost":552.9185211},{"amount":0.22,"safe_price":2629.0,"ft_order_side":"sell","order_filled_timestamp":1750058100000,"ft_is_entry":false,"ft_order_tag":"exit_signal","cost":578.66919}],"funding_fees":-0.025617759403902488},{"pair":"ETH/USDT:USDT","stake_amount":563.88356,"max_stake_amount":563.88356,"amount":0.226,"open_date":"2025-06-17 15:30:00+00:00","close_date":"2025-06-19 07:45:00+00:00","open_rate":2495.06,"close_rate":2521.47,"fee_open":0.0005,"fee_close":0.0005,"trade_duration":2415,"profit_ratio":0.009313712826150468,"profit_abs":5.25447547,"exit_reason":"exit_signal","initial_stop_loss_abs":2245.56,"initial_stop_loss_ratio":-0.1,"stop_loss_abs":2245.56,"stop_loss_ratio":-0.1,"min_rate":2451.97,"max_rate":2547.35,"is_open":false,"enter_tag":"","leverage":1.0,"is_short":false,"open_timestamp":1750174200000,"close_timestamp":1750319100000,"orders":[{"amount":0.226,"safe_price":2495.06,"ft_order_side":"buy","order_filled_timestamp":1750174200000,"ft_is_entry":true,"ft_order_tag":"","cost":564.16550178},{"amount":0.226,"safe_price":2521.47,"ft_order_side":"sell","order_filled_timestamp":1750319100000,"ft_is_entry":false,"ft_order_tag":"exit_signal","cost":570.13714611}],"funding_fees":-0.14731663569682735},{"pair":"SUI/USDT:USDT","stake_amount":568.33352,"max_stake_amount":568.33352,"amount":202.6,"open_date":"2025-06-19 07:45:00+00:00","close_date":"2025-06-19 14:00:00+00:00","open_rate":2.8052,"close_rate":2.7995,"fee_open":0.0005,"fee_close":0.0005,"trade_duration":375,"profit_ratio":-0.003029410006247411,"profit_abs":-1.72257611,"exit_reason":"force_exit","initial_stop_loss_abs":2.5247,"initial_stop_loss_ratio":-0.1,"stop_loss_abs":2.5247,"stop_loss_ratio":-0.1,"min_rate":2.7814,"max_rate":2.8217,"is_open":false,"enter_tag":"","leverage":1.0,"is_short":false,"open_timestamp":1750319100000,"close_timestamp":1750341600000,"orders":[{"amount":202.6,"safe_price":2.8052,"ft_order_side":"buy","order_filled_timestamp":1750319100000,"ft_is_entry":true,"ft_order_tag":"","cost":568.61768676},{"amount":202.6,"safe_price":2.7995,"ft_order_side":"sell","order_filled_timestamp":1750341600000,"ft_is_entry":false,"ft_order_tag":"force_exit","cost":567.46228935}],"funding_fees":0.0}],"locks":[],"best_pair":{"key":"ETH/USDT:USDT","trades":23,"profit_mean":0.006383771829849141,"profit_mean_pct":0.64,"profit_sum":0.14682675208653023,"profit_sum_pct":14.68,"profit_total_abs":76.41642398,"profit_total":0.07641642398000001,"profit_total_pct":7.64,"duration_avg":"13:09:00","wins":11,"draws":0,"losses":12,"winrate":0.4782608695652174,"cagr":1.2045405627643704,"expectancy":3.3224532165217386,"expectancy_ratio":0.6819650989996036,"sortino":5.074878122046264,"sharpe":3.1427110316070954,"calmar":125.24082863583592,"sqn":1.1406,"profit_factor":2.3070997730825735,"max_drawdown_account":0.03428532677999999,"max_drawdown_abs":34.285326780000005},"worst_pair":{"key":"SUI/USDT:USDT","trades":1,"profit_mean":-0.003029410006247411,"profit_mean_pct":-0.3,"profit_sum":-0.003029410006247411,"profit_sum_pct":-0.3,"profit_total_abs":-1.72257611,"profit_total":-0.0017225761100000002,"profit_total_pct":-0.17,"duration_avg":"6:15:00","wins":0,"draws":0,"losses":1,"winrate":0.0,"cagr":-0.0183380798572631,"expectancy":-1.72257611,"expectancy_ratio":-1.0,"sortino":-100,"sharpe":-100,"calmar":-56.191097572185456,"sqn":-100.0,"profit_factor":0.0,"max_drawdown_account":0.0017225761099999772,"max_drawdown_abs":1.72257611},"results_per_pair":[{"key":"ETH/USDT:USDT","trades":23,"profit_mean":0.006383771829849141,"profit_mean_pct":0.64,"profit_sum":0.14682675208653023,"profit_sum_pct":14.68,"profit_total_abs":76.41642398,"profit_total":0.07641642398000001,"profit_total_pct":7.64,"duration_avg":"13:09:00","wins":11,"draws":0,"losses":12,"winrate":0.4782608695652174,"cagr":1.2045405627643704,"expectancy":3.3224532165217386,"expectancy_ratio":0.6819650989996036,"sortino":5.074878122046264,"sharpe":3.1427110316070954,"calmar":125.24082863583592,"sqn":1.1406,"profit_factor":2.3070997730825735,"max_drawdown_account":0.03428532677999999,"max_drawdown_abs":34.285326780000005},{"key":"SOL/USDT:USDT","trades":2,"profit_mean":0.05798402495100589,"profit_mean_pct":5.8,"profit_sum":0.11596804990201177,"profit_sum_pct":11.6,"profit_total_abs":60.37166691,"profit_total":0.06037166691,"profit_total_pct":6.04,"duration_avg":"1 day, 12:30:00","wins":2,"draws":0,"losses":0,"winrate":1.0,"cagr":0.8762916721135836,"expectancy":30.185833455,"expectancy_ratio":100.0,"sortino":-100,"sharpe":156.53500077279932,"calmar":-100,"sqn":139.2881,"profit_factor":0.0,"max_drawdown_account":0.0,"max_drawdown_abs":0.0},{"key":"SUI/USDT:USDT","trades":1,"profit_mean":-0.003029410006247411,"profit_mean_pct":-0.3,"profit_sum":-0.003029410006247411,"profit_sum_pct":-0.3,"profit_total_abs":-1.72257611,"profit_total":-0.0017225761100000002,"profit_total_pct":-0.17,"duration_avg":"6:15:00","wins":0,"draws":0,"losses":1,"winrate":0.0,"cagr":-0.0183380798572631,"expectancy":-1.72257611,"expectancy_ratio":-1.0,"sortino":-100,"sharpe":-100,"calmar":-56.191097572185456,"sqn":-100.0,"profit_factor":0.0,"max_drawdown_account":0.0017225761099999772,"max_drawdown_abs":1.72257611},{"key":"TOTAL","trades":26,"profit_mean":0.009990976614703637,"profit_mean_pct":1.0,"profit_sum":0.2597653919822946,"profit_sum_pct":25.98,"profit_total_abs":135.06551477999997,"profit_total":0.13506551477999998,"profit_total_pct":13.51,"duration_avg":"14:41:00","wins":13,"draws":0,"losses":13,"winrate":0.5,"cagr":2.8964208475411803,"expectancy":5.194827491538461,"expectancy_ratio":1.122083295533522,"sortino":9.286724776131681,"sharpe":5.138732290376769,"calmar":221.36232121513808,"sqn":1.7587,"profit_factor":3.244166591067044,"max_drawdown_account":0.03428532677999999,"max_drawdown_abs":34.285326780000005}],"results_per_enter_tag":[{"key":"","trades":26,"profit_mean":0.009990976614703637,"profit_mean_pct":1.0,"profit_sum":0.2597653919822946,"profit_sum_pct":25.98,"profit_total_abs":135.06551477999997,"profit_total":0.13506551477999998,"profit_total_pct":13.51,"duration_avg":"14:41:00","wins":13,"draws":0,"losses":13,"winrate":0.5,"cagr":2.8964208475411803,"expectancy":5.194827491538461,"expectancy_ratio":1.122083295533522,"sortino":9.286724776131681,"sharpe":5.138732290376769,"calmar":221.36232121513808,"sqn":1.7587,"profit_factor":3.244166591067044,"max_drawdown_account":0.03428532677999999,"max_drawdown_abs":34.285326780000005},{"key":"TOTAL","trades":26,"profit_mean":0.009990976614703637,"profit_mean_pct":1.0,"profit_sum":0.2597653919822946,"profit_sum_pct":25.98,"profit_total_abs":135.06551477999997,"profit_total":0.13506551477999998,"profit_total_pct":13.51,"duration_avg":"14:41:00","wins":13,"draws":0,"losses":13,"winrate":0.5,"cagr":2.8964208475411803,"expectancy":5.194827491538461,"expectancy_ratio":1.122083295533522,"sortino":9.286724776131681,"sharpe":5.138732290376769,"calmar":221.36232121513808,"sqn":1.7587,"profit_factor":3.244166591067044,"max_drawdown_account":0.03428532677999999,"max_drawdown_abs":34.285326780000005}],"exit_reason_summary":[{"key":"exit_signal","trades":25,"profit_mean":0.01051179207954168,"profit_mean_pct":1.05,"profit_sum":0.262794801988542,"profit_sum_pct":26.28,"profit_total_abs":136.78809088999998,"profit_total":0.13678809089,"profit_total_pct":13.68,"duration_avg":"15:01:00","wins":13,"draws":0,"losses":12,"winrate":0.52,"cagr":2.960371917413124,"expectancy":5.471523635599999,"expectancy_ratio":1.123082227095133,"sortino":9.084210614145217,"sharpe":5.125744483159442,"calmar":224.18549518963812,"sqn":1.7875,"profit_factor":3.3397546397815283,"max_drawdown_account":0.03428532677999999,"max_drawdown_abs":34.285326780000005},{"key":"force_exit","trades":1,"profit_mean":-0.003029410006247411,"profit_mean_pct":-0.3,"profit_sum":-0.003029410006247411,"profit_sum_pct":-0.3,"profit_total_abs":-1.72257611,"profit_total":-0.0017225761100000002,"profit_total_pct":-0.17,"duration_avg":"6:15:00","wins":0,"draws":0,"losses":1,"winrate":0.0,"cagr":-0.0183380798572631,"expectancy":-1.72257611,"expectancy_ratio":-1.0,"sortino":-100,"sharpe":-100,"calmar":-56.191097572185456,"sqn":-100.0,"profit_factor":0.0,"max_drawdown_account":0.0017225761099999772,"max_drawdown_abs":1.72257611},{"key":"TOTAL","trades":26,"profit_mean":0.009990976614703637,"profit_mean_pct":1.0,"profit_sum":0.2597653919822946,"profit_sum_pct":25.98,"profit_total_abs":135.06551477999997,"profit_total":0.13506551477999998,"profit_total_pct":13.51,"duration_avg":"14:41:00","wins":13,"draws":0,"losses":13,"winrate":0.5,"cagr":2.8964208475411803,"expectancy":5.194827491538461,"expectancy_ratio":1.122083295533522,"sortino":9.286724776131681,"sharpe":5.138732290376769,"calmar":221.36232121513808,"sqn":1.7587,"profit_factor":3.244166591067044,"max_drawdown_account":0.03428532677999999,"max_drawdown_abs":34.285326780000005}],"mix_tag_stats":[{"key":["","exit_signal"],"trades":25,"profit_mean":0.01051179207954168,"profit_mean_pct":1.05,"profit_sum":0.262794801988542,"profit_sum_pct":26.28,"profit_total_abs":136.78809088999998,"profit_total":0.13678809089,"profit_total_pct":13.68,"duration_avg":"15:01:00","wins":13,"draws":0,"losses":12,"winrate":0.52,"cagr":2.960371917413124,"expectancy":5.471523635599999,"expectancy_ratio":1.123082227095133,"sortino":9.084210614145217,"sharpe":5.125744483159442,"calmar":224.18549518963812,"sqn":1.7875,"profit_factor":3.3397546397815283,"max_drawdown_account":0.03428532677999999,"max_drawdown_abs":34.285326780000005},{"key":["","force_exit"],"trades":1,"profit_mean":-0.003029410006247411,"profit_mean_pct":-0.3,"profit_sum":-0.003029410006247411,"profit_sum_pct":-0.3,"profit_total_abs":-1.72257611,"profit_total":-0.0017225761100000002,"profit_total_pct":-0.17,"duration_avg":"6:15:00","wins":0,"draws":0,"losses":1,"winrate":0.0,"cagr":-0.0183380798572631,"expectancy":-1.72257611,"expectancy_ratio":-1.0,"sortino":-100,"sharpe":-100,"calmar":-56.191097572185456,"sqn":-100.0,"profit_factor":0.0,"max_drawdown_account":0.0017225761099999772,"max_drawdown_abs":1.72257611},{"key":"TOTAL","trades":26,"profit_mean":0.009990976614703637,"profit_mean_pct":1.0,"profit_sum":0.2597653919822946,"profit_sum_pct":25.98,"profit_total_abs":135.06551477999997,"profit_total":0.13506551477999998,"profit_total_pct":13.51,"duration_avg":"14:41:00","wins":13,"draws":0,"losses":13,"winrate":0.5,"cagr":2.8964208475411803,"expectancy":5.194827491538461,"expectancy_ratio":1.122083295533522,"sortino":9.286724776131681,"sharpe":5.138732290376769,"calmar":221.36232121513808,"sqn":1.7587,"profit_factor":3.244166591067044,"max_drawdown_account":0.03428532677999999,"max_drawdown_abs":34.285326780000005}],"left_open_trades":[{"key":"SUI/USDT:USDT","trades":1,"profit_mean":-0.003029410006247411,"profit_mean_pct":-0.3,"profit_sum":-0.003029410006247411,"profit_sum_pct":-0.3,"profit_total_abs":-1.72257611,"profit_total":-0.0017225761100000002,"profit_total_pct":-0.17,"duration_avg":"6:15:00","wins":0,"draws":0,"losses":1,"winrate":0.0,"cagr":-0.0183380798572631,"expectancy":-1.72257611,"expectancy_ratio":-1.0,"sortino":-100,"sharpe":-100,"calmar":-56.191097572185456,"sqn":-100.0,"profit_factor":0.0,"max_drawdown_account":0.0017225761099999772,"max_drawdown_abs":1.72257611},{"key":"TOTAL","trades":1,"profit_mean":-0.003029410006247411,"profit_mean_pct":-0.3,"profit_sum":-0.003029410006247411,"profit_sum_pct":-0.3,"profit_total_abs":-1.72257611,"profit_total":-0.0017225761100000002,"profit_total_pct":-0.17,"duration_avg":"6:15:00","wins":0,"draws":0,"losses":1,"winrate":0.0,"cagr":-0.0183380798572631,"expectancy":-1.72257611,"expectancy_ratio":-1.0,"sortino":-100,"sharpe":-100,"calmar":-56.191097572185456,"sqn":-100.0,"profit_factor":0.0,"max_drawdown_account":0.0017225761099999772,"max_drawdown_abs":1.72257611}],"total_trades":26,"trade_count_long":26,"trade_count_short":0,"total_volume":26889.494858415,"avg_stake_amount":513.9750642307692,"profit_mean":0.009990976614703637,"profit_median":0.0013326659443574352,"profit_total":0.13506551477999998,"profit_total_long":0.13506551477999998,"profit_total_short":0.0,"profit_total_abs":135.06551477999997,"profit_total_long_abs":135.06551477999997,"profit_total_short_abs":0.0,"cagr":2.8964208475411803,"expectancy":5.194827491538461,"expectancy_ratio":1.122083295533522,"sortino":9.286724776131681,"sharpe":5.138732290376769,"calmar":221.36232121513808,"sqn":1.7587,"profit_factor":3.244166591067044,"backtest_start":"2025-05-16 00:00:00","backtest_start_ts":1747353600000,"backtest_end":"2025-06-19 14:00:00","backtest_end_ts":1750341600000,"backtest_days":34,"backtest_run_start_ts":1750342971,"backtest_run_end_ts":1750342971,"trades_per_day":0.76,"market_change":-0.1509253797912793,"pairlist":["SOL/USDT:USDT","ETH/USDT:USDT","SUI/USDT:USDT"],"stake_amount":"unlimited","stake_currency":"USDT","stake_currency_decimals":3,"starting_balance":1000,"dry_run_wallet":1000,"final_balance":1135.06551478,"rejected_signals":124,"timedout_entry_orders":0,"timedout_exit_orders":0,"canceled_trade_entries":0,"canceled_entry_orders":0,"replaced_entry_orders":0,"max_open_trades":1,"max_open_trades_setting":1,"timeframe":"15m","timeframe_detail":"","timerange":"","enable_protections":false,"strategy_name":"GridBotSample","stoploss":-0.1,"trailing_stop":false,"trailing_stop_positive":null,"trailing_stop_positive_offset":0.0,"trailing_only_offset_is_reached":false,"use_custom_stoploss":false,"minimal_roi":{},"use_exit_signal":true,"exit_profit_only":false,"exit_profit_offset":0.0,"ignore_roi_if_entry_signal":false,"trading_mode":"futures","margin_mode":"isolated","periodic_breakdown":{"day":[{"date":"18/05/2025","date_ts":1747526400000,"profit_abs":-28.62747988,"wins":0,"draws":0,"losses":2,"trades":2,"profit_factor":0.0},{"date":"19/05/2025","date_ts":1747612800000,"profit_abs":-5.6578469,"wins":0,"draws":0,"losses":4,"trades":4,"profit_factor":0.0},{"date":"20/05/2025","date_ts":1747699200000,"profit_abs":0.0,"wins":0,"draws":0,"losses":0,"trades":0,"profit_factor":0.0},{"date":"21/05/2025","date_ts":1747785600000,"profit_abs":0.0,"wins":0,"draws":0,"losses":0,"trades":0,"profit_factor":0.0},{"date":"22/05/2025","date_ts":1747872000000,"profit_abs":39.42376377,"wins":1,"draws":0,"losses":0,"trades":1,"profit_factor":0.0},{"date":"23/05/2025","date_ts":1747958400000,"profit_abs":0.0,"wins":0,"draws":0,"losses":0,"trades":0,"profit_factor":0.0},{"date":"24/05/2025","date_ts":1748044800000,"profit_abs":0.0,"wins":0,"draws":0,"losses":0,"trades":0,"profit_factor":0.0},{"date":"25/05/2025","date_ts":1748131200000,"profit_abs":3.47500821,"wins":1,"draws":0,"losses":0,"trades":1,"profit_factor":0.0},{"date":"26/05/2025","date_ts":1748217600000,"profit_abs":0.0,"wins":0,"draws":0,"losses":0,"trades":0,"profit_factor":0.0},{"date":"27/05/2025","date_ts":1748304000000,"profit_abs":0.0,"wins":0,"draws":0,"losses":0,"trades":0,"profit_factor":0.0},{"date":"28/05/2025","date_ts":1748390400000,"profit_abs":0.0,"wins":0,"draws":0,"losses":0,"trades":0,"profit_factor":0.0},{"date":"29/05/2025","date_ts":1748476800000,"profit_abs":0.0,"wins":0,"draws":0,"losses":0,"trades":0,"profit_factor":0.0},{"date":"30/05/2025","date_ts":1748563200000,"profit_abs":0.0,"wins":0,"draws":0,"losses":0,"trades":0,"profit_factor":0.0},{"date":"31/05/2025","date_ts":1748649600000,"profit_abs":1.61479665,"wins":1,"draws":0,"losses":0,"trades":1,"profit_factor":0.0},{"date":"01/06/2025","date_ts":1748736000000,"profit_abs":1.36455684,"wins":1,"draws":0,"losses":0,"trades":1,"profit_factor":0.0},{"date":"02/06/2025","date_ts":1748822400000,"profit_abs":0.0,"wins":0,"draws":0,"losses":0,"trades":0,"profit_factor":0.0},{"date":"03/06/2025","date_ts":1748908800000,"profit_abs":21.18361067,"wins":1,"draws":0,"losses":0,"trades":1,"profit_factor":0.0},{"date":"04/06/2025","date_ts":1748995200000,"profit_abs":0.0,"wins":0,"draws":0,"losses":0,"trades":0,"profit_factor":0.0},{"date":"05/06/2025","date_ts":1749081600000,"profit_abs":-22.7612593,"wins":0,"draws":0,"losses":1,"trades":1,"profit_factor":0.0},{"date":"06/06/2025","date_ts":1749168000000,"profit_abs":30.40254858,"wins":1,"draws":0,"losses":0,"trades":1,"profit_factor":0.0},{"date":"07/06/2025","date_ts":1749254400000,"profit_abs":7.23453141,"wins":2,"draws":0,"losses":1,"trades":3,"profit_factor":334.41343501},{"date":"08/06/2025","date_ts":1749340800000,"profit_abs":2.76556506,"wins":1,"draws":0,"losses":4,"trades":5,"profit_factor":2.98348672},{"date":"09/06/2025","date_ts":1749427200000,"profit_abs":26.00003084,"wins":1,"draws":0,"losses":0,"trades":1,"profit_factor":0.0},{"date":"10/06/2025","date_ts":1749513600000,"profit_abs":0.0,"wins":0,"draws":0,"losses":0,"trades":0,"profit_factor":0.0},{"date":"11/06/2025","date_ts":1749600000000,"profit_abs":0.0,"wins":0,"draws":0,"losses":0,"trades":0,"profit_factor":0.0},{"date":"12/06/2025","date_ts":1749686400000,"profit_abs":0.0,"wins":0,"draws":0,"losses":0,"trades":0,"profit_factor":0.0},{"date":"13/06/2025","date_ts":1749772800000,"profit_abs":0.0,"wins":0,"draws":0,"losses":0,"trades":0,"profit_factor":0.0},{"date":"14/06/2025","date_ts":1749859200000,"profit_abs":0.0,"wins":0,"draws":0,"losses":0,"trades":0,"profit_factor":0.0},{"date":"15/06/2025","date_ts":1749945600000,"profit_abs":29.96911833,"wins":1,"draws":0,"losses":0,"trades":1,"profit_factor":0.0},{"date":"16/06/2025","date_ts":1750032000000,"profit_abs":25.14667114,"wins":1,"draws":0,"losses":0,"trades":1,"profit_factor":0.0},{"date":"17/06/2025","date_ts":1750118400000,"profit_abs":0.0,"wins":0,"draws":0,"losses":0,"trades":0,"profit_factor":0.0},{"date":"18/06/2025","date_ts":1750204800000,"profit_abs":0.0,"wins":0,"draws":0,"losses":0,"trades":0,"profit_factor":0.0},{"date":"19/06/2025","date_ts":1750291200000,"profit_abs":3.53189936,"wins":1,"draws":0,"losses":1,"trades":2,"profit_factor":3.05035896}],"week":[{"date":"19/05/2025","date_ts":1747612800000,"profit_abs":-34.28532678,"wins":0,"draws":0,"losses":6,"trades":6,"profit_factor":0.0},{"date":"26/05/2025","date_ts":1748217600000,"profit_abs":42.89877198,"wins":2,"draws":0,"losses":0,"trades":2,"profit_factor":0.0},{"date":"02/06/2025","date_ts":1748822400000,"profit_abs":2.97935349,"wins":2,"draws":0,"losses":0,"trades":2,"profit_factor":0.0},{"date":"09/06/2025","date_ts":1749427200000,"profit_abs":64.82502726,"wins":6,"draws":0,"losses":6,"trades":12,"profit_factor":3.68124046},{"date":"16/06/2025","date_ts":1750032000000,"profit_abs":55.11578947,"wins":2,"draws":0,"losses":0,"trades":2,"profit_factor":0.0},{"date":"23/06/2025","date_ts":1750636800000,"profit_abs":3.53189936,"wins":1,"draws":0,"losses":1,"trades":2,"profit_factor":3.05035896}],"month":[{"date":"31/05/2025","date_ts":1748649600000,"profit_abs":10.22824185,"wins":3,"draws":0,"losses":6,"trades":9,"profit_factor":1.29832709},{"date":"30/06/2025","date_ts":1751241600000,"profit_abs":124.83727293,"wins":10,"draws":0,"losses":7,"trades":17,"profit_factor":5.82000384}],"year":[{"date":"31/12/2025","date_ts":1767139200000,"profit_abs":135.06551478,"wins":13,"draws":0,"losses":13,"trades":26,"profit_factor":3.24416659}]},"backtest_best_day":0.08182421986287598,"backtest_worst_day":-0.057485374628582546,"backtest_best_day_abs":39.42376377,"backtest_worst_day_abs":-28.62747988,"winning_days":12,"draw_days":18,"losing_days":3,"daily_profit":[["2025-05-18",-28.62747988],["2025-05-19",-5.6578469],["2025-05-20",0.0],["2025-05-21",0.0],["2025-05-22",39.42376377],["2025-05-23",0.0],["2025-05-24",0.0],["2025-05-25",3.47500821],["2025-05-26",0.0],["2025-05-27",0.0],["2025-05-28",0.0],["2025-05-29",0.0],["2025-05-30",0.0],["2025-05-31",1.61479665],["2025-06-01",1.36455684],["2025-06-02",0.0],["2025-06-03",21.18361067],["2025-06-04",0.0],["2025-06-05",-22.7612593],["2025-06-06",30.40254858],["2025-06-07",7.23453141],["2025-06-08",2.76556506],["2025-06-09",26.00003084],["2025-06-10",0.0],["2025-06-11",0.0],["2025-06-12",0.0],["2025-06-13",0.0],["2025-06-14",0.0],["2025-06-15",29.96911833],["2025-06-16",25.14667114],["2025-06-17",0.0],["2025-06-18",0.0],["2025-06-19",3.53189936]],"wins":13,"losses":13,"draws":0,"winrate":0.5,"holding_avg":"14:41:00","holding_avg_s":52860.0,"winner_holding_min":"0d 03:45","winner_holding_min_s":13500.0,"winner_holding_max":"2d 14:00","winner_holding_max_s":223200.0,"winner_holding_avg":"1d 00:59","winner_holding_avg_s":89940.0,"loser_holding_min":"0d 00:15","loser_holding_min_s":900.0,"loser_holding_max":"1d 04:00","loser_holding_max_s":100800.0,"loser_holding_avg":"0d 04:23","loser_holding_avg_s":15780.0,"max_consecutive_wins":5,"max_consecutive_losses":6,"max_drawdown_account":0.03428532677999999,"max_relative_drawdown":0.03428532677999999,"max_drawdown_abs":34.285326780000005,"drawdown_start":"2025-05-18 04:30:00","drawdown_start_ts":1747542600000.0,"drawdown_end":"2025-05-19 12:15:00","drawdown_end_ts":1747656900000.0,"max_drawdown_low":-34.285326780000005,"max_drawdown_high":-4.14877973,"csum_min":965.71467322,"csum_max":1136.78809089}},"strategy_comparison":[{"key":"GridBotSample","trades":26,"profit_mean":0.009990976614703637,"profit_mean_pct":1.0,"profit_sum":0.2597653919822946,"profit_sum_pct":25.98,"profit_total_abs":135.06551477999997,"profit_total":0.13506551477999998,"profit_total_pct":13.51,"duration_avg":"14:41:00","wins":13,"draws":0,"losses":13,"winrate":0.5,"cagr":2.8964208475411803,"expectancy":5.194827491538461,"expectancy_ratio":1.122083295533522,"sortino":9.286724776131681,"sharpe":5.138732290376769,"calmar":221.36232121513808,"sqn":1.7587,"profit_factor":3.244166591067044,"max_drawdown_account":0.03428532677999999,"max_drawdown_abs":"34.285"}]}