{"strategy":{"SimpleGrid":{"trades":[{"pair":"ETH/USDT:USDT","stake_amount":989.52282,"max_stake_amount":989.52282,"amount":0.407,"open_date":"2025-05-18 19:45:00+00:00","close_date":"2025-05-19 00:00:00+00:00","open_rate":2431.26,"close_rate":2496.98,"fee_open":0.0005,"fee_close":0.0005,"trade_duration":255,"profit_ratio":0.026055284445819688,"profit_abs":25.79518969,"exit_reason":"exit_signal","initial_stop_loss_abs":2188.14,"initial_stop_loss_ratio":-0.1,"stop_loss_abs":2188.14,"stop_loss_ratio":-0.1,"min_rate":2312.62,"max_rate":2513.38,"is_open":false,"enter_tag":"","leverage":1.0,"is_short":false,"open_timestamp":1747597500000,"close_timestamp":1747612800000,"orders":[{"amount":0.407,"safe_price":2431.26,"ft_order_side":"buy","order_filled_timestamp":1747597500000,"ft_is_entry":true,"ft_order_tag":"","cost":990.0175814099999},{"amount":0.407,"safe_price":2496.98,"ft_order_side":"sell","order_filled_timestamp":1747612800000,"ft_is_entry":false,"ft_order_tag":"exit_signal","cost":1016.7789954299999}],"funding_fees":0.05004652911499999},{"pair":"ETH/USDT:USDT","stake_amount":1013.67485,"max_stake_amount":1013.67485,"amount":0.415,"open_date":"2025-05-19 00:45:00+00:00","close_date":"2025-05-19 15:45:00+00:00","open_rate":2442.59,"close_rate":2465.43,"fee_open":0.0005,"fee_close":0.0005,"trade_duration":900,"profit_ratio":0.008277674793473163,"profit_abs":8.39506619,"exit_reason":"exit_signal","initial_stop_loss_abs":2198.34,"initial_stop_loss_ratio":-0.1,"stop_loss_abs":2198.34,"stop_loss_ratio":-0.1,"min_rate":2346.99,"max_rate":2473.0,"is_open":false,"enter_tag":"","leverage":1.0,"is_short":false,"open_timestamp":1747615500000,"close_timestamp":1747669500000,"orders":[{"amount":0.415,"safe_price":2442.59,"ft_order_side":"buy","order_filled_timestamp":1747615500000,"ft_is_entry":true,"ft_order_tag":"","cost":1014.181687425},{"amount":0.415,"safe_price":2465.43,"ft_order_side":"sell","order_filled_timestamp":1747669500000,"ft_is_entry":false,"ft_order_tag":"exit_signal","cost":1023.6650267249998}],"funding_fees":-0.06511965663512186},{"pair":"SOL/USDT:USDT","stake_amount":1022.4899,"max_stake_amount":1022.4899,"amount":7.19,"open_date":"2025-06-05 20:45:00+00:00","close_date":"2025-06-05 21:45:00+00:00","open_rate":142.21,"close_rate":144.21,"fee_open":0.0005,"fee_close":0.0005,"trade_duration":60,"profit_ratio":0.013050151669822917,"profit_abs":13.3503201,"exit_reason":"exit_signal","initial_stop_loss_abs":127.99,"initial_stop_loss_ratio":-0.1,"stop_loss_abs":127.99,"stop_loss_ratio":-0.1,"min_rate":141.43,"max_rate":144.6,"is_open":false,"enter_tag":"","leverage":1.0,"is_short":false,"open_timestamp":1749156300000,"close_timestamp":1749159900000,"orders":[{"amount":7.19,"safe_price":142.21,"ft_order_side":"buy","order_filled_timestamp":1749156300000,"ft_is_entry":true,"ft_order_tag":"","cost":1023.0011449500001},{"amount":7.19,"safe_price":144.21,"ft_order_side":"sell","order_filled_timestamp":1749159900000,"ft_is_entry":false,"ft_order_tag":"exit_signal","cost":1037.3883349500002}],"funding_fees":0.0},{"pair":"ETH/USDT:USDT","stake_amount":1034.75928,"max_stake_amount":1034.75928,"amount":0.424,"open_date":"2025-06-05 21:45:00+00:00","close_date":"2025-06-06 05:15:00+00:00","open_rate":2440.47,"close_rate":2462.0,"fee_open":0.0005,"fee_close":0.0005,"trade_duration":450,"profit_ratio":0.007825088158383705,"profit_abs":8.10113113,"exit_reason":"exit_signal","initial_stop_loss_abs":2196.43,"initial_stop_loss_ratio":-0.1,"stop_loss_abs":2196.43,"stop_loss_ratio":-0.1,"min_rate":2379.62,"max_rate":2464.6,"is_open":false,"enter_tag":"","leverage":1.0,"is_short":false,"open_timestamp":1749159900000,"close_timestamp":1749186900000,"orders":[{"amount":0.424,"safe_price":2440.47,"ft_order_side":"buy","order_filled_timestamp":1749159900000,"ft_is_entry":true,"ft_order_tag":"","cost":1035.27665964},{"amount":0.424,"safe_price":2462.0,"ft_order_side":"sell","order_filled_timestamp":1749186900000,"ft_is_entry":false,"ft_order_tag":"exit_signal","cost":1044.4099439999998}],"funding_fees":0.011734771778512672},{"pair":"SOL/USDT:USDT","stake_amount":1044.9486,"max_stake_amount":1044.9486,"amount":7.29,"open_date":"2025-06-13 01:45:00+00:00","close_date":"2025-06-13 04:00:00+00:00","open_rate":143.34,"close_rate":144.65,"fee_open":0.0005,"fee_close":0.0005,"trade_duration":135,"profit_ratio":0.00813047501643346,"profit_abs":8.50017645,"exit_reason":"exit_signal","initial_stop_loss_abs":129.01,"initial_stop_loss_ratio":-0.1,"stop_loss_abs":129.01,"stop_loss_ratio":-0.1,"min_rate":140.73,"max_rate":145.25,"is_open":false,"enter_tag":"","leverage":1.0,"is_short":false,"open_timestamp":1749779100000,"close_timestamp":1749787200000,"orders":[{"amount":7.29,"safe_price":143.34,"ft_order_side":"buy","order_filled_timestamp":1749779100000,"ft_is_entry":true,"ft_order_tag":"","cost":1045.4710742999998},{"amount":7.29,"safe_price":144.65,"ft_order_side":"sell","order_filled_timestamp":1749787200000,"ft_is_entry":false,"ft_order_tag":"exit_signal","cost":1055.02574925}],"funding_fees":0.0},{"pair":"SOL/USDT:USDT","stake_amount":1053.2574,"max_stake_amount":1053.2574,"amount":7.41,"open_date":"2025-06-14 20:15:00+00:00","close_date":"2025-06-14 22:00:00+00:00","open_rate":142.14,"close_rate":144.49,"fee_open":0.0005,"fee_close":0.0005,"trade_duration":105,"profit_ratio":0.015516970654956752,"profit_abs":16.35153585,"exit_reason":"exit_signal","initial_stop_loss_abs":127.93,"initial_stop_loss_ratio":-0.1,"stop_loss_abs":127.93,"stop_loss_ratio":-0.1,"min_rate":141.87,"max_rate":144.86,"is_open":false,"enter_tag":"","leverage":1.0,"is_short":false,"open_timestamp":1749932100000,"close_timestamp":1749938400000,"orders":[{"amount":7.41,"safe_price":142.14,"ft_order_side":"buy","order_filled_timestamp":1749932100000,"ft_is_entry":true,"ft_order_tag":"","cost":1053.7840287},{"amount":7.41,"safe_price":144.49,"ft_order_side":"sell","order_filled_timestamp":1749938400000,"ft_is_entry":false,"ft_order_tag":"exit_signal","cost":1071.2062354500001}],"funding_fees":0.0},{"pair":"SOL/USDT:USDT","stake_amount":1068.673,"max_stake_amount":1068.673,"amount":7.51,"open_date":"2025-06-20 16:30:00+00:00","close_date":"2025-06-21 21:45:00+00:00","open_rate":142.3,"close_rate":133.85,"fee_open":0.0005,"fee_close":0.0005,"trade_duration":1755,"profit_ratio":-0.06022315467903637,"profit_abs":-64.39103881,"exit_reason":"exit_signal","initial_stop_loss_abs":128.08,"initial_stop_loss_ratio":-0.1,"stop_loss_abs":128.08,"stop_loss_ratio":-0.1,"min_rate":130.46,"max_rate":142.77,"is_open":false,"enter_tag":"","leverage":1.0,"is_short":false,"open_timestamp":1750437000000,"close_timestamp":1750542300000,"orders":[{"amount":7.51,"safe_price":142.3,"ft_order_side":"buy","order_filled_timestamp":1750437000000,"ft_is_entry":true,"ft_order_tag":"","cost":1069.2073364999999},{"amount":7.51,"safe_price":133.85,"ft_order_side":"sell","order_filled_timestamp":1750542300000,"ft_is_entry":false,"ft_order_tag":"exit_signal","cost":1005.7161067499999}],"funding_fees":0.10540443836500002},{"pair":"SUI/USDT:USDT","stake_amount":1005.89324,"max_stake_amount":1005.89324,"amount":398.8,"open_date":"2025-06-21 21:45:00+00:00","close_date":"2025-06-22 13:30:00+00:00","open_rate":2.5223,"close_rate":2.4279,"fee_open":0.0005,"fee_close":0.0005,"trade_duration":945,"profit_ratio":-0.03852924645931823,"profit_abs":-38.77568671,"exit_reason":"exit_signal","initial_stop_loss_abs":2.2701,"initial_stop_loss_ratio":-0.1,"stop_loss_abs":2.2701,"stop_loss_ratio":-0.1,"min_rate":2.4055,"max_rate":2.6153,"is_open":false,"enter_tag":"","leverage":1.0,"is_short":false,"open_timestamp":1750542300000,"close_timestamp":1750599000000,"orders":[{"amount":398.8,"safe_price":2.5223,"ft_order_side":"buy","order_filled_timestamp":1750542300000,"ft_is_entry":true,"ft_order_tag":"","cost":1006.39618662},{"amount":398.8,"safe_price":2.4279,"ft_order_side":"sell","order_filled_timestamp":1750599000000,"ft_is_entry":false,"ft_order_tag":"exit_signal","cost":968.7306432600001}],"funding_fees":-0.14189682979640003},{"pair":"SUI/USDT:USDT","stake_amount":967.30746,"max_stake_amount":967.30746,"amount":384.6,"open_date":"2025-06-23 06:00:00+00:00","close_date":"2025-06-23 06:45:00+00:00","open_rate":2.5151,"close_rate":2.4979,"fee_open":0.0005,"fee_close":0.0005,"trade_duration":45,"profit_ratio":-0.00783135925973636,"profit_abs":-7.5791199,"exit_reason":"exit_signal","initial_stop_loss_abs":2.2636,"initial_stop_loss_ratio":-0.1,"stop_loss_abs":2.2636,"stop_loss_ratio":-0.1,"min_rate":2.4892,"max_rate":2.5239,"is_open":false,"enter_tag":"","leverage":1.0,"is_short":false,"open_timestamp":1750658400000,"close_timestamp":1750661100000,"orders":[{"amount":384.6,"safe_price":2.5151,"ft_order_side":"buy","order_filled_timestamp":1750658400000,"ft_is_entry":true,"ft_order_tag":"","cost":967.7911137299999},{"amount":384.6,"safe_price":2.4979,"ft_order_side":"sell","order_filled_timestamp":1750661100000,"ft_is_entry":false,"ft_order_tag":"exit_signal","cost":961.17268617}],"funding_fees":0.0},{"pair":"SUI/USDT:USDT","stake_amount":959.82348,"max_stake_amount":959.82348,"amount":381.2,"open_date":"2025-06-23 07:15:00+00:00","close_date":"2025-06-23 08:30:00+00:00","open_rate":2.5179,"close_rate":2.5043,"fee_open":0.0005,"fee_close":0.0005,"trade_duration":75,"profit_ratio":-0.006385445425626712,"profit_abs":-6.1319649,"exit_reason":"exit_signal","initial_stop_loss_abs":2.2662,"initial_stop_loss_ratio":-0.1,"stop_loss_abs":2.2662,"stop_loss_ratio":-0.1,"min_rate":2.494,"max_rate":2.5219,"is_open":false,"enter_tag":"","leverage":1.0,"is_short":false,"open_timestamp":1750662900000,"close_timestamp":1750667400000,"orders":[{"amount":381.2,"safe_price":2.5179,"ft_order_side":"buy","order_filled_timestamp":1750662900000,"ft_is_entry":true,"ft_order_tag":"","cost":960.3033917399999},{"amount":381.2,"safe_price":2.5043,"ft_order_side":"sell","order_filled_timestamp":1750667400000,"ft_is_entry":false,"ft_order_tag":"exit_signal","cost":955.11647958}],"funding_fees":0.009586417600000001},{"pair":"SUI/USDT:USDT","stake_amount":953.95689,"max_stake_amount":953.95689,"amount":377.7,"open_date":"2025-06-23 13:00:00+00:00","close_date":"2025-06-23 13:30:00+00:00","open_rate":2.5257,"close_rate":2.4875,"fee_open":0.0005,"fee_close":0.0005,"trade_duration":30,"profit_ratio":-0.01610890322348823,"profit_abs":-15.37488282,"exit_reason":"exit_signal","initial_stop_loss_abs":2.2732,"initial_stop_loss_ratio":-0.1,"stop_loss_abs":2.2732,"stop_loss_ratio":-0.1,"min_rate":2.4647,"max_rate":2.5573,"is_open":false,"enter_tag":"","leverage":1.0,"is_short":false,"open_timestamp":1750683600000,"close_timestamp":1750685400000,"orders":[{"amount":377.7,"safe_price":2.5257,"ft_order_side":"buy","order_filled_timestamp":1750683600000,"ft_is_entry":true,"ft_order_tag":"","cost":954.433868445},{"amount":377.7,"safe_price":2.4875,"ft_order_side":"sell","order_filled_timestamp":1750685400000,"ft_is_entry":false,"ft_order_tag":"exit_signal","cost":939.9985143749999}],"funding_fees":0.0},{"pair":"SUI/USDT:USDT","stake_amount":938.71475,"max_stake_amount":938.71475,"amount":369.5,"open_date":"2025-06-23 13:45:00+00:00","close_date":"2025-06-23 15:45:00+00:00","open_rate":2.5405,"close_rate":2.495,"fee_open":0.0005,"fee_close":0.0005,"trade_duration":120,"profit_ratio":-0.018891459609117624,"profit_abs":-17.74255863,"exit_reason":"exit_signal","initial_stop_loss_abs":2.2865,"initial_stop_loss_ratio":-0.1,"stop_loss_abs":2.2865,"stop_loss_ratio":-0.1,"min_rate":2.4704,"max_rate":2.5775,"is_open":false,"enter_tag":"","leverage":1.0,"is_short":false,"open_timestamp":1750686300000,"close_timestamp":1750693500000,"orders":[{"amount":369.5,"safe_price":2.5405,"ft_order_side":"buy","order_filled_timestamp":1750686300000,"ft_is_entry":true,"ft_order_tag":"","cost":939.184107375},{"amount":369.5,"safe_price":2.495,"ft_order_side":"sell","order_filled_timestamp":1750693500000,"ft_is_entry":false,"ft_order_tag":"exit_signal","cost":922.36345125}],"funding_fees":0.0},{"pair":"SUI/USDT:USDT","stake_amount":921.10395,"max_stake_amount":921.10395,"amount":365.3,"open_date":"2025-06-23 17:30:00+00:00","close_date":"2025-06-23 20:15:00+00:00","open_rate":2.5215,"close_rate":2.6754,"fee_open":0.0005,"fee_close":0.0005,"trade_duration":165,"profit_ratio":0.059974593304701056,"profit_abs":55.27045621,"exit_reason":"exit_signal","initial_stop_loss_abs":2.2694,"initial_stop_loss_ratio":-0.1,"stop_loss_abs":2.2694,"stop_loss_ratio":-0.1,"min_rate":2.513,"max_rate":2.729,"is_open":false,"enter_tag":"","leverage":1.0,"is_short":false,"open_timestamp":1750699800000,"close_timestamp":1750709700000,"orders":[{"amount":365.3,"safe_price":2.5215,"ft_order_side":"buy","order_filled_timestamp":1750699800000,"ft_is_entry":true,"ft_order_tag":"","cost":921.564501975},{"amount":365.3,"safe_price":2.6754,"ft_order_side":"sell","order_filled_timestamp":1750709700000,"ft_is_entry":false,"ft_order_tag":"exit_signal","cost":977.81228181}],"funding_fees":0.0},{"pair":"SOL/USDT:USDT","stake_amount":975.0155,"max_stake_amount":975.0155,"amount":6.95,"open_date":"2025-06-23 20:15:00+00:00","close_date":"2025-06-23 22:30:00+00:00","open_rate":140.29,"close_rate":146.36,"fee_open":0.0005,"fee_close":0.0005,"trade_duration":135,"profit_ratio":0.042224771141409115,"profit_abs":41.19039125,"exit_reason":"exit_signal","initial_stop_loss_abs":126.27,"initial_stop_loss_ratio":-0.1,"stop_loss_abs":126.27,"stop_loss_ratio":-0.1,"min_rate":140.11,"max_rate":146.88,"is_open":false,"enter_tag":"","leverage":1.0,"is_short":false,"open_timestamp":1750709700000,"close_timestamp":1750717800000,"orders":[{"amount":6.95,"safe_price":140.29,"ft_order_side":"buy","order_filled_timestamp":1750709700000,"ft_is_entry":true,"ft_order_tag":"","cost":975.5030077499999},{"amount":6.95,"safe_price":146.36,"ft_order_side":"sell","order_filled_timestamp":1750717800000,"ft_is_entry":false,"ft_order_tag":"exit_signal","cost":1017.7106010000001}],"funding_fees":0.0},{"pair":"ETH/USDT:USDT","stake_amount":1016.18813,"max_stake_amount":1016.18813,"amount":0.419,"open_date":"2025-06-23 22:30:00+00:00","close_date":"2025-06-24 16:45:00+00:00","open_rate":2425.27,"close_rate":2469.58,"fee_open":0.0005,"fee_close":0.0005,"trade_duration":1095,"profit_ratio":0.01721492219182377,"profit_abs":17.50234639,"exit_reason":"exit_signal","initial_stop_loss_abs":2182.75,"initial_stop_loss_ratio":-0.1,"stop_loss_abs":2182.75,"stop_loss_ratio":-0.1,"min_rate":2374.9,"max_rate":2481.28,"is_open":false,"enter_tag":"","leverage":1.0,"is_short":false,"open_timestamp":1750717800000,"close_timestamp":1750783500000,"orders":[{"amount":0.419,"safe_price":2425.27,"ft_order_side":"buy","order_filled_timestamp":1750717800000,"ft_is_entry":true,"ft_order_tag":"","cost":1016.6962240649999},{"amount":0.419,"safe_price":2469.58,"ft_order_side":"sell","order_filled_timestamp":1750783500000,"ft_is_entry":false,"ft_order_tag":"exit_signal","cost":1035.2713970099999}],"funding_fees":-0.038072532945987635},{"pair":"ETH/USDT:USDT","stake_amount":1033.1325,"max_stake_amount":1033.1325,"amount":0.425,"open_date":"2025-06-24 19:15:00+00:00","close_date":"2025-06-25 01:45:00+00:00","open_rate":2430.9,"close_rate":2461.01,"fee_open":0.0005,"fee_close":0.0005,"trade_duration":390,"profit_ratio":0.01138286150897009,"profit_abs":11.76588417,"exit_reason":"exit_signal","initial_stop_loss_abs":2187.81,"initial_stop_loss_ratio":-0.1,"stop_loss_abs":2187.81,"stop_loss_ratio":-0.1,"min_rate":2416.0,"max_rate":2465.0,"is_open":false,"enter_tag":"","leverage":1.0,"is_short":false,"open_timestamp":1750792500000,"close_timestamp":1750815900000,"orders":[{"amount":0.425,"safe_price":2430.9,"ft_order_side":"buy","order_filled_timestamp":1750792500000,"ft_is_entry":true,"ft_order_tag":"","cost":1033.6490662499998},{"amount":0.425,"safe_price":2461.01,"ft_order_side":"sell","order_filled_timestamp":1750815900000,"ft_is_entry":false,"ft_order_tag":"exit_signal","cost":1046.4522146250001}],"funding_fees":0.008665045094999999},{"pair":"ETH/USDT:USDT","stake_amount":1044.35331,"max_stake_amount":1044.35331,"amount":0.429,"open_date":"2025-06-25 05:00:00+00:00","close_date":"2025-06-26 02:15:00+00:00","open_rate":2434.39,"close_rate":2464.64,"fee_open":0.0005,"fee_close":0.0005,"trade_duration":1275,"profit_ratio":0.011375261389326157,"profit_abs":11.88573178,"exit_reason":"exit_signal","initial_stop_loss_abs":2190.96,"initial_stop_loss_ratio":-0.1,"stop_loss_abs":2190.96,"stop_loss_ratio":-0.1,"min_rate":2388.23,"max_rate":2474.45,"is_open":false,"enter_tag":"","leverage":1.0,"is_short":false,"open_timestamp":1750827600000,"close_timestamp":1750904100000,"orders":[{"amount":0.429,"safe_price":2434.39,"ft_order_side":"buy","order_filled_timestamp":1750827600000,"ft_is_entry":true,"ft_order_tag":"","cost":1044.8754866549998},{"amount":0.429,"safe_price":2464.64,"ft_order_side":"sell","order_filled_timestamp":1750904100000,"ft_is_entry":false,"ft_order_tag":"exit_signal","cost":1057.85922528}],"funding_fees":-0.04067628131711713},{"pair":"SUI/USDT:USDT","stake_amount":1057.2302,"max_stake_amount":1057.2302,"amount":403.0,"open_date":"2025-06-26 13:00:00+00:00","close_date":"2025-06-26 14:45:00+00:00","open_rate":2.6234,"close_rate":2.6541,"fee_open":0.0005,"fee_close":0.0005,"trade_duration":105,"profit_ratio":0.010691174196388884,"profit_abs":11.30868375,"exit_reason":"force_exit","initial_stop_loss_abs":2.3611,"initial_stop_loss_ratio":-0.1,"stop_loss_abs":2.3611,"stop_loss_ratio":-0.1,"min_rate":2.6126,"max_rate":2.6647,"is_open":false,"enter_tag":"","leverage":1.0,"is_short":false,"open_timestamp":1750942800000,"close_timestamp":1750949100000,"orders":[{"amount":403.0,"safe_price":2.6234,"ft_order_side":"buy","order_filled_timestamp":1750942800000,"ft_is_entry":true,"ft_order_tag":"","cost":1057.7588151},{"amount":403.0,"safe_price":2.6541,"ft_order_side":"sell","order_filled_timestamp":1750949100000,"ft_is_entry":false,"ft_order_tag":"force_exit","cost":1070.13710115}],"funding_fees":0.0}],"locks":[],"best_pair":{"key":"ETH/USDT:USDT","trades":6,"profit_mean":0.013688515414632762,"profit_mean_pct":1.37,"profit_sum":0.08213109248779657,"profit_sum_pct":8.21,"profit_total_abs":83.44534935,"profit_total":0.08344534935,"profit_total_pct":8.34,"duration_avg":"12:08:00","wins":6,"draws":0,"losses":0,"winrate":1.0,"cagr":1.0411140947828716,"expectancy":13.907558225,"expectancy_ratio":100.0,"sortino":-100,"sharpe":6.321396956024964,"calmar":-100,"sqn":5.0557,"profit_factor":0.0,"max_drawdown_account":0.0,"max_drawdown_abs":0.0},"worst_pair":{"key":"SUI/USDT:USDT","trades":7,"profit_mean":-0.0024400923537424607,"profit_mean_pct":-0.24,"profit_sum":-0.017080646476197225,"profit_sum_pct":-1.71,"profit_total_abs":-19.025073000000013,"profit_total":-0.019025073000000014,"profit_total_pct":-1.9,"duration_avg":"3:32:00","wins":2,"draws":0,"losses":5,"winrate":0.2857142857142857,"cagr":-0.15717962087409654,"expectancy":-2.717867571428574,"expectancy_ratio":-0.15874613394895332,"sortino":-0.7578666934644875,"sharpe":-0.3227666607100298,"calmar":-10.356041177853601,"sqn":-0.2424,"profit_factor":0.7777554124714656,"max_drawdown_account":0.08560421296000004,"max_drawdown_abs":85.60421296000001},"results_per_pair":[{"key":"ETH/USDT:USDT","trades":6,"profit_mean":0.013688515414632762,"profit_mean_pct":1.37,"profit_sum":0.08213109248779657,"profit_sum_pct":8.21,"profit_total_abs":83.44534935,"profit_total":0.08344534935,"profit_total_pct":8.34,"duration_avg":"12:08:00","wins":6,"draws":0,"losses":0,"winrate":1.0,"cagr":1.0411140947828716,"expectancy":13.907558225,"expectancy_ratio":100.0,"sortino":-100,"sharpe":6.321396956024964,"calmar":-100,"sqn":5.0557,"profit_factor":0.0,"max_drawdown_account":0.0,"max_drawdown_abs":0.0},{"key":"SOL/USDT:USDT","trades":5,"profit_mean":0.0037398427607171756,"profit_mean_pct":0.37,"profit_sum":0.018699213803585878,"profit_sum_pct":1.87,"profit_total_abs":15.00138484,"profit_total":0.01500138484,"profit_total_pct":1.5,"duration_avg":"7:18:00","wins":4,"draws":0,"losses":1,"winrate":0.8,"cagr":0.1417442205353776,"expectancy":3.0002769679999997,"expectancy_ratio":0.046594635269870066,"sortino":-100,"sharpe":0.1966835742577474,"calmar":11.270686533451498,"sqn":0.1688,"profit_factor":1.2329731763493506,"max_drawdown_account":0.062021684412568535,"max_drawdown_abs":64.39103881},{"key":"SUI/USDT:USDT","trades":7,"profit_mean":-0.0024400923537424607,"profit_mean_pct":-0.24,"profit_sum":-0.017080646476197225,"profit_sum_pct":-1.71,"profit_total_abs":-19.025073000000013,"profit_total":-0.019025073000000014,"profit_total_pct":-1.9,"duration_avg":"3:32:00","wins":2,"draws":0,"losses":5,"winrate":0.2857142857142857,"cagr":-0.15717962087409654,"expectancy":-2.717867571428574,"expectancy_ratio":-0.15874613394895332,"sortino":-0.7578666934644875,"sharpe":-0.3227666607100298,"calmar":-10.356041177853601,"sqn":-0.2424,"profit_factor":0.7777554124714656,"max_drawdown_account":0.08560421296000004,"max_drawdown_abs":85.60421296000001},{"key":"TOTAL","trades":18,"profit_mean":0.004652758878621401,"profit_mean_pct":0.47,"profit_sum":0.08374965981518523,"profit_sum_pct":8.37,"profit_total_abs":79.42166119000001,"profit_total":0.07942166119,"profit_total_pct":7.94,"duration_avg":"7:27:00","wins":12,"draws":0,"losses":6,"winrate":0.6666666666666666,"cagr":0.9746130454372965,"expectancy":4.4123145105555555,"expectancy_ratio":0.1764981674481796,"sortino":1.7965058656932336,"sharpe":1.3916126293798747,"calmar":26.659141327940024,"sqn":0.6841,"profit_factor":1.5294945023445392,"max_drawdown_account":0.1388210692221564,"max_drawdown_abs":149.99525177}],"results_per_enter_tag":[{"key":"","trades":18,"profit_mean":0.004652758878621401,"profit_mean_pct":0.47,"profit_sum":0.08374965981518523,"profit_sum_pct":8.37,"profit_total_abs":79.42166119000001,"profit_total":0.07942166119,"profit_total_pct":7.94,"duration_avg":"7:27:00","wins":12,"draws":0,"losses":6,"winrate":0.6666666666666666,"cagr":0.9746130454372965,"expectancy":4.4123145105555555,"expectancy_ratio":0.1764981674481796,"sortino":1.7965058656932336,"sharpe":1.3916126293798747,"calmar":26.659141327940024,"sqn":0.6841,"profit_factor":1.5294945023445392,"max_drawdown_account":0.1388210692221564,"max_drawdown_abs":149.99525177},{"key":"TOTAL","trades":18,"profit_mean":0.004652758878621401,"profit_mean_pct":0.47,"profit_sum":0.08374965981518523,"profit_sum_pct":8.37,"profit_total_abs":79.42166119000001,"profit_total":0.07942166119,"profit_total_pct":7.94,"duration_avg":"7:27:00","wins":12,"draws":0,"losses":6,"winrate":0.6666666666666666,"cagr":0.9746130454372965,"expectancy":4.4123145105555555,"expectancy_ratio":0.1764981674481796,"sortino":1.7965058656932336,"sharpe":1.3916126293798747,"calmar":26.659141327940024,"sqn":0.6841,"profit_factor":1.5294945023445392,"max_drawdown_account":0.1388210692221564,"max_drawdown_abs":149.99525177}],"exit_reason_summary":[{"key":"exit_signal","trades":17,"profit_mean":0.004297557977576256,"profit_mean_pct":0.43,"profit_sum":0.07305848561879634,"profit_sum_pct":7.31,"profit_total_abs":68.11297744000001,"profit_total":0.06811297744000001,"profit_total_pct":6.81,"duration_avg":"7:47:00","wins":11,"draws":0,"losses":6,"winrate":0.6470588235294118,"cagr":0.7978887063678723,"expectancy":4.006645731764706,"expectancy_ratio":0.1602709026246414,"sortino":1.5407051636461857,"sharpe":1.1621391868074962,"calmar":22.86320211177329,"sqn":0.5868,"profit_factor":1.4541008907698174,"max_drawdown_account":0.1388210692221564,"max_drawdown_abs":149.99525177},{"key":"force_exit","trades":1,"profit_mean":0.010691174196388884,"profit_mean_pct":1.07,"profit_sum":0.010691174196388884,"profit_sum_pct":1.07,"profit_total_abs":11.30868375,"profit_total":0.01130868375,"profit_total_pct":1.13,"duration_avg":"1:45:00","wins":1,"draws":0,"losses":0,"winrate":1.0,"cagr":0.10529235317357588,"expectancy":11.30868375,"expectancy_ratio":100.0,"sortino":-100,"sharpe":-100,"calmar":-100,"sqn":-100.0,"profit_factor":0.0,"max_drawdown_account":0.0,"max_drawdown_abs":0.0},{"key":"TOTAL","trades":18,"profit_mean":0.004652758878621401,"profit_mean_pct":0.47,"profit_sum":0.08374965981518523,"profit_sum_pct":8.37,"profit_total_abs":79.42166119000001,"profit_total":0.07942166119,"profit_total_pct":7.94,"duration_avg":"7:27:00","wins":12,"draws":0,"losses":6,"winrate":0.6666666666666666,"cagr":0.9746130454372965,"expectancy":4.4123145105555555,"expectancy_ratio":0.1764981674481796,"sortino":1.7965058656932336,"sharpe":1.3916126293798747,"calmar":26.659141327940024,"sqn":0.6841,"profit_factor":1.5294945023445392,"max_drawdown_account":0.1388210692221564,"max_drawdown_abs":149.99525177}],"mix_tag_stats":[{"key":["","exit_signal"],"trades":17,"profit_mean":0.004297557977576256,"profit_mean_pct":0.43,"profit_sum":0.07305848561879634,"profit_sum_pct":7.31,"profit_total_abs":68.11297744000001,"profit_total":0.06811297744000001,"profit_total_pct":6.81,"duration_avg":"7:47:00","wins":11,"draws":0,"losses":6,"winrate":0.6470588235294118,"cagr":0.7978887063678723,"expectancy":4.006645731764706,"expectancy_ratio":0.1602709026246414,"sortino":1.5407051636461857,"sharpe":1.1621391868074962,"calmar":22.86320211177329,"sqn":0.5868,"profit_factor":1.4541008907698174,"max_drawdown_account":0.1388210692221564,"max_drawdown_abs":149.99525177},{"key":["","force_exit"],"trades":1,"profit_mean":0.010691174196388884,"profit_mean_pct":1.07,"profit_sum":0.010691174196388884,"profit_sum_pct":1.07,"profit_total_abs":11.30868375,"profit_total":0.01130868375,"profit_total_pct":1.13,"duration_avg":"1:45:00","wins":1,"draws":0,"losses":0,"winrate":1.0,"cagr":0.10529235317357588,"expectancy":11.30868375,"expectancy_ratio":100.0,"sortino":-100,"sharpe":-100,"calmar":-100,"sqn":-100.0,"profit_factor":0.0,"max_drawdown_account":0.0,"max_drawdown_abs":0.0},{"key":"TOTAL","trades":18,"profit_mean":0.004652758878621401,"profit_mean_pct":0.47,"profit_sum":0.08374965981518523,"profit_sum_pct":8.37,"profit_total_abs":79.42166119000001,"profit_total":0.07942166119,"profit_total_pct":7.94,"duration_avg":"7:27:00","wins":12,"draws":0,"losses":6,"winrate":0.6666666666666666,"cagr":0.9746130454372965,"expectancy":4.4123145105555555,"expectancy_ratio":0.1764981674481796,"sortino":1.7965058656932336,"sharpe":1.3916126293798747,"calmar":26.659141327940024,"sqn":0.6841,"profit_factor":1.5294945023445392,"max_drawdown_account":0.1388210692221564,"max_drawdown_abs":149.99525177}],"left_open_trades":[{"key":"SUI/USDT:USDT","trades":1,"profit_mean":0.010691174196388884,"profit_mean_pct":1.07,"profit_sum":0.010691174196388884,"profit_sum_pct":1.07,"profit_total_abs":11.30868375,"profit_total":0.01130868375,"profit_total_pct":1.13,"duration_avg":"1:45:00","wins":1,"draws":0,"losses":0,"winrate":1.0,"cagr":0.10529235317357588,"expectancy":11.30868375,"expectancy_ratio":100.0,"sortino":-100,"sharpe":-100,"calmar":-100,"sqn":-100.0,"profit_factor":0.0,"max_drawdown_account":0.0,"max_drawdown_abs":0.0},{"key":"TOTAL","trades":1,"profit_mean":0.010691174196388884,"profit_mean_pct":1.07,"profit_sum":0.010691174196388884,"profit_sum_pct":1.07,"profit_total_abs":11.30868375,"profit_total":0.01130868375,"profit_total_pct":1.13,"duration_avg":"1:45:00","wins":1,"draws":0,"losses":0,"winrate":1.0,"cagr":0.10529235317357588,"expectancy":11.30868375,"expectancy_ratio":100.0,"sortino":-100,"sharpe":-100,"calmar":-100,"sqn":-100.0,"profit_factor":0.0,"max_drawdown_account":0.0,"max_drawdown_abs":0.0}],"total_trades":18,"trade_count_long":18,"trade_count_short":0,"total_volume":36315.910270695,"avg_stake_amount":1005.5580699999999,"profit_mean":0.004652758878621401,"profit_median":0.009484424494931023,"profit_total":0.07942166119,"profit_total_long":0.07942166119,"profit_total_short":0.0,"profit_total_abs":79.42166119000001,"profit_total_long_abs":79.42166119000001,"profit_total_short_abs":0.0,"cagr":0.974613045437293,"expectancy":4.4123145105555555,"expectancy_ratio":0.1764981674481796,"sortino":1.7965058656932336,"sharpe":1.3916126293798747,"calmar":26.659141327940024,"sqn":0.6841,"profit_factor":1.5294945023445392,"backtest_start":"2025-05-16 00:00:00","backtest_start_ts":1747353600000,"backtest_end":"2025-06-26 14:45:00","backtest_end_ts":1750949100000,"backtest_days":41,"backtest_run_start_ts":1750951464,"backtest_run_end_ts":1750951464,"trades_per_day":0.44,"market_change":-0.17586645138119364,"pairlist":["SOL/USDT:USDT","ETH/USDT:USDT","SUI/USDT:USDT"],"stake_amount":"unlimited","stake_currency":"USDT","stake_currency_decimals":3,"starting_balance":1000,"dry_run_wallet":1000,"final_balance":1079.42166119,"rejected_signals":110,"timedout_entry_orders":0,"timedout_exit_orders":0,"canceled_trade_entries":0,"canceled_entry_orders":0,"replaced_entry_orders":0,"max_open_trades":1,"max_open_trades_setting":1,"timeframe":"15m","timeframe_detail":"","timerange":"","enable_protections":false,"strategy_name":"SimpleGrid","stoploss":-0.1,"trailing_stop":false,"trailing_stop_positive":null,"trailing_stop_positive_offset":0.0,"trailing_only_offset_is_reached":false,"use_custom_stoploss":false,"minimal_roi":{},"use_exit_signal":true,"exit_profit_only":false,"exit_profit_offset":0.0,"ignore_roi_if_entry_signal":false,"trading_mode":"futures","margin_mode":"isolated","periodic_breakdown":{"day":[{"date":"19/05/2025","date_ts":1747612800000,"profit_abs":34.19025588,"wins":2,"draws":0,"losses":0,"trades":2,"profit_factor":0.0},{"date":"20/05/2025","date_ts":1747699200000,"profit_abs":0.0,"wins":0,"draws":0,"losses":0,"trades":0,"profit_factor":0.0},{"date":"21/05/2025","date_ts":1747785600000,"profit_abs":0.0,"wins":0,"draws":0,"losses":0,"trades":0,"profit_factor":0.0},{"date":"22/05/2025","date_ts":1747872000000,"profit_abs":0.0,"wins":0,"draws":0,"losses":0,"trades":0,"profit_factor":0.0},{"date":"23/05/2025","date_ts":1747958400000,"profit_abs":0.0,"wins":0,"draws":0,"losses":0,"trades":0,"profit_factor":0.0},{"date":"24/05/2025","date_ts":1748044800000,"profit_abs":0.0,"wins":0,"draws":0,"losses":0,"trades":0,"profit_factor":0.0},{"date":"25/05/2025","date_ts":1748131200000,"profit_abs":0.0,"wins":0,"draws":0,"losses":0,"trades":0,"profit_factor":0.0},{"date":"26/05/2025","date_ts":1748217600000,"profit_abs":0.0,"wins":0,"draws":0,"losses":0,"trades":0,"profit_factor":0.0},{"date":"27/05/2025","date_ts":1748304000000,"profit_abs":0.0,"wins":0,"draws":0,"losses":0,"trades":0,"profit_factor":0.0},{"date":"28/05/2025","date_ts":1748390400000,"profit_abs":0.0,"wins":0,"draws":0,"losses":0,"trades":0,"profit_factor":0.0},{"date":"29/05/2025","date_ts":1748476800000,"profit_abs":0.0,"wins":0,"draws":0,"losses":0,"trades":0,"profit_factor":0.0},{"date":"30/05/2025","date_ts":1748563200000,"profit_abs":0.0,"wins":0,"draws":0,"losses":0,"trades":0,"profit_factor":0.0},{"date":"31/05/2025","date_ts":1748649600000,"profit_abs":0.0,"wins":0,"draws":0,"losses":0,"trades":0,"profit_factor":0.0},{"date":"01/06/2025","date_ts":1748736000000,"profit_abs":0.0,"wins":0,"draws":0,"losses":0,"trades":0,"profit_factor":0.0},{"date":"02/06/2025","date_ts":1748822400000,"profit_abs":0.0,"wins":0,"draws":0,"losses":0,"trades":0,"profit_factor":0.0},{"date":"03/06/2025","date_ts":1748908800000,"profit_abs":0.0,"wins":0,"draws":0,"losses":0,"trades":0,"profit_factor":0.0},{"date":"04/06/2025","date_ts":1748995200000,"profit_abs":0.0,"wins":0,"draws":0,"losses":0,"trades":0,"profit_factor":0.0},{"date":"05/06/2025","date_ts":1749081600000,"profit_abs":13.3503201,"wins":1,"draws":0,"losses":0,"trades":1,"profit_factor":0.0},{"date":"06/06/2025","date_ts":1749168000000,"profit_abs":8.10113113,"wins":1,"draws":0,"losses":0,"trades":1,"profit_factor":0.0},{"date":"07/06/2025","date_ts":1749254400000,"profit_abs":0.0,"wins":0,"draws":0,"losses":0,"trades":0,"profit_factor":0.0},{"date":"08/06/2025","date_ts":1749340800000,"profit_abs":0.0,"wins":0,"draws":0,"losses":0,"trades":0,"profit_factor":0.0},{"date":"09/06/2025","date_ts":1749427200000,"profit_abs":0.0,"wins":0,"draws":0,"losses":0,"trades":0,"profit_factor":0.0},{"date":"10/06/2025","date_ts":1749513600000,"profit_abs":0.0,"wins":0,"draws":0,"losses":0,"trades":0,"profit_factor":0.0},{"date":"11/06/2025","date_ts":1749600000000,"profit_abs":0.0,"wins":0,"draws":0,"losses":0,"trades":0,"profit_factor":0.0},{"date":"12/06/2025","date_ts":1749686400000,"profit_abs":0.0,"wins":0,"draws":0,"losses":0,"trades":0,"profit_factor":0.0},{"date":"13/06/2025","date_ts":1749772800000,"profit_abs":8.50017645,"wins":1,"draws":0,"losses":0,"trades":1,"profit_factor":0.0},{"date":"14/06/2025","date_ts":1749859200000,"profit_abs":16.35153585,"wins":1,"draws":0,"losses":0,"trades":1,"profit_factor":0.0},{"date":"15/06/2025","date_ts":1749945600000,"profit_abs":0.0,"wins":0,"draws":0,"losses":0,"trades":0,"profit_factor":0.0},{"date":"16/06/2025","date_ts":1750032000000,"profit_abs":0.0,"wins":0,"draws":0,"losses":0,"trades":0,"profit_factor":0.0},{"date":"17/06/2025","date_ts":1750118400000,"profit_abs":0.0,"wins":0,"draws":0,"losses":0,"trades":0,"profit_factor":0.0},{"date":"18/06/2025","date_ts":1750204800000,"profit_abs":0.0,"wins":0,"draws":0,"losses":0,"trades":0,"profit_factor":0.0},{"date":"19/06/2025","date_ts":1750291200000,"profit_abs":0.0,"wins":0,"draws":0,"losses":0,"trades":0,"profit_factor":0.0},{"date":"20/06/2025","date_ts":1750377600000,"profit_abs":0.0,"wins":0,"draws":0,"losses":0,"trades":0,"profit_factor":0.0},{"date":"21/06/2025","date_ts":1750464000000,"profit_abs":-64.39103881,"wins":0,"draws":0,"losses":1,"trades":1,"profit_factor":0.0},{"date":"22/06/2025","date_ts":1750550400000,"profit_abs":-38.77568671,"wins":0,"draws":0,"losses":1,"trades":1,"profit_factor":0.0},{"date":"23/06/2025","date_ts":1750636800000,"profit_abs":49.63232121,"wins":2,"draws":0,"losses":4,"trades":6,"profit_factor":2.05987365},{"date":"24/06/2025","date_ts":1750723200000,"profit_abs":17.50234639,"wins":1,"draws":0,"losses":0,"trades":1,"profit_factor":0.0},{"date":"25/06/2025","date_ts":1750809600000,"profit_abs":11.76588417,"wins":1,"draws":0,"losses":0,"trades":1,"profit_factor":0.0},{"date":"26/06/2025","date_ts":1750896000000,"profit_abs":23.19441553,"wins":2,"draws":0,"losses":0,"trades":2,"profit_factor":0.0}],"week":[{"date":"19/05/2025","date_ts":1747612800000,"profit_abs":34.19025588,"wins":2,"draws":0,"losses":0,"trades":2,"profit_factor":0.0},{"date":"26/05/2025","date_ts":1748217600000,"profit_abs":0.0,"wins":0,"draws":0,"losses":0,"trades":0,"profit_factor":0.0},{"date":"02/06/2025","date_ts":1748822400000,"profit_abs":0.0,"wins":0,"draws":0,"losses":0,"trades":0,"profit_factor":0.0},{"date":"09/06/2025","date_ts":1749427200000,"profit_abs":21.45145123,"wins":2,"draws":0,"losses":0,"trades":2,"profit_factor":0.0},{"date":"16/06/2025","date_ts":1750032000000,"profit_abs":24.8517123,"wins":2,"draws":0,"losses":0,"trades":2,"profit_factor":0.0},{"date":"23/06/2025","date_ts":1750636800000,"profit_abs":-53.53440431,"wins":2,"draws":0,"losses":6,"trades":8,"profit_factor":0.64309267},{"date":"30/06/2025","date_ts":1751241600000,"profit_abs":52.46264609,"wins":4,"draws":0,"losses":0,"trades":4,"profit_factor":0.0}],"month":[{"date":"31/05/2025","date_ts":1748649600000,"profit_abs":34.19025588,"wins":2,"draws":0,"losses":0,"trades":2,"profit_factor":0.0},{"date":"30/06/2025","date_ts":1751241600000,"profit_abs":45.23140531,"wins":10,"draws":0,"losses":6,"trades":16,"profit_factor":1.30155225}],"year":[{"date":"31/12/2025","date_ts":1767139200000,"profit_abs":79.42166119,"wins":12,"draws":0,"losses":6,"trades":18,"profit_factor":1.5294945}]},"backtest_best_day":0.05298219692814125,"backtest_worst_day":-0.06022315467903637,"backtest_best_day_abs":49.63232121,"backtest_worst_day_abs":-64.39103881,"winning_days":9,"draw_days":28,"losing_days":2,"daily_profit":[["2025-05-19",34.19025588],["2025-05-20",0.0],["2025-05-21",0.0],["2025-05-22",0.0],["2025-05-23",0.0],["2025-05-24",0.0],["2025-05-25",0.0],["2025-05-26",0.0],["2025-05-27",0.0],["2025-05-28",0.0],["2025-05-29",0.0],["2025-05-30",0.0],["2025-05-31",0.0],["2025-06-01",0.0],["2025-06-02",0.0],["2025-06-03",0.0],["2025-06-04",0.0],["2025-06-05",13.3503201],["2025-06-06",8.10113113],["2025-06-07",0.0],["2025-06-08",0.0],["2025-06-09",0.0],["2025-06-10",0.0],["2025-06-11",0.0],["2025-06-12",0.0],["2025-06-13",8.50017645],["2025-06-14",16.35153585],["2025-06-15",0.0],["2025-06-16",0.0],["2025-06-17",0.0],["2025-06-18",0.0],["2025-06-19",0.0],["2025-06-20",0.0],["2025-06-21",-64.39103881],["2025-06-22",-38.77568671],["2025-06-23",49.63232121],["2025-06-24",17.50234639],["2025-06-25",11.76588417],["2025-06-26",23.19441553]],"wins":12,"losses":6,"draws":0,"winrate":0.6666666666666666,"holding_avg":"7:27:00","holding_avg_s":26820.0,"winner_holding_min":"0d 01:00","winner_holding_min_s":3600.0,"winner_holding_max":"0d 21:15","winner_holding_max_s":76500.0,"winner_holding_avg":"0d 07:02","winner_holding_avg_s":25320.0,"loser_holding_min":"0d 00:30","loser_holding_min_s":1800.0,"loser_holding_max":"1d 05:15","loser_holding_max_s":105300.0,"loser_holding_avg":"0d 08:15","loser_holding_avg_s":29700.0,"max_consecutive_wins":6,"max_consecutive_losses":6,"max_drawdown_account":0.1388210692221564,"max_relative_drawdown":0.1388210692221564,"max_drawdown_abs":149.99525177,"drawdown_start":"2025-06-14 22:00:00","drawdown_start_ts":1749938400000.0,"drawdown_end":"2025-06-23 15:45:00","drawdown_end_ts":1750693500000.0,"max_drawdown_low":-69.50183236000001,"max_drawdown_high":80.49341941,"csum_min":930.49816764,"csum_max":1080.4934194100001}},"strategy_comparison":[{"key":"SimpleGrid","trades":18,"profit_mean":0.004652758878621401,"profit_mean_pct":0.47,"profit_sum":0.08374965981518523,"profit_sum_pct":8.37,"profit_total_abs":79.42166119000001,"profit_total":0.07942166119,"profit_total_pct":7.94,"duration_avg":"7:27:00","wins":12,"draws":0,"losses":6,"winrate":0.6666666666666666,"cagr":0.9746130454372965,"expectancy":4.4123145105555555,"expectancy_ratio":0.1764981674481796,"sortino":1.7965058656932336,"sharpe":1.3916126293798747,"calmar":26.659141327940024,"sqn":0.6841,"profit_factor":1.5294945023445392,"max_drawdown_account":0.1388210692221564,"max_drawdown_abs":"149.995"}]}