{"strategy":{"GridBotSample":{"trades":[{"pair":"SUI/USDT:USDT","stake_amount":329.88495,"max_stake_amount":329.88495,"amount":116.3,"open_date":"2025-06-14 17:00:00+00:00","close_date":"2025-06-15 04:45:00+00:00","open_rate":2.8365,"close_rate":3.0084,"fee_open":0.0005,"fee_close":0.0005,"trade_duration":705,"profit_ratio":0.05954536658874578,"profit_abs":19.65294184,"exit_reason":"exit_signal","initial_stop_loss_abs":2.5529,"initial_stop_loss_ratio":-0.1,"stop_loss_abs":2.5529,"stop_loss_ratio":-0.1,"min_rate":2.8034,"max_rate":3.0124,"is_open":false,"enter_tag":"","leverage":1.0,"is_short":false,"open_timestamp":1749920400000,"close_timestamp":1749962700000,"orders":[{"amount":116.3,"safe_price":2.8365,"ft_order_side":"buy","order_filled_timestamp":1749920400000,"ft_is_entry":true,"ft_order_tag":"","cost":330.049892475},{"amount":116.3,"safe_price":3.0084,"ft_order_side":"sell","order_filled_timestamp":1749962700000,"ft_is_entry":false,"ft_order_tag":"exit_signal","cost":350.05185845999995}],"funding_fees":0.0008527757975999999},{"pair":"SUI/USDT:USDT","stake_amount":336.2903,"max_stake_amount":336.2903,"amount":118.6,"open_date":"2025-06-17 15:30:00+00:00","close_date":"2025-06-18 07:30:00+00:00","open_rate":2.8355,"close_rate":2.8614,"fee_open":0.0005,"fee_close":0.0005,"trade_duration":960,"profit_ratio":0.008024768017923536,"profit_abs":2.70000097,"exit_reason":"force_exit","initial_stop_loss_abs":2.552,"initial_stop_loss_ratio":-0.1,"stop_loss_abs":2.552,"stop_loss_ratio":-0.1,"min_rate":2.8001,"max_rate":2.9175,"is_open":false,"enter_tag":"","leverage":1.0,"is_short":false,"open_timestamp":1750174200000,"close_timestamp":1750231800000,"orders":[{"amount":118.6,"safe_price":2.8355,"ft_order_side":"buy","order_filled_timestamp":1750174200000,"ft_is_entry":true,"ft_order_tag":"","cost":336.45844515},{"amount":118.6,"safe_price":2.8614,"ft_order_side":"sell","order_filled_timestamp":1750231800000,"ft_is_entry":false,"ft_order_tag":"force_exit","cost":339.53172101999996}],"funding_fees":-0.0339128583016}],"locks":[],"best_pair":{"key":"SUI/USDT:USDT","trades":2,"profit_mean":0.03378506730333466,"profit_mean_pct":3.38,"profit_sum":0.06757013460666932,"profit_sum_pct":6.76,"profit_total_abs":22.352942810000002,"profit_total":0.022352942810000002,"profit_total_pct":2.24,"duration_avg":"13:52:00","wins":2,"draws":0,"losses":0,"winrate":1.0,"cagr":0.3086103746076536,"expectancy":11.176471405000001,"expectancy_ratio":100.0,"sortino":-100,"sharpe":1.6793639759689254,"calmar":-100,"sqn":1.3185,"profit_factor":0.0,"max_drawdown_account":0.0,"max_drawdown_abs":0.0},"worst_pair":{"key":"SUI/USDT:USDT","trades":2,"profit_mean":0.03378506730333466,"profit_mean_pct":3.38,"profit_sum":0.06757013460666932,"profit_sum_pct":6.76,"profit_total_abs":22.352942810000002,"profit_total":0.022352942810000002,"profit_total_pct":2.24,"duration_avg":"13:52:00","wins":2,"draws":0,"losses":0,"winrate":1.0,"cagr":0.3086103746076536,"expectancy":11.176471405000001,"expectancy_ratio":100.0,"sortino":-100,"sharpe":1.6793639759689254,"calmar":-100,"sqn":1.3185,"profit_factor":0.0,"max_drawdown_account":0.0,"max_drawdown_abs":0.0},"results_per_pair":[{"key":"SUI/USDT:USDT","trades":2,"profit_mean":0.03378506730333466,"profit_mean_pct":3.38,"profit_sum":0.06757013460666932,"profit_sum_pct":6.76,"profit_total_abs":22.352942810000002,"profit_total":0.022352942810000002,"profit_total_pct":2.24,"duration_avg":"13:52:00","wins":2,"draws":0,"losses":0,"winrate":1.0,"cagr":0.3086103746076536,"expectancy":11.176471405000001,"expectancy_ratio":100.0,"sortino":-100,"sharpe":1.6793639759689254,"calmar":-100,"sqn":1.3185,"profit_factor":0.0,"max_drawdown_account":0.0,"max_drawdown_abs":0.0},{"key":"TOTAL","trades":2,"profit_mean":0.03378506730333466,"profit_mean_pct":3.38,"profit_sum":0.06757013460666932,"profit_sum_pct":6.76,"profit_total_abs":22.352942810000002,"profit_total":0.022352942810000002,"profit_total_pct":2.24,"duration_avg":"13:52:00","wins":2,"draws":0,"losses":0,"winrate":1.0,"cagr":0.3086103746076536,"expectancy":11.176471405000001,"expectancy_ratio":100.0,"sortino":-100,"sharpe":1.6793639759689254,"calmar":-100,"sqn":1.3185,"profit_factor":0.0,"max_drawdown_account":0.0,"max_drawdown_abs":0.0}],"results_per_enter_tag":[{"key":"","trades":2,"profit_mean":0.03378506730333466,"profit_mean_pct":3.38,"profit_sum":0.06757013460666932,"profit_sum_pct":6.76,"profit_total_abs":22.352942810000002,"profit_total":0.022352942810000002,"profit_total_pct":2.24,"duration_avg":"13:52:00","wins":2,"draws":0,"losses":0,"winrate":1.0,"cagr":0.3086103746076536,"expectancy":11.176471405000001,"expectancy_ratio":100.0,"sortino":-100,"sharpe":1.6793639759689254,"calmar":-100,"sqn":1.3185,"profit_factor":0.0,"max_drawdown_account":0.0,"max_drawdown_abs":0.0},{"key":"TOTAL","trades":2,"profit_mean":0.03378506730333466,"profit_mean_pct":3.38,"profit_sum":0.06757013460666932,"profit_sum_pct":6.76,"profit_total_abs":22.352942810000002,"profit_total":0.022352942810000002,"profit_total_pct":2.24,"duration_avg":"13:52:00","wins":2,"draws":0,"losses":0,"winrate":1.0,"cagr":0.3086103746076536,"expectancy":11.176471405000001,"expectancy_ratio":100.0,"sortino":-100,"sharpe":1.6793639759689254,"calmar":-100,"sqn":1.3185,"profit_factor":0.0,"max_drawdown_account":0.0,"max_drawdown_abs":0.0}],"exit_reason_summary":[{"key":"exit_signal","trades":1,"profit_mean":0.05954536658874578,"profit_mean_pct":5.95,"profit_sum":0.05954536658874578,"profit_sum_pct":5.95,"profit_total_abs":19.65294184,"profit_total":0.01965294184,"profit_total_pct":1.97,"duration_avg":"11:45:00","wins":1,"draws":0,"losses":0,"winrate":1.0,"cagr":0.2671769028194726,"expectancy":19.65294184,"expectancy_ratio":100.0,"sortino":-100,"sharpe":-100,"calmar":-100,"sqn":-100.0,"profit_factor":0.0,"max_drawdown_account":0.0,"max_drawdown_abs":0.0},{"key":"force_exit","trades":1,"profit_mean":0.008024768017923536,"profit_mean_pct":0.8,"profit_sum":0.008024768017923536,"profit_sum_pct":0.8,"profit_total_abs":2.70000097,"profit_total":0.00270000097,"profit_total_pct":0.27,"duration_avg":"16:00:00","wins":1,"draws":0,"losses":0,"winrate":1.0,"cagr":0.03334978527910182,"expectancy":2.70000097,"expectancy_ratio":100.0,"sortino":-100,"sharpe":-100,"calmar":-100,"sqn":-100.0,"profit_factor":0.0,"max_drawdown_account":0.0,"max_drawdown_abs":0.0},{"key":"TOTAL","trades":2,"profit_mean":0.03378506730333466,"profit_mean_pct":3.38,"profit_sum":0.06757013460666932,"profit_sum_pct":6.76,"profit_total_abs":22.352942810000002,"profit_total":0.022352942810000002,"profit_total_pct":2.24,"duration_avg":"13:52:00","wins":2,"draws":0,"losses":0,"winrate":1.0,"cagr":0.3086103746076536,"expectancy":11.176471405000001,"expectancy_ratio":100.0,"sortino":-100,"sharpe":1.6793639759689254,"calmar":-100,"sqn":1.3185,"profit_factor":0.0,"max_drawdown_account":0.0,"max_drawdown_abs":0.0}],"mix_tag_stats":[{"key":["","exit_signal"],"trades":1,"profit_mean":0.05954536658874578,"profit_mean_pct":5.95,"profit_sum":0.05954536658874578,"profit_sum_pct":5.95,"profit_total_abs":19.65294184,"profit_total":0.01965294184,"profit_total_pct":1.97,"duration_avg":"11:45:00","wins":1,"draws":0,"losses":0,"winrate":1.0,"cagr":0.2671769028194726,"expectancy":19.65294184,"expectancy_ratio":100.0,"sortino":-100,"sharpe":-100,"calmar":-100,"sqn":-100.0,"profit_factor":0.0,"max_drawdown_account":0.0,"max_drawdown_abs":0.0},{"key":["","force_exit"],"trades":1,"profit_mean":0.008024768017923536,"profit_mean_pct":0.8,"profit_sum":0.008024768017923536,"profit_sum_pct":0.8,"profit_total_abs":2.70000097,"profit_total":0.00270000097,"profit_total_pct":0.27,"duration_avg":"16:00:00","wins":1,"draws":0,"losses":0,"winrate":1.0,"cagr":0.03334978527910182,"expectancy":2.70000097,"expectancy_ratio":100.0,"sortino":-100,"sharpe":-100,"calmar":-100,"sqn":-100.0,"profit_factor":0.0,"max_drawdown_account":0.0,"max_drawdown_abs":0.0},{"key":"TOTAL","trades":2,"profit_mean":0.03378506730333466,"profit_mean_pct":3.38,"profit_sum":0.06757013460666932,"profit_sum_pct":6.76,"profit_total_abs":22.352942810000002,"profit_total":0.022352942810000002,"profit_total_pct":2.24,"duration_avg":"13:52:00","wins":2,"draws":0,"losses":0,"winrate":1.0,"cagr":0.3086103746076536,"expectancy":11.176471405000001,"expectancy_ratio":100.0,"sortino":-100,"sharpe":1.6793639759689254,"calmar":-100,"sqn":1.3185,"profit_factor":0.0,"max_drawdown_account":0.0,"max_drawdown_abs":0.0}],"left_open_trades":[{"key":"SUI/USDT:USDT","trades":1,"profit_mean":0.008024768017923536,"profit_mean_pct":0.8,"profit_sum":0.008024768017923536,"profit_sum_pct":0.8,"profit_total_abs":2.70000097,"profit_total":0.00270000097,"profit_total_pct":0.27,"duration_avg":"16:00:00","wins":1,"draws":0,"losses":0,"winrate":1.0,"cagr":0.03334978527910182,"expectancy":2.70000097,"expectancy_ratio":100.0,"sortino":-100,"sharpe":-100,"calmar":-100,"sqn":-100.0,"profit_factor":0.0,"max_drawdown_account":0.0,"max_drawdown_abs":0.0},{"key":"TOTAL","trades":1,"profit_mean":0.008024768017923536,"profit_mean_pct":0.8,"profit_sum":0.008024768017923536,"profit_sum_pct":0.8,"profit_total_abs":2.70000097,"profit_total":0.00270000097,"profit_total_pct":0.27,"duration_avg":"16:00:00","wins":1,"draws":0,"losses":0,"winrate":1.0,"cagr":0.03334978527910182,"expectancy":2.70000097,"expectancy_ratio":100.0,"sortino":-100,"sharpe":-100,"calmar":-100,"sqn":-100.0,"profit_factor":0.0,"max_drawdown_account":0.0,"max_drawdown_abs":0.0}],"total_trades":2,"trade_count_long":2,"trade_count_short":0,"total_volume":1356.091917105,"avg_stake_amount":333.087625,"profit_mean":0.03378506730333466,"profit_median":0.03378506730333466,"profit_total":0.022352942810000002,"profit_total_long":0.022352942810000002,"profit_total_short":0.0,"profit_total_abs":22.352942810000002,"profit_total_long_abs":22.352942810000002,"profit_total_short_abs":0.0,"cagr":0.3086103746076536,"expectancy":11.176471405000001,"expectancy_ratio":100.0,"sortino":-100,"sharpe":1.6793639759689254,"calmar":-100,"sqn":1.3185,"profit_factor":0.0,"backtest_start":"2025-05-19 00:00:00","backtest_start_ts":1747612800000,"backtest_end":"2025-06-18 07:30:00","backtest_end_ts":1750231800000,"backtest_days":30,"backtest_run_start_ts":1750233253,"backtest_run_end_ts":1750233253,"trades_per_day":0.07,"market_change":-0.2681250159719915,"pairlist":["SUI/USDT:USDT"],"stake_amount":"unlimited","stake_currency":"USDT","stake_currency_decimals":3,"starting_balance":1000,"dry_run_wallet":1000,"final_balance":1022.3529428100001,"rejected_signals":0,"timedout_entry_orders":0,"timedout_exit_orders":0,"canceled_trade_entries":0,"canceled_entry_orders":0,"replaced_entry_orders":0,"max_open_trades":1,"max_open_trades_setting":3,"timeframe":"15m","timeframe_detail":"","timerange":"","enable_protections":false,"strategy_name":"GridBotSample","stoploss":-0.1,"trailing_stop":false,"trailing_stop_positive":null,"trailing_stop_positive_offset":0.0,"trailing_only_offset_is_reached":false,"use_custom_stoploss":false,"minimal_roi":{},"use_exit_signal":true,"exit_profit_only":false,"exit_profit_offset":0.0,"ignore_roi_if_entry_signal":false,"trading_mode":"futures","margin_mode":"isolated","periodic_breakdown":{"day":[{"date":"15/06/2025","date_ts":1749945600000,"profit_abs":19.65294184,"wins":1,"draws":0,"losses":0,"trades":1,"profit_factor":0.0},{"date":"16/06/2025","date_ts":1750032000000,"profit_abs":0.0,"wins":0,"draws":0,"losses":0,"trades":0,"profit_factor":0.0},{"date":"17/06/2025","date_ts":1750118400000,"profit_abs":0.0,"wins":0,"draws":0,"losses":0,"trades":0,"profit_factor":0.0},{"date":"18/06/2025","date_ts":1750204800000,"profit_abs":2.70000097,"wins":1,"draws":0,"losses":0,"trades":1,"profit_factor":0.0}],"week":[{"date":"16/06/2025","date_ts":1750032000000,"profit_abs":19.65294184,"wins":1,"draws":0,"losses":0,"trades":1,"profit_factor":0.0},{"date":"23/06/2025","date_ts":1750636800000,"profit_abs":2.70000097,"wins":1,"draws":0,"losses":0,"trades":1,"profit_factor":0.0}],"month":[{"date":"30/06/2025","date_ts":1751241600000,"profit_abs":22.35294281,"wins":2,"draws":0,"losses":0,"trades":2,"profit_factor":0.0}],"year":[{"date":"31/12/2025","date_ts":1767139200000,"profit_abs":22.35294281,"wins":2,"draws":0,"losses":0,"trades":2,"profit_factor":0.0}]},"backtest_best_day":0.05954536658874578,"backtest_worst_day":0.0,"backtest_best_day_abs":19.65294184,"backtest_worst_day_abs":0.0,"winning_days":2,"draw_days":2,"losing_days":0,"daily_profit":[["2025-06-15",19.65294184],["2025-06-16",0.0],["2025-06-17",0.0],["2025-06-18",2.70000097]],"wins":2,"losses":0,"draws":0,"winrate":1.0,"holding_avg":"13:52:00","holding_avg_s":49920.0,"winner_holding_min":"0d 11:45","winner_holding_min_s":42300.0,"winner_holding_max":"0d 16:00","winner_holding_max_s":57600.0,"winner_holding_avg":"0d 13:52","winner_holding_avg_s":49920.0,"loser_holding_min":"0d 00:00","loser_holding_min_s":0.0,"loser_holding_max":"0d 00:00","loser_holding_max_s":0.0,"loser_holding_avg":"0d 00:00","loser_holding_avg_s":0.0,"max_consecutive_wins":2,"max_consecutive_losses":0,"max_drawdown_account":0.0,"max_relative_drawdown":0.0,"max_drawdown_abs":0.0,"drawdown_start":"2025-06-15 04:45:00","drawdown_start_ts":1749962700000.0,"drawdown_end":"2025-06-15 04:45:00","drawdown_end_ts":1749962700000.0,"max_drawdown_low":19.65294184,"max_drawdown_high":19.65294184,"csum_min":1019.65294184,"csum_max":1022.3529428100001}},"strategy_comparison":[{"key":"GridBotSample","trades":2,"profit_mean":0.03378506730333466,"profit_mean_pct":3.38,"profit_sum":0.06757013460666932,"profit_sum_pct":6.76,"profit_total_abs":22.352942810000002,"profit_total":0.022352942810000002,"profit_total_pct":2.24,"duration_avg":"13:52:00","wins":2,"draws":0,"losses":0,"winrate":1.0,"cagr":0.3086103746076536,"expectancy":11.176471405000001,"expectancy_ratio":100.0,"sortino":-100,"sharpe":1.6793639759689254,"calmar":-100,"sqn":1.3185,"profit_factor":0.0,"max_drawdown_account":0.0,"max_drawdown_abs":"0"}]}