{"strategy":{"SimpleGrid":{"trades":[{"pair":"ETH/USDT:USDT","stake_amount":65.64402,"max_stake_amount":65.64402,"amount":0.027,"open_date":"2025-05-18 19:45:00+00:00","close_date":"2025-05-19 00:00:00+00:00","open_rate":2431.26,"close_rate":2496.98,"fee_open":0.0005,"fee_close":0.0005,"trade_duration":255,"profit_ratio":0.026055284444697374,"profit_abs":1.7112288,"exit_reason":"exit_signal","initial_stop_loss_abs":2188.14,"initial_stop_loss_ratio":-0.1,"stop_loss_abs":2188.14,"stop_loss_ratio":-0.1,"min_rate":2312.62,"max_rate":2513.38,"is_open":false,"enter_tag":"","leverage":1.0,"is_short":false,"open_timestamp":1747597500000,"close_timestamp":1747612800000,"orders":[{"amount":0.027,"safe_price":2431.26,"ft_order_side":"buy","order_filled_timestamp":1747597500000,"ft_is_entry":true,"ft_order_tag":"","cost":65.67684201},{"amount":0.027,"safe_price":2496.98,"ft_order_side":"sell","order_filled_timestamp":1747612800000,"ft_is_entry":false,"ft_order_tag":"exit_signal","cost":67.45216923}],"funding_fees":0.0033200400149999993},{"pair":"ETH/USDT:USDT","stake_amount":65.94993,"max_stake_amount":65.94993,"amount":0.027,"open_date":"2025-05-19 00:45:00+00:00","close_date":"2025-05-19 15:45:00+00:00","open_rate":2442.59,"close_rate":2465.43,"fee_open":0.0005,"fee_close":0.0005,"trade_duration":900,"profit_ratio":0.008277674805159283,"profit_abs":0.54618503,"exit_reason":"exit_signal","initial_stop_loss_abs":2198.34,"initial_stop_loss_ratio":-0.1,"stop_loss_abs":2198.34,"stop_loss_ratio":-0.1,"min_rate":2346.99,"max_rate":2473.0,"is_open":false,"enter_tag":"","leverage":1.0,"is_short":false,"open_timestamp":1747615500000,"close_timestamp":1747669500000,"orders":[{"amount":0.027,"safe_price":2442.59,"ft_order_side":"buy","order_filled_timestamp":1747615500000,"ft_is_entry":true,"ft_order_tag":"","cost":65.982904965},{"amount":0.027,"safe_price":2465.43,"ft_order_side":"sell","order_filled_timestamp":1747669500000,"ft_is_entry":false,"ft_order_tag":"exit_signal","cost":66.599893305}],"funding_fees":-0.004236700552164555},{"pair":"SOL/USDT:USDT","stake_amount":65.4166,"max_stake_amount":65.4166,"amount":0.46,"open_date":"2025-06-05 20:45:00+00:00","close_date":"2025-06-05 21:45:00+00:00","open_rate":142.21,"close_rate":144.21,"fee_open":0.0005,"fee_close":0.0005,"trade_duration":60,"profit_ratio":0.013050151669822919,"profit_abs":0.8541234,"exit_reason":"exit_signal","initial_stop_loss_abs":127.99,"initial_stop_loss_ratio":-0.1,"stop_loss_abs":127.99,"stop_loss_ratio":-0.1,"min_rate":141.43,"max_rate":144.6,"is_open":false,"enter_tag":"","leverage":1.0,"is_short":false,"open_timestamp":1749156300000,"close_timestamp":1749159900000,"orders":[{"amount":0.46,"safe_price":142.21,"ft_order_side":"buy","order_filled_timestamp":1749156300000,"ft_is_entry":true,"ft_order_tag":"","cost":65.4493083},{"amount":0.46,"safe_price":144.21,"ft_order_side":"sell","order_filled_timestamp":1749159900000,"ft_is_entry":false,"ft_order_tag":"exit_signal","cost":66.3697683}],"funding_fees":0.0},{"pair":"ETH/USDT:USDT","stake_amount":65.2779,"max_stake_amount":65.2779,"amount":0.027,"open_date":"2025-06-05 20:45:00+00:00","close_date":"2025-06-06 05:15:00+00:00","open_rate":2417.7,"close_rate":2462.0,"fee_open":0.0005,"fee_close":0.0005,"trade_duration":510,"profit_ratio":0.0173168270876748,"profit_abs":1.13097131,"exit_reason":"exit_signal","initial_stop_loss_abs":2175.93,"initial_stop_loss_ratio":-0.1,"stop_loss_abs":2175.93,"stop_loss_ratio":-0.1,"min_rate":2379.62,"max_rate":2464.6,"is_open":false,"enter_tag":"","leverage":1.0,"is_short":false,"open_timestamp":1749156300000,"close_timestamp":1749186900000,"orders":[{"amount":0.027,"safe_price":2417.7,"ft_order_side":"buy","order_filled_timestamp":1749156300000,"ft_is_entry":true,"ft_order_tag":"","cost":65.31053894999998},{"amount":0.027,"safe_price":2462.0,"ft_order_side":"sell","order_filled_timestamp":1749186900000,"ft_is_entry":false,"ft_order_tag":"exit_signal","cost":66.507237}],"funding_fees":0.0007472614104241561},{"pair":"SOL/USDT:USDT","stake_amount":65.9364,"max_stake_amount":65.9364,"amount":0.46,"open_date":"2025-06-13 01:45:00+00:00","close_date":"2025-06-13 04:00:00+00:00","open_rate":143.34,"close_rate":144.65,"fee_open":0.0005,"fee_close":0.0005,"trade_duration":135,"profit_ratio":0.008130475016433459,"profit_abs":0.5363623,"exit_reason":"exit_signal","initial_stop_loss_abs":129.01,"initial_stop_loss_ratio":-0.1,"stop_loss_abs":129.01,"stop_loss_ratio":-0.1,"min_rate":140.73,"max_rate":145.25,"is_open":false,"enter_tag":"","leverage":1.0,"is_short":false,"open_timestamp":1749779100000,"close_timestamp":1749787200000,"orders":[{"amount":0.46,"safe_price":143.34,"ft_order_side":"buy","order_filled_timestamp":1749779100000,"ft_is_entry":true,"ft_order_tag":"","cost":65.9693682},{"amount":0.46,"safe_price":144.65,"ft_order_side":"sell","order_filled_timestamp":1749787200000,"ft_is_entry":false,"ft_order_tag":"exit_signal","cost":66.5722695}],"funding_fees":0.0},{"pair":"SOL/USDT:USDT","stake_amount":65.3844,"max_stake_amount":65.3844,"amount":0.46,"open_date":"2025-06-14 20:15:00+00:00","close_date":"2025-06-14 22:00:00+00:00","open_rate":142.14,"close_rate":144.49,"fee_open":0.0005,"fee_close":0.0005,"trade_duration":105,"profit_ratio":0.015516970654956748,"profit_abs":1.0150751,"exit_reason":"exit_signal","initial_stop_loss_abs":127.93,"initial_stop_loss_ratio":-0.1,"stop_loss_abs":127.93,"stop_loss_ratio":-0.1,"min_rate":141.87,"max_rate":144.86,"is_open":false,"enter_tag":"","leverage":1.0,"is_short":false,"open_timestamp":1749932100000,"close_timestamp":1749938400000,"orders":[{"amount":0.46,"safe_price":142.14,"ft_order_side":"buy","order_filled_timestamp":1749932100000,"ft_is_entry":true,"ft_order_tag":"","cost":65.4170922},{"amount":0.46,"safe_price":144.49,"ft_order_side":"sell","order_filled_timestamp":1749938400000,"ft_is_entry":false,"ft_order_tag":"exit_signal","cost":66.4986327}],"funding_fees":0.0},{"pair":"SOL/USDT:USDT","stake_amount":65.458,"max_stake_amount":65.458,"amount":0.46,"open_date":"2025-06-20 16:30:00+00:00","close_date":"2025-06-21 21:45:00+00:00","open_rate":142.3,"close_rate":133.85,"fee_open":0.0005,"fee_close":0.0005,"trade_duration":1755,"profit_ratio":-0.06022315463918564,"profit_abs":-3.9440583,"exit_reason":"exit_signal","initial_stop_loss_abs":128.08,"initial_stop_loss_ratio":-0.1,"stop_loss_abs":128.08,"stop_loss_ratio":-0.1,"min_rate":130.46,"max_rate":142.77,"is_open":false,"enter_tag":"","leverage":1.0,"is_short":false,"open_timestamp":1750437000000,"close_timestamp":1750542300000,"orders":[{"amount":0.46,"safe_price":142.3,"ft_order_side":"buy","order_filled_timestamp":1750437000000,"ft_is_entry":true,"ft_order_tag":"","cost":65.49072900000002},{"amount":0.46,"safe_price":133.85,"ft_order_side":"sell","order_filled_timestamp":1750542300000,"ft_is_entry":false,"ft_order_tag":"exit_signal","cost":61.60178549999999}],"funding_fees":0.006456197290000001},{"pair":"ETH/USDT:USDT","stake_amount":65.23875,"max_stake_amount":65.23875,"amount":0.027,"open_date":"2025-06-20 17:30:00+00:00","close_date":"2025-06-21 22:00:00+00:00","open_rate":2416.25,"close_rate":2280.35,"fee_open":0.0005,"fee_close":0.0005,"trade_duration":1710,"profit_ratio":-0.057174189935554724,"profit_abs":-3.73183767,"exit_reason":"exit_signal","initial_stop_loss_abs":2174.63,"initial_stop_loss_ratio":-0.1,"stop_loss_abs":2174.63,"stop_loss_ratio":-0.1,"min_rate":2230.0,"max_rate":2447.96,"is_open":false,"enter_tag":"","leverage":1.0,"is_short":false,"open_timestamp":1750440600000,"close_timestamp":1750543200000,"orders":[{"amount":0.027,"safe_price":2416.25,"ft_order_side":"buy","order_filled_timestamp":1750440600000,"ft_is_entry":true,"ft_order_tag":"","cost":65.27136937499999},{"amount":0.027,"safe_price":2280.35,"ft_order_side":"sell","order_filled_timestamp":1750543200000,"ft_is_entry":false,"ft_order_tag":"exit_signal","cost":61.60023472499999}],"funding_fees":0.0008664311073221829},{"pair":"SOL/USDT:USDT","stake_amount":65.5632,"max_stake_amount":65.5632,"amount":0.48,"open_date":"2025-06-22 00:45:00+00:00","close_date":"2025-06-22 01:45:00+00:00","open_rate":136.59,"close_rate":135.67,"fee_open":0.0005,"fee_close":0.0005,"trade_duration":60,"profit_ratio":-0.00772825389047917,"profit_abs":-0.5069424,"exit_reason":"exit_signal","initial_stop_loss_abs":122.94,"initial_stop_loss_ratio":-0.1,"stop_loss_abs":122.94,"stop_loss_ratio":-0.1,"min_rate":134.78,"max_rate":137.17,"is_open":false,"enter_tag":"","leverage":1.0,"is_short":false,"open_timestamp":1750553100000,"close_timestamp":1750556700000,"orders":[{"amount":0.48,"safe_price":136.59,"ft_order_side":"buy","order_filled_timestamp":1750553100000,"ft_is_entry":true,"ft_order_tag":"","cost":65.59598159999999},{"amount":0.48,"safe_price":135.67,"ft_order_side":"sell","order_filled_timestamp":1750556700000,"ft_is_entry":false,"ft_order_tag":"exit_signal","cost":65.15416079999999}],"funding_fees":0.0},{"pair":"SUI/USDT:USDT","stake_amount":66.36696,"max_stake_amount":66.36696,"amount":25.3,"open_date":"2025-06-21 15:30:00+00:00","close_date":"2025-06-22 13:30:00+00:00","open_rate":2.6232,"close_rate":2.4279,"fee_open":0.0005,"fee_close":0.0005,"trade_duration":1320,"profit_ratio":-0.07555066716852823,"profit_abs":-5.01657514,"exit_reason":"exit_signal","initial_stop_loss_abs":2.3609,"initial_stop_loss_ratio":-0.1,"stop_loss_abs":2.3609,"stop_loss_ratio":-0.1,"min_rate":2.4055,"max_rate":2.6511,"is_open":false,"enter_tag":"","leverage":1.0,"is_short":false,"open_timestamp":1750519800000,"close_timestamp":1750599000000,"orders":[{"amount":25.3,"safe_price":2.6232,"ft_order_side":"buy","order_filled_timestamp":1750519800000,"ft_is_entry":true,"ft_order_tag":"","cost":66.40014348},{"amount":25.3,"safe_price":2.4279,"ft_order_side":"sell","order_filled_timestamp":1750599000000,"ft_is_entry":false,"ft_order_tag":"exit_signal","cost":61.456582935}],"funding_fees":-0.011588720280500002},{"pair":"SUI/USDT:USDT","stake_amount":65.3926,"max_stake_amount":65.3926,"amount":26.0,"open_date":"2025-06-23 06:00:00+00:00","close_date":"2025-06-23 06:45:00+00:00","open_rate":2.5151,"close_rate":2.4979,"fee_open":0.0005,"fee_close":0.0005,"trade_duration":45,"profit_ratio":-0.007831359259736359,"profit_abs":-0.512369,"exit_reason":"exit_signal","initial_stop_loss_abs":2.2636,"initial_stop_loss_ratio":-0.1,"stop_loss_abs":2.2636,"stop_loss_ratio":-0.1,"min_rate":2.4892,"max_rate":2.5239,"is_open":false,"enter_tag":"","leverage":1.0,"is_short":false,"open_timestamp":1750658400000,"close_timestamp":1750661100000,"orders":[{"amount":26.0,"safe_price":2.5151,"ft_order_side":"buy","order_filled_timestamp":1750658400000,"ft_is_entry":true,"ft_order_tag":"","cost":65.4252963},{"amount":26.0,"safe_price":2.4979,"ft_order_side":"sell","order_filled_timestamp":1750661100000,"ft_is_entry":false,"ft_order_tag":"exit_signal","cost":64.9778727}],"funding_fees":0.0},{"pair":"SUI/USDT:USDT","stake_amount":65.4654,"max_stake_amount":65.4654,"amount":26.0,"open_date":"2025-06-23 07:15:00+00:00","close_date":"2025-06-23 08:30:00+00:00","open_rate":2.5179,"close_rate":2.5043,"fee_open":0.0005,"fee_close":0.0005,"trade_duration":75,"profit_ratio":-0.006385445397590701,"profit_abs":-0.41823475,"exit_reason":"exit_signal","initial_stop_loss_abs":2.2662,"initial_stop_loss_ratio":-0.1,"stop_loss_abs":2.2662,"stop_loss_ratio":-0.1,"min_rate":2.494,"max_rate":2.5219,"is_open":false,"enter_tag":"","leverage":1.0,"is_short":false,"open_timestamp":1750662900000,"close_timestamp":1750667400000,"orders":[{"amount":26.0,"safe_price":2.5179,"ft_order_side":"buy","order_filled_timestamp":1750662900000,"ft_is_entry":true,"ft_order_tag":"","cost":65.4981327},{"amount":26.0,"safe_price":2.5043,"ft_order_side":"sell","order_filled_timestamp":1750667400000,"ft_is_entry":false,"ft_order_tag":"exit_signal","cost":65.1443559}],"funding_fees":0.0006538480000000001},{"pair":"SUI/USDT:USDT","stake_amount":65.41563,"max_stake_amount":65.41563,"amount":25.9,"open_date":"2025-06-23 13:00:00+00:00","close_date":"2025-06-23 13:30:00+00:00","open_rate":2.5257,"close_rate":2.4875,"fee_open":0.0005,"fee_close":0.0005,"trade_duration":30,"profit_ratio":-0.01610890322348823,"profit_abs":-1.05430094,"exit_reason":"exit_signal","initial_stop_loss_abs":2.2732,"initial_stop_loss_ratio":-0.1,"stop_loss_abs":2.2732,"stop_loss_ratio":-0.1,"min_rate":2.4647,"max_rate":2.5573,"is_open":false,"enter_tag":"","leverage":1.0,"is_short":false,"open_timestamp":1750683600000,"close_timestamp":1750685400000,"orders":[{"amount":25.9,"safe_price":2.5257,"ft_order_side":"buy","order_filled_timestamp":1750683600000,"ft_is_entry":true,"ft_order_tag":"","cost":65.44833781499999},{"amount":25.9,"safe_price":2.4875,"ft_order_side":"sell","order_filled_timestamp":1750685400000,"ft_is_entry":false,"ft_order_tag":"exit_signal","cost":64.458463125}],"funding_fees":0.0},{"pair":"SOL/USDT:USDT","stake_amount":64.249,"max_stake_amount":64.249,"amount":0.47,"open_date":"2025-06-23 14:15:00+00:00","close_date":"2025-06-23 14:45:00+00:00","open_rate":136.7,"close_rate":135.18,"fee_open":0.0005,"fee_close":0.0005,"trade_duration":30,"profit_ratio":-0.01210762577745509,"profit_abs":-0.7782918,"exit_reason":"exit_signal","initial_stop_loss_abs":123.03,"initial_stop_loss_ratio":-0.1,"stop_loss_abs":123.03,"stop_loss_ratio":-0.1,"min_rate":134.48,"max_rate":136.82,"is_open":false,"enter_tag":"","leverage":1.0,"is_short":false,"open_timestamp":1750688100000,"close_timestamp":1750689900000,"orders":[{"amount":0.47,"safe_price":136.7,"ft_order_side":"buy","order_filled_timestamp":1750688100000,"ft_is_entry":true,"ft_order_tag":"","cost":64.28112449999999},{"amount":0.47,"safe_price":135.18,"ft_order_side":"sell","order_filled_timestamp":1750689900000,"ft_is_entry":false,"ft_order_tag":"exit_signal","cost":63.566367299999996}],"funding_fees":0.0},{"pair":"SUI/USDT:USDT","stake_amount":65.29085,"max_stake_amount":65.29085,"amount":25.7,"open_date":"2025-06-23 13:45:00+00:00","close_date":"2025-06-23 15:45:00+00:00","open_rate":2.5405,"close_rate":2.495,"fee_open":0.0005,"fee_close":0.0005,"trade_duration":120,"profit_ratio":-0.01889145968033599,"profit_abs":-1.23405618,"exit_reason":"exit_signal","initial_stop_loss_abs":2.2865,"initial_stop_loss_ratio":-0.1,"stop_loss_abs":2.2865,"stop_loss_ratio":-0.1,"min_rate":2.4704,"max_rate":2.5775,"is_open":false,"enter_tag":"","leverage":1.0,"is_short":false,"open_timestamp":1750686300000,"close_timestamp":1750693500000,"orders":[{"amount":25.7,"safe_price":2.5405,"ft_order_side":"buy","order_filled_timestamp":1750686300000,"ft_is_entry":true,"ft_order_tag":"","cost":65.323495425},{"amount":25.7,"safe_price":2.495,"ft_order_side":"sell","order_filled_timestamp":1750693500000,"ft_is_entry":false,"ft_order_tag":"exit_signal","cost":64.15356075}],"funding_fees":0.0},{"pair":"SUI/USDT:USDT","stake_amount":65.0547,"max_stake_amount":65.0547,"amount":25.8,"open_date":"2025-06-23 17:30:00+00:00","close_date":"2025-06-23 20:15:00+00:00","open_rate":2.5215,"close_rate":2.6754,"fee_open":0.0005,"fee_close":0.0005,"trade_duration":165,"profit_ratio":0.059974593310126605,"profit_abs":3.90357999,"exit_reason":"exit_signal","initial_stop_loss_abs":2.2694,"initial_stop_loss_ratio":-0.1,"stop_loss_abs":2.2694,"stop_loss_ratio":-0.1,"min_rate":2.513,"max_rate":2.729,"is_open":false,"enter_tag":"","leverage":1.0,"is_short":false,"open_timestamp":1750699800000,"close_timestamp":1750709700000,"orders":[{"amount":25.8,"safe_price":2.5215,"ft_order_side":"buy","order_filled_timestamp":1750699800000,"ft_is_entry":true,"ft_order_tag":"","cost":65.08722734999999},{"amount":25.8,"safe_price":2.6754,"ft_order_side":"sell","order_filled_timestamp":1750709700000,"ft_is_entry":false,"ft_order_tag":"exit_signal","cost":69.05983265999998}],"funding_fees":0.0},{"pair":"SOL/USDT:USDT","stake_amount":64.3054,"max_stake_amount":64.3054,"amount":0.47,"open_date":"2025-06-23 17:45:00+00:00","close_date":"2025-06-23 22:30:00+00:00","open_rate":136.82,"close_rate":146.36,"fee_open":0.0005,"fee_close":0.0005,"trade_duration":285,"profit_ratio":0.06865745609873034,"profit_abs":4.4172527,"exit_reason":"exit_signal","initial_stop_loss_abs":123.14,"initial_stop_loss_ratio":-0.1,"stop_loss_abs":123.14,"stop_loss_ratio":-0.1,"min_rate":136.04,"max_rate":146.88,"is_open":false,"enter_tag":"","leverage":1.0,"is_short":false,"open_timestamp":1750700700000,"close_timestamp":1750717800000,"orders":[{"amount":0.47,"safe_price":136.82,"ft_order_side":"buy","order_filled_timestamp":1750700700000,"ft_is_entry":true,"ft_order_tag":"","cost":64.33755269999999},{"amount":0.47,"safe_price":146.36,"ft_order_side":"sell","order_filled_timestamp":1750717800000,"ft_is_entry":false,"ft_order_tag":"exit_signal","cost":68.8235946}],"funding_fees":0.0},{"pair":"ETH/USDT:USDT","stake_amount":63.7254,"max_stake_amount":63.7254,"amount":0.027,"open_date":"2025-06-23 20:30:00+00:00","close_date":"2025-06-24 16:45:00+00:00","open_rate":2360.2,"close_rate":2469.58,"fee_open":0.0005,"fee_close":0.0005,"trade_duration":1215,"profit_ratio":0.045259229894761464,"profit_abs":2.88560461,"exit_reason":"exit_signal","initial_stop_loss_abs":2124.18,"initial_stop_loss_ratio":-0.1,"stop_loss_abs":2124.18,"stop_loss_ratio":-0.1,"min_rate":2331.0,"max_rate":2481.28,"is_open":false,"enter_tag":"","leverage":1.0,"is_short":false,"open_timestamp":1750710600000,"close_timestamp":1750783500000,"orders":[{"amount":0.027,"safe_price":2360.2,"ft_order_side":"buy","order_filled_timestamp":1750710600000,"ft_is_entry":true,"ft_order_tag":"","cost":63.75726269999999},{"amount":0.027,"safe_price":2469.58,"ft_order_side":"sell","order_filled_timestamp":1750783500000,"ft_is_entry":false,"ft_order_tag":"exit_signal","cost":66.71199932999998}],"funding_fees":-0.002453361311555289},{"pair":"ETH/USDT:USDT","stake_amount":65.6343,"max_stake_amount":65.6343,"amount":0.027,"open_date":"2025-06-24 19:15:00+00:00","close_date":"2025-06-25 01:45:00+00:00","open_rate":2430.9,"close_rate":2461.01,"fee_open":0.0005,"fee_close":0.0005,"trade_duration":390,"profit_ratio":0.01138286150574527,"profit_abs":0.7474797,"exit_reason":"exit_signal","initial_stop_loss_abs":2187.81,"initial_stop_loss_ratio":-0.1,"stop_loss_abs":2187.81,"stop_loss_ratio":-0.1,"min_rate":2416.0,"max_rate":2465.0,"is_open":false,"enter_tag":"","leverage":1.0,"is_short":false,"open_timestamp":1750792500000,"close_timestamp":1750815900000,"orders":[{"amount":0.027,"safe_price":2430.9,"ft_order_side":"buy","order_filled_timestamp":1750792500000,"ft_is_entry":true,"ft_order_tag":"","cost":65.66711715},{"amount":0.027,"safe_price":2461.01,"ft_order_side":"sell","order_filled_timestamp":1750815900000,"ft_is_entry":false,"ft_order_tag":"exit_signal","cost":66.480493635}],"funding_fees":0.0005504852178},{"pair":"ETH/USDT:USDT","stake_amount":65.72853,"max_stake_amount":65.72853,"amount":0.027,"open_date":"2025-06-25 05:00:00+00:00","close_date":"2025-06-26 02:15:00+00:00","open_rate":2434.39,"close_rate":2464.64,"fee_open":0.0005,"fee_close":0.0005,"trade_duration":1275,"profit_ratio":0.011375261403150238,"profit_abs":0.74805305,"exit_reason":"exit_signal","initial_stop_loss_abs":2190.96,"initial_stop_loss_ratio":-0.1,"stop_loss_abs":2190.96,"stop_loss_ratio":-0.1,"min_rate":2388.23,"max_rate":2474.45,"is_open":false,"enter_tag":"","leverage":1.0,"is_short":false,"open_timestamp":1750827600000,"close_timestamp":1750904100000,"orders":[{"amount":0.027,"safe_price":2434.39,"ft_order_side":"buy","order_filled_timestamp":1750827600000,"ft_is_entry":true,"ft_order_tag":"","cost":65.76139426499999},{"amount":0.027,"safe_price":2464.64,"ft_order_side":"sell","order_filled_timestamp":1750904100000,"ft_is_entry":false,"ft_order_tag":"exit_signal","cost":66.57855263999998}],"funding_fees":-0.002560045677301078},{"pair":"SOL/USDT:USDT","stake_amount":65.2004,"max_stake_amount":65.2004,"amount":0.46,"open_date":"2025-06-26 14:00:00+00:00","close_date":"2025-06-26 14:45:00+00:00","open_rate":141.74,"close_rate":143.26,"fee_open":0.0005,"fee_close":0.0005,"trade_duration":45,"profit_ratio":0.009713641838598127,"profit_abs":0.63365,"exit_reason":"force_exit","initial_stop_loss_abs":127.57,"initial_stop_loss_ratio":-0.1,"stop_loss_abs":127.57,"stop_loss_ratio":-0.1,"min_rate":141.42,"max_rate":143.71,"is_open":false,"enter_tag":"","leverage":1.0,"is_short":false,"open_timestamp":1750946400000,"close_timestamp":1750949100000,"orders":[{"amount":0.46,"safe_price":141.74,"ft_order_side":"buy","order_filled_timestamp":1750946400000,"ft_is_entry":true,"ft_order_tag":"","cost":65.23300019999999},{"amount":0.46,"safe_price":143.26,"ft_order_side":"sell","order_filled_timestamp":1750949100000,"ft_is_entry":false,"ft_order_tag":"force_exit","cost":65.93254979999999}],"funding_fees":0.0},{"pair":"ETH/USDT:USDT","stake_amount":65.61243,"max_stake_amount":65.61243,"amount":0.027,"open_date":"2025-06-26 13:15:00+00:00","close_date":"2025-06-26 14:45:00+00:00","open_rate":2430.09,"close_rate":2448.32,"fee_open":0.0005,"fee_close":0.0005,"trade_duration":90,"profit_ratio":0.006494781412677411,"profit_abs":0.42635146,"exit_reason":"force_exit","initial_stop_loss_abs":2187.09,"initial_stop_loss_ratio":-0.1,"stop_loss_abs":2187.09,"stop_loss_ratio":-0.1,"min_rate":2421.22,"max_rate":2458.93,"is_open":false,"enter_tag":"","leverage":1.0,"is_short":false,"open_timestamp":1750943700000,"close_timestamp":1750949100000,"orders":[{"amount":0.027,"safe_price":2430.09,"ft_order_side":"buy","order_filled_timestamp":1750943700000,"ft_is_entry":true,"ft_order_tag":"","cost":65.645236215},{"amount":0.027,"safe_price":2448.32,"ft_order_side":"sell","order_filled_timestamp":1750949100000,"ft_is_entry":false,"ft_order_tag":"force_exit","cost":66.13769232}],"funding_fees":0.0},{"pair":"SUI/USDT:USDT","stake_amount":65.84734,"max_stake_amount":65.84734,"amount":25.1,"open_date":"2025-06-26 13:00:00+00:00","close_date":"2025-06-26 14:45:00+00:00","open_rate":2.6234,"close_rate":2.6541,"fee_open":0.0005,"fee_close":0.0005,"trade_duration":105,"profit_ratio":0.010691174120493618,"profit_abs":0.70433737,"exit_reason":"force_exit","initial_stop_loss_abs":2.3611,"initial_stop_loss_ratio":-0.1,"stop_loss_abs":2.3611,"stop_loss_ratio":-0.1,"min_rate":2.6126,"max_rate":2.6647,"is_open":false,"enter_tag":"","leverage":1.0,"is_short":false,"open_timestamp":1750942800000,"close_timestamp":1750949100000,"orders":[{"amount":25.1,"safe_price":2.6234,"ft_order_side":"buy","order_filled_timestamp":1750942800000,"ft_is_entry":true,"ft_order_tag":"","cost":65.88026367},{"amount":25.1,"safe_price":2.6541,"ft_order_side":"sell","order_filled_timestamp":1750949100000,"ft_is_entry":false,"ft_order_tag":"force_exit","cost":66.651218955}],"funding_fees":0.0}],"locks":[],"best_pair":{"key":"ETH/USDT:USDT","trades":8,"profit_mean":0.008623466327288888,"profit_mean_pct":0.86,"profit_sum":0.06898773061831111,"profit_sum_pct":6.9,"profit_total_abs":4.464036289999999,"profit_total":0.004464036289999999,"profit_total_pct":0.45,"duration_avg":"13:13:00","wins":7,"draws":0,"losses":1,"winrate":0.875,"cagr":0.04044902185887733,"expectancy":0.55800453625,"expectancy_ratio":0.149525404262828,"sortino":-100,"sharpe":1.1635509480514596,"calmar":55.92894371660945,"sqn":0.8258,"profit_factor":2.1962032341026236,"max_drawdown_account":0.0037192354678087206,"max_drawdown_abs":3.73183767},"worst_pair":{"key":"SUI/USDT:USDT","trades":7,"profit_mean":-0.007728866757008468,"profit_mean_pct":-0.77,"profit_sum":-0.054102067299059274,"profit_sum_pct":-5.41,"profit_total_abs":-3.6276186499999987,"profit_total":-0.0036276186499999987,"profit_total_pct":-0.36,"duration_avg":"4:26:00","wins":2,"draws":0,"losses":5,"winrate":0.2857142857142857,"cagr":-0.031835600786967455,"expectancy":-0.5182312357142856,"expectancy_ratio":-0.3146311515637983,"sortino":-0.986752470210086,"sharpe":-0.689339969462517,"calmar":-20.525433157811197,"sqn":-0.5177,"profit_factor":0.5595163878106825,"max_drawdown_account":0.008235536010000032,"max_drawdown_abs":8.235536009999999},"results_per_pair":[{"key":"ETH/USDT:USDT","trades":8,"profit_mean":0.008623466327288888,"profit_mean_pct":0.86,"profit_sum":0.06898773061831111,"profit_sum_pct":6.9,"profit_total_abs":4.464036289999999,"profit_total":0.004464036289999999,"profit_total_pct":0.45,"duration_avg":"13:13:00","wins":7,"draws":0,"losses":1,"winrate":0.875,"cagr":0.04044902185887733,"expectancy":0.55800453625,"expectancy_ratio":0.149525404262828,"sortino":-100,"sharpe":1.1635509480514596,"calmar":55.92894371660945,"sqn":0.8258,"profit_factor":2.1962032341026236,"max_drawdown_account":0.0037192354678087206,"max_drawdown_abs":3.73183767},{"key":"SOL/USDT:USDT","trades":8,"profit_mean":0.0043762076214277105,"profit_mean_pct":0.44,"profit_sum":0.035009660971421684,"profit_sum_pct":3.5,"profit_total_abs":2.2271709999999993,"profit_total":0.002227170999999999,"profit_total_pct":0.22,"duration_avg":"5:09:00","wins":5,"draws":0,"losses":3,"winrate":0.625,"cagr":0.020002631719615804,"expectancy":0.27839637500000003,"expectancy_ratio":0.15971359892375503,"sortino":0.665152794823312,"sharpe":0.47769198303941435,"calmar":19.89375068946955,"sqn":0.339,"profit_factor":1.4259029304633466,"max_drawdown_account":0.005216743306797548,"max_drawdown_abs":5.2292925},{"key":"SUI/USDT:USDT","trades":7,"profit_mean":-0.007728866757008468,"profit_mean_pct":-0.77,"profit_sum":-0.054102067299059274,"profit_sum_pct":-5.41,"profit_total_abs":-3.6276186499999987,"profit_total":-0.0036276186499999987,"profit_total_pct":-0.36,"duration_avg":"4:26:00","wins":2,"draws":0,"losses":5,"winrate":0.2857142857142857,"cagr":-0.031835600786967455,"expectancy":-0.5182312357142856,"expectancy_ratio":-0.3146311515637983,"sortino":-0.986752470210086,"sharpe":-0.689339969462517,"calmar":-20.525433157811197,"sqn":-0.5177,"profit_factor":0.5595163878106825,"max_drawdown_account":0.008235536010000032,"max_drawdown_abs":8.235536009999999},{"key":"TOTAL","trades":23,"profit_mean":0.002169361925681457,"profit_mean_pct":0.22,"profit_sum":0.04989532429067351,"profit_sum_pct":4.99,"profit_total_abs":3.0635886400000008,"profit_total":0.003063588640000001,"profit_total_pct":0.31,"duration_avg":"7:44:00","wins":14,"draws":0,"losses":9,"winrate":0.6086956521739131,"cagr":0.02760589092260335,"expectancy":0.1331995060869564,"expectancy_ratio":0.06971092781790622,"sortino":0.8443858979583049,"sharpe":0.6527630586574091,"calmar":8.349448346274533,"sqn":0.2857,"profit_factor":1.1781501488679824,"max_drawdown_account":0.017097603589101163,"max_drawdown_abs":17.196666179999998}],"results_per_enter_tag":[{"key":"","trades":23,"profit_mean":0.002169361925681457,"profit_mean_pct":0.22,"profit_sum":0.04989532429067351,"profit_sum_pct":4.99,"profit_total_abs":3.0635886400000008,"profit_total":0.003063588640000001,"profit_total_pct":0.31,"duration_avg":"7:44:00","wins":14,"draws":0,"losses":9,"winrate":0.6086956521739131,"cagr":0.02760589092260335,"expectancy":0.1331995060869564,"expectancy_ratio":0.06971092781790622,"sortino":0.8443858979583049,"sharpe":0.6527630586574091,"calmar":8.349448346274533,"sqn":0.2857,"profit_factor":1.1781501488679824,"max_drawdown_account":0.017097603589101163,"max_drawdown_abs":17.196666179999998},{"key":"TOTAL","trades":23,"profit_mean":0.002169361925681457,"profit_mean_pct":0.22,"profit_sum":0.04989532429067351,"profit_sum_pct":4.99,"profit_total_abs":3.0635886400000008,"profit_total":0.003063588640000001,"profit_total_pct":0.31,"duration_avg":"7:44:00","wins":14,"draws":0,"losses":9,"winrate":0.6086956521739131,"cagr":0.02760589092260335,"expectancy":0.1331995060869564,"expectancy_ratio":0.06971092781790622,"sortino":0.8443858979583049,"sharpe":0.6527630586574091,"calmar":8.349448346274533,"sqn":0.2857,"profit_factor":1.1781501488679824,"max_drawdown_account":0.017097603589101163,"max_drawdown_abs":17.196666179999998}],"exit_reason_summary":[{"key":"force_exit","trades":3,"profit_mean":0.008966532457256385,"profit_mean_pct":0.9,"profit_sum":0.026899597371769154,"profit_sum_pct":2.69,"profit_total_abs":1.76433883,"profit_total":0.00176433883,"profit_total_pct":0.18,"duration_avg":"1:20:00","wins":3,"draws":0,"losses":0,"winrate":1.0,"cagr":0.015816861993779296,"expectancy":0.5881129433333333,"expectancy_ratio":100.0,"sortino":-100,"sharpe":6.969227818826403,"calmar":-100,"sqn":7.0504,"profit_factor":0.0,"max_drawdown_account":0.0,"max_drawdown_abs":0.0},{"key":"exit_signal","trades":20,"profit_mean":0.0011497863459452179,"profit_mean_pct":0.11,"profit_sum":0.022995726918904356,"profit_sum_pct":2.3,"profit_total_abs":1.2992498100000007,"profit_total":0.0012992498100000008,"profit_total_pct":0.13,"duration_avg":"8:42:00","wins":11,"draws":0,"losses":9,"winrate":0.55,"cagr":0.011626048041797121,"expectancy":0.06496249050000003,"expectancy_ratio":0.033998590679161556,"sortino":0.35809906172292344,"sharpe":0.2590393851863198,"calmar":3.5409516264239724,"sqn":0.1212,"profit_factor":1.07555242373147,"max_drawdown_account":0.017097603589101163,"max_drawdown_abs":17.196666179999998},{"key":"TOTAL","trades":23,"profit_mean":0.002169361925681457,"profit_mean_pct":0.22,"profit_sum":0.04989532429067351,"profit_sum_pct":4.99,"profit_total_abs":3.0635886400000008,"profit_total":0.003063588640000001,"profit_total_pct":0.31,"duration_avg":"7:44:00","wins":14,"draws":0,"losses":9,"winrate":0.6086956521739131,"cagr":0.02760589092260335,"expectancy":0.1331995060869564,"expectancy_ratio":0.06971092781790622,"sortino":0.8443858979583049,"sharpe":0.6527630586574091,"calmar":8.349448346274533,"sqn":0.2857,"profit_factor":1.1781501488679824,"max_drawdown_account":0.017097603589101163,"max_drawdown_abs":17.196666179999998}],"mix_tag_stats":[{"key":["","force_exit"],"trades":3,"profit_mean":0.008966532457256385,"profit_mean_pct":0.9,"profit_sum":0.026899597371769154,"profit_sum_pct":2.69,"profit_total_abs":1.76433883,"profit_total":0.00176433883,"profit_total_pct":0.18,"duration_avg":"1:20:00","wins":3,"draws":0,"losses":0,"winrate":1.0,"cagr":0.015816861993779296,"expectancy":0.5881129433333333,"expectancy_ratio":100.0,"sortino":-100,"sharpe":6.969227818826403,"calmar":-100,"sqn":7.0504,"profit_factor":0.0,"max_drawdown_account":0.0,"max_drawdown_abs":0.0},{"key":["","exit_signal"],"trades":20,"profit_mean":0.0011497863459452179,"profit_mean_pct":0.11,"profit_sum":0.022995726918904356,"profit_sum_pct":2.3,"profit_total_abs":1.2992498100000007,"profit_total":0.0012992498100000008,"profit_total_pct":0.13,"duration_avg":"8:42:00","wins":11,"draws":0,"losses":9,"winrate":0.55,"cagr":0.011626048041797121,"expectancy":0.06496249050000003,"expectancy_ratio":0.033998590679161556,"sortino":0.35809906172292344,"sharpe":0.2590393851863198,"calmar":3.5409516264239724,"sqn":0.1212,"profit_factor":1.07555242373147,"max_drawdown_account":0.017097603589101163,"max_drawdown_abs":17.196666179999998},{"key":"TOTAL","trades":23,"profit_mean":0.002169361925681457,"profit_mean_pct":0.22,"profit_sum":0.04989532429067351,"profit_sum_pct":4.99,"profit_total_abs":3.0635886400000008,"profit_total":0.003063588640000001,"profit_total_pct":0.31,"duration_avg":"7:44:00","wins":14,"draws":0,"losses":9,"winrate":0.6086956521739131,"cagr":0.02760589092260335,"expectancy":0.1331995060869564,"expectancy_ratio":0.06971092781790622,"sortino":0.8443858979583049,"sharpe":0.6527630586574091,"calmar":8.349448346274533,"sqn":0.2857,"profit_factor":1.1781501488679824,"max_drawdown_account":0.017097603589101163,"max_drawdown_abs":17.196666179999998}],"left_open_trades":[{"key":"SUI/USDT:USDT","trades":1,"profit_mean":0.010691174120493618,"profit_mean_pct":1.07,"profit_sum":0.010691174120493618,"profit_sum_pct":1.07,"profit_total_abs":0.70433737,"profit_total":0.00070433737,"profit_total_pct":0.07,"duration_avg":"1:45:00","wins":1,"draws":0,"losses":0,"winrate":1.0,"cagr":0.0062877990464083044,"expectancy":0.70433737,"expectancy_ratio":100.0,"sortino":-100,"sharpe":-100,"calmar":-100,"sqn":-100.0,"profit_factor":0.0,"max_drawdown_account":0.0,"max_drawdown_abs":0.0},{"key":"SOL/USDT:USDT","trades":1,"profit_mean":0.009713641838598127,"profit_mean_pct":0.97,"profit_sum":0.009713641838598127,"profit_sum_pct":0.97,"profit_total_abs":0.63365,"profit_total":0.00063365,"profit_total_pct":0.06,"duration_avg":"0:45:00","wins":1,"draws":0,"losses":0,"winrate":1.0,"cagr":0.005655174490704962,"expectancy":0.63365,"expectancy_ratio":100.0,"sortino":-100,"sharpe":-100,"calmar":-100,"sqn":-100.0,"profit_factor":0.0,"max_drawdown_account":0.0,"max_drawdown_abs":0.0},{"key":"ETH/USDT:USDT","trades":1,"profit_mean":0.006494781412677411,"profit_mean_pct":0.65,"profit_sum":0.006494781412677411,"profit_sum_pct":0.65,"profit_total_abs":0.42635146,"profit_total":0.00042635146,"profit_total_pct":0.04,"duration_avg":"1:30:00","wins":1,"draws":0,"losses":0,"winrate":1.0,"cagr":0.0038019681966243724,"expectancy":0.42635146,"expectancy_ratio":100.0,"sortino":-100,"sharpe":-100,"calmar":-100,"sqn":-100.0,"profit_factor":0.0,"max_drawdown_account":0.0,"max_drawdown_abs":0.0},{"key":"TOTAL","trades":3,"profit_mean":0.008966532457256385,"profit_mean_pct":0.9,"profit_sum":0.026899597371769154,"profit_sum_pct":2.69,"profit_total_abs":1.76433883,"profit_total":0.00176433883,"profit_total_pct":0.18,"duration_avg":"1:20:00","wins":3,"draws":0,"losses":0,"winrate":1.0,"cagr":0.015816861993779296,"expectancy":0.5881129433333333,"expectancy_ratio":100.0,"sortino":-100,"sharpe":6.969227818826403,"calmar":-100,"sqn":7.0504,"profit_factor":0.0,"max_drawdown_account":0.0,"max_drawdown_abs":0.0}],"total_trades":23,"trade_count_long":23,"trade_count_short":0,"total_volume":3012.39900678,"avg_stake_amount":65.35470173913043,"profit_mean":0.002169361925681457,"profit_median":0.008277674805159283,"profit_total":0.003063588640000001,"profit_total_long":0.003063588640000001,"profit_total_short":0.0,"profit_total_abs":3.0635886400000008,"profit_total_long_abs":3.0635886400000008,"profit_total_short_abs":0.0,"cagr":0.02760589092260335,"expectancy":0.1331995060869564,"expectancy_ratio":0.06971092781790622,"sortino":0.8443858979583049,"sharpe":0.6527630586574091,"calmar":8.349448346274533,"sqn":0.2857,"profit_factor":1.1781501488679824,"backtest_start":"2025-05-16 00:00:00","backtest_start_ts":1747353600000,"backtest_end":"2025-06-26 14:45:00","backtest_end_ts":1750949100000,"backtest_days":41,"backtest_run_start_ts":1750952234,"backtest_run_end_ts":1750952234,"trades_per_day":0.56,"market_change":-0.17586645138119364,"pairlist":["SOL/USDT:USDT","ETH/USDT:USDT","SUI/USDT:USDT"],"stake_amount":"unlimited","stake_currency":"USDT","stake_currency_decimals":3,"starting_balance":1000,"dry_run_wallet":1000,"final_balance":1003.06358864,"rejected_signals":0,"timedout_entry_orders":0,"timedout_exit_orders":0,"canceled_trade_entries":0,"canceled_entry_orders":0,"replaced_entry_orders":0,"max_open_trades":3,"max_open_trades_setting":15,"timeframe":"15m","timeframe_detail":"","timerange":"","enable_protections":false,"strategy_name":"SimpleGrid","stoploss":-0.1,"trailing_stop":false,"trailing_stop_positive":null,"trailing_stop_positive_offset":0.0,"trailing_only_offset_is_reached":false,"use_custom_stoploss":false,"minimal_roi":{},"use_exit_signal":true,"exit_profit_only":false,"exit_profit_offset":0.0,"ignore_roi_if_entry_signal":false,"trading_mode":"futures","margin_mode":"isolated","periodic_breakdown":{"day":[{"date":"19/05/2025","date_ts":1747612800000,"profit_abs":2.25741383,"wins":2,"draws":0,"losses":0,"trades":2,"profit_factor":0.0},{"date":"20/05/2025","date_ts":1747699200000,"profit_abs":0.0,"wins":0,"draws":0,"losses":0,"trades":0,"profit_factor":0.0},{"date":"21/05/2025","date_ts":1747785600000,"profit_abs":0.0,"wins":0,"draws":0,"losses":0,"trades":0,"profit_factor":0.0},{"date":"22/05/2025","date_ts":1747872000000,"profit_abs":0.0,"wins":0,"draws":0,"losses":0,"trades":0,"profit_factor":0.0},{"date":"23/05/2025","date_ts":1747958400000,"profit_abs":0.0,"wins":0,"draws":0,"losses":0,"trades":0,"profit_factor":0.0},{"date":"24/05/2025","date_ts":1748044800000,"profit_abs":0.0,"wins":0,"draws":0,"losses":0,"trades":0,"profit_factor":0.0},{"date":"25/05/2025","date_ts":1748131200000,"profit_abs":0.0,"wins":0,"draws":0,"losses":0,"trades":0,"profit_factor":0.0},{"date":"26/05/2025","date_ts":1748217600000,"profit_abs":0.0,"wins":0,"draws":0,"losses":0,"trades":0,"profit_factor":0.0},{"date":"27/05/2025","date_ts":1748304000000,"profit_abs":0.0,"wins":0,"draws":0,"losses":0,"trades":0,"profit_factor":0.0},{"date":"28/05/2025","date_ts":1748390400000,"profit_abs":0.0,"wins":0,"draws":0,"losses":0,"trades":0,"profit_factor":0.0},{"date":"29/05/2025","date_ts":1748476800000,"profit_abs":0.0,"wins":0,"draws":0,"losses":0,"trades":0,"profit_factor":0.0},{"date":"30/05/2025","date_ts":1748563200000,"profit_abs":0.0,"wins":0,"draws":0,"losses":0,"trades":0,"profit_factor":0.0},{"date":"31/05/2025","date_ts":1748649600000,"profit_abs":0.0,"wins":0,"draws":0,"losses":0,"trades":0,"profit_factor":0.0},{"date":"01/06/2025","date_ts":1748736000000,"profit_abs":0.0,"wins":0,"draws":0,"losses":0,"trades":0,"profit_factor":0.0},{"date":"02/06/2025","date_ts":1748822400000,"profit_abs":0.0,"wins":0,"draws":0,"losses":0,"trades":0,"profit_factor":0.0},{"date":"03/06/2025","date_ts":1748908800000,"profit_abs":0.0,"wins":0,"draws":0,"losses":0,"trades":0,"profit_factor":0.0},{"date":"04/06/2025","date_ts":1748995200000,"profit_abs":0.0,"wins":0,"draws":0,"losses":0,"trades":0,"profit_factor":0.0},{"date":"05/06/2025","date_ts":1749081600000,"profit_abs":0.8541234,"wins":1,"draws":0,"losses":0,"trades":1,"profit_factor":0.0},{"date":"06/06/2025","date_ts":1749168000000,"profit_abs":1.13097131,"wins":1,"draws":0,"losses":0,"trades":1,"profit_factor":0.0},{"date":"07/06/2025","date_ts":1749254400000,"profit_abs":0.0,"wins":0,"draws":0,"losses":0,"trades":0,"profit_factor":0.0},{"date":"08/06/2025","date_ts":1749340800000,"profit_abs":0.0,"wins":0,"draws":0,"losses":0,"trades":0,"profit_factor":0.0},{"date":"09/06/2025","date_ts":1749427200000,"profit_abs":0.0,"wins":0,"draws":0,"losses":0,"trades":0,"profit_factor":0.0},{"date":"10/06/2025","date_ts":1749513600000,"profit_abs":0.0,"wins":0,"draws":0,"losses":0,"trades":0,"profit_factor":0.0},{"date":"11/06/2025","date_ts":1749600000000,"profit_abs":0.0,"wins":0,"draws":0,"losses":0,"trades":0,"profit_factor":0.0},{"date":"12/06/2025","date_ts":1749686400000,"profit_abs":0.0,"wins":0,"draws":0,"losses":0,"trades":0,"profit_factor":0.0},{"date":"13/06/2025","date_ts":1749772800000,"profit_abs":0.5363623,"wins":1,"draws":0,"losses":0,"trades":1,"profit_factor":0.0},{"date":"14/06/2025","date_ts":1749859200000,"profit_abs":1.0150751,"wins":1,"draws":0,"losses":0,"trades":1,"profit_factor":0.0},{"date":"15/06/2025","date_ts":1749945600000,"profit_abs":0.0,"wins":0,"draws":0,"losses":0,"trades":0,"profit_factor":0.0},{"date":"16/06/2025","date_ts":1750032000000,"profit_abs":0.0,"wins":0,"draws":0,"losses":0,"trades":0,"profit_factor":0.0},{"date":"17/06/2025","date_ts":1750118400000,"profit_abs":0.0,"wins":0,"draws":0,"losses":0,"trades":0,"profit_factor":0.0},{"date":"18/06/2025","date_ts":1750204800000,"profit_abs":0.0,"wins":0,"draws":0,"losses":0,"trades":0,"profit_factor":0.0},{"date":"19/06/2025","date_ts":1750291200000,"profit_abs":0.0,"wins":0,"draws":0,"losses":0,"trades":0,"profit_factor":0.0},{"date":"20/06/2025","date_ts":1750377600000,"profit_abs":0.0,"wins":0,"draws":0,"losses":0,"trades":0,"profit_factor":0.0},{"date":"21/06/2025","date_ts":1750464000000,"profit_abs":-7.67589597,"wins":0,"draws":0,"losses":2,"trades":2,"profit_factor":0.0},{"date":"22/06/2025","date_ts":1750550400000,"profit_abs":-5.52351754,"wins":0,"draws":0,"losses":2,"trades":2,"profit_factor":0.0},{"date":"23/06/2025","date_ts":1750636800000,"profit_abs":4.32358002,"wins":2,"draws":0,"losses":5,"trades":7,"profit_factor":2.08163791},{"date":"24/06/2025","date_ts":1750723200000,"profit_abs":2.88560461,"wins":1,"draws":0,"losses":0,"trades":1,"profit_factor":0.0},{"date":"25/06/2025","date_ts":1750809600000,"profit_abs":0.7474797,"wins":1,"draws":0,"losses":0,"trades":1,"profit_factor":0.0},{"date":"26/06/2025","date_ts":1750896000000,"profit_abs":2.51239188,"wins":4,"draws":0,"losses":0,"trades":4,"profit_factor":0.0}],"week":[{"date":"19/05/2025","date_ts":1747612800000,"profit_abs":2.25741383,"wins":2,"draws":0,"losses":0,"trades":2,"profit_factor":0.0},{"date":"26/05/2025","date_ts":1748217600000,"profit_abs":0.0,"wins":0,"draws":0,"losses":0,"trades":0,"profit_factor":0.0},{"date":"02/06/2025","date_ts":1748822400000,"profit_abs":0.0,"wins":0,"draws":0,"losses":0,"trades":0,"profit_factor":0.0},{"date":"09/06/2025","date_ts":1749427200000,"profit_abs":1.98509471,"wins":2,"draws":0,"losses":0,"trades":2,"profit_factor":0.0},{"date":"16/06/2025","date_ts":1750032000000,"profit_abs":1.5514374,"wins":2,"draws":0,"losses":0,"trades":2,"profit_factor":0.0},{"date":"23/06/2025","date_ts":1750636800000,"profit_abs":-8.87583349,"wins":2,"draws":0,"losses":9,"trades":11,"profit_factor":0.48386313},{"date":"30/06/2025","date_ts":1751241600000,"profit_abs":6.14547619,"wins":6,"draws":0,"losses":0,"trades":6,"profit_factor":0.0}],"month":[{"date":"31/05/2025","date_ts":1748649600000,"profit_abs":2.25741383,"wins":2,"draws":0,"losses":0,"trades":2,"profit_factor":0.0},{"date":"30/06/2025","date_ts":1751241600000,"profit_abs":0.80617481,"wins":12,"draws":0,"losses":9,"trades":21,"profit_factor":1.04687972}],"year":[{"date":"31/12/2025","date_ts":1767139200000,"profit_abs":3.06358864,"wins":14,"draws":0,"losses":9,"trades":23,"profit_factor":1.17815015}]},"backtest_best_day":0.06730725607025057,"backtest_worst_day":-0.11739734457474037,"backtest_best_day_abs":4.32358002,"backtest_worst_day_abs":-7.67589597,"winning_days":9,"draw_days":28,"losing_days":2,"daily_profit":[["2025-05-19",2.25741383],["2025-05-20",0.0],["2025-05-21",0.0],["2025-05-22",0.0],["2025-05-23",0.0],["2025-05-24",0.0],["2025-05-25",0.0],["2025-05-26",0.0],["2025-05-27",0.0],["2025-05-28",0.0],["2025-05-29",0.0],["2025-05-30",0.0],["2025-05-31",0.0],["2025-06-01",0.0],["2025-06-02",0.0],["2025-06-03",0.0],["2025-06-04",0.0],["2025-06-05",0.8541234],["2025-06-06",1.13097131],["2025-06-07",0.0],["2025-06-08",0.0],["2025-06-09",0.0],["2025-06-10",0.0],["2025-06-11",0.0],["2025-06-12",0.0],["2025-06-13",0.5363623],["2025-06-14",1.0150751],["2025-06-15",0.0],["2025-06-16",0.0],["2025-06-17",0.0],["2025-06-18",0.0],["2025-06-19",0.0],["2025-06-20",0.0],["2025-06-21",-7.67589597],["2025-06-22",-5.52351754],["2025-06-23",4.32358002],["2025-06-24",2.88560461],["2025-06-25",0.7474797],["2025-06-26",2.51239188]],"wins":14,"losses":9,"draws":0,"winrate":0.6086956521739131,"holding_avg":"7:44:00","holding_avg_s":27840.0,"winner_holding_min":"0d 00:45","winner_holding_min_s":2700.0,"winner_holding_max":"0d 21:15","winner_holding_max_s":76500.0,"winner_holding_avg":"0d 06:35","winner_holding_avg_s":23700.0,"loser_holding_min":"0d 00:30","loser_holding_min_s":1800.0,"loser_holding_max":"1d 05:15","loser_holding_max_s":105300.0,"loser_holding_avg":"0d 09:32","loser_holding_avg_s":34320.0,"max_consecutive_wins":8,"max_consecutive_losses":9,"max_drawdown_account":0.017097603589101163,"max_relative_drawdown":0.017097603589101163,"max_drawdown_abs":17.196666179999998,"drawdown_start":"2025-06-14 22:00:00","drawdown_start_ts":1749938400000.0,"drawdown_end":"2025-06-23 15:45:00","drawdown_end_ts":1750693500000.0,"max_drawdown_low":-11.402720239999999,"max_drawdown_high":5.7939459399999995,"csum_min":988.59727976,"csum_max":1005.79394594}},"strategy_comparison":[{"key":"SimpleGrid","trades":23,"profit_mean":0.002169361925681457,"profit_mean_pct":0.22,"profit_sum":0.04989532429067351,"profit_sum_pct":4.99,"profit_total_abs":3.0635886400000008,"profit_total":0.003063588640000001,"profit_total_pct":0.31,"duration_avg":"7:44:00","wins":14,"draws":0,"losses":9,"winrate":0.6086956521739131,"cagr":0.02760589092260335,"expectancy":0.1331995060869564,"expectancy_ratio":0.06971092781790622,"sortino":0.8443858979583049,"sharpe":0.6527630586574091,"calmar":8.349448346274533,"sqn":0.2857,"profit_factor":1.1781501488679824,"max_drawdown_account":0.017097603589101163,"max_drawdown_abs":"17.197"}]}