{"$schema":"https://schema.freqtrade.io/schema.json","max_open_trades":1,"stake_currency":"USDT","stake_amount":"unlimited","tradable_balance_ratio":0.99,"fiat_display_currency":"USD","dry_run":true,"dry_run_wallet":1000,"cancel_open_orders_on_exit":false,"trading_mode":"futures","margin_mode":"isolated","unfilledtimeout":{"entry":10,"exit":10,"exit_timeout_count":0,"unit":"minutes"},"entry_pricing":{"price_side":"same","use_order_book":true,"order_book_top":1,"price_last_balance":0.0,"check_depth_of_market":{"enabled":false,"bids_to_ask_delta":1}},"exit_pricing":{"price_side":"same","use_order_book":true,"order_book_top":1},"exchange":{"name":"binance","key":"REDACTED","secret":"REDACTED","ccxt_config":{},"ccxt_async_config":{},"pair_whitelist":["SOL/USDT:USDT","ETH/USDT:USDT"],"pair_blacklist":["BNB/.*"]},"pairlists":[{"method":"StaticPairList","number_assets":20,"sort_key":"quoteVolume","min_value":0,"refresh_period":1800}],"telegram":{"enabled":true,"token":"REDACTED","chat_id":"REDACTED"},"api_server":{"enabled":true,"listen_ip_address":"0.0.0.0","listen_port":8080,"verbosity":"error","enable_openapi":false,"jwt_secret_key":"12c45fdd1f76c201f6eab7dfa6fae66f27ce1736d55990873cb3463dc6e08336","ws_token":"6TmhKyslCKNAwLfW38gLUGIjJgNech2pBA","CORS_origins":[],"username":"freqtrader","password":"REDACTED"},"bot_name":"freqtrade","initial_state":"running","heartbeat_interval":5,"force_entry_enable":false,"internals":{"process_throttle_secs":5},"config_files":["user_data/config.json"]}