{"strategy":{"SimpleGrid":{"trades":[{"pair":"ETH/USDT:USDT","stake_amount":989.0314,"max_stake_amount":989.0314,"amount":0.388,"open_date":"2025-05-16 00:30:00+00:00","close_date":"2025-05-17 02:15:00+00:00","open_rate":2549.05,"close_rate":2456.2,"fee_open":0.0005,"fee_close":0.0005,"trade_duration":1545,"profit_ratio":-0.037588954609326965,"profit_abs":-37.19524473,"exit_reason":"exit_signal","initial_stop_loss_abs":2294.15,"initial_stop_loss_ratio":-0.1,"stop_loss_abs":2294.15,"stop_loss_ratio":-0.1,"min_rate":2450.62,"max_rate":2648.68,"is_open":false,"enter_tag":"","leverage":1.0,"is_short":false,"open_timestamp":1747355400000,"close_timestamp":1747448100000,"orders":[{"amount":0.388,"safe_price":2549.05,"ft_order_side":"buy","order_filled_timestamp":1747355400000,"ft_is_entry":true,"ft_order_tag":"","cost":989.5259157},{"amount":0.388,"safe_price":2456.2,"ft_order_side":"sell","order_filled_timestamp":1747448100000,"ft_is_entry":false,"ft_order_tag":"exit_signal","cost":953.4821027999999}],"funding_fees":-0.19842622603298915},{"pair":"ETH/USDT:USDT","stake_amount":952.88754,"max_stake_amount":952.88754,"amount":0.382,"open_date":"2025-05-17 02:45:00+00:00","close_date":"2025-05-17 09:30:00+00:00","open_rate":2494.47,"close_rate":2474.21,"fee_open":0.0005,"fee_close":0.0005,"trade_duration":405,"profit_ratio":-0.009094549949027387,"profit_abs":-8.67041637,"exit_reason":"exit_signal","initial_stop_loss_abs":2245.03,"initial_stop_loss_ratio":-0.1,"stop_loss_abs":2245.03,"stop_loss_ratio":-0.1,"min_rate":2463.71,"max_rate":2512.33,"is_open":false,"enter_tag":"","leverage":1.0,"is_short":false,"open_timestamp":1747449900000,"close_timestamp":1747474200000,"orders":[{"amount":0.382,"safe_price":2494.47,"ft_order_side":"buy","order_filled_timestamp":1747449900000,"ft_is_entry":true,"ft_order_tag":"","cost":953.3639837699999},{"amount":0.382,"safe_price":2474.21,"ft_order_side":"sell","order_filled_timestamp":1747474200000,"ft_is_entry":false,"ft_order_tag":"exit_signal","cost":945.62079411}],"funding_fees":0.01792150899},{"pair":"ETH/USDT:USDT","stake_amount":944.0682,"max_stake_amount":944.0682,"amount":0.38,"open_date":"2025-05-17 10:15:00+00:00","close_date":"2025-05-17 11:30:00+00:00","open_rate":2484.39,"close_rate":2475.36,"fee_open":0.0005,"fee_close":0.0005,"trade_duration":75,"profit_ratio":-0.004630562407082115,"profit_abs":-4.3737525,"exit_reason":"exit_signal","initial_stop_loss_abs":2235.96,"initial_stop_loss_ratio":-0.1,"stop_loss_abs":2235.96,"stop_loss_ratio":-0.1,"min_rate":2473.23,"max_rate":2490.64,"is_open":false,"enter_tag":"","leverage":1.0,"is_short":false,"open_timestamp":1747476900000,"close_timestamp":1747481400000,"orders":[{"amount":0.38,"safe_price":2484.39,"ft_order_side":"buy","order_filled_timestamp":1747476900000,"ft_is_entry":true,"ft_order_tag":"","cost":944.5402340999999},{"amount":0.38,"safe_price":2475.36,"ft_order_side":"sell","order_filled_timestamp":1747481400000,"ft_is_entry":false,"ft_order_tag":"exit_signal","cost":941.1071184000001}],"funding_fees":0.0},{"pair":"ETH/USDT:USDT","stake_amount":937.99485,"max_stake_amount":937.99485,"amount":0.377,"open_date":"2025-05-17 21:00:00+00:00","close_date":"2025-05-17 22:30:00+00:00","open_rate":2488.05,"close_rate":2457.83,"fee_open":0.0005,"fee_close":0.0005,"trade_duration":90,"profit_ratio":-0.013133418419706366,"profit_abs":-12.32523838,"exit_reason":"exit_signal","initial_stop_loss_abs":2239.25,"initial_stop_loss_ratio":-0.1,"stop_loss_abs":2239.25,"stop_loss_ratio":-0.1,"min_rate":2451.28,"max_rate":2493.14,"is_open":false,"enter_tag":"","leverage":1.0,"is_short":false,"open_timestamp":1747515600000,"close_timestamp":1747521000000,"orders":[{"amount":0.377,"safe_price":2488.05,"ft_order_side":"buy","order_filled_timestamp":1747515600000,"ft_is_entry":true,"ft_order_tag":"","cost":938.463847425},{"amount":0.377,"safe_price":2457.83,"ft_order_side":"sell","order_filled_timestamp":1747521000000,"ft_is_entry":false,"ft_order_tag":"exit_signal","cost":927.0652109549999}],"funding_fees":0.0},{"pair":"ETH/USDT:USDT","stake_amount":927.63608,"max_stake_amount":927.63608,"amount":0.373,"open_date":"2025-05-18 04:45:00+00:00","close_date":"2025-05-18 18:30:00+00:00","open_rate":2486.96,"close_rate":2476.31,"fee_open":0.0005,"fee_close":0.0005,"trade_duration":825,"profit_ratio":-0.0053283808353428615,"profit_abs":-4.94526971,"exit_reason":"exit_signal","initial_stop_loss_abs":2238.27,"initial_stop_loss_ratio":-0.1,"stop_loss_abs":2238.27,"stop_loss_ratio":-0.1,"min_rate":2448.77,"max_rate":2587.52,"is_open":false,"enter_tag":"","leverage":1.0,"is_short":false,"open_timestamp":1747543500000,"close_timestamp":1747593000000,"orders":[{"amount":0.373,"safe_price":2486.96,"ft_order_side":"buy","order_filled_timestamp":1747543500000,"ft_is_entry":true,"ft_order_tag":"","cost":928.09989804},{"amount":0.373,"safe_price":2476.31,"ft_order_side":"sell","order_filled_timestamp":1747593000000,"ft_is_entry":false,"ft_order_tag":"exit_signal","cost":924.125461815}],"funding_fees":-0.04716985294746065},{"pair":"ETH/USDT:USDT","stake_amount":921.38562,"max_stake_amount":921.38562,"amount":0.369,"open_date":"2025-05-19 00:00:00+00:00","close_date":"2025-05-19 00:30:00+00:00","open_rate":2496.98,"close_rate":2450.74,"fee_open":0.0005,"fee_close":0.0005,"trade_duration":30,"profit_ratio":-0.019450140669701337,"profit_abs":-17.93004046,"exit_reason":"exit_signal","initial_stop_loss_abs":2247.29,"initial_stop_loss_ratio":-0.1,"stop_loss_abs":2247.29,"stop_loss_ratio":-0.1,"min_rate":2426.24,"max_rate":2513.38,"is_open":false,"enter_tag":"","leverage":1.0,"is_short":false,"open_timestamp":1747612800000,"close_timestamp":1747614600000,"orders":[{"amount":0.369,"safe_price":2496.98,"ft_order_side":"buy","order_filled_timestamp":1747612800000,"ft_is_entry":true,"ft_order_tag":"","cost":921.84631281},{"amount":0.369,"safe_price":2450.74,"ft_order_side":"sell","order_filled_timestamp":1747614600000,"ft_is_entry":false,"ft_order_tag":"exit_signal","cost":904.7752215299998}],"funding_fees":0.045373880204999995},{"pair":"ETH/USDT:USDT","stake_amount":903.24,"max_stake_amount":903.24,"amount":0.36,"open_date":"2025-05-19 17:00:00+00:00","close_date":"2025-05-20 14:00:00+00:00","open_rate":2509.0,"close_rate":2474.52,"fee_open":0.0005,"fee_close":0.0005,"trade_duration":1260,"profit_ratio":-0.014877594449752672,"profit_abs":-13.44475743,"exit_reason":"exit_signal","initial_stop_loss_abs":2258.1,"initial_stop_loss_ratio":-0.1,"stop_loss_abs":2258.1,"stop_loss_ratio":-0.1,"min_rate":2463.0,"max_rate":2588.0,"is_open":false,"enter_tag":"","leverage":1.0,"is_short":false,"open_timestamp":1747674000000,"close_timestamp":1747749600000,"orders":[{"amount":0.36,"safe_price":2509.0,"ft_order_side":"buy","order_filled_timestamp":1747674000000,"ft_is_entry":true,"ft_order_tag":"","cost":903.69162},{"amount":0.36,"safe_price":2474.52,"ft_order_side":"sell","order_filled_timestamp":1747749600000,"ft_is_entry":false,"ft_order_tag":"exit_signal","cost":891.2726135999999}],"funding_fees":-0.13492382539818423},{"pair":"ETH/USDT:USDT","stake_amount":889.62284,"max_stake_amount":889.62284,"amount":0.358,"open_date":"2025-05-20 15:30:00+00:00","close_date":"2025-05-20 16:30:00+00:00","open_rate":2484.98,"close_rate":2472.08,"fee_open":0.0005,"fee_close":0.0005,"trade_duration":60,"profit_ratio":-0.006197217549924381,"profit_abs":-5.51594287,"exit_reason":"exit_signal","initial_stop_loss_abs":2236.49,"initial_stop_loss_ratio":-0.1,"stop_loss_abs":2236.49,"stop_loss_ratio":-0.1,"min_rate":2467.36,"max_rate":2492.04,"is_open":false,"enter_tag":"","leverage":1.0,"is_short":false,"open_timestamp":1747755000000,"close_timestamp":1747758600000,"orders":[{"amount":0.358,"safe_price":2484.98,"ft_order_side":"buy","order_filled_timestamp":1747755000000,"ft_is_entry":true,"ft_order_tag":"","cost":890.06765142},{"amount":0.358,"safe_price":2472.08,"ft_order_side":"sell","order_filled_timestamp":1747758600000,"ft_is_entry":false,"ft_order_tag":"exit_signal","cost":885.4471423199998}],"funding_fees":-0.010429125688},{"pair":"ETH/USDT:USDT","stake_amount":885.40905,"max_stake_amount":885.40905,"amount":0.355,"open_date":"2025-05-20 17:15:00+00:00","close_date":"2025-05-20 18:45:00+00:00","open_rate":2494.11,"close_rate":2470.59,"fee_open":0.0005,"fee_close":0.0005,"trade_duration":90,"profit_ratio":-0.010420292337683112,"profit_abs":-9.23083425,"exit_reason":"exit_signal","initial_stop_loss_abs":2244.7,"initial_stop_loss_ratio":-0.1,"stop_loss_abs":2244.7,"stop_loss_ratio":-0.1,"min_rate":2438.39,"max_rate":2507.78,"is_open":false,"enter_tag":"","leverage":1.0,"is_short":false,"open_timestamp":1747761300000,"close_timestamp":1747766700000,"orders":[{"amount":0.355,"safe_price":2494.11,"ft_order_side":"buy","order_filled_timestamp":1747761300000,"ft_is_entry":true,"ft_order_tag":"","cost":885.8517545249999},{"amount":0.355,"safe_price":2470.59,"ft_order_side":"sell","order_filled_timestamp":1747766700000,"ft_is_entry":false,"ft_order_tag":"exit_signal","cost":877.4979797249999}],"funding_fees":0.0},{"pair":"ETH/USDT:USDT","stake_amount":875.31136,"max_stake_amount":875.31136,"amount":0.352,"open_date":"2025-05-20 19:45:00+00:00","close_date":"2025-05-21 19:30:00+00:00","open_rate":2486.68,"close_rate":2481.2,"fee_open":0.0005,"fee_close":0.0005,"trade_duration":1425,"profit_ratio":-0.0033405967664472845,"profit_abs":-2.92552433,"exit_reason":"exit_signal","initial_stop_loss_abs":2238.02,"initial_stop_loss_ratio":-0.1,"stop_loss_abs":2238.02,"stop_loss_ratio":-0.1,"min_rate":2450.72,"max_rate":2615.46,"is_open":false,"enter_tag":"","leverage":1.0,"is_short":false,"open_timestamp":1747770300000,"close_timestamp":1747855800000,"orders":[{"amount":0.352,"safe_price":2486.68,"ft_order_side":"buy","order_filled_timestamp":1747770300000,"ft_is_entry":true,"ft_order_tag":"","cost":875.7490156799998},{"amount":0.352,"safe_price":2481.2,"ft_order_side":"sell","order_filled_timestamp":1747855800000,"ft_is_entry":false,"ft_order_tag":"exit_signal","cost":873.8190911999998}],"funding_fees":-0.12221745324799999},{"pair":"ETH/USDT:USDT","stake_amount":872.849,"max_stake_amount":872.849,"amount":0.349,"open_date":"2025-05-21 19:45:00+00:00","close_date":"2025-05-22 03:45:00+00:00","open_rate":2501.0,"close_rate":2634.82,"fee_open":0.0005,"fee_close":0.0005,"trade_duration":480,"profit_ratio":0.05244198947465658,"profit_abs":45.79682504,"exit_reason":"exit_signal","initial_stop_loss_abs":2250.9,"initial_stop_loss_ratio":-0.1,"stop_loss_abs":2250.9,"stop_loss_ratio":-0.1,"min_rate":2482.45,"max_rate":2647.25,"is_open":false,"enter_tag":"","leverage":1.0,"is_short":false,"open_timestamp":1747856700000,"close_timestamp":1747885500000,"orders":[{"amount":0.349,"safe_price":2501.0,"ft_order_side":"buy","order_filled_timestamp":1747856700000,"ft_is_entry":true,"ft_order_tag":"","cost":873.2854244999999},{"amount":0.349,"safe_price":2634.82,"ft_order_side":"sell","order_filled_timestamp":1747885500000,"ft_is_entry":false,"ft_order_tag":"exit_signal","cost":920.01195609}],"funding_fees":-0.0101543693209},{"pair":"ETH/USDT:USDT","stake_amount":918.38456,"max_stake_amount":918.38456,"amount":0.358,"open_date":"2025-05-23 12:00:00+00:00","close_date":"2025-05-25 09:15:00+00:00","open_rate":2565.32,"close_rate":2479.55,"fee_open":0.0005,"fee_close":0.0005,"trade_duration":2715,"profit_ratio":-0.034648651504677566,"profit_abs":-31.83669696,"exit_reason":"exit_signal","initial_stop_loss_abs":2308.79,"initial_stop_loss_ratio":-0.1,"stop_loss_abs":2308.79,"stop_loss_ratio":-0.1,"min_rate":2457.6,"max_rate":2591.19,"is_open":false,"enter_tag":"","leverage":1.0,"is_short":false,"open_timestamp":1748001600000,"close_timestamp":1748164500000,"orders":[{"amount":0.358,"safe_price":2565.32,"ft_order_side":"buy","order_filled_timestamp":1748001600000,"ft_is_entry":true,"ft_order_tag":"","cost":918.8437522799999},{"amount":0.358,"safe_price":2479.55,"ft_order_side":"sell","order_filled_timestamp":1748164500000,"ft_is_entry":false,"ft_order_tag":"exit_signal","cost":888.1227394499999}],"funding_fees":-0.2280052277959504},{"pair":"ETH/USDT:USDT","stake_amount":887.9352,"max_stake_amount":887.9352,"amount":0.356,"open_date":"2025-05-25 10:00:00+00:00","close_date":"2025-05-27 08:30:00+00:00","open_rate":2494.2,"close_rate":2637.32,"fee_open":0.0005,"fee_close":0.0005,"trade_duration":2790,"profit_ratio":0.055957554997938704,"profit_abs":49.71152613,"exit_reason":"exit_signal","initial_stop_loss_abs":2244.78,"initial_stop_loss_ratio":-0.1,"stop_loss_abs":2244.78,"stop_loss_ratio":-0.1,"min_rate":2478.0,"max_rate":2643.44,"is_open":false,"enter_tag":"","leverage":1.0,"is_short":false,"open_timestamp":1748167200000,"close_timestamp":1748334600000,"orders":[{"amount":0.356,"safe_price":2494.2,"ft_order_side":"buy","order_filled_timestamp":1748167200000,"ft_is_entry":true,"ft_order_tag":"","cost":888.3791675999998},{"amount":0.356,"safe_price":2637.32,"ft_order_side":"sell","order_filled_timestamp":1748334600000,"ft_is_entry":false,"ft_order_tag":"exit_signal","cost":939.35536296}],"funding_fees":-0.32578331048908094},{"pair":"ETH/USDT:USDT","stake_amount":936.29536,"max_stake_amount":936.29536,"amount":0.364,"open_date":"2025-05-30 01:00:00+00:00","close_date":"2025-05-30 03:15:00+00:00","open_rate":2572.24,"close_rate":2636.16,"fee_open":0.0005,"fee_close":0.0005,"trade_duration":135,"profit_ratio":0.023825598474982643,"profit_abs":22.3189512,"exit_reason":"exit_signal","initial_stop_loss_abs":2315.02,"initial_stop_loss_ratio":-0.1,"stop_loss_abs":2315.02,"stop_loss_ratio":-0.1,"min_rate":2566.55,"max_rate":2642.12,"is_open":false,"enter_tag":"","leverage":1.0,"is_short":false,"open_timestamp":1748566800000,"close_timestamp":1748574900000,"orders":[{"amount":0.364,"safe_price":2572.24,"ft_order_side":"buy","order_filled_timestamp":1748566800000,"ft_is_entry":true,"ft_order_tag":"","cost":936.7635076799997},{"amount":0.364,"safe_price":2636.16,"ft_order_side":"sell","order_filled_timestamp":1748574900000,"ft_is_entry":false,"ft_order_tag":"exit_signal","cost":960.04202112}],"funding_fees":0.0},{"pair":"ETH/USDT:USDT","stake_amount":957.2232,"max_stake_amount":957.2232,"amount":0.368,"open_date":"2025-05-30 09:45:00+00:00","close_date":"2025-06-01 13:00:00+00:00","open_rate":2601.15,"close_rate":2482.98,"fee_open":0.0005,"fee_close":0.0005,"trade_duration":3075,"profit_ratio":-0.04668952723948256,"profit_abs":-44.71464482,"exit_reason":"exit_signal","initial_stop_loss_abs":2341.04,"initial_stop_loss_ratio":-0.1,"stop_loss_abs":2341.04,"stop_loss_ratio":-0.1,"min_rate":2465.0,"max_rate":2627.09,"is_open":false,"enter_tag":"","leverage":1.0,"is_short":false,"open_timestamp":1748598300000,"close_timestamp":1748782800000,"orders":[{"amount":0.368,"safe_price":2601.15,"ft_order_side":"buy","order_filled_timestamp":1748598300000,"ft_is_entry":true,"ft_order_tag":"","cost":957.7018115999999},{"amount":0.368,"safe_price":2482.98,"ft_order_side":"sell","order_filled_timestamp":1748782800000,"ft_is_entry":false,"ft_order_tag":"exit_signal","cost":914.1935083199999}],"funding_fees":-0.2926048961551417},{"pair":"SOL/USDT:USDT","stake_amount":914.9994,"max_stake_amount":914.9994,"amount":6.06,"open_date":"2025-06-01 13:00:00+00:00","close_date":"2025-06-01 16:15:00+00:00","open_rate":150.99,"close_rate":155.41,"fee_open":0.0005,"fee_close":0.0005,"trade_duration":195,"profit_ratio":0.02828881579076704,"profit_abs":25.8971916,"exit_reason":"exit_signal","initial_stop_loss_abs":135.9,"initial_stop_loss_ratio":-0.1,"stop_loss_abs":135.9,"stop_loss_ratio":-0.1,"min_rate":150.91,"max_rate":155.91,"is_open":false,"enter_tag":"","leverage":1.0,"is_short":false,"open_timestamp":1748782800000,"close_timestamp":1748794500000,"orders":[{"amount":6.06,"safe_price":150.99,"ft_order_side":"buy","order_filled_timestamp":1748782800000,"ft_is_entry":true,"ft_order_tag":"","cost":915.4568997},{"amount":6.06,"safe_price":155.41,"ft_order_side":"sell","order_filled_timestamp":1748794500000,"ft_is_entry":false,"ft_order_tag":"exit_signal","cost":942.2554922999999}],"funding_fees":0.0403835976},{"pair":"ETH/USDT:USDT","stake_amount":940.84858,"max_stake_amount":940.84858,"amount":0.371,"open_date":"2025-06-01 16:15:00+00:00","close_date":"2025-06-02 10:00:00+00:00","open_rate":2535.98,"close_rate":2480.4,"fee_open":0.0005,"fee_close":0.0005,"trade_duration":1065,"profit_ratio":-0.0229631497627139,"profit_abs":-21.61564927,"exit_reason":"exit_signal","initial_stop_loss_abs":2282.39,"initial_stop_loss_ratio":-0.1,"stop_loss_abs":2282.39,"stop_loss_ratio":-0.1,"min_rate":2472.74,"max_rate":2547.0,"is_open":false,"enter_tag":"","leverage":1.0,"is_short":false,"open_timestamp":1748794500000,"close_timestamp":1748858400000,"orders":[{"amount":0.371,"safe_price":2535.98,"ft_order_side":"buy","order_filled_timestamp":1748794500000,"ft_is_entry":true,"ft_order_tag":"","cost":941.31900429},{"amount":0.371,"safe_price":2480.4,"ft_order_side":"sell","order_filled_timestamp":1748858400000,"ft_is_entry":false,"ft_order_tag":"exit_signal","cost":920.6885142}],"funding_fees":-0.06493077531089865},{"pair":"ETH/USDT:USDT","stake_amount":918.1089,"max_stake_amount":918.1089,"amount":0.369,"open_date":"2025-06-02 10:15:00+00:00","close_date":"2025-06-02 11:00:00+00:00","open_rate":2488.1,"close_rate":2480.93,"fee_open":0.0005,"fee_close":0.0005,"trade_duration":45,"profit_ratio":-0.0038783369512744273,"profit_abs":-3.56251604,"exit_reason":"exit_signal","initial_stop_loss_abs":2239.29,"initial_stop_loss_ratio":-0.1,"stop_loss_abs":2239.29,"stop_loss_ratio":-0.1,"min_rate":2476.0,"max_rate":2488.11,"is_open":false,"enter_tag":"","leverage":1.0,"is_short":false,"open_timestamp":1748859300000,"close_timestamp":1748862000000,"orders":[{"amount":0.369,"safe_price":2488.1,"ft_order_side":"buy","order_filled_timestamp":1748859300000,"ft_is_entry":true,"ft_order_tag":"","cost":918.5679544499999},{"amount":0.369,"safe_price":2480.93,"ft_order_side":"sell","order_filled_timestamp":1748862000000,"ft_is_entry":false,"ft_order_tag":"exit_signal","cost":915.9209015849998}],"funding_fees":0.0},{"pair":"ETH/USDT:USDT","stake_amount":914.6824,"max_stake_amount":914.6824,"amount":0.368,"open_date":"2025-06-02 11:15:00+00:00","close_date":"2025-06-02 12:00:00+00:00","open_rate":2485.55,"close_rate":2480.02,"fee_open":0.0005,"fee_close":0.0005,"trade_duration":45,"profit_ratio":-0.003222136191062402,"profit_abs":-2.94870488,"exit_reason":"exit_signal","initial_stop_loss_abs":2237.0,"initial_stop_loss_ratio":-0.1,"stop_loss_abs":2237.0,"stop_loss_ratio":-0.1,"min_rate":2474.22,"max_rate":2487.12,"is_open":false,"enter_tag":"","leverage":1.0,"is_short":false,"open_timestamp":1748862900000,"close_timestamp":1748865600000,"orders":[{"amount":0.368,"safe_price":2485.55,"ft_order_side":"buy","order_filled_timestamp":1748862900000,"ft_is_entry":true,"ft_order_tag":"","cost":915.1397412},{"amount":0.368,"safe_price":2480.02,"ft_order_side":"sell","order_filled_timestamp":1748865600000,"ft_is_entry":false,"ft_order_tag":"exit_signal","cost":913.1036836799999}],"funding_fees":0.0},{"pair":"ETH/USDT:USDT","stake_amount":912.32088,"max_stake_amount":912.32088,"amount":0.366,"open_date":"2025-06-02 12:45:00+00:00","close_date":"2025-06-03 01:45:00+00:00","open_rate":2492.68,"close_rate":2636.84,"fee_open":0.0005,"fee_close":0.0005,"trade_duration":780,"profit_ratio":0.056654350546626465,"profit_abs":51.71279042,"exit_reason":"exit_signal","initial_stop_loss_abs":2243.42,"initial_stop_loss_ratio":-0.1,"stop_loss_abs":2243.42,"stop_loss_ratio":-0.1,"min_rate":2486.61,"max_rate":2649.0,"is_open":false,"enter_tag":"","leverage":1.0,"is_short":false,"open_timestamp":1748868300000,"close_timestamp":1748915100000,"orders":[{"amount":0.366,"safe_price":2492.68,"ft_order_side":"buy","order_filled_timestamp":1748868300000,"ft_is_entry":true,"ft_order_tag":"","cost":912.7770404399998},{"amount":0.366,"safe_price":2636.84,"ft_order_side":"sell","order_filled_timestamp":1748915100000,"ft_is_entry":false,"ft_order_tag":"exit_signal","cost":965.56598172}],"funding_fees":-0.11106741905759998},{"pair":"ETH/USDT:USDT","stake_amount":963.36457,"max_stake_amount":963.36457,"amount":0.371,"open_date":"2025-06-03 03:15:00+00:00","close_date":"2025-06-03 14:45:00+00:00","open_rate":2596.67,"close_rate":2634.68,"fee_open":0.0005,"fee_close":0.0005,"trade_duration":690,"profit_ratio":0.01356292758207931,"profit_abs":13.07257692,"exit_reason":"exit_signal","initial_stop_loss_abs":2337.01,"initial_stop_loss_ratio":-0.1,"stop_loss_abs":2337.01,"stop_loss_ratio":-0.1,"min_rate":2588.05,"max_rate":2654.98,"is_open":false,"enter_tag":"","leverage":1.0,"is_short":false,"open_timestamp":1748920500000,"close_timestamp":1748961900000,"orders":[{"amount":0.371,"safe_price":2596.67,"ft_order_side":"buy","order_filled_timestamp":1748920500000,"ft_is_entry":true,"ft_order_tag":"","cost":963.846252285},{"amount":0.371,"safe_price":2634.68,"ft_order_side":"sell","order_filled_timestamp":1748961900000,"ft_is_entry":false,"ft_order_tag":"exit_signal","cost":977.9550131399999}],"funding_fees":-0.0587176563876},{"pair":"ETH/USDT:USDT","stake_amount":975.48079,"max_stake_amount":975.48079,"amount":0.373,"open_date":"2025-06-03 20:45:00+00:00","close_date":"2025-06-04 03:30:00+00:00","open_rate":2615.23,"close_rate":2633.09,"fee_open":0.0005,"fee_close":0.0005,"trade_duration":405,"profit_ratio":0.00577941020056982,"profit_abs":5.64052248,"exit_reason":"exit_signal","initial_stop_loss_abs":2353.71,"initial_stop_loss_ratio":-0.1,"stop_loss_abs":2353.71,"stop_loss_ratio":-0.1,"min_rate":2563.0,"max_rate":2639.84,"is_open":false,"enter_tag":"","leverage":1.0,"is_short":false,"open_timestamp":1748983500000,"close_timestamp":1749007800000,"orders":[{"amount":0.373,"safe_price":2615.23,"ft_order_side":"buy","order_filled_timestamp":1748983500000,"ft_is_entry":true,"ft_order_tag":"","cost":975.9685303949999},{"amount":0.373,"safe_price":2633.09,"ft_order_side":"sell","order_filled_timestamp":1749007800000,"ft_is_entry":false,"ft_order_tag":"exit_signal","cost":982.6336412850001}],"funding_fees":-0.042445842352},{"pair":"ETH/USDT:USDT","stake_amount":982.25088,"max_stake_amount":982.25088,"amount":0.377,"open_date":"2025-06-04 14:15:00+00:00","close_date":"2025-06-04 15:00:00+00:00","open_rate":2605.44,"close_rate":2639.31,"fee_open":0.0005,"fee_close":0.0005,"trade_duration":45,"profit_ratio":0.011987230183292733,"profit_abs":11.78035463,"exit_reason":"exit_signal","initial_stop_loss_abs":2344.9,"initial_stop_loss_ratio":-0.1,"stop_loss_abs":2344.9,"stop_loss_ratio":-0.1,"min_rate":2603.42,"max_rate":2646.88,"is_open":false,"enter_tag":"","leverage":1.0,"is_short":false,"open_timestamp":1749046500000,"close_timestamp":1749049200000,"orders":[{"amount":0.377,"safe_price":2605.44,"ft_order_side":"buy","order_filled_timestamp":1749046500000,"ft_is_entry":true,"ft_order_tag":"","cost":982.74200544},{"amount":0.377,"safe_price":2639.31,"ft_order_side":"sell","order_filled_timestamp":1749049200000,"ft_is_entry":false,"ft_order_tag":"exit_signal","cost":995.5173799349999}],"funding_fees":0.0},{"pair":"SOL/USDT:USDT","stake_amount":994.5843,"max_stake_amount":994.5843,"amount":6.53,"open_date":"2025-06-05 05:45:00+00:00","close_date":"2025-06-05 20:30:00+00:00","open_rate":152.31,"close_rate":144.63,"fee_open":0.0005,"fee_close":0.0005,"trade_duration":885,"profit_ratio":-0.051402116774651056,"profit_abs":-51.1493002,"exit_reason":"exit_signal","initial_stop_loss_abs":137.08,"initial_stop_loss_ratio":-0.1,"stop_loss_abs":137.08,"stop_loss_ratio":-0.1,"min_rate":141.7,"max_rate":154.35,"is_open":false,"enter_tag":"","leverage":1.0,"is_short":false,"open_timestamp":1749102300000,"close_timestamp":1749155400000,"orders":[{"amount":6.53,"safe_price":152.31,"ft_order_side":"buy","order_filled_timestamp":1749102300000,"ft_is_entry":true,"ft_order_tag":"","cost":995.08159215},{"amount":6.53,"safe_price":144.63,"ft_order_side":"sell","order_filled_timestamp":1749155400000,"ft_is_entry":false,"ft_order_tag":"exit_signal","cost":944.90611695}],"funding_fees":-0.029391104244},{"pair":"SUI/USDT:USDT","stake_amount":943.7895,"max_stake_amount":943.7895,"amount":320.2,"open_date":"2025-06-05 20:30:00+00:00","close_date":"2025-06-06 08:45:00+00:00","open_rate":2.9475,"close_rate":3.0658,"fee_open":0.0005,"fee_close":0.0005,"trade_duration":735,"profit_ratio":0.03915288002406179,"profit_abs":36.9705531,"exit_reason":"exit_signal","initial_stop_loss_abs":2.6528,"initial_stop_loss_ratio":-0.1,"stop_loss_abs":2.6528,"stop_loss_ratio":-0.1,"min_rate":2.8801,"max_rate":3.0691,"is_open":false,"enter_tag":"","leverage":1.0,"is_short":false,"open_timestamp":1749155400000,"close_timestamp":1749199500000,"orders":[{"amount":320.2,"safe_price":2.9475,"ft_order_side":"buy","order_filled_timestamp":1749155400000,"ft_is_entry":true,"ft_order_tag":"","cost":944.2613947499998},{"amount":320.2,"safe_price":3.0658,"ft_order_side":"sell","order_filled_timestamp":1749199500000,"ft_is_entry":false,"ft_order_tag":"exit_signal","cost":982.1599945799999}],"funding_fees":0.05362243332668941},{"pair":"SOL/USDT:USDT","stake_amount":980.3296,"max_stake_amount":980.3296,"amount":6.64,"open_date":"2025-06-06 08:45:00+00:00","close_date":"2025-06-08 20:00:00+00:00","open_rate":147.64,"close_rate":154.38,"fee_open":0.0005,"fee_close":0.0005,"trade_duration":3555,"profit_ratio":0.044554894016548476,"profit_abs":43.70032067,"exit_reason":"exit_signal","initial_stop_loss_abs":132.88,"initial_stop_loss_ratio":-0.1,"stop_loss_abs":132.88,"stop_loss_ratio":-0.1,"min_rate":146.84,"max_rate":154.69,"is_open":false,"enter_tag":"","leverage":1.0,"is_short":false,"open_timestamp":1749199500000,"close_timestamp":1749412800000,"orders":[{"amount":6.64,"safe_price":147.64,"ft_order_side":"buy","order_filled_timestamp":1749199500000,"ft_is_entry":true,"ft_order_tag":"","cost":980.8197647999999},{"amount":6.64,"safe_price":154.38,"ft_order_side":"sell","order_filled_timestamp":1749412800000,"ft_is_entry":false,"ft_order_tag":"exit_signal","cost":1025.5957415999999}],"funding_fees":-0.05057292991572295},{"pair":"ETH/USDT:USDT","stake_amount":1022.43115,"max_stake_amount":1022.43115,"amount":0.403,"open_date":"2025-06-08 22:00:00+00:00","close_date":"2025-06-09 21:30:00+00:00","open_rate":2537.05,"close_rate":2638.76,"fee_open":0.0005,"fee_close":0.0005,"trade_duration":1410,"profit_ratio":0.03892311601310911,"profit_abs":39.81610437,"exit_reason":"exit_signal","initial_stop_loss_abs":2283.35,"initial_stop_loss_ratio":-0.1,"stop_loss_abs":2283.35,"stop_loss_ratio":-0.1,"min_rate":2475.83,"max_rate":2639.88,"is_open":false,"enter_tag":"","leverage":1.0,"is_short":false,"open_timestamp":1749420000000,"close_timestamp":1749504600000,"orders":[{"amount":0.403,"safe_price":2537.05,"ft_order_side":"buy","order_filled_timestamp":1749420000000,"ft_is_entry":true,"ft_order_tag":"","cost":1022.942365575},{"amount":0.403,"safe_price":2638.76,"ft_order_side":"sell","order_filled_timestamp":1749504600000,"ft_is_entry":false,"ft_order_tag":"exit_signal","cost":1063.95199014}],"funding_fees":-0.13009991944885646},{"pair":"SOL/USDT:USDT","stake_amount":1062.0768,"max_stake_amount":1062.0768,"amount":6.98,"open_date":"2025-06-12 21:15:00+00:00","close_date":"2025-06-13 01:15:00+00:00","open_rate":152.16,"close_rate":142.87,"fee_open":0.0005,"fee_close":0.0005,"trade_duration":240,"profit_ratio":-0.06197555846111666,"profit_abs":-65.85571421,"exit_reason":"exit_signal","initial_stop_loss_abs":136.95,"initial_stop_loss_ratio":-0.1,"stop_loss_abs":136.95,"stop_loss_ratio":-0.1,"min_rate":142.03,"max_rate":153.59,"is_open":false,"enter_tag":"","leverage":1.0,"is_short":false,"open_timestamp":1749762900000,"close_timestamp":1749777300000,"orders":[{"amount":6.98,"safe_price":152.16,"ft_order_side":"buy","order_filled_timestamp":1749762900000,"ft_is_entry":true,"ft_order_tag":"","cost":1062.6078384},{"amount":6.98,"safe_price":142.87,"ft_order_side":"sell","order_filled_timestamp":1749777300000,"ft_is_entry":false,"ft_order_tag":"exit_signal","cost":997.7312163}],"funding_fees":0.01814049062473577},{"pair":"SUI/USDT:USDT","stake_amount":997.95068,"max_stake_amount":997.95068,"amount":340.4,"open_date":"2025-06-13 01:15:00+00:00","close_date":"2025-06-13 08:15:00+00:00","open_rate":2.9317,"close_rate":3.0604,"fee_open":0.0005,"fee_close":0.0005,"trade_duration":420,"profit_ratio":0.04284194483039181,"profit_abs":42.77552505,"exit_reason":"exit_signal","initial_stop_loss_abs":2.6386,"initial_stop_loss_ratio":-0.1,"stop_loss_abs":2.6386,"stop_loss_ratio":-0.1,"min_rate":2.9174,"max_rate":3.0661,"is_open":false,"enter_tag":"","leverage":1.0,"is_short":false,"open_timestamp":1749777300000,"close_timestamp":1749802500000,"orders":[{"amount":340.4,"safe_price":2.9317,"ft_order_side":"buy","order_filled_timestamp":1749777300000,"ft_is_entry":true,"ft_order_tag":"","cost":998.4496553399999},{"amount":340.4,"safe_price":3.0604,"ft_order_side":"sell","order_filled_timestamp":1749802500000,"ft_is_entry":false,"ft_order_tag":"exit_signal","cost":1042.28104008}],"funding_fees":-0.014099525945599998},{"pair":"SOL/USDT:USDT","stake_amount":1039.866,"max_stake_amount":1039.866,"amount":7.1,"open_date":"2025-06-13 08:15:00+00:00","close_date":"2025-06-13 09:00:00+00:00","open_rate":146.46,"close_rate":144.74,"fee_open":0.0005,"fee_close":0.0005,"trade_duration":45,"profit_ratio":-0.012731583136466725,"profit_abs":-13.24576,"exit_reason":"exit_signal","initial_stop_loss_abs":131.82,"initial_stop_loss_ratio":-0.1,"stop_loss_abs":131.82,"stop_loss_ratio":-0.1,"min_rate":144.23,"max_rate":146.47,"is_open":false,"enter_tag":"","leverage":1.0,"is_short":false,"open_timestamp":1749802500000,"close_timestamp":1749805200000,"orders":[{"amount":7.1,"safe_price":146.46,"ft_order_side":"buy","order_filled_timestamp":1749802500000,"ft_is_entry":true,"ft_order_tag":"","cost":1040.385933},{"amount":7.1,"safe_price":144.74,"ft_order_side":"sell","order_filled_timestamp":1749805200000,"ft_is_entry":false,"ft_order_tag":"exit_signal","cost":1028.167827}],"funding_fees":0.0},{"pair":"ETH/USDT:USDT","stake_amount":1026.7524,"max_stake_amount":1026.7524,"amount":0.408,"open_date":"2025-06-13 09:00:00+00:00","close_date":"2025-06-16 14:00:00+00:00","open_rate":2516.55,"close_rate":2638.33,"fee_open":0.0005,"fee_close":0.0005,"trade_duration":4620,"profit_ratio":0.04693598919293969,"profit_abs":48.21573537,"exit_reason":"exit_signal","initial_stop_loss_abs":2264.9,"initial_stop_loss_ratio":-0.1,"stop_loss_abs":2264.9,"stop_loss_ratio":-0.1,"min_rate":2486.68,"max_rate":2644.7,"is_open":false,"enter_tag":"","leverage":1.0,"is_short":false,"open_timestamp":1749805200000,"close_timestamp":1750082400000,"orders":[{"amount":0.408,"safe_price":2516.55,"ft_order_side":"buy","order_filled_timestamp":1749805200000,"ft_is_entry":true,"ft_order_tag":"","cost":1027.2657762000001},{"amount":0.408,"safe_price":2638.33,"ft_order_side":"sell","order_filled_timestamp":1750082400000,"ft_is_entry":false,"ft_order_tag":"exit_signal","cost":1076.97685932}],"funding_fees":-0.4189091077041623},{"pair":"ETH/USDT:USDT","stake_amount":1075.03192,"max_stake_amount":1075.03192,"amount":0.421,"open_date":"2025-06-16 22:45:00+00:00","close_date":"2025-06-17 17:15:00+00:00","open_rate":2553.52,"close_rate":2460.99,"fee_open":0.0005,"fee_close":0.0005,"trade_duration":1110,"profit_ratio":-0.037345894822818144,"profit_abs":-40.16810303,"exit_reason":"exit_signal","initial_stop_loss_abs":2298.17,"initial_stop_loss_ratio":-0.1,"stop_loss_abs":2298.17,"stop_loss_ratio":-0.1,"min_rate":2451.97,"max_rate":2617.74,"is_open":false,"enter_tag":"","leverage":1.0,"is_short":false,"open_timestamp":1750113900000,"close_timestamp":1750180500000,"orders":[{"amount":0.421,"safe_price":2553.52,"ft_order_side":"buy","order_filled_timestamp":1750113900000,"ft_is_entry":true,"ft_order_tag":"","cost":1075.5694359599997},{"amount":0.421,"safe_price":2460.99,"ft_order_side":"sell","order_filled_timestamp":1750180500000,"ft_is_entry":false,"ft_order_tag":"exit_signal","cost":1036.5948283949997}],"funding_fees":-0.1574186781308225},{"pair":"SOL/USDT:USDT","stake_amount":1035.038,"max_stake_amount":1035.038,"amount":7.1,"open_date":"2025-06-17 17:15:00+00:00","close_date":"2025-06-18 13:00:00+00:00","open_rate":145.78,"close_rate":145.11,"fee_open":0.0005,"fee_close":0.0005,"trade_duration":1185,"profit_ratio":-0.005639815995225264,"profit_abs":-5.84034258,"exit_reason":"exit_signal","initial_stop_loss_abs":131.21,"initial_stop_loss_ratio":-0.1,"stop_loss_abs":131.21,"stop_loss_ratio":-0.1,"min_rate":144.6,"max_rate":150.35,"is_open":false,"enter_tag":"","leverage":1.0,"is_short":false,"open_timestamp":1750180500000,"close_timestamp":1750251600000,"orders":[{"amount":7.1,"safe_price":145.78,"ft_order_side":"buy","order_filled_timestamp":1750180500000,"ft_is_entry":true,"ft_order_tag":"","cost":1035.555519},{"amount":7.1,"safe_price":145.11,"ft_order_side":"sell","order_filled_timestamp":1750251600000,"ft_is_entry":false,"ft_order_tag":"exit_signal","cost":1030.7961404999999}],"funding_fees":-0.0506830774931108},{"pair":"ETH/USDT:USDT","stake_amount":1028.8728,"max_stake_amount":1028.8728,"amount":0.414,"open_date":"2025-06-18 13:45:00+00:00","close_date":"2025-06-20 17:30:00+00:00","open_rate":2485.2,"close_rate":2416.25,"fee_open":0.0005,"fee_close":0.0005,"trade_duration":3105,"profit_ratio":-0.029092291560494043,"profit_abs":-29.94723361,"exit_reason":"exit_signal","initial_stop_loss_abs":2236.68,"initial_stop_loss_ratio":-0.1,"stop_loss_abs":2236.68,"stop_loss_ratio":-0.1,"min_rate":2363.88,"max_rate":2568.56,"is_open":false,"enter_tag":"","leverage":1.0,"is_short":false,"open_timestamp":1750254300000,"close_timestamp":1750440600000,"orders":[{"amount":0.414,"safe_price":2485.2,"ft_order_side":"buy","order_filled_timestamp":1750254300000,"ft_is_entry":true,"ft_order_tag":"","cost":1029.3872364},{"amount":0.414,"safe_price":2416.25,"ft_order_side":"sell","order_filled_timestamp":1750440600000,"ft_is_entry":false,"ft_order_tag":"exit_signal","cost":1000.8276637499999}],"funding_fees":-0.3873334607053213},{"pair":"SOL/USDT:USDT","stake_amount":999.6388,"max_stake_amount":999.6388,"amount":6.83,"open_date":"2025-06-23 22:30:00+00:00","close_date":"2025-06-23 23:00:00+00:00","open_rate":146.36,"close_rate":144.79,"fee_open":0.0005,"fee_close":0.0005,"trade_duration":30,"profit_ratio":-0.01171575321931819,"profit_abs":-11.71737725,"exit_reason":"exit_signal","initial_stop_loss_abs":131.73,"initial_stop_loss_ratio":-0.1,"stop_loss_abs":131.73,"stop_loss_ratio":-0.1,"min_rate":143.82,"max_rate":146.67,"is_open":false,"enter_tag":"","leverage":1.0,"is_short":false,"open_timestamp":1750717800000,"close_timestamp":1750719600000,"orders":[{"amount":6.83,"safe_price":146.36,"ft_order_side":"buy","order_filled_timestamp":1750717800000,"ft_is_entry":true,"ft_order_tag":"","cost":1000.1386194},{"amount":6.83,"safe_price":144.79,"ft_order_side":"sell","order_filled_timestamp":1750719600000,"ft_is_entry":false,"ft_order_tag":"exit_signal","cost":989.4101578499998}],"funding_fees":0.0},{"pair":"SUI/USDT:USDT","stake_amount":988.19328,"max_stake_amount":988.19328,"amount":346.2,"open_date":"2025-06-24 05:45:00+00:00","close_date":"2025-06-24 07:45:00+00:00","open_rate":2.8544,"close_rate":2.817,"fee_open":0.0005,"fee_close":0.0005,"trade_duration":120,"profit_ratio":-0.014088982694751277,"profit_abs":-13.92959934,"exit_reason":"exit_signal","initial_stop_loss_abs":2.569,"initial_stop_loss_ratio":-0.1,"stop_loss_abs":2.569,"stop_loss_ratio":-0.1,"min_rate":2.7968,"max_rate":2.91,"is_open":false,"enter_tag":"","leverage":1.0,"is_short":false,"open_timestamp":1750743900000,"close_timestamp":1750751100000,"orders":[{"amount":346.2,"safe_price":2.8544,"ft_order_side":"buy","order_filled_timestamp":1750743900000,"ft_is_entry":true,"ft_order_tag":"","cost":988.6873766399999},{"amount":346.2,"safe_price":2.817,"ft_order_side":"sell","order_filled_timestamp":1750751100000,"ft_is_entry":false,"ft_order_tag":"exit_signal","cost":975.7330227}],"funding_fees":0.0},{"pair":"SOL/USDT:USDT","stake_amount":973.56,"max_stake_amount":973.56,"amount":6.65,"open_date":"2025-06-24 17:00:00+00:00","close_date":"2025-06-24 17:30:00+00:00","open_rate":146.4,"close_rate":144.09,"fee_open":0.0005,"fee_close":0.0005,"trade_duration":30,"profit_ratio":-0.016762417971342196,"profit_abs":-16.32737925,"exit_reason":"exit_signal","initial_stop_loss_abs":131.77,"initial_stop_loss_ratio":-0.1,"stop_loss_abs":131.77,"stop_loss_ratio":-0.1,"min_rate":143.82,"max_rate":146.56,"is_open":false,"enter_tag":"","leverage":1.0,"is_short":false,"open_timestamp":1750784400000,"close_timestamp":1750786200000,"orders":[{"amount":6.65,"safe_price":146.4,"ft_order_side":"buy","order_filled_timestamp":1750784400000,"ft_is_entry":true,"ft_order_tag":"","cost":974.04678},{"amount":6.65,"safe_price":144.09,"ft_order_side":"sell","order_filled_timestamp":1750786200000,"ft_is_entry":false,"ft_order_tag":"exit_signal","cost":958.6775992500001}],"funding_fees":0.0},{"pair":"SOL/USDT:USDT","stake_amount":958.1031,"max_stake_amount":958.1031,"amount":6.57,"open_date":"2025-06-25 00:00:00+00:00","close_date":"2025-06-25 04:15:00+00:00","open_rate":145.83,"close_rate":145.16,"fee_open":0.0005,"fee_close":0.0005,"trade_duration":255,"profit_ratio":-0.005575856103055354,"profit_abs":-5.34491614,"exit_reason":"exit_signal","initial_stop_loss_abs":131.25,"initial_stop_loss_ratio":-0.1,"stop_loss_abs":131.25,"stop_loss_ratio":-0.1,"min_rate":144.95,"max_rate":146.92,"is_open":false,"enter_tag":"","leverage":1.0,"is_short":false,"open_timestamp":1750809600000,"close_timestamp":1750824900000,"orders":[{"amount":6.57,"safe_price":145.83,"ft_order_side":"buy","order_filled_timestamp":1750809600000,"ft_is_entry":true,"ft_order_tag":"","cost":958.58215155},{"amount":6.57,"safe_price":145.16,"ft_order_side":"sell","order_filled_timestamp":1750824900000,"ft_is_entry":false,"ft_order_tag":"exit_signal","cost":954.1780505999999}],"funding_fees":0.01288600622159688},{"pair":"SOL/USDT:USDT","stake_amount":952.5068,"max_stake_amount":952.5068,"amount":6.52,"open_date":"2025-06-25 06:30:00+00:00","close_date":"2025-06-25 10:00:00+00:00","open_rate":146.09,"close_rate":145.44,"fee_open":0.0005,"fee_close":0.0005,"trade_duration":210,"profit_ratio":-0.0055449035648087635,"profit_abs":-5.28419913,"exit_reason":"exit_signal","initial_stop_loss_abs":131.49,"initial_stop_loss_ratio":-0.1,"stop_loss_abs":131.49,"stop_loss_ratio":-0.1,"min_rate":144.94,"max_rate":147.61,"is_open":false,"enter_tag":"","leverage":1.0,"is_short":false,"open_timestamp":1750833000000,"close_timestamp":1750845600000,"orders":[{"amount":6.52,"safe_price":146.09,"ft_order_side":"buy","order_filled_timestamp":1750833000000,"ft_is_entry":true,"ft_order_tag":"","cost":952.9830533999999},{"amount":6.52,"safe_price":145.44,"ft_order_side":"sell","order_filled_timestamp":1750845600000,"ft_is_entry":false,"ft_order_tag":"exit_signal","cost":948.7429343999999}],"funding_fees":-0.09581132650656},{"pair":"SOL/USDT:USDT","stake_amount":946.728,"max_stake_amount":946.728,"amount":6.48,"open_date":"2025-06-25 10:30:00+00:00","close_date":"2025-06-25 15:15:00+00:00","open_rate":146.1,"close_rate":144.94,"fee_open":0.0005,"fee_close":0.0005,"trade_duration":285,"profit_ratio":-0.008931331733175164,"profit_abs":-8.4597696,"exit_reason":"exit_signal","initial_stop_loss_abs":131.49,"initial_stop_loss_ratio":-0.1,"stop_loss_abs":131.49,"stop_loss_ratio":-0.1,"min_rate":143.68,"max_rate":147.93,"is_open":false,"enter_tag":"","leverage":1.0,"is_short":false,"open_timestamp":1750847400000,"close_timestamp":1750864500000,"orders":[{"amount":6.48,"safe_price":146.1,"ft_order_side":"buy","order_filled_timestamp":1750847400000,"ft_is_entry":true,"ft_order_tag":"","cost":947.201364},{"amount":6.48,"safe_price":144.94,"ft_order_side":"sell","order_filled_timestamp":1750864500000,"ft_is_entry":false,"ft_order_tag":"exit_signal","cost":939.6808056}],"funding_fees":0.0},{"pair":"SOL/USDT:USDT","stake_amount":939.2096,"max_stake_amount":939.2096,"amount":6.44,"open_date":"2025-06-26 02:15:00+00:00","close_date":"2025-06-26 02:45:00+00:00","open_rate":145.84,"close_rate":145.22,"fee_open":0.0005,"fee_close":0.0005,"trade_duration":30,"profit_ratio":-0.005246485369492983,"profit_abs":-4.9300132,"exit_reason":"exit_signal","initial_stop_loss_abs":131.26,"initial_stop_loss_ratio":-0.1,"stop_loss_abs":131.26,"stop_loss_ratio":-0.1,"min_rate":144.84,"max_rate":146.47,"is_open":false,"enter_tag":"","leverage":1.0,"is_short":false,"open_timestamp":1750904100000,"close_timestamp":1750905900000,"orders":[{"amount":6.44,"safe_price":145.84,"ft_order_side":"buy","order_filled_timestamp":1750904100000,"ft_is_entry":true,"ft_order_tag":"","cost":939.6792048},{"amount":6.44,"safe_price":145.22,"ft_order_side":"sell","order_filled_timestamp":1750905900000,"ft_is_entry":false,"ft_order_tag":"exit_signal","cost":935.6844083999999}],"funding_fees":0.0},{"pair":"SOL/USDT:USDT","stake_amount":933.9624,"max_stake_amount":933.9624,"amount":6.39,"open_date":"2025-06-26 03:00:00+00:00","close_date":"2025-06-26 05:00:00+00:00","open_rate":146.16,"close_rate":145.36,"fee_open":0.0005,"fee_close":0.0005,"trade_duration":120,"profit_ratio":-0.006467483280800761,"profit_abs":-6.0434064,"exit_reason":"exit_signal","initial_stop_loss_abs":131.55,"initial_stop_loss_ratio":-0.1,"stop_loss_abs":131.55,"stop_loss_ratio":-0.1,"min_rate":144.89,"max_rate":147.99,"is_open":false,"enter_tag":"","leverage":1.0,"is_short":false,"open_timestamp":1750906800000,"close_timestamp":1750914000000,"orders":[{"amount":6.39,"safe_price":146.16,"ft_order_side":"buy","order_filled_timestamp":1750906800000,"ft_is_entry":true,"ft_order_tag":"","cost":934.4293811999999},{"amount":6.39,"safe_price":145.36,"ft_order_side":"sell","order_filled_timestamp":1750914000000,"ft_is_entry":false,"ft_order_tag":"exit_signal","cost":929.3148252}],"funding_fees":0.0},{"pair":"ETH/USDT:USDT","stake_amount":927.278,"max_stake_amount":927.278,"amount":0.373,"open_date":"2025-06-26 07:00:00+00:00","close_date":"2025-06-26 09:30:00+00:00","open_rate":2486.0,"close_rate":2470.81,"fee_open":0.0005,"fee_close":0.0005,"trade_duration":150,"profit_ratio":-0.007184245084853845,"profit_abs":-6.66512331,"exit_reason":"exit_signal","initial_stop_loss_abs":2237.4,"initial_stop_loss_ratio":-0.1,"stop_loss_abs":2237.4,"stop_loss_ratio":-0.1,"min_rate":2466.0,"max_rate":2499.85,"is_open":false,"enter_tag":"","leverage":1.0,"is_short":false,"open_timestamp":1750921200000,"close_timestamp":1750930200000,"orders":[{"amount":0.373,"safe_price":2486.0,"ft_order_side":"buy","order_filled_timestamp":1750921200000,"ft_is_entry":true,"ft_order_tag":"","cost":927.741639},{"amount":0.373,"safe_price":2470.81,"ft_order_side":"sell","order_filled_timestamp":1750930200000,"ft_is_entry":false,"ft_order_tag":"exit_signal","cost":922.0729360649999}],"funding_fees":-0.07480824872471815},{"pair":"SOL/USDT:USDT","stake_amount":921.6108,"max_stake_amount":921.6108,"amount":6.29,"open_date":"2025-06-28 08:00:00+00:00","close_date":"2025-06-29 22:30:00+00:00","open_rate":146.52,"close_rate":154.3,"fee_open":0.0005,"fee_close":0.0005,"trade_duration":2310,"profit_ratio":0.051604190478632433,"profit_abs":47.58275876,"exit_reason":"exit_signal","initial_stop_loss_abs":131.87,"initial_stop_loss_ratio":-0.1,"stop_loss_abs":131.87,"stop_loss_ratio":-0.1,"min_rate":145.55,"max_rate":154.77,"is_open":false,"enter_tag":"","leverage":1.0,"is_short":false,"open_timestamp":1751097600000,"close_timestamp":1751236200000,"orders":[{"amount":6.29,"safe_price":146.52,"ft_order_side":"buy","order_filled_timestamp":1751097600000,"ft_is_entry":true,"ft_order_tag":"","cost":922.0716054},{"amount":6.29,"safe_price":154.3,"ft_order_side":"sell","order_filled_timestamp":1751236200000,"ft_is_entry":false,"ft_order_tag":"exit_signal","cost":971.0322735}],"funding_fees":-0.40736233579562814},{"pair":"SUI/USDT:USDT","stake_amount":968.9565,"max_stake_amount":968.9565,"amount":334.7,"open_date":"2025-06-29 22:30:00+00:00","close_date":"2025-06-30 03:15:00+00:00","open_rate":2.895,"close_rate":2.8453,"fee_open":0.0005,"fee_close":0.0005,"trade_duration":285,"profit_ratio":-0.0182499544757613,"profit_abs":-17.69225372,"exit_reason":"exit_signal","initial_stop_loss_abs":2.6055,"initial_stop_loss_ratio":-0.1,"stop_loss_abs":2.6055,"stop_loss_ratio":-0.1,"min_rate":2.8272,"max_rate":2.9286,"is_open":false,"enter_tag":"","leverage":1.0,"is_short":false,"open_timestamp":1751236200000,"close_timestamp":1751253300000,"orders":[{"amount":334.7,"safe_price":2.895,"ft_order_side":"buy","order_filled_timestamp":1751236200000,"ft_is_entry":true,"ft_order_tag":"","cost":969.44097825},{"amount":334.7,"safe_price":2.8453,"ft_order_side":"sell","order_filled_timestamp":1751253300000,"ft_is_entry":false,"ft_order_tag":"exit_signal","cost":952.798070955}],"funding_fees":-0.09702451452050001},{"pair":"ETH/USDT:USDT","stake_amount":950.2128,"max_stake_amount":950.2128,"amount":0.38,"open_date":"2025-06-30 03:15:00+00:00","close_date":"2025-06-30 07:00:00+00:00","open_rate":2500.56,"close_rate":2463.0,"fee_open":0.0005,"fee_close":0.0005,"trade_duration":225,"profit_ratio":-0.016005122498737197,"profit_abs":-15.2158764,"exit_reason":"exit_signal","initial_stop_loss_abs":2250.51,"initial_stop_loss_ratio":-0.1,"stop_loss_abs":2250.51,"stop_loss_ratio":-0.1,"min_rate":2453.94,"max_rate":2504.81,"is_open":false,"enter_tag":"","leverage":1.0,"is_short":false,"open_timestamp":1751253300000,"close_timestamp":1751266800000,"orders":[{"amount":0.38,"safe_price":2500.56,"ft_order_side":"buy","order_filled_timestamp":1751253300000,"ft_is_entry":true,"ft_order_tag":"","cost":950.6879064},{"amount":0.38,"safe_price":2463.0,"ft_order_side":"sell","order_filled_timestamp":1751266800000,"ft_is_entry":false,"ft_order_tag":"exit_signal","cost":936.40797}],"funding_fees":0.0},{"pair":"SOL/USDT:USDT","stake_amount":935.3636,"max_stake_amount":935.3636,"amount":6.22,"open_date":"2025-06-30 07:00:00+00:00","close_date":"2025-06-30 15:45:00+00:00","open_rate":150.38,"close_rate":156.86,"fee_open":0.0005,"fee_close":0.0005,"trade_duration":525,"profit_ratio":0.042039929167924504,"profit_abs":39.3422808,"exit_reason":"exit_signal","initial_stop_loss_abs":135.35,"initial_stop_loss_ratio":-0.1,"stop_loss_abs":135.35,"stop_loss_ratio":-0.1,"min_rate":149.36,"max_rate":160.0,"is_open":false,"enter_tag":"","leverage":1.0,"is_short":false,"open_timestamp":1751266800000,"close_timestamp":1751298300000,"orders":[{"amount":6.22,"safe_price":150.38,"ft_order_side":"buy","order_filled_timestamp":1751266800000,"ft_is_entry":true,"ft_order_tag":"","cost":935.8312817999998},{"amount":6.22,"safe_price":156.86,"ft_order_side":"sell","order_filled_timestamp":1751298300000,"ft_is_entry":false,"ft_order_tag":"exit_signal","cost":976.1570346}],"funding_fees":-0.007802801124625724},{"pair":"ETH/USDT:USDT","stake_amount":974.806,"max_stake_amount":974.806,"amount":0.392,"open_date":"2025-06-30 18:00:00+00:00","close_date":"2025-07-01 04:30:00+00:00","open_rate":2486.75,"close_rate":2476.11,"fee_open":0.0005,"fee_close":0.0005,"trade_duration":630,"profit_ratio":-0.005355689102308016,"profit_abs":-5.22336825,"exit_reason":"exit_signal","initial_stop_loss_abs":2238.08,"initial_stop_loss_ratio":-0.1,"stop_loss_abs":2238.08,"stop_loss_ratio":-0.1,"min_rate":2472.5,"max_rate":2521.59,"is_open":false,"enter_tag":"","leverage":1.0,"is_short":false,"open_timestamp":1751306400000,"close_timestamp":1751344200000,"orders":[{"amount":0.392,"safe_price":2486.75,"ft_order_side":"buy","order_filled_timestamp":1751306400000,"ft_is_entry":true,"ft_order_tag":"","cost":975.293403},{"amount":0.392,"safe_price":2476.11,"ft_order_side":"sell","order_filled_timestamp":1751344200000,"ft_is_entry":false,"ft_order_tag":"exit_signal","cost":971.1204375600001}],"funding_fees":-0.079767693096},{"pair":"SOL/USDT:USDT","stake_amount":969.92,"max_stake_amount":969.92,"amount":6.4,"open_date":"2025-07-01 05:30:00+00:00","close_date":"2025-07-01 20:15:00+00:00","open_rate":151.55,"close_rate":145.48,"fee_open":0.0005,"fee_close":0.0005,"trade_duration":885,"profit_ratio":-0.04099200076223848,"profit_abs":-39.77884086,"exit_reason":"exit_signal","initial_stop_loss_abs":136.4,"initial_stop_loss_ratio":-0.1,"stop_loss_abs":136.4,"stop_loss_ratio":-0.1,"min_rate":144.67,"max_rate":151.71,"is_open":false,"enter_tag":"","leverage":1.0,"is_short":false,"open_timestamp":1751347800000,"close_timestamp":1751400900000,"orders":[{"amount":6.4,"safe_price":151.55,"ft_order_side":"buy","order_filled_timestamp":1751347800000,"ft_is_entry":true,"ft_order_tag":"","cost":970.4049600000001},{"amount":6.4,"safe_price":145.48,"ft_order_side":"sell","order_filled_timestamp":1751400900000,"ft_is_entry":false,"ft_order_tag":"exit_signal","cost":931.5375359999999}],"funding_fees":0.019655142081312},{"pair":"SOL/USDT:USDT","stake_amount":929.7684,"max_stake_amount":929.7684,"amount":6.36,"open_date":"2025-07-01 20:30:00+00:00","close_date":"2025-07-03 05:15:00+00:00","open_rate":146.19,"close_rate":154.48,"fee_open":0.0005,"fee_close":0.0005,"trade_duration":1965,"profit_ratio":0.055679814278569766,"profit_abs":51.7952165,"exit_reason":"exit_signal","initial_stop_loss_abs":131.58,"initial_stop_loss_ratio":-0.1,"stop_loss_abs":131.58,"stop_loss_ratio":-0.1,"min_rate":145.64,"max_rate":155.15,"is_open":false,"enter_tag":"","leverage":1.0,"is_short":false,"open_timestamp":1751401800000,"close_timestamp":1751519700000,"orders":[{"amount":6.36,"safe_price":146.19,"ft_order_side":"buy","order_filled_timestamp":1751401800000,"ft_is_entry":true,"ft_order_tag":"","cost":930.2332842},{"amount":6.36,"safe_price":154.48,"ft_order_side":"sell","order_filled_timestamp":1751519700000,"ft_is_entry":false,"ft_order_tag":"exit_signal","cost":982.9840463999999}],"funding_fees":0.026947103920235096},{"pair":"ETH/USDT:USDT","stake_amount":981.40266,"max_stake_amount":981.40266,"amount":0.381,"open_date":"2025-07-03 05:15:00+00:00","close_date":"2025-07-03 14:00:00+00:00","open_rate":2575.86,"close_rate":2623.75,"fee_open":0.0005,"fee_close":0.0005,"trade_duration":525,"profit_ratio":0.017573766123265045,"profit_abs":17.25556429,"exit_reason":"force_exit","initial_stop_loss_abs":2318.28,"initial_stop_loss_ratio":-0.1,"stop_loss_abs":2318.28,"stop_loss_ratio":-0.1,"min_rate":2563.77,"max_rate":2635.0,"is_open":false,"enter_tag":"","leverage":1.0,"is_short":false,"open_timestamp":1751519700000,"close_timestamp":1751551200000,"orders":[{"amount":0.381,"safe_price":2575.86,"ft_order_side":"buy","order_filled_timestamp":1751519700000,"ft_is_entry":true,"ft_order_tag":"","cost":981.8933613300001},{"amount":0.381,"safe_price":2623.75,"ft_order_side":"sell","order_filled_timestamp":1751551200000,"ft_is_entry":false,"ft_order_tag":"force_exit","cost":1000.148574375}],"funding_fees":0.0}],"locks":[],"best_pair":{"key":"SUI/USDT:USDT","trades":4,"profit_mean":0.012413971920985256,"profit_mean_pct":1.24,"profit_sum":0.049655887683941025,"profit_sum_pct":4.97,"profit_total_abs":48.124225089999996,"profit_total":0.04812422508999999,"profit_total_pct":4.81,"duration_avg":"6:30:00","wins":2,"draws":0,"losses":2,"winrate":0.5,"cagr":0.429624626067141,"expectancy":12.031056272499997,"expectancy_ratio":0.7609330325880654,"sortino":10.181332296037574,"sharpe":0.685329656456825,"calmar":65.40384239014729,"sqn":0.7456,"profit_factor":2.521866065176131,"max_drawdown_account":0.029286379177389302,"max_drawdown_abs":31.621853059999992},"worst_pair":{"key":"SOL/USDT:USDT","trades":17,"profit_mean":-0.0006363330964264346,"profit_mean_pct":-0.06,"profit_sum":-0.010817662639249388,"profit_sum_pct":-1.08,"profit_total_abs":-25.659250489999998,"profit_total":-0.025659250489999997,"profit_total_pct":-2.57,"duration_avg":"12:30:00","wins":5,"draws":0,"losses":12,"winrate":0.29411764705882354,"cagr":-0.17935458835731732,"expectancy":-1.5093676758823538,"expectancy_ratio":-0.0774110731127925,"sortino":-0.5119369784810404,"sharpe":-0.31064826024691516,"calmar":-6.961818320383372,"sqn":-0.1836,"profit_factor":0.8903343130902108,"max_drawdown_account":0.14669877110715357,"max_drawdown_abs":150.49785728999998},"results_per_pair":[{"key":"SUI/USDT:USDT","trades":4,"profit_mean":0.012413971920985256,"profit_mean_pct":1.24,"profit_sum":0.049655887683941025,"profit_sum_pct":4.97,"profit_total_abs":48.124225089999996,"profit_total":0.04812422508999999,"profit_total_pct":4.81,"duration_avg":"6:30:00","wins":2,"draws":0,"losses":2,"winrate":0.5,"cagr":0.429624626067141,"expectancy":12.031056272499997,"expectancy_ratio":0.7609330325880654,"sortino":10.181332296037574,"sharpe":0.685329656456825,"calmar":65.40384239014729,"sqn":0.7456,"profit_factor":2.521866065176131,"max_drawdown_account":0.029286379177389302,"max_drawdown_abs":31.621853059999992},{"key":"ETH/USDT:USDT","trades":30,"profit_mean":-0.00022682733076521643,"profit_mean_pct":-0.02,"profit_sum":-0.006804819922956493,"profit_sum_pct":-0.68,"profit_total_abs":-13.133986749999988,"profit_total":-0.013133986749999988,"profit_total_pct":-1.31,"duration_avg":"16:35:00","wins":10,"draws":0,"losses":20,"winrate":0.3333333333333333,"cagr":-0.09564625985121211,"expectancy":-0.43779955833333517,"expectancy_ratio":-0.027495228155842932,"sortino":-0.3937615441442971,"sharpe":-0.19815025185300486,"calmar":-4.485009109635815,"sqn":-0.0894,"profit_factor":0.9587571577662356,"max_drawdown_account":0.11655702102999999,"max_drawdown_abs":116.55702103},{"key":"SOL/USDT:USDT","trades":17,"profit_mean":-0.0006363330964264346,"profit_mean_pct":-0.06,"profit_sum":-0.010817662639249388,"profit_sum_pct":-1.08,"profit_total_abs":-25.659250489999998,"profit_total":-0.025659250489999997,"profit_total_pct":-2.57,"duration_avg":"12:30:00","wins":5,"draws":0,"losses":12,"winrate":0.29411764705882354,"cagr":-0.17935458835731732,"expectancy":-1.5093676758823538,"expectancy_ratio":-0.0774110731127925,"sortino":-0.5119369784810404,"sharpe":-0.31064826024691516,"calmar":-6.961818320383372,"sqn":-0.1836,"profit_factor":0.8903343130902108,"max_drawdown_account":0.14669877110715357,"max_drawdown_abs":150.49785728999998},{"key":"TOTAL","trades":51,"profit_mean":0.0006281059827791209,"profit_mean_pct":0.06,"profit_sum":0.032033405121735165,"profit_sum_pct":3.2,"profit_total_abs":9.330987849999982,"profit_total":0.009330987849999983,"profit_total_pct":0.93,"duration_avg":"14:26:00","wins":17,"draws":0,"losses":34,"winrate":0.3333333333333333,"cagr":0.07317913173391966,"expectancy":0.18296054607843004,"expectancy_ratio":0.010650831251670212,"sortino":0.23617357875141726,"sharpe":0.12790257181296524,"calmar":2.6077199947009166,"sqn":0.0446,"profit_factor":1.0159762468775055,"max_drawdown_account":0.14242028870725593,"max_drawdown_abs":154.65746284}],"results_per_enter_tag":[{"key":"","trades":51,"profit_mean":0.0006281059827791209,"profit_mean_pct":0.06,"profit_sum":0.032033405121735165,"profit_sum_pct":3.2,"profit_total_abs":9.330987849999982,"profit_total":0.009330987849999983,"profit_total_pct":0.93,"duration_avg":"14:26:00","wins":17,"draws":0,"losses":34,"winrate":0.3333333333333333,"cagr":0.07317913173391966,"expectancy":0.18296054607843004,"expectancy_ratio":0.010650831251670212,"sortino":0.23617357875141726,"sharpe":0.12790257181296524,"calmar":2.6077199947009166,"sqn":0.0446,"profit_factor":1.0159762468775055,"max_drawdown_account":0.14242028870725593,"max_drawdown_abs":154.65746284},{"key":"TOTAL","trades":51,"profit_mean":0.0006281059827791209,"profit_mean_pct":0.06,"profit_sum":0.032033405121735165,"profit_sum_pct":3.2,"profit_total_abs":9.330987849999982,"profit_total":0.009330987849999983,"profit_total_pct":0.93,"duration_avg":"14:26:00","wins":17,"draws":0,"losses":34,"winrate":0.3333333333333333,"cagr":0.07317913173391966,"expectancy":0.18296054607843004,"expectancy_ratio":0.010650831251670212,"sortino":0.23617357875141726,"sharpe":0.12790257181296524,"calmar":2.6077199947009166,"sqn":0.0446,"profit_factor":1.0159762468775055,"max_drawdown_account":0.14242028870725593,"max_drawdown_abs":154.65746284}],"exit_reason_summary":[{"key":"force_exit","trades":1,"profit_mean":0.017573766123265045,"profit_mean_pct":1.76,"profit_sum":0.017573766123265045,"profit_sum_pct":1.76,"profit_total_abs":17.25556429,"profit_total":0.017255564289999997,"profit_total_pct":1.73,"duration_avg":"8:45:00","wins":1,"draws":0,"losses":0,"winrate":1.0,"cagr":0.13893652741940254,"expectancy":17.25556429,"expectancy_ratio":100.0,"sortino":-100,"sharpe":-100,"calmar":-100,"sqn":-100.0,"profit_factor":0.0,"max_drawdown_account":0.0,"max_drawdown_abs":0.0},{"key":"exit_signal","trades":50,"profit_mean":0.00028919277996940245,"profit_mean_pct":0.03,"profit_sum":0.014459638998470123,"profit_sum_pct":1.45,"profit_total_abs":-7.924576440000017,"profit_total":-0.007924576440000016,"profit_total_pct":-0.79,"duration_avg":"14:33:00","wins":16,"draws":0,"losses":34,"winrate":0.32,"cagr":-0.0587060762986259,"expectancy":-0.1584915288000026,"expectancy_ratio":-0.009226396423983263,"sortino":-0.20057635997500017,"sharpe":-0.107928010718842,"calmar":-2.214671883012246,"sqn":-0.038,"profit_factor":0.9864317699647307,"max_drawdown_account":0.14242028870725593,"max_drawdown_abs":154.65746284},{"key":"TOTAL","trades":51,"profit_mean":0.0006281059827791209,"profit_mean_pct":0.06,"profit_sum":0.032033405121735165,"profit_sum_pct":3.2,"profit_total_abs":9.330987849999982,"profit_total":0.009330987849999983,"profit_total_pct":0.93,"duration_avg":"14:26:00","wins":17,"draws":0,"losses":34,"winrate":0.3333333333333333,"cagr":0.07317913173391966,"expectancy":0.18296054607843004,"expectancy_ratio":0.010650831251670212,"sortino":0.23617357875141726,"sharpe":0.12790257181296524,"calmar":2.6077199947009166,"sqn":0.0446,"profit_factor":1.0159762468775055,"max_drawdown_account":0.14242028870725593,"max_drawdown_abs":154.65746284}],"mix_tag_stats":[{"key":["","force_exit"],"trades":1,"profit_mean":0.017573766123265045,"profit_mean_pct":1.76,"profit_sum":0.017573766123265045,"profit_sum_pct":1.76,"profit_total_abs":17.25556429,"profit_total":0.017255564289999997,"profit_total_pct":1.73,"duration_avg":"8:45:00","wins":1,"draws":0,"losses":0,"winrate":1.0,"cagr":0.13893652741940254,"expectancy":17.25556429,"expectancy_ratio":100.0,"sortino":-100,"sharpe":-100,"calmar":-100,"sqn":-100.0,"profit_factor":0.0,"max_drawdown_account":0.0,"max_drawdown_abs":0.0},{"key":["","exit_signal"],"trades":50,"profit_mean":0.00028919277996940245,"profit_mean_pct":0.03,"profit_sum":0.014459638998470123,"profit_sum_pct":1.45,"profit_total_abs":-7.924576440000017,"profit_total":-0.007924576440000016,"profit_total_pct":-0.79,"duration_avg":"14:33:00","wins":16,"draws":0,"losses":34,"winrate":0.32,"cagr":-0.0587060762986259,"expectancy":-0.1584915288000026,"expectancy_ratio":-0.009226396423983263,"sortino":-0.20057635997500017,"sharpe":-0.107928010718842,"calmar":-2.214671883012246,"sqn":-0.038,"profit_factor":0.9864317699647307,"max_drawdown_account":0.14242028870725593,"max_drawdown_abs":154.65746284},{"key":"TOTAL","trades":51,"profit_mean":0.0006281059827791209,"profit_mean_pct":0.06,"profit_sum":0.032033405121735165,"profit_sum_pct":3.2,"profit_total_abs":9.330987849999982,"profit_total":0.009330987849999983,"profit_total_pct":0.93,"duration_avg":"14:26:00","wins":17,"draws":0,"losses":34,"winrate":0.3333333333333333,"cagr":0.07317913173391966,"expectancy":0.18296054607843004,"expectancy_ratio":0.010650831251670212,"sortino":0.23617357875141726,"sharpe":0.12790257181296524,"calmar":2.6077199947009166,"sqn":0.0446,"profit_factor":1.0159762468775055,"max_drawdown_account":0.14242028870725593,"max_drawdown_abs":154.65746284}],"left_open_trades":[{"key":"ETH/USDT:USDT","trades":1,"profit_mean":0.017573766123265045,"profit_mean_pct":1.76,"profit_sum":0.017573766123265045,"profit_sum_pct":1.76,"profit_total_abs":17.25556429,"profit_total":0.017255564289999997,"profit_total_pct":1.73,"duration_avg":"8:45:00","wins":1,"draws":0,"losses":0,"winrate":1.0,"cagr":0.13893652741940254,"expectancy":17.25556429,"expectancy_ratio":100.0,"sortino":-100,"sharpe":-100,"calmar":-100,"sqn":-100.0,"profit_factor":0.0,"max_drawdown_account":0.0,"max_drawdown_abs":0.0},{"key":"TOTAL","trades":1,"profit_mean":0.017573766123265045,"profit_mean_pct":1.76,"profit_sum":0.017573766123265045,"profit_sum_pct":1.76,"profit_total_abs":17.25556429,"profit_total":0.017255564289999997,"profit_total_pct":1.73,"duration_avg":"8:45:00","wins":1,"draws":0,"losses":0,"winrate":1.0,"cagr":0.13893652741940254,"expectancy":17.25556429,"expectancy_ratio":100.0,"sortino":-100,"sharpe":-100,"calmar":-100,"sqn":-100.0,"profit_factor":0.0,"max_drawdown_account":0.0,"max_drawdown_abs":0.0}],"total_trades":51,"trade_count_long":51,"trade_count_short":0,"total_volume":97668.913221585,"avg_stake_amount":956.4563637254901,"profit_mean":0.0006281059827791209,"profit_median":-0.005575856103055354,"profit_total":0.009330987849999983,"profit_total_long":0.009330987849999983,"profit_total_short":0.0,"profit_total_abs":9.330987849999982,"profit_total_long_abs":9.330987849999982,"profit_total_short_abs":0.0,"cagr":0.07317913173392165,"expectancy":0.18296054607843004,"expectancy_ratio":0.010650831251670212,"sortino":0.23617357875141726,"sharpe":0.12790257181296524,"calmar":2.6077199947009166,"sqn":0.0446,"profit_factor":1.0159762468775055,"backtest_start":"2025-05-16 00:00:00","backtest_start_ts":1747353600000,"backtest_end":"2025-07-03 14:00:00","backtest_end_ts":1751551200000,"backtest_days":48,"backtest_run_start_ts":1751552984,"backtest_run_end_ts":1751552984,"trades_per_day":1.06,"market_change":-0.10059978247388068,"pairlist":["SOL/USDT:USDT","ETH/USDT:USDT","SUI/USDT:USDT"],"stake_amount":"unlimited","stake_currency":"USDT","stake_currency_decimals":3,"starting_balance":1000,"dry_run_wallet":1000,"final_balance":1009.33098785,"rejected_signals":735,"timedout_entry_orders":0,"timedout_exit_orders":0,"canceled_trade_entries":0,"canceled_entry_orders":0,"replaced_entry_orders":0,"max_open_trades":1,"max_open_trades_setting":1,"timeframe":"15m","timeframe_detail":"","timerange":"","enable_protections":false,"strategy_name":"SimpleGrid","stoploss":-0.1,"trailing_stop":false,"trailing_stop_positive":null,"trailing_stop_positive_offset":0.0,"trailing_only_offset_is_reached":false,"use_custom_stoploss":false,"minimal_roi":{},"use_exit_signal":true,"exit_profit_only":false,"exit_profit_offset":0.0,"ignore_roi_if_entry_signal":false,"trading_mode":"futures","margin_mode":"isolated","periodic_breakdown":{"day":[{"date":"17/05/2025","date_ts":1747440000000,"profit_abs":-62.56465198,"wins":0,"draws":0,"losses":4,"trades":4,"profit_factor":0.0},{"date":"18/05/2025","date_ts":1747526400000,"profit_abs":-4.94526971,"wins":0,"draws":0,"losses":1,"trades":1,"profit_factor":0.0},{"date":"19/05/2025","date_ts":1747612800000,"profit_abs":-17.93004046,"wins":0,"draws":0,"losses":1,"trades":1,"profit_factor":0.0},{"date":"20/05/2025","date_ts":1747699200000,"profit_abs":-28.19153455,"wins":0,"draws":0,"losses":3,"trades":3,"profit_factor":0.0},{"date":"21/05/2025","date_ts":1747785600000,"profit_abs":-2.92552433,"wins":0,"draws":0,"losses":1,"trades":1,"profit_factor":0.0},{"date":"22/05/2025","date_ts":1747872000000,"profit_abs":45.79682504,"wins":1,"draws":0,"losses":0,"trades":1,"profit_factor":0.0},{"date":"23/05/2025","date_ts":1747958400000,"profit_abs":0.0,"wins":0,"draws":0,"losses":0,"trades":0,"profit_factor":0.0},{"date":"24/05/2025","date_ts":1748044800000,"profit_abs":0.0,"wins":0,"draws":0,"losses":0,"trades":0,"profit_factor":0.0},{"date":"25/05/2025","date_ts":1748131200000,"profit_abs":-31.83669696,"wins":0,"draws":0,"losses":1,"trades":1,"profit_factor":0.0},{"date":"26/05/2025","date_ts":1748217600000,"profit_abs":0.0,"wins":0,"draws":0,"losses":0,"trades":0,"profit_factor":0.0},{"date":"27/05/2025","date_ts":1748304000000,"profit_abs":49.71152613,"wins":1,"draws":0,"losses":0,"trades":1,"profit_factor":0.0},{"date":"28/05/2025","date_ts":1748390400000,"profit_abs":0.0,"wins":0,"draws":0,"losses":0,"trades":0,"profit_factor":0.0},{"date":"29/05/2025","date_ts":1748476800000,"profit_abs":0.0,"wins":0,"draws":0,"losses":0,"trades":0,"profit_factor":0.0},{"date":"30/05/2025","date_ts":1748563200000,"profit_abs":22.3189512,"wins":1,"draws":0,"losses":0,"trades":1,"profit_factor":0.0},{"date":"31/05/2025","date_ts":1748649600000,"profit_abs":0.0,"wins":0,"draws":0,"losses":0,"trades":0,"profit_factor":0.0},{"date":"01/06/2025","date_ts":1748736000000,"profit_abs":-18.81745322,"wins":1,"draws":0,"losses":1,"trades":2,"profit_factor":0.57916577},{"date":"02/06/2025","date_ts":1748822400000,"profit_abs":-28.12687019,"wins":0,"draws":0,"losses":3,"trades":3,"profit_factor":0.0},{"date":"03/06/2025","date_ts":1748908800000,"profit_abs":64.78536734,"wins":2,"draws":0,"losses":0,"trades":2,"profit_factor":0.0},{"date":"04/06/2025","date_ts":1748995200000,"profit_abs":17.42087711,"wins":2,"draws":0,"losses":0,"trades":2,"profit_factor":0.0},{"date":"05/06/2025","date_ts":1749081600000,"profit_abs":-51.1493002,"wins":0,"draws":0,"losses":1,"trades":1,"profit_factor":0.0},{"date":"06/06/2025","date_ts":1749168000000,"profit_abs":36.9705531,"wins":1,"draws":0,"losses":0,"trades":1,"profit_factor":0.0},{"date":"07/06/2025","date_ts":1749254400000,"profit_abs":0.0,"wins":0,"draws":0,"losses":0,"trades":0,"profit_factor":0.0},{"date":"08/06/2025","date_ts":1749340800000,"profit_abs":43.70032067,"wins":1,"draws":0,"losses":0,"trades":1,"profit_factor":0.0},{"date":"09/06/2025","date_ts":1749427200000,"profit_abs":39.81610437,"wins":1,"draws":0,"losses":0,"trades":1,"profit_factor":0.0},{"date":"10/06/2025","date_ts":1749513600000,"profit_abs":0.0,"wins":0,"draws":0,"losses":0,"trades":0,"profit_factor":0.0},{"date":"11/06/2025","date_ts":1749600000000,"profit_abs":0.0,"wins":0,"draws":0,"losses":0,"trades":0,"profit_factor":0.0},{"date":"12/06/2025","date_ts":1749686400000,"profit_abs":0.0,"wins":0,"draws":0,"losses":0,"trades":0,"profit_factor":0.0},{"date":"13/06/2025","date_ts":1749772800000,"profit_abs":-36.32594916,"wins":1,"draws":0,"losses":2,"trades":3,"profit_factor":0.54076774},{"date":"14/06/2025","date_ts":1749859200000,"profit_abs":0.0,"wins":0,"draws":0,"losses":0,"trades":0,"profit_factor":0.0},{"date":"15/06/2025","date_ts":1749945600000,"profit_abs":0.0,"wins":0,"draws":0,"losses":0,"trades":0,"profit_factor":0.0},{"date":"16/06/2025","date_ts":1750032000000,"profit_abs":48.21573537,"wins":1,"draws":0,"losses":0,"trades":1,"profit_factor":0.0},{"date":"17/06/2025","date_ts":1750118400000,"profit_abs":-40.16810303,"wins":0,"draws":0,"losses":1,"trades":1,"profit_factor":0.0},{"date":"18/06/2025","date_ts":1750204800000,"profit_abs":-5.84034258,"wins":0,"draws":0,"losses":1,"trades":1,"profit_factor":0.0},{"date":"19/06/2025","date_ts":1750291200000,"profit_abs":0.0,"wins":0,"draws":0,"losses":0,"trades":0,"profit_factor":0.0},{"date":"20/06/2025","date_ts":1750377600000,"profit_abs":-29.94723361,"wins":0,"draws":0,"losses":1,"trades":1,"profit_factor":0.0},{"date":"21/06/2025","date_ts":1750464000000,"profit_abs":0.0,"wins":0,"draws":0,"losses":0,"trades":0,"profit_factor":0.0},{"date":"22/06/2025","date_ts":1750550400000,"profit_abs":0.0,"wins":0,"draws":0,"losses":0,"trades":0,"profit_factor":0.0},{"date":"23/06/2025","date_ts":1750636800000,"profit_abs":-11.71737725,"wins":0,"draws":0,"losses":1,"trades":1,"profit_factor":0.0},{"date":"24/06/2025","date_ts":1750723200000,"profit_abs":-30.25697859,"wins":0,"draws":0,"losses":2,"trades":2,"profit_factor":0.0},{"date":"25/06/2025","date_ts":1750809600000,"profit_abs":-19.08888487,"wins":0,"draws":0,"losses":3,"trades":3,"profit_factor":0.0},{"date":"26/06/2025","date_ts":1750896000000,"profit_abs":-17.63854291,"wins":0,"draws":0,"losses":3,"trades":3,"profit_factor":0.0},{"date":"27/06/2025","date_ts":1750982400000,"profit_abs":0.0,"wins":0,"draws":0,"losses":0,"trades":0,"profit_factor":0.0},{"date":"28/06/2025","date_ts":1751068800000,"profit_abs":0.0,"wins":0,"draws":0,"losses":0,"trades":0,"profit_factor":0.0},{"date":"29/06/2025","date_ts":1751155200000,"profit_abs":47.58275876,"wins":1,"draws":0,"losses":0,"trades":1,"profit_factor":0.0},{"date":"30/06/2025","date_ts":1751241600000,"profit_abs":6.43415068,"wins":1,"draws":0,"losses":2,"trades":3,"profit_factor":1.19551857},{"date":"01/07/2025","date_ts":1751328000000,"profit_abs":-45.00220911,"wins":0,"draws":0,"losses":2,"trades":2,"profit_factor":0.0},{"date":"02/07/2025","date_ts":1751414400000,"profit_abs":0.0,"wins":0,"draws":0,"losses":0,"trades":0,"profit_factor":0.0},{"date":"03/07/2025","date_ts":1751500800000,"profit_abs":69.05078079,"wins":2,"draws":0,"losses":0,"trades":2,"profit_factor":0.0}],"week":[{"date":"19/05/2025","date_ts":1747612800000,"profit_abs":-85.43996215,"wins":0,"draws":0,"losses":6,"trades":6,"profit_factor":0.0},{"date":"26/05/2025","date_ts":1748217600000,"profit_abs":-17.1569308,"wins":1,"draws":0,"losses":5,"trades":6,"profit_factor":0.72746772},{"date":"02/06/2025","date_ts":1748822400000,"profit_abs":25.08615392,"wins":3,"draws":0,"losses":4,"trades":7,"profit_factor":1.34439363},{"date":"09/06/2025","date_ts":1749427200000,"profit_abs":151.54392239,"wins":7,"draws":0,"losses":1,"trades":8,"profit_factor":3.96277607},{"date":"16/06/2025","date_ts":1750032000000,"profit_abs":11.88978621,"wins":2,"draws":0,"losses":2,"trades":4,"profit_factor":1.15031055},{"date":"23/06/2025","date_ts":1750636800000,"profit_abs":-87.67305647,"wins":0,"draws":0,"losses":4,"trades":4,"profit_factor":0.0},{"date":"30/06/2025","date_ts":1751241600000,"profit_abs":-12.96749693,"wins":2,"draws":0,"losses":10,"trades":12,"profit_factor":0.87018553},{"date":"07/07/2025","date_ts":1751846400000,"profit_abs":24.04857168,"wins":2,"draws":0,"losses":2,"trades":4,"profit_factor":1.53438647}],"month":[{"date":"31/05/2025","date_ts":1748649600000,"profit_abs":-30.56641562,"wins":3,"draws":0,"losses":11,"trades":14,"profit_factor":0.79401813},{"date":"30/06/2025","date_ts":1751241600000,"profit_abs":15.84883179,"wins":12,"draws":0,"losses":21,"trades":33,"profit_factor":1.04056959},{"date":"31/07/2025","date_ts":1753920000000,"profit_abs":24.04857168,"wins":2,"draws":0,"losses":2,"trades":4,"profit_factor":1.53438647}],"year":[{"date":"31/12/2025","date_ts":1767139200000,"profit_abs":9.33098785,"wins":17,"draws":0,"losses":34,"trades":51,"profit_factor":1.01597625}]},"backtest_best_day":0.07325358040183481,"backtest_worst_day":-0.06444748538514283,"backtest_best_day_abs":69.05078079,"backtest_worst_day_abs":-62.56465198,"winning_days":12,"draw_days":18,"losing_days":18,"daily_profit":[["2025-05-17",-62.56465198],["2025-05-18",-4.94526971],["2025-05-19",-17.93004046],["2025-05-20",-28.19153455],["2025-05-21",-2.92552433],["2025-05-22",45.79682504],["2025-05-23",0.0],["2025-05-24",0.0],["2025-05-25",-31.83669696],["2025-05-26",0.0],["2025-05-27",49.71152613],["2025-05-28",0.0],["2025-05-29",0.0],["2025-05-30",22.3189512],["2025-05-31",0.0],["2025-06-01",-18.81745322],["2025-06-02",-28.12687019],["2025-06-03",64.78536734],["2025-06-04",17.42087711],["2025-06-05",-51.1493002],["2025-06-06",36.9705531],["2025-06-07",0.0],["2025-06-08",43.70032067],["2025-06-09",39.81610437],["2025-06-10",0.0],["2025-06-11",0.0],["2025-06-12",0.0],["2025-06-13",-36.32594916],["2025-06-14",0.0],["2025-06-15",0.0],["2025-06-16",48.21573537],["2025-06-17",-40.16810303],["2025-06-18",-5.84034258],["2025-06-19",0.0],["2025-06-20",-29.94723361],["2025-06-21",0.0],["2025-06-22",0.0],["2025-06-23",-11.71737725],["2025-06-24",-30.25697859],["2025-06-25",-19.08888487],["2025-06-26",-17.63854291],["2025-06-27",0.0],["2025-06-28",0.0],["2025-06-29",47.58275876],["2025-06-30",6.43415068],["2025-07-01",-45.00220911],["2025-07-02",0.0],["2025-07-03",69.05078079]],"wins":17,"losses":34,"draws":0,"winrate":0.3333333333333333,"holding_avg":"14:26:00","holding_avg_s":51960.0,"winner_holding_min":"0d 00:45","winner_holding_min_s":2700.0,"winner_holding_max":"3d 05:00","winner_holding_max_s":277200.0,"winner_holding_avg":"0d 21:10","winner_holding_avg_s":76200.0,"loser_holding_min":"0d 00:30","loser_holding_min_s":1800.0,"loser_holding_max":"2d 03:45","loser_holding_max_s":186300.0,"loser_holding_avg":"0d 11:04","loser_holding_avg_s":39840.0,"max_consecutive_wins":4,"max_consecutive_losses":12,"max_drawdown_account":0.14242028870725593,"max_relative_drawdown":0.14242028870725593,"max_drawdown_abs":154.65746284,"drawdown_start":"2025-06-16 14:00:00","drawdown_start_ts":1750082400000.0,"drawdown_end":"2025-06-26 09:30:00","drawdown_end_ts":1750930200000.0,"max_drawdown_low":-68.73449327,"max_drawdown_high":85.92296956999999,"csum_min":883.44297897,"csum_max":1085.92296957}},"strategy_comparison":[{"key":"SimpleGrid","trades":51,"profit_mean":0.0006281059827791209,"profit_mean_pct":0.06,"profit_sum":0.032033405121735165,"profit_sum_pct":3.2,"profit_total_abs":9.330987849999982,"profit_total":0.009330987849999983,"profit_total_pct":0.93,"duration_avg":"14:26:00","wins":17,"draws":0,"losses":34,"winrate":0.3333333333333333,"cagr":0.07317913173391966,"expectancy":0.18296054607843004,"expectancy_ratio":0.010650831251670212,"sortino":0.23617357875141726,"sharpe":0.12790257181296524,"calmar":2.6077199947009166,"sqn":0.0446,"profit_factor":1.0159762468775055,"max_drawdown_account":0.14242028870725593,"max_drawdown_abs":"154.657"}]}