{"strategy":{"GridBotSample":{"trades":[{"pair":"ETH/USDT:USDT","stake_amount":329.90232,"max_stake_amount":329.90232,"amount":0.132,"open_date":"2025-05-17 00:30:00+00:00","close_date":"2025-05-18 04:30:00+00:00","open_rate":2499.26,"close_rate":2481.15,"fee_open":0.0005,"fee_close":0.0005,"trade_duration":1680,"profit_ratio":-0.008295868325195625,"profit_abs":-2.73819462,"exit_reason":"exit_signal","initial_stop_loss_abs":2249.34,"initial_stop_loss_ratio":-0.1,"stop_loss_abs":2249.34,"stop_loss_ratio":-0.1,"min_rate":2442.65,"max_rate":2512.33,"is_open":false,"enter_tag":"","leverage":1.0,"is_short":false,"open_timestamp":1747441800000,"close_timestamp":1747542600000,"orders":[{"amount":0.132,"safe_price":2499.26,"ft_order_side":"buy","order_filled_timestamp":1747441800000,"ft_is_entry":true,"ft_order_tag":"","cost":330.06727116},{"amount":0.132,"safe_price":2481.15,"ft_order_side":"sell","order_filled_timestamp":1747542600000,"ft_is_entry":false,"ft_order_tag":"exit_signal","cost":327.6755559}],"funding_fees":-0.018967562114686816},{"pair":"ETH/USDT:USDT","stake_amount":328.27872,"max_stake_amount":328.27872,"amount":0.132,"open_date":"2025-05-18 04:45:00+00:00","close_date":"2025-05-18 20:15:00+00:00","open_rate":2486.96,"close_rate":2367.12,"fee_open":0.0005,"fee_close":0.0005,"trade_duration":930,"profit_ratio":-0.04918950630097815,"profit_abs":-16.1559421,"exit_reason":"exit_signal","initial_stop_loss_abs":2238.27,"initial_stop_loss_ratio":-0.1,"stop_loss_abs":2238.27,"stop_loss_ratio":-0.1,"min_rate":2312.62,"max_rate":2587.52,"is_open":false,"enter_tag":"","leverage":1.0,"is_short":false,"open_timestamp":1747543500000,"close_timestamp":1747599300000,"orders":[{"amount":0.132,"safe_price":2486.96,"ft_order_side":"buy","order_filled_timestamp":1747543500000,"ft_is_entry":true,"ft_order_tag":"","cost":328.44285936},{"amount":0.132,"safe_price":2367.12,"ft_order_side":"sell","order_filled_timestamp":1747599300000,"ft_is_entry":false,"ft_order_tag":"exit_signal","cost":312.61606992}],"funding_fees":-0.016692816592667043},{"pair":"ETH/USDT:USDT","stake_amount":322.60634,"max_stake_amount":322.60634,"amount":0.134,"open_date":"2025-05-19 07:45:00+00:00","close_date":"2025-05-19 08:00:00+00:00","open_rate":2407.51,"close_rate":2402.53,"fee_open":0.0005,"fee_close":0.0005,"trade_duration":15,"profit_ratio":-0.003131104654959829,"profit_abs":-1.01061927,"exit_reason":"exit_signal","initial_stop_loss_abs":2166.76,"initial_stop_loss_ratio":-0.1,"stop_loss_abs":2166.76,"stop_loss_ratio":-0.1,"min_rate":2389.0,"max_rate":2409.24,"is_open":false,"enter_tag":"","leverage":1.0,"is_short":false,"open_timestamp":1747640700000,"close_timestamp":1747641600000,"orders":[{"amount":0.134,"safe_price":2407.51,"ft_order_side":"buy","order_filled_timestamp":1747640700000,"ft_is_entry":true,"ft_order_tag":"","cost":322.76764317000004},{"amount":0.134,"safe_price":2402.53,"ft_order_side":"sell","order_filled_timestamp":1747641600000,"ft_is_entry":false,"ft_order_tag":"exit_signal","cost":322.09998951}],"funding_fees":-0.02102658792555742},{"pair":"ETH/USDT:USDT","stake_amount":322.7055,"max_stake_amount":322.7055,"amount":0.134,"open_date":"2025-05-19 08:15:00+00:00","close_date":"2025-05-19 08:30:00+00:00","open_rate":2408.25,"close_rate":2404.79,"fee_open":0.0005,"fee_close":0.0005,"trade_duration":15,"profit_ratio":-0.0024347921544262646,"profit_abs":-0.78611368,"exit_reason":"exit_signal","initial_stop_loss_abs":2167.43,"initial_stop_loss_ratio":-0.1,"stop_loss_abs":2167.43,"stop_loss_ratio":-0.1,"min_rate":2393.45,"max_rate":2422.11,"is_open":false,"enter_tag":"","leverage":1.0,"is_short":false,"open_timestamp":1747642500000,"close_timestamp":1747643400000,"orders":[{"amount":0.134,"safe_price":2408.25,"ft_order_side":"buy","order_filled_timestamp":1747642500000,"ft_is_entry":true,"ft_order_tag":"","cost":322.86685275},{"amount":0.134,"safe_price":2404.79,"ft_order_side":"sell","order_filled_timestamp":1747643400000,"ft_is_entry":false,"ft_order_tag":"exit_signal","cost":322.40298093}],"funding_fees":0.0},{"pair":"ETH/USDT:USDT","stake_amount":322.50048,"max_stake_amount":322.50048,"amount":0.134,"open_date":"2025-05-19 09:30:00+00:00","close_date":"2025-05-19 10:00:00+00:00","open_rate":2406.72,"close_rate":2404.24,"fee_open":0.0005,"fee_close":0.0005,"trade_duration":30,"profit_ratio":-0.002028918395475843,"profit_abs":-0.65465432,"exit_reason":"exit_signal","initial_stop_loss_abs":2166.05,"initial_stop_loss_ratio":-0.1,"stop_loss_abs":2166.05,"stop_loss_ratio":-0.1,"min_rate":2392.0,"max_rate":2414.64,"is_open":false,"enter_tag":"","leverage":1.0,"is_short":false,"open_timestamp":1747647000000,"close_timestamp":1747648800000,"orders":[{"amount":0.134,"safe_price":2406.72,"ft_order_side":"buy","order_filled_timestamp":1747647000000,"ft_is_entry":true,"ft_order_tag":"","cost":322.66173023999994},{"amount":0.134,"safe_price":2404.24,"ft_order_side":"sell","order_filled_timestamp":1747648800000,"ft_is_entry":false,"ft_order_tag":"exit_signal","cost":322.32924407999997}],"funding_fees":0.0},{"pair":"ETH/USDT:USDT","stake_amount":322.61572,"max_stake_amount":322.61572,"amount":0.134,"open_date":"2025-05-19 10:30:00+00:00","close_date":"2025-05-19 12:15:00+00:00","open_rate":2407.58,"close_rate":2400.08,"fee_open":0.0005,"fee_close":0.0005,"trade_duration":105,"profit_ratio":-0.004111547927678474,"profit_abs":-1.32711322,"exit_reason":"exit_signal","initial_stop_loss_abs":2166.83,"initial_stop_loss_ratio":-0.1,"stop_loss_abs":2166.83,"stop_loss_ratio":-0.1,"min_rate":2391.02,"max_rate":2420.88,"is_open":false,"enter_tag":"","leverage":1.0,"is_short":false,"open_timestamp":1747650600000,"close_timestamp":1747656900000,"orders":[{"amount":0.134,"safe_price":2407.58,"ft_order_side":"buy","order_filled_timestamp":1747650600000,"ft_is_entry":true,"ft_order_tag":"","cost":322.77702786},{"amount":0.134,"safe_price":2400.08,"ft_order_side":"sell","order_filled_timestamp":1747656900000,"ft_is_entry":false,"ft_order_tag":"exit_signal","cost":321.77152536}],"funding_fees":0.0},{"pair":"ETH/USDT:USDT","stake_amount":321.04644,"max_stake_amount":321.04644,"amount":0.132,"open_date":"2025-05-19 13:45:00+00:00","close_date":"2025-05-22 03:45:00+00:00","open_rate":2432.17,"close_rate":2634.82,"fee_open":0.0005,"fee_close":0.0005,"trade_duration":3720,"profit_ratio":0.081824219862876,"profit_abs":26.28250918,"exit_reason":"exit_signal","initial_stop_loss_abs":2188.96,"initial_stop_loss_ratio":-0.1,"stop_loss_abs":2188.96,"stop_loss_ratio":-0.1,"min_rate":2416.4,"max_rate":2647.25,"is_open":false,"enter_tag":"","leverage":1.0,"is_short":false,"open_timestamp":1747662300000,"close_timestamp":1747885500000,"orders":[{"amount":0.132,"safe_price":2432.17,"ft_order_side":"buy","order_filled_timestamp":1747662300000,"ft_is_entry":true,"ft_order_tag":"","cost":321.20696322},{"amount":0.132,"safe_price":2634.82,"ft_order_side":"sell","order_filled_timestamp":1747885500000,"ft_is_entry":false,"ft_order_tag":"exit_signal","cost":347.97013812}],"funding_fees":-0.1328694789462239},{"pair":"ETH/USDT:USDT","stake_amount":329.31228,"max_stake_amount":329.31228,"amount":0.132,"open_date":"2025-05-25 00:45:00+00:00","close_date":"2025-05-25 19:00:00+00:00","open_rate":2494.79,"close_rate":2514.89,"fee_open":0.0005,"fee_close":0.0005,"trade_duration":1095,"profit_ratio":0.006926417875363213,"profit_abs":2.28209494,"exit_reason":"exit_signal","initial_stop_loss_abs":2245.32,"initial_stop_loss_ratio":-0.1,"stop_loss_abs":2245.32,"stop_loss_ratio":-0.1,"min_rate":2457.6,"max_rate":2524.99,"is_open":false,"enter_tag":"","leverage":1.0,"is_short":false,"open_timestamp":1748133900000,"close_timestamp":1748199600000,"orders":[{"amount":0.132,"safe_price":2494.79,"ft_order_side":"buy","order_filled_timestamp":1748133900000,"ft_is_entry":true,"ft_order_tag":"","cost":329.47693613999996},{"amount":0.132,"safe_price":2514.89,"ft_order_side":"sell","order_filled_timestamp":1748199600000,"ft_is_entry":false,"ft_order_tag":"exit_signal","cost":332.13146274}],"funding_fees":-0.040466179234800004},{"pair":"ETH/USDT:USDT","stake_amount":331.0362,"max_stake_amount":331.0362,"amount":0.132,"open_date":"2025-05-31 01:30:00+00:00","close_date":"2025-05-31 12:00:00+00:00","open_rate":2507.85,"close_rate":2518.6,"fee_open":0.0005,"fee_close":0.0005,"trade_duration":630,"profit_ratio":0.0032018658480503816,"profit_abs":1.06046347,"exit_reason":"exit_signal","initial_stop_loss_abs":2257.07,"initial_stop_loss_ratio":-0.1,"stop_loss_abs":2257.07,"stop_loss_ratio":-0.1,"min_rate":2474.0,"max_rate":2537.97,"is_open":false,"enter_tag":"","leverage":1.0,"is_short":false,"open_timestamp":1748655000000,"close_timestamp":1748692800000,"orders":[{"amount":0.132,"safe_price":2507.85,"ft_order_side":"buy","order_filled_timestamp":1748655000000,"ft_is_entry":true,"ft_order_tag":"","cost":331.2017181},{"amount":0.132,"safe_price":2518.6,"ft_order_side":"sell","order_filled_timestamp":1748692800000,"ft_is_entry":false,"ft_order_tag":"exit_signal","cost":332.62142759999995}],"funding_fees":-0.026790825600000002},{"pair":"ETH/USDT:USDT","stake_amount":330.85932,"max_stake_amount":330.85932,"amount":0.132,"open_date":"2025-06-01 02:00:00+00:00","close_date":"2025-06-01 05:45:00+00:00","open_rate":2506.51,"close_rate":2515.81,"fee_open":0.0005,"fee_close":0.0005,"trade_duration":225,"profit_ratio":0.0027071295452090033,"profit_abs":0.89612688,"exit_reason":"exit_signal","initial_stop_loss_abs":2255.86,"initial_stop_loss_ratio":-0.1,"stop_loss_abs":2255.86,"stop_loss_ratio":-0.1,"min_rate":2491.03,"max_rate":2526.46,"is_open":false,"enter_tag":"","leverage":1.0,"is_short":false,"open_timestamp":1748743200000,"close_timestamp":1748756700000,"orders":[{"amount":0.132,"safe_price":2506.51,"ft_order_side":"buy","order_filled_timestamp":1748743200000,"ft_is_entry":true,"ft_order_tag":"","cost":331.02474966},{"amount":0.132,"safe_price":2515.81,"ft_order_side":"sell","order_filled_timestamp":1748756700000,"ft_is_entry":false,"ft_order_tag":"exit_signal","cost":332.25296346}],"funding_fees":0.0},{"pair":"ETH/USDT:USDT","stake_amount":331.60644,"max_stake_amount":331.60644,"amount":0.132,"open_date":"2025-06-01 06:30:00+00:00","close_date":"2025-06-03 01:00:00+00:00","open_rate":2512.17,"close_rate":2620.79,"fee_open":0.0005,"fee_close":0.0005,"trade_duration":2550,"profit_ratio":0.04193125014010025,"profit_abs":13.91162492,"exit_reason":"exit_signal","initial_stop_loss_abs":2260.96,"initial_stop_loss_ratio":-0.1,"stop_loss_abs":2260.96,"stop_loss_ratio":-0.1,"min_rate":2465.0,"max_rate":2626.96,"is_open":false,"enter_tag":"","leverage":1.0,"is_short":false,"open_timestamp":1748759400000,"close_timestamp":1748912400000,"orders":[{"amount":0.132,"safe_price":2512.17,"ft_order_side":"buy","order_filled_timestamp":1748759400000,"ft_is_entry":true,"ft_order_tag":"","cost":331.77224322},{"amount":0.132,"safe_price":2620.79,"ft_order_side":"sell","order_filled_timestamp":1748912400000,"ft_is_entry":false,"ft_order_tag":"exit_signal","cost":346.11725213999995}],"funding_fees":-0.08743971920702502},{"pair":"ETH/USDT:USDT","stake_amount":335.74638,"max_stake_amount":335.74638,"amount":0.134,"open_date":"2025-06-05 20:15:00+00:00","close_date":"2025-06-05 21:00:00+00:00","open_rate":2505.57,"close_rate":2397.53,"fee_open":0.0005,"fee_close":0.0005,"trade_duration":45,"profit_ratio":-0.04407633066890287,"profit_abs":-14.8058677,"exit_reason":"exit_signal","initial_stop_loss_abs":2255.02,"initial_stop_loss_ratio":-0.1,"stop_loss_abs":2255.02,"stop_loss_ratio":-0.1,"min_rate":2390.0,"max_rate":2506.53,"is_open":false,"enter_tag":"","leverage":1.0,"is_short":false,"open_timestamp":1749154500000,"close_timestamp":1749157200000,"orders":[{"amount":0.134,"safe_price":2505.57,"ft_order_side":"buy","order_filled_timestamp":1749154500000,"ft_is_entry":true,"ft_order_tag":"","cost":335.91425319},{"amount":0.134,"safe_price":2397.53,"ft_order_side":"sell","order_filled_timestamp":1749157200000,"ft_is_entry":false,"ft_order_tag":"exit_signal","cost":321.42965451000003}],"funding_fees":0.0},{"pair":"ETH/USDT:USDT","stake_amount":331.77153,"max_stake_amount":331.77153,"amount":0.137,"open_date":"2025-06-06 01:30:00+00:00","close_date":"2025-06-06 02:30:00+00:00","open_rate":2421.69,"close_rate":2405.91,"fee_open":0.0005,"fee_close":0.0005,"trade_duration":60,"profit_ratio":-0.007509098045652792,"profit_abs":-2.4925506,"exit_reason":"exit_signal","initial_stop_loss_abs":2179.53,"initial_stop_loss_ratio":-0.1,"stop_loss_abs":2179.53,"stop_loss_ratio":-0.1,"min_rate":2402.04,"max_rate":2427.89,"is_open":false,"enter_tag":"","leverage":1.0,"is_short":false,"open_timestamp":1749173400000,"close_timestamp":1749177000000,"orders":[{"amount":0.137,"safe_price":2421.69,"ft_order_side":"buy","order_filled_timestamp":1749173400000,"ft_is_entry":true,"ft_order_tag":"","cost":331.937415765},{"amount":0.137,"safe_price":2405.91,"ft_order_side":"sell","order_filled_timestamp":1749177000000,"ft_is_entry":false,"ft_order_tag":"exit_signal","cost":329.774474835}],"funding_fees":0.0},{"pair":"SOL/USDT:USDT","stake_amount":337.0377,"max_stake_amount":337.0377,"amount":2.37,"open_date":"2025-06-05 20:45:00+00:00","close_date":"2025-06-06 12:45:00+00:00","open_rate":142.21,"close_rate":150.4,"fee_open":0.0005,"fee_close":0.0005,"trade_duration":960,"profit_ratio":0.05671734651046753,"profit_abs":19.12544196,"exit_reason":"exit_signal","initial_stop_loss_abs":127.99,"initial_stop_loss_ratio":-0.1,"stop_loss_abs":127.99,"stop_loss_ratio":-0.1,"min_rate":141.43,"max_rate":152.56,"is_open":false,"enter_tag":"","leverage":1.0,"is_short":false,"open_timestamp":1749156300000,"close_timestamp":1749213900000,"orders":[{"amount":2.37,"safe_price":142.21,"ft_order_side":"buy","order_filled_timestamp":1749156300000,"ft_is_entry":true,"ft_order_tag":"","cost":337.20621885},{"amount":2.37,"safe_price":150.4,"ft_order_side":"sell","order_filled_timestamp":1749213900000,"ft_is_entry":false,"ft_order_tag":"exit_signal","cost":356.62622400000004}],"funding_fees":0.06188481488372323},{"pair":"ETH/USDT:USDT","stake_amount":331.12763,"max_stake_amount":331.12763,"amount":0.137,"open_date":"2025-06-06 02:45:00+00:00","close_date":"2025-06-07 08:45:00+00:00","open_rate":2416.99,"close_rate":2485.35,"fee_open":0.0005,"fee_close":0.0005,"trade_duration":1800,"profit_ratio":0.027055445742133952,"profit_abs":8.96328503,"exit_reason":"exit_signal","initial_stop_loss_abs":2175.3,"initial_stop_loss_ratio":-0.1,"stop_loss_abs":2175.3,"stop_loss_ratio":-0.1,"min_rate":2413.29,"max_rate":2529.67,"is_open":false,"enter_tag":"","leverage":1.0,"is_short":false,"open_timestamp":1749177900000,"close_timestamp":1749285900000,"orders":[{"amount":0.137,"safe_price":2416.99,"ft_order_side":"buy","order_filled_timestamp":1749177900000,"ft_is_entry":true,"ft_order_tag":"","cost":331.293193815},{"amount":0.137,"safe_price":2485.35,"ft_order_side":"sell","order_filled_timestamp":1749285900000,"ft_is_entry":false,"ft_order_tag":"exit_signal","cost":340.663196475}],"funding_fees":-0.0662246827939663},{"pair":"ETH/USDT:USDT","stake_amount":340.12031,"max_stake_amount":340.12031,"amount":0.137,"open_date":"2025-06-07 09:00:00+00:00","close_date":"2025-06-07 10:00:00+00:00","open_rate":2482.63,"close_rate":2485.01,"fee_open":0.0005,"fee_close":0.0005,"trade_duration":60,"profit_ratio":-4.1797656494132825e-05,"profit_abs":-0.01422334,"exit_reason":"exit_signal","initial_stop_loss_abs":2234.37,"initial_stop_loss_ratio":-0.1,"stop_loss_abs":2234.37,"stop_loss_ratio":-0.1,"min_rate":2481.91,"max_rate":2489.36,"is_open":false,"enter_tag":"","leverage":1.0,"is_short":false,"open_timestamp":1749286800000,"close_timestamp":1749290400000,"orders":[{"amount":0.137,"safe_price":2482.63,"ft_order_side":"buy","order_filled_timestamp":1749286800000,"ft_is_entry":true,"ft_order_tag":"","cost":340.290370155},{"amount":0.137,"safe_price":2485.01,"ft_order_side":"sell","order_filled_timestamp":1749290400000,"ft_is_entry":false,"ft_order_tag":"exit_signal","cost":340.61659318500006}],"funding_fees":0.0},{"pair":"ETH/USDT:USDT","stake_amount":338.44416,"max_stake_amount":338.44416,"amount":0.136,"open_date":"2025-06-07 10:15:00+00:00","close_date":"2025-06-07 20:00:00+00:00","open_rate":2488.56,"close_rate":2515.78,"fee_open":0.0005,"fee_close":0.0005,"trade_duration":585,"profit_ratio":0.009859303904330796,"profit_abs":3.33849224,"exit_reason":"exit_signal","initial_stop_loss_abs":2239.71,"initial_stop_loss_ratio":-0.1,"stop_loss_abs":2239.71,"stop_loss_ratio":-0.1,"min_rate":2487.11,"max_rate":2524.9,"is_open":false,"enter_tag":"","leverage":1.0,"is_short":false,"open_timestamp":1749291300000,"close_timestamp":1749326400000,"orders":[{"amount":0.136,"safe_price":2488.56,"ft_order_side":"buy","order_filled_timestamp":1749291300000,"ft_is_entry":true,"ft_order_tag":"","cost":338.61338208},{"amount":0.136,"safe_price":2515.78,"ft_order_side":"sell","order_filled_timestamp":1749326400000,"ft_is_entry":false,"ft_order_tag":"exit_signal","cost":342.31715304}],"funding_fees":-0.023132640357256623},{"pair":"ETH/USDT:USDT","stake_amount":341.6388,"max_stake_amount":341.6388,"amount":0.136,"open_date":"2025-06-08 01:30:00+00:00","close_date":"2025-06-08 02:30:00+00:00","open_rate":2512.05,"close_rate":2512.84,"fee_open":0.0005,"fee_close":0.0005,"trade_duration":60,"profit_ratio":-0.0006853303906753656,"profit_abs":-0.23425252,"exit_reason":"exit_signal","initial_stop_loss_abs":2260.85,"initial_stop_loss_ratio":-0.1,"stop_loss_abs":2260.85,"stop_loss_ratio":-0.1,"min_rate":2510.72,"max_rate":2520.53,"is_open":false,"enter_tag":"","leverage":1.0,"is_short":false,"open_timestamp":1749346200000,"close_timestamp":1749349800000,"orders":[{"amount":0.136,"safe_price":2512.05,"ft_order_side":"buy","order_filled_timestamp":1749346200000,"ft_is_entry":true,"ft_order_tag":"","cost":341.80961940000003},{"amount":0.136,"safe_price":2512.84,"ft_order_side":"sell","order_filled_timestamp":1749349800000,"ft_is_entry":false,"ft_order_tag":"exit_signal","cost":341.91711312}],"funding_fees":0.0},{"pair":"ETH/USDT:USDT","stake_amount":341.50824,"max_stake_amount":341.50824,"amount":0.136,"open_date":"2025-06-08 03:00:00+00:00","close_date":"2025-06-08 03:30:00+00:00","open_rate":2511.09,"close_rate":2509.63,"fee_open":0.0005,"fee_close":0.0005,"trade_duration":30,"profit_ratio":-0.0015803399368775923,"profit_abs":-0.53996896,"exit_reason":"exit_signal","initial_stop_loss_abs":2259.99,"initial_stop_loss_ratio":-0.1,"stop_loss_abs":2259.99,"stop_loss_ratio":-0.1,"min_rate":2507.25,"max_rate":2513.9,"is_open":false,"enter_tag":"","leverage":1.0,"is_short":false,"open_timestamp":1749351600000,"close_timestamp":1749353400000,"orders":[{"amount":0.136,"safe_price":2511.09,"ft_order_side":"buy","order_filled_timestamp":1749351600000,"ft_is_entry":true,"ft_order_tag":"","cost":341.67899412},{"amount":0.136,"safe_price":2509.63,"ft_order_side":"sell","order_filled_timestamp":1749353400000,"ft_is_entry":false,"ft_order_tag":"exit_signal","cost":341.48033484}],"funding_fees":0.0},{"pair":"ETH/USDT:USDT","stake_amount":341.13288,"max_stake_amount":341.13288,"amount":0.136,"open_date":"2025-06-08 04:15:00+00:00","close_date":"2025-06-08 04:30:00+00:00","open_rate":2508.33,"close_rate":2510.66,"fee_open":0.0005,"fee_close":0.0005,"trade_duration":15,"profit_ratio":-7.152380163348695e-05,"profit_abs":-0.02441132,"exit_reason":"exit_signal","initial_stop_loss_abs":2257.5,"initial_stop_loss_ratio":-0.1,"stop_loss_abs":2257.5,"stop_loss_ratio":-0.1,"min_rate":2507.96,"max_rate":2517.55,"is_open":false,"enter_tag":"","leverage":1.0,"is_short":false,"open_timestamp":1749356100000,"close_timestamp":1749357000000,"orders":[{"amount":0.136,"safe_price":2508.33,"ft_order_side":"buy","order_filled_timestamp":1749356100000,"ft_is_entry":true,"ft_order_tag":"","cost":341.30344643999996},{"amount":0.136,"safe_price":2510.66,"ft_order_side":"sell","order_filled_timestamp":1749357000000,"ft_is_entry":false,"ft_order_tag":"exit_signal","cost":341.62048488}],"funding_fees":0.0},{"pair":"ETH/USDT:USDT","stake_amount":341.3872,"max_stake_amount":341.3872,"amount":0.136,"open_date":"2025-06-08 05:15:00+00:00","close_date":"2025-06-08 06:15:00+00:00","open_rate":2510.2,"close_rate":2511.88,"fee_open":0.0005,"fee_close":0.0005,"trade_duration":60,"profit_ratio":-0.00033089980386270893,"profit_abs":-0.11302144,"exit_reason":"exit_signal","initial_stop_loss_abs":2259.18,"initial_stop_loss_ratio":-0.1,"stop_loss_abs":2259.18,"stop_loss_ratio":-0.1,"min_rate":2507.69,"max_rate":2515.88,"is_open":false,"enter_tag":"","leverage":1.0,"is_short":false,"open_timestamp":1749359700000,"close_timestamp":1749363300000,"orders":[{"amount":0.136,"safe_price":2510.2,"ft_order_side":"buy","order_filled_timestamp":1749359700000,"ft_is_entry":true,"ft_order_tag":"","cost":341.5578936},{"amount":0.136,"safe_price":2511.88,"ft_order_side":"sell","order_filled_timestamp":1749363300000,"ft_is_entry":false,"ft_order_tag":"exit_signal","cost":341.78648784000006}],"funding_fees":0.0},{"pair":"ETH/USDT:USDT","stake_amount":339.03225,"max_stake_amount":339.03225,"amount":0.135,"open_date":"2025-06-08 09:15:00+00:00","close_date":"2025-06-08 20:30:00+00:00","open_rate":2511.35,"close_rate":2533.99,"fee_open":0.0005,"fee_close":0.0005,"trade_duration":675,"profit_ratio":0.007959595909076283,"profit_abs":2.69990899,"exit_reason":"exit_signal","initial_stop_loss_abs":2260.22,"initial_stop_loss_ratio":-0.1,"stop_loss_abs":2260.22,"stop_loss_ratio":-0.1,"min_rate":2483.28,"max_rate":2539.68,"is_open":false,"enter_tag":"","leverage":1.0,"is_short":false,"open_timestamp":1749374100000,"close_timestamp":1749414600000,"orders":[{"amount":0.135,"safe_price":2511.35,"ft_order_side":"buy","order_filled_timestamp":1749374100000,"ft_is_entry":true,"ft_order_tag":"","cost":339.201766125},{"amount":0.135,"safe_price":2533.99,"ft_order_side":"sell","order_filled_timestamp":1749414600000,"ft_is_entry":false,"ft_order_tag":"exit_signal","cost":342.25969432499994}],"funding_fees":-0.01593055669015301},{"pair":"ETH/USDT:USDT","stake_amount":341.55856,"max_stake_amount":341.55856,"amount":0.136,"open_date":"2025-06-08 22:45:00+00:00","close_date":"2025-06-09 21:30:00+00:00","open_rate":2511.46,"close_rate":2638.76,"fee_open":0.0005,"fee_close":0.0005,"trade_duration":1365,"profit_ratio":0.04950900729111081,"profit_abs":16.91868035,"exit_reason":"exit_signal","initial_stop_loss_abs":2260.32,"initial_stop_loss_ratio":-0.1,"stop_loss_abs":2260.32,"stop_loss_ratio":-0.1,"min_rate":2475.83,"max_rate":2639.88,"is_open":false,"enter_tag":"","leverage":1.0,"is_short":false,"open_timestamp":1749422700000,"close_timestamp":1749504600000,"orders":[{"amount":0.136,"safe_price":2511.46,"ft_order_side":"buy","order_filled_timestamp":1749422700000,"ft_is_entry":true,"ft_order_tag":"","cost":341.72933928000003},{"amount":0.136,"safe_price":2638.76,"ft_order_side":"sell","order_filled_timestamp":1749504600000,"ft_is_entry":false,"ft_order_tag":"exit_signal","cost":359.05079568}],"funding_fees":-0.04390468745668605},{"pair":"ETH/USDT:USDT","stake_amount":345.75348,"max_stake_amount":345.75348,"amount":0.138,"open_date":"2025-06-13 06:00:00+00:00","close_date":"2025-06-15 03:45:00+00:00","open_rate":2505.46,"close_rate":2531.61,"fee_open":0.0005,"fee_close":0.0005,"trade_duration":2745,"profit_ratio":0.009327725040694741,"profit_abs":3.22670594,"exit_reason":"exit_signal","initial_stop_loss_abs":2254.92,"initial_stop_loss_ratio":-0.1,"stop_loss_abs":2254.92,"stop_loss_ratio":-0.1,"min_rate":2486.68,"max_rate":2585.0,"is_open":false,"enter_tag":"","leverage":1.0,"is_short":false,"open_timestamp":1749794400000,"close_timestamp":1749959100000,"orders":[{"amount":0.138,"safe_price":2505.46,"ft_order_side":"buy","order_filled_timestamp":1749794400000,"ft_is_entry":true,"ft_order_tag":"","cost":345.92635674},{"amount":0.138,"safe_price":2531.61,"ft_order_side":"sell","order_filled_timestamp":1749959100000,"ft_is_entry":false,"ft_order_tag":"exit_signal","cost":349.53686109}],"funding_fees":-0.03443622542889148},{"pair":"SOL/USDT:USDT","stake_amount":347.6814,"max_stake_amount":347.6814,"amount":2.42,"open_date":"2025-06-13 05:45:00+00:00","close_date":"2025-06-15 15:00:00+00:00","open_rate":143.67,"close_rate":151.84,"fee_open":0.0005,"fee_close":0.0005,"trade_duration":3435,"profit_ratio":0.05574670202172981,"profit_abs":19.39178245,"exit_reason":"exit_signal","initial_stop_loss_abs":129.31,"initial_stop_loss_ratio":-0.1,"stop_loss_abs":129.31,"stop_loss_ratio":-0.1,"min_rate":141.87,"max_rate":152.63,"is_open":false,"enter_tag":"","leverage":1.0,"is_short":false,"open_timestamp":1749793500000,"close_timestamp":1749999600000,"orders":[{"amount":2.42,"safe_price":143.67,"ft_order_side":"buy","order_filled_timestamp":1749793500000,"ft_is_entry":true,"ft_order_tag":"","cost":347.8552406999999},{"amount":2.42,"safe_price":151.84,"ft_order_side":"sell","order_filled_timestamp":1749999600000,"ft_is_entry":false,"ft_order_tag":"exit_signal","cost":367.6365264}],"funding_fees":-0.022050448633570932},{"pair":"ETH/USDT:USDT","stake_amount":346.6974,"max_stake_amount":346.6974,"amount":0.138,"open_date":"2025-06-15 09:30:00+00:00","close_date":"2025-06-16 07:15:00+00:00","open_rate":2512.3,"close_rate":2629.0,"fee_open":0.0005,"fee_close":0.0005,"trade_duration":1305,"profit_ratio":0.0452871207182308,"profit_abs":15.70877747,"exit_reason":"exit_signal","initial_stop_loss_abs":2261.07,"initial_stop_loss_ratio":-0.1,"stop_loss_abs":2261.07,"stop_loss_ratio":-0.1,"min_rate":2490.38,"max_rate":2637.7,"is_open":false,"enter_tag":"","leverage":1.0,"is_short":false,"open_timestamp":1749979800000,"close_timestamp":1750058100000,"orders":[{"amount":0.138,"safe_price":2512.3,"ft_order_side":"buy","order_filled_timestamp":1749979800000,"ft_is_entry":true,"ft_order_tag":"","cost":346.87074870000004},{"amount":0.138,"safe_price":2629.0,"ft_order_side":"sell","order_filled_timestamp":1750058100000,"ft_is_entry":false,"ft_order_tag":"exit_signal","cost":362.983401}],"funding_fees":-0.04107283398999126},{"pair":"ETH/USDT:USDT","stake_amount":359.28864,"max_stake_amount":359.28864,"amount":0.144,"open_date":"2025-06-17 15:30:00+00:00","close_date":"2025-06-19 07:45:00+00:00","open_rate":2495.06,"close_rate":2521.47,"fee_open":0.0005,"fee_close":0.0005,"trade_duration":2415,"profit_ratio":0.009313712825411912,"profit_abs":3.34798437,"exit_reason":"exit_signal","initial_stop_loss_abs":2245.56,"initial_stop_loss_ratio":-0.1,"stop_loss_abs":2245.56,"stop_loss_ratio":-0.1,"min_rate":2451.97,"max_rate":2547.35,"is_open":false,"enter_tag":"","leverage":1.0,"is_short":false,"open_timestamp":1750174200000,"close_timestamp":1750319100000,"orders":[{"amount":0.144,"safe_price":2495.06,"ft_order_side":"buy","order_filled_timestamp":1750174200000,"ft_is_entry":true,"ft_order_tag":"","cost":359.46828431999995},{"amount":0.144,"safe_price":2521.47,"ft_order_side":"sell","order_filled_timestamp":1750319100000,"ft_is_entry":false,"ft_order_tag":"exit_signal","cost":363.2732258399999}],"funding_fees":-0.09386546699266875},{"pair":"SOL/USDT:USDT","stake_amount":359.8,"max_stake_amount":359.8,"amount":2.5,"open_date":"2025-06-18 13:30:00+00:00","close_date":"2025-06-19 14:00:00+00:00","open_rate":143.92,"close_rate":143.87,"fee_open":0.0005,"fee_close":0.0005,"trade_duration":1470,"profit_ratio":-0.0013545683245092296,"profit_abs":-0.48761737,"exit_reason":"force_exit","initial_stop_loss_abs":129.53,"initial_stop_loss_ratio":-0.1,"stop_loss_abs":129.53,"stop_loss_ratio":-0.1,"min_rate":143.58,"max_rate":147.84,"is_open":false,"enter_tag":"","leverage":1.0,"is_short":false,"open_timestamp":1750253400000,"close_timestamp":1750341600000,"orders":[{"amount":2.5,"safe_price":143.92,"ft_order_side":"buy","order_filled_timestamp":1750253400000,"ft_is_entry":true,"ft_order_tag":"","cost":359.97989999999993},{"amount":2.5,"safe_price":143.87,"ft_order_side":"sell","order_filled_timestamp":1750341600000,"ft_is_entry":false,"ft_order_tag":"force_exit","cost":359.8548375}],"funding_fees":-0.0028798656070260003},{"pair":"SUI/USDT:USDT","stake_amount":360.58516,"max_stake_amount":360.58516,"amount":130.1,"open_date":"2025-06-18 08:45:00+00:00","close_date":"2025-06-19 14:00:00+00:00","open_rate":2.7716,"close_rate":2.7995,"fee_open":0.0005,"fee_close":0.0005,"trade_duration":1755,"profit_ratio":0.008928525464299324,"profit_abs":3.22110353,"exit_reason":"force_exit","initial_stop_loss_abs":2.4945,"initial_stop_loss_ratio":-0.1,"stop_loss_abs":2.4945,"stop_loss_ratio":-0.1,"min_rate":2.705,"max_rate":2.8661,"is_open":false,"enter_tag":"","leverage":1.0,"is_short":false,"open_timestamp":1750236300000,"close_timestamp":1750341600000,"orders":[{"amount":130.1,"safe_price":2.7716,"ft_order_side":"buy","order_filled_timestamp":1750236300000,"ft_is_entry":true,"ft_order_tag":"","cost":360.76545257999993},{"amount":130.1,"safe_price":2.7995,"ft_order_side":"sell","order_filled_timestamp":1750341600000,"ft_is_entry":false,"ft_order_tag":"force_exit","cost":364.39705747499994}],"funding_fees":-0.046286415577699996}],"locks":[],"best_pair":{"key":"ETH/USDT:USDT","trades":25,"profit_mean":0.006856629465591001,"profit_mean_pct":0.69,"profit_sum":0.17141573663977502,"profit_sum_pct":17.14,"profit_total_abs":57.73972068999999,"profit_total":0.05773972068999999,"profit_total_pct":5.77,"duration_avg":"14:49:00","wins":12,"draws":0,"losses":13,"winrate":0.48,"cagr":0.8268956127125144,"expectancy":2.3095888276000007,"expectancy_ratio":0.7341541893306798,"sortino":6.085897093646394,"sharpe":3.7122671500803777,"calmar":143.10017176349857,"sqn":1.2946,"profit_factor":2.411834979482077,"max_drawdown_account":0.022672637209999947,"max_drawdown_abs":22.672637209999998},"worst_pair":{"key":"SUI/USDT:USDT","trades":1,"profit_mean":0.008928525464299324,"profit_mean_pct":0.89,"profit_sum":0.008928525464299324,"profit_sum_pct":0.89,"profit_total_abs":3.22110353,"profit_total":0.00322110353,"profit_total_pct":0.32,"duration_avg":"1 day, 5:15:00","wins":1,"draws":0,"losses":0,"winrate":1.0,"cagr":0.03512678936683189,"expectancy":3.22110353,"expectancy_ratio":100.0,"sortino":-100,"sharpe":-100,"calmar":-100,"sqn":-100.0,"profit_factor":0.0,"max_drawdown_account":0.0,"max_drawdown_abs":0.0},"results_per_pair":[{"key":"ETH/USDT:USDT","trades":25,"profit_mean":0.006856629465591001,"profit_mean_pct":0.69,"profit_sum":0.17141573663977502,"profit_sum_pct":17.14,"profit_total_abs":57.73972068999999,"profit_total":0.05773972068999999,"profit_total_pct":5.77,"duration_avg":"14:49:00","wins":12,"draws":0,"losses":13,"winrate":0.48,"cagr":0.8268956127125144,"expectancy":2.3095888276000007,"expectancy_ratio":0.7341541893306798,"sortino":6.085897093646394,"sharpe":3.7122671500803777,"calmar":143.10017176349857,"sqn":1.2946,"profit_factor":2.411834979482077,"max_drawdown_account":0.022672637209999947,"max_drawdown_abs":22.672637209999998},{"key":"SOL/USDT:USDT","trades":3,"profit_mean":0.0370364934025627,"profit_mean_pct":3.7,"profit_sum":0.11110948020768811,"profit_sum_pct":11.11,"profit_total_abs":38.029607039999995,"profit_total":0.038029607039999996,"profit_total_pct":3.8,"duration_avg":"1 day, 8:35:00","wins":2,"draws":0,"losses":1,"winrate":0.6666666666666666,"cagr":0.4928505584171201,"expectancy":12.676535679999999,"expectancy_ratio":25.996891127976017,"sortino":-100,"sharpe":2.2955238043596,"calmar":4551.178710980228,"sqn":1.9258,"profit_factor":78.99067338392805,"max_drawdown_account":0.0004695322894398566,"max_drawdown_abs":0.4876173700000024},{"key":"SUI/USDT:USDT","trades":1,"profit_mean":0.008928525464299324,"profit_mean_pct":0.89,"profit_sum":0.008928525464299324,"profit_sum_pct":0.89,"profit_total_abs":3.22110353,"profit_total":0.00322110353,"profit_total_pct":0.32,"duration_avg":"1 day, 5:15:00","wins":1,"draws":0,"losses":0,"winrate":1.0,"cagr":0.03512678936683189,"expectancy":3.22110353,"expectancy_ratio":100.0,"sortino":-100,"sharpe":-100,"calmar":-100,"sqn":-100.0,"profit_factor":0.0,"max_drawdown_account":0.0,"max_drawdown_abs":0.0},{"key":"TOTAL","trades":29,"profit_mean":0.010050129045233188,"profit_mean_pct":1.01,"profit_sum":0.29145374231176246,"profit_sum_pct":29.15,"profit_total_abs":98.99043126000002,"profit_total":0.09899043126000003,"profit_total_pct":9.9,"duration_avg":"17:09:00","wins":15,"draws":0,"losses":14,"winrate":0.5172413793103449,"cagr":1.7547468348684157,"expectancy":3.4134631468965515,"expectancy_ratio":1.1547421326405707,"sortino":10.732793594940844,"sharpe":6.04243947279031,"calmar":245.33453828608748,"sqn":1.9621,"profit_factor":3.3919658461840396,"max_drawdown_account":0.022672637209999947,"max_drawdown_abs":22.672637209999998}],"results_per_enter_tag":[{"key":"","trades":29,"profit_mean":0.010050129045233188,"profit_mean_pct":1.01,"profit_sum":0.29145374231176246,"profit_sum_pct":29.15,"profit_total_abs":98.99043126000002,"profit_total":0.09899043126000003,"profit_total_pct":9.9,"duration_avg":"17:09:00","wins":15,"draws":0,"losses":14,"winrate":0.5172413793103449,"cagr":1.7547468348684157,"expectancy":3.4134631468965515,"expectancy_ratio":1.1547421326405707,"sortino":10.732793594940844,"sharpe":6.04243947279031,"calmar":245.33453828608748,"sqn":1.9621,"profit_factor":3.3919658461840396,"max_drawdown_account":0.022672637209999947,"max_drawdown_abs":22.672637209999998},{"key":"TOTAL","trades":29,"profit_mean":0.010050129045233188,"profit_mean_pct":1.01,"profit_sum":0.29145374231176246,"profit_sum_pct":29.15,"profit_total_abs":98.99043126000002,"profit_total":0.09899043126000003,"profit_total_pct":9.9,"duration_avg":"17:09:00","wins":15,"draws":0,"losses":14,"winrate":0.5172413793103449,"cagr":1.7547468348684157,"expectancy":3.4134631468965515,"expectancy_ratio":1.1547421326405707,"sortino":10.732793594940844,"sharpe":6.04243947279031,"calmar":245.33453828608748,"sqn":1.9621,"profit_factor":3.3919658461840396,"max_drawdown_account":0.022672637209999947,"max_drawdown_abs":22.672637209999998}],"exit_reason_summary":[{"key":"exit_signal","trades":27,"profit_mean":0.010514066117480458,"profit_mean_pct":1.05,"profit_sum":0.2838797851719724,"profit_sum_pct":28.39,"profit_total_abs":96.25694510000002,"profit_total":0.09625694510000002,"profit_total_pct":9.63,"duration_avg":"16:26:00","wins":14,"draws":0,"losses":13,"winrate":0.5185185185185185,"cagr":1.6820748854924745,"expectancy":3.5650720407407404,"expectancy_ratio":1.133237458849011,"sortino":10.145699622839144,"sharpe":5.6877620515590595,"calmar":238.55995859753534,"sqn":1.9116,"profit_factor":3.353647029917177,"max_drawdown_account":0.022672637209999947,"max_drawdown_abs":22.672637209999998},{"key":"force_exit","trades":2,"profit_mean":0.0037869785698950473,"profit_mean_pct":0.38,"profit_sum":0.0075739571397900945,"profit_sum_pct":0.76,"profit_total_abs":2.73348616,"profit_total":0.00273348616,"profit_total_pct":0.27,"duration_avg":"1 day, 2:52:00","wins":1,"draws":0,"losses":1,"winrate":0.5,"cagr":0.0297383533111808,"expectancy":1.36674308,"expectancy_ratio":2.8029007252141165,"sortino":-100,"sharpe":0.8283049152001514,"calmar":314.9961362713379,"sqn":0.737,"profit_factor":6.605801450428233,"max_drawdown_account":0.00048761736999995264,"max_drawdown_abs":0.48761737},{"key":"TOTAL","trades":29,"profit_mean":0.010050129045233188,"profit_mean_pct":1.01,"profit_sum":0.29145374231176246,"profit_sum_pct":29.15,"profit_total_abs":98.99043126000002,"profit_total":0.09899043126000003,"profit_total_pct":9.9,"duration_avg":"17:09:00","wins":15,"draws":0,"losses":14,"winrate":0.5172413793103449,"cagr":1.7547468348684157,"expectancy":3.4134631468965515,"expectancy_ratio":1.1547421326405707,"sortino":10.732793594940844,"sharpe":6.04243947279031,"calmar":245.33453828608748,"sqn":1.9621,"profit_factor":3.3919658461840396,"max_drawdown_account":0.022672637209999947,"max_drawdown_abs":22.672637209999998}],"mix_tag_stats":[{"key":["","exit_signal"],"trades":27,"profit_mean":0.010514066117480458,"profit_mean_pct":1.05,"profit_sum":0.2838797851719724,"profit_sum_pct":28.39,"profit_total_abs":96.25694510000002,"profit_total":0.09625694510000002,"profit_total_pct":9.63,"duration_avg":"16:26:00","wins":14,"draws":0,"losses":13,"winrate":0.5185185185185185,"cagr":1.6820748854924745,"expectancy":3.5650720407407404,"expectancy_ratio":1.133237458849011,"sortino":10.145699622839144,"sharpe":5.6877620515590595,"calmar":238.55995859753534,"sqn":1.9116,"profit_factor":3.353647029917177,"max_drawdown_account":0.022672637209999947,"max_drawdown_abs":22.672637209999998},{"key":["","force_exit"],"trades":2,"profit_mean":0.0037869785698950473,"profit_mean_pct":0.38,"profit_sum":0.0075739571397900945,"profit_sum_pct":0.76,"profit_total_abs":2.73348616,"profit_total":0.00273348616,"profit_total_pct":0.27,"duration_avg":"1 day, 2:52:00","wins":1,"draws":0,"losses":1,"winrate":0.5,"cagr":0.0297383533111808,"expectancy":1.36674308,"expectancy_ratio":2.8029007252141165,"sortino":-100,"sharpe":0.8283049152001514,"calmar":314.9961362713379,"sqn":0.737,"profit_factor":6.605801450428233,"max_drawdown_account":0.00048761736999995264,"max_drawdown_abs":0.48761737},{"key":"TOTAL","trades":29,"profit_mean":0.010050129045233188,"profit_mean_pct":1.01,"profit_sum":0.29145374231176246,"profit_sum_pct":29.15,"profit_total_abs":98.99043126000002,"profit_total":0.09899043126000003,"profit_total_pct":9.9,"duration_avg":"17:09:00","wins":15,"draws":0,"losses":14,"winrate":0.5172413793103449,"cagr":1.7547468348684157,"expectancy":3.4134631468965515,"expectancy_ratio":1.1547421326405707,"sortino":10.732793594940844,"sharpe":6.04243947279031,"calmar":245.33453828608748,"sqn":1.9621,"profit_factor":3.3919658461840396,"max_drawdown_account":0.022672637209999947,"max_drawdown_abs":22.672637209999998}],"left_open_trades":[{"key":"SUI/USDT:USDT","trades":1,"profit_mean":0.008928525464299324,"profit_mean_pct":0.89,"profit_sum":0.008928525464299324,"profit_sum_pct":0.89,"profit_total_abs":3.22110353,"profit_total":0.00322110353,"profit_total_pct":0.32,"duration_avg":"1 day, 5:15:00","wins":1,"draws":0,"losses":0,"winrate":1.0,"cagr":0.03512678936683189,"expectancy":3.22110353,"expectancy_ratio":100.0,"sortino":-100,"sharpe":-100,"calmar":-100,"sqn":-100.0,"profit_factor":0.0,"max_drawdown_account":0.0,"max_drawdown_abs":0.0},{"key":"SOL/USDT:USDT","trades":1,"profit_mean":-0.0013545683245092296,"profit_mean_pct":-0.14,"profit_sum":-0.0013545683245092296,"profit_sum_pct":-0.14,"profit_total_abs":-0.48761737,"profit_total":-0.00048761737,"profit_total_pct":-0.05,"duration_avg":"1 day, 0:30:00","wins":0,"draws":0,"losses":1,"winrate":0.0,"cagr":-0.0052223086523489615,"expectancy":-0.48761737,"expectancy_ratio":-1.0,"sortino":-100,"sharpe":-100,"calmar":-56.19109757219016,"sqn":-100.0,"profit_factor":0.0,"max_drawdown_account":0.00048761736999995264,"max_drawdown_abs":0.48761737},{"key":"TOTAL","trades":2,"profit_mean":0.0037869785698950473,"profit_mean_pct":0.38,"profit_sum":0.0075739571397900945,"profit_sum_pct":0.76,"profit_total_abs":2.73348616,"profit_total":0.00273348616,"profit_total_pct":0.27,"duration_avg":"1 day, 2:52:00","wins":1,"draws":0,"losses":1,"winrate":0.5,"cagr":0.0297383533111808,"expectancy":1.36674308,"expectancy_ratio":2.8029007252141165,"sortino":-100,"sharpe":0.8283049152001514,"calmar":314.9961362713379,"sqn":0.737,"profit_factor":6.605801450428233,"max_drawdown_account":0.00048761736999995264,"max_drawdown_abs":0.48761737}],"total_trades":29,"trade_count_long":29,"trade_count_short":0,"total_volume":19664.880596535,"avg_stake_amount":336.9924648275863,"profit_mean":0.010050129045233188,"profit_median":0.0027071295452090033,"profit_total":0.09899043126000003,"profit_total_long":0.09899043126000003,"profit_total_short":0.0,"profit_total_abs":98.99043126000002,"profit_total_long_abs":98.99043126000002,"profit_total_short_abs":0.0,"cagr":1.7547468348684157,"expectancy":3.4134631468965515,"expectancy_ratio":1.1547421326405707,"sortino":10.732793594940844,"sharpe":6.04243947279031,"calmar":245.33453828608748,"sqn":1.9621,"profit_factor":3.3919658461840396,"backtest_start":"2025-05-16 00:00:00","backtest_start_ts":1747353600000,"backtest_end":"2025-06-19 14:00:00","backtest_end_ts":1750341600000,"backtest_days":34,"backtest_run_start_ts":1750342747,"backtest_run_end_ts":1750342747,"trades_per_day":0.85,"market_change":-0.1509253797912793,"pairlist":["SOL/USDT:USDT","ETH/USDT:USDT","SUI/USDT:USDT"],"stake_amount":"unlimited","stake_currency":"USDT","stake_currency_decimals":3,"starting_balance":1000,"dry_run_wallet":1000,"final_balance":1098.99043126,"rejected_signals":0,"timedout_entry_orders":0,"timedout_exit_orders":0,"canceled_trade_entries":0,"canceled_entry_orders":0,"replaced_entry_orders":0,"max_open_trades":3,"max_open_trades_setting":3,"timeframe":"15m","timeframe_detail":"","timerange":"","enable_protections":false,"strategy_name":"GridBotSample","stoploss":-0.1,"trailing_stop":false,"trailing_stop_positive":null,"trailing_stop_positive_offset":0.0,"trailing_only_offset_is_reached":false,"use_custom_stoploss":false,"minimal_roi":{},"use_exit_signal":true,"exit_profit_only":false,"exit_profit_offset":0.0,"ignore_roi_if_entry_signal":false,"trading_mode":"futures","margin_mode":"isolated","periodic_breakdown":{"day":[{"date":"18/05/2025","date_ts":1747526400000,"profit_abs":-18.89413672,"wins":0,"draws":0,"losses":2,"trades":2,"profit_factor":0.0},{"date":"19/05/2025","date_ts":1747612800000,"profit_abs":-3.77850049,"wins":0,"draws":0,"losses":4,"trades":4,"profit_factor":0.0},{"date":"20/05/2025","date_ts":1747699200000,"profit_abs":0.0,"wins":0,"draws":0,"losses":0,"trades":0,"profit_factor":0.0},{"date":"21/05/2025","date_ts":1747785600000,"profit_abs":0.0,"wins":0,"draws":0,"losses":0,"trades":0,"profit_factor":0.0},{"date":"22/05/2025","date_ts":1747872000000,"profit_abs":26.28250918,"wins":1,"draws":0,"losses":0,"trades":1,"profit_factor":0.0},{"date":"23/05/2025","date_ts":1747958400000,"profit_abs":0.0,"wins":0,"draws":0,"losses":0,"trades":0,"profit_factor":0.0},{"date":"24/05/2025","date_ts":1748044800000,"profit_abs":0.0,"wins":0,"draws":0,"losses":0,"trades":0,"profit_factor":0.0},{"date":"25/05/2025","date_ts":1748131200000,"profit_abs":2.28209494,"wins":1,"draws":0,"losses":0,"trades":1,"profit_factor":0.0},{"date":"26/05/2025","date_ts":1748217600000,"profit_abs":0.0,"wins":0,"draws":0,"losses":0,"trades":0,"profit_factor":0.0},{"date":"27/05/2025","date_ts":1748304000000,"profit_abs":0.0,"wins":0,"draws":0,"losses":0,"trades":0,"profit_factor":0.0},{"date":"28/05/2025","date_ts":1748390400000,"profit_abs":0.0,"wins":0,"draws":0,"losses":0,"trades":0,"profit_factor":0.0},{"date":"29/05/2025","date_ts":1748476800000,"profit_abs":0.0,"wins":0,"draws":0,"losses":0,"trades":0,"profit_factor":0.0},{"date":"30/05/2025","date_ts":1748563200000,"profit_abs":0.0,"wins":0,"draws":0,"losses":0,"trades":0,"profit_factor":0.0},{"date":"31/05/2025","date_ts":1748649600000,"profit_abs":1.06046347,"wins":1,"draws":0,"losses":0,"trades":1,"profit_factor":0.0},{"date":"01/06/2025","date_ts":1748736000000,"profit_abs":0.89612688,"wins":1,"draws":0,"losses":0,"trades":1,"profit_factor":0.0},{"date":"02/06/2025","date_ts":1748822400000,"profit_abs":0.0,"wins":0,"draws":0,"losses":0,"trades":0,"profit_factor":0.0},{"date":"03/06/2025","date_ts":1748908800000,"profit_abs":13.91162492,"wins":1,"draws":0,"losses":0,"trades":1,"profit_factor":0.0},{"date":"04/06/2025","date_ts":1748995200000,"profit_abs":0.0,"wins":0,"draws":0,"losses":0,"trades":0,"profit_factor":0.0},{"date":"05/06/2025","date_ts":1749081600000,"profit_abs":-14.8058677,"wins":0,"draws":0,"losses":1,"trades":1,"profit_factor":0.0},{"date":"06/06/2025","date_ts":1749168000000,"profit_abs":16.63289136,"wins":1,"draws":0,"losses":1,"trades":2,"profit_factor":7.6730406},{"date":"07/06/2025","date_ts":1749254400000,"profit_abs":12.28755393,"wins":2,"draws":0,"losses":1,"trades":3,"profit_factor":864.9007385},{"date":"08/06/2025","date_ts":1749340800000,"profit_abs":1.78825475,"wins":1,"draws":0,"losses":4,"trades":5,"profit_factor":2.96154932},{"date":"09/06/2025","date_ts":1749427200000,"profit_abs":16.91868035,"wins":1,"draws":0,"losses":0,"trades":1,"profit_factor":0.0},{"date":"10/06/2025","date_ts":1749513600000,"profit_abs":0.0,"wins":0,"draws":0,"losses":0,"trades":0,"profit_factor":0.0},{"date":"11/06/2025","date_ts":1749600000000,"profit_abs":0.0,"wins":0,"draws":0,"losses":0,"trades":0,"profit_factor":0.0},{"date":"12/06/2025","date_ts":1749686400000,"profit_abs":0.0,"wins":0,"draws":0,"losses":0,"trades":0,"profit_factor":0.0},{"date":"13/06/2025","date_ts":1749772800000,"profit_abs":0.0,"wins":0,"draws":0,"losses":0,"trades":0,"profit_factor":0.0},{"date":"14/06/2025","date_ts":1749859200000,"profit_abs":0.0,"wins":0,"draws":0,"losses":0,"trades":0,"profit_factor":0.0},{"date":"15/06/2025","date_ts":1749945600000,"profit_abs":22.61848839,"wins":2,"draws":0,"losses":0,"trades":2,"profit_factor":0.0},{"date":"16/06/2025","date_ts":1750032000000,"profit_abs":15.70877747,"wins":1,"draws":0,"losses":0,"trades":1,"profit_factor":0.0},{"date":"17/06/2025","date_ts":1750118400000,"profit_abs":0.0,"wins":0,"draws":0,"losses":0,"trades":0,"profit_factor":0.0},{"date":"18/06/2025","date_ts":1750204800000,"profit_abs":0.0,"wins":0,"draws":0,"losses":0,"trades":0,"profit_factor":0.0},{"date":"19/06/2025","date_ts":1750291200000,"profit_abs":6.08147053,"wins":2,"draws":0,"losses":1,"trades":3,"profit_factor":13.47180864}],"week":[{"date":"19/05/2025","date_ts":1747612800000,"profit_abs":-22.67263721,"wins":0,"draws":0,"losses":6,"trades":6,"profit_factor":0.0},{"date":"26/05/2025","date_ts":1748217600000,"profit_abs":28.56460412,"wins":2,"draws":0,"losses":0,"trades":2,"profit_factor":0.0},{"date":"02/06/2025","date_ts":1748822400000,"profit_abs":1.95659035,"wins":2,"draws":0,"losses":0,"trades":2,"profit_factor":0.0},{"date":"09/06/2025","date_ts":1749427200000,"profit_abs":46.73313761,"wins":6,"draws":0,"losses":7,"trades":13,"profit_factor":3.56433159},{"date":"16/06/2025","date_ts":1750032000000,"profit_abs":38.32726586,"wins":3,"draws":0,"losses":0,"trades":3,"profit_factor":0.0},{"date":"23/06/2025","date_ts":1750636800000,"profit_abs":6.08147053,"wins":2,"draws":0,"losses":1,"trades":3,"profit_factor":13.47180864}],"month":[{"date":"31/05/2025","date_ts":1748649600000,"profit_abs":6.95243038,"wins":3,"draws":0,"losses":6,"trades":9,"profit_factor":1.3066441},{"date":"30/06/2025","date_ts":1751241600000,"profit_abs":92.03800088,"wins":12,"draws":0,"losses":8,"trades":20,"profit_factor":5.91868467}],"year":[{"date":"31/12/2025","date_ts":1767139200000,"profit_abs":98.99043126,"wins":15,"draws":0,"losses":14,"trades":29,"profit_factor":3.39196585}]},"backtest_best_day":0.081824219862876,"backtest_worst_day":-0.05748537462617378,"backtest_best_day_abs":26.28250918,"backtest_worst_day_abs":-18.89413672,"winning_days":12,"draw_days":18,"losing_days":3,"daily_profit":[["2025-05-18",-18.89413672],["2025-05-19",-3.77850049],["2025-05-20",0.0],["2025-05-21",0.0],["2025-05-22",26.28250918],["2025-05-23",0.0],["2025-05-24",0.0],["2025-05-25",2.28209494],["2025-05-26",0.0],["2025-05-27",0.0],["2025-05-28",0.0],["2025-05-29",0.0],["2025-05-30",0.0],["2025-05-31",1.06046347],["2025-06-01",0.89612688],["2025-06-02",0.0],["2025-06-03",13.91162492],["2025-06-04",0.0],["2025-06-05",-14.8058677],["2025-06-06",16.63289136],["2025-06-07",12.28755393],["2025-06-08",1.78825475],["2025-06-09",16.91868035],["2025-06-10",0.0],["2025-06-11",0.0],["2025-06-12",0.0],["2025-06-13",0.0],["2025-06-14",0.0],["2025-06-15",22.61848839],["2025-06-16",15.70877747],["2025-06-17",0.0],["2025-06-18",0.0],["2025-06-19",6.08147053]],"wins":15,"losses":14,"draws":0,"winrate":0.5172413793103449,"holding_avg":"17:09:00","holding_avg_s":61740.0,"winner_holding_min":"0d 03:45","winner_holding_min_s":13500.0,"winner_holding_max":"2d 14:00","winner_holding_max_s":223200.0,"winner_holding_avg":"1d 04:04","winner_holding_avg_s":101040.0,"loser_holding_min":"0d 00:15","loser_holding_min_s":900.0,"loser_holding_max":"1d 04:00","loser_holding_max_s":100800.0,"loser_holding_avg":"0d 05:27","loser_holding_avg_s":19620.0,"max_consecutive_wins":6,"max_consecutive_losses":6,"max_drawdown_account":0.022672637209999947,"max_relative_drawdown":0.022672637209999947,"max_drawdown_abs":22.672637209999998,"drawdown_start":"2025-05-18 04:30:00","drawdown_start_ts":1747542600000.0,"drawdown_end":"2025-05-19 12:15:00","drawdown_end_ts":1747656900000.0,"max_drawdown_low":-22.672637209999998,"max_drawdown_high":-2.73819462,"csum_min":977.32736279,"csum_max":1098.99043126}},"strategy_comparison":[{"key":"GridBotSample","trades":29,"profit_mean":0.010050129045233188,"profit_mean_pct":1.01,"profit_sum":0.29145374231176246,"profit_sum_pct":29.15,"profit_total_abs":98.99043126000002,"profit_total":0.09899043126000003,"profit_total_pct":9.9,"duration_avg":"17:09:00","wins":15,"draws":0,"losses":14,"winrate":0.5172413793103449,"cagr":1.7547468348684157,"expectancy":3.4134631468965515,"expectancy_ratio":1.1547421326405707,"sortino":10.732793594940844,"sharpe":6.04243947279031,"calmar":245.33453828608748,"sqn":1.9621,"profit_factor":3.3919658461840396,"max_drawdown_account":0.022672637209999947,"max_drawdown_abs":"22.673"}]}