{"strategy":{"GridBotSample":{"trades":[{"pair":"SOL/USDT:USDT","stake_amount":329.0694,"max_stake_amount":329.0694,"amount":2.19,"open_date":"2025-06-05 14:00:00+00:00","close_date":"2025-06-05 20:45:00+00:00","open_rate":150.26,"close_rate":142.21,"fee_open":0.0005,"fee_close":0.0005,"trade_duration":405,"profit_ratio":-0.054513699556378074,"profit_abs":-17.9477598,"exit_reason":"exit_signal","initial_stop_loss_abs":135.24,"initial_stop_loss_ratio":-0.1,"stop_loss_abs":135.24,"stop_loss_ratio":-0.1,"min_rate":141.43,"max_rate":151.64,"is_open":false,"enter_tag":"","leverage":1.0,"is_short":false,"open_timestamp":1749132000000,"close_timestamp":1749156300000,"orders":[{"amount":2.19,"safe_price":150.26,"ft_order_side":"buy","order_filled_timestamp":1749132000000,"ft_is_entry":true,"ft_order_tag":"","cost":329.23393469999996},{"amount":2.19,"safe_price":142.21,"ft_order_side":"sell","order_filled_timestamp":1749156300000,"ft_is_entry":false,"ft_order_tag":"exit_signal","cost":311.59561995}],"funding_fees":0.0019948543559999998},{"pair":"SOL/USDT:USDT","stake_amount":323.7224,"max_stake_amount":323.7224,"amount":2.26,"open_date":"2025-06-05 21:30:00+00:00","close_date":"2025-06-09 21:30:00+00:00","open_rate":143.24,"close_rate":159.5,"fee_open":0.0005,"fee_close":0.0005,"trade_duration":5760,"profit_ratio":0.1123434087077523,"profit_abs":36.38626193,"exit_reason":"exit_signal","initial_stop_loss_abs":128.92,"initial_stop_loss_ratio":-0.1,"stop_loss_abs":128.92,"stop_loss_ratio":-0.1,"min_rate":142.93,"max_rate":159.68,"is_open":false,"enter_tag":"","leverage":1.0,"is_short":false,"open_timestamp":1749159000000,"close_timestamp":1749504600000,"orders":[{"amount":2.26,"safe_price":143.24,"ft_order_side":"buy","order_filled_timestamp":1749159000000,"ft_is_entry":true,"ft_order_tag":"","cost":323.88426119999997},{"amount":2.26,"safe_price":159.5,"ft_order_side":"sell","order_filled_timestamp":1749504600000,"ft_is_entry":false,"ft_order_tag":"exit_signal","cost":360.65023499999995}],"funding_fees":-0.019241867911444045},{"pair":"SOL/USDT:USDT","stake_amount":335.6876,"max_stake_amount":335.6876,"amount":2.27,"open_date":"2025-06-13 00:15:00+00:00","close_date":"2025-06-13 02:15:00+00:00","open_rate":147.88,"close_rate":142.41,"fee_open":0.0005,"fee_close":0.0005,"trade_duration":120,"profit_ratio":-0.03795198019059175,"profit_abs":-12.74637915,"exit_reason":"exit_signal","initial_stop_loss_abs":133.1,"initial_stop_loss_ratio":-0.1,"stop_loss_abs":133.1,"stop_loss_ratio":-0.1,"min_rate":140.74,"max_rate":148.47,"is_open":false,"enter_tag":"","leverage":1.0,"is_short":false,"open_timestamp":1749773700000,"close_timestamp":1749780900000,"orders":[{"amount":2.27,"safe_price":147.88,"ft_order_side":"buy","order_filled_timestamp":1749773700000,"ft_is_entry":true,"ft_order_tag":"","cost":335.85544379999993},{"amount":2.27,"safe_price":142.41,"ft_order_side":"sell","order_filled_timestamp":1749780900000,"ft_is_entry":false,"ft_order_tag":"exit_signal","cost":323.43233534999996}],"funding_fees":0.0},{"pair":"SOL/USDT:USDT","stake_amount":331.8777,"max_stake_amount":331.8777,"amount":2.31,"open_date":"2025-06-13 05:45:00+00:00","close_date":"2025-06-14 20:15:00+00:00","open_rate":143.67,"close_rate":142.14,"fee_open":0.0005,"fee_close":0.0005,"trade_duration":2310,"profit_ratio":-0.011665064487953524,"profit_abs":-3.87331046,"exit_reason":"exit_signal","initial_stop_loss_abs":129.31,"initial_stop_loss_ratio":-0.1,"stop_loss_abs":129.31,"stop_loss_ratio":-0.1,"min_rate":141.87,"max_rate":148.87,"is_open":false,"enter_tag":"","leverage":1.0,"is_short":false,"open_timestamp":1749793500000,"close_timestamp":1749932100000,"orders":[{"amount":2.31,"safe_price":143.67,"ft_order_side":"buy","order_filled_timestamp":1749793500000,"ft_is_entry":true,"ft_order_tag":"","cost":332.04363885},{"amount":2.31,"safe_price":142.14,"ft_order_side":"sell","order_filled_timestamp":1749932100000,"ft_is_entry":false,"ft_order_tag":"exit_signal","cost":328.50757169999997}],"funding_fees":-0.008899905245863168},{"pair":"SOL/USDT:USDT","stake_amount":329.8218,"max_stake_amount":329.8218,"amount":2.31,"open_date":"2025-06-14 20:45:00+00:00","close_date":"2025-06-15 16:15:00+00:00","open_rate":142.78,"close_rate":150.66,"fee_open":0.0005,"fee_close":0.0005,"trade_duration":1170,"profit_ratio":0.054098325660786484,"profit_abs":17.85172855,"exit_reason":"force_exit","initial_stop_loss_abs":128.51,"initial_stop_loss_ratio":-0.1,"stop_loss_abs":128.51,"stop_loss_ratio":-0.1,"min_rate":142.5,"max_rate":152.92,"is_open":false,"enter_tag":"","leverage":1.0,"is_short":false,"open_timestamp":1749933900000,"close_timestamp":1750004100000,"orders":[{"amount":2.31,"safe_price":142.78,"ft_order_side":"buy","order_filled_timestamp":1749933900000,"ft_is_entry":true,"ft_order_tag":"","cost":329.9867109},{"amount":2.31,"safe_price":150.66,"ft_order_side":"sell","order_filled_timestamp":1750004100000,"ft_is_entry":false,"ft_order_tag":"force_exit","cost":348.1986123}],"funding_fees":-0.012148250267999998}],"locks":[],"best_pair":{"key":"SOL/USDT:USDT","trades":5,"profit_mean":0.01246219802672309,"profit_mean_pct":1.25,"profit_sum":0.06231099013361545,"profit_sum_pct":6.23,"profit_total_abs":19.670541070000006,"profit_total":0.019670541070000006,"profit_total_pct":1.97,"duration_avg":"1 day, 8:33:00","wins":2,"draws":0,"losses":3,"winrate":0.4,"cagr":0.26744303169638384,"expectancy":3.9341082140000028,"expectancy_ratio":0.34142885412267976,"sortino":2.155830724891481,"sharpe":0.6164273693428162,"calmar":69.79611265488653,"sqn":0.3872,"profit_factor":1.5690480902044663,"max_drawdown_account":0.017947759799999973,"max_drawdown_abs":17.9477598},"worst_pair":{"key":"SOL/USDT:USDT","trades":5,"profit_mean":0.01246219802672309,"profit_mean_pct":1.25,"profit_sum":0.06231099013361545,"profit_sum_pct":6.23,"profit_total_abs":19.670541070000006,"profit_total":0.019670541070000006,"profit_total_pct":1.97,"duration_avg":"1 day, 8:33:00","wins":2,"draws":0,"losses":3,"winrate":0.4,"cagr":0.26744303169638384,"expectancy":3.9341082140000028,"expectancy_ratio":0.34142885412267976,"sortino":2.155830724891481,"sharpe":0.6164273693428162,"calmar":69.79611265488653,"sqn":0.3872,"profit_factor":1.5690480902044663,"max_drawdown_account":0.017947759799999973,"max_drawdown_abs":17.9477598},"results_per_pair":[{"key":"SOL/USDT:USDT","trades":5,"profit_mean":0.01246219802672309,"profit_mean_pct":1.25,"profit_sum":0.06231099013361545,"profit_sum_pct":6.23,"profit_total_abs":19.670541070000006,"profit_total":0.019670541070000006,"profit_total_pct":1.97,"duration_avg":"1 day, 8:33:00","wins":2,"draws":0,"losses":3,"winrate":0.4,"cagr":0.26744303169638384,"expectancy":3.9341082140000028,"expectancy_ratio":0.34142885412267976,"sortino":2.155830724891481,"sharpe":0.6164273693428162,"calmar":69.79611265488653,"sqn":0.3872,"profit_factor":1.5690480902044663,"max_drawdown_account":0.017947759799999973,"max_drawdown_abs":17.9477598},{"key":"TOTAL","trades":5,"profit_mean":0.01246219802672309,"profit_mean_pct":1.25,"profit_sum":0.06231099013361545,"profit_sum_pct":6.23,"profit_total_abs":19.670541070000006,"profit_total":0.019670541070000006,"profit_total_pct":1.97,"duration_avg":"1 day, 8:33:00","wins":2,"draws":0,"losses":3,"winrate":0.4,"cagr":0.26744303169638384,"expectancy":3.9341082140000028,"expectancy_ratio":0.34142885412267976,"sortino":2.155830724891481,"sharpe":0.6164273693428162,"calmar":69.79611265488653,"sqn":0.3872,"profit_factor":1.5690480902044663,"max_drawdown_account":0.017947759799999973,"max_drawdown_abs":17.9477598}],"results_per_enter_tag":[{"key":"","trades":5,"profit_mean":0.01246219802672309,"profit_mean_pct":1.25,"profit_sum":0.06231099013361545,"profit_sum_pct":6.23,"profit_total_abs":19.670541070000006,"profit_total":0.019670541070000006,"profit_total_pct":1.97,"duration_avg":"1 day, 8:33:00","wins":2,"draws":0,"losses":3,"winrate":0.4,"cagr":0.26744303169638384,"expectancy":3.9341082140000028,"expectancy_ratio":0.34142885412267976,"sortino":2.155830724891481,"sharpe":0.6164273693428162,"calmar":69.79611265488653,"sqn":0.3872,"profit_factor":1.5690480902044663,"max_drawdown_account":0.017947759799999973,"max_drawdown_abs":17.9477598},{"key":"TOTAL","trades":5,"profit_mean":0.01246219802672309,"profit_mean_pct":1.25,"profit_sum":0.06231099013361545,"profit_sum_pct":6.23,"profit_total_abs":19.670541070000006,"profit_total":0.019670541070000006,"profit_total_pct":1.97,"duration_avg":"1 day, 8:33:00","wins":2,"draws":0,"losses":3,"winrate":0.4,"cagr":0.26744303169638384,"expectancy":3.9341082140000028,"expectancy_ratio":0.34142885412267976,"sortino":2.155830724891481,"sharpe":0.6164273693428162,"calmar":69.79611265488653,"sqn":0.3872,"profit_factor":1.5690480902044663,"max_drawdown_account":0.017947759799999973,"max_drawdown_abs":17.9477598}],"exit_reason_summary":[{"key":"force_exit","trades":1,"profit_mean":0.054098325660786484,"profit_mean_pct":5.41,"profit_sum":0.054098325660786484,"profit_sum_pct":5.41,"profit_total_abs":17.85172855,"profit_total":0.01785172855,"profit_total_pct":1.79,"duration_avg":"19:30:00","wins":1,"draws":0,"losses":0,"winrate":1.0,"cagr":0.24020927576185813,"expectancy":17.85172855,"expectancy_ratio":100.0,"sortino":-100,"sharpe":-100,"calmar":-100,"sqn":-100.0,"profit_factor":0.0,"max_drawdown_account":0.0,"max_drawdown_abs":0.0},{"key":"exit_signal","trades":4,"profit_mean":0.0020531661182072404,"profit_mean_pct":0.21,"profit_sum":0.008212664472828961,"profit_sum_pct":0.82,"profit_total_abs":1.8188125200000043,"profit_total":0.0018188125200000042,"profit_total_pct":0.18,"duration_avg":"1 day, 11:49:00","wins":1,"draws":0,"losses":3,"winrate":0.25,"cagr":0.022354996210136147,"expectancy":0.4547031300000004,"expectancy_ratio":0.03946225172185769,"sortino":0.19933625107106973,"sharpe":0.05426030059707827,"calmar":6.453612185464825,"sqn":0.0369,"profit_factor":1.0526163356291436,"max_drawdown_account":0.017947759799999973,"max_drawdown_abs":17.9477598},{"key":"TOTAL","trades":5,"profit_mean":0.01246219802672309,"profit_mean_pct":1.25,"profit_sum":0.06231099013361545,"profit_sum_pct":6.23,"profit_total_abs":19.670541070000006,"profit_total":0.019670541070000006,"profit_total_pct":1.97,"duration_avg":"1 day, 8:33:00","wins":2,"draws":0,"losses":3,"winrate":0.4,"cagr":0.26744303169638384,"expectancy":3.9341082140000028,"expectancy_ratio":0.34142885412267976,"sortino":2.155830724891481,"sharpe":0.6164273693428162,"calmar":69.79611265488653,"sqn":0.3872,"profit_factor":1.5690480902044663,"max_drawdown_account":0.017947759799999973,"max_drawdown_abs":17.9477598}],"mix_tag_stats":[{"key":["","force_exit"],"trades":1,"profit_mean":0.054098325660786484,"profit_mean_pct":5.41,"profit_sum":0.054098325660786484,"profit_sum_pct":5.41,"profit_total_abs":17.85172855,"profit_total":0.01785172855,"profit_total_pct":1.79,"duration_avg":"19:30:00","wins":1,"draws":0,"losses":0,"winrate":1.0,"cagr":0.24020927576185813,"expectancy":17.85172855,"expectancy_ratio":100.0,"sortino":-100,"sharpe":-100,"calmar":-100,"sqn":-100.0,"profit_factor":0.0,"max_drawdown_account":0.0,"max_drawdown_abs":0.0},{"key":["","exit_signal"],"trades":4,"profit_mean":0.0020531661182072404,"profit_mean_pct":0.21,"profit_sum":0.008212664472828961,"profit_sum_pct":0.82,"profit_total_abs":1.8188125200000043,"profit_total":0.0018188125200000042,"profit_total_pct":0.18,"duration_avg":"1 day, 11:49:00","wins":1,"draws":0,"losses":3,"winrate":0.25,"cagr":0.022354996210136147,"expectancy":0.4547031300000004,"expectancy_ratio":0.03946225172185769,"sortino":0.19933625107106973,"sharpe":0.05426030059707827,"calmar":6.453612185464825,"sqn":0.0369,"profit_factor":1.0526163356291436,"max_drawdown_account":0.017947759799999973,"max_drawdown_abs":17.9477598},{"key":"TOTAL","trades":5,"profit_mean":0.01246219802672309,"profit_mean_pct":1.25,"profit_sum":0.06231099013361545,"profit_sum_pct":6.23,"profit_total_abs":19.670541070000006,"profit_total":0.019670541070000006,"profit_total_pct":1.97,"duration_avg":"1 day, 8:33:00","wins":2,"draws":0,"losses":3,"winrate":0.4,"cagr":0.26744303169638384,"expectancy":3.9341082140000028,"expectancy_ratio":0.34142885412267976,"sortino":2.155830724891481,"sharpe":0.6164273693428162,"calmar":69.79611265488653,"sqn":0.3872,"profit_factor":1.5690480902044663,"max_drawdown_account":0.017947759799999973,"max_drawdown_abs":17.9477598}],"left_open_trades":[{"key":"SOL/USDT:USDT","trades":1,"profit_mean":0.054098325660786484,"profit_mean_pct":5.41,"profit_sum":0.054098325660786484,"profit_sum_pct":5.41,"profit_total_abs":17.85172855,"profit_total":0.01785172855,"profit_total_pct":1.79,"duration_avg":"19:30:00","wins":1,"draws":0,"losses":0,"winrate":1.0,"cagr":0.24020927576185813,"expectancy":17.85172855,"expectancy_ratio":100.0,"sortino":-100,"sharpe":-100,"calmar":-100,"sqn":-100.0,"profit_factor":0.0,"max_drawdown_account":0.0,"max_drawdown_abs":0.0},{"key":"TOTAL","trades":1,"profit_mean":0.054098325660786484,"profit_mean_pct":5.41,"profit_sum":0.054098325660786484,"profit_sum_pct":5.41,"profit_total_abs":17.85172855,"profit_total":0.01785172855,"profit_total_pct":1.79,"duration_avg":"19:30:00","wins":1,"draws":0,"losses":0,"winrate":1.0,"cagr":0.24020927576185813,"expectancy":17.85172855,"expectancy_ratio":100.0,"sortino":-100,"sharpe":-100,"calmar":-100,"sqn":-100.0,"profit_factor":0.0,"max_drawdown_account":0.0,"max_drawdown_abs":0.0}],"total_trades":5,"trade_count_long":5,"trade_count_short":0,"total_volume":3323.38836375,"avg_stake_amount":330.03578,"profit_mean":0.01246219802672309,"profit_median":-0.011665064487953524,"profit_total":0.019670541070000006,"profit_total_long":0.019670541070000006,"profit_total_short":0.0,"profit_total_abs":19.670541070000006,"profit_total_long_abs":19.670541070000006,"profit_total_short_abs":0.0,"cagr":0.26744303169638384,"expectancy":3.9341082140000028,"expectancy_ratio":0.34142885412267976,"sortino":2.155830724891481,"sharpe":0.6164273693428162,"calmar":69.79611265488653,"sqn":0.3872,"profit_factor":1.5690480902044663,"backtest_start":"2025-05-16 00:00:00","backtest_start_ts":1747353600000,"backtest_end":"2025-06-15 16:15:00","backtest_end_ts":1750004100000,"backtest_days":30,"backtest_run_start_ts":1750233100,"backtest_run_end_ts":1750233100,"trades_per_day":0.17,"market_change":-0.11500940291490358,"pairlist":["SOL/USDT:USDT"],"stake_amount":"unlimited","stake_currency":"USDT","stake_currency_decimals":3,"starting_balance":1000,"dry_run_wallet":1000,"final_balance":1019.67054107,"rejected_signals":0,"timedout_entry_orders":0,"timedout_exit_orders":0,"canceled_trade_entries":0,"canceled_entry_orders":0,"replaced_entry_orders":0,"max_open_trades":1,"max_open_trades_setting":3,"timeframe":"15m","timeframe_detail":"","timerange":"","enable_protections":false,"strategy_name":"GridBotSample","stoploss":-0.1,"trailing_stop":false,"trailing_stop_positive":null,"trailing_stop_positive_offset":0.0,"trailing_only_offset_is_reached":false,"use_custom_stoploss":false,"minimal_roi":{},"use_exit_signal":true,"exit_profit_only":false,"exit_profit_offset":0.0,"ignore_roi_if_entry_signal":false,"trading_mode":"futures","margin_mode":"isolated","periodic_breakdown":{"day":[{"date":"05/06/2025","date_ts":1749081600000,"profit_abs":-17.9477598,"wins":0,"draws":0,"losses":1,"trades":1,"profit_factor":0.0},{"date":"06/06/2025","date_ts":1749168000000,"profit_abs":0.0,"wins":0,"draws":0,"losses":0,"trades":0,"profit_factor":0.0},{"date":"07/06/2025","date_ts":1749254400000,"profit_abs":0.0,"wins":0,"draws":0,"losses":0,"trades":0,"profit_factor":0.0},{"date":"08/06/2025","date_ts":1749340800000,"profit_abs":0.0,"wins":0,"draws":0,"losses":0,"trades":0,"profit_factor":0.0},{"date":"09/06/2025","date_ts":1749427200000,"profit_abs":36.38626193,"wins":1,"draws":0,"losses":0,"trades":1,"profit_factor":0.0},{"date":"10/06/2025","date_ts":1749513600000,"profit_abs":0.0,"wins":0,"draws":0,"losses":0,"trades":0,"profit_factor":0.0},{"date":"11/06/2025","date_ts":1749600000000,"profit_abs":0.0,"wins":0,"draws":0,"losses":0,"trades":0,"profit_factor":0.0},{"date":"12/06/2025","date_ts":1749686400000,"profit_abs":0.0,"wins":0,"draws":0,"losses":0,"trades":0,"profit_factor":0.0},{"date":"13/06/2025","date_ts":1749772800000,"profit_abs":-12.74637915,"wins":0,"draws":0,"losses":1,"trades":1,"profit_factor":0.0},{"date":"14/06/2025","date_ts":1749859200000,"profit_abs":-3.87331046,"wins":0,"draws":0,"losses":1,"trades":1,"profit_factor":0.0},{"date":"15/06/2025","date_ts":1749945600000,"profit_abs":17.85172855,"wins":1,"draws":0,"losses":0,"trades":1,"profit_factor":0.0}],"week":[{"date":"09/06/2025","date_ts":1749427200000,"profit_abs":18.43850213,"wins":1,"draws":0,"losses":1,"trades":2,"profit_factor":2.02734282},{"date":"16/06/2025","date_ts":1750032000000,"profit_abs":1.23203894,"wins":1,"draws":0,"losses":2,"trades":3,"profit_factor":1.07413128}],"month":[{"date":"30/06/2025","date_ts":1751241600000,"profit_abs":19.67054107,"wins":2,"draws":0,"losses":3,"trades":5,"profit_factor":1.56904809}],"year":[{"date":"31/12/2025","date_ts":1767139200000,"profit_abs":19.67054107,"wins":2,"draws":0,"losses":3,"trades":5,"profit_factor":1.56904809}]},"backtest_best_day":0.1123434087077523,"backtest_worst_day":-0.054513699556378074,"backtest_best_day_abs":36.38626193,"backtest_worst_day_abs":-17.9477598,"winning_days":2,"draw_days":6,"losing_days":3,"daily_profit":[["2025-06-05",-17.9477598],["2025-06-06",0.0],["2025-06-07",0.0],["2025-06-08",0.0],["2025-06-09",36.38626193],["2025-06-10",0.0],["2025-06-11",0.0],["2025-06-12",0.0],["2025-06-13",-12.74637915],["2025-06-14",-3.87331046],["2025-06-15",17.85172855]],"wins":2,"losses":3,"draws":0,"winrate":0.4,"holding_avg":"1 day, 8:33:00","holding_avg_s":117180.0,"winner_holding_min":"0d 19:30","winner_holding_min_s":70200.0,"winner_holding_max":"4d 00:00","winner_holding_max_s":345600.0,"winner_holding_avg":"2d 09:45","winner_holding_avg_s":207900.0,"loser_holding_min":"0d 02:00","loser_holding_min_s":7200.0,"loser_holding_max":"1d 14:30","loser_holding_max_s":138600.0,"loser_holding_avg":"0d 15:45","loser_holding_avg_s":56700.0,"max_consecutive_wins":1,"max_consecutive_losses":2,"max_drawdown_account":0.017947759799999973,"max_relative_drawdown":0.017947759799999973,"max_drawdown_abs":17.9477598,"drawdown_start":"2025-06-05 20:45:00","drawdown_start_ts":1749156300000.0,"drawdown_end":"2025-06-05 20:45:00","drawdown_end_ts":1749156300000.0,"max_drawdown_low":-17.9477598,"max_drawdown_high":-17.9477598,"csum_min":982.0522402,"csum_max":1019.67054107}},"strategy_comparison":[{"key":"GridBotSample","trades":5,"profit_mean":0.01246219802672309,"profit_mean_pct":1.25,"profit_sum":0.06231099013361545,"profit_sum_pct":6.23,"profit_total_abs":19.670541070000006,"profit_total":0.019670541070000006,"profit_total_pct":1.97,"duration_avg":"1 day, 8:33:00","wins":2,"draws":0,"losses":3,"winrate":0.4,"cagr":0.26744303169638384,"expectancy":3.9341082140000028,"expectancy_ratio":0.34142885412267976,"sortino":2.155830724891481,"sharpe":0.6164273693428162,"calmar":69.79611265488653,"sqn":0.3872,"profit_factor":1.5690480902044663,"max_drawdown_account":0.017947759799999973,"max_drawdown_abs":"17.948"}]}