{"strategy":{"SimpleGrid":{"trades":[{"pair":"ETH/USDT:USDT","stake_amount":63.91224,"max_stake_amount":63.91224,"amount":0.027,"open_date":"2025-05-18 20:15:00+00:00","close_date":"2025-05-18 23:00:00+00:00","open_rate":2367.12,"close_rate":2453.61,"fee_open":0.0005,"fee_close":0.0005,"trade_duration":165,"profit_ratio":0.03550205159729827,"profit_abs":2.27015015,"exit_reason":"exit_signal","initial_stop_loss_abs":2130.41,"initial_stop_loss_ratio":-0.1,"stop_loss_abs":2130.41,"stop_loss_ratio":-0.1,"min_rate":2364.22,"max_rate":2455.6,"is_open":false,"enter_tag":"","leverage":1.0,"is_short":false,"open_timestamp":1747599300000,"close_timestamp":1747609200000,"orders":[{"amount":0.027,"safe_price":2367.12,"ft_order_side":"buy","order_filled_timestamp":1747599300000,"ft_is_entry":true,"ft_order_tag":"","cost":63.944196119999994},{"amount":0.027,"safe_price":2453.61,"ft_order_side":"sell","order_filled_timestamp":1747609200000,"ft_is_entry":false,"ft_order_tag":"exit_signal","cost":66.280593735}],"funding_fees":0.0},{"pair":"ETH/USDT:USDT","stake_amount":64.7514,"max_stake_amount":64.7514,"amount":0.027,"open_date":"2025-05-19 02:15:00+00:00","close_date":"2025-05-19 14:30:00+00:00","open_rate":2398.2,"close_rate":2433.2,"fee_open":0.0005,"fee_close":0.0005,"trade_duration":735,"profit_ratio":0.013514794260440116,"profit_abs":0.8755394,"exit_reason":"exit_signal","initial_stop_loss_abs":2158.38,"initial_stop_loss_ratio":-0.1,"stop_loss_abs":2158.38,"stop_loss_ratio":-0.1,"min_rate":2346.99,"max_rate":2448.47,"is_open":false,"enter_tag":"","leverage":1.0,"is_short":false,"open_timestamp":1747620900000,"close_timestamp":1747665000000,"orders":[{"amount":0.027,"safe_price":2398.2,"ft_order_side":"buy","order_filled_timestamp":1747620900000,"ft_is_entry":true,"ft_order_tag":"","cost":64.78377569999999},{"amount":0.027,"safe_price":2433.2,"ft_order_side":"sell","order_filled_timestamp":1747665000000,"ft_is_entry":false,"ft_order_tag":"exit_signal","cost":65.72924819999999}],"funding_fees":-0.004236700552164555},{"pair":"ETH/USDT:USDT","stake_amount":64.73331,"max_stake_amount":64.73331,"amount":0.027,"open_date":"2025-06-05 21:00:00+00:00","close_date":"2025-06-05 21:45:00+00:00","open_rate":2397.53,"close_rate":2440.47,"fee_open":0.0005,"fee_close":0.0005,"trade_duration":45,"profit_ratio":0.01689269774525758,"profit_abs":1.094067,"exit_reason":"exit_signal","initial_stop_loss_abs":2157.78,"initial_stop_loss_ratio":-0.1,"stop_loss_abs":2157.78,"stop_loss_ratio":-0.1,"min_rate":2390.0,"max_rate":2446.9,"is_open":false,"enter_tag":"","leverage":1.0,"is_short":false,"open_timestamp":1749157200000,"close_timestamp":1749159900000,"orders":[{"amount":0.027,"safe_price":2397.53,"ft_order_side":"buy","order_filled_timestamp":1749157200000,"ft_is_entry":true,"ft_order_tag":"","cost":64.765676655},{"amount":0.027,"safe_price":2440.47,"ft_order_side":"sell","order_filled_timestamp":1749159900000,"ft_is_entry":false,"ft_order_tag":"exit_signal","cost":65.92563634499999}],"funding_fees":0.0},{"pair":"ETH/USDT:USDT","stake_amount":65.04084,"max_stake_amount":65.04084,"amount":0.027,"open_date":"2025-06-06 00:30:00+00:00","close_date":"2025-06-06 03:00:00+00:00","open_rate":2408.92,"close_rate":2434.5,"fee_open":0.0005,"fee_close":0.0005,"trade_duration":150,"profit_ratio":0.009608752736362835,"profit_abs":0.62527383,"exit_reason":"exit_signal","initial_stop_loss_abs":2168.03,"initial_stop_loss_ratio":-0.1,"stop_loss_abs":2168.03,"stop_loss_ratio":-0.1,"min_rate":2402.04,"max_rate":2435.99,"is_open":false,"enter_tag":"","leverage":1.0,"is_short":false,"open_timestamp":1749169800000,"close_timestamp":1749178800000,"orders":[{"amount":0.027,"safe_price":2408.92,"ft_order_side":"buy","order_filled_timestamp":1749169800000,"ft_is_entry":true,"ft_order_tag":"","cost":65.07336042},{"amount":0.027,"safe_price":2434.5,"ft_order_side":"sell","order_filled_timestamp":1749178800000,"ft_is_entry":false,"ft_order_tag":"exit_signal","cost":65.76436575}],"funding_fees":0.0},{"pair":"SOL/USDT:USDT","stake_amount":64.9842,"max_stake_amount":64.9842,"amount":0.46,"open_date":"2025-06-13 02:45:00+00:00","close_date":"2025-06-13 03:15:00+00:00","open_rate":141.27,"close_rate":143.12,"fee_open":0.0005,"fee_close":0.0005,"trade_duration":30,"profit_ratio":0.012082901707637013,"profit_abs":0.7855903,"exit_reason":"exit_signal","initial_stop_loss_abs":127.15,"initial_stop_loss_ratio":-0.1,"stop_loss_abs":127.15,"stop_loss_ratio":-0.1,"min_rate":141.09,"max_rate":144.24,"is_open":false,"enter_tag":"","leverage":1.0,"is_short":false,"open_timestamp":1749782700000,"close_timestamp":1749784500000,"orders":[{"amount":0.46,"safe_price":141.27,"ft_order_side":"buy","order_filled_timestamp":1749782700000,"ft_is_entry":true,"ft_order_tag":"","cost":65.0166921},{"amount":0.46,"safe_price":143.12,"ft_order_side":"sell","order_filled_timestamp":1749784500000,"ft_is_entry":false,"ft_order_tag":"exit_signal","cost":65.86811759999999}],"funding_fees":0.0},{"pair":"ETH/USDT:USDT","stake_amount":65.04597,"max_stake_amount":65.04597,"amount":0.027,"open_date":"2025-06-20 17:45:00+00:00","close_date":"2025-06-21 09:00:00+00:00","open_rate":2409.11,"close_rate":2440.39,"fee_open":0.0005,"fee_close":0.0005,"trade_duration":915,"profit_ratio":0.01203524688533474,"profit_abs":0.78323573,"exit_reason":"exit_signal","initial_stop_loss_abs":2168.2,"initial_stop_loss_ratio":-0.1,"stop_loss_abs":2168.2,"stop_loss_ratio":-0.1,"min_rate":2380.0,"max_rate":2444.95,"is_open":false,"enter_tag":"","leverage":1.0,"is_short":false,"open_timestamp":1750441500000,"close_timestamp":1750496400000,"orders":[{"amount":0.027,"safe_price":2409.11,"ft_order_side":"buy","order_filled_timestamp":1750441500000,"ft_is_entry":true,"ft_order_tag":"","cost":65.078492985},{"amount":0.027,"safe_price":2440.39,"ft_order_side":"sell","order_filled_timestamp":1750496400000,"ft_is_entry":false,"ft_order_tag":"exit_signal","cost":65.923475265}],"funding_fees":0.004143980810830576},{"pair":"SOL/USDT:USDT","stake_amount":66.0288,"max_stake_amount":66.0288,"amount":0.48,"open_date":"2025-06-20 17:30:00+00:00","close_date":"2025-06-21 21:45:00+00:00","open_rate":137.56,"close_rate":133.85,"fee_open":0.0005,"fee_close":0.0005,"trade_duration":1695,"profit_ratio":-0.027840614380703413,"profit_abs":-1.8392015,"exit_reason":"exit_signal","initial_stop_loss_abs":123.81,"initial_stop_loss_ratio":-0.1,"stop_loss_abs":123.81,"stop_loss_ratio":-0.1,"min_rate":130.46,"max_rate":142.53,"is_open":false,"enter_tag":"","leverage":1.0,"is_short":false,"open_timestamp":1750440600000,"close_timestamp":1750542300000,"orders":[{"amount":0.48,"safe_price":137.56,"ft_order_side":"buy","order_filled_timestamp":1750440600000,"ft_is_entry":true,"ft_order_tag":"","cost":66.0618144},{"amount":0.48,"safe_price":133.85,"ft_order_side":"sell","order_filled_timestamp":1750542300000,"ft_is_entry":false,"ft_order_tag":"exit_signal","cost":64.28012399999999}],"funding_fees":0.006736901520000001},{"pair":"ETH/USDT:USDT","stake_amount":64.90935,"max_stake_amount":64.90935,"amount":0.027,"open_date":"2025-06-21 17:45:00+00:00","close_date":"2025-06-21 22:00:00+00:00","open_rate":2404.05,"close_rate":2280.35,"fee_open":0.0005,"fee_close":0.0005,"trade_duration":255,"profit_ratio":-0.05240290775766003,"profit_abs":-3.4031394,"exit_reason":"exit_signal","initial_stop_loss_abs":2163.65,"initial_stop_loss_ratio":-0.1,"stop_loss_abs":2163.65,"stop_loss_ratio":-0.1,"min_rate":2230.0,"max_rate":2410.9,"is_open":false,"enter_tag":"","leverage":1.0,"is_short":false,"open_timestamp":1750527900000,"close_timestamp":1750543200000,"orders":[{"amount":0.027,"safe_price":2404.05,"ft_order_side":"buy","order_filled_timestamp":1750527900000,"ft_is_entry":true,"ft_order_tag":"","cost":64.941804675},{"amount":0.027,"safe_price":2280.35,"ft_order_side":"sell","order_filled_timestamp":1750543200000,"ft_is_entry":false,"ft_order_tag":"exit_signal","cost":61.60023472499999}],"funding_fees":0.0},{"pair":"SOL/USDT:USDT","stake_amount":65.1408,"max_stake_amount":65.1408,"amount":0.48,"open_date":"2025-06-22 00:30:00+00:00","close_date":"2025-06-22 02:30:00+00:00","open_rate":135.71,"close_rate":134.11,"fee_open":0.0005,"fee_close":0.0005,"trade_duration":120,"profit_ratio":-0.012777562290993624,"profit_abs":-0.8327568,"exit_reason":"exit_signal","initial_stop_loss_abs":122.14,"initial_stop_loss_ratio":-0.1,"stop_loss_abs":122.14,"stop_loss_ratio":-0.1,"min_rate":133.09,"max_rate":137.52,"is_open":false,"enter_tag":"","leverage":1.0,"is_short":false,"open_timestamp":1750552200000,"close_timestamp":1750559400000,"orders":[{"amount":0.48,"safe_price":135.71,"ft_order_side":"buy","order_filled_timestamp":1750552200000,"ft_is_entry":true,"ft_order_tag":"","cost":65.1733704},{"amount":0.48,"safe_price":134.11,"ft_order_side":"sell","order_filled_timestamp":1750559400000,"ft_is_entry":false,"ft_order_tag":"exit_signal","cost":64.4049864}],"funding_fees":0.0},{"pair":"SOL/USDT:USDT","stake_amount":65.2128,"max_stake_amount":65.2128,"amount":0.48,"open_date":"2025-06-22 04:15:00+00:00","close_date":"2025-06-22 07:45:00+00:00","open_rate":135.86,"close_rate":134.83,"fee_open":0.0005,"fee_close":0.0005,"trade_duration":210,"profit_ratio":-0.008573256430815948,"profit_abs":-0.5593656,"exit_reason":"exit_signal","initial_stop_loss_abs":122.28,"initial_stop_loss_ratio":-0.1,"stop_loss_abs":122.28,"stop_loss_ratio":-0.1,"min_rate":134.55,"max_rate":136.44,"is_open":false,"enter_tag":"","leverage":1.0,"is_short":false,"open_timestamp":1750565700000,"close_timestamp":1750578300000,"orders":[{"amount":0.48,"safe_price":135.86,"ft_order_side":"buy","order_filled_timestamp":1750565700000,"ft_is_entry":true,"ft_order_tag":"","cost":65.2454064},{"amount":0.48,"safe_price":134.83,"ft_order_side":"sell","order_filled_timestamp":1750578300000,"ft_is_entry":false,"ft_order_tag":"exit_signal","cost":64.7507592}],"funding_fees":0.0},{"pair":"SUI/USDT:USDT","stake_amount":66.18224,"max_stake_amount":66.18224,"amount":25.4,"open_date":"2025-06-21 17:45:00+00:00","close_date":"2025-06-22 13:45:00+00:00","open_rate":2.6056,"close_rate":2.418,"fee_open":0.0005,"fee_close":0.0005,"trade_duration":1200,"profit_ratio":-0.07306279675974835,"profit_abs":-4.83787728,"exit_reason":"exit_signal","initial_stop_loss_abs":2.3451,"initial_stop_loss_ratio":-0.1,"stop_loss_abs":2.3451,"stop_loss_ratio":-0.1,"min_rate":2.4055,"max_rate":2.6302,"is_open":false,"enter_tag":"","leverage":1.0,"is_short":false,"open_timestamp":1750527900000,"close_timestamp":1750599900000,"orders":[{"amount":25.4,"safe_price":2.6056,"ft_order_side":"buy","order_filled_timestamp":1750527900000,"ft_is_entry":true,"ft_order_tag":"","cost":66.21533111999999},{"amount":25.4,"safe_price":2.418,"ft_order_side":"sell","order_filled_timestamp":1750599900000,"ft_is_entry":false,"ft_order_tag":"exit_signal","cost":61.4479086}],"funding_fees":-0.009037561376200001},{"pair":"SUI/USDT:USDT","stake_amount":65.64411,"max_stake_amount":65.64411,"amount":26.1,"open_date":"2025-06-23 06:00:00+00:00","close_date":"2025-06-23 11:00:00+00:00","open_rate":2.5151,"close_rate":2.4961,"fee_open":0.0005,"fee_close":0.0005,"trade_duration":300,"profit_ratio":-0.008536327481474044,"profit_abs":-0.5606398,"exit_reason":"exit_signal","initial_stop_loss_abs":2.2636,"initial_stop_loss_ratio":-0.1,"stop_loss_abs":2.2636,"stop_loss_ratio":-0.1,"min_rate":2.4829,"max_rate":2.5332,"is_open":false,"enter_tag":"","leverage":1.0,"is_short":false,"open_timestamp":1750658400000,"close_timestamp":1750676400000,"orders":[{"amount":26.1,"safe_price":2.5151,"ft_order_side":"buy","order_filled_timestamp":1750658400000,"ft_is_entry":true,"ft_order_tag":"","cost":65.676932055},{"amount":26.1,"safe_price":2.4961,"ft_order_side":"sell","order_filled_timestamp":1750676400000,"ft_is_entry":false,"ft_order_tag":"exit_signal","cost":65.180784105}],"funding_fees":0.0006563628000000001},{"pair":"SOL/USDT:USDT","stake_amount":65.2896,"max_stake_amount":65.2896,"amount":0.48,"open_date":"2025-06-23 13:45:00+00:00","close_date":"2025-06-23 15:00:00+00:00","open_rate":136.02,"close_rate":134.72,"fee_open":0.0005,"fee_close":0.0005,"trade_duration":75,"profit_ratio":-0.010547365634929924,"profit_abs":-0.6889776,"exit_reason":"exit_signal","initial_stop_loss_abs":122.42,"initial_stop_loss_ratio":-0.1,"stop_loss_abs":122.42,"stop_loss_ratio":-0.1,"min_rate":134.48,"max_rate":137.46,"is_open":false,"enter_tag":"","leverage":1.0,"is_short":false,"open_timestamp":1750686300000,"close_timestamp":1750690800000,"orders":[{"amount":0.48,"safe_price":136.02,"ft_order_side":"buy","order_filled_timestamp":1750686300000,"ft_is_entry":true,"ft_order_tag":"","cost":65.3222448},{"amount":0.48,"safe_price":134.72,"ft_order_side":"sell","order_filled_timestamp":1750690800000,"ft_is_entry":false,"ft_order_tag":"exit_signal","cost":64.69793279999999}],"funding_fees":0.0},{"pair":"SUI/USDT:USDT","stake_amount":65.47446,"max_stake_amount":65.47446,"amount":26.1,"open_date":"2025-06-23 12:45:00+00:00","close_date":"2025-06-23 16:00:00+00:00","open_rate":2.5086,"close_rate":2.4748,"fee_open":0.0005,"fee_close":0.0005,"trade_duration":195,"profit_ratio":-0.014460985663513785,"profit_abs":-0.94729864,"exit_reason":"exit_signal","initial_stop_loss_abs":2.2578,"initial_stop_loss_ratio":-0.1,"stop_loss_abs":2.2578,"stop_loss_ratio":-0.1,"min_rate":2.439,"max_rate":2.5775,"is_open":false,"enter_tag":"","leverage":1.0,"is_short":false,"open_timestamp":1750682700000,"close_timestamp":1750694400000,"orders":[{"amount":26.1,"safe_price":2.5086,"ft_order_side":"buy","order_filled_timestamp":1750682700000,"ft_is_entry":true,"ft_order_tag":"","cost":65.50719723},{"amount":26.1,"safe_price":2.4748,"ft_order_side":"sell","order_filled_timestamp":1750694400000,"ft_is_entry":false,"ft_order_tag":"exit_signal","cost":64.62457614}],"funding_fees":-8.527053146832001e-05},{"pair":"SUI/USDT:USDT","stake_amount":65.30685,"max_stake_amount":65.30685,"amount":25.9,"open_date":"2025-06-23 17:30:00+00:00","close_date":"2025-06-23 20:15:00+00:00","open_rate":2.5215,"close_rate":2.6754,"fee_open":0.0005,"fee_close":0.0005,"trade_duration":165,"profit_ratio":0.05997459323360323,"profit_abs":3.91871014,"exit_reason":"exit_signal","initial_stop_loss_abs":2.2694,"initial_stop_loss_ratio":-0.1,"stop_loss_abs":2.2694,"stop_loss_ratio":-0.1,"min_rate":2.513,"max_rate":2.729,"is_open":false,"enter_tag":"","leverage":1.0,"is_short":false,"open_timestamp":1750699800000,"close_timestamp":1750709700000,"orders":[{"amount":25.9,"safe_price":2.5215,"ft_order_side":"buy","order_filled_timestamp":1750699800000,"ft_is_entry":true,"ft_order_tag":"","cost":65.33950342499999},{"amount":25.9,"safe_price":2.6754,"ft_order_side":"sell","order_filled_timestamp":1750709700000,"ft_is_entry":false,"ft_order_tag":"exit_signal","cost":69.32750642999999}],"funding_fees":0.0},{"pair":"SOL/USDT:USDT","stake_amount":65.3136,"max_stake_amount":65.3136,"amount":0.48,"open_date":"2025-06-23 17:30:00+00:00","close_date":"2025-06-23 22:30:00+00:00","open_rate":136.07,"close_rate":146.36,"fee_open":0.0005,"fee_close":0.0005,"trade_duration":300,"profit_ratio":0.07454775588614894,"profit_abs":4.8714168,"exit_reason":"exit_signal","initial_stop_loss_abs":122.47,"initial_stop_loss_ratio":-0.1,"stop_loss_abs":122.47,"stop_loss_ratio":-0.1,"min_rate":136.04,"max_rate":146.88,"is_open":false,"enter_tag":"","leverage":1.0,"is_short":false,"open_timestamp":1750699800000,"close_timestamp":1750717800000,"orders":[{"amount":0.48,"safe_price":136.07,"ft_order_side":"buy","order_filled_timestamp":1750699800000,"ft_is_entry":true,"ft_order_tag":"","cost":65.34625679999999},{"amount":0.48,"safe_price":146.36,"ft_order_side":"sell","order_filled_timestamp":1750717800000,"ft_is_entry":false,"ft_order_tag":"exit_signal","cost":70.2879264}],"funding_fees":0.0},{"pair":"ETH/USDT:USDT","stake_amount":64.5204,"max_stake_amount":64.5204,"amount":0.028,"open_date":"2025-06-23 19:00:00+00:00","close_date":"2025-06-24 14:45:00+00:00","open_rate":2304.3,"close_rate":2434.15,"fee_open":0.0005,"fee_close":0.0005,"trade_duration":1185,"profit_ratio":0.055260647337350165,"profit_abs":3.56722179,"exit_reason":"exit_signal","initial_stop_loss_abs":2073.88,"initial_stop_loss_ratio":-0.1,"stop_loss_abs":2073.88,"stop_loss_ratio":-0.1,"min_rate":2293.81,"max_rate":2450.0,"is_open":false,"enter_tag":"","leverage":1.0,"is_short":false,"open_timestamp":1750705200000,"close_timestamp":1750776300000,"orders":[{"amount":0.028,"safe_price":2304.3,"ft_order_side":"buy","order_filled_timestamp":1750705200000,"ft_is_entry":true,"ft_order_tag":"","cost":64.5526602},{"amount":0.028,"safe_price":2434.15,"ft_order_side":"sell","order_filled_timestamp":1750776300000,"ft_is_entry":false,"ft_order_tag":"exit_signal","cost":68.1902781}],"funding_fees":-0.002239912717316596},{"pair":"ETH/USDT:USDT","stake_amount":64.90422,"max_stake_amount":64.90422,"amount":0.027,"open_date":"2025-06-25 14:30:00+00:00","close_date":"2025-06-25 19:30:00+00:00","open_rate":2403.86,"close_rate":2434.58,"fee_open":0.0005,"fee_close":0.0005,"trade_duration":300,"profit_ratio":0.011755195103114131,"profit_abs":0.76334325,"exit_reason":"exit_signal","initial_stop_loss_abs":2163.48,"initial_stop_loss_ratio":-0.1,"stop_loss_abs":2163.48,"stop_loss_ratio":-0.1,"min_rate":2395.42,"max_rate":2443.62,"is_open":false,"enter_tag":"","leverage":1.0,"is_short":false,"open_timestamp":1750861800000,"close_timestamp":1750879800000,"orders":[{"amount":0.027,"safe_price":2403.86,"ft_order_side":"buy","order_filled_timestamp":1750861800000,"ft_is_entry":true,"ft_order_tag":"","cost":64.93667211},{"amount":0.027,"safe_price":2434.58,"ft_order_side":"sell","order_filled_timestamp":1750879800000,"ft_is_entry":false,"ft_order_tag":"exit_signal","cost":65.76652683}],"funding_fees":-0.0007778070108010782}],"locks":[],"best_pair":{"key":"ETH/USDT:USDT","trades":8,"profit_mean":0.012770809738437226,"profit_mean_pct":1.28,"profit_sum":0.1021664779074978,"profit_sum_pct":10.22,"profit_total_abs":6.57569175,"profit_total":0.006575691749999999,"profit_total_pct":0.66,"duration_avg":"7:49:00","wins":7,"draws":0,"losses":1,"winrate":0.875,"cagr":0.06008390956783827,"expectancy":0.8219614687500001,"expectancy_ratio":0.2415303553977246,"sortino":-100,"sharpe":1.6494893229441256,"calmar":90.5462340433885,"sqn":1.1707,"profit_factor":2.9322428431817986,"max_drawdown_account":0.003384025523321236,"max_drawdown_abs":3.4031394},"worst_pair":{"key":"SUI/USDT:USDT","trades":4,"profit_mean":-0.009021379167783238,"profit_mean_pct":-0.9,"profit_sum":-0.03608551667113295,"profit_sum_pct":-3.61,"profit_total_abs":-2.427105579999999,"profit_total":-0.002427105579999999,"profit_total_pct":-0.24,"duration_avg":"7:45:00","wins":1,"draws":0,"losses":3,"winrate":0.25,"cagr":-0.021401099200780926,"expectancy":-0.6067763949999998,"expectancy_ratio":-0.2868550341389364,"sortino":-0.5854995184949039,"sharpe":-0.3645432242634314,"calmar":-17.822301568152593,"sqn":-0.3388,"profit_factor":0.6175266211480848,"max_drawdown_account":0.006345815720000019,"max_drawdown_abs":6.345815719999999},"results_per_pair":[{"key":"ETH/USDT:USDT","trades":8,"profit_mean":0.012770809738437226,"profit_mean_pct":1.28,"profit_sum":0.1021664779074978,"profit_sum_pct":10.22,"profit_total_abs":6.57569175,"profit_total":0.006575691749999999,"profit_total_pct":0.66,"duration_avg":"7:49:00","wins":7,"draws":0,"losses":1,"winrate":0.875,"cagr":0.06008390956783827,"expectancy":0.8219614687500001,"expectancy_ratio":0.2415303553977246,"sortino":-100,"sharpe":1.6494893229441256,"calmar":90.5462340433885,"sqn":1.1707,"profit_factor":2.9322428431817986,"max_drawdown_account":0.003384025523321236,"max_drawdown_abs":3.4031394},{"key":"SOL/USDT:USDT","trades":6,"profit_mean":0.004481976476057174,"profit_mean_pct":0.45,"profit_sum":0.026891858856343043,"profit_sum_pct":2.69,"profit_total_abs":1.7367056000000005,"profit_total":0.0017367056000000005,"profit_total_pct":0.17,"duration_avg":"6:45:00","wins":2,"draws":0,"losses":4,"winrate":0.3333333333333333,"cagr":0.015567435159208776,"expectancy":0.2894509333333335,"expectancy_ratio":0.29533538002965676,"sortino":1.6013716329073526,"sharpe":0.36996122956359667,"calmar":20.659050393828426,"sqn":0.2959,"profit_factor":1.4430030700444851,"max_drawdown_account":0.003917224166691658,"max_drawdown_abs":3.9203015},{"key":"SUI/USDT:USDT","trades":4,"profit_mean":-0.009021379167783238,"profit_mean_pct":-0.9,"profit_sum":-0.03608551667113295,"profit_sum_pct":-3.61,"profit_total_abs":-2.427105579999999,"profit_total":-0.002427105579999999,"profit_total_pct":-0.24,"duration_avg":"7:45:00","wins":1,"draws":0,"losses":3,"winrate":0.25,"cagr":-0.021401099200780926,"expectancy":-0.6067763949999998,"expectancy_ratio":-0.2868550341389364,"sortino":-0.5854995184949039,"sharpe":-0.3645432242634314,"calmar":-17.822301568152593,"sqn":-0.3388,"profit_factor":0.6175266211480848,"max_drawdown_account":0.006345815720000019,"max_drawdown_abs":6.345815719999999},{"key":"TOTAL","trades":18,"profit_mean":0.005165156671817106,"profit_mean_pct":0.52,"profit_sum":0.09297282009270791,"profit_sum_pct":9.3,"profit_total_abs":5.885291770000001,"profit_total":0.005885291770000001,"profit_total_pct":0.59,"duration_avg":"7:27:00","wins":10,"draws":0,"losses":8,"winrate":0.5555555555555556,"cagr":0.053628454492375965,"expectancy":0.3269606538888892,"expectancy_ratio":0.1913553387595346,"sortino":1.8433944702023703,"sharpe":1.1619275996340477,"calmar":20.191608408873506,"sqn":0.5712,"profit_factor":1.430549512208953,"max_drawdown_account":0.013581872800621857,"max_drawdown_abs":13.669256619999999}],"results_per_enter_tag":[{"key":"","trades":18,"profit_mean":0.005165156671817106,"profit_mean_pct":0.52,"profit_sum":0.09297282009270791,"profit_sum_pct":9.3,"profit_total_abs":5.885291770000001,"profit_total":0.005885291770000001,"profit_total_pct":0.59,"duration_avg":"7:27:00","wins":10,"draws":0,"losses":8,"winrate":0.5555555555555556,"cagr":0.053628454492375965,"expectancy":0.3269606538888892,"expectancy_ratio":0.1913553387595346,"sortino":1.8433944702023703,"sharpe":1.1619275996340477,"calmar":20.191608408873506,"sqn":0.5712,"profit_factor":1.430549512208953,"max_drawdown_account":0.013581872800621857,"max_drawdown_abs":13.669256619999999},{"key":"TOTAL","trades":18,"profit_mean":0.005165156671817106,"profit_mean_pct":0.52,"profit_sum":0.09297282009270791,"profit_sum_pct":9.3,"profit_total_abs":5.885291770000001,"profit_total":0.005885291770000001,"profit_total_pct":0.59,"duration_avg":"7:27:00","wins":10,"draws":0,"losses":8,"winrate":0.5555555555555556,"cagr":0.053628454492375965,"expectancy":0.3269606538888892,"expectancy_ratio":0.1913553387595346,"sortino":1.8433944702023703,"sharpe":1.1619275996340477,"calmar":20.191608408873506,"sqn":0.5712,"profit_factor":1.430549512208953,"max_drawdown_account":0.013581872800621857,"max_drawdown_abs":13.669256619999999}],"exit_reason_summary":[{"key":"exit_signal","trades":18,"profit_mean":0.005165156671817106,"profit_mean_pct":0.52,"profit_sum":0.09297282009270791,"profit_sum_pct":9.3,"profit_total_abs":5.885291770000001,"profit_total":0.005885291770000001,"profit_total_pct":0.59,"duration_avg":"7:27:00","wins":10,"draws":0,"losses":8,"winrate":0.5555555555555556,"cagr":0.053628454492375965,"expectancy":0.3269606538888892,"expectancy_ratio":0.1913553387595346,"sortino":1.8433944702023703,"sharpe":1.1619275996340477,"calmar":20.191608408873506,"sqn":0.5712,"profit_factor":1.430549512208953,"max_drawdown_account":0.013581872800621857,"max_drawdown_abs":13.669256619999999},{"key":"TOTAL","trades":18,"profit_mean":0.005165156671817106,"profit_mean_pct":0.52,"profit_sum":0.09297282009270791,"profit_sum_pct":9.3,"profit_total_abs":5.885291770000001,"profit_total":0.005885291770000001,"profit_total_pct":0.59,"duration_avg":"7:27:00","wins":10,"draws":0,"losses":8,"winrate":0.5555555555555556,"cagr":0.053628454492375965,"expectancy":0.3269606538888892,"expectancy_ratio":0.1913553387595346,"sortino":1.8433944702023703,"sharpe":1.1619275996340477,"calmar":20.191608408873506,"sqn":0.5712,"profit_factor":1.430549512208953,"max_drawdown_account":0.013581872800621857,"max_drawdown_abs":13.669256619999999}],"mix_tag_stats":[{"key":["","exit_signal"],"trades":18,"profit_mean":0.005165156671817106,"profit_mean_pct":0.52,"profit_sum":0.09297282009270791,"profit_sum_pct":9.3,"profit_total_abs":5.885291770000001,"profit_total":0.005885291770000001,"profit_total_pct":0.59,"duration_avg":"7:27:00","wins":10,"draws":0,"losses":8,"winrate":0.5555555555555556,"cagr":0.053628454492375965,"expectancy":0.3269606538888892,"expectancy_ratio":0.1913553387595346,"sortino":1.8433944702023703,"sharpe":1.1619275996340477,"calmar":20.191608408873506,"sqn":0.5712,"profit_factor":1.430549512208953,"max_drawdown_account":0.013581872800621857,"max_drawdown_abs":13.669256619999999},{"key":"TOTAL","trades":18,"profit_mean":0.005165156671817106,"profit_mean_pct":0.52,"profit_sum":0.09297282009270791,"profit_sum_pct":9.3,"profit_total_abs":5.885291770000001,"profit_total":0.005885291770000001,"profit_total_pct":0.59,"duration_avg":"7:27:00","wins":10,"draws":0,"losses":8,"winrate":0.5555555555555556,"cagr":0.053628454492375965,"expectancy":0.3269606538888892,"expectancy_ratio":0.1913553387595346,"sortino":1.8433944702023703,"sharpe":1.1619275996340477,"calmar":20.191608408873506,"sqn":0.5712,"profit_factor":1.430549512208953,"max_drawdown_account":0.013581872800621857,"max_drawdown_abs":13.669256619999999}],"left_open_trades":[{"key":"TOTAL","trades":0,"profit_mean":0.0,"profit_mean_pct":0.0,"profit_sum":0.0,"profit_sum_pct":0.0,"profit_total_abs":0.0,"profit_total":0.0,"profit_total_pct":0.0,"duration_avg":"0:00","wins":0,"draws":0,"losses":0,"winrate":0.0,"cagr":0.0,"expectancy":0.0,"expectancy_ratio":100.0,"sortino":0,"sharpe":0,"calmar":0,"sqn":0.0,"profit_factor":0.0,"max_drawdown_account":0.0,"max_drawdown_abs":0.0}],"total_trades":18,"trade_count_long":18,"trade_count_short":0,"total_volume":2353.03236822,"avg_stake_amount":65.13306611111109,"profit_mean":0.005165156671817106,"profit_median":0.010681973919738484,"profit_total":0.005885291770000001,"profit_total_long":0.005885291770000001,"profit_total_short":0.0,"profit_total_abs":5.885291770000001,"profit_total_long_abs":5.885291770000001,"profit_total_short_abs":0.0,"cagr":0.053628454492375965,"expectancy":0.3269606538888892,"expectancy_ratio":0.1913553387595346,"sortino":1.8433944702023703,"sharpe":1.1619275996340477,"calmar":20.191608408873506,"sqn":0.5712,"profit_factor":1.430549512208953,"backtest_start":"2025-05-16 00:00:00","backtest_start_ts":1747353600000,"backtest_end":"2025-06-26 15:15:00","backtest_end_ts":1750950900000,"backtest_days":41,"backtest_run_start_ts":1750952267,"backtest_run_end_ts":1750952267,"trades_per_day":0.44,"market_change":-0.18252115814873004,"pairlist":["SOL/USDT:USDT","ETH/USDT:USDT","SUI/USDT:USDT"],"stake_amount":"unlimited","stake_currency":"USDT","stake_currency_decimals":3,"starting_balance":1000,"dry_run_wallet":1000,"final_balance":1005.88529177,"rejected_signals":0,"timedout_entry_orders":0,"timedout_exit_orders":0,"canceled_trade_entries":0,"canceled_entry_orders":0,"replaced_entry_orders":0,"max_open_trades":3,"max_open_trades_setting":15,"timeframe":"15m","timeframe_detail":"","timerange":"","enable_protections":false,"strategy_name":"SimpleGrid","stoploss":-0.1,"trailing_stop":false,"trailing_stop_positive":null,"trailing_stop_positive_offset":0.0,"trailing_only_offset_is_reached":false,"use_custom_stoploss":false,"minimal_roi":{},"use_exit_signal":true,"exit_profit_only":false,"exit_profit_offset":0.0,"ignore_roi_if_entry_signal":false,"trading_mode":"futures","margin_mode":"isolated","periodic_breakdown":{"day":[{"date":"18/05/2025","date_ts":1747526400000,"profit_abs":2.27015015,"wins":1,"draws":0,"losses":0,"trades":1,"profit_factor":0.0},{"date":"19/05/2025","date_ts":1747612800000,"profit_abs":0.8755394,"wins":1,"draws":0,"losses":0,"trades":1,"profit_factor":0.0},{"date":"20/05/2025","date_ts":1747699200000,"profit_abs":0.0,"wins":0,"draws":0,"losses":0,"trades":0,"profit_factor":0.0},{"date":"21/05/2025","date_ts":1747785600000,"profit_abs":0.0,"wins":0,"draws":0,"losses":0,"trades":0,"profit_factor":0.0},{"date":"22/05/2025","date_ts":1747872000000,"profit_abs":0.0,"wins":0,"draws":0,"losses":0,"trades":0,"profit_factor":0.0},{"date":"23/05/2025","date_ts":1747958400000,"profit_abs":0.0,"wins":0,"draws":0,"losses":0,"trades":0,"profit_factor":0.0},{"date":"24/05/2025","date_ts":1748044800000,"profit_abs":0.0,"wins":0,"draws":0,"losses":0,"trades":0,"profit_factor":0.0},{"date":"25/05/2025","date_ts":1748131200000,"profit_abs":0.0,"wins":0,"draws":0,"losses":0,"trades":0,"profit_factor":0.0},{"date":"26/05/2025","date_ts":1748217600000,"profit_abs":0.0,"wins":0,"draws":0,"losses":0,"trades":0,"profit_factor":0.0},{"date":"27/05/2025","date_ts":1748304000000,"profit_abs":0.0,"wins":0,"draws":0,"losses":0,"trades":0,"profit_factor":0.0},{"date":"28/05/2025","date_ts":1748390400000,"profit_abs":0.0,"wins":0,"draws":0,"losses":0,"trades":0,"profit_factor":0.0},{"date":"29/05/2025","date_ts":1748476800000,"profit_abs":0.0,"wins":0,"draws":0,"losses":0,"trades":0,"profit_factor":0.0},{"date":"30/05/2025","date_ts":1748563200000,"profit_abs":0.0,"wins":0,"draws":0,"losses":0,"trades":0,"profit_factor":0.0},{"date":"31/05/2025","date_ts":1748649600000,"profit_abs":0.0,"wins":0,"draws":0,"losses":0,"trades":0,"profit_factor":0.0},{"date":"01/06/2025","date_ts":1748736000000,"profit_abs":0.0,"wins":0,"draws":0,"losses":0,"trades":0,"profit_factor":0.0},{"date":"02/06/2025","date_ts":1748822400000,"profit_abs":0.0,"wins":0,"draws":0,"losses":0,"trades":0,"profit_factor":0.0},{"date":"03/06/2025","date_ts":1748908800000,"profit_abs":0.0,"wins":0,"draws":0,"losses":0,"trades":0,"profit_factor":0.0},{"date":"04/06/2025","date_ts":1748995200000,"profit_abs":0.0,"wins":0,"draws":0,"losses":0,"trades":0,"profit_factor":0.0},{"date":"05/06/2025","date_ts":1749081600000,"profit_abs":1.094067,"wins":1,"draws":0,"losses":0,"trades":1,"profit_factor":0.0},{"date":"06/06/2025","date_ts":1749168000000,"profit_abs":0.62527383,"wins":1,"draws":0,"losses":0,"trades":1,"profit_factor":0.0},{"date":"07/06/2025","date_ts":1749254400000,"profit_abs":0.0,"wins":0,"draws":0,"losses":0,"trades":0,"profit_factor":0.0},{"date":"08/06/2025","date_ts":1749340800000,"profit_abs":0.0,"wins":0,"draws":0,"losses":0,"trades":0,"profit_factor":0.0},{"date":"09/06/2025","date_ts":1749427200000,"profit_abs":0.0,"wins":0,"draws":0,"losses":0,"trades":0,"profit_factor":0.0},{"date":"10/06/2025","date_ts":1749513600000,"profit_abs":0.0,"wins":0,"draws":0,"losses":0,"trades":0,"profit_factor":0.0},{"date":"11/06/2025","date_ts":1749600000000,"profit_abs":0.0,"wins":0,"draws":0,"losses":0,"trades":0,"profit_factor":0.0},{"date":"12/06/2025","date_ts":1749686400000,"profit_abs":0.0,"wins":0,"draws":0,"losses":0,"trades":0,"profit_factor":0.0},{"date":"13/06/2025","date_ts":1749772800000,"profit_abs":0.7855903,"wins":1,"draws":0,"losses":0,"trades":1,"profit_factor":0.0},{"date":"14/06/2025","date_ts":1749859200000,"profit_abs":0.0,"wins":0,"draws":0,"losses":0,"trades":0,"profit_factor":0.0},{"date":"15/06/2025","date_ts":1749945600000,"profit_abs":0.0,"wins":0,"draws":0,"losses":0,"trades":0,"profit_factor":0.0},{"date":"16/06/2025","date_ts":1750032000000,"profit_abs":0.0,"wins":0,"draws":0,"losses":0,"trades":0,"profit_factor":0.0},{"date":"17/06/2025","date_ts":1750118400000,"profit_abs":0.0,"wins":0,"draws":0,"losses":0,"trades":0,"profit_factor":0.0},{"date":"18/06/2025","date_ts":1750204800000,"profit_abs":0.0,"wins":0,"draws":0,"losses":0,"trades":0,"profit_factor":0.0},{"date":"19/06/2025","date_ts":1750291200000,"profit_abs":0.0,"wins":0,"draws":0,"losses":0,"trades":0,"profit_factor":0.0},{"date":"20/06/2025","date_ts":1750377600000,"profit_abs":0.0,"wins":0,"draws":0,"losses":0,"trades":0,"profit_factor":0.0},{"date":"21/06/2025","date_ts":1750464000000,"profit_abs":-4.45910517,"wins":1,"draws":0,"losses":2,"trades":3,"profit_factor":0.14940572},{"date":"22/06/2025","date_ts":1750550400000,"profit_abs":-6.22999968,"wins":0,"draws":0,"losses":3,"trades":3,"profit_factor":0.0},{"date":"23/06/2025","date_ts":1750636800000,"profit_abs":6.5932109,"wins":2,"draws":0,"losses":3,"trades":5,"profit_factor":4.00112102},{"date":"24/06/2025","date_ts":1750723200000,"profit_abs":3.56722179,"wins":1,"draws":0,"losses":0,"trades":1,"profit_factor":0.0},{"date":"25/06/2025","date_ts":1750809600000,"profit_abs":0.76334325,"wins":1,"draws":0,"losses":0,"trades":1,"profit_factor":0.0}],"week":[{"date":"19/05/2025","date_ts":1747612800000,"profit_abs":3.14568955,"wins":2,"draws":0,"losses":0,"trades":2,"profit_factor":0.0},{"date":"26/05/2025","date_ts":1748217600000,"profit_abs":0.0,"wins":0,"draws":0,"losses":0,"trades":0,"profit_factor":0.0},{"date":"02/06/2025","date_ts":1748822400000,"profit_abs":0.0,"wins":0,"draws":0,"losses":0,"trades":0,"profit_factor":0.0},{"date":"09/06/2025","date_ts":1749427200000,"profit_abs":1.71934083,"wins":2,"draws":0,"losses":0,"trades":2,"profit_factor":0.0},{"date":"16/06/2025","date_ts":1750032000000,"profit_abs":0.7855903,"wins":1,"draws":0,"losses":0,"trades":1,"profit_factor":0.0},{"date":"23/06/2025","date_ts":1750636800000,"profit_abs":-4.09589395,"wins":3,"draws":0,"losses":8,"trades":11,"profit_factor":0.70035723},{"date":"30/06/2025","date_ts":1751241600000,"profit_abs":4.33056504,"wins":2,"draws":0,"losses":0,"trades":2,"profit_factor":0.0}],"month":[{"date":"31/05/2025","date_ts":1748649600000,"profit_abs":3.14568955,"wins":2,"draws":0,"losses":0,"trades":2,"profit_factor":0.0},{"date":"30/06/2025","date_ts":1751241600000,"profit_abs":2.73960222,"wins":8,"draws":0,"losses":8,"trades":16,"profit_factor":1.20042072}],"year":[{"date":"31/12/2025","date_ts":1767139200000,"profit_abs":5.88529177,"wins":10,"draws":0,"losses":8,"trades":18,"profit_factor":1.43054951}]},"backtest_best_day":0.10097767033983442,"backtest_worst_day":-0.09441361548155791,"backtest_best_day_abs":6.5932109,"backtest_worst_day_abs":-6.22999968,"winning_days":8,"draw_days":29,"losing_days":2,"daily_profit":[["2025-05-18",2.27015015],["2025-05-19",0.8755394],["2025-05-20",0.0],["2025-05-21",0.0],["2025-05-22",0.0],["2025-05-23",0.0],["2025-05-24",0.0],["2025-05-25",0.0],["2025-05-26",0.0],["2025-05-27",0.0],["2025-05-28",0.0],["2025-05-29",0.0],["2025-05-30",0.0],["2025-05-31",0.0],["2025-06-01",0.0],["2025-06-02",0.0],["2025-06-03",0.0],["2025-06-04",0.0],["2025-06-05",1.094067],["2025-06-06",0.62527383],["2025-06-07",0.0],["2025-06-08",0.0],["2025-06-09",0.0],["2025-06-10",0.0],["2025-06-11",0.0],["2025-06-12",0.0],["2025-06-13",0.7855903],["2025-06-14",0.0],["2025-06-15",0.0],["2025-06-16",0.0],["2025-06-17",0.0],["2025-06-18",0.0],["2025-06-19",0.0],["2025-06-20",0.0],["2025-06-21",-4.45910517],["2025-06-22",-6.22999968],["2025-06-23",6.5932109],["2025-06-24",3.56722179],["2025-06-25",0.76334325]],"wins":10,"losses":8,"draws":0,"winrate":0.5555555555555556,"holding_avg":"7:27:00","holding_avg_s":26820.0,"winner_holding_min":"0d 00:30","winner_holding_min_s":1800.0,"winner_holding_max":"0d 19:45","winner_holding_max_s":71100.0,"winner_holding_avg":"0d 06:39","winner_holding_avg_s":23940.0,"loser_holding_min":"0d 01:15","loser_holding_min_s":4500.0,"loser_holding_max":"1d 04:15","loser_holding_max_s":101700.0,"loser_holding_avg":"0d 08:26","loser_holding_avg_s":30360.0,"max_consecutive_wins":6,"max_consecutive_losses":8,"max_drawdown_account":0.013581872800621857,"max_relative_drawdown":0.013581872800621857,"max_drawdown_abs":13.669256619999999,"drawdown_start":"2025-06-21 09:00:00","drawdown_start_ts":1750496400000.0,"drawdown_end":"2025-06-23 16:00:00","drawdown_end_ts":1750694400000.0,"max_drawdown_low":-7.235400209999999,"max_drawdown_high":6.433856410000001,"csum_min":992.76459979,"csum_max":1006.43385641}},"strategy_comparison":[{"key":"SimpleGrid","trades":18,"profit_mean":0.005165156671817106,"profit_mean_pct":0.52,"profit_sum":0.09297282009270791,"profit_sum_pct":9.3,"profit_total_abs":5.885291770000001,"profit_total":0.005885291770000001,"profit_total_pct":0.59,"duration_avg":"7:27:00","wins":10,"draws":0,"losses":8,"winrate":0.5555555555555556,"cagr":0.053628454492375965,"expectancy":0.3269606538888892,"expectancy_ratio":0.1913553387595346,"sortino":1.8433944702023703,"sharpe":1.1619275996340477,"calmar":20.191608408873506,"sqn":0.5712,"profit_factor":1.430549512208953,"max_drawdown_account":0.013581872800621857,"max_drawdown_abs":"13.669"}]}