{"strategy":{"SimpleGridDowntrend":{"trades":[{"pair":"ETH/USDT:USDT","stake_amount":988.83296,"max_stake_amount":988.83296,"amount":0.412,"open_date":"2025-05-19 12:15:00+00:00","close_date":"2025-05-19 15:45:00+00:00","open_rate":2400.08,"close_rate":2465.43,"fee_open":0.0005,"fee_close":0.0005,"trade_duration":210,"profit_ratio":0.026201544156424172,"profit_abs":25.92190494,"exit_reason":"exit_signal","initial_stop_loss_abs":2256.08,"initial_stop_loss_ratio":-0.06,"stop_loss_abs":2256.08,"stop_loss_ratio":-0.06,"min_rate":2383.0,"max_rate":2473.0,"is_open":false,"enter_tag":"","leverage":1.0,"is_short":false,"open_timestamp":1747656900000,"close_timestamp":1747669500000,"orders":[{"amount":0.412,"safe_price":2400.08,"ft_order_side":"buy","order_filled_timestamp":1747656900000,"ft_is_entry":true,"ft_order_tag":"","cost":989.3273764799999},{"amount":0.412,"safe_price":2465.43,"ft_order_side":"sell","order_filled_timestamp":1747669500000,"ft_is_entry":false,"ft_order_tag":"exit_signal","cost":1016.2650385799998}],"funding_fees":0.0},{"pair":"SOL/USDT:USDT","stake_amount":1014.9056,"max_stake_amount":1014.9056,"amount":6.94,"open_date":"2025-06-05 19:30:00+00:00","close_date":"2025-06-05 22:00:00+00:00","open_rate":146.24,"close_rate":144.19,"fee_open":0.0005,"fee_close":0.0005,"trade_duration":150,"profit_ratio":-0.015003541719293526,"profit_abs":-15.2347921,"exit_reason":"exit_signal","initial_stop_loss_abs":137.47,"initial_stop_loss_ratio":-0.06,"stop_loss_abs":137.47,"stop_loss_ratio":-0.06,"min_rate":141.43,"max_rate":147.17,"is_open":false,"enter_tag":"","leverage":1.0,"is_short":false,"open_timestamp":1749151800000,"close_timestamp":1749160800000,"orders":[{"amount":6.94,"safe_price":146.24,"ft_order_side":"buy","order_filled_timestamp":1749151800000,"ft_is_entry":true,"ft_order_tag":"","cost":1015.4130528000001},{"amount":6.94,"safe_price":144.19,"ft_order_side":"sell","order_filled_timestamp":1749160800000,"ft_is_entry":false,"ft_order_tag":"exit_signal","cost":1001.1789393}],"funding_fees":0.0},{"pair":"SOL/USDT:USDT","stake_amount":1000.4672,"max_stake_amount":1000.4672,"amount":7.01,"open_date":"2025-06-13 06:30:00+00:00","close_date":"2025-06-13 10:30:00+00:00","open_rate":142.72,"close_rate":144.06,"fee_open":0.0005,"fee_close":0.0005,"trade_duration":240,"profit_ratio":0.008474211063483695,"profit_abs":8.4824093,"exit_reason":"exit_signal","initial_stop_loss_abs":134.16,"initial_stop_loss_ratio":-0.06,"stop_loss_abs":134.16,"stop_loss_ratio":-0.06,"min_rate":142.72,"max_rate":146.61,"is_open":false,"enter_tag":"","leverage":1.0,"is_short":false,"open_timestamp":1749796200000,"close_timestamp":1749810600000,"orders":[{"amount":7.01,"safe_price":142.72,"ft_order_side":"buy","order_filled_timestamp":1749796200000,"ft_is_entry":true,"ft_order_tag":"","cost":1000.9674335999999},{"amount":7.01,"safe_price":144.06,"ft_order_side":"sell","order_filled_timestamp":1749810600000,"ft_is_entry":false,"ft_order_tag":"exit_signal","cost":1010.3655302999999}],"funding_fees":0.09417319955142993},{"pair":"SOL/USDT:USDT","stake_amount":1007.8776,"max_stake_amount":1007.8776,"amount":6.96,"open_date":"2025-06-13 13:30:00+00:00","close_date":"2025-06-13 19:45:00+00:00","open_rate":144.81,"close_rate":144.96,"fee_open":0.0005,"fee_close":0.0005,"trade_duration":375,"profit_ratio":2.450237241491236e-05,"profit_abs":0.02470774,"exit_reason":"exit_signal","initial_stop_loss_abs":136.13,"initial_stop_loss_ratio":-0.06,"stop_loss_abs":136.13,"stop_loss_ratio":-0.06,"min_rate":143.83,"max_rate":148.44,"is_open":false,"enter_tag":"","leverage":1.0,"is_short":false,"open_timestamp":1749821400000,"close_timestamp":1749843900000,"orders":[{"amount":6.96,"safe_price":144.81,"ft_order_side":"buy","order_filled_timestamp":1749821400000,"ft_is_entry":true,"ft_order_tag":"","cost":1008.3815387999999},{"amount":6.96,"safe_price":144.96,"ft_order_side":"sell","order_filled_timestamp":1749843900000,"ft_is_entry":false,"ft_order_tag":"exit_signal","cost":1009.4260608}],"funding_fees":-0.010892661696},{"pair":"SOL/USDT:USDT","stake_amount":1007.5936,"max_stake_amount":1007.5936,"amount":6.89,"open_date":"2025-06-14 06:30:00+00:00","close_date":"2025-06-14 09:00:00+00:00","open_rate":146.24,"close_rate":145.75,"fee_open":0.0005,"fee_close":0.0005,"trade_duration":150,"profit_ratio":-0.0043683677529361515,"profit_abs":-4.40374016,"exit_reason":"exit_signal","initial_stop_loss_abs":137.47,"initial_stop_loss_ratio":-0.06,"stop_loss_abs":137.47,"stop_loss_ratio":-0.06,"min_rate":145.1,"max_rate":146.4,"is_open":false,"enter_tag":"","leverage":1.0,"is_short":false,"open_timestamp":1749882600000,"close_timestamp":1749891600000,"orders":[{"amount":6.89,"safe_price":146.24,"ft_order_side":"buy","order_filled_timestamp":1749882600000,"ft_is_entry":true,"ft_order_tag":"","cost":1008.0973968},{"amount":6.89,"safe_price":145.75,"ft_order_side":"sell","order_filled_timestamp":1749891600000,"ft_is_entry":false,"ft_order_tag":"exit_signal","cost":1004.7196087499999}],"funding_fees":-0.021734607661},{"pair":"SOL/USDT:USDT","stake_amount":1004.6314,"max_stake_amount":1004.6314,"amount":6.98,"open_date":"2025-06-14 15:45:00+00:00","close_date":"2025-06-14 19:45:00+00:00","open_rate":143.93,"close_rate":144.1,"fee_open":0.0005,"fee_close":0.0005,"trade_duration":240,"profit_ratio":0.00018526424603149943,"profit_abs":0.18621534,"exit_reason":"exit_signal","initial_stop_loss_abs":135.3,"initial_stop_loss_ratio":-0.06,"stop_loss_abs":135.3,"stop_loss_ratio":-0.06,"min_rate":142.84,"max_rate":145.08,"is_open":false,"enter_tag":"","leverage":1.0,"is_short":false,"open_timestamp":1749915900000,"close_timestamp":1749930300000,"orders":[{"amount":6.98,"safe_price":143.93,"ft_order_side":"buy","order_filled_timestamp":1749915900000,"ft_is_entry":true,"ft_order_tag":"","cost":1005.1337157},{"amount":6.98,"safe_price":144.1,"ft_order_side":"sell","order_filled_timestamp":1749930300000,"ft_is_entry":false,"ft_order_tag":"exit_signal","cost":1006.3209089999999}],"funding_fees":0.004840039829832001},{"pair":"SOL/USDT:USDT","stake_amount":1003.5084,"max_stake_amount":1003.5084,"amount":7.06,"open_date":"2025-06-14 20:15:00+00:00","close_date":"2025-06-14 23:00:00+00:00","open_rate":142.14,"close_rate":144.22,"fee_open":0.0005,"fee_close":0.0005,"trade_duration":165,"profit_ratio":0.013619333572273944,"profit_abs":13.6739492,"exit_reason":"exit_signal","initial_stop_loss_abs":133.62,"initial_stop_loss_ratio":-0.06,"stop_loss_abs":133.62,"stop_loss_ratio":-0.06,"min_rate":141.87,"max_rate":144.86,"is_open":false,"enter_tag":"","leverage":1.0,"is_short":false,"open_timestamp":1749932100000,"close_timestamp":1749942000000,"orders":[{"amount":7.06,"safe_price":142.14,"ft_order_side":"buy","order_filled_timestamp":1749932100000,"ft_is_entry":true,"ft_order_tag":"","cost":1004.0101541999998},{"amount":7.06,"safe_price":144.22,"ft_order_side":"sell","order_filled_timestamp":1749942000000,"ft_is_entry":false,"ft_order_tag":"exit_signal","cost":1018.7022965999998}],"funding_fees":0.0},{"pair":"SOL/USDT:USDT","stake_amount":1018.1784,"max_stake_amount":1018.1784,"amount":6.96,"open_date":"2025-06-15 07:15:00+00:00","close_date":"2025-06-15 08:45:00+00:00","open_rate":146.29,"close_rate":145.29,"fee_open":0.0005,"fee_close":0.0005,"trade_duration":90,"profit_ratio":-0.007901472998673203,"profit_abs":-8.04913169,"exit_reason":"exit_signal","initial_stop_loss_abs":137.52,"initial_stop_loss_ratio":-0.06,"stop_loss_abs":137.52,"stop_loss_ratio":-0.06,"min_rate":145.04,"max_rate":146.3,"is_open":false,"enter_tag":"","leverage":1.0,"is_short":false,"open_timestamp":1749971700000,"close_timestamp":1749977100000,"orders":[{"amount":6.96,"safe_price":146.29,"ft_order_side":"buy","order_filled_timestamp":1749971700000,"ft_is_entry":true,"ft_order_tag":"","cost":1018.6874891999998},{"amount":6.96,"safe_price":145.29,"ft_order_side":"sell","order_filled_timestamp":1749977100000,"ft_is_entry":false,"ft_order_tag":"exit_signal","cost":1011.7240092}],"funding_fees":-0.07443329404799999},{"pair":"SOL/USDT:USDT","stake_amount":1010.1456,"max_stake_amount":1010.1456,"amount":6.98,"open_date":"2025-06-15 09:30:00+00:00","close_date":"2025-06-15 13:00:00+00:00","open_rate":144.72,"close_rate":147.6,"fee_open":0.0005,"fee_close":0.0005,"trade_duration":210,"profit_ratio":0.018881106710326428,"profit_abs":19.0822032,"exit_reason":"exit_signal","initial_stop_loss_abs":136.04,"initial_stop_loss_ratio":-0.06,"stop_loss_abs":136.04,"stop_loss_ratio":-0.06,"min_rate":144.15,"max_rate":147.79,"is_open":false,"enter_tag":"","leverage":1.0,"is_short":false,"open_timestamp":1749979800000,"close_timestamp":1749992400000,"orders":[{"amount":6.98,"safe_price":144.72,"ft_order_side":"buy","order_filled_timestamp":1749979800000,"ft_is_entry":true,"ft_order_tag":"","cost":1010.6506728},{"amount":6.98,"safe_price":147.6,"ft_order_side":"sell","order_filled_timestamp":1749992400000,"ft_is_entry":false,"ft_order_tag":"exit_signal","cost":1030.763124}],"funding_fees":0.0},{"pair":"SOL/USDT:USDT","stake_amount":1029.0885,"max_stake_amount":1029.0885,"amount":7.05,"open_date":"2025-06-17 17:00:00+00:00","close_date":"2025-06-17 18:15:00+00:00","open_rate":145.97,"close_rate":146.43,"fee_open":0.0005,"fee_close":0.0005,"trade_duration":75,"profit_ratio":0.0021486824581132737,"profit_abs":2.21229,"exit_reason":"exit_signal","initial_stop_loss_abs":137.22,"initial_stop_loss_ratio":-0.06,"stop_loss_abs":137.22,"stop_loss_ratio":-0.06,"min_rate":145.55,"max_rate":147.27,"is_open":false,"enter_tag":"","leverage":1.0,"is_short":false,"open_timestamp":1750179600000,"close_timestamp":1750184100000,"orders":[{"amount":7.05,"safe_price":145.97,"ft_order_side":"buy","order_filled_timestamp":1750179600000,"ft_is_entry":true,"ft_order_tag":"","cost":1029.60304425},{"amount":7.05,"safe_price":146.43,"ft_order_side":"sell","order_filled_timestamp":1750184100000,"ft_is_entry":false,"ft_order_tag":"exit_signal","cost":1032.84766575}],"funding_fees":0.0},{"pair":"SOL/USDT:USDT","stake_amount":1031.0604,"max_stake_amount":1031.0604,"amount":7.08,"open_date":"2025-06-18 11:00:00+00:00","close_date":"2025-06-18 16:00:00+00:00","open_rate":145.63,"close_rate":145.67,"fee_open":0.0005,"fee_close":0.0005,"trade_duration":300,"profit_ratio":-0.0007043692167760508,"profit_abs":-0.72661033,"exit_reason":"exit_signal","initial_stop_loss_abs":136.9,"initial_stop_loss_ratio":-0.06,"stop_loss_abs":136.9,"stop_loss_ratio":-0.06,"min_rate":143.69,"max_rate":146.7,"is_open":false,"enter_tag":"","leverage":1.0,"is_short":false,"open_timestamp":1750244400000,"close_timestamp":1750262400000,"orders":[{"amount":7.08,"safe_price":145.63,"ft_order_side":"buy","order_filled_timestamp":1750244400000,"ft_is_entry":true,"ft_order_tag":"","cost":1031.5759302},{"amount":7.08,"safe_price":145.67,"ft_order_side":"sell","order_filled_timestamp":1750262400000,"ft_is_entry":false,"ft_order_tag":"exit_signal","cost":1031.8592717999998}],"funding_fees":0.02139166887290237},{"pair":"SOL/USDT:USDT","stake_amount":1029.6807,"max_stake_amount":1029.6807,"amount":7.09,"open_date":"2025-06-18 18:15:00+00:00","close_date":"2025-06-18 18:30:00+00:00","open_rate":145.23,"close_rate":144.95,"fee_open":0.0005,"fee_close":0.0005,"trade_duration":15,"profit_ratio":-0.0029255495505018953,"profit_abs":-3.0138881,"exit_reason":"exit_signal","initial_stop_loss_abs":136.52,"initial_stop_loss_ratio":-0.06,"stop_loss_abs":136.52,"stop_loss_ratio":-0.06,"min_rate":144.58,"max_rate":145.94,"is_open":false,"enter_tag":"","leverage":1.0,"is_short":false,"open_timestamp":1750270500000,"close_timestamp":1750271400000,"orders":[{"amount":7.09,"safe_price":145.23,"ft_order_side":"buy","order_filled_timestamp":1750270500000,"ft_is_entry":true,"ft_order_tag":"","cost":1030.1955403499999},{"amount":7.09,"safe_price":144.95,"ft_order_side":"sell","order_filled_timestamp":1750271400000,"ft_is_entry":false,"ft_order_tag":"exit_signal","cost":1028.2093477499998}],"funding_fees":0.0},{"pair":"SOL/USDT:USDT","stake_amount":1027.3746,"max_stake_amount":1027.3746,"amount":7.14,"open_date":"2025-06-18 19:00:00+00:00","close_date":"2025-06-18 21:45:00+00:00","open_rate":143.89,"close_rate":146.87,"fee_open":0.0005,"fee_close":0.0005,"trade_duration":165,"profit_ratio":0.019690064620896862,"profit_abs":20.2391868,"exit_reason":"exit_signal","initial_stop_loss_abs":135.26,"initial_stop_loss_ratio":-0.06,"stop_loss_abs":135.26,"stop_loss_ratio":-0.06,"min_rate":143.58,"max_rate":147.8,"is_open":false,"enter_tag":"","leverage":1.0,"is_short":false,"open_timestamp":1750273200000,"close_timestamp":1750283100000,"orders":[{"amount":7.14,"safe_price":143.89,"ft_order_side":"buy","order_filled_timestamp":1750273200000,"ft_is_entry":true,"ft_order_tag":"","cost":1027.8882872999998},{"amount":7.14,"safe_price":146.87,"ft_order_side":"sell","order_filled_timestamp":1750283100000,"ft_is_entry":false,"ft_order_tag":"exit_signal","cost":1049.1761259}],"funding_fees":0.0},{"pair":"SOL/USDT:USDT","stake_amount":1046.5332,"max_stake_amount":1046.5332,"amount":7.17,"open_date":"2025-06-18 23:45:00+00:00","close_date":"2025-06-19 03:45:00+00:00","open_rate":145.96,"close_rate":146.3,"fee_open":0.0005,"fee_close":0.0005,"trade_duration":240,"profit_ratio":0.001298998567304202,"profit_abs":1.36012485,"exit_reason":"exit_signal","initial_stop_loss_abs":137.21,"initial_stop_loss_ratio":-0.06,"stop_loss_abs":137.21,"stop_loss_ratio":-0.06,"min_rate":144.9,"max_rate":147.83,"is_open":false,"enter_tag":"","leverage":1.0,"is_short":false,"open_timestamp":1750290300000,"close_timestamp":1750304700000,"orders":[{"amount":7.17,"safe_price":145.96,"ft_order_side":"buy","order_filled_timestamp":1750290300000,"ft_is_entry":true,"ft_order_tag":"","cost":1047.0564666},{"amount":7.17,"safe_price":146.3,"ft_order_side":"sell","order_filled_timestamp":1750304700000,"ft_is_entry":false,"ft_order_tag":"exit_signal","cost":1049.4954854999999}],"funding_fees":-0.029923051428000003},{"pair":"SOL/USDT:USDT","stake_amount":1048.8053,"max_stake_amount":1048.8053,"amount":7.19,"open_date":"2025-06-19 06:00:00+00:00","close_date":"2025-06-19 07:45:00+00:00","open_rate":145.87,"close_rate":145.16,"fee_open":0.0005,"fee_close":0.0005,"trade_duration":105,"profit_ratio":-0.005861982973002428,"profit_abs":-6.15115285,"exit_reason":"exit_signal","initial_stop_loss_abs":137.12,"initial_stop_loss_ratio":-0.06,"stop_loss_abs":137.12,"stop_loss_ratio":-0.06,"min_rate":144.93,"max_rate":146.12,"is_open":false,"enter_tag":"","leverage":1.0,"is_short":false,"open_timestamp":1750312800000,"close_timestamp":1750319100000,"orders":[{"amount":7.19,"safe_price":145.87,"ft_order_side":"buy","order_filled_timestamp":1750312800000,"ft_is_entry":true,"ft_order_tag":"","cost":1049.32970265},{"amount":7.19,"safe_price":145.16,"ft_order_side":"sell","order_filled_timestamp":1750319100000,"ft_is_entry":false,"ft_order_tag":"exit_signal","cost":1044.2222502}],"funding_fees":0.0},{"pair":"SOL/USDT:USDT","stake_amount":1042.2096,"max_stake_amount":1042.2096,"amount":7.16,"open_date":"2025-06-19 11:15:00+00:00","close_date":"2025-06-19 17:30:00+00:00","open_rate":145.56,"close_rate":143.56,"fee_open":0.0005,"fee_close":0.0005,"trade_duration":375,"profit_ratio":-0.014736367116903182,"profit_abs":-15.36606247,"exit_reason":"exit_signal","initial_stop_loss_abs":136.83,"initial_stop_loss_ratio":-0.06,"stop_loss_abs":136.83,"stop_loss_ratio":-0.06,"min_rate":142.83,"max_rate":145.68,"is_open":false,"enter_tag":"","leverage":1.0,"is_short":false,"open_timestamp":1750331700000,"close_timestamp":1750354200000,"orders":[{"amount":7.16,"safe_price":145.56,"ft_order_side":"buy","order_filled_timestamp":1750331700000,"ft_is_entry":true,"ft_order_tag":"","cost":1042.7307048},{"amount":7.16,"safe_price":143.56,"ft_order_side":"sell","order_filled_timestamp":1750354200000,"ft_is_entry":false,"ft_order_tag":"exit_signal","cost":1028.4035448}],"funding_fees":-0.011012867600000002},{"pair":"SOL/USDT:USDT","stake_amount":1027.608,"max_stake_amount":1027.608,"amount":7.05,"open_date":"2025-06-20 02:45:00+00:00","close_date":"2025-06-20 03:45:00+00:00","open_rate":145.76,"close_rate":145.62,"fee_open":0.0005,"fee_close":0.0005,"trade_duration":60,"profit_ratio":-0.0019590232326207914,"profit_abs":-2.0141145,"exit_reason":"exit_signal","initial_stop_loss_abs":137.02,"initial_stop_loss_ratio":-0.06,"stop_loss_abs":137.02,"stop_loss_ratio":-0.06,"min_rate":145.35,"max_rate":146.0,"is_open":false,"enter_tag":"","leverage":1.0,"is_short":false,"open_timestamp":1750387500000,"close_timestamp":1750391100000,"orders":[{"amount":7.05,"safe_price":145.76,"ft_order_side":"buy","order_filled_timestamp":1750387500000,"ft_is_entry":true,"ft_order_tag":"","cost":1028.1218039999999},{"amount":7.05,"safe_price":145.62,"ft_order_side":"sell","order_filled_timestamp":1750391100000,"ft_is_entry":false,"ft_order_tag":"exit_signal","cost":1027.1343105}],"funding_fees":0.0},{"pair":"SOL/USDT:USDT","stake_amount":1025.0086,"max_stake_amount":1025.0086,"amount":7.07,"open_date":"2025-06-20 04:30:00+00:00","close_date":"2025-06-20 08:00:00+00:00","open_rate":144.98,"close_rate":147.4,"fee_open":0.0005,"fee_close":0.0005,"trade_duration":210,"profit_ratio":0.015634211721994692,"profit_abs":16.03321407,"exit_reason":"exit_signal","initial_stop_loss_abs":136.29,"initial_stop_loss_ratio":-0.06,"stop_loss_abs":136.29,"stop_loss_ratio":-0.06,"min_rate":144.21,"max_rate":148.22,"is_open":false,"enter_tag":"","leverage":1.0,"is_short":false,"open_timestamp":1750393800000,"close_timestamp":1750406400000,"orders":[{"amount":7.07,"safe_price":144.98,"ft_order_side":"buy","order_filled_timestamp":1750393800000,"ft_is_entry":true,"ft_order_tag":"","cost":1025.5211043},{"amount":7.07,"safe_price":147.4,"ft_order_side":"sell","order_filled_timestamp":1750406400000,"ft_is_entry":false,"ft_order_tag":"exit_signal","cost":1042.639059}],"funding_fees":-0.0426226262},{"pair":"SOL/USDT:USDT","stake_amount":1040.789,"max_stake_amount":1040.789,"amount":7.1,"open_date":"2025-06-20 14:00:00+00:00","close_date":"2025-06-20 17:15:00+00:00","open_rate":146.59,"close_rate":137.8,"fee_open":0.0005,"fee_close":0.0005,"trade_duration":195,"profit_ratio":-0.06091677557606055,"profit_abs":-63.43321069,"exit_reason":"stop_loss","initial_stop_loss_abs":137.8,"initial_stop_loss_ratio":-0.06,"stop_loss_abs":137.8,"stop_loss_ratio":-0.06,"min_rate":135.7,"max_rate":146.84,"is_open":false,"enter_tag":"","leverage":1.0,"is_short":false,"open_timestamp":1750428000000,"close_timestamp":1750439700000,"orders":[{"amount":7.1,"safe_price":146.59,"ft_order_side":"buy","order_filled_timestamp":1750428000000,"ft_is_entry":true,"ft_order_tag":"","cost":1041.3093944999998},{"amount":7.1,"safe_price":137.8,"ft_order_side":"sell","order_filled_timestamp":1750439700000,"ft_is_entry":false,"ft_order_tag":"stop_loss","cost":978.8691899999999}],"funding_fees":-0.014626190279999998},{"pair":"ETH/USDT:USDT","stake_amount":978.09866,"max_stake_amount":978.09866,"amount":0.406,"open_date":"2025-06-20 17:45:00+00:00","close_date":"2025-06-20 18:45:00+00:00","open_rate":2409.11,"close_rate":2423.72,"fee_open":0.0005,"fee_close":0.0005,"trade_duration":60,"profit_ratio":0.00505891854434742,"profit_abs":4.95059551,"exit_reason":"exit_signal","initial_stop_loss_abs":2264.57,"initial_stop_loss_ratio":-0.06,"stop_loss_abs":2264.57,"stop_loss_ratio":-0.06,"min_rate":2397.34,"max_rate":2432.45,"is_open":false,"enter_tag":"","leverage":1.0,"is_short":false,"open_timestamp":1750441500000,"close_timestamp":1750445100000,"orders":[{"amount":0.406,"safe_price":2409.11,"ft_order_side":"buy","order_filled_timestamp":1750441500000,"ft_is_entry":true,"ft_order_tag":"","cost":978.58770933},{"amount":0.406,"safe_price":2423.72,"ft_order_side":"sell","order_filled_timestamp":1750445100000,"ft_is_entry":false,"ft_order_tag":"exit_signal","cost":984.5223351599999}],"funding_fees":0.0},{"pair":"ETH/USDT:USDT","stake_amount":982.4748,"max_stake_amount":982.4748,"amount":0.41,"open_date":"2025-06-20 22:45:00+00:00","close_date":"2025-06-21 00:00:00+00:00","open_rate":2396.28,"close_rate":2405.43,"fee_open":0.0005,"fee_close":0.0005,"trade_duration":75,"profit_ratio":0.0028651672925032435,"profit_abs":2.81636214,"exit_reason":"exit_signal","initial_stop_loss_abs":2252.51,"initial_stop_loss_ratio":-0.06,"stop_loss_abs":2252.51,"stop_loss_ratio":-0.06,"min_rate":2380.0,"max_rate":2406.38,"is_open":false,"enter_tag":"","leverage":1.0,"is_short":false,"open_timestamp":1750459500000,"close_timestamp":1750464000000,"orders":[{"amount":0.41,"safe_price":2396.28,"ft_order_side":"buy","order_filled_timestamp":1750459500000,"ft_is_entry":true,"ft_order_tag":"","cost":982.9660374},{"amount":0.41,"safe_price":2405.43,"ft_order_side":"sell","order_filled_timestamp":1750464000000,"ft_is_entry":false,"ft_order_tag":"exit_signal","cost":986.7194131499999}],"funding_fees":0.04921269236999999},{"pair":"ETH/USDT:USDT","stake_amount":985.26564,"max_stake_amount":985.26564,"amount":0.411,"open_date":"2025-06-21 00:15:00+00:00","close_date":"2025-06-21 01:15:00+00:00","open_rate":2397.24,"close_rate":2414.57,"fee_open":0.0005,"fee_close":0.0005,"trade_duration":60,"profit_ratio":0.006222421073325383,"profit_abs":6.13380305,"exit_reason":"exit_signal","initial_stop_loss_abs":2253.41,"initial_stop_loss_ratio":-0.06,"stop_loss_abs":2253.41,"stop_loss_ratio":-0.06,"min_rate":2395.63,"max_rate":2419.15,"is_open":false,"enter_tag":"","leverage":1.0,"is_short":false,"open_timestamp":1750464900000,"close_timestamp":1750468500000,"orders":[{"amount":0.411,"safe_price":2397.24,"ft_order_side":"buy","order_filled_timestamp":1750464900000,"ft_is_entry":true,"ft_order_tag":"","cost":985.7582728199998},{"amount":0.411,"safe_price":2414.57,"ft_order_side":"sell","order_filled_timestamp":1750468500000,"ft_is_entry":false,"ft_order_tag":"exit_signal","cost":992.884464135}],"funding_fees":0.0},{"pair":"SOL/USDT:USDT","stake_amount":992.2455,"max_stake_amount":992.2455,"amount":7.09,"open_date":"2025-06-21 07:15:00+00:00","close_date":"2025-06-21 07:30:00+00:00","open_rate":139.95,"close_rate":140.14,"fee_open":0.0005,"fee_close":0.0005,"trade_duration":15,"profit_ratio":0.0003567705250625848,"profit_abs":0.35418095,"exit_reason":"exit_signal","initial_stop_loss_abs":131.56,"initial_stop_loss_ratio":-0.06,"stop_loss_abs":131.56,"stop_loss_ratio":-0.06,"min_rate":139.85,"max_rate":140.35,"is_open":false,"enter_tag":"","leverage":1.0,"is_short":false,"open_timestamp":1750490100000,"close_timestamp":1750491000000,"orders":[{"amount":7.09,"safe_price":139.95,"ft_order_side":"buy","order_filled_timestamp":1750490100000,"ft_is_entry":true,"ft_order_tag":"","cost":992.7416227499998},{"amount":7.09,"safe_price":140.14,"ft_order_side":"sell","order_filled_timestamp":1750491000000,"ft_is_entry":false,"ft_order_tag":"exit_signal","cost":994.0893962999997}],"funding_fees":0.0},{"pair":"SOL/USDT:USDT","stake_amount":992.18,"max_stake_amount":992.18,"amount":7.0,"open_date":"2025-06-21 12:45:00+00:00","close_date":"2025-06-21 21:30:00+00:00","open_rate":141.74,"close_rate":133.24,"fee_open":0.0005,"fee_close":0.0005,"trade_duration":525,"profit_ratio":-0.06093553395649934,"profit_abs":-60.48924759,"exit_reason":"stop_loss","initial_stop_loss_abs":133.24,"initial_stop_loss_ratio":-0.06,"stop_loss_abs":133.24,"stop_loss_ratio":-0.06,"min_rate":130.46,"max_rate":142.15,"is_open":false,"enter_tag":"","leverage":1.0,"is_short":false,"open_timestamp":1750509900000,"close_timestamp":1750541400000,"orders":[{"amount":7.0,"safe_price":141.74,"ft_order_side":"buy","order_filled_timestamp":1750509900000,"ft_is_entry":true,"ft_order_tag":"","cost":992.67609},{"amount":7.0,"safe_price":133.24,"ft_order_side":"sell","order_filled_timestamp":1750541400000,"ft_is_entry":false,"ft_order_tag":"stop_loss","cost":933.14634}],"funding_fees":-0.026817585199999997},{"pair":"ETH/USDT:USDT","stake_amount":932.99766,"max_stake_amount":932.99766,"amount":0.399,"open_date":"2025-06-21 21:30:00+00:00","close_date":"2025-06-21 23:45:00+00:00","open_rate":2338.34,"close_rate":2238.76,"fee_open":0.0005,"fee_close":0.0005,"trade_duration":135,"profit_ratio":-0.04354270173687757,"profit_abs":-40.64555145,"exit_reason":"exit_signal","initial_stop_loss_abs":2198.04,"initial_stop_loss_ratio":-0.06,"stop_loss_abs":2198.04,"stop_loss_ratio":-0.06,"min_rate":2213.07,"max_rate":2338.68,"is_open":false,"enter_tag":"","leverage":1.0,"is_short":false,"open_timestamp":1750541400000,"close_timestamp":1750549500000,"orders":[{"amount":0.399,"safe_price":2338.34,"ft_order_side":"buy","order_filled_timestamp":1750541400000,"ft_is_entry":true,"ft_order_tag":"","cost":933.4641588300001},{"amount":0.399,"safe_price":2238.76,"ft_order_side":"sell","order_filled_timestamp":1750549500000,"ft_is_entry":false,"ft_order_tag":"exit_signal","cost":893.7118726200001}],"funding_fees":0.0},{"pair":"ETH/USDT:USDT","stake_amount":891.717,"max_stake_amount":891.717,"amount":0.393,"open_date":"2025-06-22 07:45:00+00:00","close_date":"2025-06-22 11:45:00+00:00","open_rate":2269.0,"close_rate":2271.52,"fee_open":0.0005,"fee_close":0.0005,"trade_duration":240,"profit_ratio":0.0001276171933355596,"profit_abs":0.11385532,"exit_reason":"exit_signal","initial_stop_loss_abs":2132.86,"initial_stop_loss_ratio":-0.06,"stop_loss_abs":2132.86,"stop_loss_ratio":-0.06,"min_rate":2233.34,"max_rate":2279.08,"is_open":false,"enter_tag":"","leverage":1.0,"is_short":false,"open_timestamp":1750578300000,"close_timestamp":1750592700000,"orders":[{"amount":0.393,"safe_price":2269.0,"ft_order_side":"buy","order_filled_timestamp":1750578300000,"ft_is_entry":true,"ft_order_tag":"","cost":892.1628585},{"amount":0.393,"safe_price":2271.52,"ft_order_side":"sell","order_filled_timestamp":1750592700000,"ft_is_entry":false,"ft_order_tag":"exit_signal","cost":893.1537136799999}],"funding_fees":0.015707496429900002},{"pair":"SUI/USDT:USDT","stake_amount":892.9488,"max_stake_amount":892.9488,"amount":353.0,"open_date":"2025-06-22 12:00:00+00:00","close_date":"2025-06-22 13:30:00+00:00","open_rate":2.5296,"close_rate":2.4279,"fee_open":0.0005,"fee_close":0.0005,"trade_duration":90,"profit_ratio":-0.04116330117673611,"profit_abs":-36.77509875,"exit_reason":"exit_signal","initial_stop_loss_abs":2.3779,"initial_stop_loss_ratio":-0.06,"stop_loss_abs":2.3779,"stop_loss_ratio":-0.06,"min_rate":2.4055,"max_rate":2.5437,"is_open":false,"enter_tag":"","leverage":1.0,"is_short":false,"open_timestamp":1750593600000,"close_timestamp":1750599000000,"orders":[{"amount":353.0,"safe_price":2.5296,"ft_order_side":"buy","order_filled_timestamp":1750593600000,"ft_is_entry":true,"ft_order_tag":"","cost":893.3952743999998},{"amount":353.0,"safe_price":2.4279,"ft_order_side":"sell","order_filled_timestamp":1750599000000,"ft_is_entry":false,"ft_order_tag":"exit_signal","cost":857.47722435}],"funding_fees":0.0},{"pair":"ETH/USDT:USDT","stake_amount":855.0038,"max_stake_amount":855.0038,"amount":0.38,"open_date":"2025-06-23 07:00:00+00:00","close_date":"2025-06-23 08:00:00+00:00","open_rate":2250.01,"close_rate":2257.51,"fee_open":0.0005,"fee_close":0.0005,"trade_duration":60,"profit_ratio":0.0023445382879319207,"profit_abs":2.00559144,"exit_reason":"exit_signal","initial_stop_loss_abs":2115.01,"initial_stop_loss_ratio":-0.06,"stop_loss_abs":2115.01,"stop_loss_ratio":-0.06,"min_rate":2249.23,"max_rate":2277.77,"is_open":false,"enter_tag":"","leverage":1.0,"is_short":false,"open_timestamp":1750662000000,"close_timestamp":1750665600000,"orders":[{"amount":0.38,"safe_price":2250.01,"ft_order_side":"buy","order_filled_timestamp":1750662000000,"ft_is_entry":true,"ft_order_tag":"","cost":855.4313019},{"amount":0.38,"safe_price":2257.51,"ft_order_side":"sell","order_filled_timestamp":1750665600000,"ft_is_entry":false,"ft_order_tag":"exit_signal","cost":858.2827269000001}],"funding_fees":0.012020244227017746},{"pair":"SUI/USDT:USDT","stake_amount":858.40884,"max_stake_amount":858.40884,"amount":345.2,"open_date":"2025-06-23 09:30:00+00:00","close_date":"2025-06-23 16:15:00+00:00","open_rate":2.4867,"close_rate":2.4408,"fee_open":0.0005,"fee_close":0.0005,"trade_duration":405,"profit_ratio":-0.019440562045985665,"profit_abs":-16.69629429,"exit_reason":"exit_signal","initial_stop_loss_abs":2.3375,"initial_stop_loss_ratio":-0.06,"stop_loss_abs":2.3375,"stop_loss_ratio":-0.06,"min_rate":2.4139,"max_rate":2.5775,"is_open":false,"enter_tag":"","leverage":1.0,"is_short":false,"open_timestamp":1750671000000,"close_timestamp":1750695300000,"orders":[{"amount":345.2,"safe_price":2.4867,"ft_order_side":"buy","order_filled_timestamp":1750671000000,"ft_is_entry":true,"ft_order_tag":"","cost":858.8380444199998},{"amount":345.2,"safe_price":2.4408,"ft_order_side":"sell","order_filled_timestamp":1750695300000,"ft_is_entry":false,"ft_order_tag":"exit_signal","cost":842.9854420799999}],"funding_fees":-0.00112779262309824},{"pair":"SOL/USDT:USDT","stake_amount":841.5232,"max_stake_amount":841.5232,"amount":5.87,"open_date":"2025-06-24 03:30:00+00:00","close_date":"2025-06-24 04:45:00+00:00","open_rate":143.36,"close_rate":143.11,"fee_open":0.0005,"fee_close":0.0005,"trade_duration":75,"profit_ratio":-0.002741618866905833,"profit_abs":-2.30828945,"exit_reason":"exit_signal","initial_stop_loss_abs":134.76,"initial_stop_loss_ratio":-0.06,"stop_loss_abs":134.76,"stop_loss_ratio":-0.06,"min_rate":142.76,"max_rate":143.49,"is_open":false,"enter_tag":"","leverage":1.0,"is_short":false,"open_timestamp":1750735800000,"close_timestamp":1750740300000,"orders":[{"amount":5.87,"safe_price":143.36,"ft_order_side":"buy","order_filled_timestamp":1750735800000,"ft_is_entry":true,"ft_order_tag":"","cost":841.9439616000001},{"amount":5.87,"safe_price":143.11,"ft_order_side":"sell","order_filled_timestamp":1750740300000,"ft_is_entry":false,"ft_order_tag":"exit_signal","cost":840.4757278500001}],"funding_fees":0.0},{"pair":"ETH/USDT:USDT","stake_amount":838.5074,"max_stake_amount":838.5074,"amount":0.349,"open_date":"2025-06-24 05:00:00+00:00","close_date":"2025-06-24 09:00:00+00:00","open_rate":2402.6,"close_rate":2402.39,"fee_open":0.0005,"fee_close":0.0005,"trade_duration":240,"profit_ratio":-0.001098769226051591,"profit_abs":-0.92178679,"exit_reason":"exit_signal","initial_stop_loss_abs":2258.45,"initial_stop_loss_ratio":-0.06,"stop_loss_abs":2258.45,"stop_loss_ratio":-0.06,"min_rate":2374.9,"max_rate":2434.1,"is_open":false,"enter_tag":"","leverage":1.0,"is_short":false,"open_timestamp":1750741200000,"close_timestamp":1750755600000,"orders":[{"amount":0.349,"safe_price":2402.6,"ft_order_side":"buy","order_filled_timestamp":1750741200000,"ft_is_entry":true,"ft_order_tag":"","cost":838.9266536999999},{"amount":0.349,"safe_price":2402.39,"ft_order_side":"sell","order_filled_timestamp":1750755600000,"ft_is_entry":false,"ft_order_tag":"exit_signal","cost":838.8533270549999}],"funding_fees":-0.010026032723996143},{"pair":"SOL/USDT:USDT","stake_amount":837.6309,"max_stake_amount":837.6309,"amount":5.77,"open_date":"2025-06-24 09:30:00+00:00","close_date":"2025-06-24 11:00:00+00:00","open_rate":145.17,"close_rate":144.0,"fee_open":0.0005,"fee_close":0.0005,"trade_duration":90,"profit_ratio":-0.00905096119020465,"profit_abs":-7.58515545,"exit_reason":"exit_signal","initial_stop_loss_abs":136.46,"initial_stop_loss_ratio":-0.06,"stop_loss_abs":136.46,"stop_loss_ratio":-0.06,"min_rate":143.21,"max_rate":145.45,"is_open":false,"enter_tag":"","leverage":1.0,"is_short":false,"open_timestamp":1750757400000,"close_timestamp":1750762800000,"orders":[{"amount":5.77,"safe_price":145.17,"ft_order_side":"buy","order_filled_timestamp":1750757400000,"ft_is_entry":true,"ft_order_tag":"","cost":838.0497154499998},{"amount":5.77,"safe_price":144.0,"ft_order_side":"sell","order_filled_timestamp":1750762800000,"ft_is_entry":false,"ft_order_tag":"exit_signal","cost":831.2954399999999}],"funding_fees":0.0},{"pair":"SOL/USDT:USDT","stake_amount":830.7072,"max_stake_amount":830.7072,"amount":5.76,"open_date":"2025-06-24 11:30:00+00:00","close_date":"2025-06-24 18:45:00+00:00","open_rate":144.22,"close_rate":144.0,"fee_open":0.0005,"fee_close":0.0005,"trade_duration":435,"profit_ratio":-0.002543825433255575,"profit_abs":-2.11423069,"exit_reason":"exit_signal","initial_stop_loss_abs":135.57,"initial_stop_loss_ratio":-0.06,"stop_loss_abs":135.57,"stop_loss_ratio":-0.06,"min_rate":143.35,"max_rate":146.56,"is_open":false,"enter_tag":"","leverage":1.0,"is_short":false,"open_timestamp":1750764600000,"close_timestamp":1750790700000,"orders":[{"amount":5.76,"safe_price":144.22,"ft_order_side":"buy","order_filled_timestamp":1750764600000,"ft_is_entry":true,"ft_order_tag":"","cost":831.1225536},{"amount":5.76,"safe_price":144.0,"ft_order_side":"sell","order_filled_timestamp":1750790700000,"ft_is_entry":false,"ft_order_tag":"exit_signal","cost":829.8547199999999}],"funding_fees":-0.016957085184},{"pair":"SOL/USDT:USDT","stake_amount":828.1104,"max_stake_amount":828.1104,"amount":5.77,"open_date":"2025-06-24 20:00:00+00:00","close_date":"2025-06-24 21:30:00+00:00","open_rate":143.52,"close_rate":144.76,"fee_open":0.0005,"fee_close":0.0005,"trade_duration":90,"profit_ratio":0.007631774970931479,"profit_abs":6.3231122,"exit_reason":"exit_signal","initial_stop_loss_abs":134.91,"initial_stop_loss_ratio":-0.06,"stop_loss_abs":134.91,"stop_loss_ratio":-0.06,"min_rate":143.1,"max_rate":145.16,"is_open":false,"enter_tag":"","leverage":1.0,"is_short":false,"open_timestamp":1750795200000,"close_timestamp":1750800600000,"orders":[{"amount":5.77,"safe_price":143.52,"ft_order_side":"buy","order_filled_timestamp":1750795200000,"ft_is_entry":true,"ft_order_tag":"","cost":828.5244552},{"amount":5.77,"safe_price":144.76,"ft_order_side":"sell","order_filled_timestamp":1750800600000,"ft_is_entry":false,"ft_order_tag":"exit_signal","cost":835.6828325999999}],"funding_fees":0.0},{"pair":"SOL/USDT:USDT","stake_amount":834.1739,"max_stake_amount":834.1739,"amount":5.71,"open_date":"2025-06-25 06:30:00+00:00","close_date":"2025-06-25 12:00:00+00:00","open_rate":146.09,"close_rate":146.2,"fee_open":0.0005,"fee_close":0.0005,"trade_duration":330,"profit_ratio":-0.00034783066740378245,"profit_abs":-0.29029634,"exit_reason":"exit_signal","initial_stop_loss_abs":137.33,"initial_stop_loss_ratio":-0.06,"stop_loss_abs":137.33,"stop_loss_ratio":-0.06,"min_rate":144.94,"max_rate":147.61,"is_open":false,"enter_tag":"","leverage":1.0,"is_short":false,"open_timestamp":1750833000000,"close_timestamp":1750852800000,"orders":[{"amount":5.71,"safe_price":146.09,"ft_order_side":"buy","order_filled_timestamp":1750833000000,"ft_is_entry":true,"ft_order_tag":"","cost":834.59098695},{"amount":5.71,"safe_price":146.2,"ft_order_side":"sell","order_filled_timestamp":1750852800000,"ft_is_entry":false,"ft_order_tag":"exit_signal","cost":835.2194009999998}],"funding_fees":-0.08390838563688001},{"pair":"SOL/USDT:USDT","stake_amount":833.9072,"max_stake_amount":833.9072,"amount":5.74,"open_date":"2025-06-25 14:30:00+00:00","close_date":"2025-06-25 17:15:00+00:00","open_rate":145.28,"close_rate":143.78,"fee_open":0.0005,"fee_close":0.0005,"trade_duration":165,"profit_ratio":-0.011360892225282929,"profit_abs":-9.47866679,"exit_reason":"exit_signal","initial_stop_loss_abs":136.57,"initial_stop_loss_ratio":-0.06,"stop_loss_abs":136.57,"stop_loss_ratio":-0.06,"min_rate":142.71,"max_rate":146.49,"is_open":false,"enter_tag":"","leverage":1.0,"is_short":false,"open_timestamp":1750861800000,"close_timestamp":1750871700000,"orders":[{"amount":5.74,"safe_price":145.28,"ft_order_side":"buy","order_filled_timestamp":1750861800000,"ft_is_entry":true,"ft_order_tag":"","cost":834.3241535999999},{"amount":5.74,"safe_price":143.78,"ft_order_side":"sell","order_filled_timestamp":1750871700000,"ft_is_entry":false,"ft_order_tag":"exit_signal","cost":825.7098486000001}],"funding_fees":-0.039064591146000006},{"pair":"SOL/USDT:USDT","stake_amount":825.8601,"max_stake_amount":825.8601,"amount":5.77,"open_date":"2025-06-25 23:00:00+00:00","close_date":"2025-06-25 23:45:00+00:00","open_rate":143.13,"close_rate":143.29,"fee_open":0.0005,"fee_close":0.0005,"trade_duration":45,"profit_ratio":0.00011724732198282889,"profit_abs":0.0968783,"exit_reason":"exit_signal","initial_stop_loss_abs":134.55,"initial_stop_loss_ratio":-0.06,"stop_loss_abs":134.55,"stop_loss_ratio":-0.06,"min_rate":142.12,"max_rate":143.54,"is_open":false,"enter_tag":"","leverage":1.0,"is_short":false,"open_timestamp":1750892400000,"close_timestamp":1750895100000,"orders":[{"amount":5.77,"safe_price":143.13,"ft_order_side":"buy","order_filled_timestamp":1750892400000,"ft_is_entry":true,"ft_order_tag":"","cost":826.2730300499999},{"amount":5.77,"safe_price":143.29,"ft_order_side":"sell","order_filled_timestamp":1750895100000,"ft_is_entry":false,"ft_order_tag":"exit_signal","cost":827.1966916499999}],"funding_fees":0.0},{"pair":"SOL/USDT:USDT","stake_amount":824.6524,"max_stake_amount":824.6524,"amount":5.72,"open_date":"2025-06-26 05:45:00+00:00","close_date":"2025-06-26 06:30:00+00:00","open_rate":144.17,"close_rate":144.72,"fee_open":0.0005,"fee_close":0.0005,"trade_duration":45,"profit_ratio":0.0028116274109598457,"profit_abs":2.3197746,"exit_reason":"exit_signal","initial_stop_loss_abs":135.52,"initial_stop_loss_ratio":-0.06,"stop_loss_abs":135.52,"stop_loss_ratio":-0.06,"min_rate":143.93,"max_rate":145.07,"is_open":false,"enter_tag":"","leverage":1.0,"is_short":false,"open_timestamp":1750916700000,"close_timestamp":1750919400000,"orders":[{"amount":5.72,"safe_price":144.17,"ft_order_side":"buy","order_filled_timestamp":1750916700000,"ft_is_entry":true,"ft_order_tag":"","cost":825.0647261999999},{"amount":5.72,"safe_price":144.72,"ft_order_side":"sell","order_filled_timestamp":1750919400000,"ft_is_entry":false,"ft_order_tag":"exit_signal","cost":828.2122991999998}],"funding_fees":0.0},{"pair":"SOL/USDT:USDT","stake_amount":826.847,"max_stake_amount":826.847,"amount":5.74,"open_date":"2025-06-26 09:15:00+00:00","close_date":"2025-06-26 16:45:00+00:00","open_rate":144.05,"close_rate":142.49,"fee_open":0.0005,"fee_close":0.0005,"trade_duration":450,"profit_ratio":-0.011756917524049788,"profit_abs":-9.72603257,"exit_reason":"exit_signal","initial_stop_loss_abs":135.41,"initial_stop_loss_ratio":-0.06,"stop_loss_abs":135.41,"stop_loss_ratio":-0.06,"min_rate":141.3,"max_rate":144.39,"is_open":false,"enter_tag":"","leverage":1.0,"is_short":false,"open_timestamp":1750929300000,"close_timestamp":1750956300000,"orders":[{"amount":5.74,"safe_price":144.05,"ft_order_side":"buy","order_filled_timestamp":1750929300000,"ft_is_entry":true,"ft_order_tag":"","cost":827.2604235},{"amount":5.74,"safe_price":142.49,"ft_order_side":"sell","order_filled_timestamp":1750956300000,"ft_is_entry":false,"ft_order_tag":"exit_signal","cost":818.3015463}],"funding_fees":0.050737230913037765},{"pair":"SOL/USDT:USDT","stake_amount":817.4654,"max_stake_amount":817.4654,"amount":5.78,"open_date":"2025-06-26 18:45:00+00:00","close_date":"2025-06-26 23:45:00+00:00","open_rate":141.43,"close_rate":138.88,"fee_open":0.0005,"fee_close":0.0005,"trade_duration":300,"profit_ratio":-0.019011600047391986,"profit_abs":-15.5490959,"exit_reason":"exit_signal","initial_stop_loss_abs":132.95,"initial_stop_loss_ratio":-0.06,"stop_loss_abs":132.95,"stop_loss_ratio":-0.06,"min_rate":138.54,"max_rate":143.89,"is_open":false,"enter_tag":"","leverage":1.0,"is_short":false,"open_timestamp":1750963500000,"close_timestamp":1750981500000,"orders":[{"amount":5.78,"safe_price":141.43,"ft_order_side":"buy","order_filled_timestamp":1750963500000,"ft_is_entry":true,"ft_order_tag":"","cost":817.8741327},{"amount":5.78,"safe_price":138.88,"ft_order_side":"sell","order_filled_timestamp":1750981500000,"ft_is_entry":false,"ft_order_tag":"exit_signal","cost":803.1277632}],"funding_fees":0.0},{"pair":"SOL/USDT:USDT","stake_amount":802.198,"max_stake_amount":802.198,"amount":5.8,"open_date":"2025-06-27 00:45:00+00:00","close_date":"2025-06-27 04:00:00+00:00","open_rate":138.31,"close_rate":141.26,"fee_open":0.0005,"fee_close":0.0005,"trade_duration":195,"profit_ratio":0.020308080360802897,"profit_abs":16.299247,"exit_reason":"exit_signal","initial_stop_loss_abs":130.02,"initial_stop_loss_ratio":-0.06,"stop_loss_abs":130.02,"stop_loss_ratio":-0.06,"min_rate":137.0,"max_rate":141.51,"is_open":false,"enter_tag":"","leverage":1.0,"is_short":false,"open_timestamp":1750985100000,"close_timestamp":1750996800000,"orders":[{"amount":5.8,"safe_price":138.31,"ft_order_side":"buy","order_filled_timestamp":1750985100000,"ft_is_entry":true,"ft_order_tag":"","cost":802.5990989999999},{"amount":5.8,"safe_price":141.26,"ft_order_side":"sell","order_filled_timestamp":1750996800000,"ft_is_entry":false,"ft_order_tag":"exit_signal","cost":819.7176539999998}],"funding_fees":0.0},{"pair":"SUI/USDT:USDT","stake_amount":819.1629,"max_stake_amount":819.1629,"amount":312.3,"open_date":"2025-06-27 04:15:00+00:00","close_date":"2025-06-27 06:00:00+00:00","open_rate":2.623,"close_rate":2.6196,"fee_open":0.0005,"fee_close":0.0005,"trade_duration":105,"profit_ratio":-0.002294430367736452,"profit_abs":-1.88045199,"exit_reason":"exit_signal","initial_stop_loss_abs":2.4657,"initial_stop_loss_ratio":-0.06,"stop_loss_abs":2.4657,"stop_loss_ratio":-0.06,"min_rate":2.6172,"max_rate":2.6568,"is_open":false,"enter_tag":"","leverage":1.0,"is_short":false,"open_timestamp":1750997700000,"close_timestamp":1751004000000,"orders":[{"amount":312.3,"safe_price":2.623,"ft_order_side":"buy","order_filled_timestamp":1750997700000,"ft_is_entry":true,"ft_order_tag":"","cost":819.57248145},{"amount":312.3,"safe_price":2.6196,"ft_order_side":"sell","order_filled_timestamp":1751004000000,"ft_is_entry":false,"ft_order_tag":"exit_signal","cost":818.51013054}],"funding_fees":0.0},{"pair":"SUI/USDT:USDT","stake_amount":817.47006,"max_stake_amount":817.47006,"amount":310.2,"open_date":"2025-06-27 06:30:00+00:00","close_date":"2025-06-27 10:45:00+00:00","open_rate":2.6353,"close_rate":2.6461,"fee_open":0.0005,"fee_close":0.0005,"trade_duration":255,"profit_ratio":0.003154153177312019,"profit_abs":2.579715,"exit_reason":"exit_signal","initial_stop_loss_abs":2.4772,"initial_stop_loss_ratio":-0.06,"stop_loss_abs":2.4772,"stop_loss_ratio":-0.06,"min_rate":2.6112,"max_rate":2.6771,"is_open":false,"enter_tag":"","leverage":1.0,"is_short":false,"open_timestamp":1751005800000,"close_timestamp":1751021100000,"orders":[{"amount":310.2,"safe_price":2.6353,"ft_order_side":"buy","order_filled_timestamp":1751005800000,"ft_is_entry":true,"ft_order_tag":"","cost":817.87879503},{"amount":310.2,"safe_price":2.6461,"ft_order_side":"sell","order_filled_timestamp":1751021100000,"ft_is_entry":false,"ft_order_tag":"exit_signal","cost":821.23063011}],"funding_fees":0.04870013544662112},{"pair":"SOL/USDT:USDT","stake_amount":819.6324,"max_stake_amount":819.6324,"amount":5.79,"open_date":"2025-06-27 11:30:00+00:00","close_date":"2025-06-27 11:45:00+00:00","open_rate":141.56,"close_rate":141.96,"fee_open":0.0005,"fee_close":0.0005,"trade_duration":15,"profit_ratio":0.0018233324705265337,"profit_abs":1.4952096,"exit_reason":"exit_signal","initial_stop_loss_abs":133.07,"initial_stop_loss_ratio":-0.06,"stop_loss_abs":133.07,"stop_loss_ratio":-0.06,"min_rate":141.55,"max_rate":142.13,"is_open":false,"enter_tag":"","leverage":1.0,"is_short":false,"open_timestamp":1751023800000,"close_timestamp":1751024700000,"orders":[{"amount":5.79,"safe_price":141.56,"ft_order_side":"buy","order_filled_timestamp":1751023800000,"ft_is_entry":true,"ft_order_tag":"","cost":820.0422161999999},{"amount":5.79,"safe_price":141.96,"ft_order_side":"sell","order_filled_timestamp":1751024700000,"ft_is_entry":false,"ft_order_tag":"exit_signal","cost":822.3593742}],"funding_fees":0.0},{"pair":"SOL/USDT:USDT","stake_amount":820.1535,"max_stake_amount":820.1535,"amount":5.79,"open_date":"2025-06-27 12:45:00+00:00","close_date":"2025-06-27 20:30:00+00:00","open_rate":141.65,"close_rate":142.18,"fee_open":0.0005,"fee_close":0.0005,"trade_duration":465,"profit_ratio":0.002720790738534325,"profit_abs":2.23258178,"exit_reason":"exit_signal","initial_stop_loss_abs":133.16,"initial_stop_loss_ratio":-0.06,"stop_loss_abs":133.16,"stop_loss_ratio":-0.06,"min_rate":140.04,"max_rate":145.0,"is_open":false,"enter_tag":"","leverage":1.0,"is_short":false,"open_timestamp":1751028300000,"close_timestamp":1751056200000,"orders":[{"amount":5.79,"safe_price":141.65,"ft_order_side":"buy","order_filled_timestamp":1751028300000,"ft_is_entry":true,"ft_order_tag":"","cost":820.5635767499999},{"amount":5.79,"safe_price":142.18,"ft_order_side":"sell","order_filled_timestamp":1751056200000,"ft_is_entry":false,"ft_order_tag":"exit_signal","cost":823.6338111}],"funding_fees":-0.01443037068},{"pair":"SOL/USDT:USDT","stake_amount":823.0644,"max_stake_amount":823.0644,"amount":5.82,"open_date":"2025-06-28 00:15:00+00:00","close_date":"2025-06-28 03:45:00+00:00","open_rate":141.42,"close_rate":143.3,"fee_open":0.0005,"fee_close":0.0005,"trade_duration":210,"profit_ratio":0.012280947632533613,"profit_abs":10.1130648,"exit_reason":"exit_signal","initial_stop_loss_abs":132.94,"initial_stop_loss_ratio":-0.06,"stop_loss_abs":132.94,"stop_loss_ratio":-0.06,"min_rate":141.07,"max_rate":143.5,"is_open":false,"enter_tag":"","leverage":1.0,"is_short":false,"open_timestamp":1751069700000,"close_timestamp":1751082300000,"orders":[{"amount":5.82,"safe_price":141.42,"ft_order_side":"buy","order_filled_timestamp":1751069700000,"ft_is_entry":true,"ft_order_tag":"","cost":823.4759322},{"amount":5.82,"safe_price":143.3,"ft_order_side":"sell","order_filled_timestamp":1751082300000,"ft_is_entry":false,"ft_order_tag":"exit_signal","cost":834.423003}],"funding_fees":0.0},{"pair":"SOL/USDT:USDT","stake_amount":833.7171,"max_stake_amount":833.7171,"amount":5.71,"open_date":"2025-06-28 13:30:00+00:00","close_date":"2025-06-28 14:00:00+00:00","open_rate":146.01,"close_rate":146.06,"fee_open":0.0005,"fee_close":0.0005,"trade_duration":30,"profit_ratio":-0.0006574002225652463,"profit_abs":-0.54835985,"exit_reason":"exit_signal","initial_stop_loss_abs":137.25,"initial_stop_loss_ratio":-0.06,"stop_loss_abs":137.25,"stop_loss_ratio":-0.06,"min_rate":145.81,"max_rate":146.53,"is_open":false,"enter_tag":"","leverage":1.0,"is_short":false,"open_timestamp":1751117400000,"close_timestamp":1751119200000,"orders":[{"amount":5.71,"safe_price":146.01,"ft_order_side":"buy","order_filled_timestamp":1751117400000,"ft_is_entry":true,"ft_order_tag":"","cost":834.1339585499999},{"amount":5.71,"safe_price":146.06,"ft_order_side":"sell","order_filled_timestamp":1751119200000,"ft_is_entry":false,"ft_order_tag":"exit_signal","cost":834.4196013}],"funding_fees":0.0}],"locks":[],"best_pair":{"key":"ETH/USDT:USDT","trades":8,"profit_mean":-0.00022765805188268255,"profit_mean_pct":-0.02,"profit_sum":-0.0018212644150614604,"profit_sum_pct":-0.18,"profit_total_abs":0.3747741599999941,"profit_total":0.0003747741599999941,"profit_total_pct":0.04,"duration_avg":"2:15:00","wins":6,"draws":0,"losses":2,"winrate":0.75,"cagr":0.00297761870966462,"expectancy":0.04684677000000015,"expectancy_ratio":0.0022540182741321857,"sortino":0.007836783252714327,"sharpe":0.008988635752823241,"calmar":0.3982029743407923,"sqn":0.0072,"profit_factor":1.0090160730965294,"max_drawdown_account":0.03908892621126225,"max_drawdown_abs":40.64555145},"worst_pair":{"key":"SOL/USDT:USDT","trades":35,"profit_mean":-0.002993630957318665,"profit_mean_pct":-0.3,"profit_sum":-0.10477708350615328,"profit_sum_pct":-10.48,"profit_total_abs":-105.95372778999999,"profit_total":-0.10595372779,"profit_total_pct":-10.6,"duration_avg":"3:15:00","wins":17,"draws":0,"losses":18,"winrate":0.4857142857142857,"cagr":-0.5888009073075677,"expectancy":-3.02724936542857,"expectancy_ratio":-0.2405951463108703,"sortino":-2.4242727401333775,"sharpe":-2.5806503414381456,"calmar":-26.859454421828115,"sqn":-1.0352,"profit_factor":0.5321761043955298,"max_drawdown_account":0.1638353656860402,"max_drawdown_abs":169.37839517000003},"results_per_pair":[{"key":"ETH/USDT:USDT","trades":8,"profit_mean":-0.00022765805188268255,"profit_mean_pct":-0.02,"profit_sum":-0.0018212644150614604,"profit_sum_pct":-0.18,"profit_total_abs":0.3747741599999941,"profit_total":0.0003747741599999941,"profit_total_pct":0.04,"duration_avg":"2:15:00","wins":6,"draws":0,"losses":2,"winrate":0.75,"cagr":0.00297761870966462,"expectancy":0.04684677000000015,"expectancy_ratio":0.0022540182741321857,"sortino":0.007836783252714327,"sharpe":0.008988635752823241,"calmar":0.3982029743407923,"sqn":0.0072,"profit_factor":1.0090160730965294,"max_drawdown_account":0.03908892621126225,"max_drawdown_abs":40.64555145},{"key":"SUI/USDT:USDT","trades":4,"profit_mean":-0.014936035103286553,"profit_mean_pct":-1.49,"profit_sum":-0.05974414041314621,"profit_sum_pct":-5.97,"profit_total_abs":-52.77213002999999,"profit_total":-0.05277213002999999,"profit_total_pct":-5.28,"duration_avg":"3:34:00","wins":1,"draws":0,"losses":3,"winrate":0.25,"cagr":-0.34961379731650155,"expectancy":-13.193032507499998,"expectancy_ratio":-0.7150456773581555,"sortino":-1.5327442680412664,"sharpe":-1.4258537421496726,"calmar":-39.596894157971974,"sqn":-1.4866,"profit_factor":0.04660576352245942,"max_drawdown_account":0.05535184503000005,"max_drawdown_abs":55.35184502999999},{"key":"SOL/USDT:USDT","trades":35,"profit_mean":-0.002993630957318665,"profit_mean_pct":-0.3,"profit_sum":-0.10477708350615328,"profit_sum_pct":-10.48,"profit_total_abs":-105.95372778999999,"profit_total":-0.10595372779,"profit_total_pct":-10.6,"duration_avg":"3:15:00","wins":17,"draws":0,"losses":18,"winrate":0.4857142857142857,"cagr":-0.5888009073075677,"expectancy":-3.02724936542857,"expectancy_ratio":-0.2405951463108703,"sortino":-2.4242727401333775,"sharpe":-2.5806503414381456,"calmar":-26.859454421828115,"sqn":-1.0352,"profit_factor":0.5321761043955298,"max_drawdown_account":0.1638353656860402,"max_drawdown_abs":169.37839517000003},{"key":"TOTAL","trades":47,"profit_mean":-0.003539201879454488,"profit_mean_pct":-0.35,"profit_sum":-0.16634248833436094,"profit_sum_pct":-16.63,"profit_total_abs":-158.35108365999997,"profit_total":-0.15835108365999997,"profit_total_pct":-15.84,"duration_avg":"3:07:00","wins":24,"draws":0,"losses":23,"winrate":0.5106382978723404,"cagr":-0.7453577215131142,"expectancy":-3.3691719927659562,"expectancy_ratio":-0.23961241104726438,"sortino":-3.6369718505234907,"sharpe":-3.80999168709731,"calmar":-28.05878360938808,"sqn":-1.3238,"profit_factor":0.510357246990373,"max_drawdown_account":0.23439092910455048,"max_drawdown_abs":248.39691899000002}],"results_per_enter_tag":[{"key":"","trades":47,"profit_mean":-0.003539201879454488,"profit_mean_pct":-0.35,"profit_sum":-0.16634248833436094,"profit_sum_pct":-16.63,"profit_total_abs":-158.35108365999997,"profit_total":-0.15835108365999997,"profit_total_pct":-15.84,"duration_avg":"3:07:00","wins":24,"draws":0,"losses":23,"winrate":0.5106382978723404,"cagr":-0.7453577215131142,"expectancy":-3.3691719927659562,"expectancy_ratio":-0.23961241104726438,"sortino":-3.6369718505234907,"sharpe":-3.80999168709731,"calmar":-28.05878360938808,"sqn":-1.3238,"profit_factor":0.510357246990373,"max_drawdown_account":0.23439092910455048,"max_drawdown_abs":248.39691899000002},{"key":"TOTAL","trades":47,"profit_mean":-0.003539201879454488,"profit_mean_pct":-0.35,"profit_sum":-0.16634248833436094,"profit_sum_pct":-16.63,"profit_total_abs":-158.35108365999997,"profit_total":-0.15835108365999997,"profit_total_pct":-15.84,"duration_avg":"3:07:00","wins":24,"draws":0,"losses":23,"winrate":0.5106382978723404,"cagr":-0.7453577215131142,"expectancy":-3.3691719927659562,"expectancy_ratio":-0.23961241104726438,"sortino":-3.6369718505234907,"sharpe":-3.80999168709731,"calmar":-28.05878360938808,"sqn":-1.3238,"profit_factor":0.510357246990373,"max_drawdown_account":0.23439092910455048,"max_drawdown_abs":248.39691899000002}],"exit_reason_summary":[{"key":"exit_signal","trades":45,"profit_mean":-0.0009886706400400237,"profit_mean_pct":-0.1,"profit_sum":-0.04449017880180106,"profit_sum_pct":-4.45,"profit_total_abs":-34.428625379999986,"profit_total":-0.03442862537999999,"profit_total_pct":-3.44,"duration_avg":"2:59:00","wins":24,"draws":0,"losses":21,"winrate":0.5333333333333333,"cagr":-0.242701005476328,"expectancy":-0.7650805639999998,"expectancy_ratio":-0.08054335419020053,"sortino":-1.3130016945619871,"sharpe":-1.1607429643596188,"calmar":-11.620812734637616,"sqn":-0.412,"profit_factor":0.8274070981638559,"max_drawdown_account":0.123047212853511,"max_drawdown_abs":131.23128660999998},{"key":"stop_loss","trades":2,"profit_mean":-0.060926154766279945,"profit_mean_pct":-6.09,"profit_sum":-0.12185230953255989,"profit_sum_pct":-12.19,"profit_total_abs":-123.92245828,"profit_total":-0.12392245828,"profit_total_pct":-12.39,"duration_avg":"6:00:00","wins":0,"draws":0,"losses":2,"winrate":0.0,"cagr":-0.6499842366314172,"expectancy":-61.96122914,"expectancy_ratio":-1.0,"sortino":-34.965219106572654,"sharpe":-34.965219106572654,"calmar":-41.53255037944087,"sqn":-42.0938,"profit_factor":0.0,"max_drawdown_account":0.12392245828,"max_drawdown_abs":123.92245828},{"key":"TOTAL","trades":47,"profit_mean":-0.003539201879454488,"profit_mean_pct":-0.35,"profit_sum":-0.16634248833436094,"profit_sum_pct":-16.63,"profit_total_abs":-158.35108365999997,"profit_total":-0.15835108365999997,"profit_total_pct":-15.84,"duration_avg":"3:07:00","wins":24,"draws":0,"losses":23,"winrate":0.5106382978723404,"cagr":-0.7453577215131142,"expectancy":-3.3691719927659562,"expectancy_ratio":-0.23961241104726438,"sortino":-3.6369718505234907,"sharpe":-3.80999168709731,"calmar":-28.05878360938808,"sqn":-1.3238,"profit_factor":0.510357246990373,"max_drawdown_account":0.23439092910455048,"max_drawdown_abs":248.39691899000002}],"mix_tag_stats":[{"key":["","exit_signal"],"trades":45,"profit_mean":-0.0009886706400400237,"profit_mean_pct":-0.1,"profit_sum":-0.04449017880180106,"profit_sum_pct":-4.45,"profit_total_abs":-34.428625379999986,"profit_total":-0.03442862537999999,"profit_total_pct":-3.44,"duration_avg":"2:59:00","wins":24,"draws":0,"losses":21,"winrate":0.5333333333333333,"cagr":-0.242701005476328,"expectancy":-0.7650805639999998,"expectancy_ratio":-0.08054335419020053,"sortino":-1.3130016945619871,"sharpe":-1.1607429643596188,"calmar":-11.620812734637616,"sqn":-0.412,"profit_factor":0.8274070981638559,"max_drawdown_account":0.123047212853511,"max_drawdown_abs":131.23128660999998},{"key":["","stop_loss"],"trades":2,"profit_mean":-0.060926154766279945,"profit_mean_pct":-6.09,"profit_sum":-0.12185230953255989,"profit_sum_pct":-12.19,"profit_total_abs":-123.92245828,"profit_total":-0.12392245828,"profit_total_pct":-12.39,"duration_avg":"6:00:00","wins":0,"draws":0,"losses":2,"winrate":0.0,"cagr":-0.6499842366314172,"expectancy":-61.96122914,"expectancy_ratio":-1.0,"sortino":-34.965219106572654,"sharpe":-34.965219106572654,"calmar":-41.53255037944087,"sqn":-42.0938,"profit_factor":0.0,"max_drawdown_account":0.12392245828,"max_drawdown_abs":123.92245828},{"key":"TOTAL","trades":47,"profit_mean":-0.003539201879454488,"profit_mean_pct":-0.35,"profit_sum":-0.16634248833436094,"profit_sum_pct":-16.63,"profit_total_abs":-158.35108365999997,"profit_total":-0.15835108365999997,"profit_total_pct":-15.84,"duration_avg":"3:07:00","wins":24,"draws":0,"losses":23,"winrate":0.5106382978723404,"cagr":-0.7453577215131142,"expectancy":-3.3691719927659562,"expectancy_ratio":-0.23961241104726438,"sortino":-3.6369718505234907,"sharpe":-3.80999168709731,"calmar":-28.05878360938808,"sqn":-1.3238,"profit_factor":0.510357246990373,"max_drawdown_account":0.23439092910455048,"max_drawdown_abs":248.39691899000002}],"left_open_trades":[{"key":"TOTAL","trades":0,"profit_mean":0.0,"profit_mean_pct":0.0,"profit_sum":0.0,"profit_sum_pct":0.0,"profit_total_abs":0.0,"profit_total":0.0,"profit_total_pct":0.0,"duration_avg":"0:00","wins":0,"draws":0,"losses":0,"winrate":0.0,"cagr":0.0,"expectancy":0.0,"expectancy_ratio":100.0,"sortino":0,"sharpe":0,"calmar":0,"sqn":0.0,"profit_factor":0.0,"max_drawdown_account":0.0,"max_drawdown_abs":0.0}],"total_trades":47,"trade_count_long":47,"trade_count_short":0,"total_volume":87209.76152921999,"avg_stake_amount":928.5196344680852,"profit_mean":-0.003539201879454488,"profit_median":2.450237241491236e-05,"profit_total":-0.15835108365999997,"profit_total_long":-0.15835108365999997,"profit_total_short":0.0,"profit_total_abs":-158.35108365999997,"profit_total_long_abs":-158.35108365999997,"profit_total_short_abs":0.0,"cagr":-0.7453577215131144,"expectancy":-3.3691719927659562,"expectancy_ratio":-0.23961241104726438,"sortino":-3.6369718505234907,"sharpe":-3.80999168709731,"calmar":-28.05878360938808,"sqn":-1.3238,"profit_factor":0.510357246990373,"backtest_start":"2025-05-16 00:00:00","backtest_start_ts":1747353600000,"backtest_end":"2025-07-01 12:45:00","backtest_end_ts":1751373900000,"backtest_days":46,"backtest_run_start_ts":1751375156,"backtest_run_end_ts":1751375156,"trades_per_day":1.02,"market_change":-0.1620128748369255,"pairlist":["SOL/USDT:USDT","ETH/USDT:USDT","SUI/USDT:USDT"],"stake_amount":"unlimited","stake_currency":"USDT","stake_currency_decimals":3,"starting_balance":1000,"dry_run_wallet":1000,"final_balance":841.6489163399999,"rejected_signals":64,"timedout_entry_orders":0,"timedout_exit_orders":0,"canceled_trade_entries":0,"canceled_entry_orders":0,"replaced_entry_orders":0,"max_open_trades":1,"max_open_trades_setting":1,"timeframe":"15m","timeframe_detail":"","timerange":"","enable_protections":false,"strategy_name":"SimpleGridDowntrend","stoploss":-0.06,"trailing_stop":false,"trailing_stop_positive":null,"trailing_stop_positive_offset":0.0,"trailing_only_offset_is_reached":false,"use_custom_stoploss":false,"minimal_roi":{},"use_exit_signal":true,"exit_profit_only":false,"exit_profit_offset":0.0,"ignore_roi_if_entry_signal":false,"trading_mode":"futures","margin_mode":"isolated","periodic_breakdown":{"day":[{"date":"19/05/2025","date_ts":1747612800000,"profit_abs":25.92190494,"wins":1,"draws":0,"losses":0,"trades":1,"profit_factor":0.0},{"date":"20/05/2025","date_ts":1747699200000,"profit_abs":0.0,"wins":0,"draws":0,"losses":0,"trades":0,"profit_factor":0.0},{"date":"21/05/2025","date_ts":1747785600000,"profit_abs":0.0,"wins":0,"draws":0,"losses":0,"trades":0,"profit_factor":0.0},{"date":"22/05/2025","date_ts":1747872000000,"profit_abs":0.0,"wins":0,"draws":0,"losses":0,"trades":0,"profit_factor":0.0},{"date":"23/05/2025","date_ts":1747958400000,"profit_abs":0.0,"wins":0,"draws":0,"losses":0,"trades":0,"profit_factor":0.0},{"date":"24/05/2025","date_ts":1748044800000,"profit_abs":0.0,"wins":0,"draws":0,"losses":0,"trades":0,"profit_factor":0.0},{"date":"25/05/2025","date_ts":1748131200000,"profit_abs":0.0,"wins":0,"draws":0,"losses":0,"trades":0,"profit_factor":0.0},{"date":"26/05/2025","date_ts":1748217600000,"profit_abs":0.0,"wins":0,"draws":0,"losses":0,"trades":0,"profit_factor":0.0},{"date":"27/05/2025","date_ts":1748304000000,"profit_abs":0.0,"wins":0,"draws":0,"losses":0,"trades":0,"profit_factor":0.0},{"date":"28/05/2025","date_ts":1748390400000,"profit_abs":0.0,"wins":0,"draws":0,"losses":0,"trades":0,"profit_factor":0.0},{"date":"29/05/2025","date_ts":1748476800000,"profit_abs":0.0,"wins":0,"draws":0,"losses":0,"trades":0,"profit_factor":0.0},{"date":"30/05/2025","date_ts":1748563200000,"profit_abs":0.0,"wins":0,"draws":0,"losses":0,"trades":0,"profit_factor":0.0},{"date":"31/05/2025","date_ts":1748649600000,"profit_abs":0.0,"wins":0,"draws":0,"losses":0,"trades":0,"profit_factor":0.0},{"date":"01/06/2025","date_ts":1748736000000,"profit_abs":0.0,"wins":0,"draws":0,"losses":0,"trades":0,"profit_factor":0.0},{"date":"02/06/2025","date_ts":1748822400000,"profit_abs":0.0,"wins":0,"draws":0,"losses":0,"trades":0,"profit_factor":0.0},{"date":"03/06/2025","date_ts":1748908800000,"profit_abs":0.0,"wins":0,"draws":0,"losses":0,"trades":0,"profit_factor":0.0},{"date":"04/06/2025","date_ts":1748995200000,"profit_abs":0.0,"wins":0,"draws":0,"losses":0,"trades":0,"profit_factor":0.0},{"date":"05/06/2025","date_ts":1749081600000,"profit_abs":-15.2347921,"wins":0,"draws":0,"losses":1,"trades":1,"profit_factor":0.0},{"date":"06/06/2025","date_ts":1749168000000,"profit_abs":0.0,"wins":0,"draws":0,"losses":0,"trades":0,"profit_factor":0.0},{"date":"07/06/2025","date_ts":1749254400000,"profit_abs":0.0,"wins":0,"draws":0,"losses":0,"trades":0,"profit_factor":0.0},{"date":"08/06/2025","date_ts":1749340800000,"profit_abs":0.0,"wins":0,"draws":0,"losses":0,"trades":0,"profit_factor":0.0},{"date":"09/06/2025","date_ts":1749427200000,"profit_abs":0.0,"wins":0,"draws":0,"losses":0,"trades":0,"profit_factor":0.0},{"date":"10/06/2025","date_ts":1749513600000,"profit_abs":0.0,"wins":0,"draws":0,"losses":0,"trades":0,"profit_factor":0.0},{"date":"11/06/2025","date_ts":1749600000000,"profit_abs":0.0,"wins":0,"draws":0,"losses":0,"trades":0,"profit_factor":0.0},{"date":"12/06/2025","date_ts":1749686400000,"profit_abs":0.0,"wins":0,"draws":0,"losses":0,"trades":0,"profit_factor":0.0},{"date":"13/06/2025","date_ts":1749772800000,"profit_abs":8.50711704,"wins":2,"draws":0,"losses":0,"trades":2,"profit_factor":0.0},{"date":"14/06/2025","date_ts":1749859200000,"profit_abs":9.45642438,"wins":2,"draws":0,"losses":1,"trades":3,"profit_factor":3.14736202},{"date":"15/06/2025","date_ts":1749945600000,"profit_abs":11.03307151,"wins":1,"draws":0,"losses":1,"trades":2,"profit_factor":2.37071574},{"date":"16/06/2025","date_ts":1750032000000,"profit_abs":0.0,"wins":0,"draws":0,"losses":0,"trades":0,"profit_factor":0.0},{"date":"17/06/2025","date_ts":1750118400000,"profit_abs":2.21229,"wins":1,"draws":0,"losses":0,"trades":1,"profit_factor":0.0},{"date":"18/06/2025","date_ts":1750204800000,"profit_abs":16.49868837,"wins":1,"draws":0,"losses":2,"trades":3,"profit_factor":5.41082617},{"date":"19/06/2025","date_ts":1750291200000,"profit_abs":-20.15709047,"wins":1,"draws":0,"losses":2,"trades":3,"profit_factor":0.06321101},{"date":"20/06/2025","date_ts":1750377600000,"profit_abs":-44.46351561,"wins":2,"draws":0,"losses":2,"trades":4,"profit_factor":0.32062135},{"date":"21/06/2025","date_ts":1750464000000,"profit_abs":-91.8304529,"wins":3,"draws":0,"losses":2,"trades":5,"profit_factor":0.09199945},{"date":"22/06/2025","date_ts":1750550400000,"profit_abs":-36.66124343,"wins":1,"draws":0,"losses":1,"trades":2,"profit_factor":0.00309599},{"date":"23/06/2025","date_ts":1750636800000,"profit_abs":-14.69070285,"wins":1,"draws":0,"losses":1,"trades":2,"profit_factor":0.12012195},{"date":"24/06/2025","date_ts":1750723200000,"profit_abs":-6.60635018,"wins":1,"draws":0,"losses":4,"trades":5,"profit_factor":0.4890468},{"date":"25/06/2025","date_ts":1750809600000,"profit_abs":-9.67208483,"wins":1,"draws":0,"losses":2,"trades":3,"profit_factor":0.00991695},{"date":"26/06/2025","date_ts":1750896000000,"profit_abs":-22.95535387,"wins":1,"draws":0,"losses":2,"trades":3,"profit_factor":0.09178092},{"date":"27/06/2025","date_ts":1750982400000,"profit_abs":20.72630139,"wins":4,"draws":0,"losses":1,"trades":5,"profit_factor":12.02197849},{"date":"28/06/2025","date_ts":1751068800000,"profit_abs":9.56470495,"wins":1,"draws":0,"losses":1,"trades":2,"profit_factor":18.44238742}],"week":[{"date":"19/05/2025","date_ts":1747612800000,"profit_abs":25.92190494,"wins":1,"draws":0,"losses":0,"trades":1,"profit_factor":0.0},{"date":"26/05/2025","date_ts":1748217600000,"profit_abs":0.0,"wins":0,"draws":0,"losses":0,"trades":0,"profit_factor":0.0},{"date":"02/06/2025","date_ts":1748822400000,"profit_abs":0.0,"wins":0,"draws":0,"losses":0,"trades":0,"profit_factor":0.0},{"date":"09/06/2025","date_ts":1749427200000,"profit_abs":-15.2347921,"wins":0,"draws":0,"losses":1,"trades":1,"profit_factor":0.0},{"date":"16/06/2025","date_ts":1750032000000,"profit_abs":28.99661293,"wins":5,"draws":0,"losses":2,"trades":7,"profit_factor":3.3285081},{"date":"23/06/2025","date_ts":1750636800000,"profit_abs":-189.09202689,"wins":10,"draws":0,"losses":10,"trades":20,"profit_factor":0.22917501},{"date":"30/06/2025","date_ts":1751241600000,"profit_abs":-8.94278254,"wins":8,"draws":0,"losses":10,"trades":18,"profit_factor":0.82257217}],"month":[{"date":"31/05/2025","date_ts":1748649600000,"profit_abs":25.92190494,"wins":1,"draws":0,"losses":0,"trades":1,"profit_factor":0.0},{"date":"30/06/2025","date_ts":1751241600000,"profit_abs":-184.2729886,"wins":23,"draws":0,"losses":23,"trades":46,"profit_factor":0.43020325}],"year":[{"date":"31/12/2025","date_ts":1767139200000,"profit_abs":-158.35108366,"wins":24,"draws":0,"losses":23,"trades":47,"profit_factor":0.51035725}]},"backtest_best_day":0.026201544156424172,"backtest_worst_day":-0.0950338768024857,"backtest_best_day_abs":25.92190494,"backtest_worst_day_abs":-91.8304529,"winning_days":8,"draw_days":24,"losing_days":9,"daily_profit":[["2025-05-19",25.92190494],["2025-05-20",0.0],["2025-05-21",0.0],["2025-05-22",0.0],["2025-05-23",0.0],["2025-05-24",0.0],["2025-05-25",0.0],["2025-05-26",0.0],["2025-05-27",0.0],["2025-05-28",0.0],["2025-05-29",0.0],["2025-05-30",0.0],["2025-05-31",0.0],["2025-06-01",0.0],["2025-06-02",0.0],["2025-06-03",0.0],["2025-06-04",0.0],["2025-06-05",-15.2347921],["2025-06-06",0.0],["2025-06-07",0.0],["2025-06-08",0.0],["2025-06-09",0.0],["2025-06-10",0.0],["2025-06-11",0.0],["2025-06-12",0.0],["2025-06-13",8.50711704],["2025-06-14",9.45642438],["2025-06-15",11.03307151],["2025-06-16",0.0],["2025-06-17",2.21229],["2025-06-18",16.49868837],["2025-06-19",-20.15709047],["2025-06-20",-44.46351561],["2025-06-21",-91.8304529],["2025-06-22",-36.66124343],["2025-06-23",-14.69070285],["2025-06-24",-6.60635018],["2025-06-25",-9.67208483],["2025-06-26",-22.95535387],["2025-06-27",20.72630139],["2025-06-28",9.56470495]],"wins":24,"losses":23,"draws":0,"winrate":0.5106382978723404,"holding_avg":"3:07:00","holding_avg_s":11220.0,"winner_holding_min":"0d 00:15","winner_holding_min_s":900.0,"winner_holding_max":"0d 07:45","winner_holding_max_s":27900.0,"winner_holding_avg":"0d 02:45","winner_holding_avg_s":9900.0,"loser_holding_min":"0d 00:15","loser_holding_min_s":900.0,"loser_holding_max":"0d 08:45","loser_holding_max_s":31500.0,"loser_holding_avg":"0d 03:29","loser_holding_avg_s":12540.0,"max_consecutive_wins":4,"max_consecutive_losses":5,"max_drawdown_account":0.23439092910455048,"max_relative_drawdown":0.23439092910455048,"max_drawdown_abs":248.39691899000002,"drawdown_start":"2025-06-19 03:45:00","drawdown_start_ts":1750304700000.0,"drawdown_end":"2025-06-26 23:45:00","drawdown_end_ts":1750981500000.0,"max_drawdown_low":-188.64209000000002,"max_drawdown_high":59.75482899,"csum_min":811.35791,"csum_max":1059.75482899}},"strategy_comparison":[{"key":"SimpleGridDowntrend","trades":47,"profit_mean":-0.003539201879454488,"profit_mean_pct":-0.35,"profit_sum":-0.16634248833436094,"profit_sum_pct":-16.63,"profit_total_abs":-158.35108365999997,"profit_total":-0.15835108365999997,"profit_total_pct":-15.84,"duration_avg":"3:07:00","wins":24,"draws":0,"losses":23,"winrate":0.5106382978723404,"cagr":-0.7453577215131142,"expectancy":-3.3691719927659562,"expectancy_ratio":-0.23961241104726438,"sortino":-3.6369718505234907,"sharpe":-3.80999168709731,"calmar":-28.05878360938808,"sqn":-1.3238,"profit_factor":0.510357246990373,"max_drawdown_account":0.23439092910455048,"max_drawdown_abs":"248.397"}]}