{"strategy":{"SimpleGridDCA":{"trades":[{"pair":"ETH/USDT:USDT","stake_amount":989.6007,"max_stake_amount":989.6007,"amount":0.415,"open_date":"2025-05-19 03:00:00+00:00","close_date":"2025-05-19 07:45:00+00:00","open_rate":2384.58,"close_rate":2407.51,"fee_open":0.0005,"fee_close":0.0005,"trade_duration":285,"profit_ratio":0.008606837751497311,"profit_abs":8.52159133,"exit_reason":"exit_signal","initial_stop_loss_abs":2146.13,"initial_stop_loss_ratio":-0.1,"stop_loss_abs":2146.13,"stop_loss_ratio":-0.1,"min_rate":2346.99,"max_rate":2412.27,"is_open":false,"enter_tag":"grid_level_-1","leverage":1.0,"is_short":false,"open_timestamp":1747623600000,"close_timestamp":1747640700000,"orders":[{"amount":0.415,"safe_price":2384.58,"ft_order_side":"buy","order_filled_timestamp":1747623600000,"ft_is_entry":true,"ft_order_tag":"grid_level_-1","cost":990.09550035},{"amount":0.415,"safe_price":2407.51,"ft_order_side":"sell","order_filled_timestamp":1747640700000,"ft_is_entry":false,"ft_order_tag":"exit_signal","cost":999.616208325}],"funding_fees":0.0},{"pair":"SOL/USDT:USDT","stake_amount":997.864,"max_stake_amount":997.864,"amount":6.92,"open_date":"2025-06-20 14:45:00+00:00","close_date":"2025-06-21 15:00:00+00:00","open_rate":144.2,"close_rate":140.32,"fee_open":0.0005,"fee_close":0.0005,"trade_duration":1455,"profit_ratio":-0.0277701213970953,"profit_abs":-27.72465982,"exit_reason":"min_profit_threshold_exit","initial_stop_loss_abs":129.78,"initial_stop_loss_ratio":-0.1,"stop_loss_abs":129.78,"stop_loss_ratio":-0.1,"min_rate":135.57,"max_rate":145.37,"is_open":false,"enter_tag":"grid_level_-1","leverage":1.0,"is_short":false,"open_timestamp":1750430700000,"close_timestamp":1750518000000,"orders":[{"amount":6.92,"safe_price":144.2,"ft_order_side":"buy","order_filled_timestamp":1750430700000,"ft_is_entry":true,"ft_order_tag":"grid_level_-1","cost":998.3629319999999},{"amount":6.92,"safe_price":140.32,"ft_order_side":"sell","order_filled_timestamp":1750518000000,"ft_is_entry":false,"ft_order_tag":"min_profit_threshold_exit","cost":971.4999071999998}],"funding_fees":0.10937937663600002},{"pair":"SOL/USDT:USDT","stake_amount":970.7,"max_stake_amount":970.7,"amount":6.8,"open_date":"2025-06-24 02:00:00+00:00","close_date":"2025-06-24 06:00:00+00:00","open_rate":142.75,"close_rate":145.39,"fee_open":0.0005,"fee_close":0.0005,"trade_duration":240,"profit_ratio":0.017475885524838284,"profit_abs":16.972324,"exit_reason":"partial_profit_1","initial_stop_loss_abs":128.48,"initial_stop_loss_ratio":-0.1,"stop_loss_abs":128.48,"stop_loss_ratio":-0.1,"min_rate":142.21,"max_rate":145.78,"is_open":false,"enter_tag":"grid_level_-1","leverage":1.0,"is_short":false,"open_timestamp":1750730400000,"close_timestamp":1750744800000,"orders":[{"amount":6.8,"safe_price":142.75,"ft_order_side":"buy","order_filled_timestamp":1750730400000,"ft_is_entry":true,"ft_order_tag":"grid_level_-1","cost":971.1853499999999},{"amount":6.8,"safe_price":145.39,"ft_order_side":"sell","order_filled_timestamp":1750744800000,"ft_is_entry":false,"ft_order_tag":"partial_profit_1","cost":989.1463259999999}],"funding_fees":0.0},{"pair":"SOL/USDT:USDT","stake_amount":986.513,"max_stake_amount":986.513,"amount":6.82,"open_date":"2025-06-24 07:30:00+00:00","close_date":"2025-06-25 07:30:00+00:00","open_rate":144.65,"close_rate":147.3,"fee_open":0.0005,"fee_close":0.0005,"trade_duration":1440,"profit_ratio":0.017315506712798634,"profit_abs":17.09051346,"exit_reason":"partial_profit_1","initial_stop_loss_abs":130.19,"initial_stop_loss_ratio":-0.1,"stop_loss_abs":130.19,"stop_loss_ratio":-0.1,"min_rate":142.71,"max_rate":147.61,"is_open":false,"enter_tag":"grid_level_-1","leverage":1.0,"is_short":false,"open_timestamp":1750750200000,"close_timestamp":1750836600000,"orders":[{"amount":6.82,"safe_price":144.65,"ft_order_side":"buy","order_filled_timestamp":1750750200000,"ft_is_entry":true,"ft_order_tag":"grid_level_-1","cost":987.0062565},{"amount":6.82,"safe_price":147.3,"ft_order_side":"sell","order_filled_timestamp":1750836600000,"ft_is_entry":false,"ft_order_tag":"partial_profit_1","cost":1005.088293}],"funding_fees":0.01306296103636302},{"pair":"SOL/USDT:USDT","stake_amount":1004.7012,"max_stake_amount":1004.7012,"amount":6.98,"open_date":"2025-06-25 15:15:00+00:00","close_date":"2025-06-26 02:15:00+00:00","open_rate":143.94,"close_rate":145.84,"fee_open":0.0005,"fee_close":0.0005,"trade_duration":660,"profit_ratio":0.012105986805096747,"profit_abs":12.16898092,"exit_reason":"market_timing_exit","initial_stop_loss_abs":129.55,"initial_stop_loss_ratio":-0.1,"stop_loss_abs":129.55,"stop_loss_ratio":-0.1,"min_rate":142.12,"max_rate":146.25,"is_open":false,"enter_tag":"grid_level_-1","leverage":1.0,"is_short":false,"open_timestamp":1750864500000,"close_timestamp":1750904100000,"orders":[{"amount":6.98,"safe_price":143.94,"ft_order_side":"buy","order_filled_timestamp":1750864500000,"ft_is_entry":true,"ft_order_tag":"grid_level_-1","cost":1005.2035506000001},{"amount":6.98,"safe_price":145.84,"ft_order_side":"sell","order_filled_timestamp":1750904100000,"ft_is_entry":false,"ft_order_tag":"market_timing_exit","cost":1018.4721816000001}],"funding_fees":-0.08168688136800001},{"pair":"ETH/USDT:USDT","stake_amount":1015.42212,"max_stake_amount":1015.42212,"amount":0.426,"open_date":"2025-06-27 01:00:00+00:00","close_date":"2025-06-27 01:45:00+00:00","open_rate":2383.62,"close_rate":2426.35,"fee_open":0.0005,"fee_close":0.0005,"trade_duration":45,"profit_ratio":0.016909097326216278,"profit_abs":17.17845639,"exit_reason":"partial_profit_1","initial_stop_loss_abs":2145.26,"initial_stop_loss_ratio":-0.1,"stop_loss_abs":2145.26,"stop_loss_ratio":-0.1,"min_rate":2377.0,"max_rate":2431.39,"is_open":false,"enter_tag":"grid_level_-1","leverage":1.0,"is_short":false,"open_timestamp":1750986000000,"close_timestamp":1750988700000,"orders":[{"amount":0.426,"safe_price":2383.62,"ft_order_side":"buy","order_filled_timestamp":1750986000000,"ft_is_entry":true,"ft_order_tag":"grid_level_-1","cost":1015.9298310599999},{"amount":0.426,"safe_price":2426.35,"ft_order_side":"sell","order_filled_timestamp":1750988700000,"ft_is_entry":false,"ft_order_tag":"partial_profit_1","cost":1034.14191255}],"funding_fees":0.0}],"locks":[],"best_pair":{"key":"ETH/USDT:USDT","trades":2,"profit_mean":0.012757967538856795,"profit_mean_pct":1.28,"profit_sum":0.02551593507771359,"profit_sum_pct":2.55,"profit_total_abs":25.70004772,"profit_total":0.02570004772,"profit_total_pct":2.57,"duration_avg":"2:45:00","wins":2,"draws":0,"losses":0,"winrate":1.0,"cagr":0.2230502074097256,"expectancy":12.85002386,"expectancy_ratio":100.0,"sortino":-100,"sharpe":2.4659932187621147,"calmar":-100,"sqn":2.9687,"profit_factor":0.0,"max_drawdown_account":0.0,"max_drawdown_abs":0.0},"worst_pair":{"key":"SUI/USDT:USDT","trades":0,"profit_mean":0.0,"profit_mean_pct":0.0,"profit_sum":0.0,"profit_sum_pct":0.0,"profit_total_abs":0.0,"profit_total":0.0,"profit_total_pct":0.0,"duration_avg":"0:00","wins":0,"draws":0,"losses":0,"winrate":0.0,"cagr":0.0,"expectancy":0.0,"expectancy_ratio":100.0,"sortino":0,"sharpe":0,"calmar":0,"sqn":0.0,"profit_factor":0.0,"max_drawdown_account":0.0,"max_drawdown_abs":0.0},"results_per_pair":[{"key":"ETH/USDT:USDT","trades":2,"profit_mean":0.012757967538856795,"profit_mean_pct":1.28,"profit_sum":0.02551593507771359,"profit_sum_pct":2.55,"profit_total_abs":25.70004772,"profit_total":0.02570004772,"profit_total_pct":2.57,"duration_avg":"2:45:00","wins":2,"draws":0,"losses":0,"winrate":1.0,"cagr":0.2230502074097256,"expectancy":12.85002386,"expectancy_ratio":100.0,"sortino":-100,"sharpe":2.4659932187621147,"calmar":-100,"sqn":2.9687,"profit_factor":0.0,"max_drawdown_account":0.0,"max_drawdown_abs":0.0},{"key":"SOL/USDT:USDT","trades":4,"profit_mean":0.004781814411409591,"profit_mean_pct":0.48,"profit_sum":0.019127257645638364,"profit_sum_pct":1.91,"profit_total_abs":18.50715856,"profit_total":0.01850715856,"profit_total_pct":1.85,"duration_avg":"15:49:00","wins":3,"draws":0,"losses":1,"winrate":0.75,"cagr":0.1566269019491906,"expectancy":4.626789639999998,"expectancy_ratio":0.16688354952013973,"sortino":-100,"sharpe":0.409218445285729,"calmar":27.724397711780544,"sqn":0.4266,"profit_factor":1.667534198080559,"max_drawdown_account":0.02772465981999994,"max_drawdown_abs":27.72465982},{"key":"SUI/USDT:USDT","trades":0,"profit_mean":0.0,"profit_mean_pct":0.0,"profit_sum":0.0,"profit_sum_pct":0.0,"profit_total_abs":0.0,"profit_total":0.0,"profit_total_pct":0.0,"duration_avg":"0:00","wins":0,"draws":0,"losses":0,"winrate":0.0,"cagr":0.0,"expectancy":0.0,"expectancy_ratio":100.0,"sortino":0,"sharpe":0,"calmar":0,"sqn":0.0,"profit_factor":0.0,"max_drawdown_account":0.0,"max_drawdown_abs":0.0},{"key":"TOTAL","trades":6,"profit_mean":0.00744053212055866,"profit_mean_pct":0.74,"profit_sum":0.04464319272335196,"profit_sum_pct":4.46,"profit_total_abs":44.20720628,"profit_total":0.04420720628,"profit_total_pct":4.42,"duration_avg":"11:28:00","wins":5,"draws":0,"losses":1,"winrate":0.8333333333333334,"cagr":0.40951035132433633,"expectancy":7.367867713333335,"expectancy_ratio":0.2657514198972537,"sortino":-100,"sharpe":1.1464456243432282,"calmar":66.78833932209848,"sqn":1.0287,"profit_factor":2.5945085193835213,"max_drawdown_account":0.02749039788373565,"max_drawdown_abs":27.72465982}],"results_per_enter_tag":[{"key":"grid_level_-1","trades":6,"profit_mean":0.00744053212055866,"profit_mean_pct":0.74,"profit_sum":0.04464319272335196,"profit_sum_pct":4.46,"profit_total_abs":44.20720628,"profit_total":0.04420720628,"profit_total_pct":4.42,"duration_avg":"11:28:00","wins":5,"draws":0,"losses":1,"winrate":0.8333333333333334,"cagr":0.40951035132433633,"expectancy":7.367867713333335,"expectancy_ratio":0.2657514198972537,"sortino":-100,"sharpe":1.1464456243432282,"calmar":66.78833932209848,"sqn":1.0287,"profit_factor":2.5945085193835213,"max_drawdown_account":0.02749039788373565,"max_drawdown_abs":27.72465982},{"key":"TOTAL","trades":6,"profit_mean":0.00744053212055866,"profit_mean_pct":0.74,"profit_sum":0.04464319272335196,"profit_sum_pct":4.46,"profit_total_abs":44.20720628,"profit_total":0.04420720628,"profit_total_pct":4.42,"duration_avg":"11:28:00","wins":5,"draws":0,"losses":1,"winrate":0.8333333333333334,"cagr":0.40951035132433633,"expectancy":7.367867713333335,"expectancy_ratio":0.2657514198972537,"sortino":-100,"sharpe":1.1464456243432282,"calmar":66.78833932209848,"sqn":1.0287,"profit_factor":2.5945085193835213,"max_drawdown_account":0.02749039788373565,"max_drawdown_abs":27.72465982}],"exit_reason_summary":[{"key":"partial_profit_1","trades":3,"profit_mean":0.017233496521284395,"profit_mean_pct":1.72,"profit_sum":0.05170048956385319,"profit_sum_pct":5.17,"profit_total_abs":51.24129385,"profit_total":0.05124129385,"profit_total_pct":5.12,"duration_avg":"9:35:00","wins":3,"draws":0,"losses":0,"winrate":1.0,"cagr":0.48663352390696724,"expectancy":17.080431283333333,"expectancy_ratio":100.0,"sortino":-100,"sharpe":251.9910953068946,"calmar":-100,"sqn":286.016,"profit_factor":0.0,"max_drawdown_account":0.0,"max_drawdown_abs":0.0},{"key":"market_timing_exit","trades":1,"profit_mean":0.012105986805096747,"profit_mean_pct":1.21,"profit_sum":0.012105986805096747,"profit_sum_pct":1.21,"profit_total_abs":12.16898092,"profit_total":0.01216898092,"profit_total_pct":1.22,"duration_avg":"11:00:00","wins":1,"draws":0,"losses":0,"winrate":1.0,"cagr":0.10073202283322136,"expectancy":12.16898092,"expectancy_ratio":100.0,"sortino":-100,"sharpe":-100,"calmar":-100,"sqn":-100.0,"profit_factor":0.0,"max_drawdown_account":0.0,"max_drawdown_abs":0.0},{"key":"exit_signal","trades":1,"profit_mean":0.008606837751497311,"profit_mean_pct":0.86,"profit_sum":0.008606837751497311,"profit_sum_pct":0.86,"profit_total_abs":8.52159133,"profit_total":0.00852159133,"profit_total_pct":0.85,"duration_avg":"4:45:00","wins":1,"draws":0,"losses":0,"winrate":1.0,"cagr":0.06964893756705148,"expectancy":8.52159133,"expectancy_ratio":100.0,"sortino":-100,"sharpe":-100,"calmar":-100,"sqn":-100.0,"profit_factor":0.0,"max_drawdown_account":0.0,"max_drawdown_abs":0.0},{"key":"min_profit_threshold_exit","trades":1,"profit_mean":-0.0277701213970953,"profit_mean_pct":-2.78,"profit_sum":-0.0277701213970953,"profit_sum_pct":-2.78,"profit_total_abs":-27.72465982,"profit_total":-0.02772465982,"profit_total_pct":-2.77,"duration_avg":"1 day, 0:15:00","wins":0,"draws":0,"losses":1,"winrate":0.0,"cagr":-0.19996217785615844,"expectancy":-27.72465982,"expectancy_ratio":-1.0,"sortino":-100,"sharpe":-100,"calmar":-41.53255037944095,"sqn":-100.0,"profit_factor":0.0,"max_drawdown_account":0.02772465981999994,"max_drawdown_abs":27.72465982},{"key":"TOTAL","trades":6,"profit_mean":0.00744053212055866,"profit_mean_pct":0.74,"profit_sum":0.04464319272335196,"profit_sum_pct":4.46,"profit_total_abs":44.20720628,"profit_total":0.04420720628,"profit_total_pct":4.42,"duration_avg":"11:28:00","wins":5,"draws":0,"losses":1,"winrate":0.8333333333333334,"cagr":0.40951035132433633,"expectancy":7.367867713333335,"expectancy_ratio":0.2657514198972537,"sortino":-100,"sharpe":1.1464456243432282,"calmar":66.78833932209848,"sqn":1.0287,"profit_factor":2.5945085193835213,"max_drawdown_account":0.02749039788373565,"max_drawdown_abs":27.72465982}],"mix_tag_stats":[{"key":["grid_level_-1","partial_profit_1"],"trades":3,"profit_mean":0.017233496521284395,"profit_mean_pct":1.72,"profit_sum":0.05170048956385319,"profit_sum_pct":5.17,"profit_total_abs":51.24129385,"profit_total":0.05124129385,"profit_total_pct":5.12,"duration_avg":"9:35:00","wins":3,"draws":0,"losses":0,"winrate":1.0,"cagr":0.48663352390696724,"expectancy":17.080431283333333,"expectancy_ratio":100.0,"sortino":-100,"sharpe":251.9910953068946,"calmar":-100,"sqn":286.016,"profit_factor":0.0,"max_drawdown_account":0.0,"max_drawdown_abs":0.0},{"key":["grid_level_-1","market_timing_exit"],"trades":1,"profit_mean":0.012105986805096747,"profit_mean_pct":1.21,"profit_sum":0.012105986805096747,"profit_sum_pct":1.21,"profit_total_abs":12.16898092,"profit_total":0.01216898092,"profit_total_pct":1.22,"duration_avg":"11:00:00","wins":1,"draws":0,"losses":0,"winrate":1.0,"cagr":0.10073202283322136,"expectancy":12.16898092,"expectancy_ratio":100.0,"sortino":-100,"sharpe":-100,"calmar":-100,"sqn":-100.0,"profit_factor":0.0,"max_drawdown_account":0.0,"max_drawdown_abs":0.0},{"key":["grid_level_-1","exit_signal"],"trades":1,"profit_mean":0.008606837751497311,"profit_mean_pct":0.86,"profit_sum":0.008606837751497311,"profit_sum_pct":0.86,"profit_total_abs":8.52159133,"profit_total":0.00852159133,"profit_total_pct":0.85,"duration_avg":"4:45:00","wins":1,"draws":0,"losses":0,"winrate":1.0,"cagr":0.06964893756705148,"expectancy":8.52159133,"expectancy_ratio":100.0,"sortino":-100,"sharpe":-100,"calmar":-100,"sqn":-100.0,"profit_factor":0.0,"max_drawdown_account":0.0,"max_drawdown_abs":0.0},{"key":["grid_level_-1","min_profit_threshold_exit"],"trades":1,"profit_mean":-0.0277701213970953,"profit_mean_pct":-2.78,"profit_sum":-0.0277701213970953,"profit_sum_pct":-2.78,"profit_total_abs":-27.72465982,"profit_total":-0.02772465982,"profit_total_pct":-2.77,"duration_avg":"1 day, 0:15:00","wins":0,"draws":0,"losses":1,"winrate":0.0,"cagr":-0.19996217785615844,"expectancy":-27.72465982,"expectancy_ratio":-1.0,"sortino":-100,"sharpe":-100,"calmar":-41.53255037944095,"sqn":-100.0,"profit_factor":0.0,"max_drawdown_account":0.02772465981999994,"max_drawdown_abs":27.72465982},{"key":"TOTAL","trades":6,"profit_mean":0.00744053212055866,"profit_mean_pct":0.74,"profit_sum":0.04464319272335196,"profit_sum_pct":4.46,"profit_total_abs":44.20720628,"profit_total":0.04420720628,"profit_total_pct":4.42,"duration_avg":"11:28:00","wins":5,"draws":0,"losses":1,"winrate":0.8333333333333334,"cagr":0.40951035132433633,"expectancy":7.367867713333335,"expectancy_ratio":0.2657514198972537,"sortino":-100,"sharpe":1.1464456243432282,"calmar":66.78833932209848,"sqn":1.0287,"profit_factor":2.5945085193835213,"max_drawdown_account":0.02749039788373565,"max_drawdown_abs":27.72465982}],"left_open_trades":[{"key":"TOTAL","trades":0,"profit_mean":0.0,"profit_mean_pct":0.0,"profit_sum":0.0,"profit_sum_pct":0.0,"profit_total_abs":0.0,"profit_total":0.0,"profit_total_pct":0.0,"duration_avg":"0:00","wins":0,"draws":0,"losses":0,"winrate":0.0,"cagr":0.0,"expectancy":0.0,"expectancy_ratio":100.0,"sortino":0,"sharpe":0,"calmar":0,"sqn":0.0,"profit_factor":0.0,"max_drawdown_account":0.0,"max_drawdown_abs":0.0}],"total_trades":6,"trade_count_long":6,"trade_count_short":0,"total_volume":11985.748249184999,"avg_stake_amount":994.1335033333334,"profit_mean":0.00744053212055866,"profit_median":0.014507542065656513,"profit_total":0.04420720628,"profit_total_long":0.04420720628,"profit_total_short":0.0,"profit_total_abs":44.20720628,"profit_total_long_abs":44.20720628,"profit_total_short_abs":0.0,"cagr":0.40951035132433633,"expectancy":7.367867713333335,"expectancy_ratio":0.2657514198972537,"sortino":-100,"sharpe":1.1464456243432282,"calmar":66.78833932209848,"sqn":1.0287,"profit_factor":2.5945085193835213,"backtest_start":"2025-05-16 00:00:00","backtest_start_ts":1747353600000,"backtest_end":"2025-07-01 14:45:00","backtest_end_ts":1751381100000,"backtest_days":46,"backtest_run_start_ts":1751382267,"backtest_run_end_ts":1751382267,"trades_per_day":0.13,"market_change":-0.166785988658075,"pairlist":["SOL/USDT:USDT","ETH/USDT:USDT","SUI/USDT:USDT"],"stake_amount":"unlimited","stake_currency":"USDT","stake_currency_decimals":3,"starting_balance":1000,"dry_run_wallet":1000,"final_balance":1044.20720628,"rejected_signals":31,"timedout_entry_orders":102,"timedout_exit_orders":0,"canceled_trade_entries":0,"canceled_entry_orders":0,"replaced_entry_orders":0,"max_open_trades":1,"max_open_trades_setting":1,"timeframe":"15m","timeframe_detail":"","timerange":"","enable_protections":false,"strategy_name":"SimpleGridDCA","stoploss":-0.1,"trailing_stop":false,"trailing_stop_positive":null,"trailing_stop_positive_offset":0.0,"trailing_only_offset_is_reached":false,"use_custom_stoploss":false,"minimal_roi":{},"use_exit_signal":true,"exit_profit_only":false,"exit_profit_offset":0.0,"ignore_roi_if_entry_signal":false,"trading_mode":"futures","margin_mode":"isolated","periodic_breakdown":{"day":[{"date":"19/05/2025","date_ts":1747612800000,"profit_abs":8.52159133,"wins":1,"draws":0,"losses":0,"trades":1,"profit_factor":0.0},{"date":"20/05/2025","date_ts":1747699200000,"profit_abs":0.0,"wins":0,"draws":0,"losses":0,"trades":0,"profit_factor":0.0},{"date":"21/05/2025","date_ts":1747785600000,"profit_abs":0.0,"wins":0,"draws":0,"losses":0,"trades":0,"profit_factor":0.0},{"date":"22/05/2025","date_ts":1747872000000,"profit_abs":0.0,"wins":0,"draws":0,"losses":0,"trades":0,"profit_factor":0.0},{"date":"23/05/2025","date_ts":1747958400000,"profit_abs":0.0,"wins":0,"draws":0,"losses":0,"trades":0,"profit_factor":0.0},{"date":"24/05/2025","date_ts":1748044800000,"profit_abs":0.0,"wins":0,"draws":0,"losses":0,"trades":0,"profit_factor":0.0},{"date":"25/05/2025","date_ts":1748131200000,"profit_abs":0.0,"wins":0,"draws":0,"losses":0,"trades":0,"profit_factor":0.0},{"date":"26/05/2025","date_ts":1748217600000,"profit_abs":0.0,"wins":0,"draws":0,"losses":0,"trades":0,"profit_factor":0.0},{"date":"27/05/2025","date_ts":1748304000000,"profit_abs":0.0,"wins":0,"draws":0,"losses":0,"trades":0,"profit_factor":0.0},{"date":"28/05/2025","date_ts":1748390400000,"profit_abs":0.0,"wins":0,"draws":0,"losses":0,"trades":0,"profit_factor":0.0},{"date":"29/05/2025","date_ts":1748476800000,"profit_abs":0.0,"wins":0,"draws":0,"losses":0,"trades":0,"profit_factor":0.0},{"date":"30/05/2025","date_ts":1748563200000,"profit_abs":0.0,"wins":0,"draws":0,"losses":0,"trades":0,"profit_factor":0.0},{"date":"31/05/2025","date_ts":1748649600000,"profit_abs":0.0,"wins":0,"draws":0,"losses":0,"trades":0,"profit_factor":0.0},{"date":"01/06/2025","date_ts":1748736000000,"profit_abs":0.0,"wins":0,"draws":0,"losses":0,"trades":0,"profit_factor":0.0},{"date":"02/06/2025","date_ts":1748822400000,"profit_abs":0.0,"wins":0,"draws":0,"losses":0,"trades":0,"profit_factor":0.0},{"date":"03/06/2025","date_ts":1748908800000,"profit_abs":0.0,"wins":0,"draws":0,"losses":0,"trades":0,"profit_factor":0.0},{"date":"04/06/2025","date_ts":1748995200000,"profit_abs":0.0,"wins":0,"draws":0,"losses":0,"trades":0,"profit_factor":0.0},{"date":"05/06/2025","date_ts":1749081600000,"profit_abs":0.0,"wins":0,"draws":0,"losses":0,"trades":0,"profit_factor":0.0},{"date":"06/06/2025","date_ts":1749168000000,"profit_abs":0.0,"wins":0,"draws":0,"losses":0,"trades":0,"profit_factor":0.0},{"date":"07/06/2025","date_ts":1749254400000,"profit_abs":0.0,"wins":0,"draws":0,"losses":0,"trades":0,"profit_factor":0.0},{"date":"08/06/2025","date_ts":1749340800000,"profit_abs":0.0,"wins":0,"draws":0,"losses":0,"trades":0,"profit_factor":0.0},{"date":"09/06/2025","date_ts":1749427200000,"profit_abs":0.0,"wins":0,"draws":0,"losses":0,"trades":0,"profit_factor":0.0},{"date":"10/06/2025","date_ts":1749513600000,"profit_abs":0.0,"wins":0,"draws":0,"losses":0,"trades":0,"profit_factor":0.0},{"date":"11/06/2025","date_ts":1749600000000,"profit_abs":0.0,"wins":0,"draws":0,"losses":0,"trades":0,"profit_factor":0.0},{"date":"12/06/2025","date_ts":1749686400000,"profit_abs":0.0,"wins":0,"draws":0,"losses":0,"trades":0,"profit_factor":0.0},{"date":"13/06/2025","date_ts":1749772800000,"profit_abs":0.0,"wins":0,"draws":0,"losses":0,"trades":0,"profit_factor":0.0},{"date":"14/06/2025","date_ts":1749859200000,"profit_abs":0.0,"wins":0,"draws":0,"losses":0,"trades":0,"profit_factor":0.0},{"date":"15/06/2025","date_ts":1749945600000,"profit_abs":0.0,"wins":0,"draws":0,"losses":0,"trades":0,"profit_factor":0.0},{"date":"16/06/2025","date_ts":1750032000000,"profit_abs":0.0,"wins":0,"draws":0,"losses":0,"trades":0,"profit_factor":0.0},{"date":"17/06/2025","date_ts":1750118400000,"profit_abs":0.0,"wins":0,"draws":0,"losses":0,"trades":0,"profit_factor":0.0},{"date":"18/06/2025","date_ts":1750204800000,"profit_abs":0.0,"wins":0,"draws":0,"losses":0,"trades":0,"profit_factor":0.0},{"date":"19/06/2025","date_ts":1750291200000,"profit_abs":0.0,"wins":0,"draws":0,"losses":0,"trades":0,"profit_factor":0.0},{"date":"20/06/2025","date_ts":1750377600000,"profit_abs":0.0,"wins":0,"draws":0,"losses":0,"trades":0,"profit_factor":0.0},{"date":"21/06/2025","date_ts":1750464000000,"profit_abs":-27.72465982,"wins":0,"draws":0,"losses":1,"trades":1,"profit_factor":0.0},{"date":"22/06/2025","date_ts":1750550400000,"profit_abs":0.0,"wins":0,"draws":0,"losses":0,"trades":0,"profit_factor":0.0},{"date":"23/06/2025","date_ts":1750636800000,"profit_abs":0.0,"wins":0,"draws":0,"losses":0,"trades":0,"profit_factor":0.0},{"date":"24/06/2025","date_ts":1750723200000,"profit_abs":16.972324,"wins":1,"draws":0,"losses":0,"trades":1,"profit_factor":0.0},{"date":"25/06/2025","date_ts":1750809600000,"profit_abs":17.09051346,"wins":1,"draws":0,"losses":0,"trades":1,"profit_factor":0.0},{"date":"26/06/2025","date_ts":1750896000000,"profit_abs":12.16898092,"wins":1,"draws":0,"losses":0,"trades":1,"profit_factor":0.0},{"date":"27/06/2025","date_ts":1750982400000,"profit_abs":17.17845639,"wins":1,"draws":0,"losses":0,"trades":1,"profit_factor":0.0}],"week":[{"date":"19/05/2025","date_ts":1747612800000,"profit_abs":8.52159133,"wins":1,"draws":0,"losses":0,"trades":1,"profit_factor":0.0},{"date":"26/05/2025","date_ts":1748217600000,"profit_abs":0.0,"wins":0,"draws":0,"losses":0,"trades":0,"profit_factor":0.0},{"date":"02/06/2025","date_ts":1748822400000,"profit_abs":0.0,"wins":0,"draws":0,"losses":0,"trades":0,"profit_factor":0.0},{"date":"09/06/2025","date_ts":1749427200000,"profit_abs":0.0,"wins":0,"draws":0,"losses":0,"trades":0,"profit_factor":0.0},{"date":"16/06/2025","date_ts":1750032000000,"profit_abs":0.0,"wins":0,"draws":0,"losses":0,"trades":0,"profit_factor":0.0},{"date":"23/06/2025","date_ts":1750636800000,"profit_abs":-27.72465982,"wins":0,"draws":0,"losses":1,"trades":1,"profit_factor":0.0},{"date":"30/06/2025","date_ts":1751241600000,"profit_abs":63.41027477,"wins":4,"draws":0,"losses":0,"trades":4,"profit_factor":0.0}],"month":[{"date":"31/05/2025","date_ts":1748649600000,"profit_abs":8.52159133,"wins":1,"draws":0,"losses":0,"trades":1,"profit_factor":0.0},{"date":"30/06/2025","date_ts":1751241600000,"profit_abs":35.68561495,"wins":4,"draws":0,"losses":1,"trades":5,"profit_factor":2.28714347}],"year":[{"date":"31/12/2025","date_ts":1767139200000,"profit_abs":44.20720628,"wins":5,"draws":0,"losses":1,"trades":6,"profit_factor":2.59450852}]},"backtest_best_day":0.017475885524838284,"backtest_worst_day":-0.0277701213970953,"backtest_best_day_abs":17.17845639,"backtest_worst_day_abs":-27.72465982,"winning_days":5,"draw_days":34,"losing_days":1,"daily_profit":[["2025-05-19",8.52159133],["2025-05-20",0.0],["2025-05-21",0.0],["2025-05-22",0.0],["2025-05-23",0.0],["2025-05-24",0.0],["2025-05-25",0.0],["2025-05-26",0.0],["2025-05-27",0.0],["2025-05-28",0.0],["2025-05-29",0.0],["2025-05-30",0.0],["2025-05-31",0.0],["2025-06-01",0.0],["2025-06-02",0.0],["2025-06-03",0.0],["2025-06-04",0.0],["2025-06-05",0.0],["2025-06-06",0.0],["2025-06-07",0.0],["2025-06-08",0.0],["2025-06-09",0.0],["2025-06-10",0.0],["2025-06-11",0.0],["2025-06-12",0.0],["2025-06-13",0.0],["2025-06-14",0.0],["2025-06-15",0.0],["2025-06-16",0.0],["2025-06-17",0.0],["2025-06-18",0.0],["2025-06-19",0.0],["2025-06-20",0.0],["2025-06-21",-27.72465982],["2025-06-22",0.0],["2025-06-23",0.0],["2025-06-24",16.972324],["2025-06-25",17.09051346],["2025-06-26",12.16898092],["2025-06-27",17.17845639]],"wins":5,"losses":1,"draws":0,"winrate":0.8333333333333334,"holding_avg":"11:28:00","holding_avg_s":41280.0,"winner_holding_min":"0d 00:45","winner_holding_min_s":2700.0,"winner_holding_max":"1d 00:00","winner_holding_max_s":86400.0,"winner_holding_avg":"0d 08:54","winner_holding_avg_s":32040.0,"loser_holding_min":"1d 00:15","loser_holding_min_s":87300.0,"loser_holding_max":"1d 00:15","loser_holding_max_s":87300.0,"loser_holding_avg":"1d 00:15","loser_holding_avg_s":87300.0,"max_consecutive_wins":4,"max_consecutive_losses":1,"max_drawdown_account":0.02749039788373565,"max_relative_drawdown":0.02749039788373565,"max_drawdown_abs":27.72465982,"drawdown_start":"2025-05-19 07:45:00","drawdown_start_ts":1747640700000.0,"drawdown_end":"2025-06-21 15:00:00","drawdown_end_ts":1750518000000.0,"max_drawdown_low":-19.20306849,"max_drawdown_high":8.52159133,"csum_min":980.79693151,"csum_max":1044.20720628}},"strategy_comparison":[{"key":"SimpleGridDCA","trades":6,"profit_mean":0.00744053212055866,"profit_mean_pct":0.74,"profit_sum":0.04464319272335196,"profit_sum_pct":4.46,"profit_total_abs":44.20720628,"profit_total":0.04420720628,"profit_total_pct":4.42,"duration_avg":"11:28:00","wins":5,"draws":0,"losses":1,"winrate":0.8333333333333334,"cagr":0.40951035132433633,"expectancy":7.367867713333335,"expectancy_ratio":0.2657514198972537,"sortino":-100,"sharpe":1.1464456243432282,"calmar":66.78833932209848,"sqn":1.0287,"profit_factor":2.5945085193835213,"max_drawdown_account":0.02749039788373565,"max_drawdown_abs":"27.725"}]}