{"strategy":{"GridBotSample":{"trades":[{"pair":"ETH/USDT:USDT","stake_amount":989.70696,"max_stake_amount":989.70696,"amount":0.396,"open_date":"2025-05-17 00:30:00+00:00","close_date":"2025-05-18 04:30:00+00:00","open_rate":2499.26,"close_rate":2481.15,"fee_open":0.0005,"fee_close":0.0005,"trade_duration":1680,"profit_ratio":-0.008295868335294578,"profit_abs":-8.21458387,"exit_reason":"exit_signal","initial_stop_loss_abs":2249.34,"initial_stop_loss_ratio":-0.1,"stop_loss_abs":2249.34,"stop_loss_ratio":-0.1,"min_rate":2442.65,"max_rate":2512.33,"is_open":false,"enter_tag":"","leverage":1.0,"is_short":false,"open_timestamp":1747441800000,"close_timestamp":1747542600000,"orders":[{"amount":0.396,"safe_price":2499.26,"ft_order_side":"buy","order_filled_timestamp":1747441800000,"ft_is_entry":true,"ft_order_tag":"","cost":990.20181348},{"amount":0.396,"safe_price":2481.15,"ft_order_side":"sell","order_filled_timestamp":1747542600000,"ft_is_entry":false,"ft_order_tag":"exit_signal","cost":983.0266677000001}],"funding_fees":-0.05690268634406044},{"pair":"ETH/USDT:USDT","stake_amount":979.86224,"max_stake_amount":979.86224,"amount":0.394,"open_date":"2025-05-18 04:45:00+00:00","close_date":"2025-05-18 20:00:00+00:00","open_rate":2486.96,"close_rate":2406.78,"fee_open":0.0005,"fee_close":0.0005,"trade_duration":915,"profit_ratio":-0.033258265009757405,"profit_abs":-32.60481231,"exit_reason":"exit_signal","initial_stop_loss_abs":2238.27,"initial_stop_loss_ratio":-0.1,"stop_loss_abs":2238.27,"stop_loss_ratio":-0.1,"min_rate":2312.62,"max_rate":2587.52,"is_open":false,"enter_tag":"","leverage":1.0,"is_short":false,"open_timestamp":1747543500000,"close_timestamp":1747598400000,"orders":[{"amount":0.394,"safe_price":2486.96,"ft_order_side":"buy","order_filled_timestamp":1747543500000,"ft_is_entry":true,"ft_order_tag":"","cost":980.35217112},{"amount":0.394,"safe_price":2406.78,"ft_order_side":"sell","order_filled_timestamp":1747598400000,"ft_is_entry":false,"ft_order_tag":"exit_signal","cost":948.7454556600002}],"funding_fees":-0.04982552831447587},{"pair":"ETH/USDT:USDT","stake_amount":948.5463,"max_stake_amount":948.5463,"amount":0.39,"open_date":"2025-05-19 13:45:00+00:00","close_date":"2025-05-22 03:45:00+00:00","open_rate":2432.17,"close_rate":2634.82,"fee_open":0.0005,"fee_close":0.0005,"trade_duration":3720,"profit_ratio":0.08182421986096013,"profit_abs":77.65286803,"exit_reason":"exit_signal","initial_stop_loss_abs":2188.96,"initial_stop_loss_ratio":-0.1,"stop_loss_abs":2188.96,"stop_loss_ratio":-0.1,"min_rate":2416.4,"max_rate":2647.25,"is_open":false,"enter_tag":"","leverage":1.0,"is_short":false,"open_timestamp":1747662300000,"close_timestamp":1747885500000,"orders":[{"amount":0.39,"safe_price":2432.17,"ft_order_side":"buy","order_filled_timestamp":1747662300000,"ft_is_entry":true,"ft_order_tag":"","cost":949.02057315},{"amount":0.39,"safe_price":2634.82,"ft_order_side":"sell","order_filled_timestamp":1747885500000,"ft_is_entry":false,"ft_order_tag":"exit_signal","cost":1028.0935899}],"funding_fees":-0.3925689150683888},{"pair":"ETH/USDT:USDT","stake_amount":1025.69568,"max_stake_amount":1025.69568,"amount":0.408,"open_date":"2025-05-23 23:45:00+00:00","close_date":"2025-05-24 18:15:00+00:00","open_rate":2513.96,"close_rate":2561.57,"fee_open":0.0005,"fee_close":0.0005,"trade_duration":1110,"profit_ratio":0.017757117287219754,"profit_abs":18.22250519,"exit_reason":"exit_signal","initial_stop_loss_abs":2262.57,"initial_stop_loss_ratio":-0.1,"stop_loss_abs":2262.57,"stop_loss_ratio":-0.1,"min_rate":2505.01,"max_rate":2574.5,"is_open":false,"enter_tag":"","leverage":1.0,"is_short":false,"open_timestamp":1748043900000,"close_timestamp":1748110500000,"orders":[{"amount":0.408,"safe_price":2513.96,"ft_order_side":"buy","order_filled_timestamp":1748043900000,"ft_is_entry":true,"ft_order_tag":"","cost":1026.20852784},{"amount":0.408,"safe_price":2561.57,"ft_order_side":"sell","order_filled_timestamp":1748110500000,"ft_is_entry":false,"ft_order_tag":"exit_signal","cost":1045.64312028}],"funding_fees":-0.1669666918325628},{"pair":"ETH/USDT:USDT","stake_amount":1042.82222,"max_stake_amount":1042.82222,"amount":0.418,"open_date":"2025-05-25 00:45:00+00:00","close_date":"2025-05-25 19:00:00+00:00","open_rate":2494.79,"close_rate":2514.89,"fee_open":0.0005,"fee_close":0.0005,"trade_duration":1095,"profit_ratio":0.006926417878558071,"profit_abs":7.22663398,"exit_reason":"exit_signal","initial_stop_loss_abs":2245.32,"initial_stop_loss_ratio":-0.1,"stop_loss_abs":2245.32,"stop_loss_ratio":-0.1,"min_rate":2457.6,"max_rate":2524.99,"is_open":false,"enter_tag":"","leverage":1.0,"is_short":false,"open_timestamp":1748133900000,"close_timestamp":1748199600000,"orders":[{"amount":0.418,"safe_price":2494.79,"ft_order_side":"buy","order_filled_timestamp":1748133900000,"ft_is_entry":true,"ft_order_tag":"","cost":1043.34363111},{"amount":0.418,"safe_price":2514.89,"ft_order_side":"sell","order_filled_timestamp":1748199600000,"ft_is_entry":false,"ft_order_tag":"exit_signal","cost":1051.74963201}],"funding_fees":-0.12814290091019997},{"pair":"ETH/USDT:USDT","stake_amount":1050.9651,"max_stake_amount":1050.9651,"amount":0.417,"open_date":"2025-05-25 19:30:00+00:00","close_date":"2025-05-25 21:00:00+00:00","open_rate":2520.3,"close_rate":2522.66,"fee_open":0.0005,"fee_close":0.0005,"trade_duration":90,"profit_ratio":-6.403971763275208e-05,"profit_abs":-0.06733716,"exit_reason":"exit_signal","initial_stop_loss_abs":2268.28,"initial_stop_loss_ratio":-0.1,"stop_loss_abs":2268.28,"stop_loss_ratio":-0.1,"min_rate":2509.69,"max_rate":2537.0,"is_open":false,"enter_tag":"","leverage":1.0,"is_short":false,"open_timestamp":1748201400000,"close_timestamp":1748206800000,"orders":[{"amount":0.417,"safe_price":2520.3,"ft_order_side":"buy","order_filled_timestamp":1748201400000,"ft_is_entry":true,"ft_order_tag":"","cost":1051.49058255},{"amount":0.417,"safe_price":2522.66,"ft_order_side":"sell","order_filled_timestamp":1748206800000,"ft_is_entry":false,"ft_order_tag":"exit_signal","cost":1052.47519461}],"funding_fees":0.0},{"pair":"ETH/USDT:USDT","stake_amount":1051.01931,"max_stake_amount":1051.01931,"amount":0.417,"open_date":"2025-05-25 21:30:00+00:00","close_date":"2025-05-27 08:30:00+00:00","open_rate":2520.43,"close_rate":2637.32,"fee_open":0.0005,"fee_close":0.0005,"trade_duration":2100,"profit_ratio":0.04505274527960034,"profit_abs":47.37498091,"exit_reason":"exit_signal","initial_stop_loss_abs":2268.39,"initial_stop_loss_ratio":-0.1,"stop_loss_abs":2268.39,"stop_loss_ratio":-0.1,"min_rate":2506.08,"max_rate":2643.44,"is_open":false,"enter_tag":"","leverage":1.0,"is_short":false,"open_timestamp":1748208600000,"close_timestamp":1748334600000,"orders":[{"amount":0.417,"safe_price":2520.43,"ft_order_side":"buy","order_filled_timestamp":1748208600000,"ft_is_entry":true,"ft_order_tag":"","cost":1051.5448196549999},{"amount":0.417,"safe_price":2637.32,"ft_order_side":"sell","order_filled_timestamp":1748334600000,"ft_is_entry":false,"ft_order_tag":"exit_signal","cost":1100.3123212199998}],"funding_fees":-0.29275821509708977},{"pair":"ETH/USDT:USDT","stake_amount":1097.75295,"max_stake_amount":1097.75295,"amount":0.435,"open_date":"2025-05-30 22:45:00+00:00","close_date":"2025-05-31 12:00:00+00:00","open_rate":2523.57,"close_rate":2518.6,"fee_open":0.0005,"fee_close":0.0005,"trade_duration":795,"profit_ratio":-0.003081307996055702,"profit_abs":-3.3842062,"exit_reason":"exit_signal","initial_stop_loss_abs":2271.22,"initial_stop_loss_ratio":-0.1,"stop_loss_abs":2271.22,"stop_loss_ratio":-0.1,"min_rate":2474.0,"max_rate":2543.45,"is_open":false,"enter_tag":"","leverage":1.0,"is_short":false,"open_timestamp":1748645100000,"close_timestamp":1748692800000,"orders":[{"amount":0.435,"safe_price":2523.57,"ft_order_side":"buy","order_filled_timestamp":1748645100000,"ft_is_entry":true,"ft_order_tag":"","cost":1098.301826475},{"amount":0.435,"safe_price":2518.6,"ft_order_side":"sell","order_filled_timestamp":1748692800000,"ft_is_entry":false,"ft_order_tag":"exit_signal","cost":1096.1387954999998}],"funding_fees":-0.12558422187980472},{"pair":"ETH/USDT:USDT","stake_amount":1093.55848,"max_stake_amount":1093.55848,"amount":0.434,"open_date":"2025-06-01 00:15:00+00:00","close_date":"2025-06-01 05:45:00+00:00","open_rate":2519.72,"close_rate":2515.81,"fee_open":0.0005,"fee_close":0.0005,"trade_duration":330,"profit_ratio":-0.0025497089849817367,"profit_abs":-2.78965001,"exit_reason":"exit_signal","initial_stop_loss_abs":2267.75,"initial_stop_loss_ratio":-0.1,"stop_loss_abs":2267.75,"stop_loss_ratio":-0.1,"min_rate":2488.52,"max_rate":2529.67,"is_open":false,"enter_tag":"","leverage":1.0,"is_short":false,"open_timestamp":1748736900000,"close_timestamp":1748756700000,"orders":[{"amount":0.434,"safe_price":2519.72,"ft_order_side":"buy","order_filled_timestamp":1748736900000,"ft_is_entry":true,"ft_order_tag":"","cost":1094.10525924},{"amount":0.434,"safe_price":2515.81,"ft_order_side":"sell","order_filled_timestamp":1748756700000,"ft_is_entry":false,"ft_order_tag":"exit_signal","cost":1092.40747077}],"funding_fees":0.0},{"pair":"ETH/USDT:USDT","stake_amount":1090.06018,"max_stake_amount":1090.06018,"amount":0.433,"open_date":"2025-06-01 06:00:00+00:00","close_date":"2025-06-03 01:45:00+00:00","open_rate":2517.46,"close_rate":2636.84,"fee_open":0.0005,"fee_close":0.0005,"trade_duration":2625,"profit_ratio":0.046110916035189325,"profit_abs":50.28880527,"exit_reason":"exit_signal","initial_stop_loss_abs":2265.72,"initial_stop_loss_ratio":-0.1,"stop_loss_abs":2265.72,"stop_loss_ratio":-0.1,"min_rate":2465.0,"max_rate":2649.0,"is_open":false,"enter_tag":"","leverage":1.0,"is_short":false,"open_timestamp":1748757600000,"close_timestamp":1748915100000,"orders":[{"amount":0.433,"safe_price":2517.46,"ft_order_side":"buy","order_filled_timestamp":1748757600000,"ft_is_entry":true,"ft_order_tag":"","cost":1090.60521009},{"amount":0.433,"safe_price":2636.84,"ft_order_side":"sell","order_filled_timestamp":1748915100000,"ft_is_entry":false,"ft_order_tag":"exit_signal","cost":1142.3225958599999}],"funding_fees":-0.28682877588365024},{"pair":"ETH/USDT:USDT","stake_amount":1140.03435,"max_stake_amount":1140.03435,"amount":0.455,"open_date":"2025-06-05 20:15:00+00:00","close_date":"2025-06-05 20:45:00+00:00","open_rate":2505.57,"close_rate":2417.7,"fee_open":0.0005,"fee_close":0.0005,"trade_duration":30,"profit_ratio":-0.036034312258331015,"profit_abs":-41.10089393,"exit_reason":"exit_signal","initial_stop_loss_abs":2255.02,"initial_stop_loss_ratio":-0.1,"stop_loss_abs":2255.02,"stop_loss_ratio":-0.1,"min_rate":2392.32,"max_rate":2506.53,"is_open":false,"enter_tag":"","leverage":1.0,"is_short":false,"open_timestamp":1749154500000,"close_timestamp":1749156300000,"orders":[{"amount":0.455,"safe_price":2505.57,"ft_order_side":"buy","order_filled_timestamp":1749154500000,"ft_is_entry":true,"ft_order_tag":"","cost":1140.604367175},{"amount":0.455,"safe_price":2417.7,"ft_order_side":"sell","order_filled_timestamp":1749156300000,"ft_is_entry":false,"ft_order_tag":"exit_signal","cost":1100.60352675}],"funding_fees":0.0},{"pair":"SOL/USDT:USDT","stake_amount":1100.7054,"max_stake_amount":1100.7054,"amount":7.74,"open_date":"2025-06-05 20:45:00+00:00","close_date":"2025-06-06 13:15:00+00:00","open_rate":142.21,"close_rate":151.66,"fee_open":0.0005,"fee_close":0.0005,"trade_duration":990,"profit_ratio":0.06556862723573949,"profit_abs":72.20782794,"exit_reason":"exit_signal","initial_stop_loss_abs":127.99,"initial_stop_loss_ratio":-0.1,"stop_loss_abs":127.99,"stop_loss_ratio":-0.1,"min_rate":141.43,"max_rate":152.56,"is_open":false,"enter_tag":"","leverage":1.0,"is_short":false,"open_timestamp":1749156300000,"close_timestamp":1749215700000,"orders":[{"amount":7.74,"safe_price":142.21,"ft_order_side":"buy","order_filled_timestamp":1749156300000,"ft_is_entry":true,"ft_order_tag":"","cost":1101.2557527},{"amount":7.74,"safe_price":151.66,"ft_order_side":"sell","order_filled_timestamp":1749215700000,"ft_is_entry":false,"ft_order_tag":"exit_signal","cost":1174.4353242}],"funding_fees":0.20210483848102018},{"pair":"ETH/USDT:USDT","stake_amount":1172.802,"max_stake_amount":1172.802,"amount":0.472,"open_date":"2025-06-06 13:15:00+00:00","close_date":"2025-06-07 08:45:00+00:00","open_rate":2484.75,"close_rate":2485.35,"fee_open":0.0005,"fee_close":0.0005,"trade_duration":1170,"profit_ratio":-0.0009266230594007721,"profit_abs":-1.08728875,"exit_reason":"exit_signal","initial_stop_loss_abs":2236.28,"initial_stop_loss_ratio":-0.1,"stop_loss_abs":2236.28,"stop_loss_ratio":-0.1,"min_rate":2455.85,"max_rate":2529.67,"is_open":false,"enter_tag":"","leverage":1.0,"is_short":false,"open_timestamp":1749215700000,"close_timestamp":1749285900000,"orders":[{"amount":0.472,"safe_price":2484.75,"ft_order_side":"buy","order_filled_timestamp":1749215700000,"ft_is_entry":true,"ft_order_tag":"","cost":1173.388401},{"amount":0.472,"safe_price":2485.35,"ft_order_side":"sell","order_filled_timestamp":1749285900000,"ft_is_entry":false,"ft_order_tag":"exit_signal","cost":1173.6717426}],"funding_fees":-0.19754515360699626},{"pair":"ETH/USDT:USDT","stake_amount":1171.80136,"max_stake_amount":1171.80136,"amount":0.472,"open_date":"2025-06-07 09:00:00+00:00","close_date":"2025-06-07 10:00:00+00:00","open_rate":2482.63,"close_rate":2485.01,"fee_open":0.0005,"fee_close":0.0005,"trade_duration":60,"profit_ratio":-4.1797656494132825e-05,"profit_abs":-0.04900304,"exit_reason":"exit_signal","initial_stop_loss_abs":2234.37,"initial_stop_loss_ratio":-0.1,"stop_loss_abs":2234.37,"stop_loss_ratio":-0.1,"min_rate":2481.91,"max_rate":2489.36,"is_open":false,"enter_tag":"","leverage":1.0,"is_short":false,"open_timestamp":1749286800000,"close_timestamp":1749290400000,"orders":[{"amount":0.472,"safe_price":2482.63,"ft_order_side":"buy","order_filled_timestamp":1749286800000,"ft_is_entry":true,"ft_order_tag":"","cost":1172.3872606799998},{"amount":0.472,"safe_price":2485.01,"ft_order_side":"sell","order_filled_timestamp":1749290400000,"ft_is_entry":false,"ft_order_tag":"exit_signal","cost":1173.51118236}],"funding_fees":0.0},{"pair":"ETH/USDT:USDT","stake_amount":1169.6232,"max_stake_amount":1169.6232,"amount":0.47,"open_date":"2025-06-07 10:15:00+00:00","close_date":"2025-06-07 20:00:00+00:00","open_rate":2488.56,"close_rate":2515.78,"fee_open":0.0005,"fee_close":0.0005,"trade_duration":585,"profit_ratio":0.009859303906341502,"profit_abs":11.53743642,"exit_reason":"exit_signal","initial_stop_loss_abs":2239.71,"initial_stop_loss_ratio":-0.1,"stop_loss_abs":2239.71,"stop_loss_ratio":-0.1,"min_rate":2487.11,"max_rate":2524.9,"is_open":false,"enter_tag":"","leverage":1.0,"is_short":false,"open_timestamp":1749291300000,"close_timestamp":1749326400000,"orders":[{"amount":0.47,"safe_price":2488.56,"ft_order_side":"buy","order_filled_timestamp":1749291300000,"ft_is_entry":true,"ft_order_tag":"","cost":1170.2080116},{"amount":0.47,"safe_price":2515.78,"ft_order_side":"sell","order_filled_timestamp":1749326400000,"ft_is_entry":false,"ft_order_tag":"exit_signal","cost":1183.0078082999999}],"funding_fees":-0.07994368358757803},{"pair":"ETH/USDT:USDT","stake_amount":1181.115,"max_stake_amount":1181.115,"amount":0.468,"open_date":"2025-06-07 20:15:00+00:00","close_date":"2025-06-07 21:00:00+00:00","open_rate":2523.75,"close_rate":2520.75,"fee_open":0.0005,"fee_close":0.0005,"trade_duration":45,"profit_ratio":-0.0021870194174829377,"profit_abs":-2.584413,"exit_reason":"exit_signal","initial_stop_loss_abs":2271.38,"initial_stop_loss_ratio":-0.1,"stop_loss_abs":2271.38,"stop_loss_ratio":-0.1,"min_rate":2517.28,"max_rate":2524.12,"is_open":false,"enter_tag":"","leverage":1.0,"is_short":false,"open_timestamp":1749327300000,"close_timestamp":1749330000000,"orders":[{"amount":0.468,"safe_price":2523.75,"ft_order_side":"buy","order_filled_timestamp":1749327300000,"ft_is_entry":true,"ft_order_tag":"","cost":1181.7055575},{"amount":0.468,"safe_price":2520.75,"ft_order_side":"sell","order_filled_timestamp":1749330000000,"ft_is_entry":false,"ft_order_tag":"exit_signal","cost":1180.3008555}],"funding_fees":0.0},{"pair":"ETH/USDT:USDT","stake_amount":1178.79372,"max_stake_amount":1178.79372,"amount":0.468,"open_date":"2025-06-07 21:15:00+00:00","close_date":"2025-06-07 21:30:00+00:00","open_rate":2518.79,"close_rate":2519.35,"fee_open":0.0005,"fee_close":0.0005,"trade_duration":15,"profit_ratio":-0.0007773934923208123,"profit_abs":-0.91684476,"exit_reason":"exit_signal","initial_stop_loss_abs":2266.92,"initial_stop_loss_ratio":-0.1,"stop_loss_abs":2266.92,"stop_loss_ratio":-0.1,"min_rate":2517.22,"max_rate":2522.38,"is_open":false,"enter_tag":"","leverage":1.0,"is_short":false,"open_timestamp":1749330900000,"close_timestamp":1749331800000,"orders":[{"amount":0.468,"safe_price":2518.79,"ft_order_side":"buy","order_filled_timestamp":1749330900000,"ft_is_entry":true,"ft_order_tag":"","cost":1179.38311686},{"amount":0.468,"safe_price":2519.35,"ft_order_side":"sell","order_filled_timestamp":1749331800000,"ft_is_entry":false,"ft_order_tag":"exit_signal","cost":1179.6453279}],"funding_fees":0.0},{"pair":"ETH/USDT:USDT","stake_amount":1179.04176,"max_stake_amount":1179.04176,"amount":0.468,"open_date":"2025-06-07 22:15:00+00:00","close_date":"2025-06-07 22:30:00+00:00","open_rate":2519.32,"close_rate":2522.73,"fee_open":0.0005,"fee_close":0.0005,"trade_duration":15,"profit_ratio":0.00035268673079747056,"profit_abs":0.4160403,"exit_reason":"exit_signal","initial_stop_loss_abs":2267.39,"initial_stop_loss_ratio":-0.1,"stop_loss_abs":2267.39,"stop_loss_ratio":-0.1,"min_rate":2518.68,"max_rate":2545.0,"is_open":false,"enter_tag":"","leverage":1.0,"is_short":false,"open_timestamp":1749334500000,"close_timestamp":1749335400000,"orders":[{"amount":0.468,"safe_price":2519.32,"ft_order_side":"buy","order_filled_timestamp":1749334500000,"ft_is_entry":true,"ft_order_tag":"","cost":1179.63128088},{"amount":0.468,"safe_price":2522.73,"ft_order_side":"sell","order_filled_timestamp":1749335400000,"ft_is_entry":false,"ft_order_tag":"exit_signal","cost":1181.2279588200001}],"funding_fees":0.0},{"pair":"ETH/USDT:USDT","stake_amount":1178.34374,"max_stake_amount":1178.34374,"amount":0.467,"open_date":"2025-06-07 23:45:00+00:00","close_date":"2025-06-08 02:30:00+00:00","open_rate":2523.22,"close_rate":2512.84,"fee_open":0.0005,"fee_close":0.0005,"trade_duration":165,"profit_ratio":-0.005209148178125668,"profit_abs":-6.14123623,"exit_reason":"exit_signal","initial_stop_loss_abs":2270.9,"initial_stop_loss_ratio":-0.1,"stop_loss_abs":2270.9,"stop_loss_ratio":-0.1,"min_rate":2510.02,"max_rate":2525.39,"is_open":false,"enter_tag":"","leverage":1.0,"is_short":false,"open_timestamp":1749339900000,"close_timestamp":1749349800000,"orders":[{"amount":0.467,"safe_price":2523.22,"ft_order_side":"buy","order_filled_timestamp":1749339900000,"ft_is_entry":true,"ft_order_tag":"","cost":1178.93291187},{"amount":0.467,"safe_price":2512.84,"ft_order_side":"sell","order_filled_timestamp":1749349800000,"ft_is_entry":false,"ft_order_tag":"exit_signal","cost":1174.08302814}],"funding_fees":-0.11785621892064402},{"pair":"ETH/USDT:USDT","stake_amount":1173.90257,"max_stake_amount":1173.90257,"amount":0.467,"open_date":"2025-06-08 02:45:00+00:00","close_date":"2025-06-08 03:30:00+00:00","open_rate":2513.71,"close_rate":2509.63,"fee_open":0.0005,"fee_close":0.0005,"trade_duration":45,"profit_ratio":-0.0026209768875860595,"profit_abs":-3.07830989,"exit_reason":"exit_signal","initial_stop_loss_abs":2262.34,"initial_stop_loss_ratio":-0.1,"stop_loss_abs":2262.34,"stop_loss_ratio":-0.1,"min_rate":2507.25,"max_rate":2515.0,"is_open":false,"enter_tag":"","leverage":1.0,"is_short":false,"open_timestamp":1749350700000,"close_timestamp":1749353400000,"orders":[{"amount":0.467,"safe_price":2513.71,"ft_order_side":"buy","order_filled_timestamp":1749350700000,"ft_is_entry":true,"ft_order_tag":"","cost":1174.4895212850001},{"amount":0.467,"safe_price":2509.63,"ft_order_side":"sell","order_filled_timestamp":1749353400000,"ft_is_entry":false,"ft_order_tag":"exit_signal","cost":1172.5832086050002}],"funding_fees":0.0},{"pair":"ETH/USDT:USDT","stake_amount":1168.88178,"max_stake_amount":1168.88178,"amount":0.466,"open_date":"2025-06-08 04:15:00+00:00","close_date":"2025-06-08 04:30:00+00:00","open_rate":2508.33,"close_rate":2510.66,"fee_open":0.0005,"fee_close":0.0005,"trade_duration":15,"profit_ratio":-7.152380163348697e-05,"profit_abs":-0.08364467,"exit_reason":"exit_signal","initial_stop_loss_abs":2257.5,"initial_stop_loss_ratio":-0.1,"stop_loss_abs":2257.5,"stop_loss_ratio":-0.1,"min_rate":2507.96,"max_rate":2517.55,"is_open":false,"enter_tag":"","leverage":1.0,"is_short":false,"open_timestamp":1749356100000,"close_timestamp":1749357000000,"orders":[{"amount":0.466,"safe_price":2508.33,"ft_order_side":"buy","order_filled_timestamp":1749356100000,"ft_is_entry":true,"ft_order_tag":"","cost":1169.46622089},{"amount":0.466,"safe_price":2510.66,"ft_order_side":"sell","order_filled_timestamp":1749357000000,"ft_is_entry":false,"ft_order_tag":"exit_signal","cost":1170.55254378}],"funding_fees":0.0},{"pair":"ETH/USDT:USDT","stake_amount":1170.4887,"max_stake_amount":1170.4887,"amount":0.465,"open_date":"2025-06-08 04:45:00+00:00","close_date":"2025-06-08 06:15:00+00:00","open_rate":2517.18,"close_rate":2511.88,"fee_open":0.0005,"fee_close":0.0005,"trade_duration":90,"profit_ratio":-0.0031029265637166083,"profit_abs":-3.63375645,"exit_reason":"exit_signal","initial_stop_loss_abs":2265.47,"initial_stop_loss_ratio":-0.1,"stop_loss_abs":2265.47,"stop_loss_ratio":-0.1,"min_rate":2507.69,"max_rate":2519.03,"is_open":false,"enter_tag":"","leverage":1.0,"is_short":false,"open_timestamp":1749357900000,"close_timestamp":1749363300000,"orders":[{"amount":0.465,"safe_price":2517.18,"ft_order_side":"buy","order_filled_timestamp":1749357900000,"ft_is_entry":true,"ft_order_tag":"","cost":1171.07394435},{"amount":0.465,"safe_price":2511.88,"ft_order_side":"sell","order_filled_timestamp":1749363300000,"ft_is_entry":false,"ft_order_tag":"exit_signal","cost":1168.6082121}],"funding_fees":0.0},{"pair":"ETH/USDT:USDT","stake_amount":1166.08768,"max_stake_amount":1166.08768,"amount":0.464,"open_date":"2025-06-08 06:30:00+00:00","close_date":"2025-06-08 06:45:00+00:00","open_rate":2513.12,"close_rate":2515.23,"fee_open":0.0005,"fee_close":0.0005,"trade_duration":15,"profit_ratio":-0.00016074561242330384,"profit_abs":-0.1875372,"exit_reason":"exit_signal","initial_stop_loss_abs":2261.81,"initial_stop_loss_ratio":-0.1,"stop_loss_abs":2261.81,"stop_loss_ratio":-0.1,"min_rate":2511.5,"max_rate":2516.4,"is_open":false,"enter_tag":"","leverage":1.0,"is_short":false,"open_timestamp":1749364200000,"close_timestamp":1749365100000,"orders":[{"amount":0.464,"safe_price":2513.12,"ft_order_side":"buy","order_filled_timestamp":1749364200000,"ft_is_entry":true,"ft_order_tag":"","cost":1166.67072384},{"amount":0.464,"safe_price":2515.23,"ft_order_side":"sell","order_filled_timestamp":1749365100000,"ft_is_entry":false,"ft_order_tag":"exit_signal","cost":1167.65025336}],"funding_fees":0.0},{"pair":"ETH/USDT:USDT","stake_amount":1166.24544,"max_stake_amount":1166.24544,"amount":0.464,"open_date":"2025-06-08 08:00:00+00:00","close_date":"2025-06-08 08:30:00+00:00","open_rate":2513.46,"close_rate":2514.25,"fee_open":0.0005,"fee_close":0.0005,"trade_duration":30,"profit_ratio":-0.0007806826547651038,"profit_abs":-0.91092282,"exit_reason":"exit_signal","initial_stop_loss_abs":2262.12,"initial_stop_loss_ratio":-0.1,"stop_loss_abs":2262.12,"stop_loss_ratio":-0.1,"min_rate":2513.39,"max_rate":2520.19,"is_open":false,"enter_tag":"","leverage":1.0,"is_short":false,"open_timestamp":1749369600000,"close_timestamp":1749371400000,"orders":[{"amount":0.464,"safe_price":2513.46,"ft_order_side":"buy","order_filled_timestamp":1749369600000,"ft_is_entry":true,"ft_order_tag":"","cost":1166.82856272},{"amount":0.464,"safe_price":2514.25,"ft_order_side":"sell","order_filled_timestamp":1749371400000,"ft_is_entry":false,"ft_order_tag":"exit_signal","cost":1167.195306}],"funding_fees":-0.11105410145196824},{"pair":"ETH/USDT:USDT","stake_amount":1164.445,"max_stake_amount":1164.445,"amount":0.463,"open_date":"2025-06-08 08:45:00+00:00","close_date":"2025-06-08 20:30:00+00:00","open_rate":2515.0,"close_rate":2533.99,"fee_open":0.0005,"fee_close":0.0005,"trade_duration":705,"profit_ratio":0.006496751976111013,"profit_abs":7.56889291,"exit_reason":"exit_signal","initial_stop_loss_abs":2263.5,"initial_stop_loss_ratio":-0.1,"stop_loss_abs":2263.5,"stop_loss_ratio":-0.1,"min_rate":2483.28,"max_rate":2539.68,"is_open":false,"enter_tag":"","leverage":1.0,"is_short":false,"open_timestamp":1749372300000,"close_timestamp":1749414600000,"orders":[{"amount":0.463,"safe_price":2515.0,"ft_order_side":"buy","order_filled_timestamp":1749372300000,"ft_is_entry":true,"ft_order_tag":"","cost":1165.0272225},{"amount":0.463,"safe_price":2533.99,"ft_order_side":"sell","order_filled_timestamp":1749414600000,"ft_is_entry":false,"ft_order_tag":"exit_signal","cost":1173.823988685}],"funding_fees":-0.05463590924104328},{"pair":"ETH/USDT:USDT","stake_amount":1171.39545,"max_stake_amount":1171.39545,"amount":0.465,"open_date":"2025-06-08 22:15:00+00:00","close_date":"2025-06-09 21:30:00+00:00","open_rate":2519.13,"close_rate":2638.76,"fee_open":0.0005,"fee_close":0.0005,"trade_duration":1395,"profit_ratio":0.04631356518435758,"profit_abs":54.27862528,"exit_reason":"exit_signal","initial_stop_loss_abs":2267.22,"initial_stop_loss_ratio":-0.1,"stop_loss_abs":2267.22,"stop_loss_ratio":-0.1,"min_rate":2475.83,"max_rate":2639.88,"is_open":false,"enter_tag":"","leverage":1.0,"is_short":false,"open_timestamp":1749420900000,"close_timestamp":1749504600000,"orders":[{"amount":0.465,"safe_price":2519.13,"ft_order_side":"buy","order_filled_timestamp":1749420900000,"ft_is_entry":true,"ft_order_tag":"","cost":1171.9811477250003},{"amount":0.465,"safe_price":2638.76,"ft_order_side":"sell","order_filled_timestamp":1749504600000,"ft_is_entry":false,"ft_order_tag":"exit_signal","cost":1227.6369117000002}],"funding_fees":-0.15011529167175744},{"pair":"SOL/USDT:USDT","stake_amount":1226.9418,"max_stake_amount":1226.9418,"amount":8.54,"open_date":"2025-06-13 05:45:00+00:00","close_date":"2025-06-15 15:00:00+00:00","open_rate":143.67,"close_rate":151.84,"fee_open":0.0005,"fee_close":0.0005,"trade_duration":3435,"profit_ratio":0.055746702028192964,"profit_abs":68.43215791,"exit_reason":"exit_signal","initial_stop_loss_abs":129.31,"initial_stop_loss_ratio":-0.1,"stop_loss_abs":129.31,"stop_loss_ratio":-0.1,"min_rate":141.87,"max_rate":152.63,"is_open":false,"enter_tag":"","leverage":1.0,"is_short":false,"open_timestamp":1749793500000,"close_timestamp":1749999600000,"orders":[{"amount":8.54,"safe_price":143.67,"ft_order_side":"buy","order_filled_timestamp":1749793500000,"ft_is_entry":true,"ft_order_tag":"","cost":1227.5552708999999},{"amount":8.54,"safe_price":151.84,"ft_order_side":"sell","order_filled_timestamp":1749999600000,"ft_is_entry":false,"ft_order_tag":"exit_signal","cost":1297.3619567999997}],"funding_fees":-0.07781439311185775},{"pair":"ETH/USDT:USDT","stake_amount":1294.05276,"max_stake_amount":1294.05276,"amount":0.513,"open_date":"2025-06-15 20:15:00+00:00","close_date":"2025-06-16 09:00:00+00:00","open_rate":2522.52,"close_rate":2629.54,"fee_open":0.0005,"fee_close":0.0005,"trade_duration":765,"profit_ratio":0.04124345352624279,"profit_abs":53.39789047,"exit_reason":"exit_signal","initial_stop_loss_abs":2270.27,"initial_stop_loss_ratio":-0.1,"stop_loss_abs":2270.27,"stop_loss_ratio":-0.1,"min_rate":2490.38,"max_rate":2637.7,"is_open":false,"enter_tag":"","leverage":1.0,"is_short":false,"open_timestamp":1750018500000,"close_timestamp":1750064400000,"orders":[{"amount":0.513,"safe_price":2522.52,"ft_order_side":"buy","order_filled_timestamp":1750018500000,"ft_is_entry":true,"ft_order_tag":"","cost":1294.69978638},{"amount":0.513,"safe_price":2629.54,"ft_order_side":"sell","order_filled_timestamp":1750064400000,"ft_is_entry":false,"ft_order_tag":"exit_signal","cost":1349.6284970099998}],"funding_fees":-0.18186613699346355},{"pair":"ETH/USDT:USDT","stake_amount":1345.78146,"max_stake_amount":1345.78146,"amount":0.534,"open_date":"2025-06-17 15:15:00+00:00","close_date":"2025-06-19 07:45:00+00:00","open_rate":2520.19,"close_rate":2521.47,"fee_open":0.0005,"fee_close":0.0005,"trade_duration":2430,"profit_ratio":-0.0007506289830413048,"profit_abs":-1.01068766,"exit_reason":"exit_signal","initial_stop_loss_abs":2268.18,"initial_stop_loss_ratio":-0.1,"stop_loss_abs":2268.18,"stop_loss_ratio":-0.1,"min_rate":2451.97,"max_rate":2547.35,"is_open":false,"enter_tag":"","leverage":1.0,"is_short":false,"open_timestamp":1750173300000,"close_timestamp":1750319100000,"orders":[{"amount":0.534,"safe_price":2520.19,"ft_order_side":"buy","order_filled_timestamp":1750173300000,"ft_is_entry":true,"ft_order_tag":"","cost":1346.45435073},{"amount":0.534,"safe_price":2521.47,"ft_order_side":"sell","order_filled_timestamp":1750319100000,"ft_is_entry":false,"ft_order_tag":"exit_signal","cost":1347.13821249}],"funding_fees":-0.3480844400978133},{"pair":"SOL/USDT:USDT","stake_amount":1347.1429,"max_stake_amount":1347.1429,"amount":9.29,"open_date":"2025-06-19 08:00:00+00:00","close_date":"2025-06-19 12:45:00+00:00","open_rate":145.01,"close_rate":144.8,"fee_open":0.0005,"fee_close":0.0005,"trade_duration":285,"profit_ratio":-0.0024462287854762365,"profit_abs":-3.29706745,"exit_reason":"force_exit","initial_stop_loss_abs":130.51,"initial_stop_loss_ratio":-0.1,"stop_loss_abs":130.51,"stop_loss_ratio":-0.1,"min_rate":144.44,"max_rate":146.45,"is_open":false,"enter_tag":"","leverage":1.0,"is_short":false,"open_timestamp":1750320000000,"close_timestamp":1750337100000,"orders":[{"amount":9.29,"safe_price":145.01,"ft_order_side":"buy","order_filled_timestamp":1750320000000,"ft_is_entry":true,"ft_order_tag":"","cost":1347.8164714499997},{"amount":9.29,"safe_price":144.8,"ft_order_side":"sell","order_filled_timestamp":1750337100000,"ft_is_entry":false,"ft_order_tag":"force_exit","cost":1345.864596}],"funding_fees":0.0}],"locks":[],"best_pair":{"key":"ETH/USDT:USDT","trades":27,"profit_mean":0.007482378113197578,"profit_mean_pct":0.75,"profit_sum":0.20202420905633459,"profit_sum_pct":20.2,"profit_total_abs":220.11955081,"profit_total":0.22011955080999998,"profit_total_pct":22.01,"duration_avg":"13:36:00","wins":10,"draws":0,"losses":17,"winrate":0.37037037037037035,"cagr":7.46359801590639,"expectancy":8.152575955925922,"expectancy_ratio":1.2851187057332494,"sortino":10.809261951784258,"sharpe":4.7521134481574245,"calmar":298.4063194175313,"sqn":1.5971,"profit_factor":3.0410708855763375,"max_drawdown_account":0.041449387470255825,"max_drawdown_abs":47.82037401999999},"worst_pair":{"key":"SUI/USDT:USDT","trades":0,"profit_mean":0.0,"profit_mean_pct":0.0,"profit_sum":0.0,"profit_sum_pct":0.0,"profit_total_abs":0.0,"profit_total":0.0,"profit_total_pct":0.0,"duration_avg":"0:00","wins":0,"draws":0,"losses":0,"winrate":0.0,"cagr":0.0,"expectancy":0.0,"expectancy_ratio":100.0,"sortino":0,"sharpe":0,"calmar":0,"sqn":0.0,"profit_factor":0.0,"max_drawdown_account":0.0,"max_drawdown_abs":0.0},"results_per_pair":[{"key":"ETH/USDT:USDT","trades":27,"profit_mean":0.007482378113197578,"profit_mean_pct":0.75,"profit_sum":0.20202420905633459,"profit_sum_pct":20.2,"profit_total_abs":220.11955081,"profit_total":0.22011955080999998,"profit_total_pct":22.01,"duration_avg":"13:36:00","wins":10,"draws":0,"losses":17,"winrate":0.37037037037037035,"cagr":7.46359801590639,"expectancy":8.152575955925922,"expectancy_ratio":1.2851187057332494,"sortino":10.809261951784258,"sharpe":4.7521134481574245,"calmar":298.4063194175313,"sqn":1.5971,"profit_factor":3.0410708855763375,"max_drawdown_account":0.041449387470255825,"max_drawdown_abs":47.82037401999999},{"key":"SOL/USDT:USDT","trades":3,"profit_mean":0.03962303349281874,"profit_mean_pct":3.96,"profit_sum":0.11886910047845622,"profit_sum_pct":11.89,"profit_total_abs":137.34291840000003,"profit_total":0.13734291840000004,"profit_total_pct":13.73,"duration_avg":"1 day, 2:10:00","wins":2,"draws":0,"losses":1,"winrate":0.6666666666666666,"cagr":2.9811717768046972,"expectancy":45.7809728,"expectancy_ratio":13.885361307970815,"sortino":-100,"sharpe":2.221639542815162,"calmar":2669.897242485866,"sqn":1.8638,"profit_factor":42.65608392391245,"max_drawdown_account":0.0028905417054468753,"max_drawdown_abs":3.297067449999986},{"key":"SUI/USDT:USDT","trades":0,"profit_mean":0.0,"profit_mean_pct":0.0,"profit_sum":0.0,"profit_sum_pct":0.0,"profit_total_abs":0.0,"profit_total":0.0,"profit_total_pct":0.0,"duration_avg":"0:00","wins":0,"draws":0,"losses":0,"winrate":0.0,"cagr":0.0,"expectancy":0.0,"expectancy_ratio":100.0,"sortino":0,"sharpe":0,"calmar":0,"sqn":0.0,"profit_factor":0.0,"max_drawdown_account":0.0,"max_drawdown_abs":0.0},{"key":"TOTAL","trades":30,"profit_mean":0.010696443651159697,"profit_mean_pct":1.07,"profit_sum":0.3208933095347909,"profit_sum_pct":32.09,"profit_total_abs":357.46246921000005,"profit_total":0.3574624692100001,"profit_total_pct":35.75,"duration_avg":"14:52:00","wins":12,"draws":0,"losses":18,"winrate":0.4,"cagr":25.599428460981297,"expectancy":11.915415640333332,"expectancy_ratio":1.9297574674865565,"sortino":18.02710899426932,"sharpe":6.8580860895920575,"calmar":563.8213926616374,"sqn":2.1909,"profit_factor":4.216262445810927,"max_drawdown_account":0.03562512658654546,"max_drawdown_abs":41.10089393}],"results_per_enter_tag":[{"key":"","trades":30,"profit_mean":0.010696443651159697,"profit_mean_pct":1.07,"profit_sum":0.3208933095347909,"profit_sum_pct":32.09,"profit_total_abs":357.46246921000005,"profit_total":0.3574624692100001,"profit_total_pct":35.75,"duration_avg":"14:52:00","wins":12,"draws":0,"losses":18,"winrate":0.4,"cagr":25.599428460981297,"expectancy":11.915415640333332,"expectancy_ratio":1.9297574674865565,"sortino":18.02710899426932,"sharpe":6.8580860895920575,"calmar":563.8213926616374,"sqn":2.1909,"profit_factor":4.216262445810927,"max_drawdown_account":0.03562512658654546,"max_drawdown_abs":41.10089393},{"key":"TOTAL","trades":30,"profit_mean":0.010696443651159697,"profit_mean_pct":1.07,"profit_sum":0.3208933095347909,"profit_sum_pct":32.09,"profit_total_abs":357.46246921000005,"profit_total":0.3574624692100001,"profit_total_pct":35.75,"duration_avg":"14:52:00","wins":12,"draws":0,"losses":18,"winrate":0.4,"cagr":25.599428460981297,"expectancy":11.915415640333332,"expectancy_ratio":1.9297574674865565,"sortino":18.02710899426932,"sharpe":6.8580860895920575,"calmar":563.8213926616374,"sqn":2.1909,"profit_factor":4.216262445810927,"max_drawdown_account":0.03562512658654546,"max_drawdown_abs":41.10089393}],"exit_reason_summary":[{"key":"exit_signal","trades":29,"profit_mean":0.011149639252423004,"profit_mean_pct":1.11,"profit_sum":0.32333953832026713,"profit_sum_pct":32.33,"profit_total_abs":360.75953666000004,"profit_total":0.36075953666000005,"profit_total_pct":36.08,"duration_avg":"15:12:00","wins":12,"draws":0,"losses":17,"winrate":0.41379310344827586,"cagr":26.30125010231979,"expectancy":12.439984022758619,"expectancy_ratio":1.9609576473862074,"sortino":17.71557464574428,"sharpe":6.836883799300155,"calmar":569.0218187804036,"sqn":2.2201,"profit_factor":4.345163045541177,"max_drawdown_account":0.03562512658654546,"max_drawdown_abs":41.10089393},{"key":"force_exit","trades":1,"profit_mean":-0.0024462287854762365,"profit_mean_pct":-0.24,"profit_sum":-0.0024462287854762365,"profit_sum_pct":-0.24,"profit_total_abs":-3.29706745,"profit_total":-0.0032970674500000003,"profit_total_pct":-0.33,"duration_avg":"4:45:00","wins":0,"draws":0,"losses":1,"winrate":0.0,"cagr":-0.03483235486940661,"expectancy":-3.29706745,"expectancy_ratio":-1.0,"sortino":-100,"sharpe":-100,"calmar":-56.191097572184944,"sqn":-100.0,"profit_factor":0.0,"max_drawdown_account":0.003297067449999986,"max_drawdown_abs":3.29706745},{"key":"TOTAL","trades":30,"profit_mean":0.010696443651159697,"profit_mean_pct":1.07,"profit_sum":0.3208933095347909,"profit_sum_pct":32.09,"profit_total_abs":357.46246921000005,"profit_total":0.3574624692100001,"profit_total_pct":35.75,"duration_avg":"14:52:00","wins":12,"draws":0,"losses":18,"winrate":0.4,"cagr":25.599428460981297,"expectancy":11.915415640333332,"expectancy_ratio":1.9297574674865565,"sortino":18.02710899426932,"sharpe":6.8580860895920575,"calmar":563.8213926616374,"sqn":2.1909,"profit_factor":4.216262445810927,"max_drawdown_account":0.03562512658654546,"max_drawdown_abs":41.10089393}],"mix_tag_stats":[{"key":["","exit_signal"],"trades":29,"profit_mean":0.011149639252423004,"profit_mean_pct":1.11,"profit_sum":0.32333953832026713,"profit_sum_pct":32.33,"profit_total_abs":360.75953666000004,"profit_total":0.36075953666000005,"profit_total_pct":36.08,"duration_avg":"15:12:00","wins":12,"draws":0,"losses":17,"winrate":0.41379310344827586,"cagr":26.30125010231979,"expectancy":12.439984022758619,"expectancy_ratio":1.9609576473862074,"sortino":17.71557464574428,"sharpe":6.836883799300155,"calmar":569.0218187804036,"sqn":2.2201,"profit_factor":4.345163045541177,"max_drawdown_account":0.03562512658654546,"max_drawdown_abs":41.10089393},{"key":["","force_exit"],"trades":1,"profit_mean":-0.0024462287854762365,"profit_mean_pct":-0.24,"profit_sum":-0.0024462287854762365,"profit_sum_pct":-0.24,"profit_total_abs":-3.29706745,"profit_total":-0.0032970674500000003,"profit_total_pct":-0.33,"duration_avg":"4:45:00","wins":0,"draws":0,"losses":1,"winrate":0.0,"cagr":-0.03483235486940661,"expectancy":-3.29706745,"expectancy_ratio":-1.0,"sortino":-100,"sharpe":-100,"calmar":-56.191097572184944,"sqn":-100.0,"profit_factor":0.0,"max_drawdown_account":0.003297067449999986,"max_drawdown_abs":3.29706745},{"key":"TOTAL","trades":30,"profit_mean":0.010696443651159697,"profit_mean_pct":1.07,"profit_sum":0.3208933095347909,"profit_sum_pct":32.09,"profit_total_abs":357.46246921000005,"profit_total":0.3574624692100001,"profit_total_pct":35.75,"duration_avg":"14:52:00","wins":12,"draws":0,"losses":18,"winrate":0.4,"cagr":25.599428460981297,"expectancy":11.915415640333332,"expectancy_ratio":1.9297574674865565,"sortino":18.02710899426932,"sharpe":6.8580860895920575,"calmar":563.8213926616374,"sqn":2.1909,"profit_factor":4.216262445810927,"max_drawdown_account":0.03562512658654546,"max_drawdown_abs":41.10089393}],"left_open_trades":[{"key":"SOL/USDT:USDT","trades":1,"profit_mean":-0.0024462287854762365,"profit_mean_pct":-0.24,"profit_sum":-0.0024462287854762365,"profit_sum_pct":-0.24,"profit_total_abs":-3.29706745,"profit_total":-0.0032970674500000003,"profit_total_pct":-0.33,"duration_avg":"4:45:00","wins":0,"draws":0,"losses":1,"winrate":0.0,"cagr":-0.03483235486940661,"expectancy":-3.29706745,"expectancy_ratio":-1.0,"sortino":-100,"sharpe":-100,"calmar":-56.191097572184944,"sqn":-100.0,"profit_factor":0.0,"max_drawdown_account":0.003297067449999986,"max_drawdown_abs":3.29706745},{"key":"TOTAL","trades":1,"profit_mean":-0.0024462287854762365,"profit_mean_pct":-0.24,"profit_sum":-0.0024462287854762365,"profit_sum_pct":-0.24,"profit_total_abs":-3.29706745,"profit_total":-0.0032970674500000003,"profit_total_pct":-0.33,"duration_avg":"4:45:00","wins":0,"draws":0,"losses":1,"winrate":0.0,"cagr":-0.03483235486940661,"expectancy":-3.29706745,"expectancy_ratio":-1.0,"sortino":-100,"sharpe":-100,"calmar":-56.191097572184944,"sqn":-100.0,"profit_factor":0.0,"max_drawdown_account":0.003297067449999986,"max_drawdown_abs":3.29706745}],"total_trades":30,"trade_count_long":30,"trade_count_short":0,"total_volume":68904.17958235499,"avg_stake_amount":1141.2538496666666,"profit_mean":0.010696443651159697,"profit_median":-0.00011613470702839541,"profit_total":0.3574624692100001,"profit_total_long":0.3574624692100001,"profit_total_short":0.0,"profit_total_abs":357.46246921000005,"profit_total_long_abs":357.46246921000005,"profit_total_short_abs":0.0,"cagr":25.599428460981297,"expectancy":11.915415640333332,"expectancy_ratio":1.9297574674865565,"sortino":18.02710899426932,"sharpe":6.8580860895920575,"calmar":563.8213926616374,"sqn":2.1909,"profit_factor":4.216262445810927,"backtest_start":"2025-05-16 00:00:00","backtest_start_ts":1747353600000,"backtest_end":"2025-06-19 12:45:00","backtest_end_ts":1750337100000,"backtest_days":34,"backtest_run_start_ts":1750339508,"backtest_run_end_ts":1750339508,"trades_per_day":0.88,"market_change":-0.14767569922319124,"pairlist":["SOL/USDT:USDT","ETH/USDT:USDT","SUI/USDT:USDT"],"stake_amount":"unlimited","stake_currency":"USDT","stake_currency_decimals":3,"starting_balance":1000,"dry_run_wallet":1000,"final_balance":1357.46246921,"rejected_signals":185,"timedout_entry_orders":0,"timedout_exit_orders":0,"canceled_trade_entries":0,"canceled_entry_orders":0,"replaced_entry_orders":0,"max_open_trades":1,"max_open_trades_setting":1,"timeframe":"15m","timeframe_detail":"","timerange":"","enable_protections":false,"strategy_name":"GridBotSample","stoploss":-0.1,"trailing_stop":false,"trailing_stop_positive":null,"trailing_stop_positive_offset":0.0,"trailing_only_offset_is_reached":false,"use_custom_stoploss":false,"minimal_roi":{},"use_exit_signal":true,"exit_profit_only":false,"exit_profit_offset":0.0,"ignore_roi_if_entry_signal":false,"trading_mode":"futures","margin_mode":"isolated","periodic_breakdown":{"day":[{"date":"18/05/2025","date_ts":1747526400000,"profit_abs":-40.81939618,"wins":0,"draws":0,"losses":2,"trades":2,"profit_factor":0.0},{"date":"19/05/2025","date_ts":1747612800000,"profit_abs":0.0,"wins":0,"draws":0,"losses":0,"trades":0,"profit_factor":0.0},{"date":"20/05/2025","date_ts":1747699200000,"profit_abs":0.0,"wins":0,"draws":0,"losses":0,"trades":0,"profit_factor":0.0},{"date":"21/05/2025","date_ts":1747785600000,"profit_abs":0.0,"wins":0,"draws":0,"losses":0,"trades":0,"profit_factor":0.0},{"date":"22/05/2025","date_ts":1747872000000,"profit_abs":77.65286803,"wins":1,"draws":0,"losses":0,"trades":1,"profit_factor":0.0},{"date":"23/05/2025","date_ts":1747958400000,"profit_abs":0.0,"wins":0,"draws":0,"losses":0,"trades":0,"profit_factor":0.0},{"date":"24/05/2025","date_ts":1748044800000,"profit_abs":18.22250519,"wins":1,"draws":0,"losses":0,"trades":1,"profit_factor":0.0},{"date":"25/05/2025","date_ts":1748131200000,"profit_abs":7.15929682,"wins":1,"draws":0,"losses":1,"trades":2,"profit_factor":107.32014804},{"date":"26/05/2025","date_ts":1748217600000,"profit_abs":0.0,"wins":0,"draws":0,"losses":0,"trades":0,"profit_factor":0.0},{"date":"27/05/2025","date_ts":1748304000000,"profit_abs":47.37498091,"wins":1,"draws":0,"losses":0,"trades":1,"profit_factor":0.0},{"date":"28/05/2025","date_ts":1748390400000,"profit_abs":0.0,"wins":0,"draws":0,"losses":0,"trades":0,"profit_factor":0.0},{"date":"29/05/2025","date_ts":1748476800000,"profit_abs":0.0,"wins":0,"draws":0,"losses":0,"trades":0,"profit_factor":0.0},{"date":"30/05/2025","date_ts":1748563200000,"profit_abs":0.0,"wins":0,"draws":0,"losses":0,"trades":0,"profit_factor":0.0},{"date":"31/05/2025","date_ts":1748649600000,"profit_abs":-3.3842062,"wins":0,"draws":0,"losses":1,"trades":1,"profit_factor":0.0},{"date":"01/06/2025","date_ts":1748736000000,"profit_abs":-2.78965001,"wins":0,"draws":0,"losses":1,"trades":1,"profit_factor":0.0},{"date":"02/06/2025","date_ts":1748822400000,"profit_abs":0.0,"wins":0,"draws":0,"losses":0,"trades":0,"profit_factor":0.0},{"date":"03/06/2025","date_ts":1748908800000,"profit_abs":50.28880527,"wins":1,"draws":0,"losses":0,"trades":1,"profit_factor":0.0},{"date":"04/06/2025","date_ts":1748995200000,"profit_abs":0.0,"wins":0,"draws":0,"losses":0,"trades":0,"profit_factor":0.0},{"date":"05/06/2025","date_ts":1749081600000,"profit_abs":-41.10089393,"wins":0,"draws":0,"losses":1,"trades":1,"profit_factor":0.0},{"date":"06/06/2025","date_ts":1749168000000,"profit_abs":72.20782794,"wins":1,"draws":0,"losses":0,"trades":1,"profit_factor":0.0},{"date":"07/06/2025","date_ts":1749254400000,"profit_abs":7.31592717,"wins":2,"draws":0,"losses":4,"trades":6,"profit_factor":2.57754156},{"date":"08/06/2025","date_ts":1749340800000,"profit_abs":-6.46651435,"wins":1,"draws":0,"losses":6,"trades":7,"profit_factor":0.53927134},{"date":"09/06/2025","date_ts":1749427200000,"profit_abs":54.27862528,"wins":1,"draws":0,"losses":0,"trades":1,"profit_factor":0.0},{"date":"10/06/2025","date_ts":1749513600000,"profit_abs":0.0,"wins":0,"draws":0,"losses":0,"trades":0,"profit_factor":0.0},{"date":"11/06/2025","date_ts":1749600000000,"profit_abs":0.0,"wins":0,"draws":0,"losses":0,"trades":0,"profit_factor":0.0},{"date":"12/06/2025","date_ts":1749686400000,"profit_abs":0.0,"wins":0,"draws":0,"losses":0,"trades":0,"profit_factor":0.0},{"date":"13/06/2025","date_ts":1749772800000,"profit_abs":0.0,"wins":0,"draws":0,"losses":0,"trades":0,"profit_factor":0.0},{"date":"14/06/2025","date_ts":1749859200000,"profit_abs":0.0,"wins":0,"draws":0,"losses":0,"trades":0,"profit_factor":0.0},{"date":"15/06/2025","date_ts":1749945600000,"profit_abs":68.43215791,"wins":1,"draws":0,"losses":0,"trades":1,"profit_factor":0.0},{"date":"16/06/2025","date_ts":1750032000000,"profit_abs":53.39789047,"wins":1,"draws":0,"losses":0,"trades":1,"profit_factor":0.0},{"date":"17/06/2025","date_ts":1750118400000,"profit_abs":0.0,"wins":0,"draws":0,"losses":0,"trades":0,"profit_factor":0.0},{"date":"18/06/2025","date_ts":1750204800000,"profit_abs":0.0,"wins":0,"draws":0,"losses":0,"trades":0,"profit_factor":0.0},{"date":"19/06/2025","date_ts":1750291200000,"profit_abs":-4.30775511,"wins":0,"draws":0,"losses":2,"trades":2,"profit_factor":0.0}],"week":[{"date":"19/05/2025","date_ts":1747612800000,"profit_abs":-40.81939618,"wins":0,"draws":0,"losses":2,"trades":2,"profit_factor":0.0},{"date":"26/05/2025","date_ts":1748217600000,"profit_abs":103.03467004,"wins":3,"draws":0,"losses":1,"trades":4,"profit_factor":1531.13091197},{"date":"02/06/2025","date_ts":1748822400000,"profit_abs":41.2011247,"wins":1,"draws":0,"losses":2,"trades":3,"profit_factor":7.67348304},{"date":"09/06/2025","date_ts":1749427200000,"profit_abs":136.52377738,"wins":6,"draws":0,"losses":11,"trades":17,"profit_factor":3.28400506},{"date":"16/06/2025","date_ts":1750032000000,"profit_abs":121.83004838,"wins":2,"draws":0,"losses":0,"trades":2,"profit_factor":0.0},{"date":"23/06/2025","date_ts":1750636800000,"profit_abs":-4.30775511,"wins":0,"draws":0,"losses":2,"trades":2,"profit_factor":0.0}],"month":[{"date":"31/05/2025","date_ts":1748649600000,"profit_abs":106.20604857,"wins":4,"draws":0,"losses":4,"trades":8,"profit_factor":3.39900146},{"date":"30/06/2025","date_ts":1751241600000,"profit_abs":251.25642064,"wins":8,"draws":0,"losses":14,"trades":22,"profit_factor":4.75731572}],"year":[{"date":"31/12/2025","date_ts":1767139200000,"profit_abs":357.46246921,"wins":12,"draws":0,"losses":18,"trades":30,"profit_factor":4.21626245}]},"backtest_best_day":0.08182421986096013,"backtest_worst_day":-0.04155413334505198,"backtest_best_day_abs":77.65286803,"backtest_worst_day_abs":-41.10089393,"winning_days":10,"draw_days":17,"losing_days":6,"daily_profit":[["2025-05-18",-40.81939618],["2025-05-19",0.0],["2025-05-20",0.0],["2025-05-21",0.0],["2025-05-22",77.65286803],["2025-05-23",0.0],["2025-05-24",18.22250519],["2025-05-25",7.15929682],["2025-05-26",0.0],["2025-05-27",47.37498091],["2025-05-28",0.0],["2025-05-29",0.0],["2025-05-30",0.0],["2025-05-31",-3.3842062],["2025-06-01",-2.78965001],["2025-06-02",0.0],["2025-06-03",50.28880527],["2025-06-04",0.0],["2025-06-05",-41.10089393],["2025-06-06",72.20782794],["2025-06-07",7.31592717],["2025-06-08",-6.46651435],["2025-06-09",54.27862528],["2025-06-10",0.0],["2025-06-11",0.0],["2025-06-12",0.0],["2025-06-13",0.0],["2025-06-14",0.0],["2025-06-15",68.43215791],["2025-06-16",53.39789047],["2025-06-17",0.0],["2025-06-18",0.0],["2025-06-19",-4.30775511]],"wins":12,"losses":18,"draws":0,"winrate":0.4,"holding_avg":"14:52:00","holding_avg_s":53520.0,"winner_holding_min":"0d 00:15","winner_holding_min_s":900.0,"winner_holding_max":"2d 14:00","winner_holding_max_s":223200.0,"winner_holding_avg":"1d 01:45","winner_holding_avg_s":92700.0,"loser_holding_min":"0d 00:15","loser_holding_min_s":900.0,"loser_holding_max":"1d 16:30","loser_holding_max_s":145800.0,"loser_holding_avg":"0d 07:36","loser_holding_avg_s":27360.0,"max_consecutive_wins":4,"max_consecutive_losses":6,"max_drawdown_account":0.03562512658654546,"max_relative_drawdown":0.040819396180000016,"max_drawdown_abs":41.10089393,"drawdown_start":"2025-06-03 01:45:00","drawdown_start_ts":1748915100000.0,"drawdown_end":"2025-06-05 20:45:00","drawdown_end_ts":1749156300000.0,"max_drawdown_low":112.60430990000002,"max_drawdown_high":153.70520383000002,"csum_min":959.18060382,"csum_max":1361.77022432}},"strategy_comparison":[{"key":"GridBotSample","trades":30,"profit_mean":0.010696443651159697,"profit_mean_pct":1.07,"profit_sum":0.3208933095347909,"profit_sum_pct":32.09,"profit_total_abs":357.46246921000005,"profit_total":0.3574624692100001,"profit_total_pct":35.75,"duration_avg":"14:52:00","wins":12,"draws":0,"losses":18,"winrate":0.4,"cagr":25.599428460981297,"expectancy":11.915415640333332,"expectancy_ratio":1.9297574674865565,"sortino":18.02710899426932,"sharpe":6.8580860895920575,"calmar":563.8213926616374,"sqn":2.1909,"profit_factor":4.216262445810927,"max_drawdown_account":0.03562512658654546,"max_drawdown_abs":"41.101"}]}