{"strategy":{"GridBotSample":{"trades":[{"pair":"ETH/USDT:USDT","stake_amount":245.14907,"max_stake_amount":245.14907,"amount":0.097,"open_date":"2025-05-17 00:15:00+00:00","close_date":"2025-05-18 04:30:00+00:00","open_rate":2527.31,"close_rate":2481.15,"fee_open":0.0005,"fee_close":0.0005,"trade_duration":1695,"profit_ratio":-0.019302551662568602,"profit_abs":-4.73436859,"exit_reason":"exit_signal","initial_stop_loss_abs":2274.58,"initial_stop_loss_ratio":-0.1,"stop_loss_abs":2274.58,"stop_loss_ratio":-0.1,"min_rate":2442.65,"max_rate":2527.31,"is_open":false,"enter_tag":"","leverage":1.0,"is_short":false,"open_timestamp":1747440900000,"close_timestamp":1747542600000,"orders":[{"amount":0.097,"safe_price":2527.31,"ft_order_side":"buy","order_filled_timestamp":1747440900000,"ft_is_entry":true,"ft_order_tag":"","cost":245.27164453499998},{"amount":0.097,"safe_price":2481.15,"ft_order_side":"sell","order_filled_timestamp":1747542600000,"ft_is_entry":false,"ft_order_tag":"exit_signal","cost":240.79188577500003}],"funding_fees":-0.013938284281247128},{"pair":"ETH/USDT:USDT","stake_amount":246.20904,"max_stake_amount":246.20904,"amount":0.099,"open_date":"2025-05-18 04:45:00+00:00","close_date":"2025-05-18 20:00:00+00:00","open_rate":2486.96,"close_rate":2406.78,"fee_open":0.0005,"fee_close":0.0005,"trade_duration":915,"profit_ratio":-0.0332582649981145,"profit_abs":-8.19257974,"exit_reason":"exit_signal","initial_stop_loss_abs":2238.27,"initial_stop_loss_ratio":-0.1,"stop_loss_abs":2238.27,"stop_loss_ratio":-0.1,"min_rate":2312.62,"max_rate":2587.52,"is_open":false,"enter_tag":"","leverage":1.0,"is_short":false,"open_timestamp":1747543500000,"close_timestamp":1747598400000,"orders":[{"amount":0.099,"safe_price":2486.96,"ft_order_side":"buy","order_filled_timestamp":1747543500000,"ft_is_entry":true,"ft_order_tag":"","cost":246.33214452},{"amount":0.099,"safe_price":2406.78,"ft_order_side":"sell","order_filled_timestamp":1747598400000,"ft_is_entry":false,"ft_order_tag":"exit_signal","cost":238.39035561000003}],"funding_fees":-0.012519612444500281},{"pair":"ETH/USDT:USDT","stake_amount":243.217,"max_stake_amount":243.217,"amount":0.1,"open_date":"2025-05-19 13:45:00+00:00","close_date":"2025-05-22 03:45:00+00:00","open_rate":2432.17,"close_rate":2634.82,"fee_open":0.0005,"fee_close":0.0005,"trade_duration":3720,"profit_ratio":0.08182421985042296,"profit_abs":19.9109918,"exit_reason":"exit_signal","initial_stop_loss_abs":2188.96,"initial_stop_loss_ratio":-0.1,"stop_loss_abs":2188.96,"stop_loss_ratio":-0.1,"min_rate":2416.4,"max_rate":2647.25,"is_open":false,"enter_tag":"","leverage":1.0,"is_short":false,"open_timestamp":1747662300000,"close_timestamp":1747885500000,"orders":[{"amount":0.1,"safe_price":2432.17,"ft_order_side":"buy","order_filled_timestamp":1747662300000,"ft_is_entry":true,"ft_order_tag":"","cost":243.3386085},{"amount":0.1,"safe_price":2634.82,"ft_order_side":"sell","order_filled_timestamp":1747885500000,"ft_is_entry":false,"ft_order_tag":"exit_signal","cost":263.613741}],"funding_fees":-0.10065869617138175},{"pair":"ETH/USDT:USDT","stake_amount":247.8077,"max_stake_amount":247.8077,"amount":0.098,"open_date":"2025-05-23 23:30:00+00:00","close_date":"2025-05-24 18:15:00+00:00","open_rate":2528.65,"close_rate":2561.57,"fee_open":0.0005,"fee_close":0.0005,"trade_duration":1125,"profit_ratio":0.0118445346797203,"profit_abs":2.93663448,"exit_reason":"exit_signal","initial_stop_loss_abs":2275.79,"initial_stop_loss_ratio":-0.1,"stop_loss_abs":2275.79,"stop_loss_ratio":-0.1,"min_rate":2502.1,"max_rate":2574.5,"is_open":false,"enter_tag":"","leverage":1.0,"is_short":false,"open_timestamp":1748043000000,"close_timestamp":1748110500000,"orders":[{"amount":0.098,"safe_price":2528.65,"ft_order_side":"buy","order_filled_timestamp":1748043000000,"ft_is_entry":true,"ft_order_tag":"","cost":247.93160385},{"amount":0.098,"safe_price":2561.57,"ft_order_side":"sell","order_filled_timestamp":1748110500000,"ft_is_entry":false,"ft_order_tag":"exit_signal","cost":251.15937693}],"funding_fees":-0.04010474460684107},{"pair":"ETH/USDT:USDT","stake_amount":249.9057,"max_stake_amount":249.9057,"amount":0.099,"open_date":"2025-05-24 23:00:00+00:00","close_date":"2025-05-25 19:00:00+00:00","open_rate":2524.3,"close_rate":2514.89,"fee_open":0.0005,"fee_close":0.0005,"trade_duration":1200,"profit_ratio":-0.00490542281924054,"profit_abs":-1.22650607,"exit_reason":"exit_signal","initial_stop_loss_abs":2271.88,"initial_stop_loss_ratio":-0.1,"stop_loss_abs":2271.88,"stop_loss_ratio":-0.1,"min_rate":2457.6,"max_rate":2538.38,"is_open":false,"enter_tag":"","leverage":1.0,"is_short":false,"open_timestamp":1748127600000,"close_timestamp":1748199600000,"orders":[{"amount":0.099,"safe_price":2524.3,"ft_order_side":"buy","order_filled_timestamp":1748127600000,"ft_is_entry":true,"ft_order_tag":"","cost":250.03065285000002},{"amount":0.099,"safe_price":2514.89,"ft_order_side":"sell","order_filled_timestamp":1748199600000,"ft_is_entry":false,"ft_order_tag":"exit_signal","cost":249.09859705499997}],"funding_fees":-0.0454761612954},{"pair":"ETH/USDT:USDT","stake_amount":249.5097,"max_stake_amount":249.5097,"amount":0.099,"open_date":"2025-05-25 19:30:00+00:00","close_date":"2025-05-25 21:00:00+00:00","open_rate":2520.3,"close_rate":2522.66,"fee_open":0.0005,"fee_close":0.0005,"trade_duration":90,"profit_ratio":-6.403971763275209e-05,"profit_abs":-0.01598652,"exit_reason":"exit_signal","initial_stop_loss_abs":2268.28,"initial_stop_loss_ratio":-0.1,"stop_loss_abs":2268.28,"stop_loss_ratio":-0.1,"min_rate":2509.69,"max_rate":2537.0,"is_open":false,"enter_tag":"","leverage":1.0,"is_short":false,"open_timestamp":1748201400000,"close_timestamp":1748206800000,"orders":[{"amount":0.099,"safe_price":2520.3,"ft_order_side":"buy","order_filled_timestamp":1748201400000,"ft_is_entry":true,"ft_order_tag":"","cost":249.63445485000003},{"amount":0.099,"safe_price":2522.66,"ft_order_side":"sell","order_filled_timestamp":1748206800000,"ft_is_entry":false,"ft_order_tag":"exit_signal","cost":249.86821166999997}],"funding_fees":0.0},{"pair":"ETH/USDT:USDT","stake_amount":249.52257,"max_stake_amount":249.52257,"amount":0.099,"open_date":"2025-05-25 21:30:00+00:00","close_date":"2025-05-27 08:30:00+00:00","open_rate":2520.43,"close_rate":2637.32,"fee_open":0.0005,"fee_close":0.0005,"trade_duration":2100,"profit_ratio":0.045052745295161865,"profit_abs":11.24729763,"exit_reason":"exit_signal","initial_stop_loss_abs":2268.39,"initial_stop_loss_ratio":-0.1,"stop_loss_abs":2268.39,"stop_loss_ratio":-0.1,"min_rate":2506.08,"max_rate":2643.44,"is_open":false,"enter_tag":"","leverage":1.0,"is_short":false,"open_timestamp":1748208600000,"close_timestamp":1748334600000,"orders":[{"amount":0.099,"safe_price":2520.43,"ft_order_side":"buy","order_filled_timestamp":1748208600000,"ft_is_entry":true,"ft_order_tag":"","cost":249.64733128499998},{"amount":0.099,"safe_price":2637.32,"ft_order_side":"sell","order_filled_timestamp":1748334600000,"ft_is_entry":false,"ft_order_tag":"exit_signal","cost":261.22522734}],"funding_fees":-0.06950374890794217},{"pair":"ETH/USDT:USDT","stake_amount":252.357,"max_stake_amount":252.357,"amount":0.1,"open_date":"2025-05-30 22:45:00+00:00","close_date":"2025-05-31 12:00:00+00:00","open_rate":2523.57,"close_rate":2518.6,"fee_open":0.0005,"fee_close":0.0005,"trade_duration":795,"profit_ratio":-0.003081308008802654,"profit_abs":-0.77797844,"exit_reason":"exit_signal","initial_stop_loss_abs":2271.22,"initial_stop_loss_ratio":-0.1,"stop_loss_abs":2271.22,"stop_loss_ratio":-0.1,"min_rate":2474.0,"max_rate":2543.45,"is_open":false,"enter_tag":"","leverage":1.0,"is_short":false,"open_timestamp":1748645100000,"close_timestamp":1748692800000,"orders":[{"amount":0.1,"safe_price":2523.57,"ft_order_side":"buy","order_filled_timestamp":1748645100000,"ft_is_entry":true,"ft_order_tag":"","cost":252.4831785},{"amount":0.1,"safe_price":2518.6,"ft_order_side":"sell","order_filled_timestamp":1748692800000,"ft_is_entry":false,"ft_order_tag":"exit_signal","cost":251.98593}],"funding_fees":-0.02886993606432292},{"pair":"ETH/USDT:USDT","stake_amount":250.40961,"max_stake_amount":250.40961,"amount":0.099,"open_date":"2025-05-31 12:15:00+00:00","close_date":"2025-05-31 19:00:00+00:00","open_rate":2529.39,"close_rate":2538.82,"fee_open":0.0005,"fee_close":0.0005,"trade_duration":405,"profit_ratio":0.0026975074523116235,"profit_abs":0.67581953,"exit_reason":"exit_signal","initial_stop_loss_abs":2276.46,"initial_stop_loss_ratio":-0.1,"stop_loss_abs":2276.46,"stop_loss_ratio":-0.1,"min_rate":2521.05,"max_rate":2550.0,"is_open":false,"enter_tag":"","leverage":1.0,"is_short":false,"open_timestamp":1748693700000,"close_timestamp":1748718000000,"orders":[{"amount":0.099,"safe_price":2529.39,"ft_order_side":"buy","order_filled_timestamp":1748693700000,"ft_is_entry":true,"ft_order_tag":"","cost":250.53481480499997},{"amount":0.099,"safe_price":2538.82,"ft_order_side":"sell","order_filled_timestamp":1748718000000,"ft_is_entry":false,"ft_order_tag":"exit_signal","cost":251.46885159}],"funding_fees":-0.006874075338606056},{"pair":"ETH/USDT:USDT","stake_amount":250.41654,"max_stake_amount":250.41654,"amount":0.099,"open_date":"2025-05-31 23:45:00+00:00","close_date":"2025-06-01 05:45:00+00:00","open_rate":2529.46,"close_rate":2515.81,"fee_open":0.0005,"fee_close":0.0005,"trade_duration":360,"profit_ratio":-0.0064656072338662145,"profit_abs":-1.61990454,"exit_reason":"exit_signal","initial_stop_loss_abs":2276.52,"initial_stop_loss_ratio":-0.1,"stop_loss_abs":2276.52,"stop_loss_ratio":-0.1,"min_rate":2488.52,"max_rate":2530.45,"is_open":false,"enter_tag":"","leverage":1.0,"is_short":false,"open_timestamp":1748735100000,"close_timestamp":1748756700000,"orders":[{"amount":0.099,"safe_price":2529.46,"ft_order_side":"buy","order_filled_timestamp":1748735100000,"ft_is_entry":true,"ft_order_tag":"","cost":250.54174827},{"amount":0.099,"safe_price":2515.81,"ft_order_side":"sell","order_filled_timestamp":1748756700000,"ft_is_entry":false,"ft_order_tag":"exit_signal","cost":249.18972259499998}],"funding_fees":-0.018813679632},{"pair":"ETH/USDT:USDT","stake_amount":251.746,"max_stake_amount":251.746,"amount":0.1,"open_date":"2025-06-01 06:00:00+00:00","close_date":"2025-06-03 01:45:00+00:00","open_rate":2517.46,"close_rate":2636.84,"fee_open":0.0005,"fee_close":0.0005,"trade_duration":2625,"profit_ratio":0.04611091604500039,"profit_abs":11.61404279,"exit_reason":"exit_signal","initial_stop_loss_abs":2265.72,"initial_stop_loss_ratio":-0.1,"stop_loss_abs":2265.72,"stop_loss_ratio":-0.1,"min_rate":2465.0,"max_rate":2649.0,"is_open":false,"enter_tag":"","leverage":1.0,"is_short":false,"open_timestamp":1748757600000,"close_timestamp":1748915100000,"orders":[{"amount":0.1,"safe_price":2517.46,"ft_order_side":"buy","order_filled_timestamp":1748757600000,"ft_is_entry":true,"ft_order_tag":"","cost":251.871873},{"amount":0.1,"safe_price":2636.84,"ft_order_side":"sell","order_filled_timestamp":1748915100000,"ft_is_entry":false,"ft_order_tag":"exit_signal","cost":263.81584200000003}],"funding_fees":-0.06624221152047349},{"pair":"ETH/USDT:USDT","stake_amount":252.808,"max_stake_amount":252.808,"amount":0.1,"open_date":"2025-06-05 20:00:00+00:00","close_date":"2025-06-05 20:45:00+00:00","open_rate":2528.08,"close_rate":2417.7,"fee_open":0.0005,"fee_close":0.0005,"trade_duration":45,"profit_ratio":-0.044617453464337736,"profit_abs":-11.285289,"exit_reason":"exit_signal","initial_stop_loss_abs":2275.28,"initial_stop_loss_ratio":-0.1,"stop_loss_abs":2275.28,"stop_loss_ratio":-0.1,"min_rate":2392.32,"max_rate":2534.79,"is_open":false,"enter_tag":"","leverage":1.0,"is_short":false,"open_timestamp":1749153600000,"close_timestamp":1749156300000,"orders":[{"amount":0.1,"safe_price":2528.08,"ft_order_side":"buy","order_filled_timestamp":1749153600000,"ft_is_entry":true,"ft_order_tag":"","cost":252.93440399999997},{"amount":0.1,"safe_price":2417.7,"ft_order_side":"sell","order_filled_timestamp":1749156300000,"ft_is_entry":false,"ft_order_tag":"exit_signal","cost":241.89088499999997}],"funding_fees":0.0},{"pair":"ETH/USDT:USDT","stake_amount":250.7535,"max_stake_amount":250.7535,"amount":0.103,"open_date":"2025-06-06 03:00:00+00:00","close_date":"2025-06-07 08:45:00+00:00","open_rate":2434.5,"close_rate":2485.35,"fee_open":0.0005,"fee_close":0.0005,"trade_duration":1785,"profit_ratio":0.019668409010444917,"profit_abs":4.93438836,"exit_reason":"exit_signal","initial_stop_loss_abs":2191.05,"initial_stop_loss_ratio":-0.1,"stop_loss_abs":2191.05,"stop_loss_ratio":-0.1,"min_rate":2427.12,"max_rate":2529.67,"is_open":false,"enter_tag":"","leverage":1.0,"is_short":false,"open_timestamp":1749178800000,"close_timestamp":1749285900000,"orders":[{"amount":0.103,"safe_price":2434.5,"ft_order_side":"buy","order_filled_timestamp":1749178800000,"ft_is_entry":true,"ft_order_tag":"","cost":250.87887674999996},{"amount":0.103,"safe_price":2485.35,"ft_order_side":"sell","order_filled_timestamp":1749285900000,"ft_is_entry":false,"ft_order_tag":"exit_signal","cost":256.11904552499993}],"funding_fees":-0.049789360056777573},{"pair":"ETH/USDT:USDT","stake_amount":253.22826,"max_stake_amount":253.22826,"amount":0.102,"open_date":"2025-06-07 09:00:00+00:00","close_date":"2025-06-07 10:00:00+00:00","open_rate":2482.63,"close_rate":2485.01,"fee_open":0.0005,"fee_close":0.0005,"trade_duration":60,"profit_ratio":-4.179765649413283e-05,"profit_abs":-0.01058964,"exit_reason":"exit_signal","initial_stop_loss_abs":2234.37,"initial_stop_loss_ratio":-0.1,"stop_loss_abs":2234.37,"stop_loss_ratio":-0.1,"min_rate":2481.91,"max_rate":2489.36,"is_open":false,"enter_tag":"","leverage":1.0,"is_short":false,"open_timestamp":1749286800000,"close_timestamp":1749290400000,"orders":[{"amount":0.102,"safe_price":2482.63,"ft_order_side":"buy","order_filled_timestamp":1749286800000,"ft_is_entry":true,"ft_order_tag":"","cost":253.35487412999998},{"amount":0.102,"safe_price":2485.01,"ft_order_side":"sell","order_filled_timestamp":1749290400000,"ft_is_entry":false,"ft_order_tag":"exit_signal","cost":253.59775550999998}],"funding_fees":0.0},{"pair":"ETH/USDT:USDT","stake_amount":251.34456,"max_stake_amount":251.34456,"amount":0.101,"open_date":"2025-06-07 10:15:00+00:00","close_date":"2025-06-07 20:00:00+00:00","open_rate":2488.56,"close_rate":2515.78,"fee_open":0.0005,"fee_close":0.0005,"trade_duration":585,"profit_ratio":0.009859303892634874,"profit_abs":2.47932144,"exit_reason":"exit_signal","initial_stop_loss_abs":2239.71,"initial_stop_loss_ratio":-0.1,"stop_loss_abs":2239.71,"stop_loss_ratio":-0.1,"min_rate":2487.11,"max_rate":2524.9,"is_open":false,"enter_tag":"","leverage":1.0,"is_short":false,"open_timestamp":1749291300000,"close_timestamp":1749326400000,"orders":[{"amount":0.101,"safe_price":2488.56,"ft_order_side":"buy","order_filled_timestamp":1749291300000,"ft_is_entry":true,"ft_order_tag":"","cost":251.47023227999998},{"amount":0.101,"safe_price":2515.78,"ft_order_side":"sell","order_filled_timestamp":1749326400000,"ft_is_entry":false,"ft_order_tag":"exit_signal","cost":254.22082689}],"funding_fees":-0.01717938732413911},{"pair":"ETH/USDT:USDT","stake_amount":252.375,"max_stake_amount":252.375,"amount":0.1,"open_date":"2025-06-07 20:15:00+00:00","close_date":"2025-06-07 21:00:00+00:00","open_rate":2523.75,"close_rate":2520.75,"fee_open":0.0005,"fee_close":0.0005,"trade_duration":45,"profit_ratio":-0.0021870194174829377,"profit_abs":-0.552225,"exit_reason":"exit_signal","initial_stop_loss_abs":2271.38,"initial_stop_loss_ratio":-0.1,"stop_loss_abs":2271.38,"stop_loss_ratio":-0.1,"min_rate":2517.28,"max_rate":2524.12,"is_open":false,"enter_tag":"","leverage":1.0,"is_short":false,"open_timestamp":1749327300000,"close_timestamp":1749330000000,"orders":[{"amount":0.1,"safe_price":2523.75,"ft_order_side":"buy","order_filled_timestamp":1749327300000,"ft_is_entry":true,"ft_order_tag":"","cost":252.5011875},{"amount":0.1,"safe_price":2520.75,"ft_order_side":"sell","order_filled_timestamp":1749330000000,"ft_is_entry":false,"ft_order_tag":"exit_signal","cost":252.2010375}],"funding_fees":0.0},{"pair":"ETH/USDT:USDT","stake_amount":251.879,"max_stake_amount":251.879,"amount":0.1,"open_date":"2025-06-07 21:15:00+00:00","close_date":"2025-06-07 21:30:00+00:00","open_rate":2518.79,"close_rate":2519.35,"fee_open":0.0005,"fee_close":0.0005,"trade_duration":15,"profit_ratio":-0.0007773934923208122,"profit_abs":-0.195907,"exit_reason":"exit_signal","initial_stop_loss_abs":2266.92,"initial_stop_loss_ratio":-0.1,"stop_loss_abs":2266.92,"stop_loss_ratio":-0.1,"min_rate":2517.22,"max_rate":2522.38,"is_open":false,"enter_tag":"","leverage":1.0,"is_short":false,"open_timestamp":1749330900000,"close_timestamp":1749331800000,"orders":[{"amount":0.1,"safe_price":2518.79,"ft_order_side":"buy","order_filled_timestamp":1749330900000,"ft_is_entry":true,"ft_order_tag":"","cost":252.0049395},{"amount":0.1,"safe_price":2519.35,"ft_order_side":"sell","order_filled_timestamp":1749331800000,"ft_is_entry":false,"ft_order_tag":"exit_signal","cost":252.06096749999998}],"funding_fees":0.0},{"pair":"ETH/USDT:USDT","stake_amount":251.932,"max_stake_amount":251.932,"amount":0.1,"open_date":"2025-06-07 22:15:00+00:00","close_date":"2025-06-07 22:30:00+00:00","open_rate":2519.32,"close_rate":2522.73,"fee_open":0.0005,"fee_close":0.0005,"trade_duration":15,"profit_ratio":0.0003526867307974706,"profit_abs":0.0888975,"exit_reason":"exit_signal","initial_stop_loss_abs":2267.39,"initial_stop_loss_ratio":-0.1,"stop_loss_abs":2267.39,"stop_loss_ratio":-0.1,"min_rate":2518.68,"max_rate":2545.0,"is_open":false,"enter_tag":"","leverage":1.0,"is_short":false,"open_timestamp":1749334500000,"close_timestamp":1749335400000,"orders":[{"amount":0.1,"safe_price":2519.32,"ft_order_side":"buy","order_filled_timestamp":1749334500000,"ft_is_entry":true,"ft_order_tag":"","cost":252.057966},{"amount":0.1,"safe_price":2522.73,"ft_order_side":"sell","order_filled_timestamp":1749335400000,"ft_is_entry":false,"ft_order_tag":"exit_signal","cost":252.3991365}],"funding_fees":0.0},{"pair":"ETH/USDT:USDT","stake_amount":252.858,"max_stake_amount":252.858,"amount":0.1,"open_date":"2025-06-07 23:15:00+00:00","close_date":"2025-06-08 02:30:00+00:00","open_rate":2528.58,"close_rate":2512.84,"fee_open":0.0005,"fee_close":0.0005,"trade_duration":195,"profit_ratio":-0.007317872832402661,"profit_abs":-1.85130788,"exit_reason":"exit_signal","initial_stop_loss_abs":2275.73,"initial_stop_loss_ratio":-0.1,"stop_loss_abs":2275.73,"stop_loss_ratio":-0.1,"min_rate":2510.02,"max_rate":2528.97,"is_open":false,"enter_tag":"","leverage":1.0,"is_short":false,"open_timestamp":1749338100000,"close_timestamp":1749349800000,"orders":[{"amount":0.1,"safe_price":2528.58,"ft_order_side":"buy","order_filled_timestamp":1749338100000,"ft_is_entry":true,"ft_order_tag":"","cost":252.98442899999998},{"amount":0.1,"safe_price":2512.84,"ft_order_side":"sell","order_filled_timestamp":1749349800000,"ft_is_entry":false,"ft_order_tag":"exit_signal","cost":251.40964200000002}],"funding_fees":-0.025236877713200004},{"pair":"ETH/USDT:USDT","stake_amount":251.371,"max_stake_amount":251.371,"amount":0.1,"open_date":"2025-06-08 02:45:00+00:00","close_date":"2025-06-08 03:30:00+00:00","open_rate":2513.71,"close_rate":2509.63,"fee_open":0.0005,"fee_close":0.0005,"trade_duration":45,"profit_ratio":-0.002620976887586059,"profit_abs":-0.659167,"exit_reason":"exit_signal","initial_stop_loss_abs":2262.34,"initial_stop_loss_ratio":-0.1,"stop_loss_abs":2262.34,"stop_loss_ratio":-0.1,"min_rate":2507.25,"max_rate":2515.0,"is_open":false,"enter_tag":"","leverage":1.0,"is_short":false,"open_timestamp":1749350700000,"close_timestamp":1749353400000,"orders":[{"amount":0.1,"safe_price":2513.71,"ft_order_side":"buy","order_filled_timestamp":1749350700000,"ft_is_entry":true,"ft_order_tag":"","cost":251.49668549999998},{"amount":0.1,"safe_price":2509.63,"ft_order_side":"sell","order_filled_timestamp":1749353400000,"ft_is_entry":false,"ft_order_tag":"exit_signal","cost":251.0884815}],"funding_fees":0.0},{"pair":"ETH/USDT:USDT","stake_amount":250.833,"max_stake_amount":250.833,"amount":0.1,"open_date":"2025-06-08 04:15:00+00:00","close_date":"2025-06-08 04:30:00+00:00","open_rate":2508.33,"close_rate":2510.66,"fee_open":0.0005,"fee_close":0.0005,"trade_duration":15,"profit_ratio":-7.152380163348695e-05,"profit_abs":-0.0179495,"exit_reason":"exit_signal","initial_stop_loss_abs":2257.5,"initial_stop_loss_ratio":-0.1,"stop_loss_abs":2257.5,"stop_loss_ratio":-0.1,"min_rate":2507.96,"max_rate":2517.55,"is_open":false,"enter_tag":"","leverage":1.0,"is_short":false,"open_timestamp":1749356100000,"close_timestamp":1749357000000,"orders":[{"amount":0.1,"safe_price":2508.33,"ft_order_side":"buy","order_filled_timestamp":1749356100000,"ft_is_entry":true,"ft_order_tag":"","cost":250.9584165},{"amount":0.1,"safe_price":2510.66,"ft_order_side":"sell","order_filled_timestamp":1749357000000,"ft_is_entry":false,"ft_order_tag":"exit_signal","cost":251.191533}],"funding_fees":0.0},{"pair":"ETH/USDT:USDT","stake_amount":251.718,"max_stake_amount":251.718,"amount":0.1,"open_date":"2025-06-08 04:45:00+00:00","close_date":"2025-06-08 06:15:00+00:00","open_rate":2517.18,"close_rate":2511.88,"fee_open":0.0005,"fee_close":0.0005,"trade_duration":90,"profit_ratio":-0.003102926563716608,"profit_abs":-0.781453,"exit_reason":"exit_signal","initial_stop_loss_abs":2265.47,"initial_stop_loss_ratio":-0.1,"stop_loss_abs":2265.47,"stop_loss_ratio":-0.1,"min_rate":2507.69,"max_rate":2519.03,"is_open":false,"enter_tag":"","leverage":1.0,"is_short":false,"open_timestamp":1749357900000,"close_timestamp":1749363300000,"orders":[{"amount":0.1,"safe_price":2517.18,"ft_order_side":"buy","order_filled_timestamp":1749357900000,"ft_is_entry":true,"ft_order_tag":"","cost":251.84385899999998},{"amount":0.1,"safe_price":2511.88,"ft_order_side":"sell","order_filled_timestamp":1749363300000,"ft_is_entry":false,"ft_order_tag":"exit_signal","cost":251.313594}],"funding_fees":0.0},{"pair":"ETH/USDT:USDT","stake_amount":251.312,"max_stake_amount":251.312,"amount":0.1,"open_date":"2025-06-08 06:30:00+00:00","close_date":"2025-06-08 06:45:00+00:00","open_rate":2513.12,"close_rate":2515.23,"fee_open":0.0005,"fee_close":0.0005,"trade_duration":15,"profit_ratio":-0.00016074561242330386,"profit_abs":-0.0404175,"exit_reason":"exit_signal","initial_stop_loss_abs":2261.81,"initial_stop_loss_ratio":-0.1,"stop_loss_abs":2261.81,"stop_loss_ratio":-0.1,"min_rate":2511.5,"max_rate":2516.4,"is_open":false,"enter_tag":"","leverage":1.0,"is_short":false,"open_timestamp":1749364200000,"close_timestamp":1749365100000,"orders":[{"amount":0.1,"safe_price":2513.12,"ft_order_side":"buy","order_filled_timestamp":1749364200000,"ft_is_entry":true,"ft_order_tag":"","cost":251.437656},{"amount":0.1,"safe_price":2515.23,"ft_order_side":"sell","order_filled_timestamp":1749365100000,"ft_is_entry":false,"ft_order_tag":"exit_signal","cost":251.6487615}],"funding_fees":0.0},{"pair":"ETH/USDT:USDT","stake_amount":251.346,"max_stake_amount":251.346,"amount":0.1,"open_date":"2025-06-08 08:00:00+00:00","close_date":"2025-06-08 08:30:00+00:00","open_rate":2513.46,"close_rate":2514.25,"fee_open":0.0005,"fee_close":0.0005,"trade_duration":30,"profit_ratio":-0.00078068264173834,"profit_abs":-0.19631957,"exit_reason":"exit_signal","initial_stop_loss_abs":2262.12,"initial_stop_loss_ratio":-0.1,"stop_loss_abs":2262.12,"stop_loss_ratio":-0.1,"min_rate":2513.39,"max_rate":2520.19,"is_open":false,"enter_tag":"","leverage":1.0,"is_short":false,"open_timestamp":1749369600000,"close_timestamp":1749371400000,"orders":[{"amount":0.1,"safe_price":2513.46,"ft_order_side":"buy","order_filled_timestamp":1749369600000,"ft_is_entry":true,"ft_order_tag":"","cost":251.47167299999998},{"amount":0.1,"safe_price":2514.25,"ft_order_side":"sell","order_filled_timestamp":1749371400000,"ft_is_entry":false,"ft_order_tag":"exit_signal","cost":251.5507125}],"funding_fees":-0.02393407358878626},{"pair":"SOL/USDT:USDT","stake_amount":254.4576,"max_stake_amount":254.4576,"amount":1.74,"open_date":"2025-06-05 19:30:00+00:00","close_date":"2025-06-08 18:15:00+00:00","open_rate":146.24,"close_rate":153.83,"fee_open":0.0005,"fee_close":0.0005,"trade_duration":4245,"profit_ratio":0.05097601864640255,"profit_abs":12.97772098,"exit_reason":"exit_signal","initial_stop_loss_abs":131.62,"initial_stop_loss_ratio":-0.1,"stop_loss_abs":131.62,"stop_loss_ratio":-0.1,"min_rate":141.43,"max_rate":154.14,"is_open":false,"enter_tag":"","leverage":1.0,"is_short":false,"open_timestamp":1749151800000,"close_timestamp":1749406500000,"orders":[{"amount":1.74,"safe_price":146.24,"ft_order_side":"buy","order_filled_timestamp":1749151800000,"ft_is_entry":true,"ft_order_tag":"","cost":254.5848288},{"amount":1.74,"safe_price":153.83,"ft_order_side":"sell","order_filled_timestamp":1749406500000,"ft_is_entry":false,"ft_order_tag":"exit_signal","cost":267.7980321}],"funding_fees":0.03218187616631884},{"pair":"ETH/USDT:USDT","stake_amount":251.5,"max_stake_amount":251.5,"amount":0.1,"open_date":"2025-06-08 08:45:00+00:00","close_date":"2025-06-08 20:30:00+00:00","open_rate":2515.0,"close_rate":2533.99,"fee_open":0.0005,"fee_close":0.0005,"trade_duration":705,"profit_ratio":0.006496751981861951,"profit_abs":1.63475009,"exit_reason":"exit_signal","initial_stop_loss_abs":2263.5,"initial_stop_loss_ratio":-0.1,"stop_loss_abs":2263.5,"stop_loss_ratio":-0.1,"min_rate":2483.28,"max_rate":2539.68,"is_open":false,"enter_tag":"","leverage":1.0,"is_short":false,"open_timestamp":1749372300000,"close_timestamp":1749414600000,"orders":[{"amount":0.1,"safe_price":2515.0,"ft_order_side":"buy","order_filled_timestamp":1749372300000,"ft_is_entry":true,"ft_order_tag":"","cost":251.62574999999998},{"amount":0.1,"safe_price":2533.99,"ft_order_side":"sell","order_filled_timestamp":1749414600000,"ft_is_entry":false,"ft_order_tag":"exit_signal","cost":253.52569949999997}],"funding_fees":-0.011800412363076301},{"pair":"ETH/USDT:USDT","stake_amount":254.43213,"max_stake_amount":254.43213,"amount":0.101,"open_date":"2025-06-08 22:15:00+00:00","close_date":"2025-06-09 21:30:00+00:00","open_rate":2519.13,"close_rate":2638.76,"fee_open":0.0005,"fee_close":0.0005,"trade_duration":1395,"profit_ratio":0.04631356519508664,"profit_abs":11.78955087,"exit_reason":"exit_signal","initial_stop_loss_abs":2267.22,"initial_stop_loss_ratio":-0.1,"stop_loss_abs":2267.22,"stop_loss_ratio":-0.1,"min_rate":2475.83,"max_rate":2639.88,"is_open":false,"enter_tag":"","leverage":1.0,"is_short":false,"open_timestamp":1749420900000,"close_timestamp":1749504600000,"orders":[{"amount":0.101,"safe_price":2519.13,"ft_order_side":"buy","order_filled_timestamp":1749420900000,"ft_is_entry":true,"ft_order_tag":"","cost":254.55934606500003},{"amount":0.101,"safe_price":2638.76,"ft_order_side":"sell","order_filled_timestamp":1749504600000,"ft_is_entry":false,"ft_order_tag":"exit_signal","cost":266.64801738}],"funding_fees":-0.032605687008274195},{"pair":"SOL/USDT:USDT","stake_amount":257.9775,"max_stake_amount":257.9775,"amount":1.77,"open_date":"2025-06-13 00:30:00+00:00","close_date":"2025-06-13 02:45:00+00:00","open_rate":145.75,"close_rate":141.27,"fee_open":0.0005,"fee_close":0.0005,"trade_duration":135,"profit_ratio":-0.03170634236912419,"profit_abs":-8.1836127,"exit_reason":"exit_signal","initial_stop_loss_abs":131.18,"initial_stop_loss_ratio":-0.1,"stop_loss_abs":131.18,"stop_loss_ratio":-0.1,"min_rate":140.73,"max_rate":146.35,"is_open":false,"enter_tag":"","leverage":1.0,"is_short":false,"open_timestamp":1749774600000,"close_timestamp":1749782700000,"orders":[{"amount":1.77,"safe_price":145.75,"ft_order_side":"buy","order_filled_timestamp":1749774600000,"ft_is_entry":true,"ft_order_tag":"","cost":258.10648875},{"amount":1.77,"safe_price":141.27,"ft_order_side":"sell","order_filled_timestamp":1749782700000,"ft_is_entry":false,"ft_order_tag":"exit_signal","cost":250.17292395}],"funding_fees":0.0},{"pair":"ETH/USDT:USDT","stake_amount":256.53918,"max_stake_amount":256.53918,"amount":0.102,"open_date":"2025-06-13 05:45:00+00:00","close_date":"2025-06-15 03:45:00+00:00","open_rate":2515.09,"close_rate":2531.61,"fee_open":0.0005,"fee_close":0.0005,"trade_duration":2760,"profit_ratio":0.005463121413486127,"profit_abs":1.40220544,"exit_reason":"exit_signal","initial_stop_loss_abs":2263.59,"initial_stop_loss_ratio":-0.1,"stop_loss_abs":2263.59,"stop_loss_ratio":-0.1,"min_rate":2486.68,"max_rate":2585.0,"is_open":false,"enter_tag":"","leverage":1.0,"is_short":false,"open_timestamp":1749793500000,"close_timestamp":1749959100000,"orders":[{"amount":0.102,"safe_price":2515.09,"ft_order_side":"buy","order_filled_timestamp":1749793500000,"ft_is_entry":true,"ft_order_tag":"","cost":256.66744959},{"amount":0.102,"safe_price":2531.61,"ft_order_side":"sell","order_filled_timestamp":1749959100000,"ft_is_entry":false,"ft_order_tag":"exit_signal","cost":258.35333211}],"funding_fees":-0.025452862273528477},{"pair":"SUI/USDT:USDT","stake_amount":257.27055,"max_stake_amount":257.27055,"amount":90.7,"open_date":"2025-06-14 17:00:00+00:00","close_date":"2025-06-15 04:45:00+00:00","open_rate":2.8365,"close_rate":3.0084,"fee_open":0.0005,"fee_close":0.0005,"trade_duration":705,"profit_ratio":0.059545366601005456,"profit_abs":15.32692885,"exit_reason":"exit_signal","initial_stop_loss_abs":2.5529,"initial_stop_loss_ratio":-0.1,"stop_loss_abs":2.5529,"stop_loss_ratio":-0.1,"min_rate":2.8034,"max_rate":3.0124,"is_open":false,"enter_tag":"","leverage":1.0,"is_short":false,"open_timestamp":1749920400000,"close_timestamp":1749962700000,"orders":[{"amount":90.7,"safe_price":2.8365,"ft_order_side":"buy","order_filled_timestamp":1749920400000,"ft_is_entry":true,"ft_order_tag":"","cost":257.399185275},{"amount":90.7,"safe_price":3.0084,"ft_order_side":"sell","order_filled_timestamp":1749962700000,"ft_is_entry":false,"ft_order_tag":"exit_signal","cost":272.99831093999995}],"funding_fees":0.0006650624664},{"pair":"SOL/USDT:USDT","stake_amount":257.1693,"max_stake_amount":257.1693,"amount":1.79,"open_date":"2025-06-13 05:45:00+00:00","close_date":"2025-06-16 01:45:00+00:00","open_rate":143.67,"close_rate":153.98,"fee_open":0.0005,"fee_close":0.0005,"trade_duration":4080,"profit_ratio":0.07042934777582907,"profit_abs":18.1213222,"exit_reason":"exit_signal","initial_stop_loss_abs":129.31,"initial_stop_loss_ratio":-0.1,"stop_loss_abs":129.31,"stop_loss_ratio":-0.1,"min_rate":141.87,"max_rate":156.72,"is_open":false,"enter_tag":"","leverage":1.0,"is_short":false,"open_timestamp":1749793500000,"close_timestamp":1750038300000,"orders":[{"amount":1.79,"safe_price":143.67,"ft_order_side":"buy","order_filled_timestamp":1749793500000,"ft_is_entry":true,"ft_order_tag":"","cost":257.29788464999996},{"amount":1.79,"safe_price":153.98,"ft_order_side":"sell","order_filled_timestamp":1750038300000,"ft_is_entry":false,"ft_order_tag":"exit_signal","cost":275.76201209999994}],"funding_fees":-0.06718105373133552},{"pair":"ETH/USDT:USDT","stake_amount":260.33147,"max_stake_amount":260.33147,"amount":0.103,"open_date":"2025-06-15 07:30:00+00:00","close_date":"2025-06-16 14:00:00+00:00","open_rate":2527.49,"close_rate":2638.33,"fee_open":0.0005,"fee_close":0.0005,"trade_duration":1830,"profit_ratio":0.04251378069078147,"profit_abs":11.07320886,"exit_reason":"exit_signal","initial_stop_loss_abs":2274.75,"initial_stop_loss_ratio":-0.1,"stop_loss_abs":2274.75,"stop_loss_ratio":-0.1,"min_rate":2490.38,"max_rate":2644.7,"is_open":false,"enter_tag":"","leverage":1.0,"is_short":false,"open_timestamp":1749972600000,"close_timestamp":1750082400000,"orders":[{"amount":0.103,"safe_price":2527.49,"ft_order_side":"buy","order_filled_timestamp":1749972600000,"ft_is_entry":true,"ft_order_tag":"","cost":260.46163573499996},{"amount":0.103,"safe_price":2638.33,"ft_order_side":"sell","order_filled_timestamp":1750082400000,"ft_is_entry":false,"ft_order_tag":"exit_signal","cost":271.88386399499996}],"funding_fees":-0.07727141304616417},{"pair":"SOL/USDT:USDT","stake_amount":268.359,"max_stake_amount":268.359,"amount":1.82,"open_date":"2025-06-17 15:30:00+00:00","close_date":"2025-06-18 07:30:00+00:00","open_rate":147.45,"close_rate":147.25,"fee_open":0.0005,"fee_close":0.0005,"trade_duration":960,"profit_ratio":-0.002407766004350215,"profit_abs":-0.64646875,"exit_reason":"force_exit","initial_stop_loss_abs":132.71,"initial_stop_loss_ratio":-0.1,"stop_loss_abs":132.71,"stop_loss_ratio":-0.1,"min_rate":145.55,"max_rate":150.35,"is_open":false,"enter_tag":"","leverage":1.0,"is_short":false,"open_timestamp":1750174200000,"close_timestamp":1750231800000,"orders":[{"amount":1.82,"safe_price":147.45,"ft_order_side":"buy","order_filled_timestamp":1750174200000,"ft_is_entry":true,"ft_order_tag":"","cost":268.49317949999994},{"amount":1.82,"safe_price":147.25,"ft_order_side":"sell","order_filled_timestamp":1750231800000,"ft_is_entry":false,"ft_order_tag":"force_exit","cost":268.12899749999997}],"funding_fees":-0.014291752020000001},{"pair":"ETH/USDT:USDT","stake_amount":267.14014,"max_stake_amount":267.14014,"amount":0.106,"open_date":"2025-06-17 15:15:00+00:00","close_date":"2025-06-18 07:30:00+00:00","open_rate":2520.19,"close_rate":2524.21,"fee_open":0.0005,"fee_close":0.0005,"trade_duration":975,"profit_ratio":0.000538964007953766,"profit_abs":0.14405091,"exit_reason":"force_exit","initial_stop_loss_abs":2268.18,"initial_stop_loss_ratio":-0.1,"stop_loss_abs":2268.18,"stop_loss_ratio":-0.1,"min_rate":2451.97,"max_rate":2545.1,"is_open":false,"enter_tag":"","leverage":1.0,"is_short":false,"open_timestamp":1750173300000,"close_timestamp":1750231800000,"orders":[{"amount":0.106,"safe_price":2520.19,"ft_order_side":"buy","order_filled_timestamp":1750173300000,"ft_is_entry":true,"ft_order_tag":"","cost":267.27371006999994},{"amount":0.106,"safe_price":2524.21,"ft_order_side":"sell","order_filled_timestamp":1750231800000,"ft_is_entry":false,"ft_order_tag":"force_exit","cost":267.70004313}],"funding_fees":-0.014715892790236088},{"pair":"SUI/USDT:USDT","stake_amount":268.52185,"max_stake_amount":268.52185,"amount":94.7,"open_date":"2025-06-17 15:30:00+00:00","close_date":"2025-06-18 07:30:00+00:00","open_rate":2.8355,"close_rate":2.8614,"fee_open":0.0005,"fee_close":0.0005,"trade_duration":960,"profit_ratio":0.008024768029943893,"profit_abs":2.15590297,"exit_reason":"force_exit","initial_stop_loss_abs":2.552,"initial_stop_loss_ratio":-0.1,"stop_loss_abs":2.552,"stop_loss_ratio":-0.1,"min_rate":2.8001,"max_rate":2.9175,"is_open":false,"enter_tag":"","leverage":1.0,"is_short":false,"open_timestamp":1750174200000,"close_timestamp":1750231800000,"orders":[{"amount":94.7,"safe_price":2.8355,"ft_order_side":"buy","order_filled_timestamp":1750174200000,"ft_is_entry":true,"ft_order_tag":"","cost":268.656110925},{"amount":94.7,"safe_price":2.8614,"ft_order_side":"sell","order_filled_timestamp":1750231800000,"ft_is_entry":false,"ft_order_tag":"force_exit","cost":271.11006728999996}],"funding_fees":-0.0270788168732}],"locks":[],"best_pair":{"key":"ETH/USDT:USDT","trades":29,"profit_mean":0.006551066187424242,"profit_mean_pct":0.66,"profit_sum":0.18998091943530301,"profit_sum_pct":19.0,"profit_total_abs":47.77321071,"profit_total":0.04777321071,"profit_total_pct":4.78,"duration_avg":"14:44:00","wins":13,"draws":0,"losses":16,"winrate":0.4482758620689655,"cagr":0.6755929089011761,"expectancy":1.647352093448276,"expectancy_ratio":0.8196304280278794,"sortino":8.696091366235217,"sharpe":4.467527207521255,"calmar":213.95424592445136,"sqn":1.408,"profit_factor":2.4855801508005317,"max_drawdown_account":0.012926948329999959,"max_drawdown_abs":12.926948329999998},"worst_pair":{"key":"SUI/USDT:USDT","trades":2,"profit_mean":0.033785067315474676,"profit_mean_pct":3.38,"profit_sum":0.06757013463094935,"profit_sum_pct":6.76,"profit_total_abs":17.48283182,"profit_total":0.017482831820000003,"profit_total_pct":1.75,"duration_avg":"13:52:00","wins":2,"draws":0,"losses":0,"winrate":1.0,"cagr":0.2113068622105425,"expectancy":8.74141591,"expectancy_ratio":100.0,"sortino":-100,"sharpe":1.5369320414014394,"calmar":-100,"sqn":1.3274,"profit_factor":0.0,"max_drawdown_account":0.0,"max_drawdown_abs":0.0},"results_per_pair":[{"key":"ETH/USDT:USDT","trades":29,"profit_mean":0.006551066187424242,"profit_mean_pct":0.66,"profit_sum":0.18998091943530301,"profit_sum_pct":19.0,"profit_total_abs":47.77321071,"profit_total":0.04777321071,"profit_total_pct":4.78,"duration_avg":"14:44:00","wins":13,"draws":0,"losses":16,"winrate":0.4482758620689655,"cagr":0.6755929089011761,"expectancy":1.647352093448276,"expectancy_ratio":0.8196304280278794,"sortino":8.696091366235217,"sharpe":4.467527207521255,"calmar":213.95424592445136,"sqn":1.408,"profit_factor":2.4855801508005317,"max_drawdown_account":0.012926948329999959,"max_drawdown_abs":12.926948329999998},{"key":"SOL/USDT:USDT","trades":4,"profit_mean":0.0218228145121893,"profit_mean_pct":2.18,"profit_sum":0.0872912580487572,"profit_sum_pct":8.73,"profit_total_abs":22.268961730000004,"profit_total":0.022268961730000005,"profit_total_pct":2.23,"duration_avg":"1 day, 15:15:00","wins":2,"draws":0,"losses":2,"winrate":0.5,"cagr":0.2758412260198688,"expectancy":5.5672404325,"expectancy_ratio":1.2609714789210695,"sortino":3.421020267325693,"sharpe":1.2289363218798515,"calmar":159.58324335839353,"sqn":0.9192,"profit_factor":3.521942957842139,"max_drawdown_account":0.008078768694026872,"max_drawdown_abs":8.1836127},{"key":"SUI/USDT:USDT","trades":2,"profit_mean":0.033785067315474676,"profit_mean_pct":3.38,"profit_sum":0.06757013463094935,"profit_sum_pct":6.76,"profit_total_abs":17.48283182,"profit_total":0.017482831820000003,"profit_total_pct":1.75,"duration_avg":"13:52:00","wins":2,"draws":0,"losses":0,"winrate":1.0,"cagr":0.2113068622105425,"expectancy":8.74141591,"expectancy_ratio":100.0,"sortino":-100,"sharpe":1.5369320414014394,"calmar":-100,"sqn":1.3274,"profit_factor":0.0,"max_drawdown_account":0.0,"max_drawdown_abs":0.0},{"key":"TOTAL","trades":35,"profit_mean":0.009852637489000273,"profit_mean_pct":0.99,"profit_sum":0.3448423121150096,"profit_sum_pct":34.48,"profit_total_abs":87.52500426000002,"profit_total":0.08752500426000001,"profit_total_pct":8.75,"duration_avg":"17:29:00","wins":17,"draws":0,"losses":18,"winrate":0.4857142857142857,"cagr":1.5295321313023424,"expectancy":2.500714407428572,"expectancy_ratio":1.098195225545322,"sortino":15.18115926125847,"sharpe":7.115304122454788,"calmar":391.9842524225162,"sqn":2.0475,"profit_factor":3.135379605227014,"max_drawdown_account":0.012926948329999959,"max_drawdown_abs":12.926948329999998}],"results_per_enter_tag":[{"key":"","trades":35,"profit_mean":0.009852637489000273,"profit_mean_pct":0.99,"profit_sum":0.3448423121150096,"profit_sum_pct":34.48,"profit_total_abs":87.52500426000002,"profit_total":0.08752500426000001,"profit_total_pct":8.75,"duration_avg":"17:29:00","wins":17,"draws":0,"losses":18,"winrate":0.4857142857142857,"cagr":1.5295321313023424,"expectancy":2.500714407428572,"expectancy_ratio":1.098195225545322,"sortino":15.18115926125847,"sharpe":7.115304122454788,"calmar":391.9842524225162,"sqn":2.0475,"profit_factor":3.135379605227014,"max_drawdown_account":0.012926948329999959,"max_drawdown_abs":12.926948329999998},{"key":"TOTAL","trades":35,"profit_mean":0.009852637489000273,"profit_mean_pct":0.99,"profit_sum":0.3448423121150096,"profit_sum_pct":34.48,"profit_total_abs":87.52500426000002,"profit_total":0.08752500426000001,"profit_total_pct":8.75,"duration_avg":"17:29:00","wins":17,"draws":0,"losses":18,"winrate":0.4857142857142857,"cagr":1.5295321313023424,"expectancy":2.500714407428572,"expectancy_ratio":1.098195225545322,"sortino":15.18115926125847,"sharpe":7.115304122454788,"calmar":391.9842524225162,"sqn":2.0475,"profit_factor":3.135379605227014,"max_drawdown_account":0.012926948329999959,"max_drawdown_abs":12.926948329999998}],"exit_reason_summary":[{"key":"exit_signal","trades":32,"profit_mean":0.010583948315045692,"profit_mean_pct":1.06,"profit_sum":0.33868634608146214,"profit_sum_pct":33.87,"profit_total_abs":85.87151913000001,"profit_total":0.08587151913,"profit_total_pct":8.59,"duration_avg":"17:37:00","wins":15,"draws":0,"losses":17,"winrate":0.46875,"cagr":1.487317676653491,"expectancy":2.6834849728125008,"expectancy_ratio":1.1308249514078867,"sortino":14.577410382207555,"sharpe":6.706523709636867,"calmar":384.5790527535228,"sqn":2.0156,"profit_factor":3.1286116732383746,"max_drawdown_account":0.012926948329999959,"max_drawdown_abs":12.926948329999998},{"key":"force_exit","trades":3,"profit_mean":0.0020519886778491477,"profit_mean_pct":0.21,"profit_sum":0.006155966033547443,"profit_sum_pct":0.62,"profit_total_abs":1.65348513,"profit_total":0.00165348513,"profit_total_pct":0.17,"duration_avg":"16:05:00","wins":2,"draws":0,"losses":1,"winrate":0.6666666666666666,"cagr":0.018441425397561995,"expectancy":0.5511617099999999,"expectancy_ratio":0.8525728583168171,"sortino":-100,"sharpe":0.8114318386618865,"calmar":148.0761962498611,"sqn":0.6607,"profit_factor":3.5577185749504516,"max_drawdown_account":0.0006464687500000537,"max_drawdown_abs":0.64646875},{"key":"TOTAL","trades":35,"profit_mean":0.009852637489000273,"profit_mean_pct":0.99,"profit_sum":0.3448423121150096,"profit_sum_pct":34.48,"profit_total_abs":87.52500426000002,"profit_total":0.08752500426000001,"profit_total_pct":8.75,"duration_avg":"17:29:00","wins":17,"draws":0,"losses":18,"winrate":0.4857142857142857,"cagr":1.5295321313023424,"expectancy":2.500714407428572,"expectancy_ratio":1.098195225545322,"sortino":15.18115926125847,"sharpe":7.115304122454788,"calmar":391.9842524225162,"sqn":2.0475,"profit_factor":3.135379605227014,"max_drawdown_account":0.012926948329999959,"max_drawdown_abs":12.926948329999998}],"mix_tag_stats":[{"key":["","exit_signal"],"trades":32,"profit_mean":0.010583948315045692,"profit_mean_pct":1.06,"profit_sum":0.33868634608146214,"profit_sum_pct":33.87,"profit_total_abs":85.87151913000001,"profit_total":0.08587151913,"profit_total_pct":8.59,"duration_avg":"17:37:00","wins":15,"draws":0,"losses":17,"winrate":0.46875,"cagr":1.487317676653491,"expectancy":2.6834849728125008,"expectancy_ratio":1.1308249514078867,"sortino":14.577410382207555,"sharpe":6.706523709636867,"calmar":384.5790527535228,"sqn":2.0156,"profit_factor":3.1286116732383746,"max_drawdown_account":0.012926948329999959,"max_drawdown_abs":12.926948329999998},{"key":["","force_exit"],"trades":3,"profit_mean":0.0020519886778491477,"profit_mean_pct":0.21,"profit_sum":0.006155966033547443,"profit_sum_pct":0.62,"profit_total_abs":1.65348513,"profit_total":0.00165348513,"profit_total_pct":0.17,"duration_avg":"16:05:00","wins":2,"draws":0,"losses":1,"winrate":0.6666666666666666,"cagr":0.018441425397561995,"expectancy":0.5511617099999999,"expectancy_ratio":0.8525728583168171,"sortino":-100,"sharpe":0.8114318386618865,"calmar":148.0761962498611,"sqn":0.6607,"profit_factor":3.5577185749504516,"max_drawdown_account":0.0006464687500000537,"max_drawdown_abs":0.64646875},{"key":"TOTAL","trades":35,"profit_mean":0.009852637489000273,"profit_mean_pct":0.99,"profit_sum":0.3448423121150096,"profit_sum_pct":34.48,"profit_total_abs":87.52500426000002,"profit_total":0.08752500426000001,"profit_total_pct":8.75,"duration_avg":"17:29:00","wins":17,"draws":0,"losses":18,"winrate":0.4857142857142857,"cagr":1.5295321313023424,"expectancy":2.500714407428572,"expectancy_ratio":1.098195225545322,"sortino":15.18115926125847,"sharpe":7.115304122454788,"calmar":391.9842524225162,"sqn":2.0475,"profit_factor":3.135379605227014,"max_drawdown_account":0.012926948329999959,"max_drawdown_abs":12.926948329999998}],"left_open_trades":[{"key":"SUI/USDT:USDT","trades":1,"profit_mean":0.008024768029943893,"profit_mean_pct":0.8,"profit_sum":0.008024768029943893,"profit_sum_pct":0.8,"profit_total_abs":2.15590297,"profit_total":0.00215590297,"profit_total_pct":0.22,"duration_avg":"16:00:00","wins":1,"draws":0,"losses":0,"winrate":1.0,"cagr":0.02410588638847777,"expectancy":2.15590297,"expectancy_ratio":100.0,"sortino":-100,"sharpe":-100,"calmar":-100,"sqn":-100.0,"profit_factor":0.0,"max_drawdown_account":0.0,"max_drawdown_abs":0.0},{"key":"ETH/USDT:USDT","trades":1,"profit_mean":0.000538964007953766,"profit_mean_pct":0.05,"profit_sum":0.000538964007953766,"profit_sum_pct":0.05,"profit_total_abs":0.14405091,"profit_total":0.00014405091,"profit_total_pct":0.01,"duration_avg":"16:15:00","wins":1,"draws":0,"losses":0,"winrate":1.0,"cagr":0.001594445400256994,"expectancy":0.14405091,"expectancy_ratio":100.0,"sortino":-100,"sharpe":-100,"calmar":-100,"sqn":-100.0,"profit_factor":0.0,"max_drawdown_account":0.0,"max_drawdown_abs":0.0},{"key":"SOL/USDT:USDT","trades":1,"profit_mean":-0.002407766004350215,"profit_mean_pct":-0.24,"profit_sum":-0.002407766004350215,"profit_sum_pct":-0.24,"profit_total_abs":-0.64646875,"profit_total":-0.00064646875,"profit_total_pct":-0.06,"duration_avg":"16:00:00","wins":0,"draws":0,"losses":1,"winrate":0.0,"cagr":-0.007127129095458873,"expectancy":-0.64646875,"expectancy_ratio":-1.0,"sortino":-100,"sharpe":-100,"calmar":-57.89385810467034,"sqn":-100.0,"profit_factor":0.0,"max_drawdown_account":0.0006464687500000537,"max_drawdown_abs":0.64646875},{"key":"TOTAL","trades":3,"profit_mean":0.0020519886778491477,"profit_mean_pct":0.21,"profit_sum":0.006155966033547443,"profit_sum_pct":0.62,"profit_total_abs":1.65348513,"profit_total":0.00165348513,"profit_total_pct":0.17,"duration_avg":"16:05:00","wins":2,"draws":0,"losses":1,"winrate":0.6666666666666666,"cagr":0.018441425397561995,"expectancy":0.5511617099999999,"expectancy_ratio":0.8525728583168171,"sortino":-100,"sharpe":0.8114318386618865,"calmar":148.0761962498611,"sqn":0.6607,"profit_factor":3.5577185749504516,"max_drawdown_account":0.0006464687500000537,"max_drawdown_abs":0.64646875}],"total_trades":35,"trade_count_long":35,"trade_count_short":0,"total_volume":17833.52024397,"avg_stake_amount":253.24877057142854,"profit_mean":0.009852637489000273,"profit_median":-4.179765649413283e-05,"profit_total":0.08752500426000001,"profit_total_long":0.08752500426000001,"profit_total_short":0.0,"profit_total_abs":87.52500426000002,"profit_total_long_abs":87.52500426000002,"profit_total_short_abs":0.0,"cagr":1.5295321313023424,"expectancy":2.500714407428572,"expectancy_ratio":1.098195225545322,"sortino":15.18115926125847,"sharpe":7.115304122454788,"calmar":391.9842524225162,"sqn":2.0475,"profit_factor":3.135379605227014,"backtest_start":"2025-05-16 00:00:00","backtest_start_ts":1747353600000,"backtest_end":"2025-06-18 07:30:00","backtest_end_ts":1750231800000,"backtest_days":33,"backtest_run_start_ts":1750233760,"backtest_run_end_ts":1750233760,"trades_per_day":1.06,"market_change":-0.13696575106928824,"pairlist":["SOL/USDT:USDT","ETH/USDT:USDT","SUI/USDT:USDT"],"stake_amount":"unlimited","stake_currency":"USDT","stake_currency_decimals":3,"starting_balance":1000,"dry_run_wallet":1000,"final_balance":1087.52500426,"rejected_signals":0,"timedout_entry_orders":0,"timedout_exit_orders":0,"canceled_trade_entries":0,"canceled_entry_orders":0,"replaced_entry_orders":0,"max_open_trades":3,"max_open_trades_setting":4,"timeframe":"15m","timeframe_detail":"","timerange":"","enable_protections":false,"strategy_name":"GridBotSample","stoploss":-0.1,"trailing_stop":false,"trailing_stop_positive":null,"trailing_stop_positive_offset":0.0,"trailing_only_offset_is_reached":false,"use_custom_stoploss":false,"minimal_roi":{},"use_exit_signal":true,"exit_profit_only":false,"exit_profit_offset":0.0,"ignore_roi_if_entry_signal":false,"trading_mode":"futures","margin_mode":"isolated","periodic_breakdown":{"day":[{"date":"18/05/2025","date_ts":1747526400000,"profit_abs":-12.92694833,"wins":0,"draws":0,"losses":2,"trades":2,"profit_factor":0.0},{"date":"19/05/2025","date_ts":1747612800000,"profit_abs":0.0,"wins":0,"draws":0,"losses":0,"trades":0,"profit_factor":0.0},{"date":"20/05/2025","date_ts":1747699200000,"profit_abs":0.0,"wins":0,"draws":0,"losses":0,"trades":0,"profit_factor":0.0},{"date":"21/05/2025","date_ts":1747785600000,"profit_abs":0.0,"wins":0,"draws":0,"losses":0,"trades":0,"profit_factor":0.0},{"date":"22/05/2025","date_ts":1747872000000,"profit_abs":19.9109918,"wins":1,"draws":0,"losses":0,"trades":1,"profit_factor":0.0},{"date":"23/05/2025","date_ts":1747958400000,"profit_abs":0.0,"wins":0,"draws":0,"losses":0,"trades":0,"profit_factor":0.0},{"date":"24/05/2025","date_ts":1748044800000,"profit_abs":2.93663448,"wins":1,"draws":0,"losses":0,"trades":1,"profit_factor":0.0},{"date":"25/05/2025","date_ts":1748131200000,"profit_abs":-1.24249259,"wins":0,"draws":0,"losses":2,"trades":2,"profit_factor":0.0},{"date":"26/05/2025","date_ts":1748217600000,"profit_abs":0.0,"wins":0,"draws":0,"losses":0,"trades":0,"profit_factor":0.0},{"date":"27/05/2025","date_ts":1748304000000,"profit_abs":11.24729763,"wins":1,"draws":0,"losses":0,"trades":1,"profit_factor":0.0},{"date":"28/05/2025","date_ts":1748390400000,"profit_abs":0.0,"wins":0,"draws":0,"losses":0,"trades":0,"profit_factor":0.0},{"date":"29/05/2025","date_ts":1748476800000,"profit_abs":0.0,"wins":0,"draws":0,"losses":0,"trades":0,"profit_factor":0.0},{"date":"30/05/2025","date_ts":1748563200000,"profit_abs":0.0,"wins":0,"draws":0,"losses":0,"trades":0,"profit_factor":0.0},{"date":"31/05/2025","date_ts":1748649600000,"profit_abs":-0.10215891,"wins":1,"draws":0,"losses":1,"trades":2,"profit_factor":0.86868671},{"date":"01/06/2025","date_ts":1748736000000,"profit_abs":-1.61990454,"wins":0,"draws":0,"losses":1,"trades":1,"profit_factor":0.0},{"date":"02/06/2025","date_ts":1748822400000,"profit_abs":0.0,"wins":0,"draws":0,"losses":0,"trades":0,"profit_factor":0.0},{"date":"03/06/2025","date_ts":1748908800000,"profit_abs":11.61404279,"wins":1,"draws":0,"losses":0,"trades":1,"profit_factor":0.0},{"date":"04/06/2025","date_ts":1748995200000,"profit_abs":0.0,"wins":0,"draws":0,"losses":0,"trades":0,"profit_factor":0.0},{"date":"05/06/2025","date_ts":1749081600000,"profit_abs":-11.285289,"wins":0,"draws":0,"losses":1,"trades":1,"profit_factor":0.0},{"date":"06/06/2025","date_ts":1749168000000,"profit_abs":0.0,"wins":0,"draws":0,"losses":0,"trades":0,"profit_factor":0.0},{"date":"07/06/2025","date_ts":1749254400000,"profit_abs":6.74388566,"wins":3,"draws":0,"losses":3,"trades":6,"profit_factor":9.88848466},{"date":"08/06/2025","date_ts":1749340800000,"profit_abs":11.06585662,"wins":2,"draws":0,"losses":6,"trades":8,"profit_factor":4.12011829},{"date":"09/06/2025","date_ts":1749427200000,"profit_abs":11.78955087,"wins":1,"draws":0,"losses":0,"trades":1,"profit_factor":0.0},{"date":"10/06/2025","date_ts":1749513600000,"profit_abs":0.0,"wins":0,"draws":0,"losses":0,"trades":0,"profit_factor":0.0},{"date":"11/06/2025","date_ts":1749600000000,"profit_abs":0.0,"wins":0,"draws":0,"losses":0,"trades":0,"profit_factor":0.0},{"date":"12/06/2025","date_ts":1749686400000,"profit_abs":0.0,"wins":0,"draws":0,"losses":0,"trades":0,"profit_factor":0.0},{"date":"13/06/2025","date_ts":1749772800000,"profit_abs":-8.1836127,"wins":0,"draws":0,"losses":1,"trades":1,"profit_factor":0.0},{"date":"14/06/2025","date_ts":1749859200000,"profit_abs":0.0,"wins":0,"draws":0,"losses":0,"trades":0,"profit_factor":0.0},{"date":"15/06/2025","date_ts":1749945600000,"profit_abs":16.72913429,"wins":2,"draws":0,"losses":0,"trades":2,"profit_factor":0.0},{"date":"16/06/2025","date_ts":1750032000000,"profit_abs":29.19453106,"wins":2,"draws":0,"losses":0,"trades":2,"profit_factor":0.0},{"date":"17/06/2025","date_ts":1750118400000,"profit_abs":0.0,"wins":0,"draws":0,"losses":0,"trades":0,"profit_factor":0.0},{"date":"18/06/2025","date_ts":1750204800000,"profit_abs":1.65348513,"wins":2,"draws":0,"losses":1,"trades":3,"profit_factor":3.55771857}],"week":[{"date":"19/05/2025","date_ts":1747612800000,"profit_abs":-12.92694833,"wins":0,"draws":0,"losses":2,"trades":2,"profit_factor":0.0},{"date":"26/05/2025","date_ts":1748217600000,"profit_abs":21.60513369,"wins":2,"draws":0,"losses":2,"trades":4,"profit_factor":18.38854128},{"date":"02/06/2025","date_ts":1748822400000,"profit_abs":9.52523418,"wins":2,"draws":0,"losses":2,"trades":4,"profit_factor":4.97235155},{"date":"09/06/2025","date_ts":1749427200000,"profit_abs":29.92804694,"wins":7,"draws":0,"losses":10,"trades":17,"profit_factor":2.91961815},{"date":"16/06/2025","date_ts":1750032000000,"profit_abs":37.74005265,"wins":4,"draws":0,"losses":1,"trades":5,"profit_factor":5.61166163},{"date":"23/06/2025","date_ts":1750636800000,"profit_abs":1.65348513,"wins":2,"draws":0,"losses":1,"trades":3,"profit_factor":3.55771857}],"month":[{"date":"31/05/2025","date_ts":1748649600000,"profit_abs":19.82332408,"wins":4,"draws":0,"losses":5,"trades":9,"profit_factor":2.32620378},{"date":"30/06/2025","date_ts":1751241600000,"profit_abs":67.70168018,"wins":13,"draws":0,"losses":13,"trades":26,"profit_factor":3.5998499}],"year":[{"date":"31/12/2025","date_ts":1767139200000,"profit_abs":87.52500426,"wins":17,"draws":0,"losses":18,"trades":35,"profit_factor":3.13537961}]},"backtest_best_day":0.11294312846661053,"backtest_worst_day":-0.0525608166606831,"backtest_best_day_abs":29.19453106,"backtest_worst_day_abs":-12.92694833,"winning_days":10,"draw_days":16,"losing_days":6,"daily_profit":[["2025-05-18",-12.92694833],["2025-05-19",0.0],["2025-05-20",0.0],["2025-05-21",0.0],["2025-05-22",19.9109918],["2025-05-23",0.0],["2025-05-24",2.93663448],["2025-05-25",-1.24249259],["2025-05-26",0.0],["2025-05-27",11.24729763],["2025-05-28",0.0],["2025-05-29",0.0],["2025-05-30",0.0],["2025-05-31",-0.10215891],["2025-06-01",-1.61990454],["2025-06-02",0.0],["2025-06-03",11.61404279],["2025-06-04",0.0],["2025-06-05",-11.285289],["2025-06-06",0.0],["2025-06-07",6.74388566],["2025-06-08",11.06585662],["2025-06-09",11.78955087],["2025-06-10",0.0],["2025-06-11",0.0],["2025-06-12",0.0],["2025-06-13",-8.1836127],["2025-06-14",0.0],["2025-06-15",16.72913429],["2025-06-16",29.19453106],["2025-06-17",0.0],["2025-06-18",1.65348513]],"wins":17,"losses":18,"draws":0,"winrate":0.4857142857142857,"holding_avg":"17:29:00","holding_avg_s":62940.0,"winner_holding_min":"0d 00:15","winner_holding_min_s":900.0,"winner_holding_max":"2d 22:45","winner_holding_max_s":254700.0,"winner_holding_avg":"1d 05:26","winner_holding_avg_s":105960.0,"loser_holding_min":"0d 00:15","loser_holding_min_s":900.0,"loser_holding_max":"1d 04:15","loser_holding_max_s":101700.0,"loser_holding_avg":"0d 06:12","loser_holding_avg_s":22320.0,"max_consecutive_wins":4,"max_consecutive_losses":6,"max_drawdown_account":0.012926948329999959,"max_relative_drawdown":0.012926948329999959,"max_drawdown_abs":12.926948329999998,"drawdown_start":"2025-05-18 04:30:00","drawdown_start_ts":1747542600000.0,"drawdown_end":"2025-05-18 20:00:00","drawdown_end_ts":1747598400000.0,"max_drawdown_low":-12.926948329999998,"max_drawdown_high":-4.73436859,"csum_min":987.07305167,"csum_max":1087.52500426}},"strategy_comparison":[{"key":"GridBotSample","trades":35,"profit_mean":0.009852637489000273,"profit_mean_pct":0.99,"profit_sum":0.3448423121150096,"profit_sum_pct":34.48,"profit_total_abs":87.52500426000002,"profit_total":0.08752500426000001,"profit_total_pct":8.75,"duration_avg":"17:29:00","wins":17,"draws":0,"losses":18,"winrate":0.4857142857142857,"cagr":1.5295321313023424,"expectancy":2.500714407428572,"expectancy_ratio":1.098195225545322,"sortino":15.18115926125847,"sharpe":7.115304122454788,"calmar":391.9842524225162,"sqn":2.0475,"profit_factor":3.135379605227014,"max_drawdown_account":0.012926948329999959,"max_drawdown_abs":"12.927"}]}