{"strategy":{"GridBotSample":{"trades":[{"pair":"BTC/USDT:USDT","stake_amount":312.8019,"max_stake_amount":312.8019,"amount":0.003,"open_date":"2025-05-18 18:15:00+00:00","close_date":"2025-05-18 18:30:00+00:00","open_rate":104267.3,"close_rate":104649.8,"fee_open":0.0005,"fee_close":0.0005,"trade_duration":15,"profit_ratio":0.0026652891055069486,"profit_abs":0.83412435,"exit_reason":"exit_signal","initial_stop_loss_abs":93840.6,"initial_stop_loss_ratio":-0.1,"stop_loss_abs":93840.6,"stop_loss_ratio":-0.1,"min_rate":104012.8,"max_rate":104716.7,"is_open":false,"enter_tag":"","leverage":1.0,"is_short":false,"open_timestamp":1747592100000,"close_timestamp":1747593000000,"orders":[{"amount":0.003,"safe_price":104267.3,"ft_order_side":"buy","order_filled_timestamp":1747592100000,"ft_is_entry":true,"ft_order_tag":"","cost":312.95830094999997},{"amount":0.003,"safe_price":104649.8,"ft_order_side":"sell","order_filled_timestamp":1747593000000,"ft_is_entry":false,"ft_order_tag":"exit_signal","cost":314.1063747}],"funding_fees":0.0},{"pair":"BTC/USDT:USDT","stake_amount":310.8753,"max_stake_amount":310.8753,"amount":0.003,"open_date":"2025-05-19 04:15:00+00:00","close_date":"2025-05-19 04:30:00+00:00","open_rate":103625.1,"close_rate":103266.3,"fee_open":0.0005,"fee_close":0.0005,"trade_duration":15,"profit_ratio":-0.0044585210789053345,"profit_abs":-1.3867371,"exit_reason":"exit_signal","initial_stop_loss_abs":93262.6,"initial_stop_loss_ratio":-0.1,"stop_loss_abs":93262.6,"stop_loss_ratio":-0.1,"min_rate":103000.0,"max_rate":103626.6,"is_open":false,"enter_tag":"","leverage":1.0,"is_short":false,"open_timestamp":1747628100000,"close_timestamp":1747629000000,"orders":[{"amount":0.003,"safe_price":103625.1,"ft_order_side":"buy","order_filled_timestamp":1747628100000,"ft_is_entry":true,"ft_order_tag":"","cost":311.03073765000005},{"amount":0.003,"safe_price":103266.3,"ft_order_side":"sell","order_filled_timestamp":1747629000000,"ft_is_entry":false,"ft_order_tag":"exit_signal","cost":309.95379944999996}],"funding_fees":0.0},{"pair":"BTC/USDT:USDT","stake_amount":313.0737,"max_stake_amount":313.0737,"amount":0.003,"open_date":"2025-05-30 16:45:00+00:00","close_date":"2025-05-30 17:00:00+00:00","open_rate":104357.9,"close_rate":103867.5,"fee_open":0.0005,"fee_close":0.0005,"trade_duration":15,"profit_ratio":-0.005694016382122465,"profit_abs":-1.7835381,"exit_reason":"exit_signal","initial_stop_loss_abs":93922.2,"initial_stop_loss_ratio":-0.1,"stop_loss_abs":93922.2,"stop_loss_ratio":-0.1,"min_rate":103650.2,"max_rate":104358.0,"is_open":false,"enter_tag":"","leverage":1.0,"is_short":false,"open_timestamp":1748623500000,"close_timestamp":1748624400000,"orders":[{"amount":0.003,"safe_price":104357.9,"ft_order_side":"buy","order_filled_timestamp":1748623500000,"ft_is_entry":true,"ft_order_tag":"","cost":313.23023685},{"amount":0.003,"safe_price":103867.5,"ft_order_side":"sell","order_filled_timestamp":1748624400000,"ft_is_entry":false,"ft_order_tag":"exit_signal","cost":311.75830125}],"funding_fees":0.0},{"pair":"BTC/USDT:USDT","stake_amount":313.4259,"max_stake_amount":313.4259,"amount":0.003,"open_date":"2025-06-05 14:00:00+00:00","close_date":"2025-06-05 14:15:00+00:00","open_rate":104475.3,"close_rate":104223.7,"fee_open":0.0005,"fee_close":0.0005,"trade_duration":15,"profit_ratio":-0.0034053179478106647,"profit_abs":-1.0678485,"exit_reason":"exit_signal","initial_stop_loss_abs":94027.8,"initial_stop_loss_ratio":-0.1,"stop_loss_abs":94027.8,"stop_loss_ratio":-0.1,"min_rate":103825.0,"max_rate":104506.3,"is_open":false,"enter_tag":"","leverage":1.0,"is_short":false,"open_timestamp":1749132000000,"close_timestamp":1749132900000,"orders":[{"amount":0.003,"safe_price":104475.3,"ft_order_side":"buy","order_filled_timestamp":1749132000000,"ft_is_entry":true,"ft_order_tag":"","cost":313.58261295},{"amount":0.003,"safe_price":104223.7,"ft_order_side":"sell","order_filled_timestamp":1749132900000,"ft_is_entry":false,"ft_order_tag":"exit_signal","cost":312.82743555}],"funding_fees":0.0},{"pair":"BTC/USDT:USDT","stake_amount":306.4872,"max_stake_amount":306.4872,"amount":0.003,"open_date":"2025-06-05 19:30:00+00:00","close_date":"2025-06-05 19:45:00+00:00","open_rate":102162.4,"close_rate":102161.6,"fee_open":0.0005,"fee_close":0.0005,"trade_duration":15,"profit_ratio":-0.0010073230927193976,"profit_abs":-0.308886,"exit_reason":"exit_signal","initial_stop_loss_abs":91946.2,"initial_stop_loss_ratio":-0.1,"stop_loss_abs":91946.2,"stop_loss_ratio":-0.1,"min_rate":101808.2,"max_rate":102445.7,"is_open":false,"enter_tag":"","leverage":1.0,"is_short":false,"open_timestamp":1749151800000,"close_timestamp":1749152700000,"orders":[{"amount":0.003,"safe_price":102162.4,"ft_order_side":"buy","order_filled_timestamp":1749151800000,"ft_is_entry":true,"ft_order_tag":"","cost":306.64044359999997},{"amount":0.003,"safe_price":102161.6,"ft_order_side":"sell","order_filled_timestamp":1749152700000,"ft_is_entry":false,"ft_order_tag":"exit_signal","cost":306.6380424}],"funding_fees":0.0},{"pair":"BTC/USDT:USDT","stake_amount":312.8103,"max_stake_amount":312.8103,"amount":0.003,"open_date":"2025-06-13 00:15:00+00:00","close_date":"2025-06-13 00:45:00+00:00","open_rate":104270.1,"close_rate":103850.2,"fee_open":0.0005,"fee_close":0.0005,"trade_duration":30,"profit_ratio":-0.005022516530142153,"profit_abs":-1.57188045,"exit_reason":"exit_signal","initial_stop_loss_abs":93843.1,"initial_stop_loss_ratio":-0.1,"stop_loss_abs":93843.1,"stop_loss_ratio":-0.1,"min_rate":103150.0,"max_rate":104561.9,"is_open":false,"enter_tag":"","leverage":1.0,"is_short":false,"open_timestamp":1749773700000,"close_timestamp":1749775500000,"orders":[{"amount":0.003,"safe_price":104270.1,"ft_order_side":"buy","order_filled_timestamp":1749773700000,"ft_is_entry":true,"ft_order_tag":"","cost":312.96670515},{"amount":0.003,"safe_price":103850.2,"ft_order_side":"sell","order_filled_timestamp":1749775500000,"ft_is_entry":false,"ft_order_tag":"exit_signal","cost":311.70637529999993}],"funding_fees":0.0},{"pair":"BTC/USDT:USDT","stake_amount":308.5608,"max_stake_amount":308.5608,"amount":0.003,"open_date":"2025-06-13 01:15:00+00:00","close_date":"2025-06-13 01:30:00+00:00","open_rate":102853.6,"close_rate":103212.5,"fee_open":0.0005,"fee_close":0.0005,"trade_duration":15,"profit_ratio":0.002486437815105841,"profit_abs":0.76760085,"exit_reason":"exit_signal","initial_stop_loss_abs":92568.3,"initial_stop_loss_ratio":-0.1,"stop_loss_abs":92568.3,"stop_loss_ratio":-0.1,"min_rate":102828.9,"max_rate":103512.3,"is_open":false,"enter_tag":"","leverage":1.0,"is_short":false,"open_timestamp":1749777300000,"close_timestamp":1749778200000,"orders":[{"amount":0.003,"safe_price":102853.6,"ft_order_side":"buy","order_filled_timestamp":1749777300000,"ft_is_entry":true,"ft_order_tag":"","cost":308.71508040000003},{"amount":0.003,"safe_price":103212.5,"ft_order_side":"sell","order_filled_timestamp":1749778200000,"ft_is_entry":false,"ft_order_tag":"exit_signal","cost":309.79231875}],"funding_fees":0.0},{"pair":"BTC/USDT:USDT","stake_amount":310.7226,"max_stake_amount":310.7226,"amount":0.003,"open_date":"2025-06-17 17:00:00+00:00","close_date":"2025-06-17 17:15:00+00:00","open_rate":103574.2,"close_rate":103595.2,"fee_open":0.0005,"fee_close":0.0005,"trade_duration":15,"profit_ratio":-0.000796949706450613,"profit_abs":-0.2477541,"exit_reason":"exit_signal","initial_stop_loss_abs":93216.8,"initial_stop_loss_ratio":-0.1,"stop_loss_abs":93216.8,"stop_loss_ratio":-0.1,"min_rate":103300.0,"max_rate":103884.6,"is_open":false,"enter_tag":"","leverage":1.0,"is_short":false,"open_timestamp":1750179600000,"close_timestamp":1750180500000,"orders":[{"amount":0.003,"safe_price":103574.2,"ft_order_side":"buy","order_filled_timestamp":1750179600000,"ft_is_entry":true,"ft_order_tag":"","cost":310.8779613},{"amount":0.003,"safe_price":103595.2,"ft_order_side":"sell","order_filled_timestamp":1750180500000,"ft_is_entry":false,"ft_order_tag":"exit_signal","cost":310.94099279999995}],"funding_fees":0.0}],"locks":[],"best_pair":{"key":"BTC/USDT:USDT","trades":8,"profit_mean":-0.0019041147271922298,"profit_mean_pct":-0.19,"profit_sum":-0.015232917817537838,"profit_sum_pct":-1.52,"profit_total_abs":-4.76491905,"profit_total":-0.004764919049999999,"profit_total_pct":-0.48,"duration_avg":"0:17:00","wins":2,"draws":0,"losses":6,"winrate":0.25,"cagr":-0.051457663438957524,"expectancy":-0.5956148812500001,"expectancy_ratio":-0.5613144298898121,"sortino":-4.6449339612925,"sharpe":-2.884105124959624,"calmar":-45.120870249092235,"sqn":-1.6475,"profit_factor":0.25158076014691727,"max_drawdown_account":0.006113790488482728,"max_drawdown_abs":6.11889015},"worst_pair":{"key":"BTC/USDT:USDT","trades":8,"profit_mean":-0.0019041147271922298,"profit_mean_pct":-0.19,"profit_sum":-0.015232917817537838,"profit_sum_pct":-1.52,"profit_total_abs":-4.76491905,"profit_total":-0.004764919049999999,"profit_total_pct":-0.48,"duration_avg":"0:17:00","wins":2,"draws":0,"losses":6,"winrate":0.25,"cagr":-0.051457663438957524,"expectancy":-0.5956148812500001,"expectancy_ratio":-0.5613144298898121,"sortino":-4.6449339612925,"sharpe":-2.884105124959624,"calmar":-45.120870249092235,"sqn":-1.6475,"profit_factor":0.25158076014691727,"max_drawdown_account":0.006113790488482728,"max_drawdown_abs":6.11889015},"results_per_pair":[{"key":"BTC/USDT:USDT","trades":8,"profit_mean":-0.0019041147271922298,"profit_mean_pct":-0.19,"profit_sum":-0.015232917817537838,"profit_sum_pct":-1.52,"profit_total_abs":-4.76491905,"profit_total":-0.004764919049999999,"profit_total_pct":-0.48,"duration_avg":"0:17:00","wins":2,"draws":0,"losses":6,"winrate":0.25,"cagr":-0.051457663438957524,"expectancy":-0.5956148812500001,"expectancy_ratio":-0.5613144298898121,"sortino":-4.6449339612925,"sharpe":-2.884105124959624,"calmar":-45.120870249092235,"sqn":-1.6475,"profit_factor":0.25158076014691727,"max_drawdown_account":0.006113790488482728,"max_drawdown_abs":6.11889015},{"key":"TOTAL","trades":8,"profit_mean":-0.0019041147271922298,"profit_mean_pct":-0.19,"profit_sum":-0.015232917817537838,"profit_sum_pct":-1.52,"profit_total_abs":-4.76491905,"profit_total":-0.004764919049999999,"profit_total_pct":-0.48,"duration_avg":"0:17:00","wins":2,"draws":0,"losses":6,"winrate":0.25,"cagr":-0.051457663438957524,"expectancy":-0.5956148812500001,"expectancy_ratio":-0.5613144298898121,"sortino":-4.6449339612925,"sharpe":-2.884105124959624,"calmar":-45.120870249092235,"sqn":-1.6475,"profit_factor":0.25158076014691727,"max_drawdown_account":0.006113790488482728,"max_drawdown_abs":6.11889015}],"results_per_enter_tag":[{"key":"","trades":8,"profit_mean":-0.0019041147271922298,"profit_mean_pct":-0.19,"profit_sum":-0.015232917817537838,"profit_sum_pct":-1.52,"profit_total_abs":-4.76491905,"profit_total":-0.004764919049999999,"profit_total_pct":-0.48,"duration_avg":"0:17:00","wins":2,"draws":0,"losses":6,"winrate":0.25,"cagr":-0.051457663438957524,"expectancy":-0.5956148812500001,"expectancy_ratio":-0.5613144298898121,"sortino":-4.6449339612925,"sharpe":-2.884105124959624,"calmar":-45.120870249092235,"sqn":-1.6475,"profit_factor":0.25158076014691727,"max_drawdown_account":0.006113790488482728,"max_drawdown_abs":6.11889015},{"key":"TOTAL","trades":8,"profit_mean":-0.0019041147271922298,"profit_mean_pct":-0.19,"profit_sum":-0.015232917817537838,"profit_sum_pct":-1.52,"profit_total_abs":-4.76491905,"profit_total":-0.004764919049999999,"profit_total_pct":-0.48,"duration_avg":"0:17:00","wins":2,"draws":0,"losses":6,"winrate":0.25,"cagr":-0.051457663438957524,"expectancy":-0.5956148812500001,"expectancy_ratio":-0.5613144298898121,"sortino":-4.6449339612925,"sharpe":-2.884105124959624,"calmar":-45.120870249092235,"sqn":-1.6475,"profit_factor":0.25158076014691727,"max_drawdown_account":0.006113790488482728,"max_drawdown_abs":6.11889015}],"exit_reason_summary":[{"key":"exit_signal","trades":8,"profit_mean":-0.0019041147271922298,"profit_mean_pct":-0.19,"profit_sum":-0.015232917817537838,"profit_sum_pct":-1.52,"profit_total_abs":-4.76491905,"profit_total":-0.004764919049999999,"profit_total_pct":-0.48,"duration_avg":"0:17:00","wins":2,"draws":0,"losses":6,"winrate":0.25,"cagr":-0.051457663438957524,"expectancy":-0.5956148812500001,"expectancy_ratio":-0.5613144298898121,"sortino":-4.6449339612925,"sharpe":-2.884105124959624,"calmar":-45.120870249092235,"sqn":-1.6475,"profit_factor":0.25158076014691727,"max_drawdown_account":0.006113790488482728,"max_drawdown_abs":6.11889015},{"key":"TOTAL","trades":8,"profit_mean":-0.0019041147271922298,"profit_mean_pct":-0.19,"profit_sum":-0.015232917817537838,"profit_sum_pct":-1.52,"profit_total_abs":-4.76491905,"profit_total":-0.004764919049999999,"profit_total_pct":-0.48,"duration_avg":"0:17:00","wins":2,"draws":0,"losses":6,"winrate":0.25,"cagr":-0.051457663438957524,"expectancy":-0.5956148812500001,"expectancy_ratio":-0.5613144298898121,"sortino":-4.6449339612925,"sharpe":-2.884105124959624,"calmar":-45.120870249092235,"sqn":-1.6475,"profit_factor":0.25158076014691727,"max_drawdown_account":0.006113790488482728,"max_drawdown_abs":6.11889015}],"mix_tag_stats":[{"key":["","exit_signal"],"trades":8,"profit_mean":-0.0019041147271922298,"profit_mean_pct":-0.19,"profit_sum":-0.015232917817537838,"profit_sum_pct":-1.52,"profit_total_abs":-4.76491905,"profit_total":-0.004764919049999999,"profit_total_pct":-0.48,"duration_avg":"0:17:00","wins":2,"draws":0,"losses":6,"winrate":0.25,"cagr":-0.051457663438957524,"expectancy":-0.5956148812500001,"expectancy_ratio":-0.5613144298898121,"sortino":-4.6449339612925,"sharpe":-2.884105124959624,"calmar":-45.120870249092235,"sqn":-1.6475,"profit_factor":0.25158076014691727,"max_drawdown_account":0.006113790488482728,"max_drawdown_abs":6.11889015},{"key":"TOTAL","trades":8,"profit_mean":-0.0019041147271922298,"profit_mean_pct":-0.19,"profit_sum":-0.015232917817537838,"profit_sum_pct":-1.52,"profit_total_abs":-4.76491905,"profit_total":-0.004764919049999999,"profit_total_pct":-0.48,"duration_avg":"0:17:00","wins":2,"draws":0,"losses":6,"winrate":0.25,"cagr":-0.051457663438957524,"expectancy":-0.5956148812500001,"expectancy_ratio":-0.5613144298898121,"sortino":-4.6449339612925,"sharpe":-2.884105124959624,"calmar":-45.120870249092235,"sqn":-1.6475,"profit_factor":0.25158076014691727,"max_drawdown_account":0.006113790488482728,"max_drawdown_abs":6.11889015}],"left_open_trades":[{"key":"TOTAL","trades":0,"profit_mean":0.0,"profit_mean_pct":0.0,"profit_sum":0.0,"profit_sum_pct":0.0,"profit_total_abs":0.0,"profit_total":0.0,"profit_total_pct":0.0,"duration_avg":"0:00","wins":0,"draws":0,"losses":0,"winrate":0.0,"cagr":0.0,"expectancy":0.0,"expectancy_ratio":100.0,"sortino":0,"sharpe":0,"calmar":0,"sqn":0.0,"profit_factor":0.0,"max_drawdown_account":0.0,"max_drawdown_abs":0.0}],"total_trades":8,"trade_count_long":8,"trade_count_short":0,"total_volume":4977.7257190499995,"avg_stake_amount":311.0947125,"profit_mean":-0.0019041147271922298,"profit_median":-0.002206320520265031,"profit_total":-0.004764919049999999,"profit_total_long":-0.004764919049999999,"profit_total_short":0.0,"profit_total_abs":-4.76491905,"profit_total_long_abs":-4.76491905,"profit_total_short_abs":0.0,"cagr":-0.051457663438957524,"expectancy":-0.5956148812500001,"expectancy_ratio":-0.5613144298898121,"sortino":-4.6449339612925,"sharpe":-2.884105124959624,"calmar":-45.120870249092235,"sqn":-1.6475,"profit_factor":0.25158076014691727,"backtest_start":"2025-05-16 00:00:00","backtest_start_ts":1747353600000,"backtest_end":"2025-06-18 07:30:00","backtest_end_ts":1750231800000,"backtest_days":33,"backtest_run_start_ts":1750233274,"backtest_run_end_ts":1750233274,"trades_per_day":0.24,"market_change":0.009776957148316959,"pairlist":["BTC/USDT:USDT"],"stake_amount":"unlimited","stake_currency":"USDT","stake_currency_decimals":3,"starting_balance":1000,"dry_run_wallet":1000,"final_balance":995.23508095,"rejected_signals":0,"timedout_entry_orders":0,"timedout_exit_orders":0,"canceled_trade_entries":0,"canceled_entry_orders":0,"replaced_entry_orders":0,"max_open_trades":1,"max_open_trades_setting":3,"timeframe":"15m","timeframe_detail":"","timerange":"","enable_protections":false,"strategy_name":"GridBotSample","stoploss":-0.1,"trailing_stop":false,"trailing_stop_positive":null,"trailing_stop_positive_offset":0.0,"trailing_only_offset_is_reached":false,"use_custom_stoploss":false,"minimal_roi":{},"use_exit_signal":true,"exit_profit_only":false,"exit_profit_offset":0.0,"ignore_roi_if_entry_signal":false,"trading_mode":"futures","margin_mode":"isolated","periodic_breakdown":{"day":[{"date":"18/05/2025","date_ts":1747526400000,"profit_abs":0.83412435,"wins":1,"draws":0,"losses":0,"trades":1,"profit_factor":0.0},{"date":"19/05/2025","date_ts":1747612800000,"profit_abs":-1.3867371,"wins":0,"draws":0,"losses":1,"trades":1,"profit_factor":0.0},{"date":"20/05/2025","date_ts":1747699200000,"profit_abs":0.0,"wins":0,"draws":0,"losses":0,"trades":0,"profit_factor":0.0},{"date":"21/05/2025","date_ts":1747785600000,"profit_abs":0.0,"wins":0,"draws":0,"losses":0,"trades":0,"profit_factor":0.0},{"date":"22/05/2025","date_ts":1747872000000,"profit_abs":0.0,"wins":0,"draws":0,"losses":0,"trades":0,"profit_factor":0.0},{"date":"23/05/2025","date_ts":1747958400000,"profit_abs":0.0,"wins":0,"draws":0,"losses":0,"trades":0,"profit_factor":0.0},{"date":"24/05/2025","date_ts":1748044800000,"profit_abs":0.0,"wins":0,"draws":0,"losses":0,"trades":0,"profit_factor":0.0},{"date":"25/05/2025","date_ts":1748131200000,"profit_abs":0.0,"wins":0,"draws":0,"losses":0,"trades":0,"profit_factor":0.0},{"date":"26/05/2025","date_ts":1748217600000,"profit_abs":0.0,"wins":0,"draws":0,"losses":0,"trades":0,"profit_factor":0.0},{"date":"27/05/2025","date_ts":1748304000000,"profit_abs":0.0,"wins":0,"draws":0,"losses":0,"trades":0,"profit_factor":0.0},{"date":"28/05/2025","date_ts":1748390400000,"profit_abs":0.0,"wins":0,"draws":0,"losses":0,"trades":0,"profit_factor":0.0},{"date":"29/05/2025","date_ts":1748476800000,"profit_abs":0.0,"wins":0,"draws":0,"losses":0,"trades":0,"profit_factor":0.0},{"date":"30/05/2025","date_ts":1748563200000,"profit_abs":-1.7835381,"wins":0,"draws":0,"losses":1,"trades":1,"profit_factor":0.0},{"date":"31/05/2025","date_ts":1748649600000,"profit_abs":0.0,"wins":0,"draws":0,"losses":0,"trades":0,"profit_factor":0.0},{"date":"01/06/2025","date_ts":1748736000000,"profit_abs":0.0,"wins":0,"draws":0,"losses":0,"trades":0,"profit_factor":0.0},{"date":"02/06/2025","date_ts":1748822400000,"profit_abs":0.0,"wins":0,"draws":0,"losses":0,"trades":0,"profit_factor":0.0},{"date":"03/06/2025","date_ts":1748908800000,"profit_abs":0.0,"wins":0,"draws":0,"losses":0,"trades":0,"profit_factor":0.0},{"date":"04/06/2025","date_ts":1748995200000,"profit_abs":0.0,"wins":0,"draws":0,"losses":0,"trades":0,"profit_factor":0.0},{"date":"05/06/2025","date_ts":1749081600000,"profit_abs":-1.3767345,"wins":0,"draws":0,"losses":2,"trades":2,"profit_factor":0.0},{"date":"06/06/2025","date_ts":1749168000000,"profit_abs":0.0,"wins":0,"draws":0,"losses":0,"trades":0,"profit_factor":0.0},{"date":"07/06/2025","date_ts":1749254400000,"profit_abs":0.0,"wins":0,"draws":0,"losses":0,"trades":0,"profit_factor":0.0},{"date":"08/06/2025","date_ts":1749340800000,"profit_abs":0.0,"wins":0,"draws":0,"losses":0,"trades":0,"profit_factor":0.0},{"date":"09/06/2025","date_ts":1749427200000,"profit_abs":0.0,"wins":0,"draws":0,"losses":0,"trades":0,"profit_factor":0.0},{"date":"10/06/2025","date_ts":1749513600000,"profit_abs":0.0,"wins":0,"draws":0,"losses":0,"trades":0,"profit_factor":0.0},{"date":"11/06/2025","date_ts":1749600000000,"profit_abs":0.0,"wins":0,"draws":0,"losses":0,"trades":0,"profit_factor":0.0},{"date":"12/06/2025","date_ts":1749686400000,"profit_abs":0.0,"wins":0,"draws":0,"losses":0,"trades":0,"profit_factor":0.0},{"date":"13/06/2025","date_ts":1749772800000,"profit_abs":-0.8042796,"wins":1,"draws":0,"losses":1,"trades":2,"profit_factor":0.48833284},{"date":"14/06/2025","date_ts":1749859200000,"profit_abs":0.0,"wins":0,"draws":0,"losses":0,"trades":0,"profit_factor":0.0},{"date":"15/06/2025","date_ts":1749945600000,"profit_abs":0.0,"wins":0,"draws":0,"losses":0,"trades":0,"profit_factor":0.0},{"date":"16/06/2025","date_ts":1750032000000,"profit_abs":0.0,"wins":0,"draws":0,"losses":0,"trades":0,"profit_factor":0.0},{"date":"17/06/2025","date_ts":1750118400000,"profit_abs":-0.2477541,"wins":0,"draws":0,"losses":1,"trades":1,"profit_factor":0.0}],"week":[{"date":"19/05/2025","date_ts":1747612800000,"profit_abs":-0.55261275,"wins":1,"draws":0,"losses":1,"trades":2,"profit_factor":0.60150143},{"date":"26/05/2025","date_ts":1748217600000,"profit_abs":0.0,"wins":0,"draws":0,"losses":0,"trades":0,"profit_factor":0.0},{"date":"02/06/2025","date_ts":1748822400000,"profit_abs":-1.7835381,"wins":0,"draws":0,"losses":1,"trades":1,"profit_factor":0.0},{"date":"09/06/2025","date_ts":1749427200000,"profit_abs":-1.3767345,"wins":0,"draws":0,"losses":2,"trades":2,"profit_factor":0.0},{"date":"16/06/2025","date_ts":1750032000000,"profit_abs":-0.8042796,"wins":1,"draws":0,"losses":1,"trades":2,"profit_factor":0.48833284},{"date":"23/06/2025","date_ts":1750636800000,"profit_abs":-0.2477541,"wins":0,"draws":0,"losses":1,"trades":1,"profit_factor":0.0}],"month":[{"date":"31/05/2025","date_ts":1748649600000,"profit_abs":-2.33615085,"wins":1,"draws":0,"losses":2,"trades":3,"profit_factor":0.26310787},{"date":"30/06/2025","date_ts":1751241600000,"profit_abs":-2.4287682,"wins":1,"draws":0,"losses":4,"trades":5,"profit_factor":0.24014775}],"year":[{"date":"31/12/2025","date_ts":1767139200000,"profit_abs":-4.76491905,"wins":2,"draws":0,"losses":6,"trades":8,"profit_factor":0.25158076}]},"backtest_best_day":0.0026652891055069486,"backtest_worst_day":-0.005694016382122465,"backtest_best_day_abs":0.83412435,"backtest_worst_day_abs":-1.7835381,"winning_days":1,"draw_days":25,"losing_days":5,"daily_profit":[["2025-05-18",0.83412435],["2025-05-19",-1.3867371],["2025-05-20",0.0],["2025-05-21",0.0],["2025-05-22",0.0],["2025-05-23",0.0],["2025-05-24",0.0],["2025-05-25",0.0],["2025-05-26",0.0],["2025-05-27",0.0],["2025-05-28",0.0],["2025-05-29",0.0],["2025-05-30",-1.7835381],["2025-05-31",0.0],["2025-06-01",0.0],["2025-06-02",0.0],["2025-06-03",0.0],["2025-06-04",0.0],["2025-06-05",-1.3767345],["2025-06-06",0.0],["2025-06-07",0.0],["2025-06-08",0.0],["2025-06-09",0.0],["2025-06-10",0.0],["2025-06-11",0.0],["2025-06-12",0.0],["2025-06-13",-0.8042796],["2025-06-14",0.0],["2025-06-15",0.0],["2025-06-16",0.0],["2025-06-17",-0.2477541]],"wins":2,"losses":6,"draws":0,"winrate":0.25,"holding_avg":"0:17:00","holding_avg_s":1020.0,"winner_holding_min":"0d 00:15","winner_holding_min_s":900.0,"winner_holding_max":"0d 00:15","winner_holding_max_s":900.0,"winner_holding_avg":"0d 00:15","winner_holding_avg_s":900.0,"loser_holding_min":"0d 00:15","loser_holding_min_s":900.0,"loser_holding_max":"0d 00:30","loser_holding_max_s":1800.0,"loser_holding_avg":"0d 00:18","loser_holding_avg_s":1080.0,"max_consecutive_wins":1,"max_consecutive_losses":5,"max_drawdown_account":0.006113790488482728,"max_relative_drawdown":0.006113790488482728,"max_drawdown_abs":6.11889015,"drawdown_start":"2025-05-18 18:30:00","drawdown_start_ts":1747593000000.0,"drawdown_end":"2025-06-13 00:45:00","drawdown_end_ts":1749775500000.0,"max_drawdown_low":-5.284765800000001,"max_drawdown_high":0.83412435,"csum_min":994.7152342,"csum_max":1000.83412435}},"strategy_comparison":[{"key":"GridBotSample","trades":8,"profit_mean":-0.0019041147271922298,"profit_mean_pct":-0.19,"profit_sum":-0.015232917817537838,"profit_sum_pct":-1.52,"profit_total_abs":-4.76491905,"profit_total":-0.004764919049999999,"profit_total_pct":-0.48,"duration_avg":"0:17:00","wins":2,"draws":0,"losses":6,"winrate":0.25,"cagr":-0.051457663438957524,"expectancy":-0.5956148812500001,"expectancy_ratio":-0.5613144298898121,"sortino":-4.6449339612925,"sharpe":-2.884105124959624,"calmar":-45.120870249092235,"sqn":-1.6475,"profit_factor":0.25158076014691727,"max_drawdown_account":0.006113790488482728,"max_drawdown_abs":"6.119"}]}