{"strategy":{"GridBotSample":{"trades":[{"pair":"ETH/USDT:USDT","stake_amount":329.36576,"max_stake_amount":329.36576,"amount":0.128,"open_date":"2025-05-16 05:00:00+00:00","close_date":"2025-05-18 04:30:00+00:00","open_rate":2573.17,"close_rate":2481.15,"fee_open":0.0005,"fee_close":0.0005,"trade_duration":2850,"profit_ratio":-0.036979556011574766,"profit_abs":-12.18588947,"exit_reason":"exit_signal","initial_stop_loss_abs":2315.86,"initial_stop_loss_ratio":-0.1,"stop_loss_abs":2315.86,"stop_loss_ratio":-0.1,"min_rate":2442.65,"max_rate":2648.68,"is_open":false,"enter_tag":"","leverage":1.0,"is_short":false,"open_timestamp":1747371600000,"close_timestamp":1747542600000,"orders":[{"amount":0.128,"safe_price":2573.17,"ft_order_side":"buy","order_filled_timestamp":1747371600000,"ft_is_entry":true,"ft_order_tag":"","cost":329.53044288},{"amount":0.128,"safe_price":2481.15,"ft_order_side":"sell","order_filled_timestamp":1747542600000,"ft_is_entry":false,"ft_order_tag":"exit_signal","cost":317.74599359999996}],"funding_fees":-0.0838529857840751},{"pair":"ETH/USDT:USDT","stake_amount":325.79176,"max_stake_amount":325.79176,"amount":0.131,"open_date":"2025-05-18 04:45:00+00:00","close_date":"2025-05-18 19:45:00+00:00","open_rate":2486.96,"close_rate":2431.26,"fee_open":0.0005,"fee_close":0.0005,"trade_duration":900,"profit_ratio":-0.02342476056795756,"profit_abs":-7.63540977,"exit_reason":"exit_signal","initial_stop_loss_abs":2238.27,"initial_stop_loss_ratio":-0.1,"stop_loss_abs":2238.27,"stop_loss_ratio":-0.1,"min_rate":2402.0,"max_rate":2587.52,"is_open":false,"enter_tag":"","leverage":1.0,"is_short":false,"open_timestamp":1747543500000,"close_timestamp":1747597500000,"orders":[{"amount":0.131,"safe_price":2486.96,"ft_order_side":"buy","order_filled_timestamp":1747543500000,"ft_is_entry":true,"ft_order_tag":"","cost":325.95465588},{"amount":0.131,"safe_price":2431.26,"ft_order_side":"sell","order_filled_timestamp":1747597500000,"ft_is_entry":false,"ft_order_tag":"exit_signal","cost":318.65430753}],"funding_fees":-0.01656635586090441},{"pair":"ETH/USDT:USDT","stake_amount":322.71228,"max_stake_amount":322.71228,"amount":0.132,"open_date":"2025-05-19 14:45:00+00:00","close_date":"2025-05-22 08:30:00+00:00","open_rate":2444.79,"close_rate":2664.41,"fee_open":0.0005,"fee_close":0.0005,"trade_duration":3945,"profit_ratio":0.0882233595797482,"profit_abs":28.4849969,"exit_reason":"exit_signal","initial_stop_loss_abs":2200.32,"initial_stop_loss_ratio":-0.1,"stop_loss_abs":2200.32,"stop_loss_ratio":-0.1,"min_rate":2438.39,"max_rate":2681.9,"is_open":false,"enter_tag":"","leverage":1.0,"is_short":false,"open_timestamp":1747665900000,"close_timestamp":1747902600000,"orders":[{"amount":0.132,"safe_price":2444.79,"ft_order_side":"buy","order_filled_timestamp":1747665900000,"ft_is_entry":true,"ft_order_tag":"","cost":322.87363614000003},{"amount":0.132,"safe_price":2664.41,"ft_order_side":"sell","order_filled_timestamp":1747902600000,"ft_is_entry":false,"ft_order_tag":"exit_signal","cost":351.87797105999994}],"funding_fees":-0.1676359029462239},{"pair":"ETH/USDT:USDT","stake_amount":332.50392,"max_stake_amount":332.50392,"amount":0.126,"open_date":"2025-05-22 11:30:00+00:00","close_date":"2025-05-22 11:45:00+00:00","open_rate":2638.92,"close_rate":2651.46,"fee_open":0.0005,"fee_close":0.0005,"trade_duration":15,"profit_ratio":0.0037476941580139853,"profit_abs":1.24674606,"exit_reason":"exit_signal","initial_stop_loss_abs":2375.03,"initial_stop_loss_ratio":-0.1,"stop_loss_abs":2375.03,"stop_loss_ratio":-0.1,"min_rate":2638.0,"max_rate":2663.42,"is_open":false,"enter_tag":"","leverage":1.0,"is_short":false,"open_timestamp":1747913400000,"close_timestamp":1747914300000,"orders":[{"amount":0.126,"safe_price":2638.92,"ft_order_side":"buy","order_filled_timestamp":1747913400000,"ft_is_entry":true,"ft_order_tag":"","cost":332.67017195999995},{"amount":0.126,"safe_price":2651.46,"ft_order_side":"sell","order_filled_timestamp":1747914300000,"ft_is_entry":false,"ft_order_tag":"exit_signal","cost":334.25100197999996}],"funding_fees":0.0},{"pair":"ETH/USDT:USDT","stake_amount":332.91846,"max_stake_amount":332.91846,"amount":0.126,"open_date":"2025-05-22 13:45:00+00:00","close_date":"2025-05-22 14:15:00+00:00","open_rate":2642.21,"close_rate":2650.3,"fee_open":0.0005,"fee_close":0.0005,"trade_duration":30,"profit_ratio":0.0020592702653294483,"profit_abs":0.68591187,"exit_reason":"exit_signal","initial_stop_loss_abs":2377.99,"initial_stop_loss_ratio":-0.1,"stop_loss_abs":2377.99,"stop_loss_ratio":-0.1,"min_rate":2632.5,"max_rate":2667.83,"is_open":false,"enter_tag":"","leverage":1.0,"is_short":false,"open_timestamp":1747921500000,"close_timestamp":1747923300000,"orders":[{"amount":0.126,"safe_price":2642.21,"ft_order_side":"buy","order_filled_timestamp":1747921500000,"ft_is_entry":true,"ft_order_tag":"","cost":333.08491922999997},{"amount":0.126,"safe_price":2650.3,"ft_order_side":"sell","order_filled_timestamp":1747923300000,"ft_is_entry":false,"ft_order_tag":"exit_signal","cost":334.1047689}],"funding_fees":0.0},{"pair":"ETH/USDT:USDT","stake_amount":332.3943,"max_stake_amount":332.3943,"amount":0.126,"open_date":"2025-05-22 19:45:00+00:00","close_date":"2025-05-22 20:15:00+00:00","open_rate":2638.05,"close_rate":2645.44,"fee_open":0.0005,"fee_close":0.0005,"trade_duration":30,"profit_ratio":0.0017990114133433844,"profit_abs":0.59828013,"exit_reason":"exit_signal","initial_stop_loss_abs":2374.25,"initial_stop_loss_ratio":-0.1,"stop_loss_abs":2374.25,"stop_loss_ratio":-0.1,"min_rate":2625.28,"max_rate":2648.69,"is_open":false,"enter_tag":"","leverage":1.0,"is_short":false,"open_timestamp":1747943100000,"close_timestamp":1747944900000,"orders":[{"amount":0.126,"safe_price":2638.05,"ft_order_side":"buy","order_filled_timestamp":1747943100000,"ft_is_entry":true,"ft_order_tag":"","cost":332.56049715},{"amount":0.126,"safe_price":2645.44,"ft_order_side":"sell","order_filled_timestamp":1747944900000,"ft_is_entry":false,"ft_order_tag":"exit_signal","cost":333.49210272}],"funding_fees":0.0},{"pair":"ETH/USDT:USDT","stake_amount":332.1864,"max_stake_amount":332.1864,"amount":0.126,"open_date":"2025-05-22 20:30:00+00:00","close_date":"2025-05-22 22:15:00+00:00","open_rate":2636.4,"close_rate":2645.1,"fee_open":0.0005,"fee_close":0.0005,"trade_duration":105,"profit_ratio":0.0022971559281806525,"profit_abs":0.7634655,"exit_reason":"exit_signal","initial_stop_loss_abs":2372.76,"initial_stop_loss_ratio":-0.1,"stop_loss_abs":2372.76,"stop_loss_ratio":-0.1,"min_rate":2627.18,"max_rate":2651.51,"is_open":false,"enter_tag":"","leverage":1.0,"is_short":false,"open_timestamp":1747945800000,"close_timestamp":1747952100000,"orders":[{"amount":0.126,"safe_price":2636.4,"ft_order_side":"buy","order_filled_timestamp":1747945800000,"ft_is_entry":true,"ft_order_tag":"","cost":332.35249319999997},{"amount":0.126,"safe_price":2645.1,"ft_order_side":"sell","order_filled_timestamp":1747952100000,"ft_is_entry":false,"ft_order_tag":"exit_signal","cost":333.4492413}],"funding_fees":0.0},{"pair":"ETH/USDT:USDT","stake_amount":331.9848,"max_stake_amount":331.9848,"amount":0.126,"open_date":"2025-05-22 23:00:00+00:00","close_date":"2025-05-22 23:15:00+00:00","open_rate":2634.8,"close_rate":2645.59,"fee_open":0.0005,"fee_close":0.0005,"trade_duration":15,"profit_ratio":0.0030915940997165,"profit_abs":1.02687543,"exit_reason":"exit_signal","initial_stop_loss_abs":2371.32,"initial_stop_loss_ratio":-0.1,"stop_loss_abs":2371.32,"stop_loss_ratio":-0.1,"min_rate":2634.8,"max_rate":2651.0,"is_open":false,"enter_tag":"","leverage":1.0,"is_short":false,"open_timestamp":1747954800000,"close_timestamp":1747955700000,"orders":[{"amount":0.126,"safe_price":2634.8,"ft_order_side":"buy","order_filled_timestamp":1747954800000,"ft_is_entry":true,"ft_order_tag":"","cost":332.1507924},{"amount":0.126,"safe_price":2645.59,"ft_order_side":"sell","order_filled_timestamp":1747955700000,"ft_is_entry":false,"ft_order_tag":"exit_signal","cost":333.51101217}],"funding_fees":0.0},{"pair":"ETH/USDT:USDT","stake_amount":333.93761,"max_stake_amount":333.93761,"amount":0.127,"open_date":"2025-05-23 11:45:00+00:00","close_date":"2025-05-24 18:15:00+00:00","open_rate":2629.43,"close_rate":2561.57,"fee_open":0.0005,"fee_close":0.0005,"trade_duration":1830,"profit_ratio":-0.026930052985748992,"profit_abs":-8.99745401,"exit_reason":"exit_signal","initial_stop_loss_abs":2366.49,"initial_stop_loss_ratio":-0.1,"stop_loss_abs":2366.49,"stop_loss_ratio":-0.1,"min_rate":2497.0,"max_rate":2630.53,"is_open":false,"enter_tag":"","leverage":1.0,"is_short":false,"open_timestamp":1748000700000,"close_timestamp":1748110500000,"orders":[{"amount":0.127,"safe_price":2629.43,"ft_order_side":"buy","order_filled_timestamp":1748000700000,"ft_is_entry":true,"ft_order_tag":"","cost":334.10457880499996},{"amount":0.127,"safe_price":2561.57,"ft_order_side":"sell","order_filled_timestamp":1748110500000,"ft_is_entry":false,"ft_order_tag":"exit_signal","cost":325.482049695}],"funding_fees":-0.049605506003657825},{"pair":"ETH/USDT:USDT","stake_amount":330.27354,"max_stake_amount":330.27354,"amount":0.129,"open_date":"2025-05-24 18:30:00+00:00","close_date":"2025-05-24 19:45:00+00:00","open_rate":2560.26,"close_rate":2550.78,"fee_open":0.0005,"fee_close":0.0005,"trade_duration":75,"profit_ratio":-0.0046985482909455735,"profit_abs":-1.55258208,"exit_reason":"exit_signal","initial_stop_loss_abs":2304.24,"initial_stop_loss_ratio":-0.1,"stop_loss_abs":2304.24,"stop_loss_ratio":-0.1,"min_rate":2543.32,"max_rate":2560.37,"is_open":false,"enter_tag":"","leverage":1.0,"is_short":false,"open_timestamp":1748111400000,"close_timestamp":1748115900000,"orders":[{"amount":0.129,"safe_price":2560.26,"ft_order_side":"buy","order_filled_timestamp":1748111400000,"ft_is_entry":true,"ft_order_tag":"","cost":330.43867677000003},{"amount":0.129,"safe_price":2550.78,"ft_order_side":"sell","order_filled_timestamp":1748115900000,"ft_is_entry":false,"ft_order_tag":"exit_signal","cost":329.21514531}],"funding_fees":0.0},{"pair":"ETH/USDT:USDT","stake_amount":329.38086,"max_stake_amount":329.38086,"amount":0.129,"open_date":"2025-05-24 20:00:00+00:00","close_date":"2025-05-24 20:30:00+00:00","open_rate":2553.34,"close_rate":2551.83,"fee_open":0.0005,"fee_close":0.0005,"trade_duration":30,"profit_ratio":-0.0015902914462543182,"profit_abs":-0.52407347,"exit_reason":"exit_signal","initial_stop_loss_abs":2298.01,"initial_stop_loss_ratio":-0.1,"stop_loss_abs":2298.01,"stop_loss_ratio":-0.1,"min_rate":2548.46,"max_rate":2555.47,"is_open":false,"enter_tag":"","leverage":1.0,"is_short":false,"open_timestamp":1748116800000,"close_timestamp":1748118600000,"orders":[{"amount":0.129,"safe_price":2553.34,"ft_order_side":"buy","order_filled_timestamp":1748116800000,"ft_is_entry":true,"ft_order_tag":"","cost":329.54555043000005},{"amount":0.129,"safe_price":2551.83,"ft_order_side":"sell","order_filled_timestamp":1748118600000,"ft_is_entry":false,"ft_order_tag":"exit_signal","cost":329.35066303499997}],"funding_fees":0.0},{"pair":"ETH/USDT:USDT","stake_amount":328.55139,"max_stake_amount":328.55139,"amount":0.129,"open_date":"2025-05-24 21:15:00+00:00","close_date":"2025-05-25 19:00:00+00:00","open_rate":2546.91,"close_rate":2514.89,"fee_open":0.0005,"fee_close":0.0005,"trade_duration":1305,"profit_ratio":-0.013739299313439132,"profit_abs":-4.51632292,"exit_reason":"exit_signal","initial_stop_loss_abs":2292.22,"initial_stop_loss_ratio":-0.1,"stop_loss_abs":2292.22,"stop_loss_ratio":-0.1,"min_rate":2457.6,"max_rate":2547.35,"is_open":false,"enter_tag":"","leverage":1.0,"is_short":false,"open_timestamp":1748121300000,"close_timestamp":1748199600000,"orders":[{"amount":0.129,"safe_price":2546.91,"ft_order_side":"buy","order_filled_timestamp":1748121300000,"ft_is_entry":true,"ft_order_tag":"","cost":328.7156656949999},{"amount":0.129,"safe_price":2514.89,"ft_order_side":"sell","order_filled_timestamp":1748199600000,"ft_is_entry":false,"ft_order_tag":"exit_signal","cost":324.583020405}],"funding_fees":-0.0592568162334},{"pair":"ETH/USDT:USDT","stake_amount":327.639,"max_stake_amount":327.639,"amount":0.13,"open_date":"2025-05-25 19:30:00+00:00","close_date":"2025-05-25 21:00:00+00:00","open_rate":2520.3,"close_rate":2522.66,"fee_open":0.0005,"fee_close":0.0005,"trade_duration":90,"profit_ratio":-6.403971763275209e-05,"profit_abs":-0.0209924,"exit_reason":"exit_signal","initial_stop_loss_abs":2268.28,"initial_stop_loss_ratio":-0.1,"stop_loss_abs":2268.28,"stop_loss_ratio":-0.1,"min_rate":2509.69,"max_rate":2537.0,"is_open":false,"enter_tag":"","leverage":1.0,"is_short":false,"open_timestamp":1748201400000,"close_timestamp":1748206800000,"orders":[{"amount":0.13,"safe_price":2520.3,"ft_order_side":"buy","order_filled_timestamp":1748201400000,"ft_is_entry":true,"ft_order_tag":"","cost":327.8028195},{"amount":0.13,"safe_price":2522.66,"ft_order_side":"sell","order_filled_timestamp":1748206800000,"ft_is_entry":false,"ft_order_tag":"exit_signal","cost":328.1097729}],"funding_fees":0.0},{"pair":"ETH/USDT:USDT","stake_amount":328.887,"max_stake_amount":328.887,"amount":0.13,"open_date":"2025-05-25 21:15:00+00:00","close_date":"2025-05-27 11:45:00+00:00","open_rate":2529.9,"close_rate":2644.24,"fee_open":0.0005,"fee_close":0.0005,"trade_duration":2310,"profit_ratio":0.04387342354874064,"profit_abs":14.43661335,"exit_reason":"exit_signal","initial_stop_loss_abs":2276.92,"initial_stop_loss_ratio":-0.1,"stop_loss_abs":2276.92,"stop_loss_ratio":-0.1,"min_rate":2506.08,"max_rate":2654.1,"is_open":false,"enter_tag":"","leverage":1.0,"is_short":false,"open_timestamp":1748207700000,"close_timestamp":1748346300000,"orders":[{"amount":0.13,"safe_price":2529.9,"ft_order_side":"buy","order_filled_timestamp":1748207700000,"ft_is_entry":true,"ft_order_tag":"","cost":329.0514435},{"amount":0.13,"safe_price":2644.24,"ft_order_side":"sell","order_filled_timestamp":1748346300000,"ft_is_entry":false,"ft_order_tag":"exit_signal","cost":343.92307559999995}],"funding_fees":-0.09126754907103518},{"pair":"ETH/USDT:USDT","stake_amount":332.47494,"max_stake_amount":332.47494,"amount":0.126,"open_date":"2025-05-27 12:15:00+00:00","close_date":"2025-05-27 12:30:00+00:00","open_rate":2638.69,"close_rate":2647.67,"fee_open":0.0005,"fee_close":0.0005,"trade_duration":15,"profit_ratio":0.0024003021095366614,"profit_abs":0.79843932,"exit_reason":"exit_signal","initial_stop_loss_abs":2374.83,"initial_stop_loss_ratio":-0.1,"stop_loss_abs":2374.83,"stop_loss_ratio":-0.1,"min_rate":2633.19,"max_rate":2649.0,"is_open":false,"enter_tag":"","leverage":1.0,"is_short":false,"open_timestamp":1748348100000,"close_timestamp":1748349000000,"orders":[{"amount":0.126,"safe_price":2638.69,"ft_order_side":"buy","order_filled_timestamp":1748348100000,"ft_is_entry":true,"ft_order_tag":"","cost":332.64117747},{"amount":0.126,"safe_price":2647.67,"ft_order_side":"sell","order_filled_timestamp":1748349000000,"ft_is_entry":false,"ft_order_tag":"exit_signal","cost":333.77322320999997}],"funding_fees":0.0},{"pair":"ETH/USDT:USDT","stake_amount":332.4006,"max_stake_amount":332.4006,"amount":0.126,"open_date":"2025-05-27 12:45:00+00:00","close_date":"2025-05-27 13:00:00+00:00","open_rate":2638.1,"close_rate":2647.38,"fee_open":0.0005,"fee_close":0.0005,"trade_duration":15,"profit_ratio":0.00251466700598376,"profit_abs":0.83629476,"exit_reason":"exit_signal","initial_stop_loss_abs":2374.29,"initial_stop_loss_ratio":-0.1,"stop_loss_abs":2374.29,"stop_loss_ratio":-0.1,"min_rate":2637.0,"max_rate":2676.5,"is_open":false,"enter_tag":"","leverage":1.0,"is_short":false,"open_timestamp":1748349900000,"close_timestamp":1748350800000,"orders":[{"amount":0.126,"safe_price":2638.1,"ft_order_side":"buy","order_filled_timestamp":1748349900000,"ft_is_entry":true,"ft_order_tag":"","cost":332.56680029999995},{"amount":0.126,"safe_price":2647.38,"ft_order_side":"sell","order_filled_timestamp":1748350800000,"ft_is_entry":false,"ft_order_tag":"exit_signal","cost":333.73666493999997}],"funding_fees":0.0},{"pair":"ETH/USDT:USDT","stake_amount":332.57952,"max_stake_amount":332.57952,"amount":0.126,"open_date":"2025-05-28 01:30:00+00:00","close_date":"2025-05-28 03:45:00+00:00","open_rate":2639.52,"close_rate":2643.41,"fee_open":0.0005,"fee_close":0.0005,"trade_duration":135,"profit_ratio":0.00047277953736958275,"profit_abs":0.15731541,"exit_reason":"exit_signal","initial_stop_loss_abs":2375.57,"initial_stop_loss_ratio":-0.1,"stop_loss_abs":2375.57,"stop_loss_ratio":-0.1,"min_rate":2617.0,"max_rate":2649.08,"is_open":false,"enter_tag":"","leverage":1.0,"is_short":false,"open_timestamp":1748395800000,"close_timestamp":1748403900000,"orders":[{"amount":0.126,"safe_price":2639.52,"ft_order_side":"buy","order_filled_timestamp":1748395800000,"ft_is_entry":true,"ft_order_tag":"","cost":332.74580976},{"amount":0.126,"safe_price":2643.41,"ft_order_side":"sell","order_filled_timestamp":1748403900000,"ft_is_entry":false,"ft_order_tag":"exit_signal","cost":333.23619483}],"funding_fees":0.0},{"pair":"ETH/USDT:USDT","stake_amount":332.81892,"max_stake_amount":332.81892,"amount":0.126,"open_date":"2025-05-28 04:15:00+00:00","close_date":"2025-05-28 04:45:00+00:00","open_rate":2641.42,"close_rate":2646.99,"fee_open":0.0005,"fee_close":0.0005,"trade_duration":30,"profit_ratio":0.0011071063418855041,"profit_abs":0.36865017,"exit_reason":"exit_signal","initial_stop_loss_abs":2377.28,"initial_stop_loss_ratio":-0.1,"stop_loss_abs":2377.28,"stop_loss_ratio":-0.1,"min_rate":2633.07,"max_rate":2651.87,"is_open":false,"enter_tag":"","leverage":1.0,"is_short":false,"open_timestamp":1748405700000,"close_timestamp":1748407500000,"orders":[{"amount":0.126,"safe_price":2641.42,"ft_order_side":"buy","order_filled_timestamp":1748405700000,"ft_is_entry":true,"ft_order_tag":"","cost":332.98532945999995},{"amount":0.126,"safe_price":2646.99,"ft_order_side":"sell","order_filled_timestamp":1748407500000,"ft_is_entry":false,"ft_order_tag":"exit_signal","cost":333.68750036999995}],"funding_fees":0.0},{"pair":"ETH/USDT:USDT","stake_amount":332.40186,"max_stake_amount":332.40186,"amount":0.126,"open_date":"2025-05-28 05:15:00+00:00","close_date":"2025-05-28 08:45:00+00:00","open_rate":2638.11,"close_rate":2643.98,"fee_open":0.0005,"fee_close":0.0005,"trade_duration":210,"profit_ratio":0.00112350773840139,"profit_abs":0.37364279,"exit_reason":"exit_signal","initial_stop_loss_abs":2374.3,"initial_stop_loss_ratio":-0.1,"stop_loss_abs":2374.3,"stop_loss_ratio":-0.1,"min_rate":2622.36,"max_rate":2644.99,"is_open":false,"enter_tag":"","leverage":1.0,"is_short":false,"open_timestamp":1748409300000,"close_timestamp":1748421900000,"orders":[{"amount":0.126,"safe_price":2638.11,"ft_order_side":"buy","order_filled_timestamp":1748409300000,"ft_is_entry":true,"ft_order_tag":"","cost":332.56806093},{"amount":0.126,"safe_price":2643.98,"ft_order_side":"sell","order_filled_timestamp":1748421900000,"ft_is_entry":false,"ft_order_tag":"exit_signal","cost":333.30805074}],"funding_fees":-0.03320553600000001},{"pair":"ETH/USDT:USDT","stake_amount":332.89326,"max_stake_amount":332.89326,"amount":0.126,"open_date":"2025-05-28 09:00:00+00:00","close_date":"2025-05-28 11:15:00+00:00","open_rate":2642.01,"close_rate":2643.39,"fee_open":0.0005,"fee_close":0.0005,"trade_duration":135,"profit_ratio":-0.000477692728459484,"profit_abs":-0.1591002,"exit_reason":"exit_signal","initial_stop_loss_abs":2377.81,"initial_stop_loss_ratio":-0.1,"stop_loss_abs":2377.81,"stop_loss_ratio":-0.1,"min_rate":2606.0,"max_rate":2648.74,"is_open":false,"enter_tag":"","leverage":1.0,"is_short":false,"open_timestamp":1748422800000,"close_timestamp":1748430900000,"orders":[{"amount":0.126,"safe_price":2642.01,"ft_order_side":"buy","order_filled_timestamp":1748422800000,"ft_is_entry":true,"ft_order_tag":"","cost":333.05970663000005},{"amount":0.126,"safe_price":2643.39,"ft_order_side":"sell","order_filled_timestamp":1748430900000,"ft_is_entry":false,"ft_order_tag":"exit_signal","cost":333.23367356999995}],"funding_fees":0.0},{"pair":"ETH/USDT:USDT","stake_amount":332.91216,"max_stake_amount":332.91216,"amount":0.126,"open_date":"2025-05-28 11:30:00+00:00","close_date":"2025-05-28 11:45:00+00:00","open_rate":2642.16,"close_rate":2649.33,"fee_open":0.0005,"fee_close":0.0005,"trade_duration":15,"profit_ratio":0.0017114762175638495,"profit_abs":0.57005613,"exit_reason":"exit_signal","initial_stop_loss_abs":2377.95,"initial_stop_loss_ratio":-0.1,"stop_loss_abs":2377.95,"stop_loss_ratio":-0.1,"min_rate":2642.06,"max_rate":2658.94,"is_open":false,"enter_tag":"","leverage":1.0,"is_short":false,"open_timestamp":1748431800000,"close_timestamp":1748432700000,"orders":[{"amount":0.126,"safe_price":2642.16,"ft_order_side":"buy","order_filled_timestamp":1748431800000,"ft_is_entry":true,"ft_order_tag":"","cost":333.07861607999996},{"amount":0.126,"safe_price":2649.33,"ft_order_side":"sell","order_filled_timestamp":1748432700000,"ft_is_entry":false,"ft_order_tag":"exit_signal","cost":333.98248779}],"funding_fees":0.0},{"pair":"ETH/USDT:USDT","stake_amount":334.3783,"max_stake_amount":334.3783,"amount":0.127,"open_date":"2025-05-28 14:15:00+00:00","close_date":"2025-05-28 17:15:00+00:00","open_rate":2632.9,"close_rate":2652.52,"fee_open":0.0005,"fee_close":0.0005,"trade_duration":180,"profit_ratio":0.006345223082796423,"profit_abs":2.12276576,"exit_reason":"exit_signal","initial_stop_loss_abs":2369.61,"initial_stop_loss_ratio":-0.1,"stop_loss_abs":2369.61,"stop_loss_ratio":-0.1,"min_rate":2612.0,"max_rate":2664.0,"is_open":false,"enter_tag":"","leverage":1.0,"is_short":false,"open_timestamp":1748441700000,"close_timestamp":1748452500000,"orders":[{"amount":0.127,"safe_price":2632.9,"ft_order_side":"buy","order_filled_timestamp":1748441700000,"ft_is_entry":true,"ft_order_tag":"","cost":334.54548915},{"amount":0.127,"safe_price":2652.52,"ft_order_side":"sell","order_filled_timestamp":1748452500000,"ft_is_entry":false,"ft_order_tag":"exit_signal","cost":337.03847502}],"funding_fees":-0.033350072999999994},{"pair":"ETH/USDT:USDT","stake_amount":334.71358,"max_stake_amount":334.71358,"amount":0.127,"open_date":"2025-05-28 19:00:00+00:00","close_date":"2025-05-28 19:15:00+00:00","open_rate":2635.54,"close_rate":2648.13,"fee_open":0.0005,"fee_close":0.0005,"trade_duration":15,"profit_ratio":0.003772734757942565,"profit_abs":1.26341695,"exit_reason":"exit_signal","initial_stop_loss_abs":2371.99,"initial_stop_loss_ratio":-0.1,"stop_loss_abs":2371.99,"stop_loss_ratio":-0.1,"min_rate":2634.05,"max_rate":2654.99,"is_open":false,"enter_tag":"","leverage":1.0,"is_short":false,"open_timestamp":1748458800000,"close_timestamp":1748459700000,"orders":[{"amount":0.127,"safe_price":2635.54,"ft_order_side":"buy","order_filled_timestamp":1748458800000,"ft_is_entry":true,"ft_order_tag":"","cost":334.88093678999996},{"amount":0.127,"safe_price":2648.13,"ft_order_side":"sell","order_filled_timestamp":1748459700000,"ft_is_entry":false,"ft_order_tag":"exit_signal","cost":336.480666255}],"funding_fees":0.0},{"pair":"ETH/USDT:USDT","stake_amount":335.12887,"max_stake_amount":335.12887,"amount":0.127,"open_date":"2025-05-28 19:30:00+00:00","close_date":"2025-05-28 21:45:00+00:00","open_rate":2638.81,"close_rate":2646.24,"fee_open":0.0005,"fee_close":0.0005,"trade_duration":135,"profit_ratio":0.001813348629920691,"profit_abs":0.60800933,"exit_reason":"exit_signal","initial_stop_loss_abs":2374.93,"initial_stop_loss_ratio":-0.1,"stop_loss_abs":2374.93,"stop_loss_ratio":-0.1,"min_rate":2610.01,"max_rate":2658.85,"is_open":false,"enter_tag":"","leverage":1.0,"is_short":false,"open_timestamp":1748460600000,"close_timestamp":1748468700000,"orders":[{"amount":0.127,"safe_price":2638.81,"ft_order_side":"buy","order_filled_timestamp":1748460600000,"ft_is_entry":true,"ft_order_tag":"","cost":335.296434435},{"amount":0.127,"safe_price":2646.24,"ft_order_side":"sell","order_filled_timestamp":1748468700000,"ft_is_entry":false,"ft_order_tag":"exit_signal","cost":336.24051624}],"funding_fees":0.0},{"pair":"ETH/USDT:USDT","stake_amount":335.14792,"max_stake_amount":335.14792,"amount":0.127,"open_date":"2025-05-28 22:30:00+00:00","close_date":"2025-05-28 22:45:00+00:00","open_rate":2638.96,"close_rate":2643.87,"fee_open":0.0005,"fee_close":0.0005,"trade_duration":15,"profit_ratio":0.000859221524772037,"profit_abs":0.28811029,"exit_reason":"exit_signal","initial_stop_loss_abs":2375.07,"initial_stop_loss_ratio":-0.1,"stop_loss_abs":2375.07,"stop_loss_ratio":-0.1,"min_rate":2637.02,"max_rate":2649.59,"is_open":false,"enter_tag":"","leverage":1.0,"is_short":false,"open_timestamp":1748471400000,"close_timestamp":1748472300000,"orders":[{"amount":0.127,"safe_price":2638.96,"ft_order_side":"buy","order_filled_timestamp":1748471400000,"ft_is_entry":true,"ft_order_tag":"","cost":335.31549395999997},{"amount":0.127,"safe_price":2643.87,"ft_order_side":"sell","order_filled_timestamp":1748472300000,"ft_is_entry":false,"ft_order_tag":"exit_signal","cost":335.93937574499995}],"funding_fees":0.0},{"pair":"ETH/USDT:USDT","stake_amount":334.82788,"max_stake_amount":334.82788,"amount":0.127,"open_date":"2025-05-29 14:30:00+00:00","close_date":"2025-05-29 14:45:00+00:00","open_rate":2636.44,"close_rate":2646.45,"fee_open":0.0005,"fee_close":0.0005,"trade_duration":15,"profit_ratio":0.0027934914517563627,"profit_abs":0.93580649,"exit_reason":"exit_signal","initial_stop_loss_abs":2372.8,"initial_stop_loss_ratio":-0.1,"stop_loss_abs":2372.8,"stop_loss_ratio":-0.1,"min_rate":2629.0,"max_rate":2674.67,"is_open":false,"enter_tag":"","leverage":1.0,"is_short":false,"open_timestamp":1748529000000,"close_timestamp":1748529900000,"orders":[{"amount":0.127,"safe_price":2636.44,"ft_order_side":"buy","order_filled_timestamp":1748529000000,"ft_is_entry":true,"ft_order_tag":"","cost":334.99529393999995},{"amount":0.127,"safe_price":2646.45,"ft_order_side":"sell","order_filled_timestamp":1748529900000,"ft_is_entry":false,"ft_order_tag":"exit_signal","cost":336.267199575}],"funding_fees":0.0},{"pair":"ETH/USDT:USDT","stake_amount":335.59242,"max_stake_amount":335.59242,"amount":0.127,"open_date":"2025-05-29 16:00:00+00:00","close_date":"2025-05-29 16:15:00+00:00","open_rate":2642.46,"close_rate":2651.17,"fee_open":0.0005,"fee_close":0.0005,"trade_duration":15,"profit_ratio":0.0022102081311975814,"profit_abs":0.74209996,"exit_reason":"exit_signal","initial_stop_loss_abs":2378.22,"initial_stop_loss_ratio":-0.1,"stop_loss_abs":2378.22,"stop_loss_ratio":-0.1,"min_rate":2639.75,"max_rate":2659.52,"is_open":false,"enter_tag":"","leverage":1.0,"is_short":false,"open_timestamp":1748534400000,"close_timestamp":1748535300000,"orders":[{"amount":0.127,"safe_price":2642.46,"ft_order_side":"buy","order_filled_timestamp":1748534400000,"ft_is_entry":true,"ft_order_tag":"","cost":335.76021621},{"amount":0.127,"safe_price":2651.17,"ft_order_side":"sell","order_filled_timestamp":1748535300000,"ft_is_entry":false,"ft_order_tag":"exit_signal","cost":336.866939295}],"funding_fees":-0.027924539591499997},{"pair":"ETH/USDT:USDT","stake_amount":335.16824,"max_stake_amount":335.16824,"amount":0.127,"open_date":"2025-05-29 17:00:00+00:00","close_date":"2025-05-29 17:30:00+00:00","open_rate":2639.12,"close_rate":2648.3,"fee_open":0.0005,"fee_close":0.0005,"trade_duration":30,"profit_ratio":0.0024754552609414777,"profit_abs":0.83010883,"exit_reason":"exit_signal","initial_stop_loss_abs":2375.21,"initial_stop_loss_ratio":-0.1,"stop_loss_abs":2375.21,"stop_loss_ratio":-0.1,"min_rate":2637.45,"max_rate":2663.14,"is_open":false,"enter_tag":"","leverage":1.0,"is_short":false,"open_timestamp":1748538000000,"close_timestamp":1748539800000,"orders":[{"amount":0.127,"safe_price":2639.12,"ft_order_side":"buy","order_filled_timestamp":1748538000000,"ft_is_entry":true,"ft_order_tag":"","cost":335.3358241199999},{"amount":0.127,"safe_price":2648.3,"ft_order_side":"sell","order_filled_timestamp":1748539800000,"ft_is_entry":false,"ft_order_tag":"exit_signal","cost":336.50226705}],"funding_fees":0.0},{"pair":"ETH/USDT:USDT","stake_amount":336.67072,"max_stake_amount":336.67072,"amount":0.128,"open_date":"2025-05-29 19:15:00+00:00","close_date":"2025-05-29 20:00:00+00:00","open_rate":2630.24,"close_rate":2649.35,"fee_open":0.0005,"fee_close":0.0005,"trade_duration":45,"profit_ratio":0.0062587345690862835,"profit_abs":2.10818624,"exit_reason":"exit_signal","initial_stop_loss_abs":2367.22,"initial_stop_loss_ratio":-0.1,"stop_loss_abs":2367.22,"stop_loss_ratio":-0.1,"min_rate":2629.63,"max_rate":2661.0,"is_open":false,"enter_tag":"","leverage":1.0,"is_short":false,"open_timestamp":1748546100000,"close_timestamp":1748548800000,"orders":[{"amount":0.128,"safe_price":2630.24,"ft_order_side":"buy","order_filled_timestamp":1748546100000,"ft_is_entry":true,"ft_order_tag":"","cost":336.8390553599999},{"amount":0.128,"safe_price":2649.35,"ft_order_side":"sell","order_filled_timestamp":1748548800000,"ft_is_entry":false,"ft_order_tag":"exit_signal","cost":339.2863584}],"funding_fees":0.0},{"pair":"ETH/USDT:USDT","stake_amount":335.64576,"max_stake_amount":335.64576,"amount":0.127,"open_date":"2025-05-29 20:45:00+00:00","close_date":"2025-05-29 21:15:00+00:00","open_rate":2642.88,"close_rate":2644.29,"fee_open":0.0005,"fee_close":0.0005,"trade_duration":30,"profit_ratio":-0.0004665246076600271,"profit_abs":-0.1566653,"exit_reason":"exit_signal","initial_stop_loss_abs":2378.6,"initial_stop_loss_ratio":-0.1,"stop_loss_abs":2378.6,"stop_loss_ratio":-0.1,"min_rate":2639.43,"max_rate":2651.8,"is_open":false,"enter_tag":"","leverage":1.0,"is_short":false,"open_timestamp":1748551500000,"close_timestamp":1748553300000,"orders":[{"amount":0.127,"safe_price":2642.88,"ft_order_side":"buy","order_filled_timestamp":1748551500000,"ft_is_entry":true,"ft_order_tag":"","cost":335.81358287999996},{"amount":0.127,"safe_price":2644.29,"ft_order_side":"sell","order_filled_timestamp":1748553300000,"ft_is_entry":false,"ft_order_tag":"exit_signal","cost":335.992742415}],"funding_fees":0.0},{"pair":"ETH/USDT:USDT","stake_amount":335.67878,"max_stake_amount":335.67878,"amount":0.127,"open_date":"2025-05-29 23:15:00+00:00","close_date":"2025-05-30 05:45:00+00:00","open_rate":2643.14,"close_rate":2644.69,"fee_open":0.0005,"fee_close":0.0005,"trade_duration":390,"profit_ratio":-0.0004880399281603738,"profit_abs":-0.16390656,"exit_reason":"exit_signal","initial_stop_loss_abs":2378.83,"initial_stop_loss_ratio":-0.1,"stop_loss_abs":2378.83,"stop_loss_ratio":-0.1,"min_rate":2556.0,"max_rate":2648.42,"is_open":false,"enter_tag":"","leverage":1.0,"is_short":false,"open_timestamp":1748560500000,"close_timestamp":1748583900000,"orders":[{"amount":0.127,"safe_price":2643.14,"ft_order_side":"buy","order_filled_timestamp":1748560500000,"ft_is_entry":true,"ft_order_tag":"","cost":335.84661938999994},{"amount":0.127,"safe_price":2644.69,"ft_order_side":"sell","order_filled_timestamp":1748583900000,"ft_is_entry":false,"ft_order_tag":"exit_signal","cost":336.04356781499996}],"funding_fees":-0.024979355832183872},{"pair":"ETH/USDT:USDT","stake_amount":335.61528,"max_stake_amount":335.61528,"amount":0.127,"open_date":"2025-05-30 06:00:00+00:00","close_date":"2025-05-31 12:00:00+00:00","open_rate":2642.64,"close_rate":2518.6,"fee_open":0.0005,"fee_close":0.0005,"trade_duration":1800,"profit_ratio":-0.04815467024752504,"profit_abs":-16.16952386,"exit_reason":"exit_signal","initial_stop_loss_abs":2378.38,"initial_stop_loss_ratio":-0.1,"stop_loss_abs":2378.38,"stop_loss_ratio":-0.1,"min_rate":2474.0,"max_rate":2644.03,"is_open":false,"enter_tag":"","leverage":1.0,"is_short":false,"open_timestamp":1748584800000,"close_timestamp":1748692800000,"orders":[{"amount":0.127,"safe_price":2642.64,"ft_order_side":"buy","order_filled_timestamp":1748584800000,"ft_is_entry":true,"ft_order_tag":"","cost":335.78308763999996},{"amount":0.127,"safe_price":2518.6,"ft_order_side":"sell","order_filled_timestamp":1748692800000,"ft_is_entry":false,"ft_order_tag":"exit_signal","cost":320.02213109999997}],"funding_fees":-0.08870511510430182},{"pair":"ETH/USDT:USDT","stake_amount":331.35009,"max_stake_amount":331.35009,"amount":0.131,"open_date":"2025-05-31 12:15:00+00:00","close_date":"2025-05-31 19:00:00+00:00","open_rate":2529.39,"close_rate":2538.82,"fee_open":0.0005,"fee_close":0.0005,"trade_duration":405,"profit_ratio":0.002697507462061758,"profit_abs":0.89426625,"exit_reason":"exit_signal","initial_stop_loss_abs":2276.46,"initial_stop_loss_ratio":-0.1,"stop_loss_abs":2276.46,"stop_loss_ratio":-0.1,"min_rate":2521.05,"max_rate":2550.0,"is_open":false,"enter_tag":"","leverage":1.0,"is_short":false,"open_timestamp":1748693700000,"close_timestamp":1748718000000,"orders":[{"amount":0.131,"safe_price":2529.39,"ft_order_side":"buy","order_filled_timestamp":1748693700000,"ft_is_entry":true,"ft_order_tag":"","cost":331.515765045},{"amount":0.131,"safe_price":2538.82,"ft_order_side":"sell","order_filled_timestamp":1748718000000,"ft_is_entry":false,"ft_order_tag":"exit_signal","cost":332.75171271000005}],"funding_fees":-0.00909599868037771},{"pair":"ETH/USDT:USDT","stake_amount":332.3863,"max_stake_amount":332.3863,"amount":0.131,"open_date":"2025-05-31 19:15:00+00:00","close_date":"2025-05-31 19:30:00+00:00","open_rate":2537.3,"close_rate":2540.23,"fee_open":0.0005,"fee_close":0.0005,"trade_duration":15,"profit_ratio":0.00015411639081257028,"profit_abs":0.05125179,"exit_reason":"exit_signal","initial_stop_loss_abs":2283.57,"initial_stop_loss_ratio":-0.1,"stop_loss_abs":2283.57,"stop_loss_ratio":-0.1,"min_rate":2536.48,"max_rate":2541.57,"is_open":false,"enter_tag":"","leverage":1.0,"is_short":false,"open_timestamp":1748718900000,"close_timestamp":1748719800000,"orders":[{"amount":0.131,"safe_price":2537.3,"ft_order_side":"buy","order_filled_timestamp":1748718900000,"ft_is_entry":true,"ft_order_tag":"","cost":332.55249315000003},{"amount":0.131,"safe_price":2540.23,"ft_order_side":"sell","order_filled_timestamp":1748719800000,"ft_is_entry":false,"ft_order_tag":"exit_signal","cost":332.936515065}],"funding_fees":0.0},{"pair":"ETH/USDT:USDT","stake_amount":331.81252,"max_stake_amount":331.81252,"amount":0.131,"open_date":"2025-05-31 20:15:00+00:00","close_date":"2025-05-31 20:30:00+00:00","open_rate":2532.92,"close_rate":2538.67,"fee_open":0.0005,"fee_close":0.0005,"trade_duration":15,"profit_ratio":0.0012683380204659206,"profit_abs":0.42106086,"exit_reason":"exit_signal","initial_stop_loss_abs":2279.63,"initial_stop_loss_ratio":-0.1,"stop_loss_abs":2279.63,"stop_loss_ratio":-0.1,"min_rate":2531.22,"max_rate":2540.33,"is_open":false,"enter_tag":"","leverage":1.0,"is_short":false,"open_timestamp":1748722500000,"close_timestamp":1748723400000,"orders":[{"amount":0.131,"safe_price":2532.92,"ft_order_side":"buy","order_filled_timestamp":1748722500000,"ft_is_entry":true,"ft_order_tag":"","cost":331.97842626},{"amount":0.131,"safe_price":2538.67,"ft_order_side":"sell","order_filled_timestamp":1748723400000,"ft_is_entry":false,"ft_order_tag":"exit_signal","cost":332.73205288500003}],"funding_fees":0.0},{"pair":"ETH/USDT:USDT","stake_amount":332.71904,"max_stake_amount":332.71904,"amount":0.131,"open_date":"2025-05-31 21:15:00+00:00","close_date":"2025-05-31 22:00:00+00:00","open_rate":2539.84,"close_rate":2542.31,"fee_open":0.0005,"fee_close":0.0005,"trade_duration":45,"profit_ratio":-2.7970076228713054e-05,"profit_abs":-0.00931083,"exit_reason":"exit_signal","initial_stop_loss_abs":2285.86,"initial_stop_loss_ratio":-0.1,"stop_loss_abs":2285.86,"stop_loss_ratio":-0.1,"min_rate":2535.05,"max_rate":2545.72,"is_open":false,"enter_tag":"","leverage":1.0,"is_short":false,"open_timestamp":1748726100000,"close_timestamp":1748728800000,"orders":[{"amount":0.131,"safe_price":2539.84,"ft_order_side":"buy","order_filled_timestamp":1748726100000,"ft_is_entry":true,"ft_order_tag":"","cost":332.88539951999996},{"amount":0.131,"safe_price":2542.31,"ft_order_side":"sell","order_filled_timestamp":1748728800000,"ft_is_entry":false,"ft_order_tag":"exit_signal","cost":333.209131305}],"funding_fees":0.0},{"pair":"ETH/USDT:USDT","stake_amount":332.74,"max_stake_amount":332.74,"amount":0.131,"open_date":"2025-05-31 22:15:00+00:00","close_date":"2025-05-31 22:30:00+00:00","open_rate":2540.0,"close_rate":2535.52,"fee_open":0.0005,"fee_close":0.0005,"trade_duration":15,"profit_ratio":-0.002761516879355598,"profit_abs":-0.91932656,"exit_reason":"exit_signal","initial_stop_loss_abs":2286.0,"initial_stop_loss_ratio":-0.1,"stop_loss_abs":2286.0,"stop_loss_ratio":-0.1,"min_rate":2533.36,"max_rate":2540.36,"is_open":false,"enter_tag":"","leverage":1.0,"is_short":false,"open_timestamp":1748729700000,"close_timestamp":1748730600000,"orders":[{"amount":0.131,"safe_price":2540.0,"ft_order_side":"buy","order_filled_timestamp":1748729700000,"ft_is_entry":true,"ft_order_tag":"","cost":332.90637},{"amount":0.131,"safe_price":2535.52,"ft_order_side":"sell","order_filled_timestamp":1748730600000,"ft_is_entry":false,"ft_order_tag":"exit_signal","cost":332.31919655999997}],"funding_fees":0.0},{"pair":"ETH/USDT:USDT","stake_amount":331.38415,"max_stake_amount":331.38415,"amount":0.131,"open_date":"2025-05-31 23:00:00+00:00","close_date":"2025-06-01 05:45:00+00:00","open_rate":2529.65,"close_rate":2515.81,"fee_open":0.0005,"fee_close":0.0005,"trade_duration":405,"profit_ratio":-0.006540230833557395,"profit_abs":-2.1684125,"exit_reason":"exit_signal","initial_stop_loss_abs":2276.69,"initial_stop_loss_ratio":-0.1,"stop_loss_abs":2276.69,"stop_loss_ratio":-0.1,"min_rate":2488.52,"max_rate":2548.63,"is_open":false,"enter_tag":"","leverage":1.0,"is_short":false,"open_timestamp":1748732400000,"close_timestamp":1748756700000,"orders":[{"amount":0.131,"safe_price":2529.65,"ft_order_side":"buy","order_filled_timestamp":1748732400000,"ft_is_entry":true,"ft_order_tag":"","cost":331.549842075},{"amount":0.131,"safe_price":2515.81,"ft_order_side":"sell","order_filled_timestamp":1748756700000,"ft_is_entry":false,"ft_order_tag":"exit_signal","cost":329.735895555}],"funding_fees":-0.024894869008000003},{"pair":"ETH/USDT:USDT","stake_amount":329.78726,"max_stake_amount":329.78726,"amount":0.131,"open_date":"2025-06-01 06:00:00+00:00","close_date":"2025-06-03 02:00:00+00:00","open_rate":2517.46,"close_rate":2644.94,"fee_open":0.0005,"fee_close":0.0005,"trade_duration":2640,"profit_ratio":0.04932522888833857,"profit_abs":16.2749655,"exit_reason":"exit_signal","initial_stop_loss_abs":2265.72,"initial_stop_loss_ratio":-0.1,"stop_loss_abs":2265.72,"stop_loss_ratio":-0.1,"min_rate":2465.0,"max_rate":2649.0,"is_open":false,"enter_tag":"","leverage":1.0,"is_short":false,"open_timestamp":1748757600000,"close_timestamp":1748916000000,"orders":[{"amount":0.131,"safe_price":2517.46,"ft_order_side":"buy","order_filled_timestamp":1748757600000,"ft_is_entry":true,"ft_order_tag":"","cost":329.95215363},{"amount":0.131,"safe_price":2644.94,"ft_order_side":"sell","order_filled_timestamp":1748916000000,"ft_is_entry":false,"ft_order_tag":"exit_signal","cost":346.66038356999996}],"funding_fees":-0.08677729709182028},{"pair":"ETH/USDT:USDT","stake_amount":335.09458,"max_stake_amount":335.09458,"amount":0.127,"open_date":"2025-06-03 02:15:00+00:00","close_date":"2025-06-03 15:00:00+00:00","open_rate":2638.54,"close_rate":2647.16,"fee_open":0.0005,"fee_close":0.0005,"trade_duration":765,"profit_ratio":0.002204239249966849,"profit_abs":0.73899794,"exit_reason":"exit_signal","initial_stop_loss_abs":2374.69,"initial_stop_loss_ratio":-0.1,"stop_loss_abs":2374.69,"stop_loss_ratio":-0.1,"min_rate":2588.05,"max_rate":2654.98,"is_open":false,"enter_tag":"","leverage":1.0,"is_short":false,"open_timestamp":1748916900000,"close_timestamp":1748962800000,"orders":[{"amount":0.127,"safe_price":2638.54,"ft_order_side":"buy","order_filled_timestamp":1748916900000,"ft_is_entry":true,"ft_order_tag":"","cost":335.26212728999997},{"amount":0.127,"safe_price":2647.16,"ft_order_side":"sell","order_filled_timestamp":1748962800000,"ft_is_entry":false,"ft_order_tag":"exit_signal","cost":336.35741466}],"funding_fees":-0.020100114181199998},{"pair":"ETH/USDT:USDT","stake_amount":334.82153,"max_stake_amount":334.82153,"amount":0.127,"open_date":"2025-06-03 15:15:00+00:00","close_date":"2025-06-04 10:15:00+00:00","open_rate":2636.39,"close_rate":2647.66,"fee_open":0.0005,"fee_close":0.0005,"trade_duration":1140,"profit_ratio":0.0030983033876575087,"profit_abs":1.03789737,"exit_reason":"exit_signal","initial_stop_loss_abs":2372.76,"initial_stop_loss_ratio":-0.1,"stop_loss_abs":2372.76,"stop_loss_ratio":-0.1,"min_rate":2563.0,"max_rate":2649.38,"is_open":false,"enter_tag":"","leverage":1.0,"is_short":false,"open_timestamp":1748963700000,"close_timestamp":1749032100000,"orders":[{"amount":0.127,"safe_price":2636.39,"ft_order_side":"buy","order_filled_timestamp":1748963700000,"ft_is_entry":true,"ft_order_tag":"","cost":334.988940765},{"amount":0.127,"safe_price":2647.66,"ft_order_side":"sell","order_filled_timestamp":1749032100000,"ft_is_entry":false,"ft_order_tag":"exit_signal","cost":336.42094640999994}],"funding_fees":-0.05785545110718479},{"pair":"ETH/USDT:USDT","stake_amount":337.66272,"max_stake_amount":337.66272,"amount":0.128,"open_date":"2025-06-04 10:30:00+00:00","close_date":"2025-06-04 15:15:00+00:00","open_rate":2637.99,"close_rate":2644.28,"fee_open":0.0005,"fee_close":0.0005,"trade_duration":285,"profit_ratio":0.001382507696867831,"profit_abs":0.46705472,"exit_reason":"exit_signal","initial_stop_loss_abs":2374.2,"initial_stop_loss_ratio":-0.1,"stop_loss_abs":2374.2,"stop_loss_ratio":-0.1,"min_rate":2593.2,"max_rate":2659.25,"is_open":false,"enter_tag":"","leverage":1.0,"is_short":false,"open_timestamp":1749033000000,"close_timestamp":1749050100000,"orders":[{"amount":0.128,"safe_price":2637.99,"ft_order_side":"buy","order_filled_timestamp":1749033000000,"ft_is_entry":true,"ft_order_tag":"","cost":337.83155135999993},{"amount":0.128,"safe_price":2644.28,"ft_order_side":"sell","order_filled_timestamp":1749050100000,"ft_is_entry":false,"ft_order_tag":"exit_signal","cost":338.63707392}],"funding_fees":0.0},{"pair":"ETH/USDT:USDT","stake_amount":335.46669,"max_stake_amount":335.46669,"amount":0.127,"open_date":"2025-06-04 17:30:00+00:00","close_date":"2025-06-05 20:45:00+00:00","open_rate":2641.47,"close_rate":2417.7,"fee_open":0.0005,"fee_close":0.0005,"trade_duration":1635,"profit_ratio":-0.08579873683099375,"profit_abs":-28.79700956,"exit_reason":"exit_signal","initial_stop_loss_abs":2377.33,"initial_stop_loss_ratio":-0.1,"stop_loss_abs":2377.33,"stop_loss_ratio":-0.1,"min_rate":2392.32,"max_rate":2641.47,"is_open":false,"enter_tag":"","leverage":1.0,"is_short":false,"open_timestamp":1749058200000,"close_timestamp":1749156300000,"orders":[{"amount":0.127,"safe_price":2641.47,"ft_order_side":"buy","order_filled_timestamp":1749058200000,"ft_is_entry":true,"ft_order_tag":"","cost":335.63442334499996},{"amount":0.127,"safe_price":2417.7,"ft_order_side":"sell","order_filled_timestamp":1749156300000,"ft_is_entry":false,"ft_order_tag":"exit_signal","cost":307.20142394999993}],"funding_fees":-0.05696226033230001},{"pair":"ETH/USDT:USDT","stake_amount":327.2682,"max_stake_amount":327.2682,"amount":0.134,"open_date":"2025-06-06 03:30:00+00:00","close_date":"2025-06-07 08:45:00+00:00","open_rate":2442.3,"close_rate":2485.35,"fee_open":0.0005,"fee_close":0.0005,"trade_duration":1755,"profit_ratio":0.01641188296419221,"profit_abs":5.37377294,"exit_reason":"exit_signal","initial_stop_loss_abs":2198.07,"initial_stop_loss_ratio":-0.1,"stop_loss_abs":2198.07,"stop_loss_ratio":-0.1,"min_rate":2440.01,"max_rate":2529.67,"is_open":false,"enter_tag":"","leverage":1.0,"is_short":false,"open_timestamp":1749180600000,"close_timestamp":1749285900000,"orders":[{"amount":0.134,"safe_price":2442.3,"ft_order_side":"buy","order_filled_timestamp":1749180600000,"ft_is_entry":true,"ft_order_tag":"","cost":327.4318341},{"amount":0.134,"safe_price":2485.35,"ft_order_side":"sell","order_filled_timestamp":1749285900000,"ft_is_entry":false,"ft_order_tag":"exit_signal","cost":333.20341844999996}],"funding_fees":-0.064774507258332},{"pair":"ETH/USDT:USDT","stake_amount":327.70716,"max_stake_amount":327.70716,"amount":0.132,"open_date":"2025-06-07 09:00:00+00:00","close_date":"2025-06-07 10:00:00+00:00","open_rate":2482.63,"close_rate":2485.01,"fee_open":0.0005,"fee_close":0.0005,"trade_duration":60,"profit_ratio":-4.1797656494132825e-05,"profit_abs":-0.01370424,"exit_reason":"exit_signal","initial_stop_loss_abs":2234.37,"initial_stop_loss_ratio":-0.1,"stop_loss_abs":2234.37,"stop_loss_ratio":-0.1,"min_rate":2481.91,"max_rate":2489.36,"is_open":false,"enter_tag":"","leverage":1.0,"is_short":false,"open_timestamp":1749286800000,"close_timestamp":1749290400000,"orders":[{"amount":0.132,"safe_price":2482.63,"ft_order_side":"buy","order_filled_timestamp":1749286800000,"ft_is_entry":true,"ft_order_tag":"","cost":327.87101358},{"amount":0.132,"safe_price":2485.01,"ft_order_side":"sell","order_filled_timestamp":1749290400000,"ft_is_entry":false,"ft_order_tag":"exit_signal","cost":328.18533066000003}],"funding_fees":0.0},{"pair":"ETH/USDT:USDT","stake_amount":328.48992,"max_stake_amount":328.48992,"amount":0.132,"open_date":"2025-06-07 10:15:00+00:00","close_date":"2025-06-07 20:00:00+00:00","open_rate":2488.56,"close_rate":2515.78,"fee_open":0.0005,"fee_close":0.0005,"trade_duration":585,"profit_ratio":0.009859303898961306,"profit_abs":3.24030129,"exit_reason":"exit_signal","initial_stop_loss_abs":2239.71,"initial_stop_loss_ratio":-0.1,"stop_loss_abs":2239.71,"stop_loss_ratio":-0.1,"min_rate":2487.11,"max_rate":2524.9,"is_open":false,"enter_tag":"","leverage":1.0,"is_short":false,"open_timestamp":1749291300000,"close_timestamp":1749326400000,"orders":[{"amount":0.132,"safe_price":2488.56,"ft_order_side":"buy","order_filled_timestamp":1749291300000,"ft_is_entry":true,"ft_order_tag":"","cost":328.65416495999995},{"amount":0.132,"safe_price":2515.78,"ft_order_side":"sell","order_filled_timestamp":1749326400000,"ft_is_entry":false,"ft_order_tag":"exit_signal","cost":332.24900148}],"funding_fees":-0.022452268582043192},{"pair":"ETH/USDT:USDT","stake_amount":330.61125,"max_stake_amount":330.61125,"amount":0.131,"open_date":"2025-06-07 20:15:00+00:00","close_date":"2025-06-07 21:00:00+00:00","open_rate":2523.75,"close_rate":2520.75,"fee_open":0.0005,"fee_close":0.0005,"trade_duration":45,"profit_ratio":-0.0021870194174829377,"profit_abs":-0.72341475,"exit_reason":"exit_signal","initial_stop_loss_abs":2271.38,"initial_stop_loss_ratio":-0.1,"stop_loss_abs":2271.38,"stop_loss_ratio":-0.1,"min_rate":2517.28,"max_rate":2524.12,"is_open":false,"enter_tag":"","leverage":1.0,"is_short":false,"open_timestamp":1749327300000,"close_timestamp":1749330000000,"orders":[{"amount":0.131,"safe_price":2523.75,"ft_order_side":"buy","order_filled_timestamp":1749327300000,"ft_is_entry":true,"ft_order_tag":"","cost":330.776555625},{"amount":0.131,"safe_price":2520.75,"ft_order_side":"sell","order_filled_timestamp":1749330000000,"ft_is_entry":false,"ft_order_tag":"exit_signal","cost":330.38335912499997}],"funding_fees":0.0},{"pair":"ETH/USDT:USDT","stake_amount":329.96149,"max_stake_amount":329.96149,"amount":0.131,"open_date":"2025-06-07 21:15:00+00:00","close_date":"2025-06-07 21:30:00+00:00","open_rate":2518.79,"close_rate":2519.35,"fee_open":0.0005,"fee_close":0.0005,"trade_duration":15,"profit_ratio":-0.0007773934923208122,"profit_abs":-0.25663817,"exit_reason":"exit_signal","initial_stop_loss_abs":2266.92,"initial_stop_loss_ratio":-0.1,"stop_loss_abs":2266.92,"stop_loss_ratio":-0.1,"min_rate":2517.22,"max_rate":2522.38,"is_open":false,"enter_tag":"","leverage":1.0,"is_short":false,"open_timestamp":1749330900000,"close_timestamp":1749331800000,"orders":[{"amount":0.131,"safe_price":2518.79,"ft_order_side":"buy","order_filled_timestamp":1749330900000,"ft_is_entry":true,"ft_order_tag":"","cost":330.126470745},{"amount":0.131,"safe_price":2519.35,"ft_order_side":"sell","order_filled_timestamp":1749331800000,"ft_is_entry":false,"ft_order_tag":"exit_signal","cost":330.199867425}],"funding_fees":0.0},{"pair":"ETH/USDT:USDT","stake_amount":330.03092,"max_stake_amount":330.03092,"amount":0.131,"open_date":"2025-06-07 22:15:00+00:00","close_date":"2025-06-07 22:30:00+00:00","open_rate":2519.32,"close_rate":2522.73,"fee_open":0.0005,"fee_close":0.0005,"trade_duration":15,"profit_ratio":0.000352686745939995,"profit_abs":0.11645573,"exit_reason":"exit_signal","initial_stop_loss_abs":2267.39,"initial_stop_loss_ratio":-0.1,"stop_loss_abs":2267.39,"stop_loss_ratio":-0.1,"min_rate":2518.68,"max_rate":2545.0,"is_open":false,"enter_tag":"","leverage":1.0,"is_short":false,"open_timestamp":1749334500000,"close_timestamp":1749335400000,"orders":[{"amount":0.131,"safe_price":2519.32,"ft_order_side":"buy","order_filled_timestamp":1749334500000,"ft_is_entry":true,"ft_order_tag":"","cost":330.19593546000004},{"amount":0.131,"safe_price":2522.73,"ft_order_side":"sell","order_filled_timestamp":1749335400000,"ft_is_entry":false,"ft_order_tag":"exit_signal","cost":330.64286881500004}],"funding_fees":0.0},{"pair":"ETH/USDT:USDT","stake_amount":329.4863,"max_stake_amount":329.4863,"amount":0.13,"open_date":"2025-06-07 22:45:00+00:00","close_date":"2025-06-08 02:30:00+00:00","open_rate":2534.51,"close_rate":2512.84,"fee_open":0.0005,"fee_close":0.0005,"trade_duration":225,"profit_ratio":-0.009640453916458356,"profit_abs":-3.17798569,"exit_reason":"exit_signal","initial_stop_loss_abs":2281.06,"initial_stop_loss_ratio":-0.1,"stop_loss_abs":2281.06,"stop_loss_ratio":-0.1,"min_rate":2510.02,"max_rate":2541.46,"is_open":false,"enter_tag":"","leverage":1.0,"is_short":false,"open_timestamp":1749336300000,"close_timestamp":1749349800000,"orders":[{"amount":0.13,"safe_price":2534.51,"ft_order_side":"buy","order_filled_timestamp":1749336300000,"ft_is_entry":true,"ft_order_tag":"","cost":329.65104315},{"amount":0.13,"safe_price":2512.84,"ft_order_side":"sell","order_filled_timestamp":1749349800000,"ft_is_entry":false,"ft_order_tag":"exit_signal","cost":326.83253460000003}],"funding_fees":-0.032807941027160004},{"pair":"ETH/USDT:USDT","stake_amount":329.29601,"max_stake_amount":329.29601,"amount":0.131,"open_date":"2025-06-08 02:45:00+00:00","close_date":"2025-06-08 03:30:00+00:00","open_rate":2513.71,"close_rate":2509.63,"fee_open":0.0005,"fee_close":0.0005,"trade_duration":45,"profit_ratio":-0.002620976887586059,"profit_abs":-0.86350877,"exit_reason":"exit_signal","initial_stop_loss_abs":2262.34,"initial_stop_loss_ratio":-0.1,"stop_loss_abs":2262.34,"stop_loss_ratio":-0.1,"min_rate":2507.25,"max_rate":2515.0,"is_open":false,"enter_tag":"","leverage":1.0,"is_short":false,"open_timestamp":1749350700000,"close_timestamp":1749353400000,"orders":[{"amount":0.131,"safe_price":2513.71,"ft_order_side":"buy","order_filled_timestamp":1749350700000,"ft_is_entry":true,"ft_order_tag":"","cost":329.460658005},{"amount":0.131,"safe_price":2509.63,"ft_order_side":"sell","order_filled_timestamp":1749353400000,"ft_is_entry":false,"ft_order_tag":"exit_signal","cost":328.925910765}],"funding_fees":0.0},{"pair":"ETH/USDT:USDT","stake_amount":328.59123,"max_stake_amount":328.59123,"amount":0.131,"open_date":"2025-06-08 04:15:00+00:00","close_date":"2025-06-08 04:30:00+00:00","open_rate":2508.33,"close_rate":2510.66,"fee_open":0.0005,"fee_close":0.0005,"trade_duration":15,"profit_ratio":-7.15238168423568e-05,"profit_abs":-0.02351385,"exit_reason":"exit_signal","initial_stop_loss_abs":2257.5,"initial_stop_loss_ratio":-0.1,"stop_loss_abs":2257.5,"stop_loss_ratio":-0.1,"min_rate":2507.96,"max_rate":2517.55,"is_open":false,"enter_tag":"","leverage":1.0,"is_short":false,"open_timestamp":1749356100000,"close_timestamp":1749357000000,"orders":[{"amount":0.131,"safe_price":2508.33,"ft_order_side":"buy","order_filled_timestamp":1749356100000,"ft_is_entry":true,"ft_order_tag":"","cost":328.75552561499995},{"amount":0.131,"safe_price":2510.66,"ft_order_side":"sell","order_filled_timestamp":1749357000000,"ft_is_entry":false,"ft_order_tag":"exit_signal","cost":329.06090823}],"funding_fees":0.0},{"pair":"ETH/USDT:USDT","stake_amount":327.2334,"max_stake_amount":327.2334,"amount":0.13,"open_date":"2025-06-08 04:45:00+00:00","close_date":"2025-06-08 06:15:00+00:00","open_rate":2517.18,"close_rate":2511.88,"fee_open":0.0005,"fee_close":0.0005,"trade_duration":90,"profit_ratio":-0.0031029265637166083,"profit_abs":-1.0158889,"exit_reason":"exit_signal","initial_stop_loss_abs":2265.47,"initial_stop_loss_ratio":-0.1,"stop_loss_abs":2265.47,"stop_loss_ratio":-0.1,"min_rate":2507.69,"max_rate":2519.03,"is_open":false,"enter_tag":"","leverage":1.0,"is_short":false,"open_timestamp":1749357900000,"close_timestamp":1749363300000,"orders":[{"amount":0.13,"safe_price":2517.18,"ft_order_side":"buy","order_filled_timestamp":1749357900000,"ft_is_entry":true,"ft_order_tag":"","cost":327.3970167},{"amount":0.13,"safe_price":2511.88,"ft_order_side":"sell","order_filled_timestamp":1749363300000,"ft_is_entry":false,"ft_order_tag":"exit_signal","cost":326.70767220000005}],"funding_fees":0.0},{"pair":"ETH/USDT:USDT","stake_amount":329.21872,"max_stake_amount":329.21872,"amount":0.131,"open_date":"2025-06-08 06:30:00+00:00","close_date":"2025-06-08 06:45:00+00:00","open_rate":2513.12,"close_rate":2515.23,"fee_open":0.0005,"fee_close":0.0005,"trade_duration":15,"profit_ratio":-0.00016074562760318563,"profit_abs":-0.05294693,"exit_reason":"exit_signal","initial_stop_loss_abs":2261.81,"initial_stop_loss_ratio":-0.1,"stop_loss_abs":2261.81,"stop_loss_ratio":-0.1,"min_rate":2511.5,"max_rate":2516.4,"is_open":false,"enter_tag":"","leverage":1.0,"is_short":false,"open_timestamp":1749364200000,"close_timestamp":1749365100000,"orders":[{"amount":0.131,"safe_price":2513.12,"ft_order_side":"buy","order_filled_timestamp":1749364200000,"ft_is_entry":true,"ft_order_tag":"","cost":329.38332936},{"amount":0.131,"safe_price":2515.23,"ft_order_side":"sell","order_filled_timestamp":1749365100000,"ft_is_entry":false,"ft_order_tag":"exit_signal","cost":329.659877565}],"funding_fees":0.0},{"pair":"ETH/USDT:USDT","stake_amount":326.7498,"max_stake_amount":326.7498,"amount":0.13,"open_date":"2025-06-08 08:00:00+00:00","close_date":"2025-06-08 08:30:00+00:00","open_rate":2513.46,"close_rate":2514.25,"fee_open":0.0005,"fee_close":0.0005,"trade_duration":30,"profit_ratio":-0.0007806826692685857,"profit_abs":-0.25521545,"exit_reason":"exit_signal","initial_stop_loss_abs":2262.12,"initial_stop_loss_ratio":-0.1,"stop_loss_abs":2262.12,"stop_loss_ratio":-0.1,"min_rate":2513.39,"max_rate":2520.19,"is_open":false,"enter_tag":"","leverage":1.0,"is_short":false,"open_timestamp":1749369600000,"close_timestamp":1749371400000,"orders":[{"amount":0.13,"safe_price":2513.46,"ft_order_side":"buy","order_filled_timestamp":1749369600000,"ft_is_entry":true,"ft_order_tag":"","cost":326.9131749},{"amount":0.13,"safe_price":2514.25,"ft_order_side":"sell","order_filled_timestamp":1749371400000,"ft_is_entry":false,"ft_order_tag":"exit_signal","cost":327.01592625}],"funding_fees":-0.031114295665422138},{"pair":"ETH/USDT:USDT","stake_amount":326.95,"max_stake_amount":326.95,"amount":0.13,"open_date":"2025-06-08 08:45:00+00:00","close_date":"2025-06-08 20:30:00+00:00","open_rate":2515.0,"close_rate":2533.99,"fee_open":0.0005,"fee_close":0.0005,"trade_duration":705,"profit_ratio":0.00649675196046265,"profit_abs":2.12517511,"exit_reason":"exit_signal","initial_stop_loss_abs":2263.5,"initial_stop_loss_ratio":-0.1,"stop_loss_abs":2263.5,"stop_loss_ratio":-0.1,"min_rate":2483.28,"max_rate":2539.68,"is_open":false,"enter_tag":"","leverage":1.0,"is_short":false,"open_timestamp":1749372300000,"close_timestamp":1749414600000,"orders":[{"amount":0.13,"safe_price":2515.0,"ft_order_side":"buy","order_filled_timestamp":1749372300000,"ft_is_entry":true,"ft_order_tag":"","cost":327.113475},{"amount":0.13,"safe_price":2533.99,"ft_order_side":"sell","order_filled_timestamp":1749414600000,"ft_is_entry":false,"ft_order_tag":"exit_signal","cost":329.58340935}],"funding_fees":-0.015340536071999193},{"pair":"ETH/USDT:USDT","stake_amount":328.8792,"max_stake_amount":328.8792,"amount":0.13,"open_date":"2025-06-08 21:00:00+00:00","close_date":"2025-06-08 21:30:00+00:00","open_rate":2529.84,"close_rate":2533.04,"fee_open":0.0005,"fee_close":0.0005,"trade_duration":30,"profit_ratio":0.00026413760832956696,"profit_abs":0.0869128,"exit_reason":"exit_signal","initial_stop_loss_abs":2276.86,"initial_stop_loss_ratio":-0.1,"stop_loss_abs":2276.86,"stop_loss_ratio":-0.1,"min_rate":2529.84,"max_rate":2535.47,"is_open":false,"enter_tag":"","leverage":1.0,"is_short":false,"open_timestamp":1749416400000,"close_timestamp":1749418200000,"orders":[{"amount":0.13,"safe_price":2529.84,"ft_order_side":"buy","order_filled_timestamp":1749416400000,"ft_is_entry":true,"ft_order_tag":"","cost":329.0436396},{"amount":0.13,"safe_price":2533.04,"ft_order_side":"sell","order_filled_timestamp":1749418200000,"ft_is_entry":false,"ft_order_tag":"exit_signal","cost":329.4598476}],"funding_fees":0.0},{"pair":"ETH/USDT:USDT","stake_amount":329.8165,"max_stake_amount":329.8165,"amount":0.13,"open_date":"2025-06-08 22:00:00+00:00","close_date":"2025-06-09 22:15:00+00:00","open_rate":2537.05,"close_rate":2644.27,"fee_open":0.0005,"fee_close":0.0005,"trade_duration":1455,"profit_ratio":0.04109275898879372,"profit_abs":13.55984648,"exit_reason":"exit_signal","initial_stop_loss_abs":2283.35,"initial_stop_loss_ratio":-0.1,"stop_loss_abs":2283.35,"stop_loss_ratio":-0.1,"min_rate":2475.83,"max_rate":2666.57,"is_open":false,"enter_tag":"","leverage":1.0,"is_short":false,"open_timestamp":1749420000000,"close_timestamp":1749507300000,"orders":[{"amount":0.13,"safe_price":2537.05,"ft_order_side":"buy","order_filled_timestamp":1749420000000,"ft_is_entry":true,"ft_order_tag":"","cost":329.98140825},{"amount":0.13,"safe_price":2644.27,"ft_order_side":"sell","order_filled_timestamp":1749507300000,"ft_is_entry":false,"ft_order_tag":"exit_signal","cost":343.92697755}],"funding_fees":-0.04196771595124402},{"pair":"ETH/USDT:USDT","stake_amount":332.37162,"max_stake_amount":332.37162,"amount":0.126,"open_date":"2025-06-12 21:00:00+00:00","close_date":"2025-06-12 21:30:00+00:00","open_rate":2637.87,"close_rate":2658.29,"fee_open":0.0005,"fee_close":0.0005,"trade_duration":30,"profit_ratio":0.006733856664945437,"profit_abs":2.23926192,"exit_reason":"exit_signal","initial_stop_loss_abs":2374.09,"initial_stop_loss_ratio":-0.1,"stop_loss_abs":2374.09,"stop_loss_ratio":-0.1,"min_rate":2630.03,"max_rate":2658.8,"is_open":false,"enter_tag":"","leverage":1.0,"is_short":false,"open_timestamp":1749762000000,"close_timestamp":1749763800000,"orders":[{"amount":0.126,"safe_price":2637.87,"ft_order_side":"buy","order_filled_timestamp":1749762000000,"ft_is_entry":true,"ft_order_tag":"","cost":332.53780581},{"amount":0.126,"safe_price":2658.29,"ft_order_side":"sell","order_filled_timestamp":1749763800000,"ft_is_entry":false,"ft_order_tag":"exit_signal","cost":335.11201227}],"funding_fees":0.0},{"pair":"ETH/USDT:USDT","stake_amount":334.30083,"max_stake_amount":334.30083,"amount":0.127,"open_date":"2025-06-12 22:00:00+00:00","close_date":"2025-06-12 22:15:00+00:00","open_rate":2632.29,"close_rate":2644.51,"fee_open":0.0005,"fee_close":0.0005,"trade_duration":15,"profit_ratio":0.0036382053627080973,"profit_abs":1.2168632,"exit_reason":"exit_signal","initial_stop_loss_abs":2369.07,"initial_stop_loss_ratio":-0.1,"stop_loss_abs":2369.07,"stop_loss_ratio":-0.1,"min_rate":2631.03,"max_rate":2648.04,"is_open":false,"enter_tag":"","leverage":1.0,"is_short":false,"open_timestamp":1749765600000,"close_timestamp":1749766500000,"orders":[{"amount":0.127,"safe_price":2632.29,"ft_order_side":"buy","order_filled_timestamp":1749765600000,"ft_is_entry":true,"ft_order_tag":"","cost":334.467980415},{"amount":0.127,"safe_price":2644.51,"ft_order_side":"sell","order_filled_timestamp":1749766500000,"ft_is_entry":false,"ft_order_tag":"exit_signal","cost":336.020696385}],"funding_fees":0.0},{"pair":"ETH/USDT:USDT","stake_amount":334.9879,"max_stake_amount":334.9879,"amount":0.127,"open_date":"2025-06-12 22:30:00+00:00","close_date":"2025-06-12 23:30:00+00:00","open_rate":2637.7,"close_rate":2656.28,"fee_open":0.0005,"fee_close":0.0005,"trade_duration":60,"profit_ratio":0.006037474874421606,"profit_abs":2.02349227,"exit_reason":"exit_signal","initial_stop_loss_abs":2373.93,"initial_stop_loss_ratio":-0.1,"stop_loss_abs":2373.93,"stop_loss_ratio":-0.1,"min_rate":2631.68,"max_rate":2657.66,"is_open":false,"enter_tag":"","leverage":1.0,"is_short":false,"open_timestamp":1749767400000,"close_timestamp":1749771000000,"orders":[{"amount":0.127,"safe_price":2637.7,"ft_order_side":"buy","order_filled_timestamp":1749767400000,"ft_is_entry":true,"ft_order_tag":"","cost":335.15539394999996},{"amount":0.127,"safe_price":2656.28,"ft_order_side":"sell","order_filled_timestamp":1749771000000,"ft_is_entry":false,"ft_order_tag":"exit_signal","cost":337.51623378000005}],"funding_fees":0.0},{"pair":"ETH/USDT:USDT","stake_amount":335.45526,"max_stake_amount":335.45526,"amount":0.127,"open_date":"2025-06-13 00:00:00+00:00","close_date":"2025-06-15 03:45:00+00:00","open_rate":2641.38,"close_rate":2531.61,"fee_open":0.0005,"fee_close":0.0005,"trade_duration":3105,"profit_ratio":-0.04259649775765867,"profit_abs":-14.29636384,"exit_reason":"exit_signal","initial_stop_loss_abs":2377.25,"initial_stop_loss_ratio":-0.1,"stop_loss_abs":2377.25,"stop_loss_ratio":-0.1,"min_rate":2433.8,"max_rate":2644.32,"is_open":false,"enter_tag":"","leverage":1.0,"is_short":false,"open_timestamp":1749772800000,"close_timestamp":1749959100000,"orders":[{"amount":0.127,"safe_price":2641.38,"ft_order_side":"buy","order_filled_timestamp":1749772800000,"ft_is_entry":true,"ft_order_tag":"","cost":335.62298763},{"amount":0.127,"safe_price":2531.61,"ft_order_side":"sell","order_filled_timestamp":1749959100000,"ft_is_entry":false,"ft_order_tag":"exit_signal","cost":321.675227235}],"funding_fees":-0.027088978350869996},{"pair":"ETH/USDT:USDT","stake_amount":329.2263,"max_stake_amount":329.2263,"amount":0.13,"open_date":"2025-06-15 04:15:00+00:00","close_date":"2025-06-15 16:00:00+00:00","open_rate":2532.51,"close_rate":2540.8,"fee_open":0.0005,"fee_close":0.0005,"trade_duration":705,"profit_ratio":0.002186000770677301,"profit_abs":0.72004879,"exit_reason":"force_exit","initial_stop_loss_abs":2279.26,"initial_stop_loss_ratio":-0.1,"stop_loss_abs":2279.26,"stop_loss_ratio":-0.1,"min_rate":2507.38,"max_rate":2555.0,"is_open":false,"enter_tag":"","leverage":1.0,"is_short":false,"open_timestamp":1749960900000,"close_timestamp":1750003200000,"orders":[{"amount":0.13,"safe_price":2532.51,"ft_order_side":"buy","order_filled_timestamp":1749960900000,"ft_is_entry":true,"ft_order_tag":"","cost":329.39091315},{"amount":0.13,"safe_price":2540.8,"ft_order_side":"sell","order_filled_timestamp":1750003200000,"ft_is_entry":false,"ft_order_tag":"force_exit","cost":330.469152}],"funding_fees":-0.027886057659271307}],"locks":[],"best_pair":{"key":"ETH/USDT:USDT","trades":63,"profit_mean":0.00031795425423658243,"profit_mean_pct":0.03,"profit_sum":0.020031118016904693,"profit_sum_pct":2.0,"profit_total_abs":5.178256549999999,"profit_total":0.005178256549999999,"profit_total_pct":0.52,"duration_avg":"8:46:00","wins":38,"draws":0,"losses":25,"winrate":0.6031746031746031,"cagr":0.0648559818705925,"expectancy":0.08219454841269869,"expectancy_ratio":0.019634614373019943,"sortino":0.4787823294412663,"sharpe":0.4649500811800819,"calmar":11.725762212009853,"sqn":0.0913,"profit_factor":1.04947922822001,"max_drawdown_account":0.028123389248937463,"max_drawdown_abs":28.79700956},"worst_pair":{"key":"ETH/USDT:USDT","trades":63,"profit_mean":0.00031795425423658243,"profit_mean_pct":0.03,"profit_sum":0.020031118016904693,"profit_sum_pct":2.0,"profit_total_abs":5.178256549999999,"profit_total":0.005178256549999999,"profit_total_pct":0.52,"duration_avg":"8:46:00","wins":38,"draws":0,"losses":25,"winrate":0.6031746031746031,"cagr":0.0648559818705925,"expectancy":0.08219454841269869,"expectancy_ratio":0.019634614373019943,"sortino":0.4787823294412663,"sharpe":0.4649500811800819,"calmar":11.725762212009853,"sqn":0.0913,"profit_factor":1.04947922822001,"max_drawdown_account":0.028123389248937463,"max_drawdown_abs":28.79700956},"results_per_pair":[{"key":"ETH/USDT:USDT","trades":63,"profit_mean":0.00031795425423658243,"profit_mean_pct":0.03,"profit_sum":0.020031118016904693,"profit_sum_pct":2.0,"profit_total_abs":5.178256549999999,"profit_total":0.005178256549999999,"profit_total_pct":0.52,"duration_avg":"8:46:00","wins":38,"draws":0,"losses":25,"winrate":0.6031746031746031,"cagr":0.0648559818705925,"expectancy":0.08219454841269869,"expectancy_ratio":0.019634614373019943,"sortino":0.4787823294412663,"sharpe":0.4649500811800819,"calmar":11.725762212009853,"sqn":0.0913,"profit_factor":1.04947922822001,"max_drawdown_account":0.028123389248937463,"max_drawdown_abs":28.79700956},{"key":"TOTAL","trades":63,"profit_mean":0.00031795425423658243,"profit_mean_pct":0.03,"profit_sum":0.020031118016904693,"profit_sum_pct":2.0,"profit_total_abs":5.178256549999999,"profit_total":0.005178256549999999,"profit_total_pct":0.52,"duration_avg":"8:46:00","wins":38,"draws":0,"losses":25,"winrate":0.6031746031746031,"cagr":0.0648559818705925,"expectancy":0.08219454841269869,"expectancy_ratio":0.019634614373019943,"sortino":0.4787823294412663,"sharpe":0.4649500811800819,"calmar":11.725762212009853,"sqn":0.0913,"profit_factor":1.04947922822001,"max_drawdown_account":0.028123389248937463,"max_drawdown_abs":28.79700956}],"results_per_enter_tag":[{"key":"","trades":63,"profit_mean":0.00031795425423658243,"profit_mean_pct":0.03,"profit_sum":0.020031118016904693,"profit_sum_pct":2.0,"profit_total_abs":5.178256549999999,"profit_total":0.005178256549999999,"profit_total_pct":0.52,"duration_avg":"8:46:00","wins":38,"draws":0,"losses":25,"winrate":0.6031746031746031,"cagr":0.0648559818705925,"expectancy":0.08219454841269869,"expectancy_ratio":0.019634614373019943,"sortino":0.4787823294412663,"sharpe":0.4649500811800819,"calmar":11.725762212009853,"sqn":0.0913,"profit_factor":1.04947922822001,"max_drawdown_account":0.028123389248937463,"max_drawdown_abs":28.79700956},{"key":"TOTAL","trades":63,"profit_mean":0.00031795425423658243,"profit_mean_pct":0.03,"profit_sum":0.020031118016904693,"profit_sum_pct":2.0,"profit_total_abs":5.178256549999999,"profit_total":0.005178256549999999,"profit_total_pct":0.52,"duration_avg":"8:46:00","wins":38,"draws":0,"losses":25,"winrate":0.6031746031746031,"cagr":0.0648559818705925,"expectancy":0.08219454841269869,"expectancy_ratio":0.019634614373019943,"sortino":0.4787823294412663,"sharpe":0.4649500811800819,"calmar":11.725762212009853,"sqn":0.0913,"profit_factor":1.04947922822001,"max_drawdown_account":0.028123389248937463,"max_drawdown_abs":28.79700956}],"exit_reason_summary":[{"key":"exit_signal","trades":62,"profit_mean":0.00028782447171334504,"profit_mean_pct":0.03,"profit_sum":0.017845117246227393,"profit_sum_pct":1.78,"profit_total_abs":4.458207759999999,"profit_total":0.004458207759999998,"profit_total_pct":0.45,"duration_avg":"8:43:00","wins":37,"draws":0,"losses":25,"winrate":0.5967741935483871,"cagr":0.055612298089928736,"expectancy":0.07190657677419399,"expectancy_ratio":0.017177026130204,"sortino":0.4122065169725763,"sharpe":0.39713390576212443,"calmar":10.095267312604873,"sqn":0.0786,"profit_factor":1.042599024802906,"max_drawdown_account":0.028123389248937463,"max_drawdown_abs":28.79700956},{"key":"force_exit","trades":1,"profit_mean":0.002186000770677301,"profit_mean_pct":0.22,"profit_sum":0.002186000770677301,"profit_sum_pct":0.22,"profit_total_abs":0.72004879,"profit_total":0.00072004879,"profit_total_pct":0.07,"duration_avg":"11:45:00","wins":1,"draws":0,"losses":0,"winrate":1.0,"cagr":0.008795899669003404,"expectancy":0.72004879,"expectancy_ratio":100.0,"sortino":-100,"sharpe":-100,"calmar":-100,"sqn":-100.0,"profit_factor":0.0,"max_drawdown_account":0.0,"max_drawdown_abs":0.0},{"key":"TOTAL","trades":63,"profit_mean":0.00031795425423658243,"profit_mean_pct":0.03,"profit_sum":0.020031118016904693,"profit_sum_pct":2.0,"profit_total_abs":5.178256549999999,"profit_total":0.005178256549999999,"profit_total_pct":0.52,"duration_avg":"8:46:00","wins":38,"draws":0,"losses":25,"winrate":0.6031746031746031,"cagr":0.0648559818705925,"expectancy":0.08219454841269869,"expectancy_ratio":0.019634614373019943,"sortino":0.4787823294412663,"sharpe":0.4649500811800819,"calmar":11.725762212009853,"sqn":0.0913,"profit_factor":1.04947922822001,"max_drawdown_account":0.028123389248937463,"max_drawdown_abs":28.79700956}],"mix_tag_stats":[{"key":["","exit_signal"],"trades":62,"profit_mean":0.00028782447171334504,"profit_mean_pct":0.03,"profit_sum":0.017845117246227393,"profit_sum_pct":1.78,"profit_total_abs":4.458207759999999,"profit_total":0.004458207759999998,"profit_total_pct":0.45,"duration_avg":"8:43:00","wins":37,"draws":0,"losses":25,"winrate":0.5967741935483871,"cagr":0.055612298089928736,"expectancy":0.07190657677419399,"expectancy_ratio":0.017177026130204,"sortino":0.4122065169725763,"sharpe":0.39713390576212443,"calmar":10.095267312604873,"sqn":0.0786,"profit_factor":1.042599024802906,"max_drawdown_account":0.028123389248937463,"max_drawdown_abs":28.79700956},{"key":["","force_exit"],"trades":1,"profit_mean":0.002186000770677301,"profit_mean_pct":0.22,"profit_sum":0.002186000770677301,"profit_sum_pct":0.22,"profit_total_abs":0.72004879,"profit_total":0.00072004879,"profit_total_pct":0.07,"duration_avg":"11:45:00","wins":1,"draws":0,"losses":0,"winrate":1.0,"cagr":0.008795899669003404,"expectancy":0.72004879,"expectancy_ratio":100.0,"sortino":-100,"sharpe":-100,"calmar":-100,"sqn":-100.0,"profit_factor":0.0,"max_drawdown_account":0.0,"max_drawdown_abs":0.0},{"key":"TOTAL","trades":63,"profit_mean":0.00031795425423658243,"profit_mean_pct":0.03,"profit_sum":0.020031118016904693,"profit_sum_pct":2.0,"profit_total_abs":5.178256549999999,"profit_total":0.005178256549999999,"profit_total_pct":0.52,"duration_avg":"8:46:00","wins":38,"draws":0,"losses":25,"winrate":0.6031746031746031,"cagr":0.0648559818705925,"expectancy":0.08219454841269869,"expectancy_ratio":0.019634614373019943,"sortino":0.4787823294412663,"sharpe":0.4649500811800819,"calmar":11.725762212009853,"sqn":0.0913,"profit_factor":1.04947922822001,"max_drawdown_account":0.028123389248937463,"max_drawdown_abs":28.79700956}],"left_open_trades":[{"key":"ETH/USDT:USDT","trades":1,"profit_mean":0.002186000770677301,"profit_mean_pct":0.22,"profit_sum":0.002186000770677301,"profit_sum_pct":0.22,"profit_total_abs":0.72004879,"profit_total":0.00072004879,"profit_total_pct":0.07,"duration_avg":"11:45:00","wins":1,"draws":0,"losses":0,"winrate":1.0,"cagr":0.008795899669003404,"expectancy":0.72004879,"expectancy_ratio":100.0,"sortino":-100,"sharpe":-100,"calmar":-100,"sqn":-100.0,"profit_factor":0.0,"max_drawdown_account":0.0,"max_drawdown_abs":0.0},{"key":"TOTAL","trades":1,"profit_mean":0.002186000770677301,"profit_mean_pct":0.22,"profit_sum":0.002186000770677301,"profit_sum_pct":0.22,"profit_total_abs":0.72004879,"profit_total":0.00072004879,"profit_total_pct":0.07,"duration_avg":"11:45:00","wins":1,"draws":0,"losses":0,"winrate":1.0,"cagr":0.008795899669003404,"expectancy":0.72004879,"expectancy_ratio":100.0,"sortino":-100,"sharpe":-100,"calmar":-100,"sqn":-100.0,"profit_factor":0.0,"max_drawdown_account":0.0,"max_drawdown_abs":0.0}],"total_trades":63,"trade_count_long":63,"trade_count_short":0,"total_volume":41843.06183538,"avg_stake_amount":331.7052853968254,"profit_mean":0.00031795425423658243,"profit_median":0.00112350773840139,"profit_total":0.005178256549999999,"profit_total_long":0.005178256549999999,"profit_total_short":0.0,"profit_total_abs":5.178256549999999,"profit_total_long_abs":5.178256549999999,"profit_total_short_abs":0.0,"cagr":0.0648559818705925,"expectancy":0.08219454841269869,"expectancy_ratio":0.019634614373019943,"sortino":0.4787823294412663,"sharpe":0.4649500811800819,"calmar":11.725762212009853,"sqn":0.0913,"profit_factor":1.04947922822001,"backtest_start":"2025-05-16 00:00:00","backtest_start_ts":1747353600000,"backtest_end":"2025-06-15 16:00:00","backtest_end_ts":1750003200000,"backtest_days":30,"backtest_run_start_ts":1750005019,"backtest_run_end_ts":1750005019,"trades_per_day":2.1,"market_change":-0.005690334649598257,"pairlist":["ETH/USDT:USDT"],"stake_amount":"unlimited","stake_currency":"USDT","stake_currency_decimals":3,"starting_balance":1000,"dry_run_wallet":1000,"final_balance":1005.17825655,"rejected_signals":0,"timedout_entry_orders":0,"timedout_exit_orders":0,"canceled_trade_entries":0,"canceled_entry_orders":0,"replaced_entry_orders":0,"max_open_trades":1,"max_open_trades_setting":3,"timeframe":"15m","timeframe_detail":"","timerange":"","enable_protections":false,"strategy_name":"GridBotSample","stoploss":-0.1,"trailing_stop":false,"trailing_stop_positive":null,"trailing_stop_positive_offset":0.0,"trailing_only_offset_is_reached":false,"use_custom_stoploss":false,"minimal_roi":{},"use_exit_signal":true,"exit_profit_only":false,"exit_profit_offset":0.0,"ignore_roi_if_entry_signal":false,"trading_mode":"futures","margin_mode":"isolated","periodic_breakdown":{"day":[{"date":"18/05/2025","date_ts":1747526400000,"profit_abs":-19.82129924,"wins":0,"draws":0,"losses":2,"trades":2,"profit_factor":0.0},{"date":"19/05/2025","date_ts":1747612800000,"profit_abs":0.0,"wins":0,"draws":0,"losses":0,"trades":0,"profit_factor":0.0},{"date":"20/05/2025","date_ts":1747699200000,"profit_abs":0.0,"wins":0,"draws":0,"losses":0,"trades":0,"profit_factor":0.0},{"date":"21/05/2025","date_ts":1747785600000,"profit_abs":0.0,"wins":0,"draws":0,"losses":0,"trades":0,"profit_factor":0.0},{"date":"22/05/2025","date_ts":1747872000000,"profit_abs":32.80627589,"wins":6,"draws":0,"losses":0,"trades":6,"profit_factor":0.0},{"date":"23/05/2025","date_ts":1747958400000,"profit_abs":0.0,"wins":0,"draws":0,"losses":0,"trades":0,"profit_factor":0.0},{"date":"24/05/2025","date_ts":1748044800000,"profit_abs":-11.07410956,"wins":0,"draws":0,"losses":3,"trades":3,"profit_factor":0.0},{"date":"25/05/2025","date_ts":1748131200000,"profit_abs":-4.53731532,"wins":0,"draws":0,"losses":2,"trades":2,"profit_factor":0.0},{"date":"26/05/2025","date_ts":1748217600000,"profit_abs":0.0,"wins":0,"draws":0,"losses":0,"trades":0,"profit_factor":0.0},{"date":"27/05/2025","date_ts":1748304000000,"profit_abs":16.07134743,"wins":3,"draws":0,"losses":0,"trades":3,"profit_factor":0.0},{"date":"28/05/2025","date_ts":1748390400000,"profit_abs":5.59286663,"wins":8,"draws":0,"losses":1,"trades":9,"profit_factor":36.15310873},{"date":"29/05/2025","date_ts":1748476800000,"profit_abs":4.45953622,"wins":4,"draws":0,"losses":1,"trades":5,"profit_factor":29.46537312},{"date":"30/05/2025","date_ts":1748563200000,"profit_abs":-0.16390656,"wins":0,"draws":0,"losses":1,"trades":1,"profit_factor":0.0},{"date":"31/05/2025","date_ts":1748649600000,"profit_abs":-15.73158235,"wins":3,"draws":0,"losses":3,"trades":6,"profit_factor":0.07992549},{"date":"01/06/2025","date_ts":1748736000000,"profit_abs":-2.1684125,"wins":0,"draws":0,"losses":1,"trades":1,"profit_factor":0.0},{"date":"02/06/2025","date_ts":1748822400000,"profit_abs":0.0,"wins":0,"draws":0,"losses":0,"trades":0,"profit_factor":0.0},{"date":"03/06/2025","date_ts":1748908800000,"profit_abs":17.01396344,"wins":2,"draws":0,"losses":0,"trades":2,"profit_factor":0.0},{"date":"04/06/2025","date_ts":1748995200000,"profit_abs":1.50495209,"wins":2,"draws":0,"losses":0,"trades":2,"profit_factor":0.0},{"date":"05/06/2025","date_ts":1749081600000,"profit_abs":-28.79700956,"wins":0,"draws":0,"losses":1,"trades":1,"profit_factor":0.0},{"date":"06/06/2025","date_ts":1749168000000,"profit_abs":0.0,"wins":0,"draws":0,"losses":0,"trades":0,"profit_factor":0.0},{"date":"07/06/2025","date_ts":1749254400000,"profit_abs":7.7367728,"wins":3,"draws":0,"losses":3,"trades":6,"profit_factor":8.78537565},{"date":"08/06/2025","date_ts":1749340800000,"profit_abs":-3.17697168,"wins":2,"draws":0,"losses":6,"trades":8,"profit_factor":0.41047754},{"date":"09/06/2025","date_ts":1749427200000,"profit_abs":13.55984648,"wins":1,"draws":0,"losses":0,"trades":1,"profit_factor":0.0},{"date":"10/06/2025","date_ts":1749513600000,"profit_abs":0.0,"wins":0,"draws":0,"losses":0,"trades":0,"profit_factor":0.0},{"date":"11/06/2025","date_ts":1749600000000,"profit_abs":0.0,"wins":0,"draws":0,"losses":0,"trades":0,"profit_factor":0.0},{"date":"12/06/2025","date_ts":1749686400000,"profit_abs":5.47961739,"wins":3,"draws":0,"losses":0,"trades":3,"profit_factor":0.0},{"date":"13/06/2025","date_ts":1749772800000,"profit_abs":0.0,"wins":0,"draws":0,"losses":0,"trades":0,"profit_factor":0.0},{"date":"14/06/2025","date_ts":1749859200000,"profit_abs":0.0,"wins":0,"draws":0,"losses":0,"trades":0,"profit_factor":0.0},{"date":"15/06/2025","date_ts":1749945600000,"profit_abs":-13.57631505,"wins":1,"draws":0,"losses":1,"trades":2,"profit_factor":0.05036587}],"week":[{"date":"19/05/2025","date_ts":1747612800000,"profit_abs":-19.82129924,"wins":0,"draws":0,"losses":2,"trades":2,"profit_factor":0.0},{"date":"26/05/2025","date_ts":1748217600000,"profit_abs":17.19485101,"wins":6,"draws":0,"losses":5,"trades":11,"profit_factor":2.10142739},{"date":"02/06/2025","date_ts":1748822400000,"profit_abs":8.05984887,"wins":18,"draws":0,"losses":7,"trades":25,"profit_factor":1.4081712},{"date":"09/06/2025","date_ts":1749427200000,"profit_abs":7.84155357,"wins":10,"draws":0,"losses":10,"trades":20,"profit_factor":1.22289916},{"date":"16/06/2025","date_ts":1750032000000,"profit_abs":-8.09669766,"wins":4,"draws":0,"losses":1,"trades":5,"profit_factor":0.43365336}],"month":[{"date":"31/05/2025","date_ts":1748649600000,"profit_abs":7.60181314,"wins":24,"draws":0,"losses":13,"trades":37,"profit_factor":1.14340187},{"date":"30/06/2025","date_ts":1751241600000,"profit_abs":-2.42355659,"wins":14,"draws":0,"losses":12,"trades":26,"profit_factor":0.95307241}],"year":[{"date":"31/12/2025","date_ts":1767139200000,"profit_abs":5.17825655,"wins":38,"draws":0,"losses":25,"trades":63,"profit_factor":1.04947923}]},"backtest_best_day":0.10121808544433217,"backtest_worst_day":-0.08579873683099375,"backtest_best_day_abs":32.80627589,"backtest_worst_day_abs":-28.79700956,"winning_days":9,"draw_days":11,"losing_days":9,"daily_profit":[["2025-05-18",-19.82129924],["2025-05-19",0.0],["2025-05-20",0.0],["2025-05-21",0.0],["2025-05-22",32.80627589],["2025-05-23",0.0],["2025-05-24",-11.07410956],["2025-05-25",-4.53731532],["2025-05-26",0.0],["2025-05-27",16.07134743],["2025-05-28",5.59286663],["2025-05-29",4.45953622],["2025-05-30",-0.16390656],["2025-05-31",-15.73158235],["2025-06-01",-2.1684125],["2025-06-02",0.0],["2025-06-03",17.01396344],["2025-06-04",1.50495209],["2025-06-05",-28.79700956],["2025-06-06",0.0],["2025-06-07",7.7367728],["2025-06-08",-3.17697168],["2025-06-09",13.55984648],["2025-06-10",0.0],["2025-06-11",0.0],["2025-06-12",5.47961739],["2025-06-13",0.0],["2025-06-14",0.0],["2025-06-15",-13.57631505]],"wins":38,"losses":25,"draws":0,"winrate":0.6031746031746031,"holding_avg":"8:46:00","holding_avg_s":31560.0,"winner_holding_min":"0d 00:15","winner_holding_min_s":900.0,"winner_holding_max":"2d 17:45","winner_holding_max_s":236700.0,"winner_holding_avg":"0d 07:52","winner_holding_avg_s":28320.0,"loser_holding_min":"0d 00:15","loser_holding_min_s":900.0,"loser_holding_max":"2d 03:45","loser_holding_max_s":186300.0,"loser_holding_avg":"0d 10:07","loser_holding_avg_s":36420.0,"max_consecutive_wins":9,"max_consecutive_losses":6,"max_drawdown_account":0.028123389248937463,"max_relative_drawdown":0.028123389248937463,"max_drawdown_abs":28.79700956,"drawdown_start":"2025-06-04 15:15:00","drawdown_start_ts":1749050100000.0,"drawdown_end":"2025-06-05 20:45:00","drawdown_end_ts":1749156300000.0,"max_drawdown_low":-4.84469339,"max_drawdown_high":23.95231617,"csum_min":980.17870076,"csum_max":1023.95231617}},"strategy_comparison":[{"key":"GridBotSample","trades":63,"profit_mean":0.00031795425423658243,"profit_mean_pct":0.03,"profit_sum":0.020031118016904693,"profit_sum_pct":2.0,"profit_total_abs":5.178256549999999,"profit_total":0.005178256549999999,"profit_total_pct":0.52,"duration_avg":"8:46:00","wins":38,"draws":0,"losses":25,"winrate":0.6031746031746031,"cagr":0.0648559818705925,"expectancy":0.08219454841269869,"expectancy_ratio":0.019634614373019943,"sortino":0.4787823294412663,"sharpe":0.4649500811800819,"calmar":11.725762212009853,"sqn":0.0913,"profit_factor":1.04947922822001,"max_drawdown_account":0.028123389248937463,"max_drawdown_abs":"28.797"}]}