{"strategy":{"GridBotSample":{"trades":[{"pair":"ETH/USDT:USDT","stake_amount":9899.56886,"max_stake_amount":9899.56886,"amount":3.961,"open_date":"2025-05-17 00:30:00+00:00","close_date":"2025-05-18 04:30:00+00:00","open_rate":2499.26,"close_rate":2481.15,"fee_open":0.0005,"fee_close":0.0005,"trade_duration":1680,"profit_ratio":-0.008295868331391145,"profit_abs":-82.16658256,"exit_reason":"exit_signal","initial_stop_loss_abs":2249.34,"initial_stop_loss_ratio":-0.1,"stop_loss_abs":2249.34,"stop_loss_ratio":-0.1,"min_rate":2442.65,"max_rate":2512.33,"is_open":false,"enter_tag":"","leverage":1.0,"is_short":false,"open_timestamp":1747441800000,"close_timestamp":1747542600000,"orders":[{"amount":3.961,"safe_price":2499.26,"ft_order_side":"buy","order_filled_timestamp":1747441800000,"ft_is_entry":true,"ft_order_tag":"","cost":9904.518644430002},{"amount":3.961,"safe_price":2481.15,"ft_order_side":"sell","order_filled_timestamp":1747542600000,"ft_is_entry":false,"ft_order_tag":"exit_signal","cost":9832.749067575}],"funding_fees":-0.5691705570929884},{"pair":"ETH/USDT:USDT","stake_amount":9818.51808,"max_stake_amount":9818.51808,"amount":3.948,"open_date":"2025-05-18 04:45:00+00:00","close_date":"2025-05-18 20:15:00+00:00","open_rate":2486.96,"close_rate":2367.12,"fee_open":0.0005,"fee_close":0.0005,"trade_duration":930,"profit_ratio":-0.04918950629070586,"profit_abs":-483.20954089,"exit_reason":"exit_signal","initial_stop_loss_abs":2238.27,"initial_stop_loss_ratio":-0.1,"stop_loss_abs":2238.27,"stop_loss_ratio":-0.1,"min_rate":2312.62,"max_rate":2587.52,"is_open":false,"enter_tag":"","leverage":1.0,"is_short":false,"open_timestamp":1747543500000,"close_timestamp":1747599300000,"orders":[{"amount":3.948,"safe_price":2486.96,"ft_order_side":"buy","order_filled_timestamp":1747543500000,"ft_is_entry":true,"ft_order_tag":"","cost":9823.42733904},{"amount":3.948,"safe_price":2367.12,"ft_order_side":"sell","order_filled_timestamp":1747599300000,"ft_is_entry":false,"ft_order_tag":"exit_signal","cost":9350.062454879999}],"funding_fees":-0.49926696899885964},{"pair":"ETH/USDT:USDT","stake_amount":9338.73129,"max_stake_amount":9338.73129,"amount":3.879,"open_date":"2025-05-19 07:45:00+00:00","close_date":"2025-05-19 08:00:00+00:00","open_rate":2407.51,"close_rate":2402.53,"fee_open":0.0005,"fee_close":0.0005,"trade_duration":15,"profit_ratio":-0.0031311046489615013,"profit_abs":-29.25516523,"exit_reason":"exit_signal","initial_stop_loss_abs":2166.76,"initial_stop_loss_ratio":-0.1,"stop_loss_abs":2166.76,"stop_loss_ratio":-0.1,"min_rate":2389.0,"max_rate":2409.24,"is_open":false,"enter_tag":"","leverage":1.0,"is_short":false,"open_timestamp":1747640700000,"close_timestamp":1747641600000,"orders":[{"amount":3.879,"safe_price":2407.51,"ft_order_side":"buy","order_filled_timestamp":1747640700000,"ft_is_entry":true,"ft_order_tag":"","cost":9343.400655645},{"amount":3.879,"safe_price":2402.53,"ft_order_side":"sell","order_filled_timestamp":1747641600000,"ft_is_entry":false,"ft_order_tag":"exit_signal","cost":9324.073576935}],"funding_fees":-0.6086726459943077},{"pair":"ETH/USDT:USDT","stake_amount":9310.2945,"max_stake_amount":9310.2945,"amount":3.866,"open_date":"2025-05-19 08:15:00+00:00","close_date":"2025-05-19 08:30:00+00:00","open_rate":2408.25,"close_rate":2404.79,"fee_open":0.0005,"fee_close":0.0005,"trade_duration":15,"profit_ratio":-0.0024347921544262646,"profit_abs":-22.67996632,"exit_reason":"exit_signal","initial_stop_loss_abs":2167.43,"initial_stop_loss_ratio":-0.1,"stop_loss_abs":2167.43,"stop_loss_ratio":-0.1,"min_rate":2393.45,"max_rate":2422.11,"is_open":false,"enter_tag":"","leverage":1.0,"is_short":false,"open_timestamp":1747642500000,"close_timestamp":1747643400000,"orders":[{"amount":3.866,"safe_price":2408.25,"ft_order_side":"buy","order_filled_timestamp":1747642500000,"ft_is_entry":true,"ft_order_tag":"","cost":9314.94964725},{"amount":3.866,"safe_price":2404.79,"ft_order_side":"sell","order_filled_timestamp":1747643400000,"ft_is_entry":false,"ft_order_tag":"exit_signal","cost":9301.56659907}],"funding_fees":0.0},{"pair":"ETH/USDT:USDT","stake_amount":9287.53248,"max_stake_amount":9287.53248,"amount":3.859,"open_date":"2025-05-19 09:30:00+00:00","close_date":"2025-05-19 10:00:00+00:00","open_rate":2406.72,"close_rate":2404.24,"fee_open":0.0005,"fee_close":0.0005,"trade_duration":30,"profit_ratio":-0.002028918395475843,"profit_abs":-18.85306732,"exit_reason":"exit_signal","initial_stop_loss_abs":2166.05,"initial_stop_loss_ratio":-0.1,"stop_loss_abs":2166.05,"stop_loss_ratio":-0.1,"min_rate":2392.0,"max_rate":2414.64,"is_open":false,"enter_tag":"","leverage":1.0,"is_short":false,"open_timestamp":1747647000000,"close_timestamp":1747648800000,"orders":[{"amount":3.859,"safe_price":2406.72,"ft_order_side":"buy","order_filled_timestamp":1747647000000,"ft_is_entry":true,"ft_order_tag":"","cost":9292.17624624},{"amount":3.859,"safe_price":2404.24,"ft_order_side":"sell","order_filled_timestamp":1747648800000,"ft_is_entry":false,"ft_order_tag":"exit_signal","cost":9282.601141079998}],"funding_fees":0.0},{"pair":"ETH/USDT:USDT","stake_amount":9269.183,"max_stake_amount":9269.183,"amount":3.85,"open_date":"2025-05-19 10:30:00+00:00","close_date":"2025-05-19 12:15:00+00:00","open_rate":2407.58,"close_rate":2400.08,"fee_open":0.0005,"fee_close":0.0005,"trade_duration":105,"profit_ratio":-0.004111547927678474,"profit_abs":-38.1297455,"exit_reason":"exit_signal","initial_stop_loss_abs":2166.83,"initial_stop_loss_ratio":-0.1,"stop_loss_abs":2166.83,"stop_loss_ratio":-0.1,"min_rate":2391.02,"max_rate":2420.88,"is_open":false,"enter_tag":"","leverage":1.0,"is_short":false,"open_timestamp":1747650600000,"close_timestamp":1747656900000,"orders":[{"amount":3.85,"safe_price":2407.58,"ft_order_side":"buy","order_filled_timestamp":1747650600000,"ft_is_entry":true,"ft_order_tag":"","cost":9273.8175915},{"amount":3.85,"safe_price":2400.08,"ft_order_side":"sell","order_filled_timestamp":1747656900000,"ft_is_entry":false,"ft_order_tag":"exit_signal","cost":9244.928154}],"funding_fees":0.0},{"pair":"ETH/USDT:USDT","stake_amount":9230.08515,"max_stake_amount":9230.08515,"amount":3.795,"open_date":"2025-05-19 13:45:00+00:00","close_date":"2025-05-22 03:45:00+00:00","open_rate":2432.17,"close_rate":2634.82,"fee_open":0.0005,"fee_close":0.0005,"trade_duration":3720,"profit_ratio":0.08182421986666605,"profit_abs":755.62213896,"exit_reason":"exit_signal","initial_stop_loss_abs":2188.96,"initial_stop_loss_ratio":-0.1,"stop_loss_abs":2188.96,"stop_loss_ratio":-0.1,"min_rate":2416.4,"max_rate":2647.25,"is_open":false,"enter_tag":"","leverage":1.0,"is_short":false,"open_timestamp":1747662300000,"close_timestamp":1747885500000,"orders":[{"amount":3.795,"safe_price":2432.17,"ft_order_side":"buy","order_filled_timestamp":1747662300000,"ft_is_entry":true,"ft_order_tag":"","cost":9234.700192575001},{"amount":3.795,"safe_price":2634.82,"ft_order_side":"sell","order_filled_timestamp":1747885500000,"ft_is_entry":false,"ft_order_tag":"exit_signal","cost":10004.14147095}],"funding_fees":-3.819997519703937},{"pair":"ETH/USDT:USDT","stake_amount":9979.16,"max_stake_amount":9979.16,"amount":4.0,"open_date":"2025-05-25 00:45:00+00:00","close_date":"2025-05-25 19:00:00+00:00","open_rate":2494.79,"close_rate":2514.89,"fee_open":0.0005,"fee_close":0.0005,"trade_duration":1095,"profit_ratio":0.006926417877244985,"profit_abs":69.15439214,"exit_reason":"exit_signal","initial_stop_loss_abs":2245.32,"initial_stop_loss_ratio":-0.1,"stop_loss_abs":2245.32,"stop_loss_ratio":-0.1,"min_rate":2457.6,"max_rate":2524.99,"is_open":false,"enter_tag":"","leverage":1.0,"is_short":false,"open_timestamp":1748133900000,"close_timestamp":1748199600000,"orders":[{"amount":4.0,"safe_price":2494.79,"ft_order_side":"buy","order_filled_timestamp":1748133900000,"ft_is_entry":true,"ft_order_tag":"","cost":9984.14958},{"amount":4.0,"safe_price":2514.89,"ft_order_side":"sell","order_filled_timestamp":1748199600000,"ft_is_entry":false,"ft_order_tag":"exit_signal","cost":10064.589779999998}],"funding_fees":-1.2262478556},{"pair":"ETH/USDT:USDT","stake_amount":10048.95495,"max_stake_amount":10048.95495,"amount":4.007,"open_date":"2025-05-31 01:30:00+00:00","close_date":"2025-05-31 12:00:00+00:00","open_rate":2507.85,"close_rate":2518.6,"fee_open":0.0005,"fee_close":0.0005,"trade_duration":630,"profit_ratio":0.0032018658613950147,"profit_abs":32.1914935,"exit_reason":"exit_signal","initial_stop_loss_abs":2257.07,"initial_stop_loss_ratio":-0.1,"stop_loss_abs":2257.07,"stop_loss_ratio":-0.1,"min_rate":2474.0,"max_rate":2537.97,"is_open":false,"enter_tag":"","leverage":1.0,"is_short":false,"open_timestamp":1748655000000,"close_timestamp":1748692800000,"orders":[{"amount":4.007,"safe_price":2507.85,"ft_order_side":"buy","order_filled_timestamp":1748655000000,"ft_is_entry":true,"ft_order_tag":"","cost":10053.979427474998},{"amount":4.007,"safe_price":2518.6,"ft_order_side":"sell","order_filled_timestamp":1748692800000,"ft_is_entry":false,"ft_order_tag":"exit_signal","cost":10097.076215099998}],"funding_fees":-0.8132639255999999},{"pair":"ETH/USDT:USDT","stake_amount":10078.67671,"max_stake_amount":10078.67671,"amount":4.021,"open_date":"2025-06-01 02:00:00+00:00","close_date":"2025-06-01 05:45:00+00:00","open_rate":2506.51,"close_rate":2515.81,"fee_open":0.0005,"fee_close":0.0005,"trade_duration":225,"profit_ratio":0.0027071295452090033,"profit_abs":27.29792564,"exit_reason":"exit_signal","initial_stop_loss_abs":2255.86,"initial_stop_loss_ratio":-0.1,"stop_loss_abs":2255.86,"stop_loss_ratio":-0.1,"min_rate":2491.03,"max_rate":2526.46,"is_open":false,"enter_tag":"","leverage":1.0,"is_short":false,"open_timestamp":1748743200000,"close_timestamp":1748756700000,"orders":[{"amount":4.021,"safe_price":2506.51,"ft_order_side":"buy","order_filled_timestamp":1748743200000,"ft_is_entry":true,"ft_order_tag":"","cost":10083.716048355001},{"amount":4.021,"safe_price":2515.81,"ft_order_side":"sell","order_filled_timestamp":1748756700000,"ft_is_entry":false,"ft_order_tag":"exit_signal","cost":10121.130046004999}],"funding_fees":0.0},{"pair":"ETH/USDT:USDT","stake_amount":10106.45991,"max_stake_amount":10106.45991,"amount":4.023,"open_date":"2025-06-01 06:30:00+00:00","close_date":"2025-06-03 01:00:00+00:00","open_rate":2512.17,"close_rate":2620.79,"fee_open":0.0005,"fee_close":0.0005,"trade_duration":2550,"profit_ratio":0.04193125014243782,"profit_abs":423.98838679,"exit_reason":"exit_signal","initial_stop_loss_abs":2260.96,"initial_stop_loss_ratio":-0.1,"stop_loss_abs":2260.96,"stop_loss_ratio":-0.1,"min_rate":2465.0,"max_rate":2626.96,"is_open":false,"enter_tag":"","leverage":1.0,"is_short":false,"open_timestamp":1748759400000,"close_timestamp":1748912400000,"orders":[{"amount":4.023,"safe_price":2512.17,"ft_order_side":"buy","order_filled_timestamp":1748759400000,"ft_is_entry":true,"ft_order_tag":"","cost":10111.513139955},{"amount":4.023,"safe_price":2620.79,"ft_order_side":"sell","order_filled_timestamp":1748912400000,"ft_is_entry":false,"ft_order_tag":"exit_signal","cost":10548.709889085}],"funding_fees":-2.6649241694686485},{"pair":"ETH/USDT:USDT","stake_amount":10525.89957,"max_stake_amount":10525.89957,"amount":4.201,"open_date":"2025-06-05 20:15:00+00:00","close_date":"2025-06-05 21:00:00+00:00","open_rate":2505.57,"close_rate":2397.53,"fee_open":0.0005,"fee_close":0.0005,"trade_duration":45,"profit_ratio":-0.04407633066890286,"profit_abs":-464.17500155,"exit_reason":"exit_signal","initial_stop_loss_abs":2255.02,"initial_stop_loss_ratio":-0.1,"stop_loss_abs":2255.02,"stop_loss_ratio":-0.1,"min_rate":2390.0,"max_rate":2506.53,"is_open":false,"enter_tag":"","leverage":1.0,"is_short":false,"open_timestamp":1749154500000,"close_timestamp":1749157200000,"orders":[{"amount":4.201,"safe_price":2505.57,"ft_order_side":"buy","order_filled_timestamp":1749154500000,"ft_is_entry":true,"ft_order_tag":"","cost":10531.162519784999},{"amount":4.201,"safe_price":2397.53,"ft_order_side":"sell","order_filled_timestamp":1749157200000,"ft_is_entry":false,"ft_order_tag":"exit_signal","cost":10077.059541765}],"funding_fees":0.0},{"pair":"SOL/USDT:USDT","stake_amount":10067.7922,"max_stake_amount":10067.7922,"amount":71.03,"open_date":"2025-06-05 21:00:00+00:00","close_date":"2025-06-06 12:45:00+00:00","open_rate":141.74,"close_rate":150.4,"fee_open":0.0005,"fee_close":0.0005,"trade_duration":945,"profit_ratio":0.06022134788516435,"profit_abs":606.59916452,"exit_reason":"exit_signal","initial_stop_loss_abs":127.57,"initial_stop_loss_ratio":-0.1,"stop_loss_abs":127.57,"stop_loss_ratio":-0.1,"min_rate":141.51,"max_rate":152.56,"is_open":false,"enter_tag":"","leverage":1.0,"is_short":false,"open_timestamp":1749157200000,"close_timestamp":1749213900000,"orders":[{"amount":71.03,"safe_price":141.74,"ft_order_side":"buy","order_filled_timestamp":1749157200000,"ft_is_entry":true,"ft_order_tag":"","cost":10072.826096100001},{"amount":71.03,"safe_price":150.4,"ft_order_side":"sell","order_filled_timestamp":1749213900000,"ft_is_entry":false,"ft_order_tag":"exit_signal","cost":10688.253456}],"funding_fees":1.8547166249750469},{"pair":"ETH/USDT:USDT","stake_amount":10668.10395,"max_stake_amount":10668.10395,"amount":4.315,"open_date":"2025-06-06 12:45:00+00:00","close_date":"2025-06-07 08:45:00+00:00","open_rate":2472.33,"close_rate":2485.35,"fee_open":0.0005,"fee_close":0.0005,"trade_duration":1200,"profit_ratio":0.004092323171026773,"profit_abs":43.67915765,"exit_reason":"exit_signal","initial_stop_loss_abs":2225.1,"initial_stop_loss_ratio":-0.1,"stop_loss_abs":2225.1,"stop_loss_ratio":-0.1,"min_rate":2455.85,"max_rate":2529.67,"is_open":false,"enter_tag":"","leverage":1.0,"is_short":false,"open_timestamp":1749213900000,"close_timestamp":1749285900000,"orders":[{"amount":4.315,"safe_price":2472.33,"ft_order_side":"buy","order_filled_timestamp":1749213900000,"ft_is_entry":true,"ft_order_tag":"","cost":10673.438001975},{"amount":4.315,"safe_price":2485.35,"ft_order_side":"sell","order_filled_timestamp":1749285900000,"ft_is_entry":false,"ft_order_tag":"exit_signal","cost":10729.647392625}],"funding_fees":-1.8059477496063328},{"pair":"ETH/USDT:USDT","stake_amount":10710.06582,"max_stake_amount":10710.06582,"amount":4.314,"open_date":"2025-06-07 09:00:00+00:00","close_date":"2025-06-07 10:00:00+00:00","open_rate":2482.63,"close_rate":2485.01,"fee_open":0.0005,"fee_close":0.0005,"trade_duration":60,"profit_ratio":-4.179765649413283e-05,"profit_abs":-0.44787948,"exit_reason":"exit_signal","initial_stop_loss_abs":2234.37,"initial_stop_loss_ratio":-0.1,"stop_loss_abs":2234.37,"stop_loss_ratio":-0.1,"min_rate":2481.91,"max_rate":2489.36,"is_open":false,"enter_tag":"","leverage":1.0,"is_short":false,"open_timestamp":1749286800000,"close_timestamp":1749290400000,"orders":[{"amount":4.314,"safe_price":2482.63,"ft_order_side":"buy","order_filled_timestamp":1749286800000,"ft_is_entry":true,"ft_order_tag":"","cost":10715.42085291},{"amount":4.314,"safe_price":2485.01,"ft_order_side":"sell","order_filled_timestamp":1749290400000,"ft_is_entry":false,"ft_order_tag":"exit_signal","cost":10725.69330657}],"funding_fees":0.0},{"pair":"ETH/USDT:USDT","stake_amount":10710.76224,"max_stake_amount":10710.76224,"amount":4.304,"open_date":"2025-06-07 10:15:00+00:00","close_date":"2025-06-07 20:00:00+00:00","open_rate":2488.56,"close_rate":2515.78,"fee_open":0.0005,"fee_close":0.0005,"trade_duration":585,"profit_ratio":0.009859303903287838,"profit_abs":105.65346029,"exit_reason":"exit_signal","initial_stop_loss_abs":2239.71,"initial_stop_loss_ratio":-0.1,"stop_loss_abs":2239.71,"stop_loss_ratio":-0.1,"min_rate":2487.11,"max_rate":2524.9,"is_open":false,"enter_tag":"","leverage":1.0,"is_short":false,"open_timestamp":1749291300000,"close_timestamp":1749326400000,"orders":[{"amount":4.304,"safe_price":2488.56,"ft_order_side":"buy","order_filled_timestamp":1749291300000,"ft_is_entry":true,"ft_order_tag":"","cost":10716.11762112},{"amount":4.304,"safe_price":2515.78,"ft_order_side":"sell","order_filled_timestamp":1749326400000,"ft_is_entry":false,"ft_order_tag":"exit_signal","cost":10833.33107856}],"funding_fees":-0.7320800301296508},{"pair":"ETH/USDT:USDT","stake_amount":10814.37525,"max_stake_amount":10814.37525,"amount":4.305,"open_date":"2025-06-08 01:30:00+00:00","close_date":"2025-06-08 02:30:00+00:00","open_rate":2512.05,"close_rate":2512.84,"fee_open":0.0005,"fee_close":0.0005,"trade_duration":60,"profit_ratio":-0.000685330390213249,"profit_abs":-7.41512572,"exit_reason":"exit_signal","initial_stop_loss_abs":2260.85,"initial_stop_loss_ratio":-0.1,"stop_loss_abs":2260.85,"stop_loss_ratio":-0.1,"min_rate":2510.72,"max_rate":2520.53,"is_open":false,"enter_tag":"","leverage":1.0,"is_short":false,"open_timestamp":1749346200000,"close_timestamp":1749349800000,"orders":[{"amount":4.305,"safe_price":2512.05,"ft_order_side":"buy","order_filled_timestamp":1749346200000,"ft_is_entry":true,"ft_order_tag":"","cost":10819.782437625001},{"amount":4.305,"safe_price":2512.84,"ft_order_side":"sell","order_filled_timestamp":1749349800000,"ft_is_entry":false,"ft_order_tag":"exit_signal","cost":10823.1850881}],"funding_fees":0.0},{"pair":"ETH/USDT:USDT","stake_amount":10807.73136,"max_stake_amount":10807.73136,"amount":4.304,"open_date":"2025-06-08 03:00:00+00:00","close_date":"2025-06-08 03:30:00+00:00","open_rate":2511.09,"close_rate":2509.63,"fee_open":0.0005,"fee_close":0.0005,"trade_duration":30,"profit_ratio":-0.001580339936877592,"profit_abs":-17.08842944,"exit_reason":"exit_signal","initial_stop_loss_abs":2259.99,"initial_stop_loss_ratio":-0.1,"stop_loss_abs":2259.99,"stop_loss_ratio":-0.1,"min_rate":2507.25,"max_rate":2513.9,"is_open":false,"enter_tag":"","leverage":1.0,"is_short":false,"open_timestamp":1749351600000,"close_timestamp":1749353400000,"orders":[{"amount":4.304,"safe_price":2511.09,"ft_order_side":"buy","order_filled_timestamp":1749351600000,"ft_is_entry":true,"ft_order_tag":"","cost":10813.135225680002},{"amount":4.304,"safe_price":2509.63,"ft_order_side":"sell","order_filled_timestamp":1749353400000,"ft_is_entry":false,"ft_order_tag":"exit_signal","cost":10806.848243760001}],"funding_fees":0.0},{"pair":"ETH/USDT:USDT","stake_amount":10790.83566,"max_stake_amount":10790.83566,"amount":4.302,"open_date":"2025-06-08 04:15:00+00:00","close_date":"2025-06-08 04:30:00+00:00","open_rate":2508.33,"close_rate":2510.66,"fee_open":0.0005,"fee_close":0.0005,"trade_duration":15,"profit_ratio":-7.152380163348695e-05,"profit_abs":-0.77218749,"exit_reason":"exit_signal","initial_stop_loss_abs":2257.5,"initial_stop_loss_ratio":-0.1,"stop_loss_abs":2257.5,"stop_loss_ratio":-0.1,"min_rate":2507.96,"max_rate":2517.55,"is_open":false,"enter_tag":"","leverage":1.0,"is_short":false,"open_timestamp":1749356100000,"close_timestamp":1749357000000,"orders":[{"amount":4.302,"safe_price":2508.33,"ft_order_side":"buy","order_filled_timestamp":1749356100000,"ft_is_entry":true,"ft_order_tag":"","cost":10796.231077829998},{"amount":4.302,"safe_price":2510.66,"ft_order_side":"sell","order_filled_timestamp":1749357000000,"ft_is_entry":false,"ft_order_tag":"exit_signal","cost":10806.259749659997}],"funding_fees":0.0},{"pair":"ETH/USDT:USDT","stake_amount":10788.8396,"max_stake_amount":10788.8396,"amount":4.298,"open_date":"2025-06-08 05:15:00+00:00","close_date":"2025-06-08 06:15:00+00:00","open_rate":2510.2,"close_rate":2511.88,"fee_open":0.0005,"fee_close":0.0005,"trade_duration":60,"profit_ratio":-0.00033089980386270893,"profit_abs":-3.57180992,"exit_reason":"exit_signal","initial_stop_loss_abs":2259.18,"initial_stop_loss_ratio":-0.1,"stop_loss_abs":2259.18,"stop_loss_ratio":-0.1,"min_rate":2507.69,"max_rate":2515.88,"is_open":false,"enter_tag":"","leverage":1.0,"is_short":false,"open_timestamp":1749359700000,"close_timestamp":1749363300000,"orders":[{"amount":4.298,"safe_price":2510.2,"ft_order_side":"buy","order_filled_timestamp":1749359700000,"ft_is_entry":true,"ft_order_tag":"","cost":10794.234019799998},{"amount":4.298,"safe_price":2511.88,"ft_order_side":"sell","order_filled_timestamp":1749363300000,"ft_is_entry":false,"ft_order_tag":"exit_signal","cost":10801.45827012}],"funding_fees":0.0},{"pair":"ETH/USDT:USDT","stake_amount":10786.24825,"max_stake_amount":10786.24825,"amount":4.295,"open_date":"2025-06-08 09:15:00+00:00","close_date":"2025-06-08 20:30:00+00:00","open_rate":2511.35,"close_rate":2533.99,"fee_open":0.0005,"fee_close":0.0005,"trade_duration":675,"profit_ratio":0.007959595918926156,"profit_abs":85.89710464,"exit_reason":"exit_signal","initial_stop_loss_abs":2260.22,"initial_stop_loss_ratio":-0.1,"stop_loss_abs":2260.22,"stop_loss_ratio":-0.1,"min_rate":2483.28,"max_rate":2539.68,"is_open":false,"enter_tag":"","leverage":1.0,"is_short":false,"open_timestamp":1749374100000,"close_timestamp":1749414600000,"orders":[{"amount":4.295,"safe_price":2511.35,"ft_order_side":"buy","order_filled_timestamp":1749374100000,"ft_is_entry":true,"ft_order_tag":"","cost":10791.641374124998},{"amount":4.295,"safe_price":2533.99,"ft_order_side":"sell","order_filled_timestamp":1749414600000,"ft_is_entry":false,"ft_order_tag":"exit_signal","cost":10888.928793525}],"funding_fees":-0.5068277109941272},{"pair":"ETH/USDT:USDT","stake_amount":10872.11034,"max_stake_amount":10872.11034,"amount":4.329,"open_date":"2025-06-08 22:45:00+00:00","close_date":"2025-06-09 21:30:00+00:00","open_rate":2511.46,"close_rate":2638.76,"fee_open":0.0005,"fee_close":0.0005,"trade_duration":1365,"profit_ratio":0.049509007298661444,"profit_abs":538.53652387,"exit_reason":"exit_signal","initial_stop_loss_abs":2260.32,"initial_stop_loss_ratio":-0.1,"stop_loss_abs":2260.32,"stop_loss_ratio":-0.1,"min_rate":2475.83,"max_rate":2639.88,"is_open":false,"enter_tag":"","leverage":1.0,"is_short":false,"open_timestamp":1749422700000,"close_timestamp":1749504600000,"orders":[{"amount":4.329,"safe_price":2511.46,"ft_order_side":"buy","order_filled_timestamp":1749422700000,"ft_is_entry":true,"ft_order_tag":"","cost":10877.546395169999},{"amount":4.329,"safe_price":2638.76,"ft_order_side":"sell","order_filled_timestamp":1749504600000,"ft_is_entry":false,"ft_order_tag":"exit_signal","cost":11428.903636019999}],"funding_fees":-1.3975249411764257},{"pair":"SOL/USDT:USDT","stake_amount":11404.5246,"max_stake_amount":11404.5246,"amount":79.38,"open_date":"2025-06-13 05:45:00+00:00","close_date":"2025-06-15 15:00:00+00:00","open_rate":143.67,"close_rate":151.84,"fee_open":0.0005,"fee_close":0.0005,"trade_duration":3435,"profit_ratio":0.055746702025851094,"profit_abs":636.08251694,"exit_reason":"exit_signal","initial_stop_loss_abs":129.31,"initial_stop_loss_ratio":-0.1,"stop_loss_abs":129.31,"stop_loss_ratio":-0.1,"min_rate":141.87,"max_rate":152.63,"is_open":false,"enter_tag":"","leverage":1.0,"is_short":false,"open_timestamp":1749793500000,"close_timestamp":1749999600000,"orders":[{"amount":79.38,"safe_price":143.67,"ft_order_side":"buy","order_filled_timestamp":1749793500000,"ft_is_entry":true,"ft_order_tag":"","cost":11410.226862299998},{"amount":79.38,"safe_price":151.84,"ft_order_side":"sell","order_filled_timestamp":1749999600000,"ft_is_entry":false,"ft_order_tag":"exit_signal","cost":12059.0857296}],"funding_fees":-0.7232911622036615},{"pair":"ETH/USDT:USDT","stake_amount":12035.03991,"max_stake_amount":12035.03991,"amount":4.791,"open_date":"2025-06-15 20:30:00+00:00","close_date":"2025-06-16 07:15:00+00:00","open_rate":2512.01,"close_rate":2629.0,"fee_open":0.0005,"fee_close":0.0005,"trade_duration":645,"profit_ratio":0.04547988569904583,"profit_abs":547.62591561,"exit_reason":"exit_signal","initial_stop_loss_abs":2260.81,"initial_stop_loss_ratio":-0.1,"stop_loss_abs":2260.81,"stop_loss_ratio":-0.1,"min_rate":2490.38,"max_rate":2637.7,"is_open":false,"enter_tag":"","leverage":1.0,"is_short":false,"open_timestamp":1750019400000,"close_timestamp":1750058100000,"orders":[{"amount":4.791,"safe_price":2512.01,"ft_order_side":"buy","order_filled_timestamp":1750019400000,"ft_is_entry":true,"ft_order_tag":"","cost":12041.057429955},{"amount":4.791,"safe_price":2629.0,"ft_order_side":"sell","order_filled_timestamp":1750058100000,"ft_is_entry":false,"ft_order_tag":"exit_signal","cost":12601.8367695}],"funding_fees":-0.5578849332004402},{"pair":"ETH/USDT:USDT","stake_amount":12575.1024,"max_stake_amount":12575.1024,"amount":5.04,"open_date":"2025-06-17 15:30:00+00:00","close_date":"2025-06-19 07:45:00+00:00","open_rate":2495.06,"close_rate":2521.47,"fee_open":0.0005,"fee_close":0.0005,"trade_duration":2415,"profit_ratio":0.009313712834154985,"profit_abs":117.17945306,"exit_reason":"exit_signal","initial_stop_loss_abs":2245.56,"initial_stop_loss_ratio":-0.1,"stop_loss_abs":2245.56,"stop_loss_ratio":-0.1,"min_rate":2451.97,"max_rate":2547.35,"is_open":false,"enter_tag":"","leverage":1.0,"is_short":false,"open_timestamp":1750174200000,"close_timestamp":1750319100000,"orders":[{"amount":5.04,"safe_price":2495.06,"ft_order_side":"buy","order_filled_timestamp":1750174200000,"ft_is_entry":true,"ft_order_tag":"","cost":12581.389951199999},{"amount":5.04,"safe_price":2521.47,"ft_order_side":"sell","order_filled_timestamp":1750319100000,"ft_is_entry":false,"ft_order_tag":"exit_signal","cost":12714.562904399998}],"funding_fees":-3.2852913447434062},{"pair":"SUI/USDT:USDT","stake_amount":12693.24948,"max_stake_amount":12693.24948,"amount":4524.9,"open_date":"2025-06-19 07:45:00+00:00","close_date":"2025-06-19 14:00:00+00:00","open_rate":2.8052,"close_rate":2.7995,"fee_open":0.0005,"fee_close":0.0005,"trade_duration":375,"profit_ratio":-0.003029410006641124,"profit_abs":-38.47228352,"exit_reason":"force_exit","initial_stop_loss_abs":2.5247,"initial_stop_loss_ratio":-0.1,"stop_loss_abs":2.5247,"stop_loss_ratio":-0.1,"min_rate":2.7814,"max_rate":2.8217,"is_open":false,"enter_tag":"","leverage":1.0,"is_short":false,"open_timestamp":1750319100000,"close_timestamp":1750341600000,"orders":[{"amount":4524.9,"safe_price":2.8052,"ft_order_side":"buy","order_filled_timestamp":1750319100000,"ft_is_entry":true,"ft_order_tag":"","cost":12699.59610474},{"amount":4524.9,"safe_price":2.7995,"ft_order_side":"sell","order_filled_timestamp":1750341600000,"ft_is_entry":false,"ft_order_tag":"force_exit","cost":12673.791278775}],"funding_fees":0.0}],"locks":[],"best_pair":{"key":"ETH/USDT:USDT","trades":23,"profit_mean":0.006383771830931861,"profit_mean_pct":0.64,"profit_sum":0.1468267521114328,"profit_sum_pct":14.68,"profit_total_abs":1579.06145073,"profit_total":0.157906145073,"profit_total_pct":15.79,"duration_avg":"13:09:00","wins":11,"draws":0,"losses":12,"winrate":0.4782608695652174,"cagr":3.8256101548502173,"expectancy":68.65484568391304,"expectancy_ratio":0.7055002504401751,"sortino":5.2284039490302385,"sharpe":3.2331715839512523,"calmar":131.5882791870133,"sqn":1.1734,"profit_factor":2.3522088133436685,"max_drawdown_account":0.06742940678199993,"max_drawdown_abs":674.29406782},"worst_pair":{"key":"SUI/USDT:USDT","trades":1,"profit_mean":-0.003029410006641124,"profit_mean_pct":-0.3,"profit_sum":-0.003029410006641124,"profit_sum_pct":-0.3,"profit_total_abs":-38.47228352,"profit_total":-0.0038472283519999997,"profit_total_pct":-0.38,"duration_avg":"6:15:00","wins":0,"draws":0,"losses":1,"winrate":0.0,"cagr":-0.04053628391489861,"expectancy":-38.47228352,"expectancy_ratio":-1.0,"sortino":-100,"sharpe":-100,"calmar":-56.191097572186,"sqn":-100.0,"profit_factor":0.0,"max_drawdown_account":0.003847228351999911,"max_drawdown_abs":38.47228352},"results_per_pair":[{"key":"ETH/USDT:USDT","trades":23,"profit_mean":0.006383771830931861,"profit_mean_pct":0.64,"profit_sum":0.1468267521114328,"profit_sum_pct":14.68,"profit_total_abs":1579.06145073,"profit_total":0.157906145073,"profit_total_pct":15.79,"duration_avg":"13:09:00","wins":11,"draws":0,"losses":12,"winrate":0.4782608695652174,"cagr":3.8256101548502173,"expectancy":68.65484568391304,"expectancy_ratio":0.7055002504401751,"sortino":5.2284039490302385,"sharpe":3.2331715839512523,"calmar":131.5882791870133,"sqn":1.1734,"profit_factor":2.3522088133436685,"max_drawdown_account":0.06742940678199993,"max_drawdown_abs":674.29406782},{"key":"SOL/USDT:USDT","trades":2,"profit_mean":0.057984024955507724,"profit_mean_pct":5.8,"profit_sum":0.11596804991101545,"profit_sum_pct":11.6,"profit_total_abs":1242.6816814600002,"profit_total":0.12426816814600002,"profit_total_pct":12.43,"duration_avg":"1 day, 12:30:00","wins":2,"draws":0,"losses":0,"winrate":1.0,"cagr":2.5164422846479457,"expectancy":621.3408407300001,"expectancy_ratio":100.0,"sortino":-100,"sharpe":47.36750870075271,"calmar":-100,"sqn":42.1486,"profit_factor":0.0,"max_drawdown_account":0.0,"max_drawdown_abs":0.0},{"key":"SUI/USDT:USDT","trades":1,"profit_mean":-0.003029410006641124,"profit_mean_pct":-0.3,"profit_sum":-0.003029410006641124,"profit_sum_pct":-0.3,"profit_total_abs":-38.47228352,"profit_total":-0.0038472283519999997,"profit_total_pct":-0.38,"duration_avg":"6:15:00","wins":0,"draws":0,"losses":1,"winrate":0.0,"cagr":-0.04053628391489861,"expectancy":-38.47228352,"expectancy_ratio":-1.0,"sortino":-100,"sharpe":-100,"calmar":-56.191097572186,"sqn":-100.0,"profit_factor":0.0,"max_drawdown_account":0.003847228351999911,"max_drawdown_abs":38.47228352},{"key":"TOTAL","trades":26,"profit_mean":0.009990976615992582,"profit_mean_pct":1.0,"profit_sum":0.2597653920158071,"profit_sum_pct":25.98,"profit_total_abs":2783.2708486700003,"profit_total":0.27832708486700003,"profit_total_pct":27.83,"duration_avg":"14:41:00","wins":13,"draws":0,"losses":13,"winrate":0.5,"cagr":12.958319530306346,"expectancy":107.04887879500001,"expectancy_ratio":1.153700037761841,"sortino":9.54789793765296,"sharpe":5.239284870725141,"calmar":231.93892886090535,"sqn":1.7931,"profit_factor":3.307400075523682,"max_drawdown_account":0.06742940678199993,"max_drawdown_abs":674.29406782}],"results_per_enter_tag":[{"key":"","trades":26,"profit_mean":0.009990976615992582,"profit_mean_pct":1.0,"profit_sum":0.2597653920158071,"profit_sum_pct":25.98,"profit_total_abs":2783.2708486700003,"profit_total":0.27832708486700003,"profit_total_pct":27.83,"duration_avg":"14:41:00","wins":13,"draws":0,"losses":13,"winrate":0.5,"cagr":12.958319530306346,"expectancy":107.04887879500001,"expectancy_ratio":1.153700037761841,"sortino":9.54789793765296,"sharpe":5.239284870725141,"calmar":231.93892886090535,"sqn":1.7931,"profit_factor":3.307400075523682,"max_drawdown_account":0.06742940678199993,"max_drawdown_abs":674.29406782},{"key":"TOTAL","trades":26,"profit_mean":0.009990976615992582,"profit_mean_pct":1.0,"profit_sum":0.2597653920158071,"profit_sum_pct":25.98,"profit_total_abs":2783.2708486700003,"profit_total":0.27832708486700003,"profit_total_pct":27.83,"duration_avg":"14:41:00","wins":13,"draws":0,"losses":13,"winrate":0.5,"cagr":12.958319530306346,"expectancy":107.04887879500001,"expectancy_ratio":1.153700037761841,"sortino":9.54789793765296,"sharpe":5.239284870725141,"calmar":231.93892886090535,"sqn":1.7931,"profit_factor":3.307400075523682,"max_drawdown_account":0.06742940678199993,"max_drawdown_abs":674.29406782}],"exit_reason_summary":[{"key":"exit_signal","trades":25,"profit_mean":0.01051179208089793,"profit_mean_pct":1.05,"profit_sum":0.26279480202244826,"profit_sum_pct":26.28,"profit_total_abs":2821.7431321900003,"profit_total":0.28217431321900005,"profit_total_pct":28.22,"duration_avg":"15:01:00","wins":13,"draws":0,"losses":12,"winrate":0.52,"cagr":13.415959977591502,"expectancy":112.8697252876,"expectancy_ratio":1.1598543214870864,"sortino":9.343026472257142,"sharpe":5.23349103235575,"calmar":235.14494822288225,"sqn":1.8251,"profit_factor":3.4163631697647627,"max_drawdown_account":0.06742940678199993,"max_drawdown_abs":674.29406782},{"key":"force_exit","trades":1,"profit_mean":-0.003029410006641124,"profit_mean_pct":-0.3,"profit_sum":-0.003029410006641124,"profit_sum_pct":-0.3,"profit_total_abs":-38.47228352,"profit_total":-0.0038472283519999997,"profit_total_pct":-0.38,"duration_avg":"6:15:00","wins":0,"draws":0,"losses":1,"winrate":0.0,"cagr":-0.04053628391489861,"expectancy":-38.47228352,"expectancy_ratio":-1.0,"sortino":-100,"sharpe":-100,"calmar":-56.191097572186,"sqn":-100.0,"profit_factor":0.0,"max_drawdown_account":0.003847228351999911,"max_drawdown_abs":38.47228352},{"key":"TOTAL","trades":26,"profit_mean":0.009990976615992582,"profit_mean_pct":1.0,"profit_sum":0.2597653920158071,"profit_sum_pct":25.98,"profit_total_abs":2783.2708486700003,"profit_total":0.27832708486700003,"profit_total_pct":27.83,"duration_avg":"14:41:00","wins":13,"draws":0,"losses":13,"winrate":0.5,"cagr":12.958319530306346,"expectancy":107.04887879500001,"expectancy_ratio":1.153700037761841,"sortino":9.54789793765296,"sharpe":5.239284870725141,"calmar":231.93892886090535,"sqn":1.7931,"profit_factor":3.307400075523682,"max_drawdown_account":0.06742940678199993,"max_drawdown_abs":674.29406782}],"mix_tag_stats":[{"key":["","exit_signal"],"trades":25,"profit_mean":0.01051179208089793,"profit_mean_pct":1.05,"profit_sum":0.26279480202244826,"profit_sum_pct":26.28,"profit_total_abs":2821.7431321900003,"profit_total":0.28217431321900005,"profit_total_pct":28.22,"duration_avg":"15:01:00","wins":13,"draws":0,"losses":12,"winrate":0.52,"cagr":13.415959977591502,"expectancy":112.8697252876,"expectancy_ratio":1.1598543214870864,"sortino":9.343026472257142,"sharpe":5.23349103235575,"calmar":235.14494822288225,"sqn":1.8251,"profit_factor":3.4163631697647627,"max_drawdown_account":0.06742940678199993,"max_drawdown_abs":674.29406782},{"key":["","force_exit"],"trades":1,"profit_mean":-0.003029410006641124,"profit_mean_pct":-0.3,"profit_sum":-0.003029410006641124,"profit_sum_pct":-0.3,"profit_total_abs":-38.47228352,"profit_total":-0.0038472283519999997,"profit_total_pct":-0.38,"duration_avg":"6:15:00","wins":0,"draws":0,"losses":1,"winrate":0.0,"cagr":-0.04053628391489861,"expectancy":-38.47228352,"expectancy_ratio":-1.0,"sortino":-100,"sharpe":-100,"calmar":-56.191097572186,"sqn":-100.0,"profit_factor":0.0,"max_drawdown_account":0.003847228351999911,"max_drawdown_abs":38.47228352},{"key":"TOTAL","trades":26,"profit_mean":0.009990976615992582,"profit_mean_pct":1.0,"profit_sum":0.2597653920158071,"profit_sum_pct":25.98,"profit_total_abs":2783.2708486700003,"profit_total":0.27832708486700003,"profit_total_pct":27.83,"duration_avg":"14:41:00","wins":13,"draws":0,"losses":13,"winrate":0.5,"cagr":12.958319530306346,"expectancy":107.04887879500001,"expectancy_ratio":1.153700037761841,"sortino":9.54789793765296,"sharpe":5.239284870725141,"calmar":231.93892886090535,"sqn":1.7931,"profit_factor":3.307400075523682,"max_drawdown_account":0.06742940678199993,"max_drawdown_abs":674.29406782}],"left_open_trades":[{"key":"SUI/USDT:USDT","trades":1,"profit_mean":-0.003029410006641124,"profit_mean_pct":-0.3,"profit_sum":-0.003029410006641124,"profit_sum_pct":-0.3,"profit_total_abs":-38.47228352,"profit_total":-0.0038472283519999997,"profit_total_pct":-0.38,"duration_avg":"6:15:00","wins":0,"draws":0,"losses":1,"winrate":0.0,"cagr":-0.04053628391489861,"expectancy":-38.47228352,"expectancy_ratio":-1.0,"sortino":-100,"sharpe":-100,"calmar":-56.191097572186,"sqn":-100.0,"profit_factor":0.0,"max_drawdown_account":0.003847228351999911,"max_drawdown_abs":38.47228352},{"key":"TOTAL","trades":1,"profit_mean":-0.003029410006641124,"profit_mean_pct":-0.3,"profit_sum":-0.003029410006641124,"profit_sum_pct":-0.3,"profit_total_abs":-38.47228352,"profit_total":-0.0038472283519999997,"profit_total_pct":-0.38,"duration_avg":"6:15:00","wins":0,"draws":0,"losses":1,"winrate":0.0,"cagr":-0.04053628391489861,"expectancy":-38.47228352,"expectancy_ratio":-1.0,"sortino":-100,"sharpe":-100,"calmar":-56.191097572186,"sqn":-100.0,"profit_factor":0.0,"max_drawdown_account":0.003847228351999911,"max_drawdown_abs":38.47228352}],"total_trades":26,"trade_count_long":26,"trade_count_short":0,"total_volume":548584.62811644,"avg_stake_amount":10485.301752307694,"profit_mean":0.009990976615992582,"profit_median":0.0013326659443574352,"profit_total":0.27832708486700003,"profit_total_long":0.27832708486700003,"profit_total_short":0.0,"profit_total_abs":2783.2708486700003,"profit_total_long_abs":2783.2708486700003,"profit_total_short_abs":0.0,"cagr":12.958319530306346,"expectancy":107.04887879500001,"expectancy_ratio":1.153700037761841,"sortino":9.54789793765296,"sharpe":5.239284870725141,"calmar":231.93892886090535,"sqn":1.7931,"profit_factor":3.307400075523682,"backtest_start":"2025-05-16 00:00:00","backtest_start_ts":1747353600000,"backtest_end":"2025-06-19 14:00:00","backtest_end_ts":1750341600000,"backtest_days":34,"backtest_run_start_ts":1750342816,"backtest_run_end_ts":1750342816,"trades_per_day":0.76,"market_change":-0.1509253797912793,"pairlist":["SOL/USDT:USDT","ETH/USDT:USDT","SUI/USDT:USDT"],"stake_amount":"unlimited","stake_currency":"USDT","stake_currency_decimals":3,"starting_balance":10000,"dry_run_wallet":10000,"final_balance":12783.27084867,"rejected_signals":124,"timedout_entry_orders":0,"timedout_exit_orders":0,"canceled_trade_entries":0,"canceled_entry_orders":0,"replaced_entry_orders":0,"max_open_trades":1,"max_open_trades_setting":1,"timeframe":"15m","timeframe_detail":"","timerange":"","enable_protections":false,"strategy_name":"GridBotSample","stoploss":-0.1,"trailing_stop":false,"trailing_stop_positive":null,"trailing_stop_positive_offset":0.0,"trailing_only_offset_is_reached":false,"use_custom_stoploss":false,"minimal_roi":{},"use_exit_signal":true,"exit_profit_only":false,"exit_profit_offset":0.0,"ignore_roi_if_entry_signal":false,"trading_mode":"futures","margin_mode":"isolated","periodic_breakdown":{"day":[{"date":"18/05/2025","date_ts":1747526400000,"profit_abs":-565.37612345,"wins":0,"draws":0,"losses":2,"trades":2,"profit_factor":0.0},{"date":"19/05/2025","date_ts":1747612800000,"profit_abs":-108.91794437,"wins":0,"draws":0,"losses":4,"trades":4,"profit_factor":0.0},{"date":"20/05/2025","date_ts":1747699200000,"profit_abs":0.0,"wins":0,"draws":0,"losses":0,"trades":0,"profit_factor":0.0},{"date":"21/05/2025","date_ts":1747785600000,"profit_abs":0.0,"wins":0,"draws":0,"losses":0,"trades":0,"profit_factor":0.0},{"date":"22/05/2025","date_ts":1747872000000,"profit_abs":755.62213896,"wins":1,"draws":0,"losses":0,"trades":1,"profit_factor":0.0},{"date":"23/05/2025","date_ts":1747958400000,"profit_abs":0.0,"wins":0,"draws":0,"losses":0,"trades":0,"profit_factor":0.0},{"date":"24/05/2025","date_ts":1748044800000,"profit_abs":0.0,"wins":0,"draws":0,"losses":0,"trades":0,"profit_factor":0.0},{"date":"25/05/2025","date_ts":1748131200000,"profit_abs":69.15439214,"wins":1,"draws":0,"losses":0,"trades":1,"profit_factor":0.0},{"date":"26/05/2025","date_ts":1748217600000,"profit_abs":0.0,"wins":0,"draws":0,"losses":0,"trades":0,"profit_factor":0.0},{"date":"27/05/2025","date_ts":1748304000000,"profit_abs":0.0,"wins":0,"draws":0,"losses":0,"trades":0,"profit_factor":0.0},{"date":"28/05/2025","date_ts":1748390400000,"profit_abs":0.0,"wins":0,"draws":0,"losses":0,"trades":0,"profit_factor":0.0},{"date":"29/05/2025","date_ts":1748476800000,"profit_abs":0.0,"wins":0,"draws":0,"losses":0,"trades":0,"profit_factor":0.0},{"date":"30/05/2025","date_ts":1748563200000,"profit_abs":0.0,"wins":0,"draws":0,"losses":0,"trades":0,"profit_factor":0.0},{"date":"31/05/2025","date_ts":1748649600000,"profit_abs":32.1914935,"wins":1,"draws":0,"losses":0,"trades":1,"profit_factor":0.0},{"date":"01/06/2025","date_ts":1748736000000,"profit_abs":27.29792564,"wins":1,"draws":0,"losses":0,"trades":1,"profit_factor":0.0},{"date":"02/06/2025","date_ts":1748822400000,"profit_abs":0.0,"wins":0,"draws":0,"losses":0,"trades":0,"profit_factor":0.0},{"date":"03/06/2025","date_ts":1748908800000,"profit_abs":423.98838679,"wins":1,"draws":0,"losses":0,"trades":1,"profit_factor":0.0},{"date":"04/06/2025","date_ts":1748995200000,"profit_abs":0.0,"wins":0,"draws":0,"losses":0,"trades":0,"profit_factor":0.0},{"date":"05/06/2025","date_ts":1749081600000,"profit_abs":-464.17500155,"wins":0,"draws":0,"losses":1,"trades":1,"profit_factor":0.0},{"date":"06/06/2025","date_ts":1749168000000,"profit_abs":606.59916452,"wins":1,"draws":0,"losses":0,"trades":1,"profit_factor":0.0},{"date":"07/06/2025","date_ts":1749254400000,"profit_abs":148.88473846,"wins":2,"draws":0,"losses":1,"trades":3,"profit_factor":333.42143279},{"date":"08/06/2025","date_ts":1749340800000,"profit_abs":57.04955207,"wins":1,"draws":0,"losses":4,"trades":5,"profit_factor":2.97762191},{"date":"09/06/2025","date_ts":1749427200000,"profit_abs":538.53652387,"wins":1,"draws":0,"losses":0,"trades":1,"profit_factor":0.0},{"date":"10/06/2025","date_ts":1749513600000,"profit_abs":0.0,"wins":0,"draws":0,"losses":0,"trades":0,"profit_factor":0.0},{"date":"11/06/2025","date_ts":1749600000000,"profit_abs":0.0,"wins":0,"draws":0,"losses":0,"trades":0,"profit_factor":0.0},{"date":"12/06/2025","date_ts":1749686400000,"profit_abs":0.0,"wins":0,"draws":0,"losses":0,"trades":0,"profit_factor":0.0},{"date":"13/06/2025","date_ts":1749772800000,"profit_abs":0.0,"wins":0,"draws":0,"losses":0,"trades":0,"profit_factor":0.0},{"date":"14/06/2025","date_ts":1749859200000,"profit_abs":0.0,"wins":0,"draws":0,"losses":0,"trades":0,"profit_factor":0.0},{"date":"15/06/2025","date_ts":1749945600000,"profit_abs":636.08251694,"wins":1,"draws":0,"losses":0,"trades":1,"profit_factor":0.0},{"date":"16/06/2025","date_ts":1750032000000,"profit_abs":547.62591561,"wins":1,"draws":0,"losses":0,"trades":1,"profit_factor":0.0},{"date":"17/06/2025","date_ts":1750118400000,"profit_abs":0.0,"wins":0,"draws":0,"losses":0,"trades":0,"profit_factor":0.0},{"date":"18/06/2025","date_ts":1750204800000,"profit_abs":0.0,"wins":0,"draws":0,"losses":0,"trades":0,"profit_factor":0.0},{"date":"19/06/2025","date_ts":1750291200000,"profit_abs":78.70716954,"wins":1,"draws":0,"losses":1,"trades":2,"profit_factor":3.04581487}],"week":[{"date":"19/05/2025","date_ts":1747612800000,"profit_abs":-674.29406782,"wins":0,"draws":0,"losses":6,"trades":6,"profit_factor":0.0},{"date":"26/05/2025","date_ts":1748217600000,"profit_abs":824.7765311,"wins":2,"draws":0,"losses":0,"trades":2,"profit_factor":0.0},{"date":"02/06/2025","date_ts":1748822400000,"profit_abs":59.48941914,"wins":2,"draws":0,"losses":0,"trades":2,"profit_factor":0.0},{"date":"09/06/2025","date_ts":1749427200000,"profit_abs":1310.88336416,"wins":6,"draws":0,"losses":6,"trades":12,"profit_factor":3.65645776},{"date":"16/06/2025","date_ts":1750032000000,"profit_abs":1183.70843255,"wins":2,"draws":0,"losses":0,"trades":2,"profit_factor":0.0},{"date":"23/06/2025","date_ts":1750636800000,"profit_abs":78.70716954,"wins":1,"draws":0,"losses":1,"trades":2,"profit_factor":3.04581487}],"month":[{"date":"31/05/2025","date_ts":1748649600000,"profit_abs":182.67395678,"wins":3,"draws":0,"losses":6,"trades":9,"profit_factor":1.27091141},{"date":"30/06/2025","date_ts":1751241600000,"profit_abs":2600.59689189,"wins":10,"draws":0,"losses":7,"trades":17,"profit_factor":5.88886643}],"year":[{"date":"31/12/2025","date_ts":1767139200000,"profit_abs":2783.27084867,"wins":13,"draws":0,"losses":13,"trades":26,"profit_factor":3.30740008}]},"backtest_best_day":0.08182421986666605,"backtest_worst_day":-0.057485374622097005,"backtest_best_day_abs":755.62213896,"backtest_worst_day_abs":-565.37612345,"winning_days":12,"draw_days":18,"losing_days":3,"daily_profit":[["2025-05-18",-565.37612345],["2025-05-19",-108.91794437],["2025-05-20",0.0],["2025-05-21",0.0],["2025-05-22",755.62213896],["2025-05-23",0.0],["2025-05-24",0.0],["2025-05-25",69.15439214],["2025-05-26",0.0],["2025-05-27",0.0],["2025-05-28",0.0],["2025-05-29",0.0],["2025-05-30",0.0],["2025-05-31",32.1914935],["2025-06-01",27.29792564],["2025-06-02",0.0],["2025-06-03",423.98838679],["2025-06-04",0.0],["2025-06-05",-464.17500155],["2025-06-06",606.59916452],["2025-06-07",148.88473846],["2025-06-08",57.04955207],["2025-06-09",538.53652387],["2025-06-10",0.0],["2025-06-11",0.0],["2025-06-12",0.0],["2025-06-13",0.0],["2025-06-14",0.0],["2025-06-15",636.08251694],["2025-06-16",547.62591561],["2025-06-17",0.0],["2025-06-18",0.0],["2025-06-19",78.70716954]],"wins":13,"losses":13,"draws":0,"winrate":0.5,"holding_avg":"14:41:00","holding_avg_s":52860.0,"winner_holding_min":"0d 03:45","winner_holding_min_s":13500.0,"winner_holding_max":"2d 14:00","winner_holding_max_s":223200.0,"winner_holding_avg":"1d 00:59","winner_holding_avg_s":89940.0,"loser_holding_min":"0d 00:15","loser_holding_min_s":900.0,"loser_holding_max":"1d 04:00","loser_holding_max_s":100800.0,"loser_holding_avg":"0d 04:23","loser_holding_avg_s":15780.0,"max_consecutive_wins":5,"max_consecutive_losses":6,"max_drawdown_account":0.06742940678199993,"max_relative_drawdown":0.06742940678199993,"max_drawdown_abs":674.29406782,"drawdown_start":"2025-05-18 04:30:00","drawdown_start_ts":1747542600000.0,"drawdown_end":"2025-05-19 12:15:00","drawdown_end_ts":1747656900000.0,"max_drawdown_low":-674.29406782,"max_drawdown_high":-82.16658256,"csum_min":9325.70593218,"csum_max":12821.74313219}},"strategy_comparison":[{"key":"GridBotSample","trades":26,"profit_mean":0.009990976615992582,"profit_mean_pct":1.0,"profit_sum":0.2597653920158071,"profit_sum_pct":25.98,"profit_total_abs":2783.2708486700003,"profit_total":0.27832708486700003,"profit_total_pct":27.83,"duration_avg":"14:41:00","wins":13,"draws":0,"losses":13,"winrate":0.5,"cagr":12.958319530306346,"expectancy":107.04887879500001,"expectancy_ratio":1.153700037761841,"sortino":9.54789793765296,"sharpe":5.239284870725141,"calmar":231.93892886090535,"sqn":1.7931,"profit_factor":3.307400075523682,"max_drawdown_account":0.06742940678199993,"max_drawdown_abs":"674.294"}]}