{"strategy":{"GridBotSample":{"trades":[{"pair":"ETH/USDT:USDT","stake_amount":328.5503,"max_stake_amount":328.5503,"amount":0.13,"open_date":"2025-05-17 00:15:00+00:00","close_date":"2025-05-18 04:30:00+00:00","open_rate":2527.31,"close_rate":2481.15,"fee_open":0.0005,"fee_close":0.0005,"trade_duration":1695,"profit_ratio":-0.019302551665391222,"profit_abs":-6.34503007,"exit_reason":"exit_signal","initial_stop_loss_abs":2274.58,"initial_stop_loss_ratio":-0.1,"stop_loss_abs":2274.58,"stop_loss_ratio":-0.1,"min_rate":2442.65,"max_rate":2527.31,"is_open":false,"enter_tag":"","leverage":1.0,"is_short":false,"open_timestamp":1747440900000,"close_timestamp":1747542600000,"orders":[{"amount":0.13,"safe_price":2527.31,"ft_order_side":"buy","order_filled_timestamp":1747440900000,"ft_is_entry":true,"ft_order_tag":"","cost":328.71457515},{"amount":0.13,"safe_price":2481.15,"ft_order_side":"sell","order_filled_timestamp":1747542600000,"ft_is_entry":false,"ft_order_tag":"exit_signal","cost":322.71077475}],"funding_fees":-0.01868017480991883},{"pair":"ETH/USDT:USDT","stake_amount":325.79176,"max_stake_amount":325.79176,"amount":0.131,"open_date":"2025-05-18 04:45:00+00:00","close_date":"2025-05-18 20:00:00+00:00","open_rate":2486.96,"close_rate":2406.78,"fee_open":0.0005,"fee_close":0.0005,"trade_duration":915,"profit_ratio":-0.03325826502073648,"profit_abs":-10.84068633,"exit_reason":"exit_signal","initial_stop_loss_abs":2238.27,"initial_stop_loss_ratio":-0.1,"stop_loss_abs":2238.27,"stop_loss_ratio":-0.1,"min_rate":2312.62,"max_rate":2587.52,"is_open":false,"enter_tag":"","leverage":1.0,"is_short":false,"open_timestamp":1747543500000,"close_timestamp":1747598400000,"orders":[{"amount":0.131,"safe_price":2486.96,"ft_order_side":"buy","order_filled_timestamp":1747543500000,"ft_is_entry":true,"ft_order_tag":"","cost":325.95465588},{"amount":0.131,"safe_price":2406.78,"ft_order_side":"sell","order_filled_timestamp":1747598400000,"ft_is_entry":false,"ft_order_tag":"exit_signal","cost":315.44582409}],"funding_fees":-0.01656635586090441},{"pair":"ETH/USDT:USDT","stake_amount":323.47861,"max_stake_amount":323.47861,"amount":0.133,"open_date":"2025-05-19 13:45:00+00:00","close_date":"2025-05-22 03:45:00+00:00","open_rate":2432.17,"close_rate":2634.82,"fee_open":0.0005,"fee_close":0.0005,"trade_duration":3720,"profit_ratio":0.08182421986896206,"profit_abs":26.4816191,"exit_reason":"exit_signal","initial_stop_loss_abs":2188.96,"initial_stop_loss_ratio":-0.1,"stop_loss_abs":2188.96,"stop_loss_ratio":-0.1,"min_rate":2416.4,"max_rate":2647.25,"is_open":false,"enter_tag":"","leverage":1.0,"is_short":false,"open_timestamp":1747662300000,"close_timestamp":1747885500000,"orders":[{"amount":0.133,"safe_price":2432.17,"ft_order_side":"buy","order_filled_timestamp":1747662300000,"ft_is_entry":true,"ft_order_tag":"","cost":323.640349305},{"amount":0.133,"safe_price":2634.82,"ft_order_side":"sell","order_filled_timestamp":1747885500000,"ft_is_entry":false,"ft_order_tag":"exit_signal","cost":350.60627553000006}],"funding_fees":-0.1338760659079377},{"pair":"ETH/USDT:USDT","stake_amount":331.25315,"max_stake_amount":331.25315,"amount":0.131,"open_date":"2025-05-23 23:30:00+00:00","close_date":"2025-05-24 18:15:00+00:00","open_rate":2528.65,"close_rate":2561.57,"fee_open":0.0005,"fee_close":0.0005,"trade_duration":1125,"profit_ratio":0.011844534671715137,"profit_abs":3.92550119,"exit_reason":"exit_signal","initial_stop_loss_abs":2275.79,"initial_stop_loss_ratio":-0.1,"stop_loss_abs":2275.79,"stop_loss_ratio":-0.1,"min_rate":2502.1,"max_rate":2574.5,"is_open":false,"enter_tag":"","leverage":1.0,"is_short":false,"open_timestamp":1748043000000,"close_timestamp":1748110500000,"orders":[{"amount":0.131,"safe_price":2528.65,"ft_order_side":"buy","order_filled_timestamp":1748043000000,"ft_is_entry":true,"ft_order_tag":"","cost":331.418776575},{"amount":0.131,"safe_price":2561.57,"ft_order_side":"sell","order_filled_timestamp":1748110500000,"ft_is_entry":false,"ft_order_tag":"exit_signal","cost":335.733452835}],"funding_fees":-0.053609403505063054},{"pair":"ETH/USDT:USDT","stake_amount":333.2076,"max_stake_amount":333.2076,"amount":0.132,"open_date":"2025-05-24 23:00:00+00:00","close_date":"2025-05-25 19:00:00+00:00","open_rate":2524.3,"close_rate":2514.89,"fee_open":0.0005,"fee_close":0.0005,"trade_duration":1200,"profit_ratio":-0.004905422799242993,"profit_abs":-1.63534142,"exit_reason":"exit_signal","initial_stop_loss_abs":2271.88,"initial_stop_loss_ratio":-0.1,"stop_loss_abs":2271.88,"stop_loss_ratio":-0.1,"min_rate":2457.6,"max_rate":2538.38,"is_open":false,"enter_tag":"","leverage":1.0,"is_short":false,"open_timestamp":1748127600000,"close_timestamp":1748199600000,"orders":[{"amount":0.132,"safe_price":2524.3,"ft_order_side":"buy","order_filled_timestamp":1748127600000,"ft_is_entry":true,"ft_order_tag":"","cost":333.3742038},{"amount":0.132,"safe_price":2514.89,"ft_order_side":"sell","order_filled_timestamp":1748199600000,"ft_is_entry":false,"ft_order_tag":"exit_signal","cost":332.13146274}],"funding_fees":-0.060634881727199996},{"pair":"ETH/USDT:USDT","stake_amount":332.6796,"max_stake_amount":332.6796,"amount":0.132,"open_date":"2025-05-25 19:30:00+00:00","close_date":"2025-05-25 21:00:00+00:00","open_rate":2520.3,"close_rate":2522.66,"fee_open":0.0005,"fee_close":0.0005,"trade_duration":90,"profit_ratio":-6.403971763275208e-05,"profit_abs":-0.02131536,"exit_reason":"exit_signal","initial_stop_loss_abs":2268.28,"initial_stop_loss_ratio":-0.1,"stop_loss_abs":2268.28,"stop_loss_ratio":-0.1,"min_rate":2509.69,"max_rate":2537.0,"is_open":false,"enter_tag":"","leverage":1.0,"is_short":false,"open_timestamp":1748201400000,"close_timestamp":1748206800000,"orders":[{"amount":0.132,"safe_price":2520.3,"ft_order_side":"buy","order_filled_timestamp":1748201400000,"ft_is_entry":true,"ft_order_tag":"","cost":332.84593980000005},{"amount":0.132,"safe_price":2522.66,"ft_order_side":"sell","order_filled_timestamp":1748206800000,"ft_is_entry":false,"ft_order_tag":"exit_signal","cost":333.15761556}],"funding_fees":0.0},{"pair":"ETH/USDT:USDT","stake_amount":332.69676,"max_stake_amount":332.69676,"amount":0.132,"open_date":"2025-05-25 21:30:00+00:00","close_date":"2025-05-27 08:30:00+00:00","open_rate":2520.43,"close_rate":2637.32,"fee_open":0.0005,"fee_close":0.0005,"trade_duration":2100,"profit_ratio":0.04505274526511949,"profit_abs":14.99639683,"exit_reason":"exit_signal","initial_stop_loss_abs":2268.39,"initial_stop_loss_ratio":-0.1,"stop_loss_abs":2268.39,"stop_loss_ratio":-0.1,"min_rate":2506.08,"max_rate":2643.44,"is_open":false,"enter_tag":"","leverage":1.0,"is_short":false,"open_timestamp":1748208600000,"close_timestamp":1748334600000,"orders":[{"amount":0.132,"safe_price":2520.43,"ft_order_side":"buy","order_filled_timestamp":1748208600000,"ft_is_entry":true,"ft_order_tag":"","cost":332.86310837999997},{"amount":0.132,"safe_price":2637.32,"ft_order_side":"sell","order_filled_timestamp":1748334600000,"ft_is_entry":false,"ft_order_tag":"exit_signal","cost":348.30030312}],"funding_fees":-0.09267166521058957},{"pair":"ETH/USDT:USDT","stake_amount":338.15838,"max_stake_amount":338.15838,"amount":0.134,"open_date":"2025-05-30 22:45:00+00:00","close_date":"2025-05-31 12:00:00+00:00","open_rate":2523.57,"close_rate":2518.6,"fee_open":0.0005,"fee_close":0.0005,"trade_duration":795,"profit_ratio":-0.0030813079804277764,"profit_abs":-1.0424911,"exit_reason":"exit_signal","initial_stop_loss_abs":2271.22,"initial_stop_loss_ratio":-0.1,"stop_loss_abs":2271.22,"stop_loss_ratio":-0.1,"min_rate":2474.0,"max_rate":2543.45,"is_open":false,"enter_tag":"","leverage":1.0,"is_short":false,"open_timestamp":1748645100000,"close_timestamp":1748692800000,"orders":[{"amount":0.134,"safe_price":2523.57,"ft_order_side":"buy","order_filled_timestamp":1748645100000,"ft_is_entry":true,"ft_order_tag":"","cost":338.32745919},{"amount":0.134,"safe_price":2518.6,"ft_order_side":"sell","order_filled_timestamp":1748692800000,"ft_is_entry":false,"ft_order_tag":"exit_signal","cost":337.6611462}],"funding_fees":-0.038685714326192715},{"pair":"ETH/USDT:USDT","stake_amount":336.40887,"max_stake_amount":336.40887,"amount":0.133,"open_date":"2025-05-31 12:15:00+00:00","close_date":"2025-05-31 19:00:00+00:00","open_rate":2529.39,"close_rate":2538.82,"fee_open":0.0005,"fee_close":0.0005,"trade_duration":405,"profit_ratio":0.0026975074625153594,"profit_abs":0.90791917,"exit_reason":"exit_signal","initial_stop_loss_abs":2276.46,"initial_stop_loss_ratio":-0.1,"stop_loss_abs":2276.46,"stop_loss_ratio":-0.1,"min_rate":2521.05,"max_rate":2550.0,"is_open":false,"enter_tag":"","leverage":1.0,"is_short":false,"open_timestamp":1748693700000,"close_timestamp":1748718000000,"orders":[{"amount":0.133,"safe_price":2529.39,"ft_order_side":"buy","order_filled_timestamp":1748693700000,"ft_is_entry":true,"ft_order_tag":"","cost":336.577074435},{"amount":0.133,"safe_price":2538.82,"ft_order_side":"sell","order_filled_timestamp":1748718000000,"ft_is_entry":false,"ft_order_tag":"exit_signal","cost":337.83189153}],"funding_fees":-0.009234868889238438},{"pair":"ETH/USDT:USDT","stake_amount":336.41818,"max_stake_amount":336.41818,"amount":0.133,"open_date":"2025-05-31 23:45:00+00:00","close_date":"2025-06-01 05:45:00+00:00","open_rate":2529.46,"close_rate":2515.81,"fee_open":0.0005,"fee_close":0.0005,"trade_duration":360,"profit_ratio":-0.006465607257274135,"profit_abs":-2.1762354,"exit_reason":"exit_signal","initial_stop_loss_abs":2276.52,"initial_stop_loss_ratio":-0.1,"stop_loss_abs":2276.52,"stop_loss_ratio":-0.1,"min_rate":2488.52,"max_rate":2530.45,"is_open":false,"enter_tag":"","leverage":1.0,"is_short":false,"open_timestamp":1748735100000,"close_timestamp":1748756700000,"orders":[{"amount":0.133,"safe_price":2529.46,"ft_order_side":"buy","order_filled_timestamp":1748735100000,"ft_is_entry":true,"ft_order_tag":"","cost":336.58638909},{"amount":0.133,"safe_price":2515.81,"ft_order_side":"sell","order_filled_timestamp":1748756700000,"ft_is_entry":false,"ft_order_tag":"exit_signal","cost":334.77003136499997}],"funding_fees":-0.025274943344000003},{"pair":"ETH/USDT:USDT","stake_amount":337.33964,"max_stake_amount":337.33964,"amount":0.134,"open_date":"2025-06-01 06:00:00+00:00","close_date":"2025-06-03 01:45:00+00:00","open_rate":2517.46,"close_rate":2636.84,"fee_open":0.0005,"fee_close":0.0005,"trade_duration":2625,"profit_ratio":0.04611091604914843,"profit_abs":15.56281734,"exit_reason":"exit_signal","initial_stop_loss_abs":2265.72,"initial_stop_loss_ratio":-0.1,"stop_loss_abs":2265.72,"stop_loss_ratio":-0.1,"min_rate":2465.0,"max_rate":2649.0,"is_open":false,"enter_tag":"","leverage":1.0,"is_short":false,"open_timestamp":1748757600000,"close_timestamp":1748915100000,"orders":[{"amount":0.134,"safe_price":2517.46,"ft_order_side":"buy","order_filled_timestamp":1748757600000,"ft_is_entry":true,"ft_order_tag":"","cost":337.50830982},{"amount":0.134,"safe_price":2636.84,"ft_order_side":"sell","order_filled_timestamp":1748915100000,"ft_is_entry":false,"ft_order_tag":"exit_signal","cost":353.51322828}],"funding_fees":-0.08876456343743448},{"pair":"ETH/USDT:USDT","stake_amount":341.2908,"max_stake_amount":341.2908,"amount":0.135,"open_date":"2025-06-05 20:00:00+00:00","close_date":"2025-06-05 20:45:00+00:00","open_rate":2528.08,"close_rate":2417.7,"fee_open":0.0005,"fee_close":0.0005,"trade_duration":45,"profit_ratio":-0.04461745346433773,"profit_abs":-15.23514015,"exit_reason":"exit_signal","initial_stop_loss_abs":2275.28,"initial_stop_loss_ratio":-0.1,"stop_loss_abs":2275.28,"stop_loss_ratio":-0.1,"min_rate":2392.32,"max_rate":2534.79,"is_open":false,"enter_tag":"","leverage":1.0,"is_short":false,"open_timestamp":1749153600000,"close_timestamp":1749156300000,"orders":[{"amount":0.135,"safe_price":2528.08,"ft_order_side":"buy","order_filled_timestamp":1749153600000,"ft_is_entry":true,"ft_order_tag":"","cost":341.46144539999995},{"amount":0.135,"safe_price":2417.7,"ft_order_side":"sell","order_filled_timestamp":1749156300000,"ft_is_entry":false,"ft_order_tag":"exit_signal","cost":326.55269475}],"funding_fees":0.0},{"pair":"ETH/USDT:USDT","stake_amount":335.961,"max_stake_amount":335.961,"amount":0.138,"open_date":"2025-06-06 03:00:00+00:00","close_date":"2025-06-07 08:45:00+00:00","open_rate":2434.5,"close_rate":2485.35,"fee_open":0.0005,"fee_close":0.0005,"trade_duration":1785,"profit_ratio":0.019668409043950317,"profit_abs":6.61112228,"exit_reason":"exit_signal","initial_stop_loss_abs":2191.05,"initial_stop_loss_ratio":-0.1,"stop_loss_abs":2191.05,"stop_loss_ratio":-0.1,"min_rate":2427.12,"max_rate":2529.67,"is_open":false,"enter_tag":"","leverage":1.0,"is_short":false,"open_timestamp":1749178800000,"close_timestamp":1749285900000,"orders":[{"amount":0.138,"safe_price":2434.5,"ft_order_side":"buy","order_filled_timestamp":1749178800000,"ft_is_entry":true,"ft_order_tag":"","cost":336.1289805},{"amount":0.138,"safe_price":2485.35,"ft_order_side":"sell","order_filled_timestamp":1749285900000,"ft_is_entry":false,"ft_order_tag":"exit_signal","cost":343.14978914999995}],"funding_fees":-0.06670807463917773},{"pair":"ETH/USDT:USDT","stake_amount":340.12031,"max_stake_amount":340.12031,"amount":0.137,"open_date":"2025-06-07 09:00:00+00:00","close_date":"2025-06-07 10:00:00+00:00","open_rate":2482.63,"close_rate":2485.01,"fee_open":0.0005,"fee_close":0.0005,"trade_duration":60,"profit_ratio":-4.1797656494132825e-05,"profit_abs":-0.01422334,"exit_reason":"exit_signal","initial_stop_loss_abs":2234.37,"initial_stop_loss_ratio":-0.1,"stop_loss_abs":2234.37,"stop_loss_ratio":-0.1,"min_rate":2481.91,"max_rate":2489.36,"is_open":false,"enter_tag":"","leverage":1.0,"is_short":false,"open_timestamp":1749286800000,"close_timestamp":1749290400000,"orders":[{"amount":0.137,"safe_price":2482.63,"ft_order_side":"buy","order_filled_timestamp":1749286800000,"ft_is_entry":true,"ft_order_tag":"","cost":340.290370155},{"amount":0.137,"safe_price":2485.01,"ft_order_side":"sell","order_filled_timestamp":1749290400000,"ft_is_entry":false,"ft_order_tag":"exit_signal","cost":340.61659318500006}],"funding_fees":0.0},{"pair":"ETH/USDT:USDT","stake_amount":338.44416,"max_stake_amount":338.44416,"amount":0.136,"open_date":"2025-06-07 10:15:00+00:00","close_date":"2025-06-07 20:00:00+00:00","open_rate":2488.56,"close_rate":2515.78,"fee_open":0.0005,"fee_close":0.0005,"trade_duration":585,"profit_ratio":0.009859303904330796,"profit_abs":3.33849224,"exit_reason":"exit_signal","initial_stop_loss_abs":2239.71,"initial_stop_loss_ratio":-0.1,"stop_loss_abs":2239.71,"stop_loss_ratio":-0.1,"min_rate":2487.11,"max_rate":2524.9,"is_open":false,"enter_tag":"","leverage":1.0,"is_short":false,"open_timestamp":1749291300000,"close_timestamp":1749326400000,"orders":[{"amount":0.136,"safe_price":2488.56,"ft_order_side":"buy","order_filled_timestamp":1749291300000,"ft_is_entry":true,"ft_order_tag":"","cost":338.61338208},{"amount":0.136,"safe_price":2515.78,"ft_order_side":"sell","order_filled_timestamp":1749326400000,"ft_is_entry":false,"ft_order_tag":"exit_signal","cost":342.31715304}],"funding_fees":-0.023132640357256623},{"pair":"ETH/USDT:USDT","stake_amount":340.70625,"max_stake_amount":340.70625,"amount":0.135,"open_date":"2025-06-07 20:15:00+00:00","close_date":"2025-06-07 21:00:00+00:00","open_rate":2523.75,"close_rate":2520.75,"fee_open":0.0005,"fee_close":0.0005,"trade_duration":45,"profit_ratio":-0.0021870194174829377,"profit_abs":-0.74550375,"exit_reason":"exit_signal","initial_stop_loss_abs":2271.38,"initial_stop_loss_ratio":-0.1,"stop_loss_abs":2271.38,"stop_loss_ratio":-0.1,"min_rate":2517.28,"max_rate":2524.12,"is_open":false,"enter_tag":"","leverage":1.0,"is_short":false,"open_timestamp":1749327300000,"close_timestamp":1749330000000,"orders":[{"amount":0.135,"safe_price":2523.75,"ft_order_side":"buy","order_filled_timestamp":1749327300000,"ft_is_entry":true,"ft_order_tag":"","cost":340.876603125},{"amount":0.135,"safe_price":2520.75,"ft_order_side":"sell","order_filled_timestamp":1749330000000,"ft_is_entry":false,"ft_order_tag":"exit_signal","cost":340.471400625}],"funding_fees":0.0},{"pair":"ETH/USDT:USDT","stake_amount":340.03665,"max_stake_amount":340.03665,"amount":0.135,"open_date":"2025-06-07 21:15:00+00:00","close_date":"2025-06-07 21:30:00+00:00","open_rate":2518.79,"close_rate":2519.35,"fee_open":0.0005,"fee_close":0.0005,"trade_duration":15,"profit_ratio":-0.0007773934923208123,"profit_abs":-0.26447445,"exit_reason":"exit_signal","initial_stop_loss_abs":2266.92,"initial_stop_loss_ratio":-0.1,"stop_loss_abs":2266.92,"stop_loss_ratio":-0.1,"min_rate":2517.22,"max_rate":2522.38,"is_open":false,"enter_tag":"","leverage":1.0,"is_short":false,"open_timestamp":1749330900000,"close_timestamp":1749331800000,"orders":[{"amount":0.135,"safe_price":2518.79,"ft_order_side":"buy","order_filled_timestamp":1749330900000,"ft_is_entry":true,"ft_order_tag":"","cost":340.206668325},{"amount":0.135,"safe_price":2519.35,"ft_order_side":"sell","order_filled_timestamp":1749331800000,"ft_is_entry":false,"ft_order_tag":"exit_signal","cost":340.282306125}],"funding_fees":0.0},{"pair":"ETH/USDT:USDT","stake_amount":340.1082,"max_stake_amount":340.1082,"amount":0.135,"open_date":"2025-06-07 22:15:00+00:00","close_date":"2025-06-07 22:30:00+00:00","open_rate":2519.32,"close_rate":2522.73,"fee_open":0.0005,"fee_close":0.0005,"trade_duration":15,"profit_ratio":0.0003526867161036136,"profit_abs":0.12001162,"exit_reason":"exit_signal","initial_stop_loss_abs":2267.39,"initial_stop_loss_ratio":-0.1,"stop_loss_abs":2267.39,"stop_loss_ratio":-0.1,"min_rate":2518.68,"max_rate":2545.0,"is_open":false,"enter_tag":"","leverage":1.0,"is_short":false,"open_timestamp":1749334500000,"close_timestamp":1749335400000,"orders":[{"amount":0.135,"safe_price":2519.32,"ft_order_side":"buy","order_filled_timestamp":1749334500000,"ft_is_entry":true,"ft_order_tag":"","cost":340.2782541},{"amount":0.135,"safe_price":2522.73,"ft_order_side":"sell","order_filled_timestamp":1749335400000,"ft_is_entry":false,"ft_order_tag":"exit_signal","cost":340.738834275}],"funding_fees":0.0},{"pair":"ETH/USDT:USDT","stake_amount":338.82972,"max_stake_amount":338.82972,"amount":0.134,"open_date":"2025-06-07 23:15:00+00:00","close_date":"2025-06-08 02:30:00+00:00","open_rate":2528.58,"close_rate":2512.84,"fee_open":0.0005,"fee_close":0.0005,"trade_duration":195,"profit_ratio":-0.007317872834762549,"profit_abs":-2.48075256,"exit_reason":"exit_signal","initial_stop_loss_abs":2275.73,"initial_stop_loss_ratio":-0.1,"stop_loss_abs":2275.73,"stop_loss_ratio":-0.1,"min_rate":2510.02,"max_rate":2528.97,"is_open":false,"enter_tag":"","leverage":1.0,"is_short":false,"open_timestamp":1749338100000,"close_timestamp":1749349800000,"orders":[{"amount":0.134,"safe_price":2528.58,"ft_order_side":"buy","order_filled_timestamp":1749338100000,"ft_is_entry":true,"ft_order_tag":"","cost":338.99913485999997},{"amount":0.134,"safe_price":2512.84,"ft_order_side":"sell","order_filled_timestamp":1749349800000,"ft_is_entry":false,"ft_order_tag":"exit_signal","cost":336.88892028000004}],"funding_fees":-0.033817416135688005},{"pair":"ETH/USDT:USDT","stake_amount":339.35085,"max_stake_amount":339.35085,"amount":0.135,"open_date":"2025-06-08 02:45:00+00:00","close_date":"2025-06-08 03:30:00+00:00","open_rate":2513.71,"close_rate":2509.63,"fee_open":0.0005,"fee_close":0.0005,"trade_duration":45,"profit_ratio":-0.002620976887586059,"profit_abs":-0.88987545,"exit_reason":"exit_signal","initial_stop_loss_abs":2262.34,"initial_stop_loss_ratio":-0.1,"stop_loss_abs":2262.34,"stop_loss_ratio":-0.1,"min_rate":2507.25,"max_rate":2515.0,"is_open":false,"enter_tag":"","leverage":1.0,"is_short":false,"open_timestamp":1749350700000,"close_timestamp":1749353400000,"orders":[{"amount":0.135,"safe_price":2513.71,"ft_order_side":"buy","order_filled_timestamp":1749350700000,"ft_is_entry":true,"ft_order_tag":"","cost":339.520525425},{"amount":0.135,"safe_price":2509.63,"ft_order_side":"sell","order_filled_timestamp":1749353400000,"ft_is_entry":false,"ft_order_tag":"exit_signal","cost":338.969450025}],"funding_fees":0.0},{"pair":"ETH/USDT:USDT","stake_amount":338.62455,"max_stake_amount":338.62455,"amount":0.135,"open_date":"2025-06-08 04:15:00+00:00","close_date":"2025-06-08 04:30:00+00:00","open_rate":2508.33,"close_rate":2510.66,"fee_open":0.0005,"fee_close":0.0005,"trade_duration":15,"profit_ratio":-7.15237868752503e-05,"profit_abs":-0.02423182,"exit_reason":"exit_signal","initial_stop_loss_abs":2257.5,"initial_stop_loss_ratio":-0.1,"stop_loss_abs":2257.5,"stop_loss_ratio":-0.1,"min_rate":2507.96,"max_rate":2517.55,"is_open":false,"enter_tag":"","leverage":1.0,"is_short":false,"open_timestamp":1749356100000,"close_timestamp":1749357000000,"orders":[{"amount":0.135,"safe_price":2508.33,"ft_order_side":"buy","order_filled_timestamp":1749356100000,"ft_is_entry":true,"ft_order_tag":"","cost":338.793862275},{"amount":0.135,"safe_price":2510.66,"ft_order_side":"sell","order_filled_timestamp":1749357000000,"ft_is_entry":false,"ft_order_tag":"exit_signal","cost":339.10856954999997}],"funding_fees":0.0},{"pair":"ETH/USDT:USDT","stake_amount":339.8193,"max_stake_amount":339.8193,"amount":0.135,"open_date":"2025-06-08 04:45:00+00:00","close_date":"2025-06-08 06:15:00+00:00","open_rate":2517.18,"close_rate":2511.88,"fee_open":0.0005,"fee_close":0.0005,"trade_duration":90,"profit_ratio":-0.0031029265637166083,"profit_abs":-1.05496155,"exit_reason":"exit_signal","initial_stop_loss_abs":2265.47,"initial_stop_loss_ratio":-0.1,"stop_loss_abs":2265.47,"stop_loss_ratio":-0.1,"min_rate":2507.69,"max_rate":2519.03,"is_open":false,"enter_tag":"","leverage":1.0,"is_short":false,"open_timestamp":1749357900000,"close_timestamp":1749363300000,"orders":[{"amount":0.135,"safe_price":2517.18,"ft_order_side":"buy","order_filled_timestamp":1749357900000,"ft_is_entry":true,"ft_order_tag":"","cost":339.98920964999996},{"amount":0.135,"safe_price":2511.88,"ft_order_side":"sell","order_filled_timestamp":1749363300000,"ft_is_entry":false,"ft_order_tag":"exit_signal","cost":339.2733519}],"funding_fees":0.0},{"pair":"ETH/USDT:USDT","stake_amount":339.2712,"max_stake_amount":339.2712,"amount":0.135,"open_date":"2025-06-08 06:30:00+00:00","close_date":"2025-06-08 06:45:00+00:00","open_rate":2513.12,"close_rate":2515.23,"fee_open":0.0005,"fee_close":0.0005,"trade_duration":15,"profit_ratio":-0.00016074562715341135,"profit_abs":-0.05456363,"exit_reason":"exit_signal","initial_stop_loss_abs":2261.81,"initial_stop_loss_ratio":-0.1,"stop_loss_abs":2261.81,"stop_loss_ratio":-0.1,"min_rate":2511.5,"max_rate":2516.4,"is_open":false,"enter_tag":"","leverage":1.0,"is_short":false,"open_timestamp":1749364200000,"close_timestamp":1749365100000,"orders":[{"amount":0.135,"safe_price":2513.12,"ft_order_side":"buy","order_filled_timestamp":1749364200000,"ft_is_entry":true,"ft_order_tag":"","cost":339.4408356},{"amount":0.135,"safe_price":2515.23,"ft_order_side":"sell","order_filled_timestamp":1749365100000,"ft_is_entry":false,"ft_order_tag":"exit_signal","cost":339.725828025}],"funding_fees":0.0},{"pair":"ETH/USDT:USDT","stake_amount":339.3171,"max_stake_amount":339.3171,"amount":0.135,"open_date":"2025-06-08 08:00:00+00:00","close_date":"2025-06-08 08:30:00+00:00","open_rate":2513.46,"close_rate":2514.25,"fee_open":0.0005,"fee_close":0.0005,"trade_duration":30,"profit_ratio":-0.0007806826432111516,"profit_abs":-0.26503142,"exit_reason":"exit_signal","initial_stop_loss_abs":2262.12,"initial_stop_loss_ratio":-0.1,"stop_loss_abs":2262.12,"stop_loss_ratio":-0.1,"min_rate":2513.39,"max_rate":2520.19,"is_open":false,"enter_tag":"","leverage":1.0,"is_short":false,"open_timestamp":1749369600000,"close_timestamp":1749371400000,"orders":[{"amount":0.135,"safe_price":2513.46,"ft_order_side":"buy","order_filled_timestamp":1749369600000,"ft_is_entry":true,"ft_order_tag":"","cost":339.48675855000005},{"amount":0.135,"safe_price":2514.25,"ft_order_side":"sell","order_filled_timestamp":1749371400000,"ft_is_entry":false,"ft_order_tag":"exit_signal","cost":339.593461875}],"funding_fees":-0.03231099934486145},{"pair":"ETH/USDT:USDT","stake_amount":337.01,"max_stake_amount":337.01,"amount":0.134,"open_date":"2025-06-08 08:45:00+00:00","close_date":"2025-06-08 20:30:00+00:00","open_rate":2515.0,"close_rate":2533.99,"fee_open":0.0005,"fee_close":0.0005,"trade_duration":705,"profit_ratio":0.00649675198008248,"profit_abs":2.19056512,"exit_reason":"exit_signal","initial_stop_loss_abs":2263.5,"initial_stop_loss_ratio":-0.1,"stop_loss_abs":2263.5,"stop_loss_ratio":-0.1,"min_rate":2483.28,"max_rate":2539.68,"is_open":false,"enter_tag":"","leverage":1.0,"is_short":false,"open_timestamp":1749372300000,"close_timestamp":1749414600000,"orders":[{"amount":0.134,"safe_price":2515.0,"ft_order_side":"buy","order_filled_timestamp":1749372300000,"ft_is_entry":true,"ft_order_tag":"","cost":337.17850500000003},{"amount":0.134,"safe_price":2533.99,"ft_order_side":"sell","order_filled_timestamp":1749414600000,"ft_is_entry":false,"ft_order_tag":"exit_signal","cost":339.72443733}],"funding_fees":-0.015812552566522246},{"pair":"ETH/USDT:USDT","stake_amount":340.08255,"max_stake_amount":340.08255,"amount":0.135,"open_date":"2025-06-08 22:15:00+00:00","close_date":"2025-06-09 21:30:00+00:00","open_rate":2519.13,"close_rate":2638.76,"fee_open":0.0005,"fee_close":0.0005,"trade_duration":1395,"profit_ratio":0.04631356519857852,"profit_abs":15.75831057,"exit_reason":"exit_signal","initial_stop_loss_abs":2267.22,"initial_stop_loss_ratio":-0.1,"stop_loss_abs":2267.22,"stop_loss_ratio":-0.1,"min_rate":2475.83,"max_rate":2639.88,"is_open":false,"enter_tag":"","leverage":1.0,"is_short":false,"open_timestamp":1749420900000,"close_timestamp":1749504600000,"orders":[{"amount":0.135,"safe_price":2519.13,"ft_order_side":"buy","order_filled_timestamp":1749420900000,"ft_is_entry":true,"ft_order_tag":"","cost":340.252591275},{"amount":0.135,"safe_price":2638.76,"ft_order_side":"sell","order_filled_timestamp":1749504600000,"ft_is_entry":false,"ft_order_tag":"exit_signal","cost":356.41071630000005}],"funding_fees":-0.043581858872445714},{"pair":"ETH/USDT:USDT","stake_amount":344.56733,"max_stake_amount":344.56733,"amount":0.137,"open_date":"2025-06-13 05:45:00+00:00","close_date":"2025-06-15 03:45:00+00:00","open_rate":2515.09,"close_rate":2531.61,"fee_open":0.0005,"fee_close":0.0005,"trade_duration":2760,"profit_ratio":0.005463121397560495,"profit_abs":1.88335436,"exit_reason":"exit_signal","initial_stop_loss_abs":2263.59,"initial_stop_loss_ratio":-0.1,"stop_loss_abs":2263.59,"stop_loss_ratio":-0.1,"min_rate":2486.68,"max_rate":2585.0,"is_open":false,"enter_tag":"","leverage":1.0,"is_short":false,"open_timestamp":1749793500000,"close_timestamp":1749959100000,"orders":[{"amount":0.137,"safe_price":2515.09,"ft_order_side":"buy","order_filled_timestamp":1749793500000,"ft_is_entry":true,"ft_order_tag":"","cost":344.73961366500004},{"amount":0.137,"safe_price":2531.61,"ft_order_side":"sell","order_filled_timestamp":1749959100000,"ft_is_entry":false,"ft_order_tag":"exit_signal","cost":347.003985285}],"funding_fees":-0.03418668756346473},{"pair":"SUI/USDT:USDT","stake_amount":345.20205,"max_stake_amount":345.20205,"amount":121.7,"open_date":"2025-06-14 17:00:00+00:00","close_date":"2025-06-15 04:45:00+00:00","open_rate":2.8365,"close_rate":3.0084,"fee_open":0.0005,"fee_close":0.0005,"trade_duration":705,"profit_ratio":0.05954536660106931,"profit_abs":20.56546021,"exit_reason":"exit_signal","initial_stop_loss_abs":2.5529,"initial_stop_loss_ratio":-0.1,"stop_loss_abs":2.5529,"stop_loss_ratio":-0.1,"min_rate":2.8034,"max_rate":3.0124,"is_open":false,"enter_tag":"","leverage":1.0,"is_short":false,"open_timestamp":1749920400000,"close_timestamp":1749962700000,"orders":[{"amount":121.7,"safe_price":2.8365,"ft_order_side":"buy","order_filled_timestamp":1749920400000,"ft_is_entry":true,"ft_order_tag":"","cost":345.374651025},{"amount":121.7,"safe_price":3.0084,"ft_order_side":"sell","order_filled_timestamp":1749962700000,"ft_is_entry":false,"ft_order_tag":"exit_signal","cost":366.30534114}],"funding_fees":0.0008923715784},{"pair":"ETH/USDT:USDT","stake_amount":351.32111,"max_stake_amount":351.32111,"amount":0.139,"open_date":"2025-06-15 07:30:00+00:00","close_date":"2025-06-16 14:00:00+00:00","open_rate":2527.49,"close_rate":2638.33,"fee_open":0.0005,"fee_close":0.0005,"trade_duration":1830,"profit_ratio":0.04251378067117047,"profit_abs":14.94345661,"exit_reason":"exit_signal","initial_stop_loss_abs":2274.75,"initial_stop_loss_ratio":-0.1,"stop_loss_abs":2274.75,"stop_loss_ratio":-0.1,"min_rate":2490.38,"max_rate":2644.7,"is_open":false,"enter_tag":"","leverage":1.0,"is_short":false,"open_timestamp":1749972600000,"close_timestamp":1750082400000,"orders":[{"amount":0.139,"safe_price":2527.49,"ft_order_side":"buy","order_filled_timestamp":1749972600000,"ft_is_entry":true,"ft_order_tag":"","cost":351.49677055499996},{"amount":0.139,"safe_price":2638.33,"ft_order_side":"sell","order_filled_timestamp":1750082400000,"ft_is_entry":false,"ft_order_tag":"exit_signal","cost":366.911233935}],"funding_fees":-0.10427889721763904},{"pair":"ETH/USDT:USDT","stake_amount":355.34679,"max_stake_amount":355.34679,"amount":0.141,"open_date":"2025-06-17 15:15:00+00:00","close_date":"2025-06-18 07:30:00+00:00","open_rate":2520.19,"close_rate":2524.21,"fee_open":0.0005,"fee_close":0.0005,"trade_duration":975,"profit_ratio":0.0005389640087498261,"profit_abs":0.19161489,"exit_reason":"force_exit","initial_stop_loss_abs":2268.18,"initial_stop_loss_ratio":-0.1,"stop_loss_abs":2268.18,"stop_loss_ratio":-0.1,"min_rate":2451.97,"max_rate":2545.1,"is_open":false,"enter_tag":"","leverage":1.0,"is_short":false,"open_timestamp":1750173300000,"close_timestamp":1750231800000,"orders":[{"amount":0.141,"safe_price":2520.19,"ft_order_side":"buy","order_filled_timestamp":1750173300000,"ft_is_entry":true,"ft_order_tag":"","cost":355.524463395},{"amount":0.141,"safe_price":2524.21,"ft_order_side":"sell","order_filled_timestamp":1750231800000,"ft_is_entry":false,"ft_order_tag":"force_exit","cost":356.09156680499996}],"funding_fees":-0.019574913994559323},{"pair":"SUI/USDT:USDT","stake_amount":357.55655,"max_stake_amount":357.55655,"amount":126.1,"open_date":"2025-06-17 15:30:00+00:00","close_date":"2025-06-18 07:30:00+00:00","open_rate":2.8355,"close_rate":2.8614,"fee_open":0.0005,"fee_close":0.0005,"trade_duration":960,"profit_ratio":0.008024768014505934,"profit_abs":2.87074302,"exit_reason":"force_exit","initial_stop_loss_abs":2.552,"initial_stop_loss_ratio":-0.1,"stop_loss_abs":2.552,"stop_loss_ratio":-0.1,"min_rate":2.8001,"max_rate":2.9175,"is_open":false,"enter_tag":"","leverage":1.0,"is_short":false,"open_timestamp":1750174200000,"close_timestamp":1750231800000,"orders":[{"amount":126.1,"safe_price":2.8355,"ft_order_side":"buy","order_filled_timestamp":1750174200000,"ft_is_entry":true,"ft_order_tag":"","cost":357.735328275},{"amount":126.1,"safe_price":2.8614,"ft_order_side":"sell","order_filled_timestamp":1750231800000,"ft_is_entry":false,"ft_order_tag":"force_exit","cost":361.00295127}],"funding_fees":-0.0360574319716}],"locks":[],"best_pair":{"key":"ETH/USDT:USDT","trades":29,"profit_mean":0.00655106618701176,"profit_mean_pct":0.66,"profit_sum":0.18998091942334103,"profit_sum_pct":19.0,"profit_total_abs":63.82132351999999,"profit_total":0.06382132351999999,"profit_total_pct":6.38,"duration_avg":"14:44:00","wins":13,"draws":0,"losses":16,"winrate":0.4482758620689655,"cagr":0.9823667676134136,"expectancy":2.2007352937931035,"expectancy_ratio":0.8171705941598548,"sortino":8.662384145712679,"sharpe":4.464661014055263,"calmar":214.99613760177238,"sqn":1.4071,"profit_factor":2.4811217019147365,"max_drawdown_account":0.017185716400000047,"max_drawdown_abs":17.1857164},"worst_pair":{"key":"SUI/USDT:USDT","trades":2,"profit_mean":0.033785067307787624,"profit_mean_pct":3.38,"profit_sum":0.06757013461557525,"profit_sum_pct":6.76,"profit_total_abs":23.43620323,"profit_total":0.02343620323,"profit_total_pct":2.34,"duration_avg":"13:52:00","wins":2,"draws":0,"losses":0,"winrate":1.0,"cagr":0.2920468957112605,"expectancy":11.718101615,"expectancy_ratio":100.0,"sortino":-100,"sharpe":1.5335788752551964,"calmar":-100,"sqn":1.3245,"profit_factor":0.0,"max_drawdown_account":0.0,"max_drawdown_abs":0.0},"results_per_pair":[{"key":"ETH/USDT:USDT","trades":29,"profit_mean":0.00655106618701176,"profit_mean_pct":0.66,"profit_sum":0.18998091942334103,"profit_sum_pct":19.0,"profit_total_abs":63.82132351999999,"profit_total":0.06382132351999999,"profit_total_pct":6.38,"duration_avg":"14:44:00","wins":13,"draws":0,"losses":16,"winrate":0.4482758620689655,"cagr":0.9823667676134136,"expectancy":2.2007352937931035,"expectancy_ratio":0.8171705941598548,"sortino":8.662384145712679,"sharpe":4.464661014055263,"calmar":214.99613760177238,"sqn":1.4071,"profit_factor":2.4811217019147365,"max_drawdown_account":0.017185716400000047,"max_drawdown_abs":17.1857164},{"key":"SUI/USDT:USDT","trades":2,"profit_mean":0.033785067307787624,"profit_mean_pct":3.38,"profit_sum":0.06757013461557525,"profit_sum_pct":6.76,"profit_total_abs":23.43620323,"profit_total":0.02343620323,"profit_total_pct":2.34,"duration_avg":"13:52:00","wins":2,"draws":0,"losses":0,"winrate":1.0,"cagr":0.2920468957112605,"expectancy":11.718101615,"expectancy_ratio":100.0,"sortino":-100,"sharpe":1.5335788752551964,"calmar":-100,"sqn":1.3245,"profit_factor":0.0,"max_drawdown_account":0.0,"max_drawdown_abs":0.0},{"key":"TOTAL","trades":31,"profit_mean":0.008308098517384396,"profit_mean_pct":0.83,"profit_sum":0.25755105403891626,"profit_sum_pct":25.76,"profit_total_abs":87.25752675,"profit_total":0.08725752675,"profit_total_pct":8.73,"duration_avg":"14:41:00","wins":15,"draws":0,"losses":16,"winrate":0.4838709677419355,"cagr":1.522659391526438,"expectancy":2.814758927419354,"expectancy_ratio":1.0451680543422368,"sortino":11.843349128860249,"sharpe":5.849295541943016,"calmar":293.9461326284531,"sqn":1.7851,"profit_factor":3.025013105288084,"max_drawdown_account":0.017185716400000047,"max_drawdown_abs":17.1857164}],"results_per_enter_tag":[{"key":"","trades":31,"profit_mean":0.008308098517384396,"profit_mean_pct":0.83,"profit_sum":0.25755105403891626,"profit_sum_pct":25.76,"profit_total_abs":87.25752675,"profit_total":0.08725752675,"profit_total_pct":8.73,"duration_avg":"14:41:00","wins":15,"draws":0,"losses":16,"winrate":0.4838709677419355,"cagr":1.522659391526438,"expectancy":2.814758927419354,"expectancy_ratio":1.0451680543422368,"sortino":11.843349128860249,"sharpe":5.849295541943016,"calmar":293.9461326284531,"sqn":1.7851,"profit_factor":3.025013105288084,"max_drawdown_account":0.017185716400000047,"max_drawdown_abs":17.1857164},{"key":"TOTAL","trades":31,"profit_mean":0.008308098517384396,"profit_mean_pct":0.83,"profit_sum":0.25755105403891626,"profit_sum_pct":25.76,"profit_total_abs":87.25752675,"profit_total":0.08725752675,"profit_total_pct":8.73,"duration_avg":"14:41:00","wins":15,"draws":0,"losses":16,"winrate":0.4838709677419355,"cagr":1.522659391526438,"expectancy":2.814758927419354,"expectancy_ratio":1.0451680543422368,"sortino":11.843349128860249,"sharpe":5.849295541943016,"calmar":293.9461326284531,"sqn":1.7851,"profit_factor":3.025013105288084,"max_drawdown_account":0.017185716400000047,"max_drawdown_abs":17.1857164}],"exit_reason_summary":[{"key":"exit_signal","trades":29,"profit_mean":0.008585769724677948,"profit_mean_pct":0.86,"profit_sum":0.24898732201566048,"profit_sum_pct":24.9,"profit_total_abs":84.19516884,"profit_total":0.08419516883999999,"profit_total_pct":8.42,"duration_avg":"14:35:00","wins":13,"draws":0,"losses":16,"winrate":0.4482758620689655,"cagr":1.4451745699509484,"expectancy":2.9032816841379314,"expectancy_ratio":1.0780380655191415,"sortino":11.427699324923344,"sharpe":5.467324676108146,"calmar":283.62990779494726,"sqn":1.7232,"profit_factor":2.9539439937534437,"max_drawdown_account":0.017185716400000047,"max_drawdown_abs":17.1857164},{"key":"force_exit","trades":2,"profit_mean":0.004281866011627881,"profit_mean_pct":0.43,"profit_sum":0.008563732023255761,"profit_sum_pct":0.86,"profit_total_abs":3.06235791,"profit_total":0.0030623579099999998,"profit_total_pct":0.31,"duration_avg":"16:08:00","wins":2,"draws":0,"losses":0,"winrate":1.0,"cagr":0.034398167296256776,"expectancy":1.531178955,"expectancy_ratio":100.0,"sortino":-100,"sharpe":1.323503062970486,"calmar":-100,"sqn":1.143,"profit_factor":0.0,"max_drawdown_account":0.0,"max_drawdown_abs":0.0},{"key":"TOTAL","trades":31,"profit_mean":0.008308098517384396,"profit_mean_pct":0.83,"profit_sum":0.25755105403891626,"profit_sum_pct":25.76,"profit_total_abs":87.25752675,"profit_total":0.08725752675,"profit_total_pct":8.73,"duration_avg":"14:41:00","wins":15,"draws":0,"losses":16,"winrate":0.4838709677419355,"cagr":1.522659391526438,"expectancy":2.814758927419354,"expectancy_ratio":1.0451680543422368,"sortino":11.843349128860249,"sharpe":5.849295541943016,"calmar":293.9461326284531,"sqn":1.7851,"profit_factor":3.025013105288084,"max_drawdown_account":0.017185716400000047,"max_drawdown_abs":17.1857164}],"mix_tag_stats":[{"key":["","exit_signal"],"trades":29,"profit_mean":0.008585769724677948,"profit_mean_pct":0.86,"profit_sum":0.24898732201566048,"profit_sum_pct":24.9,"profit_total_abs":84.19516884,"profit_total":0.08419516883999999,"profit_total_pct":8.42,"duration_avg":"14:35:00","wins":13,"draws":0,"losses":16,"winrate":0.4482758620689655,"cagr":1.4451745699509484,"expectancy":2.9032816841379314,"expectancy_ratio":1.0780380655191415,"sortino":11.427699324923344,"sharpe":5.467324676108146,"calmar":283.62990779494726,"sqn":1.7232,"profit_factor":2.9539439937534437,"max_drawdown_account":0.017185716400000047,"max_drawdown_abs":17.1857164},{"key":["","force_exit"],"trades":2,"profit_mean":0.004281866011627881,"profit_mean_pct":0.43,"profit_sum":0.008563732023255761,"profit_sum_pct":0.86,"profit_total_abs":3.06235791,"profit_total":0.0030623579099999998,"profit_total_pct":0.31,"duration_avg":"16:08:00","wins":2,"draws":0,"losses":0,"winrate":1.0,"cagr":0.034398167296256776,"expectancy":1.531178955,"expectancy_ratio":100.0,"sortino":-100,"sharpe":1.323503062970486,"calmar":-100,"sqn":1.143,"profit_factor":0.0,"max_drawdown_account":0.0,"max_drawdown_abs":0.0},{"key":"TOTAL","trades":31,"profit_mean":0.008308098517384396,"profit_mean_pct":0.83,"profit_sum":0.25755105403891626,"profit_sum_pct":25.76,"profit_total_abs":87.25752675,"profit_total":0.08725752675,"profit_total_pct":8.73,"duration_avg":"14:41:00","wins":15,"draws":0,"losses":16,"winrate":0.4838709677419355,"cagr":1.522659391526438,"expectancy":2.814758927419354,"expectancy_ratio":1.0451680543422368,"sortino":11.843349128860249,"sharpe":5.849295541943016,"calmar":293.9461326284531,"sqn":1.7851,"profit_factor":3.025013105288084,"max_drawdown_account":0.017185716400000047,"max_drawdown_abs":17.1857164}],"left_open_trades":[{"key":"SUI/USDT:USDT","trades":1,"profit_mean":0.008024768014505934,"profit_mean_pct":0.8,"profit_sum":0.008024768014505934,"profit_sum_pct":0.8,"profit_total_abs":2.87074302,"profit_total":0.0028707430199999997,"profit_total_pct":0.29,"duration_avg":"16:00:00","wins":1,"draws":0,"losses":0,"winrate":1.0,"cagr":0.0322146798546632,"expectancy":2.87074302,"expectancy_ratio":100.0,"sortino":-100,"sharpe":-100,"calmar":-100,"sqn":-100.0,"profit_factor":0.0,"max_drawdown_account":0.0,"max_drawdown_abs":0.0},{"key":"ETH/USDT:USDT","trades":1,"profit_mean":0.0005389640087498261,"profit_mean_pct":0.05,"profit_sum":0.0005389640087498261,"profit_sum_pct":0.05,"profit_total_abs":0.19161489,"profit_total":0.00019161489000000002,"profit_total_pct":0.02,"duration_avg":"16:15:00","wins":1,"draws":0,"losses":0,"winrate":1.0,"cagr":0.0021214208232713805,"expectancy":0.19161489,"expectancy_ratio":100.0,"sortino":-100,"sharpe":-100,"calmar":-100,"sqn":-100.0,"profit_factor":0.0,"max_drawdown_account":0.0,"max_drawdown_abs":0.0},{"key":"TOTAL","trades":2,"profit_mean":0.004281866011627881,"profit_mean_pct":0.43,"profit_sum":0.008563732023255761,"profit_sum_pct":0.86,"profit_total_abs":3.06235791,"profit_total":0.0030623579099999998,"profit_total_pct":0.31,"duration_avg":"16:08:00","wins":2,"draws":0,"losses":0,"winrate":1.0,"cagr":0.034398167296256776,"expectancy":1.531178955,"expectancy_ratio":100.0,"sortino":-100,"sharpe":1.323503062970486,"calmar":-100,"sqn":1.143,"profit_factor":0.0,"max_drawdown_account":0.0,"max_drawdown_abs":0.0}],"total_trades":31,"trade_count_long":31,"trade_count_short":0,"total_volume":21107.19938553,"avg_stake_amount":338.67578451612894,"profit_mean":0.008308098517384396,"profit_median":-4.1797656494132825e-05,"profit_total":0.08725752675,"profit_total_long":0.08725752675,"profit_total_short":0.0,"profit_total_abs":87.25752675,"profit_total_long_abs":87.25752675,"profit_total_short_abs":0.0,"cagr":1.522659391526438,"expectancy":2.814758927419354,"expectancy_ratio":1.0451680543422368,"sortino":11.843349128860249,"sharpe":5.849295541943016,"calmar":293.9461326284531,"sqn":1.7851,"profit_factor":3.025013105288084,"backtest_start":"2025-05-16 00:00:00","backtest_start_ts":1747353600000,"backtest_end":"2025-06-18 07:30:00","backtest_end_ts":1750231800000,"backtest_days":33,"backtest_run_start_ts":1750233330,"backtest_run_end_ts":1750233331,"trades_per_day":0.94,"market_change":-0.13906992420618902,"pairlist":["ETH/USDT:USDT","SUI/USDT:USDT"],"stake_amount":"unlimited","stake_currency":"USDT","stake_currency_decimals":3,"starting_balance":1000,"dry_run_wallet":1000,"final_balance":1087.25752675,"rejected_signals":0,"timedout_entry_orders":0,"timedout_exit_orders":0,"canceled_trade_entries":0,"canceled_entry_orders":0,"replaced_entry_orders":0,"max_open_trades":2,"max_open_trades_setting":3,"timeframe":"15m","timeframe_detail":"","timerange":"","enable_protections":false,"strategy_name":"GridBotSample","stoploss":-0.1,"trailing_stop":false,"trailing_stop_positive":null,"trailing_stop_positive_offset":0.0,"trailing_only_offset_is_reached":false,"use_custom_stoploss":false,"minimal_roi":{},"use_exit_signal":true,"exit_profit_only":false,"exit_profit_offset":0.0,"ignore_roi_if_entry_signal":false,"trading_mode":"futures","margin_mode":"isolated","periodic_breakdown":{"day":[{"date":"18/05/2025","date_ts":1747526400000,"profit_abs":-17.1857164,"wins":0,"draws":0,"losses":2,"trades":2,"profit_factor":0.0},{"date":"19/05/2025","date_ts":1747612800000,"profit_abs":0.0,"wins":0,"draws":0,"losses":0,"trades":0,"profit_factor":0.0},{"date":"20/05/2025","date_ts":1747699200000,"profit_abs":0.0,"wins":0,"draws":0,"losses":0,"trades":0,"profit_factor":0.0},{"date":"21/05/2025","date_ts":1747785600000,"profit_abs":0.0,"wins":0,"draws":0,"losses":0,"trades":0,"profit_factor":0.0},{"date":"22/05/2025","date_ts":1747872000000,"profit_abs":26.4816191,"wins":1,"draws":0,"losses":0,"trades":1,"profit_factor":0.0},{"date":"23/05/2025","date_ts":1747958400000,"profit_abs":0.0,"wins":0,"draws":0,"losses":0,"trades":0,"profit_factor":0.0},{"date":"24/05/2025","date_ts":1748044800000,"profit_abs":3.92550119,"wins":1,"draws":0,"losses":0,"trades":1,"profit_factor":0.0},{"date":"25/05/2025","date_ts":1748131200000,"profit_abs":-1.65665678,"wins":0,"draws":0,"losses":2,"trades":2,"profit_factor":0.0},{"date":"26/05/2025","date_ts":1748217600000,"profit_abs":0.0,"wins":0,"draws":0,"losses":0,"trades":0,"profit_factor":0.0},{"date":"27/05/2025","date_ts":1748304000000,"profit_abs":14.99639683,"wins":1,"draws":0,"losses":0,"trades":1,"profit_factor":0.0},{"date":"28/05/2025","date_ts":1748390400000,"profit_abs":0.0,"wins":0,"draws":0,"losses":0,"trades":0,"profit_factor":0.0},{"date":"29/05/2025","date_ts":1748476800000,"profit_abs":0.0,"wins":0,"draws":0,"losses":0,"trades":0,"profit_factor":0.0},{"date":"30/05/2025","date_ts":1748563200000,"profit_abs":0.0,"wins":0,"draws":0,"losses":0,"trades":0,"profit_factor":0.0},{"date":"31/05/2025","date_ts":1748649600000,"profit_abs":-0.13457193,"wins":1,"draws":0,"losses":1,"trades":2,"profit_factor":0.87091311},{"date":"01/06/2025","date_ts":1748736000000,"profit_abs":-2.1762354,"wins":0,"draws":0,"losses":1,"trades":1,"profit_factor":0.0},{"date":"02/06/2025","date_ts":1748822400000,"profit_abs":0.0,"wins":0,"draws":0,"losses":0,"trades":0,"profit_factor":0.0},{"date":"03/06/2025","date_ts":1748908800000,"profit_abs":15.56281734,"wins":1,"draws":0,"losses":0,"trades":1,"profit_factor":0.0},{"date":"04/06/2025","date_ts":1748995200000,"profit_abs":0.0,"wins":0,"draws":0,"losses":0,"trades":0,"profit_factor":0.0},{"date":"05/06/2025","date_ts":1749081600000,"profit_abs":-15.23514015,"wins":0,"draws":0,"losses":1,"trades":1,"profit_factor":0.0},{"date":"06/06/2025","date_ts":1749168000000,"profit_abs":0.0,"wins":0,"draws":0,"losses":0,"trades":0,"profit_factor":0.0},{"date":"07/06/2025","date_ts":1749254400000,"profit_abs":9.0454246,"wins":3,"draws":0,"losses":3,"trades":6,"profit_factor":9.83168424},{"date":"08/06/2025","date_ts":1749340800000,"profit_abs":-2.57885131,"wins":1,"draws":0,"losses":6,"trades":7,"profit_factor":0.45929416},{"date":"09/06/2025","date_ts":1749427200000,"profit_abs":15.75831057,"wins":1,"draws":0,"losses":0,"trades":1,"profit_factor":0.0},{"date":"10/06/2025","date_ts":1749513600000,"profit_abs":0.0,"wins":0,"draws":0,"losses":0,"trades":0,"profit_factor":0.0},{"date":"11/06/2025","date_ts":1749600000000,"profit_abs":0.0,"wins":0,"draws":0,"losses":0,"trades":0,"profit_factor":0.0},{"date":"12/06/2025","date_ts":1749686400000,"profit_abs":0.0,"wins":0,"draws":0,"losses":0,"trades":0,"profit_factor":0.0},{"date":"13/06/2025","date_ts":1749772800000,"profit_abs":0.0,"wins":0,"draws":0,"losses":0,"trades":0,"profit_factor":0.0},{"date":"14/06/2025","date_ts":1749859200000,"profit_abs":0.0,"wins":0,"draws":0,"losses":0,"trades":0,"profit_factor":0.0},{"date":"15/06/2025","date_ts":1749945600000,"profit_abs":22.44881457,"wins":2,"draws":0,"losses":0,"trades":2,"profit_factor":0.0},{"date":"16/06/2025","date_ts":1750032000000,"profit_abs":14.94345661,"wins":1,"draws":0,"losses":0,"trades":1,"profit_factor":0.0},{"date":"17/06/2025","date_ts":1750118400000,"profit_abs":0.0,"wins":0,"draws":0,"losses":0,"trades":0,"profit_factor":0.0},{"date":"18/06/2025","date_ts":1750204800000,"profit_abs":3.06235791,"wins":2,"draws":0,"losses":0,"trades":2,"profit_factor":0.0}],"week":[{"date":"19/05/2025","date_ts":1747612800000,"profit_abs":-17.1857164,"wins":0,"draws":0,"losses":2,"trades":2,"profit_factor":0.0},{"date":"26/05/2025","date_ts":1748217600000,"profit_abs":28.75046351,"wins":2,"draws":0,"losses":2,"trades":4,"profit_factor":18.3545081},{"date":"02/06/2025","date_ts":1748822400000,"profit_abs":12.6855895,"wins":2,"draws":0,"losses":2,"trades":4,"profit_factor":4.94118279},{"date":"09/06/2025","date_ts":1749427200000,"profit_abs":22.55256105,"wins":6,"draws":0,"losses":10,"trades":16,"profit_factor":2.07246281},{"date":"16/06/2025","date_ts":1750032000000,"profit_abs":37.39227118,"wins":3,"draws":0,"losses":0,"trades":3,"profit_factor":0.0},{"date":"23/06/2025","date_ts":1750636800000,"profit_abs":3.06235791,"wins":2,"draws":0,"losses":0,"trades":2,"profit_factor":0.0}],"month":[{"date":"31/05/2025","date_ts":1748649600000,"profit_abs":26.42657201,"wins":4,"draws":0,"losses":5,"trades":9,"profit_factor":2.32897925},{"date":"30/06/2025","date_ts":1751241600000,"profit_abs":60.83095474,"wins":11,"draws":0,"losses":11,"trades":22,"profit_factor":3.62145967}],"year":[{"date":"31/12/2025","date_ts":1767139200000,"profit_abs":87.25752675,"wins":15,"draws":0,"losses":16,"trades":31,"profit_factor":3.02501311}]},"backtest_best_day":0.08182421986896206,"backtest_worst_day":-0.0525608166861277,"backtest_best_day_abs":26.4816191,"backtest_worst_day_abs":-17.1857164,"winning_days":9,"draw_days":17,"losing_days":6,"daily_profit":[["2025-05-18",-17.1857164],["2025-05-19",0.0],["2025-05-20",0.0],["2025-05-21",0.0],["2025-05-22",26.4816191],["2025-05-23",0.0],["2025-05-24",3.92550119],["2025-05-25",-1.65665678],["2025-05-26",0.0],["2025-05-27",14.99639683],["2025-05-28",0.0],["2025-05-29",0.0],["2025-05-30",0.0],["2025-05-31",-0.13457193],["2025-06-01",-2.1762354],["2025-06-02",0.0],["2025-06-03",15.56281734],["2025-06-04",0.0],["2025-06-05",-15.23514015],["2025-06-06",0.0],["2025-06-07",9.0454246],["2025-06-08",-2.57885131],["2025-06-09",15.75831057],["2025-06-10",0.0],["2025-06-11",0.0],["2025-06-12",0.0],["2025-06-13",0.0],["2025-06-14",0.0],["2025-06-15",22.44881457],["2025-06-16",14.94345661],["2025-06-17",0.0],["2025-06-18",3.06235791]],"wins":15,"losses":16,"draws":0,"winrate":0.4838709677419355,"holding_avg":"14:41:00","holding_avg_s":52860.0,"winner_holding_min":"0d 00:15","winner_holding_min_s":900.0,"winner_holding_max":"2d 14:00","winner_holding_max_s":223200.0,"winner_holding_avg":"1d 00:06","winner_holding_avg_s":86760.0,"loser_holding_min":"0d 00:15","loser_holding_min_s":900.0,"loser_holding_max":"1d 04:15","loser_holding_max_s":101700.0,"loser_holding_avg":"0d 05:51","loser_holding_avg_s":21060.0,"max_consecutive_wins":7,"max_consecutive_losses":6,"max_drawdown_account":0.017185716400000047,"max_relative_drawdown":0.017185716400000047,"max_drawdown_abs":17.1857164,"drawdown_start":"2025-05-18 04:30:00","drawdown_start_ts":1747542600000.0,"drawdown_end":"2025-05-18 20:00:00","drawdown_end_ts":1747598400000.0,"max_drawdown_low":-17.1857164,"max_drawdown_high":-6.34503007,"csum_min":982.8142836,"csum_max":1087.25752675}},"strategy_comparison":[{"key":"GridBotSample","trades":31,"profit_mean":0.008308098517384396,"profit_mean_pct":0.83,"profit_sum":0.25755105403891626,"profit_sum_pct":25.76,"profit_total_abs":87.25752675,"profit_total":0.08725752675,"profit_total_pct":8.73,"duration_avg":"14:41:00","wins":15,"draws":0,"losses":16,"winrate":0.4838709677419355,"cagr":1.522659391526438,"expectancy":2.814758927419354,"expectancy_ratio":1.0451680543422368,"sortino":11.843349128860249,"sharpe":5.849295541943016,"calmar":293.9461326284531,"sqn":1.7851,"profit_factor":3.025013105288084,"max_drawdown_account":0.017185716400000047,"max_drawdown_abs":"17.186"}]}