{"strategy":{"SimpleGrid":{"trades":[{"pair":"ETH/USDT:USDT","stake_amount":989.45616,"max_stake_amount":989.45616,"amount":0.418,"open_date":"2025-05-18 20:15:00+00:00","close_date":"2025-05-18 23:00:00+00:00","open_rate":2367.12,"close_rate":2453.61,"fee_open":0.0005,"fee_close":0.0005,"trade_duration":165,"profit_ratio":0.0355020515191051,"profit_abs":35.14528743,"exit_reason":"exit_signal","initial_stop_loss_abs":2130.41,"initial_stop_loss_ratio":-0.1,"stop_loss_abs":2130.41,"stop_loss_ratio":-0.1,"min_rate":2364.22,"max_rate":2455.6,"is_open":false,"enter_tag":"","leverage":1.0,"is_short":false,"open_timestamp":1747599300000,"close_timestamp":1747609200000,"orders":[{"amount":0.418,"safe_price":2367.12,"ft_order_side":"buy","order_filled_timestamp":1747599300000,"ft_is_entry":true,"ft_order_tag":"","cost":989.9508880799999},{"amount":0.418,"safe_price":2453.61,"ft_order_side":"sell","order_filled_timestamp":1747609200000,"ft_is_entry":false,"ft_order_tag":"exit_signal","cost":1026.12178449}],"funding_fees":0.0},{"pair":"ETH/USDT:USDT","stake_amount":1024.0314,"max_stake_amount":1024.0314,"amount":0.427,"open_date":"2025-05-19 02:15:00+00:00","close_date":"2025-05-19 14:30:00+00:00","open_rate":2398.2,"close_rate":2433.2,"fee_open":0.0005,"fee_close":0.0005,"trade_duration":735,"profit_ratio":0.013514794256463642,"profit_abs":13.84649347,"exit_reason":"exit_signal","initial_stop_loss_abs":2158.38,"initial_stop_loss_ratio":-0.1,"stop_loss_abs":2158.38,"stop_loss_ratio":-0.1,"min_rate":2346.99,"max_rate":2448.47,"is_open":false,"enter_tag":"","leverage":1.0,"is_short":false,"open_timestamp":1747620900000,"close_timestamp":1747665000000,"orders":[{"amount":0.427,"safe_price":2398.2,"ft_order_side":"buy","order_filled_timestamp":1747620900000,"ft_is_entry":true,"ft_order_tag":"","cost":1024.5434156999997},{"amount":0.427,"safe_price":2433.2,"ft_order_side":"sell","order_filled_timestamp":1747665000000,"ft_is_entry":false,"ft_order_tag":"exit_signal","cost":1039.4958881999999}],"funding_fees":-0.06700263465830611},{"pair":"ETH/USDT:USDT","stake_amount":1038.13049,"max_stake_amount":1038.13049,"amount":0.433,"open_date":"2025-06-05 21:00:00+00:00","close_date":"2025-06-05 21:45:00+00:00","open_rate":2397.53,"close_rate":2440.47,"fee_open":0.0005,"fee_close":0.0005,"trade_duration":45,"profit_ratio":0.01689269774525758,"profit_abs":17.545593,"exit_reason":"exit_signal","initial_stop_loss_abs":2157.78,"initial_stop_loss_ratio":-0.1,"stop_loss_abs":2157.78,"stop_loss_ratio":-0.1,"min_rate":2390.0,"max_rate":2446.9,"is_open":false,"enter_tag":"","leverage":1.0,"is_short":false,"open_timestamp":1749157200000,"close_timestamp":1749159900000,"orders":[{"amount":0.433,"safe_price":2397.53,"ft_order_side":"buy","order_filled_timestamp":1749157200000,"ft_is_entry":true,"ft_order_tag":"","cost":1038.6495552449999},{"amount":0.433,"safe_price":2440.47,"ft_order_side":"sell","order_filled_timestamp":1749159900000,"ft_is_entry":false,"ft_order_tag":"exit_signal","cost":1057.2518717549997}],"funding_fees":0.0},{"pair":"ETH/USDT:USDT","stake_amount":1055.10696,"max_stake_amount":1055.10696,"amount":0.438,"open_date":"2025-06-06 00:30:00+00:00","close_date":"2025-06-06 03:00:00+00:00","open_rate":2408.92,"close_rate":2434.5,"fee_open":0.0005,"fee_close":0.0005,"trade_duration":150,"profit_ratio":0.009608752736362835,"profit_abs":10.14333102,"exit_reason":"exit_signal","initial_stop_loss_abs":2168.03,"initial_stop_loss_ratio":-0.1,"stop_loss_abs":2168.03,"stop_loss_ratio":-0.1,"min_rate":2402.04,"max_rate":2435.99,"is_open":false,"enter_tag":"","leverage":1.0,"is_short":false,"open_timestamp":1749169800000,"close_timestamp":1749178800000,"orders":[{"amount":0.438,"safe_price":2408.92,"ft_order_side":"buy","order_filled_timestamp":1749169800000,"ft_is_entry":true,"ft_order_tag":"","cost":1055.6345134800001},{"amount":0.438,"safe_price":2434.5,"ft_order_side":"sell","order_filled_timestamp":1749178800000,"ft_is_entry":false,"ft_order_tag":"exit_signal","cost":1066.8441555}],"funding_fees":0.0},{"pair":"SOL/USDT:USDT","stake_amount":1065.1758,"max_stake_amount":1065.1758,"amount":7.54,"open_date":"2025-06-13 02:45:00+00:00","close_date":"2025-06-13 03:15:00+00:00","open_rate":141.27,"close_rate":143.12,"fee_open":0.0005,"fee_close":0.0005,"trade_duration":30,"profit_ratio":0.012082901707637015,"profit_abs":12.8768497,"exit_reason":"exit_signal","initial_stop_loss_abs":127.15,"initial_stop_loss_ratio":-0.1,"stop_loss_abs":127.15,"stop_loss_ratio":-0.1,"min_rate":141.09,"max_rate":144.24,"is_open":false,"enter_tag":"","leverage":1.0,"is_short":false,"open_timestamp":1749782700000,"close_timestamp":1749784500000,"orders":[{"amount":7.54,"safe_price":141.27,"ft_order_side":"buy","order_filled_timestamp":1749782700000,"ft_is_entry":true,"ft_order_tag":"","cost":1065.7083879},{"amount":7.54,"safe_price":143.12,"ft_order_side":"sell","order_filled_timestamp":1749784500000,"ft_is_entry":false,"ft_order_tag":"exit_signal","cost":1079.6643624}],"funding_fees":0.0},{"pair":"SOL/USDT:USDT","stake_amount":1078.4704,"max_stake_amount":1078.4704,"amount":7.84,"open_date":"2025-06-20 17:30:00+00:00","close_date":"2025-06-21 21:45:00+00:00","open_rate":137.56,"close_rate":133.85,"fee_open":0.0005,"fee_close":0.0005,"trade_duration":1695,"profit_ratio":-0.027840614355989394,"profit_abs":-30.04029114,"exit_reason":"exit_signal","initial_stop_loss_abs":123.81,"initial_stop_loss_ratio":-0.1,"stop_loss_abs":123.81,"stop_loss_ratio":-0.1,"min_rate":130.46,"max_rate":142.53,"is_open":false,"enter_tag":"","leverage":1.0,"is_short":false,"open_timestamp":1750440600000,"close_timestamp":1750542300000,"orders":[{"amount":7.84,"safe_price":137.56,"ft_order_side":"buy","order_filled_timestamp":1750440600000,"ft_is_entry":true,"ft_order_tag":"","cost":1079.0096351999998},{"amount":7.84,"safe_price":133.85,"ft_order_side":"sell","order_filled_timestamp":1750542300000,"ft_is_entry":false,"ft_order_tag":"exit_signal","cost":1049.908692}],"funding_fees":0.11003605816},{"pair":"SUI/USDT:USDT","stake_amount":1048.77234,"max_stake_amount":1048.77234,"amount":415.8,"open_date":"2025-06-21 21:45:00+00:00","close_date":"2025-06-22 13:45:00+00:00","open_rate":2.5223,"close_rate":2.418,"fee_open":0.0005,"fee_close":0.0005,"trade_duration":960,"profit_ratio":-0.042450312527500866,"profit_abs":-44.54297396,"exit_reason":"exit_signal","initial_stop_loss_abs":2.2701,"initial_stop_loss_ratio":-0.1,"stop_loss_abs":2.2701,"stop_loss_ratio":-0.1,"min_rate":2.4055,"max_rate":2.6153,"is_open":false,"enter_tag":"","leverage":1.0,"is_short":false,"open_timestamp":1750542300000,"close_timestamp":1750599900000,"orders":[{"amount":415.8,"safe_price":2.5223,"ft_order_side":"buy","order_filled_timestamp":1750542300000,"ft_is_entry":true,"ft_order_tag":"","cost":1049.2967261699998},{"amount":415.8,"safe_price":2.418,"ft_order_side":"sell","order_filled_timestamp":1750599900000,"ft_is_entry":false,"ft_order_tag":"exit_signal","cost":1005.9071022}],"funding_fees":-0.1479455913474},{"pair":"SUI/USDT:USDT","stake_amount":1004.78245,"max_stake_amount":1004.78245,"amount":399.5,"open_date":"2025-06-23 06:00:00+00:00","close_date":"2025-06-23 11:00:00+00:00","open_rate":2.5151,"close_rate":2.4961,"fee_open":0.0005,"fee_close":0.0005,"trade_duration":300,"profit_ratio":-0.008536327434862141,"profit_abs":-8.58144057,"exit_reason":"exit_signal","initial_stop_loss_abs":2.2636,"initial_stop_loss_ratio":-0.1,"stop_loss_abs":2.2636,"stop_loss_ratio":-0.1,"min_rate":2.4829,"max_rate":2.5332,"is_open":false,"enter_tag":"","leverage":1.0,"is_short":false,"open_timestamp":1750658400000,"close_timestamp":1750676400000,"orders":[{"amount":399.5,"safe_price":2.5151,"ft_order_side":"buy","order_filled_timestamp":1750658400000,"ft_is_entry":true,"ft_order_tag":"","cost":1005.2848412249999},{"amount":399.5,"safe_price":2.4961,"ft_order_side":"sell","order_filled_timestamp":1750676400000,"ft_is_entry":false,"ft_order_tag":"exit_signal","cost":997.6905459750001}],"funding_fees":0.010046626000000001},{"pair":"SUI/USDT:USDT","stake_amount":996.16506,"max_stake_amount":996.16506,"amount":397.1,"open_date":"2025-06-23 12:45:00+00:00","close_date":"2025-06-23 16:00:00+00:00","open_rate":2.5086,"close_rate":2.4748,"fee_open":0.0005,"fee_close":0.0005,"trade_duration":195,"profit_ratio":-0.014460985668049996,"profit_abs":-14.41273142,"exit_reason":"exit_signal","initial_stop_loss_abs":2.2578,"initial_stop_loss_ratio":-0.1,"stop_loss_abs":2.2578,"stop_loss_ratio":-0.1,"min_rate":2.439,"max_rate":2.5775,"is_open":false,"enter_tag":"","leverage":1.0,"is_short":false,"open_timestamp":1750682700000,"close_timestamp":1750694400000,"orders":[{"amount":397.1,"safe_price":2.5086,"ft_order_side":"buy","order_filled_timestamp":1750682700000,"ft_is_entry":true,"ft_order_tag":"","cost":996.66314253},{"amount":397.1,"safe_price":2.4748,"ft_order_side":"sell","order_filled_timestamp":1750694400000,"ft_is_entry":false,"ft_order_tag":"exit_signal","cost":983.23445154}],"funding_fees":-0.00129735356498352},{"pair":"SOL/USDT:USDT","stake_amount":981.0647,"max_stake_amount":981.0647,"amount":7.21,"open_date":"2025-06-23 17:30:00+00:00","close_date":"2025-06-23 22:30:00+00:00","open_rate":136.07,"close_rate":146.36,"fee_open":0.0005,"fee_close":0.0005,"trade_duration":300,"profit_ratio":0.07454775588614894,"profit_abs":73.17273985,"exit_reason":"exit_signal","initial_stop_loss_abs":122.47,"initial_stop_loss_ratio":-0.1,"stop_loss_abs":122.47,"stop_loss_ratio":-0.1,"min_rate":136.04,"max_rate":146.88,"is_open":false,"enter_tag":"","leverage":1.0,"is_short":false,"open_timestamp":1750699800000,"close_timestamp":1750717800000,"orders":[{"amount":7.21,"safe_price":136.07,"ft_order_side":"buy","order_filled_timestamp":1750699800000,"ft_is_entry":true,"ft_order_tag":"","cost":981.5552323499999},{"amount":7.21,"safe_price":146.36,"ft_order_side":"sell","order_filled_timestamp":1750717800000,"ft_is_entry":false,"ft_order_tag":"exit_signal","cost":1055.7832278}],"funding_fees":0.0},{"pair":"ETH/USDT:USDT","stake_amount":1052.56718,"max_stake_amount":1052.56718,"amount":0.434,"open_date":"2025-06-23 22:30:00+00:00","close_date":"2025-06-24 14:45:00+00:00","open_rate":2425.27,"close_rate":2434.15,"fee_open":0.0005,"fee_close":0.0005,"trade_duration":975,"profit_ratio":0.0026253198843102696,"profit_abs":2.76470721,"exit_reason":"exit_signal","initial_stop_loss_abs":2182.75,"initial_stop_loss_ratio":-0.1,"stop_loss_abs":2182.75,"stop_loss_ratio":-0.1,"min_rate":2374.9,"max_rate":2450.0,"is_open":false,"enter_tag":"","leverage":1.0,"is_short":false,"open_timestamp":1750717800000,"close_timestamp":1750776300000,"orders":[{"amount":0.434,"safe_price":2425.27,"ft_order_side":"buy","order_filled_timestamp":1750717800000,"ft_is_entry":true,"ft_order_tag":"","cost":1053.09346359},{"amount":0.434,"safe_price":2434.15,"ft_order_side":"sell","order_filled_timestamp":1750776300000,"ft_is_entry":false,"ft_order_tag":"exit_signal","cost":1056.94931055}],"funding_fees":-0.03471864711840724},{"pair":"ETH/USDT:USDT","stake_amount":1055.29454,"max_stake_amount":1055.29454,"amount":0.439,"open_date":"2025-06-25 14:30:00+00:00","close_date":"2025-06-25 19:30:00+00:00","open_rate":2403.86,"close_rate":2434.58,"fee_open":0.0005,"fee_close":0.0005,"trade_duration":300,"profit_ratio":0.011755195145208761,"profit_abs":12.41139585,"exit_reason":"exit_signal","initial_stop_loss_abs":2163.48,"initial_stop_loss_ratio":-0.1,"stop_loss_abs":2163.48,"stop_loss_ratio":-0.1,"min_rate":2395.42,"max_rate":2443.62,"is_open":false,"enter_tag":"","leverage":1.0,"is_short":false,"open_timestamp":1750861800000,"close_timestamp":1750879800000,"orders":[{"amount":0.439,"safe_price":2403.86,"ft_order_side":"buy","order_filled_timestamp":1750861800000,"ft_is_entry":true,"ft_order_tag":"","cost":1055.82218727},{"amount":0.439,"safe_price":2434.58,"ft_order_side":"sell","order_filled_timestamp":1750879800000,"ft_is_entry":false,"ft_order_tag":"exit_signal","cost":1069.31501031}],"funding_fees":-0.012646565842284197}],"locks":[],"best_pair":{"key":"ETH/USDT:USDT","trades":6,"profit_mean":0.014983135214451361,"profit_mean_pct":1.5,"profit_sum":0.08989881128670817,"profit_sum_pct":8.99,"profit_total_abs":91.85680798000001,"profit_total":0.09185680798000001,"profit_total_pct":9.19,"duration_avg":"6:35:00","wins":6,"draws":0,"losses":0,"winrate":1.0,"cagr":1.1865917024657686,"expectancy":15.309467996666669,"expectancy_ratio":100.0,"sortino":-100,"sharpe":4.305271693125638,"calmar":-100,"sqn":3.4433,"profit_factor":0.0,"max_drawdown_account":0.0,"max_drawdown_abs":0.0},"worst_pair":{"key":"SUI/USDT:USDT","trades":3,"profit_mean":-0.02181587521013767,"profit_mean_pct":-2.18,"profit_sum":-0.06544762563041301,"profit_sum_pct":-6.54,"profit_total_abs":-67.53714595,"profit_total":-0.06753714595,"profit_total_pct":-6.75,"duration_avg":"8:05:00","wins":0,"draws":0,"losses":3,"winrate":0.0,"cagr":-0.46340498034491207,"expectancy":-22.51238198333333,"expectancy_ratio":-1.0,"sortino":-1.9970145387905918,"sharpe":-1.9970145387905918,"calmar":-46.59749554766539,"sqn":-2.0203,"profit_factor":0.0,"max_drawdown_account":0.06753714594999996,"max_drawdown_abs":67.53714595},"results_per_pair":[{"key":"ETH/USDT:USDT","trades":6,"profit_mean":0.014983135214451361,"profit_mean_pct":1.5,"profit_sum":0.08989881128670817,"profit_sum_pct":8.99,"profit_total_abs":91.85680798000001,"profit_total":0.09185680798000001,"profit_total_pct":9.19,"duration_avg":"6:35:00","wins":6,"draws":0,"losses":0,"winrate":1.0,"cagr":1.1865917024657686,"expectancy":15.309467996666669,"expectancy_ratio":100.0,"sortino":-100,"sharpe":4.305271693125638,"calmar":-100,"sqn":3.4433,"profit_factor":0.0,"max_drawdown_account":0.0,"max_drawdown_abs":0.0},{"key":"SOL/USDT:USDT","trades":3,"profit_mean":0.01959668107926552,"profit_mean_pct":1.96,"profit_sum":0.05879004323779656,"profit_sum_pct":5.88,"profit_total_abs":56.00929841,"profit_total":0.05600929841,"profit_total_pct":5.6,"duration_avg":"11:15:00","wins":2,"draws":0,"losses":1,"winrate":0.6666666666666666,"cagr":0.6244286199443105,"expectancy":18.669766136666663,"expectancy_ratio":0.6214908520579225,"sortino":-100,"sharpe":0.616483312784389,"calmar":87.99848913882924,"sqn":0.6237,"profit_factor":2.864472556173768,"max_drawdown_account":0.029658384579425958,"max_drawdown_abs":30.04029114},{"key":"SUI/USDT:USDT","trades":3,"profit_mean":-0.02181587521013767,"profit_mean_pct":-2.18,"profit_sum":-0.06544762563041301,"profit_sum_pct":-6.54,"profit_total_abs":-67.53714595,"profit_total":-0.06753714595,"profit_total_pct":-6.75,"duration_avg":"8:05:00","wins":0,"draws":0,"losses":3,"winrate":0.0,"cagr":-0.46340498034491207,"expectancy":-22.51238198333333,"expectancy_ratio":-1.0,"sortino":-1.9970145387905918,"sharpe":-1.9970145387905918,"calmar":-46.59749554766539,"sqn":-2.0203,"profit_factor":0.0,"max_drawdown_account":0.06753714594999996,"max_drawdown_abs":67.53714595},{"key":"TOTAL","trades":12,"profit_mean":0.006936769074507643,"profit_mean_pct":0.69,"profit_sum":0.08324122889409172,"profit_sum_pct":8.32,"profit_total_abs":80.32896044000002,"profit_total":0.08032896044000001,"profit_total_pct":8.03,"duration_avg":"8:08:00","wins":8,"draws":0,"losses":4,"winrate":0.6666666666666666,"cagr":0.9894379938346012,"expectancy":6.694080036666666,"expectancy_ratio":0.27441098009132636,"sortino":2.6676735173108486,"sharpe":1.2870702374990473,"calmar":41.79607419606202,"sqn":0.7634,"profit_factor":1.8232329402739798,"max_drawdown_account":0.08955693682839143,"max_drawdown_abs":97.57743709}],"results_per_enter_tag":[{"key":"","trades":12,"profit_mean":0.006936769074507643,"profit_mean_pct":0.69,"profit_sum":0.08324122889409172,"profit_sum_pct":8.32,"profit_total_abs":80.32896044000002,"profit_total":0.08032896044000001,"profit_total_pct":8.03,"duration_avg":"8:08:00","wins":8,"draws":0,"losses":4,"winrate":0.6666666666666666,"cagr":0.9894379938346012,"expectancy":6.694080036666666,"expectancy_ratio":0.27441098009132636,"sortino":2.6676735173108486,"sharpe":1.2870702374990473,"calmar":41.79607419606202,"sqn":0.7634,"profit_factor":1.8232329402739798,"max_drawdown_account":0.08955693682839143,"max_drawdown_abs":97.57743709},{"key":"TOTAL","trades":12,"profit_mean":0.006936769074507643,"profit_mean_pct":0.69,"profit_sum":0.08324122889409172,"profit_sum_pct":8.32,"profit_total_abs":80.32896044000002,"profit_total":0.08032896044000001,"profit_total_pct":8.03,"duration_avg":"8:08:00","wins":8,"draws":0,"losses":4,"winrate":0.6666666666666666,"cagr":0.9894379938346012,"expectancy":6.694080036666666,"expectancy_ratio":0.27441098009132636,"sortino":2.6676735173108486,"sharpe":1.2870702374990473,"calmar":41.79607419606202,"sqn":0.7634,"profit_factor":1.8232329402739798,"max_drawdown_account":0.08955693682839143,"max_drawdown_abs":97.57743709}],"exit_reason_summary":[{"key":"exit_signal","trades":12,"profit_mean":0.006936769074507643,"profit_mean_pct":0.69,"profit_sum":0.08324122889409172,"profit_sum_pct":8.32,"profit_total_abs":80.32896044000002,"profit_total":0.08032896044000001,"profit_total_pct":8.03,"duration_avg":"8:08:00","wins":8,"draws":0,"losses":4,"winrate":0.6666666666666666,"cagr":0.9894379938346012,"expectancy":6.694080036666666,"expectancy_ratio":0.27441098009132636,"sortino":2.6676735173108486,"sharpe":1.2870702374990473,"calmar":41.79607419606202,"sqn":0.7634,"profit_factor":1.8232329402739798,"max_drawdown_account":0.08955693682839143,"max_drawdown_abs":97.57743709},{"key":"TOTAL","trades":12,"profit_mean":0.006936769074507643,"profit_mean_pct":0.69,"profit_sum":0.08324122889409172,"profit_sum_pct":8.32,"profit_total_abs":80.32896044000002,"profit_total":0.08032896044000001,"profit_total_pct":8.03,"duration_avg":"8:08:00","wins":8,"draws":0,"losses":4,"winrate":0.6666666666666666,"cagr":0.9894379938346012,"expectancy":6.694080036666666,"expectancy_ratio":0.27441098009132636,"sortino":2.6676735173108486,"sharpe":1.2870702374990473,"calmar":41.79607419606202,"sqn":0.7634,"profit_factor":1.8232329402739798,"max_drawdown_account":0.08955693682839143,"max_drawdown_abs":97.57743709}],"mix_tag_stats":[{"key":["","exit_signal"],"trades":12,"profit_mean":0.006936769074507643,"profit_mean_pct":0.69,"profit_sum":0.08324122889409172,"profit_sum_pct":8.32,"profit_total_abs":80.32896044000002,"profit_total":0.08032896044000001,"profit_total_pct":8.03,"duration_avg":"8:08:00","wins":8,"draws":0,"losses":4,"winrate":0.6666666666666666,"cagr":0.9894379938346012,"expectancy":6.694080036666666,"expectancy_ratio":0.27441098009132636,"sortino":2.6676735173108486,"sharpe":1.2870702374990473,"calmar":41.79607419606202,"sqn":0.7634,"profit_factor":1.8232329402739798,"max_drawdown_account":0.08955693682839143,"max_drawdown_abs":97.57743709},{"key":"TOTAL","trades":12,"profit_mean":0.006936769074507643,"profit_mean_pct":0.69,"profit_sum":0.08324122889409172,"profit_sum_pct":8.32,"profit_total_abs":80.32896044000002,"profit_total":0.08032896044000001,"profit_total_pct":8.03,"duration_avg":"8:08:00","wins":8,"draws":0,"losses":4,"winrate":0.6666666666666666,"cagr":0.9894379938346012,"expectancy":6.694080036666666,"expectancy_ratio":0.27441098009132636,"sortino":2.6676735173108486,"sharpe":1.2870702374990473,"calmar":41.79607419606202,"sqn":0.7634,"profit_factor":1.8232329402739798,"max_drawdown_account":0.08955693682839143,"max_drawdown_abs":97.57743709}],"left_open_trades":[{"key":"TOTAL","trades":0,"profit_mean":0.0,"profit_mean_pct":0.0,"profit_sum":0.0,"profit_sum_pct":0.0,"profit_total_abs":0.0,"profit_total":0.0,"profit_total_pct":0.0,"duration_avg":"0:00","wins":0,"draws":0,"losses":0,"winrate":0.0,"cagr":0.0,"expectancy":0.0,"expectancy_ratio":100.0,"sortino":0,"sharpe":0,"calmar":0,"sqn":0.0,"profit_factor":0.0,"max_drawdown_account":0.0,"max_drawdown_abs":0.0}],"total_trades":12,"trade_count_long":12,"trade_count_short":0,"total_volume":24883.37839146,"avg_stake_amount":1032.4181233333334,"profit_mean":0.006936769074507643,"profit_median":0.010681973940785797,"profit_total":0.08032896044000001,"profit_total_long":0.08032896044000001,"profit_total_short":0.0,"profit_total_abs":80.32896044000002,"profit_total_long_abs":80.32896044000002,"profit_total_short_abs":0.0,"cagr":0.9894379938346012,"expectancy":6.694080036666666,"expectancy_ratio":0.27441098009132636,"sortino":2.6676735173108486,"sharpe":1.2870702374990473,"calmar":41.79607419606202,"sqn":0.7634,"profit_factor":1.8232329402739798,"backtest_start":"2025-05-16 00:00:00","backtest_start_ts":1747353600000,"backtest_end":"2025-06-26 15:15:00","backtest_end_ts":1750950900000,"backtest_days":41,"backtest_run_start_ts":1750952309,"backtest_run_end_ts":1750952309,"trades_per_day":0.29,"market_change":-0.18252115814873004,"pairlist":["SOL/USDT:USDT","ETH/USDT:USDT","SUI/USDT:USDT"],"stake_amount":"unlimited","stake_currency":"USDT","stake_currency_decimals":3,"starting_balance":1000,"dry_run_wallet":1000,"final_balance":1080.32896044,"rejected_signals":77,"timedout_entry_orders":0,"timedout_exit_orders":0,"canceled_trade_entries":0,"canceled_entry_orders":0,"replaced_entry_orders":0,"max_open_trades":1,"max_open_trades_setting":1,"timeframe":"15m","timeframe_detail":"","timerange":"","enable_protections":false,"strategy_name":"SimpleGrid","stoploss":-0.1,"trailing_stop":false,"trailing_stop_positive":null,"trailing_stop_positive_offset":0.0,"trailing_only_offset_is_reached":false,"use_custom_stoploss":false,"minimal_roi":{},"use_exit_signal":true,"exit_profit_only":false,"exit_profit_offset":0.0,"ignore_roi_if_entry_signal":false,"trading_mode":"futures","margin_mode":"isolated","periodic_breakdown":{"day":[{"date":"18/05/2025","date_ts":1747526400000,"profit_abs":35.14528743,"wins":1,"draws":0,"losses":0,"trades":1,"profit_factor":0.0},{"date":"19/05/2025","date_ts":1747612800000,"profit_abs":13.84649347,"wins":1,"draws":0,"losses":0,"trades":1,"profit_factor":0.0},{"date":"20/05/2025","date_ts":1747699200000,"profit_abs":0.0,"wins":0,"draws":0,"losses":0,"trades":0,"profit_factor":0.0},{"date":"21/05/2025","date_ts":1747785600000,"profit_abs":0.0,"wins":0,"draws":0,"losses":0,"trades":0,"profit_factor":0.0},{"date":"22/05/2025","date_ts":1747872000000,"profit_abs":0.0,"wins":0,"draws":0,"losses":0,"trades":0,"profit_factor":0.0},{"date":"23/05/2025","date_ts":1747958400000,"profit_abs":0.0,"wins":0,"draws":0,"losses":0,"trades":0,"profit_factor":0.0},{"date":"24/05/2025","date_ts":1748044800000,"profit_abs":0.0,"wins":0,"draws":0,"losses":0,"trades":0,"profit_factor":0.0},{"date":"25/05/2025","date_ts":1748131200000,"profit_abs":0.0,"wins":0,"draws":0,"losses":0,"trades":0,"profit_factor":0.0},{"date":"26/05/2025","date_ts":1748217600000,"profit_abs":0.0,"wins":0,"draws":0,"losses":0,"trades":0,"profit_factor":0.0},{"date":"27/05/2025","date_ts":1748304000000,"profit_abs":0.0,"wins":0,"draws":0,"losses":0,"trades":0,"profit_factor":0.0},{"date":"28/05/2025","date_ts":1748390400000,"profit_abs":0.0,"wins":0,"draws":0,"losses":0,"trades":0,"profit_factor":0.0},{"date":"29/05/2025","date_ts":1748476800000,"profit_abs":0.0,"wins":0,"draws":0,"losses":0,"trades":0,"profit_factor":0.0},{"date":"30/05/2025","date_ts":1748563200000,"profit_abs":0.0,"wins":0,"draws":0,"losses":0,"trades":0,"profit_factor":0.0},{"date":"31/05/2025","date_ts":1748649600000,"profit_abs":0.0,"wins":0,"draws":0,"losses":0,"trades":0,"profit_factor":0.0},{"date":"01/06/2025","date_ts":1748736000000,"profit_abs":0.0,"wins":0,"draws":0,"losses":0,"trades":0,"profit_factor":0.0},{"date":"02/06/2025","date_ts":1748822400000,"profit_abs":0.0,"wins":0,"draws":0,"losses":0,"trades":0,"profit_factor":0.0},{"date":"03/06/2025","date_ts":1748908800000,"profit_abs":0.0,"wins":0,"draws":0,"losses":0,"trades":0,"profit_factor":0.0},{"date":"04/06/2025","date_ts":1748995200000,"profit_abs":0.0,"wins":0,"draws":0,"losses":0,"trades":0,"profit_factor":0.0},{"date":"05/06/2025","date_ts":1749081600000,"profit_abs":17.545593,"wins":1,"draws":0,"losses":0,"trades":1,"profit_factor":0.0},{"date":"06/06/2025","date_ts":1749168000000,"profit_abs":10.14333102,"wins":1,"draws":0,"losses":0,"trades":1,"profit_factor":0.0},{"date":"07/06/2025","date_ts":1749254400000,"profit_abs":0.0,"wins":0,"draws":0,"losses":0,"trades":0,"profit_factor":0.0},{"date":"08/06/2025","date_ts":1749340800000,"profit_abs":0.0,"wins":0,"draws":0,"losses":0,"trades":0,"profit_factor":0.0},{"date":"09/06/2025","date_ts":1749427200000,"profit_abs":0.0,"wins":0,"draws":0,"losses":0,"trades":0,"profit_factor":0.0},{"date":"10/06/2025","date_ts":1749513600000,"profit_abs":0.0,"wins":0,"draws":0,"losses":0,"trades":0,"profit_factor":0.0},{"date":"11/06/2025","date_ts":1749600000000,"profit_abs":0.0,"wins":0,"draws":0,"losses":0,"trades":0,"profit_factor":0.0},{"date":"12/06/2025","date_ts":1749686400000,"profit_abs":0.0,"wins":0,"draws":0,"losses":0,"trades":0,"profit_factor":0.0},{"date":"13/06/2025","date_ts":1749772800000,"profit_abs":12.8768497,"wins":1,"draws":0,"losses":0,"trades":1,"profit_factor":0.0},{"date":"14/06/2025","date_ts":1749859200000,"profit_abs":0.0,"wins":0,"draws":0,"losses":0,"trades":0,"profit_factor":0.0},{"date":"15/06/2025","date_ts":1749945600000,"profit_abs":0.0,"wins":0,"draws":0,"losses":0,"trades":0,"profit_factor":0.0},{"date":"16/06/2025","date_ts":1750032000000,"profit_abs":0.0,"wins":0,"draws":0,"losses":0,"trades":0,"profit_factor":0.0},{"date":"17/06/2025","date_ts":1750118400000,"profit_abs":0.0,"wins":0,"draws":0,"losses":0,"trades":0,"profit_factor":0.0},{"date":"18/06/2025","date_ts":1750204800000,"profit_abs":0.0,"wins":0,"draws":0,"losses":0,"trades":0,"profit_factor":0.0},{"date":"19/06/2025","date_ts":1750291200000,"profit_abs":0.0,"wins":0,"draws":0,"losses":0,"trades":0,"profit_factor":0.0},{"date":"20/06/2025","date_ts":1750377600000,"profit_abs":0.0,"wins":0,"draws":0,"losses":0,"trades":0,"profit_factor":0.0},{"date":"21/06/2025","date_ts":1750464000000,"profit_abs":-30.04029114,"wins":0,"draws":0,"losses":1,"trades":1,"profit_factor":0.0},{"date":"22/06/2025","date_ts":1750550400000,"profit_abs":-44.54297396,"wins":0,"draws":0,"losses":1,"trades":1,"profit_factor":0.0},{"date":"23/06/2025","date_ts":1750636800000,"profit_abs":50.17856786,"wins":1,"draws":0,"losses":2,"trades":3,"profit_factor":3.18222982},{"date":"24/06/2025","date_ts":1750723200000,"profit_abs":2.76470721,"wins":1,"draws":0,"losses":0,"trades":1,"profit_factor":0.0},{"date":"25/06/2025","date_ts":1750809600000,"profit_abs":12.41139585,"wins":1,"draws":0,"losses":0,"trades":1,"profit_factor":0.0}],"week":[{"date":"19/05/2025","date_ts":1747612800000,"profit_abs":48.9917809,"wins":2,"draws":0,"losses":0,"trades":2,"profit_factor":0.0},{"date":"26/05/2025","date_ts":1748217600000,"profit_abs":0.0,"wins":0,"draws":0,"losses":0,"trades":0,"profit_factor":0.0},{"date":"02/06/2025","date_ts":1748822400000,"profit_abs":0.0,"wins":0,"draws":0,"losses":0,"trades":0,"profit_factor":0.0},{"date":"09/06/2025","date_ts":1749427200000,"profit_abs":27.68892402,"wins":2,"draws":0,"losses":0,"trades":2,"profit_factor":0.0},{"date":"16/06/2025","date_ts":1750032000000,"profit_abs":12.8768497,"wins":1,"draws":0,"losses":0,"trades":1,"profit_factor":0.0},{"date":"23/06/2025","date_ts":1750636800000,"profit_abs":-24.40469724,"wins":1,"draws":0,"losses":4,"trades":5,"profit_factor":0.74989405},{"date":"30/06/2025","date_ts":1751241600000,"profit_abs":15.17610306,"wins":2,"draws":0,"losses":0,"trades":2,"profit_factor":0.0}],"month":[{"date":"31/05/2025","date_ts":1748649600000,"profit_abs":48.9917809,"wins":2,"draws":0,"losses":0,"trades":2,"profit_factor":0.0},{"date":"30/06/2025","date_ts":1751241600000,"profit_abs":31.33717954,"wins":6,"draws":0,"losses":4,"trades":10,"profit_factor":1.3211519}],"year":[{"date":"31/12/2025","date_ts":1767139200000,"profit_abs":80.32896044,"wins":8,"draws":0,"losses":4,"trades":12,"profit_factor":1.82323294}]},"backtest_best_day":0.051550442783236804,"backtest_worst_day":-0.042450312527500866,"backtest_best_day_abs":50.17856786,"backtest_worst_day_abs":-44.54297396,"winning_days":8,"draw_days":29,"losing_days":2,"daily_profit":[["2025-05-18",35.14528743],["2025-05-19",13.84649347],["2025-05-20",0.0],["2025-05-21",0.0],["2025-05-22",0.0],["2025-05-23",0.0],["2025-05-24",0.0],["2025-05-25",0.0],["2025-05-26",0.0],["2025-05-27",0.0],["2025-05-28",0.0],["2025-05-29",0.0],["2025-05-30",0.0],["2025-05-31",0.0],["2025-06-01",0.0],["2025-06-02",0.0],["2025-06-03",0.0],["2025-06-04",0.0],["2025-06-05",17.545593],["2025-06-06",10.14333102],["2025-06-07",0.0],["2025-06-08",0.0],["2025-06-09",0.0],["2025-06-10",0.0],["2025-06-11",0.0],["2025-06-12",0.0],["2025-06-13",12.8768497],["2025-06-14",0.0],["2025-06-15",0.0],["2025-06-16",0.0],["2025-06-17",0.0],["2025-06-18",0.0],["2025-06-19",0.0],["2025-06-20",0.0],["2025-06-21",-30.04029114],["2025-06-22",-44.54297396],["2025-06-23",50.17856786],["2025-06-24",2.76470721],["2025-06-25",12.41139585]],"wins":8,"losses":4,"draws":0,"winrate":0.6666666666666666,"holding_avg":"8:08:00","holding_avg_s":29280.0,"winner_holding_min":"0d 00:30","winner_holding_min_s":1800.0,"winner_holding_max":"0d 16:15","winner_holding_max_s":58500.0,"winner_holding_avg":"0d 05:38","winner_holding_avg_s":20280.0,"loser_holding_min":"0d 03:15","loser_holding_min_s":11700.0,"loser_holding_max":"1d 04:15","loser_holding_max_s":101700.0,"loser_holding_avg":"0d 13:08","loser_holding_avg_s":47280.0,"max_consecutive_wins":5,"max_consecutive_losses":4,"max_drawdown_account":0.08955693682839143,"max_relative_drawdown":0.08955693682839143,"max_drawdown_abs":97.57743709,"drawdown_start":"2025-06-13 03:15:00","drawdown_start_ts":1749784500000.0,"drawdown_end":"2025-06-23 16:00:00","drawdown_end_ts":1750694400000.0,"max_drawdown_low":-8.019882469999994,"max_drawdown_high":89.55755462,"csum_min":991.98011753,"csum_max":1089.55755462}},"strategy_comparison":[{"key":"SimpleGrid","trades":12,"profit_mean":0.006936769074507643,"profit_mean_pct":0.69,"profit_sum":0.08324122889409172,"profit_sum_pct":8.32,"profit_total_abs":80.32896044000002,"profit_total":0.08032896044000001,"profit_total_pct":8.03,"duration_avg":"8:08:00","wins":8,"draws":0,"losses":4,"winrate":0.6666666666666666,"cagr":0.9894379938346012,"expectancy":6.694080036666666,"expectancy_ratio":0.27441098009132636,"sortino":2.6676735173108486,"sharpe":1.2870702374990473,"calmar":41.79607419606202,"sqn":0.7634,"profit_factor":1.8232329402739798,"max_drawdown_account":0.08955693682839143,"max_drawdown_abs":"97.577"}]}