{"strategy":{"GridBotSample":{"trades":[{"pair":"ETH/USDT:USDT","stake_amount":328.5503,"max_stake_amount":328.5503,"amount":0.13,"open_date":"2025-05-17 00:15:00+00:00","close_date":"2025-05-18 04:30:00+00:00","open_rate":2527.31,"close_rate":2481.15,"fee_open":0.0005,"fee_close":0.0005,"trade_duration":1695,"profit_ratio":-0.019302551665391222,"profit_abs":-6.34503007,"exit_reason":"exit_signal","initial_stop_loss_abs":2274.58,"initial_stop_loss_ratio":-0.1,"stop_loss_abs":2274.58,"stop_loss_ratio":-0.1,"min_rate":2442.65,"max_rate":2527.31,"is_open":false,"enter_tag":"","leverage":1.0,"is_short":false,"open_timestamp":1747440900000,"close_timestamp":1747542600000,"orders":[{"amount":0.13,"safe_price":2527.31,"ft_order_side":"buy","order_filled_timestamp":1747440900000,"ft_is_entry":true,"ft_order_tag":"","cost":328.71457515},{"amount":0.13,"safe_price":2481.15,"ft_order_side":"sell","order_filled_timestamp":1747542600000,"ft_is_entry":false,"ft_order_tag":"exit_signal","cost":322.71077475}],"funding_fees":-0.01868017480991883},{"pair":"BTC/USDT:USDT","stake_amount":312.8019,"max_stake_amount":312.8019,"amount":0.003,"open_date":"2025-05-18 18:15:00+00:00","close_date":"2025-05-18 18:30:00+00:00","open_rate":104267.3,"close_rate":104649.8,"fee_open":0.0005,"fee_close":0.0005,"trade_duration":15,"profit_ratio":0.0026652891055069486,"profit_abs":0.83412435,"exit_reason":"exit_signal","initial_stop_loss_abs":93840.6,"initial_stop_loss_ratio":-0.1,"stop_loss_abs":93840.6,"stop_loss_ratio":-0.1,"min_rate":104012.8,"max_rate":104716.7,"is_open":false,"enter_tag":"","leverage":1.0,"is_short":false,"open_timestamp":1747592100000,"close_timestamp":1747593000000,"orders":[{"amount":0.003,"safe_price":104267.3,"ft_order_side":"buy","order_filled_timestamp":1747592100000,"ft_is_entry":true,"ft_order_tag":"","cost":312.95830094999997},{"amount":0.003,"safe_price":104649.8,"ft_order_side":"sell","order_filled_timestamp":1747593000000,"ft_is_entry":false,"ft_order_tag":"exit_signal","cost":314.1063747}],"funding_fees":0.0},{"pair":"ETH/USDT:USDT","stake_amount":325.79176,"max_stake_amount":325.79176,"amount":0.131,"open_date":"2025-05-18 04:45:00+00:00","close_date":"2025-05-18 20:00:00+00:00","open_rate":2486.96,"close_rate":2406.78,"fee_open":0.0005,"fee_close":0.0005,"trade_duration":915,"profit_ratio":-0.03325826502073648,"profit_abs":-10.84068633,"exit_reason":"exit_signal","initial_stop_loss_abs":2238.27,"initial_stop_loss_ratio":-0.1,"stop_loss_abs":2238.27,"stop_loss_ratio":-0.1,"min_rate":2312.62,"max_rate":2587.52,"is_open":false,"enter_tag":"","leverage":1.0,"is_short":false,"open_timestamp":1747543500000,"close_timestamp":1747598400000,"orders":[{"amount":0.131,"safe_price":2486.96,"ft_order_side":"buy","order_filled_timestamp":1747543500000,"ft_is_entry":true,"ft_order_tag":"","cost":325.95465588},{"amount":0.131,"safe_price":2406.78,"ft_order_side":"sell","order_filled_timestamp":1747598400000,"ft_is_entry":false,"ft_order_tag":"exit_signal","cost":315.44582409}],"funding_fees":-0.01656635586090441},{"pair":"BTC/USDT:USDT","stake_amount":310.8753,"max_stake_amount":310.8753,"amount":0.003,"open_date":"2025-05-19 04:15:00+00:00","close_date":"2025-05-19 04:30:00+00:00","open_rate":103625.1,"close_rate":103266.3,"fee_open":0.0005,"fee_close":0.0005,"trade_duration":15,"profit_ratio":-0.0044585210789053345,"profit_abs":-1.3867371,"exit_reason":"exit_signal","initial_stop_loss_abs":93262.6,"initial_stop_loss_ratio":-0.1,"stop_loss_abs":93262.6,"stop_loss_ratio":-0.1,"min_rate":103000.0,"max_rate":103626.6,"is_open":false,"enter_tag":"","leverage":1.0,"is_short":false,"open_timestamp":1747628100000,"close_timestamp":1747629000000,"orders":[{"amount":0.003,"safe_price":103625.1,"ft_order_side":"buy","order_filled_timestamp":1747628100000,"ft_is_entry":true,"ft_order_tag":"","cost":311.03073765000005},{"amount":0.003,"safe_price":103266.3,"ft_order_side":"sell","order_filled_timestamp":1747629000000,"ft_is_entry":false,"ft_order_tag":"exit_signal","cost":309.95379944999996}],"funding_fees":0.0},{"pair":"ETH/USDT:USDT","stake_amount":323.47861,"max_stake_amount":323.47861,"amount":0.133,"open_date":"2025-05-19 13:45:00+00:00","close_date":"2025-05-22 03:45:00+00:00","open_rate":2432.17,"close_rate":2634.82,"fee_open":0.0005,"fee_close":0.0005,"trade_duration":3720,"profit_ratio":0.08182421986896206,"profit_abs":26.4816191,"exit_reason":"exit_signal","initial_stop_loss_abs":2188.96,"initial_stop_loss_ratio":-0.1,"stop_loss_abs":2188.96,"stop_loss_ratio":-0.1,"min_rate":2416.4,"max_rate":2647.25,"is_open":false,"enter_tag":"","leverage":1.0,"is_short":false,"open_timestamp":1747662300000,"close_timestamp":1747885500000,"orders":[{"amount":0.133,"safe_price":2432.17,"ft_order_side":"buy","order_filled_timestamp":1747662300000,"ft_is_entry":true,"ft_order_tag":"","cost":323.640349305},{"amount":0.133,"safe_price":2634.82,"ft_order_side":"sell","order_filled_timestamp":1747885500000,"ft_is_entry":false,"ft_order_tag":"exit_signal","cost":350.60627553000006}],"funding_fees":-0.1338760659079377},{"pair":"ETH/USDT:USDT","stake_amount":331.25315,"max_stake_amount":331.25315,"amount":0.131,"open_date":"2025-05-23 23:30:00+00:00","close_date":"2025-05-24 18:15:00+00:00","open_rate":2528.65,"close_rate":2561.57,"fee_open":0.0005,"fee_close":0.0005,"trade_duration":1125,"profit_ratio":0.011844534671715137,"profit_abs":3.92550119,"exit_reason":"exit_signal","initial_stop_loss_abs":2275.79,"initial_stop_loss_ratio":-0.1,"stop_loss_abs":2275.79,"stop_loss_ratio":-0.1,"min_rate":2502.1,"max_rate":2574.5,"is_open":false,"enter_tag":"","leverage":1.0,"is_short":false,"open_timestamp":1748043000000,"close_timestamp":1748110500000,"orders":[{"amount":0.131,"safe_price":2528.65,"ft_order_side":"buy","order_filled_timestamp":1748043000000,"ft_is_entry":true,"ft_order_tag":"","cost":331.418776575},{"amount":0.131,"safe_price":2561.57,"ft_order_side":"sell","order_filled_timestamp":1748110500000,"ft_is_entry":false,"ft_order_tag":"exit_signal","cost":335.733452835}],"funding_fees":-0.053609403505063054},{"pair":"ETH/USDT:USDT","stake_amount":333.2076,"max_stake_amount":333.2076,"amount":0.132,"open_date":"2025-05-24 23:00:00+00:00","close_date":"2025-05-25 19:00:00+00:00","open_rate":2524.3,"close_rate":2514.89,"fee_open":0.0005,"fee_close":0.0005,"trade_duration":1200,"profit_ratio":-0.004905422799242993,"profit_abs":-1.63534142,"exit_reason":"exit_signal","initial_stop_loss_abs":2271.88,"initial_stop_loss_ratio":-0.1,"stop_loss_abs":2271.88,"stop_loss_ratio":-0.1,"min_rate":2457.6,"max_rate":2538.38,"is_open":false,"enter_tag":"","leverage":1.0,"is_short":false,"open_timestamp":1748127600000,"close_timestamp":1748199600000,"orders":[{"amount":0.132,"safe_price":2524.3,"ft_order_side":"buy","order_filled_timestamp":1748127600000,"ft_is_entry":true,"ft_order_tag":"","cost":333.3742038},{"amount":0.132,"safe_price":2514.89,"ft_order_side":"sell","order_filled_timestamp":1748199600000,"ft_is_entry":false,"ft_order_tag":"exit_signal","cost":332.13146274}],"funding_fees":-0.060634881727199996},{"pair":"ETH/USDT:USDT","stake_amount":332.6796,"max_stake_amount":332.6796,"amount":0.132,"open_date":"2025-05-25 19:30:00+00:00","close_date":"2025-05-25 21:00:00+00:00","open_rate":2520.3,"close_rate":2522.66,"fee_open":0.0005,"fee_close":0.0005,"trade_duration":90,"profit_ratio":-6.403971763275208e-05,"profit_abs":-0.02131536,"exit_reason":"exit_signal","initial_stop_loss_abs":2268.28,"initial_stop_loss_ratio":-0.1,"stop_loss_abs":2268.28,"stop_loss_ratio":-0.1,"min_rate":2509.69,"max_rate":2537.0,"is_open":false,"enter_tag":"","leverage":1.0,"is_short":false,"open_timestamp":1748201400000,"close_timestamp":1748206800000,"orders":[{"amount":0.132,"safe_price":2520.3,"ft_order_side":"buy","order_filled_timestamp":1748201400000,"ft_is_entry":true,"ft_order_tag":"","cost":332.84593980000005},{"amount":0.132,"safe_price":2522.66,"ft_order_side":"sell","order_filled_timestamp":1748206800000,"ft_is_entry":false,"ft_order_tag":"exit_signal","cost":333.15761556}],"funding_fees":0.0},{"pair":"ETH/USDT:USDT","stake_amount":332.69676,"max_stake_amount":332.69676,"amount":0.132,"open_date":"2025-05-25 21:30:00+00:00","close_date":"2025-05-27 08:30:00+00:00","open_rate":2520.43,"close_rate":2637.32,"fee_open":0.0005,"fee_close":0.0005,"trade_duration":2100,"profit_ratio":0.04505274526511949,"profit_abs":14.99639683,"exit_reason":"exit_signal","initial_stop_loss_abs":2268.39,"initial_stop_loss_ratio":-0.1,"stop_loss_abs":2268.39,"stop_loss_ratio":-0.1,"min_rate":2506.08,"max_rate":2643.44,"is_open":false,"enter_tag":"","leverage":1.0,"is_short":false,"open_timestamp":1748208600000,"close_timestamp":1748334600000,"orders":[{"amount":0.132,"safe_price":2520.43,"ft_order_side":"buy","order_filled_timestamp":1748208600000,"ft_is_entry":true,"ft_order_tag":"","cost":332.86310837999997},{"amount":0.132,"safe_price":2637.32,"ft_order_side":"sell","order_filled_timestamp":1748334600000,"ft_is_entry":false,"ft_order_tag":"exit_signal","cost":348.30030312}],"funding_fees":-0.09267166521058957},{"pair":"BTC/USDT:USDT","stake_amount":313.0737,"max_stake_amount":313.0737,"amount":0.003,"open_date":"2025-05-30 16:45:00+00:00","close_date":"2025-05-30 17:00:00+00:00","open_rate":104357.9,"close_rate":103867.5,"fee_open":0.0005,"fee_close":0.0005,"trade_duration":15,"profit_ratio":-0.005694016382122465,"profit_abs":-1.7835381,"exit_reason":"exit_signal","initial_stop_loss_abs":93922.2,"initial_stop_loss_ratio":-0.1,"stop_loss_abs":93922.2,"stop_loss_ratio":-0.1,"min_rate":103650.2,"max_rate":104358.0,"is_open":false,"enter_tag":"","leverage":1.0,"is_short":false,"open_timestamp":1748623500000,"close_timestamp":1748624400000,"orders":[{"amount":0.003,"safe_price":104357.9,"ft_order_side":"buy","order_filled_timestamp":1748623500000,"ft_is_entry":true,"ft_order_tag":"","cost":313.23023685},{"amount":0.003,"safe_price":103867.5,"ft_order_side":"sell","order_filled_timestamp":1748624400000,"ft_is_entry":false,"ft_order_tag":"exit_signal","cost":311.75830125}],"funding_fees":0.0},{"pair":"ETH/USDT:USDT","stake_amount":335.63481,"max_stake_amount":335.63481,"amount":0.133,"open_date":"2025-05-30 22:45:00+00:00","close_date":"2025-05-31 12:00:00+00:00","open_rate":2523.57,"close_rate":2518.6,"fee_open":0.0005,"fee_close":0.0005,"trade_duration":795,"profit_ratio":-0.003081307993317367,"profit_abs":-1.03471132,"exit_reason":"exit_signal","initial_stop_loss_abs":2271.22,"initial_stop_loss_ratio":-0.1,"stop_loss_abs":2271.22,"stop_loss_ratio":-0.1,"min_rate":2474.0,"max_rate":2543.45,"is_open":false,"enter_tag":"","leverage":1.0,"is_short":false,"open_timestamp":1748645100000,"close_timestamp":1748692800000,"orders":[{"amount":0.133,"safe_price":2523.57,"ft_order_side":"buy","order_filled_timestamp":1748645100000,"ft_is_entry":true,"ft_order_tag":"","cost":335.802627405},{"amount":0.133,"safe_price":2518.6,"ft_order_side":"sell","order_filled_timestamp":1748692800000,"ft_is_entry":false,"ft_order_tag":"exit_signal","cost":335.14128689999995}],"funding_fees":-0.03839701496554949},{"pair":"ETH/USDT:USDT","stake_amount":336.40887,"max_stake_amount":336.40887,"amount":0.133,"open_date":"2025-05-31 12:15:00+00:00","close_date":"2025-05-31 19:00:00+00:00","open_rate":2529.39,"close_rate":2538.82,"fee_open":0.0005,"fee_close":0.0005,"trade_duration":405,"profit_ratio":0.0026975074625153594,"profit_abs":0.90791917,"exit_reason":"exit_signal","initial_stop_loss_abs":2276.46,"initial_stop_loss_ratio":-0.1,"stop_loss_abs":2276.46,"stop_loss_ratio":-0.1,"min_rate":2521.05,"max_rate":2550.0,"is_open":false,"enter_tag":"","leverage":1.0,"is_short":false,"open_timestamp":1748693700000,"close_timestamp":1748718000000,"orders":[{"amount":0.133,"safe_price":2529.39,"ft_order_side":"buy","order_filled_timestamp":1748693700000,"ft_is_entry":true,"ft_order_tag":"","cost":336.577074435},{"amount":0.133,"safe_price":2538.82,"ft_order_side":"sell","order_filled_timestamp":1748718000000,"ft_is_entry":false,"ft_order_tag":"exit_signal","cost":337.83189153}],"funding_fees":-0.009234868889238438},{"pair":"ETH/USDT:USDT","stake_amount":336.41818,"max_stake_amount":336.41818,"amount":0.133,"open_date":"2025-05-31 23:45:00+00:00","close_date":"2025-06-01 05:45:00+00:00","open_rate":2529.46,"close_rate":2515.81,"fee_open":0.0005,"fee_close":0.0005,"trade_duration":360,"profit_ratio":-0.006465607257274135,"profit_abs":-2.1762354,"exit_reason":"exit_signal","initial_stop_loss_abs":2276.52,"initial_stop_loss_ratio":-0.1,"stop_loss_abs":2276.52,"stop_loss_ratio":-0.1,"min_rate":2488.52,"max_rate":2530.45,"is_open":false,"enter_tag":"","leverage":1.0,"is_short":false,"open_timestamp":1748735100000,"close_timestamp":1748756700000,"orders":[{"amount":0.133,"safe_price":2529.46,"ft_order_side":"buy","order_filled_timestamp":1748735100000,"ft_is_entry":true,"ft_order_tag":"","cost":336.58638909},{"amount":0.133,"safe_price":2515.81,"ft_order_side":"sell","order_filled_timestamp":1748756700000,"ft_is_entry":false,"ft_order_tag":"exit_signal","cost":334.77003136499997}],"funding_fees":-0.025274943344000003},{"pair":"ETH/USDT:USDT","stake_amount":334.82218,"max_stake_amount":334.82218,"amount":0.133,"open_date":"2025-06-01 06:00:00+00:00","close_date":"2025-06-03 01:45:00+00:00","open_rate":2517.46,"close_rate":2636.84,"fee_open":0.0005,"fee_close":0.0005,"trade_duration":2625,"profit_ratio":0.046110916042910774,"profit_abs":15.44667691,"exit_reason":"exit_signal","initial_stop_loss_abs":2265.72,"initial_stop_loss_ratio":-0.1,"stop_loss_abs":2265.72,"stop_loss_ratio":-0.1,"min_rate":2465.0,"max_rate":2649.0,"is_open":false,"enter_tag":"","leverage":1.0,"is_short":false,"open_timestamp":1748757600000,"close_timestamp":1748915100000,"orders":[{"amount":0.133,"safe_price":2517.46,"ft_order_side":"buy","order_filled_timestamp":1748757600000,"ft_is_entry":true,"ft_order_tag":"","cost":334.98959109},{"amount":0.133,"safe_price":2636.84,"ft_order_side":"sell","order_filled_timestamp":1748915100000,"ft_is_entry":false,"ft_order_tag":"exit_signal","cost":350.87506986}],"funding_fees":-0.08810214132222975},{"pair":"BTC/USDT:USDT","stake_amount":313.4259,"max_stake_amount":313.4259,"amount":0.003,"open_date":"2025-06-05 14:00:00+00:00","close_date":"2025-06-05 14:15:00+00:00","open_rate":104475.3,"close_rate":104223.7,"fee_open":0.0005,"fee_close":0.0005,"trade_duration":15,"profit_ratio":-0.0034053179478106647,"profit_abs":-1.0678485,"exit_reason":"exit_signal","initial_stop_loss_abs":94027.8,"initial_stop_loss_ratio":-0.1,"stop_loss_abs":94027.8,"stop_loss_ratio":-0.1,"min_rate":103825.0,"max_rate":104506.3,"is_open":false,"enter_tag":"","leverage":1.0,"is_short":false,"open_timestamp":1749132000000,"close_timestamp":1749132900000,"orders":[{"amount":0.003,"safe_price":104475.3,"ft_order_side":"buy","order_filled_timestamp":1749132000000,"ft_is_entry":true,"ft_order_tag":"","cost":313.58261295},{"amount":0.003,"safe_price":104223.7,"ft_order_side":"sell","order_filled_timestamp":1749132900000,"ft_is_entry":false,"ft_order_tag":"exit_signal","cost":312.82743555}],"funding_fees":0.0},{"pair":"BTC/USDT:USDT","stake_amount":306.4872,"max_stake_amount":306.4872,"amount":0.003,"open_date":"2025-06-05 19:30:00+00:00","close_date":"2025-06-05 19:45:00+00:00","open_rate":102162.4,"close_rate":102161.6,"fee_open":0.0005,"fee_close":0.0005,"trade_duration":15,"profit_ratio":-0.0010073230927193976,"profit_abs":-0.308886,"exit_reason":"exit_signal","initial_stop_loss_abs":91946.2,"initial_stop_loss_ratio":-0.1,"stop_loss_abs":91946.2,"stop_loss_ratio":-0.1,"min_rate":101808.2,"max_rate":102445.7,"is_open":false,"enter_tag":"","leverage":1.0,"is_short":false,"open_timestamp":1749151800000,"close_timestamp":1749152700000,"orders":[{"amount":0.003,"safe_price":102162.4,"ft_order_side":"buy","order_filled_timestamp":1749151800000,"ft_is_entry":true,"ft_order_tag":"","cost":306.64044359999997},{"amount":0.003,"safe_price":102161.6,"ft_order_side":"sell","order_filled_timestamp":1749152700000,"ft_is_entry":false,"ft_order_tag":"exit_signal","cost":306.6380424}],"funding_fees":0.0},{"pair":"ETH/USDT:USDT","stake_amount":341.2908,"max_stake_amount":341.2908,"amount":0.135,"open_date":"2025-06-05 20:00:00+00:00","close_date":"2025-06-05 20:45:00+00:00","open_rate":2528.08,"close_rate":2417.7,"fee_open":0.0005,"fee_close":0.0005,"trade_duration":45,"profit_ratio":-0.04461745346433773,"profit_abs":-15.23514015,"exit_reason":"exit_signal","initial_stop_loss_abs":2275.28,"initial_stop_loss_ratio":-0.1,"stop_loss_abs":2275.28,"stop_loss_ratio":-0.1,"min_rate":2392.32,"max_rate":2534.79,"is_open":false,"enter_tag":"","leverage":1.0,"is_short":false,"open_timestamp":1749153600000,"close_timestamp":1749156300000,"orders":[{"amount":0.135,"safe_price":2528.08,"ft_order_side":"buy","order_filled_timestamp":1749153600000,"ft_is_entry":true,"ft_order_tag":"","cost":341.46144539999995},{"amount":0.135,"safe_price":2417.7,"ft_order_side":"sell","order_filled_timestamp":1749156300000,"ft_is_entry":false,"ft_order_tag":"exit_signal","cost":326.55269475}],"funding_fees":0.0},{"pair":"ETH/USDT:USDT","stake_amount":335.961,"max_stake_amount":335.961,"amount":0.138,"open_date":"2025-06-06 03:00:00+00:00","close_date":"2025-06-07 08:45:00+00:00","open_rate":2434.5,"close_rate":2485.35,"fee_open":0.0005,"fee_close":0.0005,"trade_duration":1785,"profit_ratio":0.019668409043950317,"profit_abs":6.61112228,"exit_reason":"exit_signal","initial_stop_loss_abs":2191.05,"initial_stop_loss_ratio":-0.1,"stop_loss_abs":2191.05,"stop_loss_ratio":-0.1,"min_rate":2427.12,"max_rate":2529.67,"is_open":false,"enter_tag":"","leverage":1.0,"is_short":false,"open_timestamp":1749178800000,"close_timestamp":1749285900000,"orders":[{"amount":0.138,"safe_price":2434.5,"ft_order_side":"buy","order_filled_timestamp":1749178800000,"ft_is_entry":true,"ft_order_tag":"","cost":336.1289805},{"amount":0.138,"safe_price":2485.35,"ft_order_side":"sell","order_filled_timestamp":1749285900000,"ft_is_entry":false,"ft_order_tag":"exit_signal","cost":343.14978914999995}],"funding_fees":-0.06670807463917773},{"pair":"ETH/USDT:USDT","stake_amount":337.63768,"max_stake_amount":337.63768,"amount":0.136,"open_date":"2025-06-07 09:00:00+00:00","close_date":"2025-06-07 10:00:00+00:00","open_rate":2482.63,"close_rate":2485.01,"fee_open":0.0005,"fee_close":0.0005,"trade_duration":60,"profit_ratio":-4.1797656494132825e-05,"profit_abs":-0.01411952,"exit_reason":"exit_signal","initial_stop_loss_abs":2234.37,"initial_stop_loss_ratio":-0.1,"stop_loss_abs":2234.37,"stop_loss_ratio":-0.1,"min_rate":2481.91,"max_rate":2489.36,"is_open":false,"enter_tag":"","leverage":1.0,"is_short":false,"open_timestamp":1749286800000,"close_timestamp":1749290400000,"orders":[{"amount":0.136,"safe_price":2482.63,"ft_order_side":"buy","order_filled_timestamp":1749286800000,"ft_is_entry":true,"ft_order_tag":"","cost":337.80649884},{"amount":0.136,"safe_price":2485.01,"ft_order_side":"sell","order_filled_timestamp":1749290400000,"ft_is_entry":false,"ft_order_tag":"exit_signal","cost":338.1303406800001}],"funding_fees":0.0},{"pair":"ETH/USDT:USDT","stake_amount":338.44416,"max_stake_amount":338.44416,"amount":0.136,"open_date":"2025-06-07 10:15:00+00:00","close_date":"2025-06-07 20:00:00+00:00","open_rate":2488.56,"close_rate":2515.78,"fee_open":0.0005,"fee_close":0.0005,"trade_duration":585,"profit_ratio":0.009859303904330796,"profit_abs":3.33849224,"exit_reason":"exit_signal","initial_stop_loss_abs":2239.71,"initial_stop_loss_ratio":-0.1,"stop_loss_abs":2239.71,"stop_loss_ratio":-0.1,"min_rate":2487.11,"max_rate":2524.9,"is_open":false,"enter_tag":"","leverage":1.0,"is_short":false,"open_timestamp":1749291300000,"close_timestamp":1749326400000,"orders":[{"amount":0.136,"safe_price":2488.56,"ft_order_side":"buy","order_filled_timestamp":1749291300000,"ft_is_entry":true,"ft_order_tag":"","cost":338.61338208},{"amount":0.136,"safe_price":2515.78,"ft_order_side":"sell","order_filled_timestamp":1749326400000,"ft_is_entry":false,"ft_order_tag":"exit_signal","cost":342.31715304}],"funding_fees":-0.023132640357256623},{"pair":"ETH/USDT:USDT","stake_amount":338.1825,"max_stake_amount":338.1825,"amount":0.134,"open_date":"2025-06-07 20:15:00+00:00","close_date":"2025-06-07 21:00:00+00:00","open_rate":2523.75,"close_rate":2520.75,"fee_open":0.0005,"fee_close":0.0005,"trade_duration":45,"profit_ratio":-0.0021870194174829372,"profit_abs":-0.7399815,"exit_reason":"exit_signal","initial_stop_loss_abs":2271.38,"initial_stop_loss_ratio":-0.1,"stop_loss_abs":2271.38,"stop_loss_ratio":-0.1,"min_rate":2517.28,"max_rate":2524.12,"is_open":false,"enter_tag":"","leverage":1.0,"is_short":false,"open_timestamp":1749327300000,"close_timestamp":1749330000000,"orders":[{"amount":0.134,"safe_price":2523.75,"ft_order_side":"buy","order_filled_timestamp":1749327300000,"ft_is_entry":true,"ft_order_tag":"","cost":338.35159125},{"amount":0.134,"safe_price":2520.75,"ft_order_side":"sell","order_filled_timestamp":1749330000000,"ft_is_entry":false,"ft_order_tag":"exit_signal","cost":337.94939025}],"funding_fees":0.0},{"pair":"ETH/USDT:USDT","stake_amount":337.51786,"max_stake_amount":337.51786,"amount":0.134,"open_date":"2025-06-07 21:15:00+00:00","close_date":"2025-06-07 21:30:00+00:00","open_rate":2518.79,"close_rate":2519.35,"fee_open":0.0005,"fee_close":0.0005,"trade_duration":15,"profit_ratio":-0.0007773934923208123,"profit_abs":-0.26251538,"exit_reason":"exit_signal","initial_stop_loss_abs":2266.92,"initial_stop_loss_ratio":-0.1,"stop_loss_abs":2266.92,"stop_loss_ratio":-0.1,"min_rate":2517.22,"max_rate":2522.38,"is_open":false,"enter_tag":"","leverage":1.0,"is_short":false,"open_timestamp":1749330900000,"close_timestamp":1749331800000,"orders":[{"amount":0.134,"safe_price":2518.79,"ft_order_side":"buy","order_filled_timestamp":1749330900000,"ft_is_entry":true,"ft_order_tag":"","cost":337.68661893},{"amount":0.134,"safe_price":2519.35,"ft_order_side":"sell","order_filled_timestamp":1749331800000,"ft_is_entry":false,"ft_order_tag":"exit_signal","cost":337.76169645}],"funding_fees":0.0},{"pair":"ETH/USDT:USDT","stake_amount":337.58888,"max_stake_amount":337.58888,"amount":0.134,"open_date":"2025-06-07 22:15:00+00:00","close_date":"2025-06-07 22:30:00+00:00","open_rate":2519.32,"close_rate":2522.73,"fee_open":0.0005,"fee_close":0.0005,"trade_duration":15,"profit_ratio":0.00035268673079747056,"profit_abs":0.11912265,"exit_reason":"exit_signal","initial_stop_loss_abs":2267.39,"initial_stop_loss_ratio":-0.1,"stop_loss_abs":2267.39,"stop_loss_ratio":-0.1,"min_rate":2518.68,"max_rate":2545.0,"is_open":false,"enter_tag":"","leverage":1.0,"is_short":false,"open_timestamp":1749334500000,"close_timestamp":1749335400000,"orders":[{"amount":0.134,"safe_price":2519.32,"ft_order_side":"buy","order_filled_timestamp":1749334500000,"ft_is_entry":true,"ft_order_tag":"","cost":337.75767444},{"amount":0.134,"safe_price":2522.73,"ft_order_side":"sell","order_filled_timestamp":1749335400000,"ft_is_entry":false,"ft_order_tag":"exit_signal","cost":338.21484291}],"funding_fees":0.0},{"pair":"ETH/USDT:USDT","stake_amount":338.82972,"max_stake_amount":338.82972,"amount":0.134,"open_date":"2025-06-07 23:15:00+00:00","close_date":"2025-06-08 02:30:00+00:00","open_rate":2528.58,"close_rate":2512.84,"fee_open":0.0005,"fee_close":0.0005,"trade_duration":195,"profit_ratio":-0.007317872834762549,"profit_abs":-2.48075256,"exit_reason":"exit_signal","initial_stop_loss_abs":2275.73,"initial_stop_loss_ratio":-0.1,"stop_loss_abs":2275.73,"stop_loss_ratio":-0.1,"min_rate":2510.02,"max_rate":2528.97,"is_open":false,"enter_tag":"","leverage":1.0,"is_short":false,"open_timestamp":1749338100000,"close_timestamp":1749349800000,"orders":[{"amount":0.134,"safe_price":2528.58,"ft_order_side":"buy","order_filled_timestamp":1749338100000,"ft_is_entry":true,"ft_order_tag":"","cost":338.99913485999997},{"amount":0.134,"safe_price":2512.84,"ft_order_side":"sell","order_filled_timestamp":1749349800000,"ft_is_entry":false,"ft_order_tag":"exit_signal","cost":336.88892028000004}],"funding_fees":-0.033817416135688005},{"pair":"ETH/USDT:USDT","stake_amount":336.83714,"max_stake_amount":336.83714,"amount":0.134,"open_date":"2025-06-08 02:45:00+00:00","close_date":"2025-06-08 03:30:00+00:00","open_rate":2513.71,"close_rate":2509.63,"fee_open":0.0005,"fee_close":0.0005,"trade_duration":45,"profit_ratio":-0.002620976887586059,"profit_abs":-0.88328378,"exit_reason":"exit_signal","initial_stop_loss_abs":2262.34,"initial_stop_loss_ratio":-0.1,"stop_loss_abs":2262.34,"stop_loss_ratio":-0.1,"min_rate":2507.25,"max_rate":2515.0,"is_open":false,"enter_tag":"","leverage":1.0,"is_short":false,"open_timestamp":1749350700000,"close_timestamp":1749353400000,"orders":[{"amount":0.134,"safe_price":2513.71,"ft_order_side":"buy","order_filled_timestamp":1749350700000,"ft_is_entry":true,"ft_order_tag":"","cost":337.00555857},{"amount":0.134,"safe_price":2509.63,"ft_order_side":"sell","order_filled_timestamp":1749353400000,"ft_is_entry":false,"ft_order_tag":"exit_signal","cost":336.45856521}],"funding_fees":0.0},{"pair":"ETH/USDT:USDT","stake_amount":338.62455,"max_stake_amount":338.62455,"amount":0.135,"open_date":"2025-06-08 04:15:00+00:00","close_date":"2025-06-08 04:30:00+00:00","open_rate":2508.33,"close_rate":2510.66,"fee_open":0.0005,"fee_close":0.0005,"trade_duration":15,"profit_ratio":-7.15237868752503e-05,"profit_abs":-0.02423182,"exit_reason":"exit_signal","initial_stop_loss_abs":2257.5,"initial_stop_loss_ratio":-0.1,"stop_loss_abs":2257.5,"stop_loss_ratio":-0.1,"min_rate":2507.96,"max_rate":2517.55,"is_open":false,"enter_tag":"","leverage":1.0,"is_short":false,"open_timestamp":1749356100000,"close_timestamp":1749357000000,"orders":[{"amount":0.135,"safe_price":2508.33,"ft_order_side":"buy","order_filled_timestamp":1749356100000,"ft_is_entry":true,"ft_order_tag":"","cost":338.793862275},{"amount":0.135,"safe_price":2510.66,"ft_order_side":"sell","order_filled_timestamp":1749357000000,"ft_is_entry":false,"ft_order_tag":"exit_signal","cost":339.10856954999997}],"funding_fees":0.0},{"pair":"ETH/USDT:USDT","stake_amount":337.30212,"max_stake_amount":337.30212,"amount":0.134,"open_date":"2025-06-08 04:45:00+00:00","close_date":"2025-06-08 06:15:00+00:00","open_rate":2517.18,"close_rate":2511.88,"fee_open":0.0005,"fee_close":0.0005,"trade_duration":90,"profit_ratio":-0.003102926563716608,"profit_abs":-1.04714702,"exit_reason":"exit_signal","initial_stop_loss_abs":2265.47,"initial_stop_loss_ratio":-0.1,"stop_loss_abs":2265.47,"stop_loss_ratio":-0.1,"min_rate":2507.69,"max_rate":2519.03,"is_open":false,"enter_tag":"","leverage":1.0,"is_short":false,"open_timestamp":1749357900000,"close_timestamp":1749363300000,"orders":[{"amount":0.134,"safe_price":2517.18,"ft_order_side":"buy","order_filled_timestamp":1749357900000,"ft_is_entry":true,"ft_order_tag":"","cost":337.47077106},{"amount":0.134,"safe_price":2511.88,"ft_order_side":"sell","order_filled_timestamp":1749363300000,"ft_is_entry":false,"ft_order_tag":"exit_signal","cost":336.76021596}],"funding_fees":0.0},{"pair":"ETH/USDT:USDT","stake_amount":336.75808,"max_stake_amount":336.75808,"amount":0.134,"open_date":"2025-06-08 06:30:00+00:00","close_date":"2025-06-08 06:45:00+00:00","open_rate":2513.12,"close_rate":2515.23,"fee_open":0.0005,"fee_close":0.0005,"trade_duration":15,"profit_ratio":-0.00016074561242330384,"profit_abs":-0.05415945,"exit_reason":"exit_signal","initial_stop_loss_abs":2261.81,"initial_stop_loss_ratio":-0.1,"stop_loss_abs":2261.81,"stop_loss_ratio":-0.1,"min_rate":2511.5,"max_rate":2516.4,"is_open":false,"enter_tag":"","leverage":1.0,"is_short":false,"open_timestamp":1749364200000,"close_timestamp":1749365100000,"orders":[{"amount":0.134,"safe_price":2513.12,"ft_order_side":"buy","order_filled_timestamp":1749364200000,"ft_is_entry":true,"ft_order_tag":"","cost":336.92645904},{"amount":0.134,"safe_price":2515.23,"ft_order_side":"sell","order_filled_timestamp":1749365100000,"ft_is_entry":false,"ft_order_tag":"exit_signal","cost":337.20934041}],"funding_fees":0.0},{"pair":"ETH/USDT:USDT","stake_amount":336.80364,"max_stake_amount":336.80364,"amount":0.134,"open_date":"2025-06-08 08:00:00+00:00","close_date":"2025-06-08 08:30:00+00:00","open_rate":2513.46,"close_rate":2514.25,"fee_open":0.0005,"fee_close":0.0005,"trade_duration":30,"profit_ratio":-0.0007806826601374926,"profit_abs":-0.26306823,"exit_reason":"exit_signal","initial_stop_loss_abs":2262.12,"initial_stop_loss_ratio":-0.1,"stop_loss_abs":2262.12,"stop_loss_ratio":-0.1,"min_rate":2513.39,"max_rate":2520.19,"is_open":false,"enter_tag":"","leverage":1.0,"is_short":false,"open_timestamp":1749369600000,"close_timestamp":1749371400000,"orders":[{"amount":0.134,"safe_price":2513.46,"ft_order_side":"buy","order_filled_timestamp":1749369600000,"ft_is_entry":true,"ft_order_tag":"","cost":336.97204182},{"amount":0.134,"safe_price":2514.25,"ft_order_side":"sell","order_filled_timestamp":1749371400000,"ft_is_entry":false,"ft_order_tag":"exit_signal","cost":337.07795475}],"funding_fees":-0.03207165860897359},{"pair":"SOL/USDT:USDT","stake_amount":340.7392,"max_stake_amount":340.7392,"amount":2.33,"open_date":"2025-06-05 19:30:00+00:00","close_date":"2025-06-08 18:15:00+00:00","open_rate":146.24,"close_rate":153.83,"fee_open":0.0005,"fee_close":0.0005,"trade_duration":4245,"profit_ratio":0.05097601862684702,"profit_abs":17.37821257,"exit_reason":"exit_signal","initial_stop_loss_abs":131.62,"initial_stop_loss_ratio":-0.1,"stop_loss_abs":131.62,"stop_loss_ratio":-0.1,"min_rate":141.43,"max_rate":154.14,"is_open":false,"enter_tag":"","leverage":1.0,"is_short":false,"open_timestamp":1749151800000,"close_timestamp":1749406500000,"orders":[{"amount":2.33,"safe_price":146.24,"ft_order_side":"buy","order_filled_timestamp":1749151800000,"ft_is_entry":true,"ft_order_tag":"","cost":340.9095696},{"amount":2.33,"safe_price":153.83,"ft_order_side":"sell","order_filled_timestamp":1749406500000,"ft_is_entry":false,"ft_order_tag":"exit_signal","cost":358.60311195}],"funding_fees":0.04309412153305914},{"pair":"ETH/USDT:USDT","stake_amount":337.01,"max_stake_amount":337.01,"amount":0.134,"open_date":"2025-06-08 08:45:00+00:00","close_date":"2025-06-08 20:30:00+00:00","open_rate":2515.0,"close_rate":2533.99,"fee_open":0.0005,"fee_close":0.0005,"trade_duration":705,"profit_ratio":0.00649675198008248,"profit_abs":2.19056512,"exit_reason":"exit_signal","initial_stop_loss_abs":2263.5,"initial_stop_loss_ratio":-0.1,"stop_loss_abs":2263.5,"stop_loss_ratio":-0.1,"min_rate":2483.28,"max_rate":2539.68,"is_open":false,"enter_tag":"","leverage":1.0,"is_short":false,"open_timestamp":1749372300000,"close_timestamp":1749414600000,"orders":[{"amount":0.134,"safe_price":2515.0,"ft_order_side":"buy","order_filled_timestamp":1749372300000,"ft_is_entry":true,"ft_order_tag":"","cost":337.17850500000003},{"amount":0.134,"safe_price":2533.99,"ft_order_side":"sell","order_filled_timestamp":1749414600000,"ft_is_entry":false,"ft_order_tag":"exit_signal","cost":339.72443733}],"funding_fees":-0.015812552566522246},{"pair":"ETH/USDT:USDT","stake_amount":342.60168,"max_stake_amount":342.60168,"amount":0.136,"open_date":"2025-06-08 22:15:00+00:00","close_date":"2025-06-09 21:30:00+00:00","open_rate":2519.13,"close_rate":2638.76,"fee_open":0.0005,"fee_close":0.0005,"trade_duration":1395,"profit_ratio":0.046313565179777604,"profit_abs":15.87503879,"exit_reason":"exit_signal","initial_stop_loss_abs":2267.22,"initial_stop_loss_ratio":-0.1,"stop_loss_abs":2267.22,"stop_loss_ratio":-0.1,"min_rate":2475.83,"max_rate":2639.88,"is_open":false,"enter_tag":"","leverage":1.0,"is_short":false,"open_timestamp":1749420900000,"close_timestamp":1749504600000,"orders":[{"amount":0.136,"safe_price":2519.13,"ft_order_side":"buy","order_filled_timestamp":1749420900000,"ft_is_entry":true,"ft_order_tag":"","cost":342.77298084},{"amount":0.136,"safe_price":2638.76,"ft_order_side":"sell","order_filled_timestamp":1749504600000,"ft_is_entry":false,"ft_order_tag":"exit_signal","cost":359.05079568}],"funding_fees":-0.04390468745668605},{"pair":"BTC/USDT:USDT","stake_amount":312.8103,"max_stake_amount":312.8103,"amount":0.003,"open_date":"2025-06-13 00:15:00+00:00","close_date":"2025-06-13 00:45:00+00:00","open_rate":104270.1,"close_rate":103850.2,"fee_open":0.0005,"fee_close":0.0005,"trade_duration":30,"profit_ratio":-0.005022516530142153,"profit_abs":-1.57188045,"exit_reason":"exit_signal","initial_stop_loss_abs":93843.1,"initial_stop_loss_ratio":-0.1,"stop_loss_abs":93843.1,"stop_loss_ratio":-0.1,"min_rate":103150.0,"max_rate":104561.9,"is_open":false,"enter_tag":"","leverage":1.0,"is_short":false,"open_timestamp":1749773700000,"close_timestamp":1749775500000,"orders":[{"amount":0.003,"safe_price":104270.1,"ft_order_side":"buy","order_filled_timestamp":1749773700000,"ft_is_entry":true,"ft_order_tag":"","cost":312.96670515},{"amount":0.003,"safe_price":103850.2,"ft_order_side":"sell","order_filled_timestamp":1749775500000,"ft_is_entry":false,"ft_order_tag":"exit_signal","cost":311.70637529999993}],"funding_fees":0.0},{"pair":"BTC/USDT:USDT","stake_amount":308.5608,"max_stake_amount":308.5608,"amount":0.003,"open_date":"2025-06-13 01:15:00+00:00","close_date":"2025-06-13 01:30:00+00:00","open_rate":102853.6,"close_rate":103212.5,"fee_open":0.0005,"fee_close":0.0005,"trade_duration":15,"profit_ratio":0.002486437815105841,"profit_abs":0.76760085,"exit_reason":"exit_signal","initial_stop_loss_abs":92568.3,"initial_stop_loss_ratio":-0.1,"stop_loss_abs":92568.3,"stop_loss_ratio":-0.1,"min_rate":102828.9,"max_rate":103512.3,"is_open":false,"enter_tag":"","leverage":1.0,"is_short":false,"open_timestamp":1749777300000,"close_timestamp":1749778200000,"orders":[{"amount":0.003,"safe_price":102853.6,"ft_order_side":"buy","order_filled_timestamp":1749777300000,"ft_is_entry":true,"ft_order_tag":"","cost":308.71508040000003},{"amount":0.003,"safe_price":103212.5,"ft_order_side":"sell","order_filled_timestamp":1749778200000,"ft_is_entry":false,"ft_order_tag":"exit_signal","cost":309.79231875}],"funding_fees":0.0},{"pair":"SOL/USDT:USDT","stake_amount":349.8,"max_stake_amount":349.8,"amount":2.4,"open_date":"2025-06-13 00:30:00+00:00","close_date":"2025-06-13 02:45:00+00:00","open_rate":145.75,"close_rate":141.27,"fee_open":0.0005,"fee_close":0.0005,"trade_duration":135,"profit_ratio":-0.03170634236912419,"profit_abs":-11.096424,"exit_reason":"exit_signal","initial_stop_loss_abs":131.18,"initial_stop_loss_ratio":-0.1,"stop_loss_abs":131.18,"stop_loss_ratio":-0.1,"min_rate":140.73,"max_rate":146.35,"is_open":false,"enter_tag":"","leverage":1.0,"is_short":false,"open_timestamp":1749774600000,"close_timestamp":1749782700000,"orders":[{"amount":2.4,"safe_price":145.75,"ft_order_side":"buy","order_filled_timestamp":1749774600000,"ft_is_entry":true,"ft_order_tag":"","cost":349.9749},{"amount":2.4,"safe_price":141.27,"ft_order_side":"sell","order_filled_timestamp":1749782700000,"ft_is_entry":false,"ft_order_tag":"exit_signal","cost":339.21752399999997}],"funding_fees":0.0},{"pair":"ETH/USDT:USDT","stake_amount":344.56733,"max_stake_amount":344.56733,"amount":0.137,"open_date":"2025-06-13 05:45:00+00:00","close_date":"2025-06-15 03:45:00+00:00","open_rate":2515.09,"close_rate":2531.61,"fee_open":0.0005,"fee_close":0.0005,"trade_duration":2760,"profit_ratio":0.005463121397560495,"profit_abs":1.88335436,"exit_reason":"exit_signal","initial_stop_loss_abs":2263.59,"initial_stop_loss_ratio":-0.1,"stop_loss_abs":2263.59,"stop_loss_ratio":-0.1,"min_rate":2486.68,"max_rate":2585.0,"is_open":false,"enter_tag":"","leverage":1.0,"is_short":false,"open_timestamp":1749793500000,"close_timestamp":1749959100000,"orders":[{"amount":0.137,"safe_price":2515.09,"ft_order_side":"buy","order_filled_timestamp":1749793500000,"ft_is_entry":true,"ft_order_tag":"","cost":344.73961366500004},{"amount":0.137,"safe_price":2531.61,"ft_order_side":"sell","order_filled_timestamp":1749959100000,"ft_is_entry":false,"ft_order_tag":"exit_signal","cost":347.003985285}],"funding_fees":-0.03418668756346473},{"pair":"SUI/USDT:USDT","stake_amount":345.76935,"max_stake_amount":345.76935,"amount":121.9,"open_date":"2025-06-14 17:00:00+00:00","close_date":"2025-06-15 04:45:00+00:00","open_rate":2.8365,"close_rate":3.0084,"fee_open":0.0005,"fee_close":0.0005,"trade_duration":705,"profit_ratio":0.059545366582233715,"profit_abs":20.59925718,"exit_reason":"exit_signal","initial_stop_loss_abs":2.5529,"initial_stop_loss_ratio":-0.1,"stop_loss_abs":2.5529,"stop_loss_ratio":-0.1,"min_rate":2.8034,"max_rate":3.0124,"is_open":false,"enter_tag":"","leverage":1.0,"is_short":false,"open_timestamp":1749920400000,"close_timestamp":1749962700000,"orders":[{"amount":121.9,"safe_price":2.8365,"ft_order_side":"buy","order_filled_timestamp":1749920400000,"ft_is_entry":true,"ft_order_tag":"","cost":345.942234675},{"amount":121.9,"safe_price":3.0084,"ft_order_side":"sell","order_filled_timestamp":1749962700000,"ft_is_entry":false,"ft_order_tag":"exit_signal","cost":366.90732198}],"funding_fees":0.0008938380888},{"pair":"SOL/USDT:USDT","stake_amount":344.808,"max_stake_amount":344.808,"amount":2.4,"open_date":"2025-06-13 05:45:00+00:00","close_date":"2025-06-16 01:45:00+00:00","open_rate":143.67,"close_rate":153.98,"fee_open":0.0005,"fee_close":0.0005,"trade_duration":4080,"profit_ratio":0.070429347749271,"profit_abs":24.29674484,"exit_reason":"exit_signal","initial_stop_loss_abs":129.31,"initial_stop_loss_ratio":-0.1,"stop_loss_abs":129.31,"stop_loss_ratio":-0.1,"min_rate":141.87,"max_rate":156.72,"is_open":false,"enter_tag":"","leverage":1.0,"is_short":false,"open_timestamp":1749793500000,"close_timestamp":1750038300000,"orders":[{"amount":2.4,"safe_price":143.67,"ft_order_side":"buy","order_filled_timestamp":1749793500000,"ft_is_entry":true,"ft_order_tag":"","cost":344.9804039999999},{"amount":2.4,"safe_price":153.98,"ft_order_side":"sell","order_filled_timestamp":1750038300000,"ft_is_entry":false,"ft_order_tag":"exit_signal","cost":369.73677599999996}],"funding_fees":-0.09007515584089679},{"pair":"ETH/USDT:USDT","stake_amount":351.32111,"max_stake_amount":351.32111,"amount":0.139,"open_date":"2025-06-15 07:30:00+00:00","close_date":"2025-06-16 14:00:00+00:00","open_rate":2527.49,"close_rate":2638.33,"fee_open":0.0005,"fee_close":0.0005,"trade_duration":1830,"profit_ratio":0.04251378067117047,"profit_abs":14.94345661,"exit_reason":"exit_signal","initial_stop_loss_abs":2274.75,"initial_stop_loss_ratio":-0.1,"stop_loss_abs":2274.75,"stop_loss_ratio":-0.1,"min_rate":2490.38,"max_rate":2644.7,"is_open":false,"enter_tag":"","leverage":1.0,"is_short":false,"open_timestamp":1749972600000,"close_timestamp":1750082400000,"orders":[{"amount":0.139,"safe_price":2527.49,"ft_order_side":"buy","order_filled_timestamp":1749972600000,"ft_is_entry":true,"ft_order_tag":"","cost":351.49677055499996},{"amount":0.139,"safe_price":2638.33,"ft_order_side":"sell","order_filled_timestamp":1750082400000,"ft_is_entry":false,"ft_order_tag":"exit_signal","cost":366.911233935}],"funding_fees":-0.10427889721763904},{"pair":"SOL/USDT:USDT","stake_amount":365.676,"max_stake_amount":365.676,"amount":2.48,"open_date":"2025-06-17 15:30:00+00:00","close_date":"2025-06-18 07:30:00+00:00","open_rate":147.45,"close_rate":147.25,"fee_open":0.0005,"fee_close":0.0005,"trade_duration":960,"profit_ratio":-0.002407766024774834,"profit_abs":-0.88090248,"exit_reason":"force_exit","initial_stop_loss_abs":132.71,"initial_stop_loss_ratio":-0.1,"stop_loss_abs":132.71,"stop_loss_ratio":-0.1,"min_rate":145.55,"max_rate":150.35,"is_open":false,"enter_tag":"","leverage":1.0,"is_short":false,"open_timestamp":1750174200000,"close_timestamp":1750231800000,"orders":[{"amount":2.48,"safe_price":147.45,"ft_order_side":"buy","order_filled_timestamp":1750174200000,"ft_is_entry":true,"ft_order_tag":"","cost":365.858838},{"amount":2.48,"safe_price":147.25,"ft_order_side":"sell","order_filled_timestamp":1750231800000,"ft_is_entry":false,"ft_order_tag":"force_exit","cost":365.36259}],"funding_fees":-0.01947447528},{"pair":"ETH/USDT:USDT","stake_amount":365.42755,"max_stake_amount":365.42755,"amount":0.145,"open_date":"2025-06-17 15:15:00+00:00","close_date":"2025-06-18 07:30:00+00:00","open_rate":2520.19,"close_rate":2524.21,"fee_open":0.0005,"fee_close":0.0005,"trade_duration":975,"profit_ratio":0.000538963999438667,"profit_abs":0.19705077,"exit_reason":"force_exit","initial_stop_loss_abs":2268.18,"initial_stop_loss_ratio":-0.1,"stop_loss_abs":2268.18,"stop_loss_ratio":-0.1,"min_rate":2451.97,"max_rate":2545.1,"is_open":false,"enter_tag":"","leverage":1.0,"is_short":false,"open_timestamp":1750173300000,"close_timestamp":1750231800000,"orders":[{"amount":0.145,"safe_price":2520.19,"ft_order_side":"buy","order_filled_timestamp":1750173300000,"ft_is_entry":true,"ft_order_tag":"","cost":365.61026377499996},{"amount":0.145,"safe_price":2524.21,"ft_order_side":"sell","order_filled_timestamp":1750231800000,"ft_is_entry":false,"ft_order_tag":"force_exit","cost":366.193455225}],"funding_fees":-0.020130230703624838},{"pair":"SUI/USDT:USDT","stake_amount":366.3466,"max_stake_amount":366.3466,"amount":129.2,"open_date":"2025-06-17 15:30:00+00:00","close_date":"2025-06-18 07:30:00+00:00","open_rate":2.8355,"close_rate":2.8614,"fee_open":0.0005,"fee_close":0.0005,"trade_duration":960,"profit_ratio":0.008024768011390359,"profit_abs":2.9413164,"exit_reason":"force_exit","initial_stop_loss_abs":2.552,"initial_stop_loss_ratio":-0.1,"stop_loss_abs":2.552,"stop_loss_ratio":-0.1,"min_rate":2.8001,"max_rate":2.9175,"is_open":false,"enter_tag":"","leverage":1.0,"is_short":false,"open_timestamp":1750174200000,"close_timestamp":1750231800000,"orders":[{"amount":129.2,"safe_price":2.8355,"ft_order_side":"buy","order_filled_timestamp":1750174200000,"ft_is_entry":true,"ft_order_tag":"","cost":366.52977329999993},{"amount":129.2,"safe_price":2.8614,"ft_order_side":"sell","order_filled_timestamp":1750231800000,"ft_is_entry":false,"ft_order_tag":"force_exit","cost":369.87772644}],"funding_fees":-0.0369438557552}],"locks":[],"best_pair":{"key":"ETH/USDT:USDT","trades":29,"profit_mean":0.006551066185813769,"profit_mean_pct":0.66,"profit_sum":0.18998091938859932,"profit_sum_pct":19.0,"profit_total_abs":63.858596709999986,"profit_total":0.06385859670999999,"profit_total_pct":6.39,"duration_avg":"14:44:00","wins":13,"draws":0,"losses":16,"winrate":0.4482758620689655,"cagr":0.9831351322164668,"expectancy":2.2020205762068965,"expectancy_ratio":0.818258137772006,"sortino":8.665680365505573,"sharpe":4.467409908223154,"calmar":215.12170052407035,"sqn":1.408,"profit_factor":2.483092874711761,"max_drawdown_account":0.017185716400000047,"max_drawdown_abs":17.1857164},"worst_pair":{"key":"BTC/USDT:USDT","trades":7,"profit_mean":-0.002062281158726746,"profit_mean_pct":-0.21,"profit_sum":-0.014435968111087223,"profit_sum_pct":-1.44,"profit_total_abs":-4.517164950000001,"profit_total":-0.00451716495,"profit_total_pct":-0.45,"duration_avg":"0:17:00","wins":2,"draws":0,"losses":5,"winrate":0.2857142857142857,"cagr":-0.04884264515426895,"expectancy":-0.6453092785714287,"expectancy_ratio":-0.5273090893545691,"sortino":-5.085122397429288,"sharpe":-2.5820693818841436,"calmar":-42.77479039286035,"sqn":-1.5607,"profit_factor":0.2617672749036032,"max_drawdown_account":0.006113790488482728,"max_drawdown_abs":6.11889015},"results_per_pair":[{"key":"ETH/USDT:USDT","trades":29,"profit_mean":0.006551066185813769,"profit_mean_pct":0.66,"profit_sum":0.18998091938859932,"profit_sum_pct":19.0,"profit_total_abs":63.858596709999986,"profit_total":0.06385859670999999,"profit_total_pct":6.39,"duration_avg":"14:44:00","wins":13,"draws":0,"losses":16,"winrate":0.4482758620689655,"cagr":0.9831351322164668,"expectancy":2.2020205762068965,"expectancy_ratio":0.818258137772006,"sortino":8.665680365505573,"sharpe":4.467409908223154,"calmar":215.12170052407035,"sqn":1.408,"profit_factor":2.483092874711761,"max_drawdown_account":0.017185716400000047,"max_drawdown_abs":17.1857164},{"key":"SOL/USDT:USDT","trades":4,"profit_mean":0.021822814495554746,"profit_mean_pct":2.18,"profit_sum":0.08729125798221898,"profit_sum_pct":8.73,"profit_total_abs":29.69763093,"profit_total":0.02969763093,"profit_total_pct":2.97,"duration_avg":"1 day, 15:15:00","wins":2,"draws":0,"losses":2,"winrate":0.5,"cagr":0.3822198788915081,"expectancy":7.424407732499999,"expectancy_ratio":1.2397437349474334,"sortino":3.3660747084529294,"sharpe":1.2189757019141765,"calmar":157.63537633854153,"sqn":0.9117,"profit_factor":3.4794874698948672,"max_drawdown_account":0.01090688188807314,"max_drawdown_abs":11.096424},{"key":"SUI/USDT:USDT","trades":2,"profit_mean":0.033785067296812035,"profit_mean_pct":3.38,"profit_sum":0.06757013459362407,"profit_sum_pct":6.76,"profit_total_abs":23.54057358,"profit_total":0.02354057358,"profit_total_pct":2.35,"duration_avg":"13:52:00","wins":2,"draws":0,"losses":0,"winrate":1.0,"cagr":0.29350502611862406,"expectancy":11.77028679,"expectancy_ratio":100.0,"sortino":-100,"sharpe":1.5436167144549506,"calmar":-100,"sqn":1.3331,"profit_factor":0.0,"max_drawdown_account":0.0,"max_drawdown_abs":0.0},{"key":"BTC/USDT:USDT","trades":7,"profit_mean":-0.002062281158726746,"profit_mean_pct":-0.21,"profit_sum":-0.014435968111087223,"profit_sum_pct":-1.44,"profit_total_abs":-4.517164950000001,"profit_total":-0.00451716495,"profit_total_pct":-0.45,"duration_avg":"0:17:00","wins":2,"draws":0,"losses":5,"winrate":0.2857142857142857,"cagr":-0.04884264515426895,"expectancy":-0.6453092785714287,"expectancy_ratio":-0.5273090893545691,"sortino":-5.085122397429288,"sharpe":-2.5820693818841436,"calmar":-42.77479039286035,"sqn":-1.5607,"profit_factor":0.2617672749036032,"max_drawdown_account":0.006113790488482728,"max_drawdown_abs":6.11889015},{"key":"TOTAL","trades":42,"profit_mean":0.007866817710794168,"profit_mean_pct":0.79,"profit_sum":0.3304063438533551,"profit_sum_pct":33.04,"profit_total_abs":112.57963627000001,"profit_total":0.11257963627,"profit_total_pct":11.26,"duration_avg":"14:37:00","wins":19,"draws":0,"losses":23,"winrate":0.4523809523809524,"cagr":2.25424405182829,"expectancy":2.6804675302380945,"expectancy_ratio":1.008124043822194,"sortino":16.09406545018209,"sharpe":7.370567900689141,"calmar":367.4342398642045,"sqn":1.9409,"profit_factor":2.840922166979658,"max_drawdown_account":0.017738329150000027,"max_drawdown_abs":17.738329150000002}],"results_per_enter_tag":[{"key":"","trades":42,"profit_mean":0.007866817710794168,"profit_mean_pct":0.79,"profit_sum":0.3304063438533551,"profit_sum_pct":33.04,"profit_total_abs":112.57963627000001,"profit_total":0.11257963627,"profit_total_pct":11.26,"duration_avg":"14:37:00","wins":19,"draws":0,"losses":23,"winrate":0.4523809523809524,"cagr":2.25424405182829,"expectancy":2.6804675302380945,"expectancy_ratio":1.008124043822194,"sortino":16.09406545018209,"sharpe":7.370567900689141,"calmar":367.4342398642045,"sqn":1.9409,"profit_factor":2.840922166979658,"max_drawdown_account":0.017738329150000027,"max_drawdown_abs":17.738329150000002},{"key":"TOTAL","trades":42,"profit_mean":0.007866817710794168,"profit_mean_pct":0.79,"profit_sum":0.3304063438533551,"profit_sum_pct":33.04,"profit_total_abs":112.57963627000001,"profit_total":0.11257963627,"profit_total_pct":11.26,"duration_avg":"14:37:00","wins":19,"draws":0,"losses":23,"winrate":0.4523809523809524,"cagr":2.25424405182829,"expectancy":2.6804675302380945,"expectancy_ratio":1.008124043822194,"sortino":16.09406545018209,"sharpe":7.370567900689141,"calmar":367.4342398642045,"sqn":1.9409,"profit_factor":2.840922166979658,"max_drawdown_account":0.017738329150000027,"max_drawdown_abs":17.738329150000002}],"exit_reason_summary":[{"key":"exit_signal","trades":39,"profit_mean":0.008314112253007717,"profit_mean_pct":0.83,"profit_sum":0.324250377867301,"profit_sum_pct":32.43,"profit_total_abs":110.32217157999999,"profit_total":0.11032217157999999,"profit_total_pct":11.03,"duration_avg":"14:30:00","wins":17,"draws":0,"losses":22,"winrate":0.4358974358974359,"cagr":2.1819519654963573,"expectancy":2.8287736302564106,"expectancy_ratio":1.0325184629531177,"sortino":15.492697066357978,"sharpe":6.981088071405769,"calmar":360.06639031456547,"sqn":1.906,"profit_factor":2.8303736388714356,"max_drawdown_account":0.017738329150000027,"max_drawdown_abs":17.738329150000002},{"key":"force_exit","trades":3,"profit_mean":0.002051988662018064,"profit_mean_pct":0.21,"profit_sum":0.006155965986054192,"profit_sum_pct":0.62,"profit_total_abs":2.25746469,"profit_total":0.00225746469,"profit_total_pct":0.23,"duration_avg":"16:05:00","wins":2,"draws":0,"losses":1,"winrate":0.6666666666666666,"cagr":0.025254410070043365,"expectancy":0.7524882299999999,"expectancy_ratio":0.8542242156021627,"sortino":-100,"sharpe":0.8122224692526466,"calmar":148.36300658294186,"sqn":0.6614,"profit_factor":3.5626726468064884,"max_drawdown_account":0.0008809024800000316,"max_drawdown_abs":0.88090248},{"key":"TOTAL","trades":42,"profit_mean":0.007866817710794168,"profit_mean_pct":0.79,"profit_sum":0.3304063438533551,"profit_sum_pct":33.04,"profit_total_abs":112.57963627000001,"profit_total":0.11257963627,"profit_total_pct":11.26,"duration_avg":"14:37:00","wins":19,"draws":0,"losses":23,"winrate":0.4523809523809524,"cagr":2.25424405182829,"expectancy":2.6804675302380945,"expectancy_ratio":1.008124043822194,"sortino":16.09406545018209,"sharpe":7.370567900689141,"calmar":367.4342398642045,"sqn":1.9409,"profit_factor":2.840922166979658,"max_drawdown_account":0.017738329150000027,"max_drawdown_abs":17.738329150000002}],"mix_tag_stats":[{"key":["","exit_signal"],"trades":39,"profit_mean":0.008314112253007717,"profit_mean_pct":0.83,"profit_sum":0.324250377867301,"profit_sum_pct":32.43,"profit_total_abs":110.32217157999999,"profit_total":0.11032217157999999,"profit_total_pct":11.03,"duration_avg":"14:30:00","wins":17,"draws":0,"losses":22,"winrate":0.4358974358974359,"cagr":2.1819519654963573,"expectancy":2.8287736302564106,"expectancy_ratio":1.0325184629531177,"sortino":15.492697066357978,"sharpe":6.981088071405769,"calmar":360.06639031456547,"sqn":1.906,"profit_factor":2.8303736388714356,"max_drawdown_account":0.017738329150000027,"max_drawdown_abs":17.738329150000002},{"key":["","force_exit"],"trades":3,"profit_mean":0.002051988662018064,"profit_mean_pct":0.21,"profit_sum":0.006155965986054192,"profit_sum_pct":0.62,"profit_total_abs":2.25746469,"profit_total":0.00225746469,"profit_total_pct":0.23,"duration_avg":"16:05:00","wins":2,"draws":0,"losses":1,"winrate":0.6666666666666666,"cagr":0.025254410070043365,"expectancy":0.7524882299999999,"expectancy_ratio":0.8542242156021627,"sortino":-100,"sharpe":0.8122224692526466,"calmar":148.36300658294186,"sqn":0.6614,"profit_factor":3.5626726468064884,"max_drawdown_account":0.0008809024800000316,"max_drawdown_abs":0.88090248},{"key":"TOTAL","trades":42,"profit_mean":0.007866817710794168,"profit_mean_pct":0.79,"profit_sum":0.3304063438533551,"profit_sum_pct":33.04,"profit_total_abs":112.57963627000001,"profit_total":0.11257963627,"profit_total_pct":11.26,"duration_avg":"14:37:00","wins":19,"draws":0,"losses":23,"winrate":0.4523809523809524,"cagr":2.25424405182829,"expectancy":2.6804675302380945,"expectancy_ratio":1.008124043822194,"sortino":16.09406545018209,"sharpe":7.370567900689141,"calmar":367.4342398642045,"sqn":1.9409,"profit_factor":2.840922166979658,"max_drawdown_account":0.017738329150000027,"max_drawdown_abs":17.738329150000002}],"left_open_trades":[{"key":"SUI/USDT:USDT","trades":1,"profit_mean":0.008024768011390359,"profit_mean_pct":0.8,"profit_sum":0.008024768011390359,"profit_sum_pct":0.8,"profit_total_abs":2.9413164,"profit_total":0.0029413164,"profit_total_pct":0.29,"duration_avg":"16:00:00","wins":1,"draws":0,"losses":0,"winrate":1.0,"cagr":0.03301838852386907,"expectancy":2.9413164,"expectancy_ratio":100.0,"sortino":-100,"sharpe":-100,"calmar":-100,"sqn":-100.0,"profit_factor":0.0,"max_drawdown_account":0.0,"max_drawdown_abs":0.0},{"key":"ETH/USDT:USDT","trades":1,"profit_mean":0.000538963999438667,"profit_mean_pct":0.05,"profit_sum":0.000538963999438667,"profit_sum_pct":0.05,"profit_total_abs":0.19705077,"profit_total":0.00019705076999999998,"profit_total_pct":0.02,"duration_avg":"16:15:00","wins":1,"draws":0,"losses":0,"winrate":1.0,"cagr":0.0021816626031372355,"expectancy":0.19705077,"expectancy_ratio":100.0,"sortino":-100,"sharpe":-100,"calmar":-100,"sqn":-100.0,"profit_factor":0.0,"max_drawdown_account":0.0,"max_drawdown_abs":0.0},{"key":"SOL/USDT:USDT","trades":1,"profit_mean":-0.002407766024774834,"profit_mean_pct":-0.24,"profit_sum":-0.002407766024774834,"profit_sum_pct":-0.24,"profit_total_abs":-0.88090248,"profit_total":-0.0008809024800000001,"profit_total_pct":-0.09,"duration_avg":"16:00:00","wins":0,"draws":0,"losses":1,"winrate":0.0,"cagr":-0.0097002553304254,"expectancy":-0.88090248,"expectancy_ratio":-1.0,"sortino":-100,"sharpe":-100,"calmar":-57.89385810467308,"sqn":-100.0,"profit_factor":0.0,"max_drawdown_account":0.0008809024800000316,"max_drawdown_abs":0.88090248},{"key":"TOTAL","trades":3,"profit_mean":0.002051988662018064,"profit_mean_pct":0.21,"profit_sum":0.006155965986054192,"profit_sum_pct":0.62,"profit_total_abs":2.25746469,"profit_total":0.00225746469,"profit_total_pct":0.23,"duration_avg":"16:05:00","wins":2,"draws":0,"losses":1,"winrate":0.6666666666666666,"cagr":0.025254410070043365,"expectancy":0.7524882299999999,"expectancy_ratio":0.8542242156021627,"sortino":-100,"sharpe":0.8122224692526466,"calmar":148.36300658294186,"sqn":0.6614,"profit_factor":3.5626726468064884,"max_drawdown_account":0.0008809024800000316,"max_drawdown_abs":0.88090248}],"total_trades":42,"trade_count_long":42,"trade_count_short":0,"total_volume":28291.51434783,"avg_stake_amount":335.1148064285714,"profit_mean":0.007866817710794168,"profit_median":-6.778175225400119e-05,"profit_total":0.11257963627,"profit_total_long":0.11257963627,"profit_total_short":0.0,"profit_total_abs":112.57963627000001,"profit_total_long_abs":112.57963627000001,"profit_total_short_abs":0.0,"cagr":2.25424405182829,"expectancy":2.6804675302380945,"expectancy_ratio":1.008124043822194,"sortino":16.09406545018209,"sharpe":7.370567900689141,"calmar":367.4342398642045,"sqn":1.9409,"profit_factor":2.840922166979658,"backtest_start":"2025-05-16 00:00:00","backtest_start_ts":1747353600000,"backtest_end":"2025-06-18 07:30:00","backtest_end_ts":1750231800000,"backtest_days":33,"backtest_run_start_ts":1750233200,"backtest_run_end_ts":1750233200,"trades_per_day":1.27,"market_change":-0.10028007401488694,"pairlist":["SOL/USDT:USDT","BTC/USDT:USDT","ETH/USDT:USDT","SUI/USDT:USDT"],"stake_amount":"unlimited","stake_currency":"USDT","stake_currency_decimals":3,"starting_balance":1000,"dry_run_wallet":1000,"final_balance":1112.57963627,"rejected_signals":1,"timedout_entry_orders":0,"timedout_exit_orders":0,"canceled_trade_entries":0,"canceled_entry_orders":0,"replaced_entry_orders":0,"max_open_trades":3,"max_open_trades_setting":3,"timeframe":"15m","timeframe_detail":"","timerange":"","enable_protections":false,"strategy_name":"GridBotSample","stoploss":-0.1,"trailing_stop":false,"trailing_stop_positive":null,"trailing_stop_positive_offset":0.0,"trailing_only_offset_is_reached":false,"use_custom_stoploss":false,"minimal_roi":{},"use_exit_signal":true,"exit_profit_only":false,"exit_profit_offset":0.0,"ignore_roi_if_entry_signal":false,"trading_mode":"futures","margin_mode":"isolated","periodic_breakdown":{"day":[{"date":"18/05/2025","date_ts":1747526400000,"profit_abs":-16.35159205,"wins":1,"draws":0,"losses":2,"trades":3,"profit_factor":0.04853591},{"date":"19/05/2025","date_ts":1747612800000,"profit_abs":-1.3867371,"wins":0,"draws":0,"losses":1,"trades":1,"profit_factor":0.0},{"date":"20/05/2025","date_ts":1747699200000,"profit_abs":0.0,"wins":0,"draws":0,"losses":0,"trades":0,"profit_factor":0.0},{"date":"21/05/2025","date_ts":1747785600000,"profit_abs":0.0,"wins":0,"draws":0,"losses":0,"trades":0,"profit_factor":0.0},{"date":"22/05/2025","date_ts":1747872000000,"profit_abs":26.4816191,"wins":1,"draws":0,"losses":0,"trades":1,"profit_factor":0.0},{"date":"23/05/2025","date_ts":1747958400000,"profit_abs":0.0,"wins":0,"draws":0,"losses":0,"trades":0,"profit_factor":0.0},{"date":"24/05/2025","date_ts":1748044800000,"profit_abs":3.92550119,"wins":1,"draws":0,"losses":0,"trades":1,"profit_factor":0.0},{"date":"25/05/2025","date_ts":1748131200000,"profit_abs":-1.65665678,"wins":0,"draws":0,"losses":2,"trades":2,"profit_factor":0.0},{"date":"26/05/2025","date_ts":1748217600000,"profit_abs":0.0,"wins":0,"draws":0,"losses":0,"trades":0,"profit_factor":0.0},{"date":"27/05/2025","date_ts":1748304000000,"profit_abs":14.99639683,"wins":1,"draws":0,"losses":0,"trades":1,"profit_factor":0.0},{"date":"28/05/2025","date_ts":1748390400000,"profit_abs":0.0,"wins":0,"draws":0,"losses":0,"trades":0,"profit_factor":0.0},{"date":"29/05/2025","date_ts":1748476800000,"profit_abs":0.0,"wins":0,"draws":0,"losses":0,"trades":0,"profit_factor":0.0},{"date":"30/05/2025","date_ts":1748563200000,"profit_abs":-1.7835381,"wins":0,"draws":0,"losses":1,"trades":1,"profit_factor":0.0},{"date":"31/05/2025","date_ts":1748649600000,"profit_abs":-0.12679215,"wins":1,"draws":0,"losses":1,"trades":2,"profit_factor":0.87746133},{"date":"01/06/2025","date_ts":1748736000000,"profit_abs":-2.1762354,"wins":0,"draws":0,"losses":1,"trades":1,"profit_factor":0.0},{"date":"02/06/2025","date_ts":1748822400000,"profit_abs":0.0,"wins":0,"draws":0,"losses":0,"trades":0,"profit_factor":0.0},{"date":"03/06/2025","date_ts":1748908800000,"profit_abs":15.44667691,"wins":1,"draws":0,"losses":0,"trades":1,"profit_factor":0.0},{"date":"04/06/2025","date_ts":1748995200000,"profit_abs":0.0,"wins":0,"draws":0,"losses":0,"trades":0,"profit_factor":0.0},{"date":"05/06/2025","date_ts":1749081600000,"profit_abs":-16.61187465,"wins":0,"draws":0,"losses":3,"trades":3,"profit_factor":0.0},{"date":"06/06/2025","date_ts":1749168000000,"profit_abs":0.0,"wins":0,"draws":0,"losses":0,"trades":0,"profit_factor":0.0},{"date":"07/06/2025","date_ts":1749254400000,"profit_abs":9.05212077,"wins":3,"draws":0,"losses":3,"trades":6,"profit_factor":9.90416559},{"date":"08/06/2025","date_ts":1749340800000,"profit_abs":14.81613483,"wins":2,"draws":0,"losses":6,"trades":8,"profit_factor":4.11745176},{"date":"09/06/2025","date_ts":1749427200000,"profit_abs":15.87503879,"wins":1,"draws":0,"losses":0,"trades":1,"profit_factor":0.0},{"date":"10/06/2025","date_ts":1749513600000,"profit_abs":0.0,"wins":0,"draws":0,"losses":0,"trades":0,"profit_factor":0.0},{"date":"11/06/2025","date_ts":1749600000000,"profit_abs":0.0,"wins":0,"draws":0,"losses":0,"trades":0,"profit_factor":0.0},{"date":"12/06/2025","date_ts":1749686400000,"profit_abs":0.0,"wins":0,"draws":0,"losses":0,"trades":0,"profit_factor":0.0},{"date":"13/06/2025","date_ts":1749772800000,"profit_abs":-11.9007036,"wins":1,"draws":0,"losses":2,"trades":3,"profit_factor":0.06059223},{"date":"14/06/2025","date_ts":1749859200000,"profit_abs":0.0,"wins":0,"draws":0,"losses":0,"trades":0,"profit_factor":0.0},{"date":"15/06/2025","date_ts":1749945600000,"profit_abs":22.48261154,"wins":2,"draws":0,"losses":0,"trades":2,"profit_factor":0.0},{"date":"16/06/2025","date_ts":1750032000000,"profit_abs":39.24020145,"wins":2,"draws":0,"losses":0,"trades":2,"profit_factor":0.0},{"date":"17/06/2025","date_ts":1750118400000,"profit_abs":0.0,"wins":0,"draws":0,"losses":0,"trades":0,"profit_factor":0.0},{"date":"18/06/2025","date_ts":1750204800000,"profit_abs":2.25746469,"wins":2,"draws":0,"losses":1,"trades":3,"profit_factor":3.56267265}],"week":[{"date":"19/05/2025","date_ts":1747612800000,"profit_abs":-17.73832915,"wins":1,"draws":0,"losses":3,"trades":4,"profit_factor":0.04491191},{"date":"26/05/2025","date_ts":1748217600000,"profit_abs":28.75046351,"wins":2,"draws":0,"losses":2,"trades":4,"profit_factor":18.3545081},{"date":"02/06/2025","date_ts":1748822400000,"profit_abs":10.90983118,"wins":2,"draws":0,"losses":3,"trades":5,"profit_factor":3.18437568},{"date":"09/06/2025","date_ts":1749427200000,"profit_abs":38.57809665,"wins":7,"draws":0,"losses":12,"trades":19,"profit_factor":2.72368821},{"date":"16/06/2025","date_ts":1750032000000,"profit_abs":49.82210939,"wins":5,"draws":0,"losses":2,"trades":7,"profit_factor":4.93281592},{"date":"23/06/2025","date_ts":1750636800000,"profit_abs":2.25746469,"wins":2,"draws":0,"losses":1,"trades":3,"profit_factor":3.56267265}],"month":[{"date":"31/05/2025","date_ts":1748649600000,"profit_abs":24.09820094,"wins":5,"draws":0,"losses":7,"trades":12,"profit_factor":2.04559486},{"date":"30/06/2025","date_ts":1751241600000,"profit_abs":88.48143533,"wins":14,"draws":0,"losses":16,"trades":30,"profit_factor":3.32194661}],"year":[{"date":"31/12/2025","date_ts":1767139200000,"profit_abs":112.57963627,"wins":19,"draws":0,"losses":23,"trades":42,"profit_factor":2.84092217}]},"backtest_best_day":0.11294312842044146,"backtest_worst_day":-0.049895527580620755,"backtest_best_day_abs":39.24020145,"backtest_worst_day_abs":-16.61187465,"winning_days":10,"draw_days":14,"losing_days":8,"daily_profit":[["2025-05-18",-16.35159205],["2025-05-19",-1.3867371],["2025-05-20",0.0],["2025-05-21",0.0],["2025-05-22",26.4816191],["2025-05-23",0.0],["2025-05-24",3.92550119],["2025-05-25",-1.65665678],["2025-05-26",0.0],["2025-05-27",14.99639683],["2025-05-28",0.0],["2025-05-29",0.0],["2025-05-30",-1.7835381],["2025-05-31",-0.12679215],["2025-06-01",-2.1762354],["2025-06-02",0.0],["2025-06-03",15.44667691],["2025-06-04",0.0],["2025-06-05",-16.61187465],["2025-06-06",0.0],["2025-06-07",9.05212077],["2025-06-08",14.81613483],["2025-06-09",15.87503879],["2025-06-10",0.0],["2025-06-11",0.0],["2025-06-12",0.0],["2025-06-13",-11.9007036],["2025-06-14",0.0],["2025-06-15",22.48261154],["2025-06-16",39.24020145],["2025-06-17",0.0],["2025-06-18",2.25746469]],"wins":19,"losses":23,"draws":0,"winrate":0.4523809523809524,"holding_avg":"14:37:00","holding_avg_s":52620.0,"winner_holding_min":"0d 00:15","winner_holding_min_s":900.0,"winner_holding_max":"2d 22:45","winner_holding_max_s":254700.0,"winner_holding_avg":"1d 02:21","winner_holding_avg_s":94860.0,"loser_holding_min":"0d 00:15","loser_holding_min_s":900.0,"loser_holding_max":"1d 04:15","loser_holding_max_s":101700.0,"loser_holding_avg":"0d 04:55","loser_holding_avg_s":17700.0,"max_consecutive_wins":4,"max_consecutive_losses":6,"max_drawdown_account":0.017738329150000027,"max_relative_drawdown":0.017738329150000027,"max_drawdown_abs":17.738329150000002,"drawdown_start":"2025-05-18 04:30:00","drawdown_start_ts":1747542600000.0,"drawdown_end":"2025-05-19 04:30:00","drawdown_end_ts":1747629000000.0,"max_drawdown_low":-17.738329150000002,"max_drawdown_high":-6.34503007,"csum_min":982.26167085,"csum_max":1112.57963627}},"strategy_comparison":[{"key":"GridBotSample","trades":42,"profit_mean":0.007866817710794168,"profit_mean_pct":0.79,"profit_sum":0.3304063438533551,"profit_sum_pct":33.04,"profit_total_abs":112.57963627000001,"profit_total":0.11257963627,"profit_total_pct":11.26,"duration_avg":"14:37:00","wins":19,"draws":0,"losses":23,"winrate":0.4523809523809524,"cagr":2.25424405182829,"expectancy":2.6804675302380945,"expectancy_ratio":1.008124043822194,"sortino":16.09406545018209,"sharpe":7.370567900689141,"calmar":367.4342398642045,"sqn":1.9409,"profit_factor":2.840922166979658,"max_drawdown_account":0.017738329150000027,"max_drawdown_abs":"17.738"}]}