{"strategy":{"SimpleGridDCA":{"trades":[{"pair":"ETH/USDT:USDT","stake_amount":989.28924,"max_stake_amount":989.28924,"amount":0.389,"open_date":"2025-05-16 00:45:00+00:00","close_date":"2025-05-16 05:30:00+00:00","open_rate":2543.16,"close_rate":2587.54,"fee_open":0.0005,"fee_close":0.0005,"trade_duration":285,"profit_ratio":0.01643378832768614,"profit_abs":16.26589885,"exit_reason":"partial_profit_1","initial_stop_loss_abs":2288.85,"initial_stop_loss_ratio":-0.1,"stop_loss_abs":2288.85,"stop_loss_ratio":-0.1,"min_rate":2533.15,"max_rate":2594.72,"is_open":false,"enter_tag":"grid_level_-1","leverage":1.0,"is_short":false,"open_timestamp":1747356300000,"close_timestamp":1747373400000,"orders":[{"amount":0.389,"safe_price":2543.16,"ft_order_side":"buy","order_filled_timestamp":1747356300000,"ft_is_entry":true,"ft_order_tag":"grid_level_-1","cost":989.7838846199999},{"amount":0.389,"safe_price":2587.54,"ft_order_side":"sell","order_filled_timestamp":1747373400000,"ft_is_entry":false,"ft_order_tag":"partial_profit_1","cost":1007.0563365300001}],"funding_fees":0.0},{"pair":"ETH/USDT:USDT","stake_amount":1005.11152,"max_stake_amount":1005.11152,"amount":0.392,"open_date":"2025-05-16 20:30:00+00:00","close_date":"2025-05-17 20:45:00+00:00","open_rate":2564.06,"close_rate":2478.4,"fee_open":0.0005,"fee_close":0.0005,"trade_duration":1455,"profit_ratio":-0.03440346691035859,"profit_abs":-34.59661058,"exit_reason":"min_profit_threshold_exit","initial_stop_loss_abs":2307.66,"initial_stop_loss_ratio":-0.1,"stop_loss_abs":2307.66,"stop_loss_ratio":-0.1,"min_rate":2442.65,"max_rate":2582.31,"is_open":false,"enter_tag":"grid_level_-1","leverage":1.0,"is_short":false,"open_timestamp":1747427400000,"close_timestamp":1747514700000,"orders":[{"amount":0.392,"safe_price":2564.06,"ft_order_side":"buy","order_filled_timestamp":1747427400000,"ft_is_entry":true,"ft_order_tag":"grid_level_-1","cost":1005.61407576},{"amount":0.392,"safe_price":2478.4,"ft_order_side":"sell","order_filled_timestamp":1747514700000,"ft_is_entry":false,"ft_order_tag":"min_profit_threshold_exit","cost":972.0185664}],"funding_fees":-0.02956841662341527},{"pair":"ETH/USDT:USDT","stake_amount":969.63318,"max_stake_amount":969.63318,"amount":0.393,"open_date":"2025-05-17 22:00:00+00:00","close_date":"2025-05-18 06:00:00+00:00","open_rate":2467.26,"close_rate":2511.34,"fee_open":0.0005,"fee_close":0.0005,"trade_duration":480,"profit_ratio":0.016794833831833222,"profit_abs":16.29297055,"exit_reason":"partial_profit_1","initial_stop_loss_abs":2220.54,"initial_stop_loss_ratio":-0.1,"stop_loss_abs":2220.54,"stop_loss_ratio":-0.1,"min_rate":2451.28,"max_rate":2514.77,"is_open":false,"enter_tag":"grid_level_-1","leverage":1.0,"is_short":false,"open_timestamp":1747519200000,"close_timestamp":1747548000000,"orders":[{"amount":0.393,"safe_price":2467.26,"ft_order_side":"buy","order_filled_timestamp":1747519200000,"ft_is_entry":true,"ft_order_tag":"grid_level_-1","cost":970.1179965900001},{"amount":0.393,"safe_price":2511.34,"ft_order_side":"sell","order_filled_timestamp":1747548000000,"ft_is_entry":false,"ft_order_tag":"partial_profit_1","cost":987.45009831}],"funding_fees":-0.0521745500742},{"pair":"ETH/USDT:USDT","stake_amount":986.77732,"max_stake_amount":986.77732,"amount":0.398,"open_date":"2025-05-19 00:00:00+00:00","close_date":"2025-05-19 17:00:00+00:00","open_rate":2479.34,"close_rate":2509.0,"fee_open":0.0005,"fee_close":0.0005,"trade_duration":1020,"profit_ratio":0.010846463554595134,"profit_abs":10.70839576,"exit_reason":"market_timing_exit","initial_stop_loss_abs":2231.41,"initial_stop_loss_ratio":-0.1,"stop_loss_abs":2231.41,"stop_loss_ratio":-0.1,"min_rate":2346.99,"max_rate":2546.97,"is_open":false,"enter_tag":"grid_level_-1","leverage":1.0,"is_short":false,"open_timestamp":1747612800000,"close_timestamp":1747674000000,"orders":[{"amount":0.398,"safe_price":2479.34,"ft_order_side":"buy","order_filled_timestamp":1747612800000,"ft_is_entry":true,"ft_order_tag":"grid_level_-1","cost":987.2707086600001},{"amount":0.398,"safe_price":2509.0,"ft_order_side":"sell","order_filled_timestamp":1747674000000,"ft_is_entry":false,"ft_order_tag":"market_timing_exit","cost":999.0812910000001}],"funding_fees":-0.10360458355013982},{"pair":"ETH/USDT:USDT","stake_amount":997.296,"max_stake_amount":997.296,"amount":0.395,"open_date":"2025-05-20 07:00:00+00:00","close_date":"2025-05-21 05:30:00+00:00","open_rate":2524.8,"close_rate":2579.54,"fee_open":0.0005,"fee_close":0.0005,"trade_duration":1350,"profit_ratio":0.020543411142850704,"profit_abs":20.49810569,"exit_reason":"partial_profit_1","initial_stop_loss_abs":2272.32,"initial_stop_loss_ratio":-0.1,"stop_loss_abs":2272.32,"stop_loss_ratio":-0.1,"min_rate":2438.39,"max_rate":2594.25,"is_open":false,"enter_tag":"grid_level_-1","leverage":1.0,"is_short":false,"open_timestamp":1747724400000,"close_timestamp":1747805400000,"orders":[{"amount":0.395,"safe_price":2524.8,"ft_order_side":"buy","order_filled_timestamp":1747724400000,"ft_is_entry":true,"ft_order_tag":"grid_level_-1","cost":997.794648},{"amount":0.395,"safe_price":2579.54,"ft_order_side":"sell","order_filled_timestamp":1747805400000,"ft_is_entry":false,"ft_order_tag":"partial_profit_1","cost":1019.42775915}],"funding_fees":-0.11608716447136513},{"pair":"ETH/USDT:USDT","stake_amount":1018.61907,"max_stake_amount":1018.61907,"amount":0.399,"open_date":"2025-05-21 07:15:00+00:00","close_date":"2025-05-21 16:45:00+00:00","open_rate":2552.93,"close_rate":2613.32,"fee_open":0.0005,"fee_close":0.0005,"trade_duration":570,"profit_ratio":0.022532276670067325,"profit_abs":22.96328261,"exit_reason":"partial_profit_1","initial_stop_loss_abs":2297.64,"initial_stop_loss_ratio":-0.1,"stop_loss_abs":2297.64,"stop_loss_ratio":-0.1,"min_rate":2513.21,"max_rate":2614.99,"is_open":false,"enter_tag":"grid_level_-1","leverage":1.0,"is_short":false,"open_timestamp":1747811700000,"close_timestamp":1747845900000,"orders":[{"amount":0.399,"safe_price":2552.93,"ft_order_side":"buy","order_filled_timestamp":1747811700000,"ft_is_entry":true,"ft_order_tag":"grid_level_-1","cost":1019.1283795349999},{"amount":0.399,"safe_price":2613.32,"ft_order_side":"sell","order_filled_timestamp":1747845900000,"ft_is_entry":false,"ft_order_tag":"partial_profit_1","cost":1043.23603734}],"funding_fees":-0.1016605131864},{"pair":"ETH/USDT:USDT","stake_amount":1039.5378,"max_stake_amount":1039.5378,"amount":0.405,"open_date":"2025-05-21 17:00:00+00:00","close_date":"2025-05-22 03:30:00+00:00","open_rate":2566.76,"close_rate":2608.39,"fee_open":0.0005,"fee_close":0.0005,"trade_duration":630,"profit_ratio":0.015191849828765763,"profit_abs":15.8003984,"exit_reason":"partial_profit_1","initial_stop_loss_abs":2310.09,"initial_stop_loss_ratio":-0.1,"stop_loss_abs":2310.09,"stop_loss_ratio":-0.1,"min_rate":2450.72,"max_rate":2638.78,"is_open":false,"enter_tag":"grid_level_-1","leverage":1.0,"is_short":false,"open_timestamp":1747846800000,"close_timestamp":1747884600000,"orders":[{"amount":0.405,"safe_price":2566.76,"ft_order_side":"buy","order_filled_timestamp":1747846800000,"ft_is_entry":true,"ft_order_tag":"grid_level_-1","cost":1040.0575689},{"amount":0.405,"safe_price":2608.39,"ft_order_side":"sell","order_filled_timestamp":1747884600000,"ft_is_entry":false,"ft_order_tag":"partial_profit_1","cost":1056.926148975}],"funding_fees":-0.0117837237105},{"pair":"ETH/USDT:USDT","stake_amount":1057.088,"max_stake_amount":1057.088,"amount":0.415,"open_date":"2025-05-23 12:00:00+00:00","close_date":"2025-05-24 21:30:00+00:00","open_rate":2547.2,"close_rate":2535.18,"fee_open":0.0005,"fee_close":0.0005,"trade_duration":2010,"profit_ratio":-0.005866956805093245,"profit_abs":-6.20499058,"exit_reason":"min_profit_threshold_exit","initial_stop_loss_abs":2292.48,"initial_stop_loss_ratio":-0.1,"stop_loss_abs":2292.48,"stop_loss_ratio":-0.1,"min_rate":2497.0,"max_rate":2591.19,"is_open":false,"enter_tag":"grid_level_-1","leverage":1.0,"is_short":false,"open_timestamp":1748001600000,"close_timestamp":1748122200000,"orders":[{"amount":0.415,"safe_price":2547.2,"ft_order_side":"buy","order_filled_timestamp":1748001600000,"ft_is_entry":true,"ft_order_tag":"grid_level_-1","cost":1057.616544},{"amount":0.415,"safe_price":2535.18,"ft_order_side":"sell","order_filled_timestamp":1748122200000,"ft_is_entry":false,"ft_order_tag":"min_profit_threshold_exit","cost":1052.62574985}],"funding_fees":-0.16209673221667711},{"pair":"ETH/USDT:USDT","stake_amount":1048.90668,"max_stake_amount":1048.90668,"amount":0.412,"open_date":"2025-05-26 13:45:00+00:00","close_date":"2025-05-27 06:15:00+00:00","open_rate":2545.89,"close_rate":2598.78,"fee_open":0.0005,"fee_close":0.0005,"trade_duration":990,"profit_ratio":0.01966645623930942,"profit_abs":20.63859146,"exit_reason":"partial_profit_1","initial_stop_loss_abs":2291.31,"initial_stop_loss_ratio":-0.1,"stop_loss_abs":2291.31,"stop_loss_ratio":-0.1,"min_rate":2508.0,"max_rate":2609.9,"is_open":false,"enter_tag":"grid_level_-1","leverage":1.0,"is_short":false,"open_timestamp":1748267100000,"close_timestamp":1748326500000,"orders":[{"amount":0.412,"safe_price":2545.89,"ft_order_side":"buy","order_filled_timestamp":1748267100000,"ft_is_entry":true,"ft_order_tag":"grid_level_-1","cost":1049.4311333399999},{"amount":0.412,"safe_price":2598.78,"ft_order_side":"sell","order_filled_timestamp":1748326500000,"ft_is_entry":false,"ft_order_tag":"partial_profit_1","cost":1071.23270868}],"funding_fees":-0.0922865185356885},{"pair":"ETH/USDT:USDT","stake_amount":1070.50944,"max_stake_amount":1070.50944,"amount":0.416,"open_date":"2025-05-27 06:45:00+00:00","close_date":"2025-05-27 08:15:00+00:00","open_rate":2573.34,"close_rate":2625.23,"fee_open":0.0005,"fee_close":0.0005,"trade_duration":90,"profit_ratio":0.01904356059140202,"profit_abs":20.39650454,"exit_reason":"partial_profit_1","initial_stop_loss_abs":2316.01,"initial_stop_loss_ratio":-0.1,"stop_loss_abs":2316.01,"stop_loss_ratio":-0.1,"min_rate":2563.59,"max_rate":2643.44,"is_open":false,"enter_tag":"grid_level_-1","leverage":1.0,"is_short":false,"open_timestamp":1748328300000,"close_timestamp":1748333700000,"orders":[{"amount":0.416,"safe_price":2573.34,"ft_order_side":"buy","order_filled_timestamp":1748328300000,"ft_is_entry":true,"ft_order_tag":"grid_level_-1","cost":1071.04469472},{"amount":0.416,"safe_price":2625.23,"ft_order_side":"sell","order_filled_timestamp":1748333700000,"ft_is_entry":false,"ft_order_tag":"partial_profit_1","cost":1092.64172784}],"funding_fees":-0.108432896},{"pair":"ETH/USDT:USDT","stake_amount":1089.70757,"max_stake_amount":1089.70757,"amount":0.437,"open_date":"2025-06-08 09:15:00+00:00","close_date":"2025-06-08 19:15:00+00:00","open_rate":2493.61,"close_rate":2536.12,"fee_open":0.0005,"fee_close":0.0005,"trade_duration":600,"profit_ratio":0.015983735334888373,"profit_abs":17.42630619,"exit_reason":"partial_profit_1","initial_stop_loss_abs":2244.25,"initial_stop_loss_ratio":-0.1,"stop_loss_abs":2244.25,"stop_loss_ratio":-0.1,"min_rate":2483.28,"max_rate":2539.68,"is_open":false,"enter_tag":"grid_level_-1","leverage":1.0,"is_short":false,"open_timestamp":1749374100000,"close_timestamp":1749410100000,"orders":[{"amount":0.437,"safe_price":2493.61,"ft_order_side":"buy","order_filled_timestamp":1749374100000,"ft_is_entry":true,"ft_order_tag":"grid_level_-1","cost":1090.252423785},{"amount":0.437,"safe_price":2536.12,"ft_order_side":"sell","order_filled_timestamp":1749410100000,"ft_is_entry":false,"ft_order_tag":"partial_profit_1","cost":1108.8385822199998}],"funding_fees":-0.05156780202664344},{"pair":"ETH/USDT:USDT","stake_amount":1108.4172,"max_stake_amount":1108.4172,"amount":0.44,"open_date":"2025-06-08 22:00:00+00:00","close_date":"2025-06-09 10:15:00+00:00","open_rate":2519.13,"close_rate":2523.75,"fee_open":0.0005,"fee_close":0.0005,"trade_duration":735,"profit_ratio":0.0007914081672384788,"profit_abs":0.87764903,"exit_reason":"market_timing_exit","initial_stop_loss_abs":2267.22,"initial_stop_loss_ratio":-0.1,"stop_loss_abs":2267.22,"stop_loss_ratio":-0.1,"min_rate":2475.83,"max_rate":2539.16,"is_open":false,"enter_tag":"grid_level_-1","leverage":1.0,"is_short":false,"open_timestamp":1749420000000,"close_timestamp":1749464100000,"orders":[{"amount":0.44,"safe_price":2519.13,"ft_order_side":"buy","order_filled_timestamp":1749420000000,"ft_is_entry":true,"ft_order_tag":"grid_level_-1","cost":1108.9714086000001},{"amount":0.44,"safe_price":2523.75,"ft_order_side":"sell","order_filled_timestamp":1749464100000,"ft_is_entry":false,"ft_order_tag":"market_timing_exit","cost":1111.0052249999999}],"funding_fees":-0.04571737404974898},{"pair":"SOL/USDT:USDT","stake_amount":1109.214,"max_stake_amount":1109.214,"amount":7.38,"open_date":"2025-06-15 20:15:00+00:00","close_date":"2025-06-16 00:00:00+00:00","open_rate":150.3,"close_rate":152.88,"fee_open":0.0005,"fee_close":0.0005,"trade_duration":225,"profit_ratio":0.016047338938647775,"profit_abs":17.80883298,"exit_reason":"partial_profit_1","initial_stop_loss_abs":135.27,"initial_stop_loss_ratio":-0.1,"stop_loss_abs":135.27,"stop_loss_ratio":-0.1,"min_rate":148.07,"max_rate":152.95,"is_open":false,"enter_tag":"grid_level_-1","leverage":1.0,"is_short":false,"open_timestamp":1750018500000,"close_timestamp":1750032000000,"orders":[{"amount":7.38,"safe_price":150.3,"ft_order_side":"buy","order_filled_timestamp":1750018500000,"ft_is_entry":true,"ft_order_tag":"grid_level_-1","cost":1109.7686070000002},{"amount":7.38,"safe_price":152.88,"ft_order_side":"sell","order_filled_timestamp":1750032000000,"ft_is_entry":false,"ft_order_tag":"partial_profit_1","cost":1128.8185272}],"funding_fees":-0.11283281999999999},{"pair":"ETH/USDT:USDT","stake_amount":1126.36408,"max_stake_amount":1126.36408,"amount":0.446,"open_date":"2025-06-16 01:00:00+00:00","close_date":"2025-06-16 02:15:00+00:00","open_rate":2525.48,"close_rate":2572.55,"fee_open":0.0005,"fee_close":0.0005,"trade_duration":75,"profit_ratio":0.017619912108662077,"profit_abs":19.85635931,"exit_reason":"partial_profit_1","initial_stop_loss_abs":2272.94,"initial_stop_loss_ratio":-0.1,"stop_loss_abs":2272.94,"stop_loss_ratio":-0.1,"min_rate":2513.38,"max_rate":2578.0,"is_open":false,"enter_tag":"grid_level_-1","leverage":1.0,"is_short":false,"open_timestamp":1750035600000,"close_timestamp":1750040100000,"orders":[{"amount":0.446,"safe_price":2525.48,"ft_order_side":"buy","order_filled_timestamp":1750035600000,"ft_is_entry":true,"ft_order_tag":"grid_level_-1","cost":1126.92726204},{"amount":0.446,"safe_price":2572.55,"ft_order_side":"sell","order_filled_timestamp":1750040100000,"ft_is_entry":false,"ft_order_tag":"partial_profit_1","cost":1147.93097865}],"funding_fees":0.0},{"pair":"ETH/USDT:USDT","stake_amount":1144.90061,"max_stake_amount":1144.90061,"amount":0.449,"open_date":"2025-06-16 23:45:00+00:00","close_date":"2025-06-17 03:00:00+00:00","open_rate":2549.89,"close_rate":2607.84,"fee_open":0.0005,"fee_close":0.0005,"trade_duration":195,"profit_ratio":0.021713287166594254,"profit_abs":24.8719855,"exit_reason":"partial_profit_1","initial_stop_loss_abs":2294.91,"initial_stop_loss_ratio":-0.1,"stop_loss_abs":2294.91,"stop_loss_ratio":-0.1,"min_rate":2524.0,"max_rate":2617.74,"is_open":false,"enter_tag":"grid_level_-1","leverage":1.0,"is_short":false,"open_timestamp":1750117500000,"close_timestamp":1750129200000,"orders":[{"amount":0.449,"safe_price":2549.89,"ft_order_side":"buy","order_filled_timestamp":1750117500000,"ft_is_entry":true,"ft_order_tag":"grid_level_-1","cost":1145.4730603049998},{"amount":0.449,"safe_price":2607.84,"ft_order_side":"sell","order_filled_timestamp":1750129200000,"ft_is_entry":false,"ft_order_tag":"partial_profit_1","cost":1171.50562008}],"funding_fees":0.010345885176248355},{"pair":"ETH/USDT:USDT","stake_amount":1170.27372,"max_stake_amount":1170.27372,"amount":0.462,"open_date":"2025-06-17 14:45:00+00:00","close_date":"2025-06-18 15:00:00+00:00","open_rate":2533.06,"close_rate":2503.98,"fee_open":0.0005,"fee_close":0.0005,"trade_duration":1455,"profit_ratio":-0.012648474829593219,"profit_abs":-14.80957878,"exit_reason":"min_profit_threshold_exit","initial_stop_loss_abs":2279.76,"initial_stop_loss_ratio":-0.1,"stop_loss_abs":2279.76,"stop_loss_ratio":-0.1,"min_rate":2451.97,"max_rate":2556.47,"is_open":false,"enter_tag":"grid_level_-1","leverage":1.0,"is_short":false,"open_timestamp":1750171500000,"close_timestamp":1750258800000,"orders":[{"amount":0.462,"safe_price":2533.06,"ft_order_side":"buy","order_filled_timestamp":1750171500000,"ft_is_entry":true,"ft_order_tag":"grid_level_-1","cost":1170.85885686},{"amount":0.462,"safe_price":2503.98,"ft_order_side":"sell","order_filled_timestamp":1750258800000,"ft_is_entry":false,"ft_order_tag":"min_profit_threshold_exit","cost":1157.41717938}],"funding_fees":-0.21106254332226673},{"pair":"ETH/USDT:USDT","stake_amount":1156.1643,"max_stake_amount":1156.1643,"amount":0.457,"open_date":"2025-06-20 13:45:00+00:00","close_date":"2025-06-21 14:00:00+00:00","open_rate":2529.9,"close_rate":2419.32,"fee_open":0.0005,"fee_close":0.0005,"trade_duration":1455,"profit_ratio":-0.04462991817940109,"profit_abs":-51.62531787,"exit_reason":"min_profit_threshold_exit","initial_stop_loss_abs":2276.92,"initial_stop_loss_ratio":-0.1,"stop_loss_abs":2276.92,"stop_loss_ratio":-0.1,"min_rate":2363.88,"max_rate":2548.6,"is_open":false,"enter_tag":"grid_level_-1","leverage":1.0,"is_short":false,"open_timestamp":1750427100000,"close_timestamp":1750514400000,"orders":[{"amount":0.457,"safe_price":2529.9,"ft_order_side":"buy","order_filled_timestamp":1750427100000,"ft_is_entry":true,"ft_order_tag":"grid_level_-1","cost":1156.7423821500001},{"amount":0.457,"safe_price":2419.32,"ft_order_side":"sell","order_filled_timestamp":1750514400000,"ft_is_entry":false,"ft_order_tag":"min_profit_threshold_exit","cost":1106.1820546200001}],"funding_fees":0.04063889533783292},{"pair":"SOL/USDT:USDT","stake_amount":1105.8852,"max_stake_amount":1105.8852,"amount":7.61,"open_date":"2025-06-23 22:30:00+00:00","close_date":"2025-06-23 22:30:00+00:00","open_rate":145.32,"close_rate":146.36,"fee_open":0.0005,"fee_close":0.0005,"trade_duration":0,"profit_ratio":0.0061499665801561096,"profit_abs":6.8045576,"exit_reason":"market_timing_exit","initial_stop_loss_abs":130.79,"initial_stop_loss_ratio":-0.1,"stop_loss_abs":130.79,"stop_loss_ratio":-0.1,"min_rate":143.82,"max_rate":146.67,"is_open":false,"enter_tag":"grid_level_-1","leverage":1.0,"is_short":false,"open_timestamp":1750717800000,"close_timestamp":1750717800000,"orders":[{"amount":7.61,"safe_price":145.32,"ft_order_side":"buy","order_filled_timestamp":1750717800000,"ft_is_entry":true,"ft_order_tag":"grid_level_-1","cost":1106.4381426},{"amount":7.61,"safe_price":146.36,"ft_order_side":"sell","order_filled_timestamp":1750717800000,"ft_is_entry":false,"ft_order_tag":"market_timing_exit","cost":1114.3564998}],"funding_fees":0.0},{"pair":"SUI/USDT:USDT","stake_amount":1112.64,"max_stake_amount":1112.64,"amount":390.4,"open_date":"2025-06-24 06:00:00+00:00","close_date":"2025-06-24 06:00:00+00:00","open_rate":2.85,"close_rate":2.8747,"fee_open":0.0005,"fee_close":0.0005,"trade_duration":0,"profit_ratio":0.007658504081292687,"profit_abs":8.52541856,"exit_reason":"market_timing_exit","initial_stop_loss_abs":2.565,"initial_stop_loss_ratio":-0.1,"stop_loss_abs":2.565,"stop_loss_ratio":-0.1,"min_rate":2.8477,"max_rate":2.8776,"is_open":false,"enter_tag":"grid_level_-1","leverage":1.0,"is_short":false,"open_timestamp":1750744800000,"close_timestamp":1750744800000,"orders":[{"amount":390.4,"safe_price":2.85,"ft_order_side":"buy","order_filled_timestamp":1750744800000,"ft_is_entry":true,"ft_order_tag":"grid_level_-1","cost":1113.1963199999998},{"amount":390.4,"safe_price":2.8747,"ft_order_side":"sell","order_filled_timestamp":1750744800000,"ft_is_entry":false,"ft_order_tag":"market_timing_exit","cost":1122.8440214399998}],"funding_fees":0.0},{"pair":"SUI/USDT:USDT","stake_amount":1121.10839,"max_stake_amount":1121.10839,"amount":390.1,"open_date":"2025-06-24 06:45:00+00:00","close_date":"2025-06-24 06:45:00+00:00","open_rate":2.8739,"close_rate":2.8987,"fee_open":0.0005,"fee_close":0.0005,"trade_duration":0,"profit_ratio":0.007621263309679237,"profit_abs":8.54853437,"exit_reason":"market_timing_exit","initial_stop_loss_abs":2.5866,"initial_stop_loss_ratio":-0.1,"stop_loss_abs":2.5866,"stop_loss_ratio":-0.1,"min_rate":2.8722,"max_rate":2.91,"is_open":false,"enter_tag":"grid_level_-1","leverage":1.0,"is_short":false,"open_timestamp":1750747500000,"close_timestamp":1750747500000,"orders":[{"amount":390.1,"safe_price":2.8739,"ft_order_side":"buy","order_filled_timestamp":1750747500000,"ft_is_entry":true,"ft_order_tag":"grid_level_-1","cost":1121.668944195},{"amount":390.1,"safe_price":2.8987,"ft_order_side":"sell","order_filled_timestamp":1750747500000,"ft_is_entry":false,"ft_order_tag":"market_timing_exit","cost":1131.348261435}],"funding_fees":0.0},{"pair":"SOL/USDT:USDT","stake_amount":1129.6026,"max_stake_amount":1129.6026,"amount":7.77,"open_date":"2025-06-24 17:00:00+00:00","close_date":"2025-06-25 17:15:00+00:00","open_rate":145.38,"close_rate":143.78,"fee_open":0.0005,"fee_close":0.0005,"trade_duration":1455,"profit_ratio":-0.012128475086286318,"profit_abs":-13.70720717,"exit_reason":"min_profit_threshold_exit","initial_stop_loss_abs":130.85,"initial_stop_loss_ratio":-0.1,"stop_loss_abs":130.85,"stop_loss_ratio":-0.1,"min_rate":142.71,"max_rate":147.93,"is_open":false,"enter_tag":"grid_level_-1","leverage":1.0,"is_short":false,"open_timestamp":1750784400000,"close_timestamp":1750871700000,"orders":[{"amount":7.77,"safe_price":145.38,"ft_order_side":"buy","order_filled_timestamp":1750784400000,"ft_is_entry":true,"ft_order_tag":"grid_level_-1","cost":1130.1674013},{"amount":7.77,"safe_price":143.78,"ft_order_side":"sell","order_filled_timestamp":1750871700000,"ft_is_entry":false,"ft_order_tag":"min_profit_threshold_exit","cost":1117.7291853}],"funding_fees":-0.15182056503566232},{"pair":"ETH/USDT:USDT","stake_amount":1115.71228,"max_stake_amount":1115.71228,"amount":0.452,"open_date":"2025-06-26 09:00:00+00:00","close_date":"2025-06-27 09:15:00+00:00","open_rate":2468.39,"close_rate":2445.02,"fee_open":0.0005,"fee_close":0.0005,"trade_duration":1455,"profit_ratio":-0.010475377412169204,"profit_abs":-11.69335097,"exit_reason":"min_profit_threshold_exit","initial_stop_loss_abs":2221.56,"initial_stop_loss_ratio":-0.1,"stop_loss_abs":2221.56,"stop_loss_ratio":-0.1,"min_rate":2377.0,"max_rate":2488.16,"is_open":false,"enter_tag":"grid_level_-1","leverage":1.0,"is_short":false,"open_timestamp":1750928400000,"close_timestamp":1751015700000,"orders":[{"amount":0.452,"safe_price":2468.39,"ft_order_side":"buy","order_filled_timestamp":1750928400000,"ft_is_entry":true,"ft_order_tag":"grid_level_-1","cost":1116.27013614},{"amount":0.452,"safe_price":2445.02,"ft_order_side":"sell","order_filled_timestamp":1751015700000,"ft_is_entry":false,"ft_order_tag":"min_profit_threshold_exit","cost":1105.70161452}],"funding_fees":-0.019680307727416628},{"pair":"SOL/USDT:USDT","stake_amount":1104.0293,"max_stake_amount":1104.0293,"amount":7.31,"open_date":"2025-06-28 18:00:00+00:00","close_date":"2025-06-28 18:00:00+00:00","open_rate":151.03,"close_rate":152.1,"fee_open":0.0005,"fee_close":0.0005,"trade_duration":0,"profit_ratio":0.00607810376742371,"profit_abs":6.71375985,"exit_reason":"market_timing_exit","initial_stop_loss_abs":135.93,"initial_stop_loss_ratio":-0.1,"stop_loss_abs":135.93,"stop_loss_ratio":-0.1,"min_rate":150.99,"max_rate":152.24,"is_open":false,"enter_tag":"grid_level_-1","leverage":1.0,"is_short":false,"open_timestamp":1751133600000,"close_timestamp":1751133600000,"orders":[{"amount":7.31,"safe_price":151.03,"ft_order_side":"buy","order_filled_timestamp":1751133600000,"ft_is_entry":true,"ft_order_tag":"grid_level_-1","cost":1104.58131465},{"amount":7.31,"safe_price":152.1,"ft_order_side":"sell","order_filled_timestamp":1751133600000,"ft_is_entry":false,"ft_order_tag":"market_timing_exit","cost":1112.4069254999997}],"funding_fees":0.0},{"pair":"SUI/USDT:USDT","stake_amount":1111.04499,"max_stake_amount":1111.04499,"amount":383.9,"open_date":"2025-06-29 23:30:00+00:00","close_date":"2025-06-29 23:30:00+00:00","open_rate":2.8941,"close_rate":2.9192,"fee_open":0.0005,"fee_close":0.0005,"trade_duration":0,"profit_ratio":0.007664648382427156,"profit_abs":8.52002707,"exit_reason":"market_timing_exit","initial_stop_loss_abs":2.6047,"initial_stop_loss_ratio":-0.1,"stop_loss_abs":2.6047,"stop_loss_ratio":-0.1,"min_rate":2.8941,"max_rate":2.9206,"is_open":false,"enter_tag":"grid_level_-1","leverage":1.0,"is_short":false,"open_timestamp":1751239800000,"close_timestamp":1751239800000,"orders":[{"amount":383.9,"safe_price":2.8941,"ft_order_side":"buy","order_filled_timestamp":1751239800000,"ft_is_entry":true,"ft_order_tag":"grid_level_-1","cost":1111.6005124949997},{"amount":383.9,"safe_price":2.9192,"ft_order_side":"sell","order_filled_timestamp":1751239800000,"ft_is_entry":false,"ft_order_tag":"market_timing_exit","cost":1121.2412204399998}],"funding_fees":0.0},{"pair":"SOL/USDT:USDT","stake_amount":1118.9841,"max_stake_amount":1118.9841,"amount":7.41,"open_date":"2025-06-30 14:45:00+00:00","close_date":"2025-06-30 15:30:00+00:00","open_rate":151.01,"close_rate":155.33,"fee_open":0.0005,"fee_close":0.0005,"trade_duration":45,"profit_ratio":0.027579283664571266,"profit_abs":30.8762103,"exit_reason":"partial_profit_1","initial_stop_loss_abs":135.91,"initial_stop_loss_ratio":-0.1,"stop_loss_abs":135.91,"stop_loss_ratio":-0.1,"min_rate":150.78,"max_rate":157.49,"is_open":false,"enter_tag":"grid_level_-1","leverage":1.0,"is_short":false,"open_timestamp":1751294700000,"close_timestamp":1751297400000,"orders":[{"amount":7.41,"safe_price":151.01,"ft_order_side":"buy","order_filled_timestamp":1751294700000,"ft_is_entry":true,"ft_order_tag":"grid_level_-1","cost":1119.54359205},{"amount":7.41,"safe_price":155.33,"ft_order_side":"sell","order_filled_timestamp":1751297400000,"ft_is_entry":false,"ft_order_tag":"partial_profit_1","cost":1151.57079765}],"funding_fees":0.0},{"pair":"SOL/USDT:USDT","stake_amount":1148.6936,"max_stake_amount":1148.6936,"amount":7.66,"open_date":"2025-07-01 07:15:00+00:00","close_date":"2025-07-02 07:30:00+00:00","open_rate":149.96,"close_rate":148.94,"fee_open":0.0005,"fee_close":0.0005,"trade_duration":1455,"profit_ratio":-0.007717045241446561,"profit_abs":-8.86895274,"exit_reason":"min_profit_threshold_exit","initial_stop_loss_abs":134.97,"initial_stop_loss_ratio":-0.1,"stop_loss_abs":134.97,"stop_loss_ratio":-0.1,"min_rate":144.67,"max_rate":151.09,"is_open":false,"enter_tag":"grid_level_-1","leverage":1.0,"is_short":false,"open_timestamp":1751354100000,"close_timestamp":1751441400000,"orders":[{"amount":7.66,"safe_price":149.96,"ft_order_side":"buy","order_filled_timestamp":1751354100000,"ft_is_entry":true,"ft_order_tag":"grid_level_-1","cost":1149.2679468},{"amount":7.66,"safe_price":148.94,"ft_order_side":"sell","order_filled_timestamp":1751441400000,"ft_is_entry":false,"ft_order_tag":"min_profit_threshold_exit","cost":1141.4508402}],"funding_fees":0.08903425796955788},{"pair":"SUI/USDT:USDT","stake_amount":1141.14585,"max_stake_amount":1141.14585,"amount":396.3,"open_date":"2025-07-03 00:15:00+00:00","close_date":"2025-07-03 05:15:00+00:00","open_rate":2.8795,"close_rate":2.929,"fee_open":0.0005,"fee_close":0.0005,"trade_duration":300,"profit_ratio":0.01617380232009944,"profit_abs":18.46589573,"exit_reason":"partial_profit_1","initial_stop_loss_abs":2.5916,"initial_stop_loss_ratio":-0.1,"stop_loss_abs":2.5916,"stop_loss_ratio":-0.1,"min_rate":2.8712,"max_rate":2.9651,"is_open":false,"enter_tag":"grid_level_-1","leverage":1.0,"is_short":false,"open_timestamp":1751501700000,"close_timestamp":1751519700000,"orders":[{"amount":396.3,"safe_price":2.8795,"ft_order_side":"buy","order_filled_timestamp":1751501700000,"ft_is_entry":true,"ft_order_tag":"grid_level_-1","cost":1141.716422925},{"amount":396.3,"safe_price":2.929,"ft_order_side":"sell","order_filled_timestamp":1751519700000,"ft_is_entry":false,"ft_order_tag":"partial_profit_1","cost":1161.34308135}],"funding_fees":0.0}],"locks":[],"best_pair":{"key":"ETH/USDT:USDT","trades":17,"profit_mean":0.005243340519251621,"profit_mean_pct":0.52,"profit_sum":0.08913678882727756,"profit_sum_pct":8.91,"profit_total_abs":87.66659910999999,"profit_total":0.08766659910999999,"profit_total_pct":8.77,"duration_avg":"14:34:00","wins":12,"draws":0,"losses":5,"winrate":0.7058823529411765,"cagr":0.8946111363122458,"expectancy":5.156858771176468,"expectancy_ratio":0.21680254469657068,"sortino":2.0648623551003342,"sharpe":1.6283850616517888,"calmar":52.06590262276606,"sqn":0.9626,"profit_factor":1.7371286519683402,"max_drawdown_account":0.06701714957751462,"max_drawdown_abs":78.12824762000001},"worst_pair":{"key":"SOL/USDT:USDT","trades":6,"profit_mean":0.006001528770510997,"profit_mean_pct":0.6,"profit_sum":0.03600917262306598,"profit_sum_pct":3.6,"profit_total_abs":39.62720082,"profit_total":0.03962720082,"profit_total_pct":3.96,"duration_avg":"8:50:00","wins":4,"draws":0,"losses":2,"winrate":0.6666666666666666,"cagr":0.34381764978750184,"expectancy":6.60453347,"expectancy_ratio":0.5850891822461404,"sortino":6.519884216523109,"sharpe":1.045052029600264,"calmar":117.89886962618439,"sqn":0.9785,"profit_factor":2.755267546738421,"max_drawdown_account":0.013377930930846754,"max_drawdown_abs":13.70720717},"results_per_pair":[{"key":"ETH/USDT:USDT","trades":17,"profit_mean":0.005243340519251621,"profit_mean_pct":0.52,"profit_sum":0.08913678882727756,"profit_sum_pct":8.91,"profit_total_abs":87.66659910999999,"profit_total":0.08766659910999999,"profit_total_pct":8.77,"duration_avg":"14:34:00","wins":12,"draws":0,"losses":5,"winrate":0.7058823529411765,"cagr":0.8946111363122458,"expectancy":5.156858771176468,"expectancy_ratio":0.21680254469657068,"sortino":2.0648623551003342,"sharpe":1.6283850616517888,"calmar":52.06590262276606,"sqn":0.9626,"profit_factor":1.7371286519683402,"max_drawdown_account":0.06701714957751462,"max_drawdown_abs":78.12824762000001},{"key":"SUI/USDT:USDT","trades":4,"profit_mean":0.009779554523374631,"profit_mean_pct":0.98,"profit_sum":0.039118218093498525,"profit_sum_pct":3.91,"profit_total_abs":44.05987573,"profit_total":0.04405987573,"profit_total_pct":4.41,"duration_avg":"1:15:00","wins":4,"draws":0,"losses":0,"winrate":1.0,"cagr":0.3880052407896022,"expectancy":11.0149689325,"expectancy_ratio":100.0,"sortino":-100,"sharpe":4.076593877347077,"calmar":-100,"sqn":4.435,"profit_factor":0.0,"max_drawdown_account":0.0,"max_drawdown_abs":0.0},{"key":"SOL/USDT:USDT","trades":6,"profit_mean":0.006001528770510997,"profit_mean_pct":0.6,"profit_sum":0.03600917262306598,"profit_sum_pct":3.6,"profit_total_abs":39.62720082,"profit_total":0.03962720082,"profit_total_pct":3.96,"duration_avg":"8:50:00","wins":4,"draws":0,"losses":2,"winrate":0.6666666666666666,"cagr":0.34381764978750184,"expectancy":6.60453347,"expectancy_ratio":0.5850891822461404,"sortino":6.519884216523109,"sharpe":1.045052029600264,"calmar":117.89886962618439,"sqn":0.9785,"profit_factor":2.755267546738421,"max_drawdown_account":0.013377930930846754,"max_drawdown_abs":13.70720717},{"key":"TOTAL","trades":27,"profit_mean":0.00608385850162378,"profit_mean_pct":0.61,"profit_sum":0.16426417954384206,"profit_sum_pct":16.43,"profit_total_abs":171.35367566,"profit_total":0.17135367565999998,"profit_total_pct":17.14,"duration_avg":"11:19:00","wins":20,"draws":0,"losses":7,"winrate":0.7407407407407407,"cagr":2.3290118401285107,"expectancy":6.346432431851851,"expectancy_ratio":0.3139444567353018,"sortino":4.425358676544779,"sharpe":3.6634224319208095,"calmar":118.78759349391547,"sqn":1.7382,"profit_factor":2.2109286188361645,"max_drawdown_account":0.05741528640452557,"max_drawdown_abs":67.95694426000001}],"results_per_enter_tag":[{"key":"grid_level_-1","trades":27,"profit_mean":0.00608385850162378,"profit_mean_pct":0.61,"profit_sum":0.16426417954384206,"profit_sum_pct":16.43,"profit_total_abs":171.35367566,"profit_total":0.17135367565999998,"profit_total_pct":17.14,"duration_avg":"11:19:00","wins":20,"draws":0,"losses":7,"winrate":0.7407407407407407,"cagr":2.3290118401285107,"expectancy":6.346432431851851,"expectancy_ratio":0.3139444567353018,"sortino":4.425358676544779,"sharpe":3.6634224319208095,"calmar":118.78759349391547,"sqn":1.7382,"profit_factor":2.2109286188361645,"max_drawdown_account":0.05741528640452557,"max_drawdown_abs":67.95694426000001},{"key":"TOTAL","trades":27,"profit_mean":0.00608385850162378,"profit_mean_pct":0.61,"profit_sum":0.16426417954384206,"profit_sum_pct":16.43,"profit_total_abs":171.35367566,"profit_total":0.17135367565999998,"profit_total_pct":17.14,"duration_avg":"11:19:00","wins":20,"draws":0,"losses":7,"winrate":0.7407407407407407,"cagr":2.3290118401285107,"expectancy":6.346432431851851,"expectancy_ratio":0.3139444567353018,"sortino":4.425358676544779,"sharpe":3.6634224319208095,"calmar":118.78759349391547,"sqn":1.7382,"profit_factor":2.2109286188361645,"max_drawdown_account":0.05741528640452557,"max_drawdown_abs":67.95694426000001}],"exit_reason_summary":[{"key":"partial_profit_1","trades":13,"profit_mean":0.018871041243490597,"profit_mean_pct":1.89,"profit_sum":0.24532353616537778,"profit_sum_pct":24.53,"profit_total_abs":262.16134210999996,"profit_total":0.26216134211,"profit_total_pct":26.22,"duration_avg":"7:29:00","wins":13,"draws":0,"losses":0,"winrate":1.0,"cagr":4.873464617864611,"expectancy":20.16625708538461,"expectancy_ratio":100.0,"sortino":-100,"sharpe":25.938130860285735,"calmar":-100,"sqn":17.3652,"profit_factor":0.0,"max_drawdown_account":0.0,"max_drawdown_abs":0.0},{"key":"market_timing_exit","trades":7,"profit_mean":0.006687193977544644,"profit_mean_pct":0.67,"profit_sum":0.04681035784281251,"profit_sum_pct":4.68,"profit_total_abs":50.69834224,"profit_total":0.05069834224,"profit_total_pct":5.07,"duration_avg":"4:11:00","wins":7,"draws":0,"losses":0,"winrate":1.0,"cagr":0.4565407831347572,"expectancy":7.24262032,"expectancy_ratio":100.0,"sortino":-100,"sharpe":7.011539008469877,"calmar":-100,"sqn":6.1643,"profit_factor":0.0,"max_drawdown_account":0.0,"max_drawdown_abs":0.0},{"key":"min_profit_threshold_exit","trades":7,"profit_mean":-0.018267102066335462,"profit_mean_pct":-1.83,"profit_sum":-0.12786971446434822,"profit_sum_pct":-12.79,"profit_total_abs":-141.50600869000002,"profit_total":-0.14150600869000002,"profit_total_pct":-14.15,"duration_avg":"1 day, 1:34:00","wins":0,"draws":0,"losses":7,"winrate":0.0,"cagr":-0.6865797302971598,"expectancy":-20.215144098571432,"expectancy_ratio":-1.0,"sortino":-3.6545165484634716,"sharpe":-3.6545165484634716,"calmar":-39.80202744696416,"sqn":-3.2129,"profit_factor":0.0,"max_drawdown_account":0.14150600869000005,"max_drawdown_abs":141.50600869000002},{"key":"TOTAL","trades":27,"profit_mean":0.00608385850162378,"profit_mean_pct":0.61,"profit_sum":0.16426417954384206,"profit_sum_pct":16.43,"profit_total_abs":171.35367566,"profit_total":0.17135367565999998,"profit_total_pct":17.14,"duration_avg":"11:19:00","wins":20,"draws":0,"losses":7,"winrate":0.7407407407407407,"cagr":2.3290118401285107,"expectancy":6.346432431851851,"expectancy_ratio":0.3139444567353018,"sortino":4.425358676544779,"sharpe":3.6634224319208095,"calmar":118.78759349391547,"sqn":1.7382,"profit_factor":2.2109286188361645,"max_drawdown_account":0.05741528640452557,"max_drawdown_abs":67.95694426000001}],"mix_tag_stats":[{"key":["grid_level_-1","partial_profit_1"],"trades":13,"profit_mean":0.018871041243490597,"profit_mean_pct":1.89,"profit_sum":0.24532353616537778,"profit_sum_pct":24.53,"profit_total_abs":262.16134210999996,"profit_total":0.26216134211,"profit_total_pct":26.22,"duration_avg":"7:29:00","wins":13,"draws":0,"losses":0,"winrate":1.0,"cagr":4.873464617864611,"expectancy":20.16625708538461,"expectancy_ratio":100.0,"sortino":-100,"sharpe":25.938130860285735,"calmar":-100,"sqn":17.3652,"profit_factor":0.0,"max_drawdown_account":0.0,"max_drawdown_abs":0.0},{"key":["grid_level_-1","market_timing_exit"],"trades":7,"profit_mean":0.006687193977544644,"profit_mean_pct":0.67,"profit_sum":0.04681035784281251,"profit_sum_pct":4.68,"profit_total_abs":50.69834224,"profit_total":0.05069834224,"profit_total_pct":5.07,"duration_avg":"4:11:00","wins":7,"draws":0,"losses":0,"winrate":1.0,"cagr":0.4565407831347572,"expectancy":7.24262032,"expectancy_ratio":100.0,"sortino":-100,"sharpe":7.011539008469877,"calmar":-100,"sqn":6.1643,"profit_factor":0.0,"max_drawdown_account":0.0,"max_drawdown_abs":0.0},{"key":["grid_level_-1","min_profit_threshold_exit"],"trades":7,"profit_mean":-0.018267102066335462,"profit_mean_pct":-1.83,"profit_sum":-0.12786971446434822,"profit_sum_pct":-12.79,"profit_total_abs":-141.50600869000002,"profit_total":-0.14150600869000002,"profit_total_pct":-14.15,"duration_avg":"1 day, 1:34:00","wins":0,"draws":0,"losses":7,"winrate":0.0,"cagr":-0.6865797302971598,"expectancy":-20.215144098571432,"expectancy_ratio":-1.0,"sortino":-3.6545165484634716,"sharpe":-3.6545165484634716,"calmar":-39.80202744696416,"sqn":-3.2129,"profit_factor":0.0,"max_drawdown_account":0.14150600869000005,"max_drawdown_abs":141.50600869000002},{"key":"TOTAL","trades":27,"profit_mean":0.00608385850162378,"profit_mean_pct":0.61,"profit_sum":0.16426417954384206,"profit_sum_pct":16.43,"profit_total_abs":171.35367566,"profit_total":0.17135367565999998,"profit_total_pct":17.14,"duration_avg":"11:19:00","wins":20,"draws":0,"losses":7,"winrate":0.7407407407407407,"cagr":2.3290118401285107,"expectancy":6.346432431851851,"expectancy_ratio":0.3139444567353018,"sortino":4.425358676544779,"sharpe":3.6634224319208095,"calmar":118.78759349391547,"sqn":1.7382,"profit_factor":2.2109286188361645,"max_drawdown_account":0.05741528640452557,"max_drawdown_abs":67.95694426000001}],"left_open_trades":[{"key":"TOTAL","trades":0,"profit_mean":0.0,"profit_mean_pct":0.0,"profit_sum":0.0,"profit_sum_pct":0.0,"profit_total_abs":0.0,"profit_total":0.0,"profit_total_pct":0.0,"duration_avg":"0:00","wins":0,"draws":0,"losses":0,"winrate":0.0,"cagr":0.0,"expectancy":0.0,"expectancy_ratio":100.0,"sortino":0,"sharpe":0,"calmar":0,"sqn":0.0,"profit_factor":0.0,"max_drawdown_account":0.0,"max_drawdown_abs":0.0}],"total_trades":27,"trade_count_long":27,"trade_count_short":0,"total_volume":58824.69140688,"avg_stake_amount":1085.061334814815,"profit_mean":0.00608385850162378,"profit_median":0.010846463554595134,"profit_total":0.17135367565999998,"profit_total_long":0.17135367565999998,"profit_total_short":0.0,"profit_total_abs":171.35367566,"profit_total_long_abs":171.35367566,"profit_total_short_abs":0.0,"cagr":2.3290118401285107,"expectancy":6.346432431851851,"expectancy_ratio":0.3139444567353018,"sortino":4.425358676544779,"sharpe":3.6634224319208095,"calmar":118.78759349391547,"sqn":1.7382,"profit_factor":2.2109286188361645,"backtest_start":"2025-05-16 00:00:00","backtest_start_ts":1747353600000,"backtest_end":"2025-07-03 14:00:00","backtest_end_ts":1751551200000,"backtest_days":48,"backtest_run_start_ts":1751553010,"backtest_run_end_ts":1751553011,"trades_per_day":0.56,"market_change":-0.10059978247388068,"pairlist":["SOL/USDT:USDT","ETH/USDT:USDT","SUI/USDT:USDT"],"stake_amount":"unlimited","stake_currency":"USDT","stake_currency_decimals":3,"starting_balance":1000,"dry_run_wallet":1000,"final_balance":1171.35367566,"rejected_signals":313,"timedout_entry_orders":740,"timedout_exit_orders":0,"canceled_trade_entries":0,"canceled_entry_orders":0,"replaced_entry_orders":0,"max_open_trades":1,"max_open_trades_setting":1,"timeframe":"15m","timeframe_detail":"","timerange":"","enable_protections":false,"strategy_name":"SimpleGridDCA","stoploss":-0.1,"trailing_stop":false,"trailing_stop_positive":null,"trailing_stop_positive_offset":0.0,"trailing_only_offset_is_reached":false,"use_custom_stoploss":false,"minimal_roi":{},"use_exit_signal":true,"exit_profit_only":false,"exit_profit_offset":0.0,"ignore_roi_if_entry_signal":false,"trading_mode":"futures","margin_mode":"isolated","periodic_breakdown":{"day":[{"date":"16/05/2025","date_ts":1747353600000,"profit_abs":16.26589885,"wins":1,"draws":0,"losses":0,"trades":1,"profit_factor":0.0},{"date":"17/05/2025","date_ts":1747440000000,"profit_abs":-34.59661058,"wins":0,"draws":0,"losses":1,"trades":1,"profit_factor":0.0},{"date":"18/05/2025","date_ts":1747526400000,"profit_abs":16.29297055,"wins":1,"draws":0,"losses":0,"trades":1,"profit_factor":0.0},{"date":"19/05/2025","date_ts":1747612800000,"profit_abs":10.70839576,"wins":1,"draws":0,"losses":0,"trades":1,"profit_factor":0.0},{"date":"20/05/2025","date_ts":1747699200000,"profit_abs":0.0,"wins":0,"draws":0,"losses":0,"trades":0,"profit_factor":0.0},{"date":"21/05/2025","date_ts":1747785600000,"profit_abs":43.4613883,"wins":2,"draws":0,"losses":0,"trades":2,"profit_factor":0.0},{"date":"22/05/2025","date_ts":1747872000000,"profit_abs":15.8003984,"wins":1,"draws":0,"losses":0,"trades":1,"profit_factor":0.0},{"date":"23/05/2025","date_ts":1747958400000,"profit_abs":0.0,"wins":0,"draws":0,"losses":0,"trades":0,"profit_factor":0.0},{"date":"24/05/2025","date_ts":1748044800000,"profit_abs":-6.20499058,"wins":0,"draws":0,"losses":1,"trades":1,"profit_factor":0.0},{"date":"25/05/2025","date_ts":1748131200000,"profit_abs":0.0,"wins":0,"draws":0,"losses":0,"trades":0,"profit_factor":0.0},{"date":"26/05/2025","date_ts":1748217600000,"profit_abs":0.0,"wins":0,"draws":0,"losses":0,"trades":0,"profit_factor":0.0},{"date":"27/05/2025","date_ts":1748304000000,"profit_abs":41.035096,"wins":2,"draws":0,"losses":0,"trades":2,"profit_factor":0.0},{"date":"28/05/2025","date_ts":1748390400000,"profit_abs":0.0,"wins":0,"draws":0,"losses":0,"trades":0,"profit_factor":0.0},{"date":"29/05/2025","date_ts":1748476800000,"profit_abs":0.0,"wins":0,"draws":0,"losses":0,"trades":0,"profit_factor":0.0},{"date":"30/05/2025","date_ts":1748563200000,"profit_abs":0.0,"wins":0,"draws":0,"losses":0,"trades":0,"profit_factor":0.0},{"date":"31/05/2025","date_ts":1748649600000,"profit_abs":0.0,"wins":0,"draws":0,"losses":0,"trades":0,"profit_factor":0.0},{"date":"01/06/2025","date_ts":1748736000000,"profit_abs":0.0,"wins":0,"draws":0,"losses":0,"trades":0,"profit_factor":0.0},{"date":"02/06/2025","date_ts":1748822400000,"profit_abs":0.0,"wins":0,"draws":0,"losses":0,"trades":0,"profit_factor":0.0},{"date":"03/06/2025","date_ts":1748908800000,"profit_abs":0.0,"wins":0,"draws":0,"losses":0,"trades":0,"profit_factor":0.0},{"date":"04/06/2025","date_ts":1748995200000,"profit_abs":0.0,"wins":0,"draws":0,"losses":0,"trades":0,"profit_factor":0.0},{"date":"05/06/2025","date_ts":1749081600000,"profit_abs":0.0,"wins":0,"draws":0,"losses":0,"trades":0,"profit_factor":0.0},{"date":"06/06/2025","date_ts":1749168000000,"profit_abs":0.0,"wins":0,"draws":0,"losses":0,"trades":0,"profit_factor":0.0},{"date":"07/06/2025","date_ts":1749254400000,"profit_abs":0.0,"wins":0,"draws":0,"losses":0,"trades":0,"profit_factor":0.0},{"date":"08/06/2025","date_ts":1749340800000,"profit_abs":17.42630619,"wins":1,"draws":0,"losses":0,"trades":1,"profit_factor":0.0},{"date":"09/06/2025","date_ts":1749427200000,"profit_abs":0.87764903,"wins":1,"draws":0,"losses":0,"trades":1,"profit_factor":0.0},{"date":"10/06/2025","date_ts":1749513600000,"profit_abs":0.0,"wins":0,"draws":0,"losses":0,"trades":0,"profit_factor":0.0},{"date":"11/06/2025","date_ts":1749600000000,"profit_abs":0.0,"wins":0,"draws":0,"losses":0,"trades":0,"profit_factor":0.0},{"date":"12/06/2025","date_ts":1749686400000,"profit_abs":0.0,"wins":0,"draws":0,"losses":0,"trades":0,"profit_factor":0.0},{"date":"13/06/2025","date_ts":1749772800000,"profit_abs":0.0,"wins":0,"draws":0,"losses":0,"trades":0,"profit_factor":0.0},{"date":"14/06/2025","date_ts":1749859200000,"profit_abs":0.0,"wins":0,"draws":0,"losses":0,"trades":0,"profit_factor":0.0},{"date":"15/06/2025","date_ts":1749945600000,"profit_abs":0.0,"wins":0,"draws":0,"losses":0,"trades":0,"profit_factor":0.0},{"date":"16/06/2025","date_ts":1750032000000,"profit_abs":37.66519229,"wins":2,"draws":0,"losses":0,"trades":2,"profit_factor":0.0},{"date":"17/06/2025","date_ts":1750118400000,"profit_abs":24.8719855,"wins":1,"draws":0,"losses":0,"trades":1,"profit_factor":0.0},{"date":"18/06/2025","date_ts":1750204800000,"profit_abs":-14.80957878,"wins":0,"draws":0,"losses":1,"trades":1,"profit_factor":0.0},{"date":"19/06/2025","date_ts":1750291200000,"profit_abs":0.0,"wins":0,"draws":0,"losses":0,"trades":0,"profit_factor":0.0},{"date":"20/06/2025","date_ts":1750377600000,"profit_abs":0.0,"wins":0,"draws":0,"losses":0,"trades":0,"profit_factor":0.0},{"date":"21/06/2025","date_ts":1750464000000,"profit_abs":-51.62531787,"wins":0,"draws":0,"losses":1,"trades":1,"profit_factor":0.0},{"date":"22/06/2025","date_ts":1750550400000,"profit_abs":0.0,"wins":0,"draws":0,"losses":0,"trades":0,"profit_factor":0.0},{"date":"23/06/2025","date_ts":1750636800000,"profit_abs":6.8045576,"wins":1,"draws":0,"losses":0,"trades":1,"profit_factor":0.0},{"date":"24/06/2025","date_ts":1750723200000,"profit_abs":17.07395293,"wins":2,"draws":0,"losses":0,"trades":2,"profit_factor":0.0},{"date":"25/06/2025","date_ts":1750809600000,"profit_abs":-13.70720717,"wins":0,"draws":0,"losses":1,"trades":1,"profit_factor":0.0},{"date":"26/06/2025","date_ts":1750896000000,"profit_abs":0.0,"wins":0,"draws":0,"losses":0,"trades":0,"profit_factor":0.0},{"date":"27/06/2025","date_ts":1750982400000,"profit_abs":-11.69335097,"wins":0,"draws":0,"losses":1,"trades":1,"profit_factor":0.0},{"date":"28/06/2025","date_ts":1751068800000,"profit_abs":6.71375985,"wins":1,"draws":0,"losses":0,"trades":1,"profit_factor":0.0},{"date":"29/06/2025","date_ts":1751155200000,"profit_abs":8.52002707,"wins":1,"draws":0,"losses":0,"trades":1,"profit_factor":0.0},{"date":"30/06/2025","date_ts":1751241600000,"profit_abs":30.8762103,"wins":1,"draws":0,"losses":0,"trades":1,"profit_factor":0.0},{"date":"01/07/2025","date_ts":1751328000000,"profit_abs":0.0,"wins":0,"draws":0,"losses":0,"trades":0,"profit_factor":0.0},{"date":"02/07/2025","date_ts":1751414400000,"profit_abs":-8.86895274,"wins":0,"draws":0,"losses":1,"trades":1,"profit_factor":0.0},{"date":"03/07/2025","date_ts":1751500800000,"profit_abs":18.46589573,"wins":1,"draws":0,"losses":0,"trades":1,"profit_factor":0.0}],"week":[{"date":"19/05/2025","date_ts":1747612800000,"profit_abs":8.67065458,"wins":3,"draws":0,"losses":1,"trades":4,"profit_factor":1.2506215},{"date":"26/05/2025","date_ts":1748217600000,"profit_abs":53.05679612,"wins":3,"draws":0,"losses":1,"trades":4,"profit_factor":9.55066506},{"date":"02/06/2025","date_ts":1748822400000,"profit_abs":41.035096,"wins":2,"draws":0,"losses":0,"trades":2,"profit_factor":0.0},{"date":"09/06/2025","date_ts":1749427200000,"profit_abs":18.30395522,"wins":2,"draws":0,"losses":0,"trades":2,"profit_factor":0.0},{"date":"16/06/2025","date_ts":1750032000000,"profit_abs":37.66519229,"wins":2,"draws":0,"losses":0,"trades":2,"profit_factor":0.0},{"date":"23/06/2025","date_ts":1750636800000,"profit_abs":-34.75835355,"wins":2,"draws":0,"losses":2,"trades":4,"profit_factor":0.47680579},{"date":"30/06/2025","date_ts":1751241600000,"profit_abs":37.78339201,"wins":5,"draws":0,"losses":2,"trades":7,"profit_factor":2.48750243},{"date":"07/07/2025","date_ts":1751846400000,"profit_abs":9.59694299,"wins":1,"draws":0,"losses":1,"trades":2,"profit_factor":2.082083}],"month":[{"date":"31/05/2025","date_ts":1748649600000,"profit_abs":102.7625467,"wins":8,"draws":0,"losses":2,"trades":10,"profit_factor":3.51859103},{"date":"30/06/2025","date_ts":1751241600000,"profit_abs":58.99418597,"wins":11,"draws":0,"losses":4,"trades":15,"profit_factor":1.64239009},{"date":"31/07/2025","date_ts":1753920000000,"profit_abs":9.59694299,"wins":1,"draws":0,"losses":1,"trades":2,"profit_factor":2.082083}],"year":[{"date":"31/12/2025","date_ts":1767139200000,"profit_abs":171.35367566,"wins":20,"draws":0,"losses":7,"trades":27,"profit_factor":2.21092862}]},"backtest_best_day":0.043075687812918026,"backtest_worst_day":-0.04462991817940109,"backtest_best_day_abs":43.4613883,"backtest_worst_day_abs":-51.62531787,"winning_days":16,"draw_days":26,"losing_days":7,"daily_profit":[["2025-05-16",16.26589885],["2025-05-17",-34.59661058],["2025-05-18",16.29297055],["2025-05-19",10.70839576],["2025-05-20",0.0],["2025-05-21",43.4613883],["2025-05-22",15.8003984],["2025-05-23",0.0],["2025-05-24",-6.20499058],["2025-05-25",0.0],["2025-05-26",0.0],["2025-05-27",41.035096],["2025-05-28",0.0],["2025-05-29",0.0],["2025-05-30",0.0],["2025-05-31",0.0],["2025-06-01",0.0],["2025-06-02",0.0],["2025-06-03",0.0],["2025-06-04",0.0],["2025-06-05",0.0],["2025-06-06",0.0],["2025-06-07",0.0],["2025-06-08",17.42630619],["2025-06-09",0.87764903],["2025-06-10",0.0],["2025-06-11",0.0],["2025-06-12",0.0],["2025-06-13",0.0],["2025-06-14",0.0],["2025-06-15",0.0],["2025-06-16",37.66519229],["2025-06-17",24.8719855],["2025-06-18",-14.80957878],["2025-06-19",0.0],["2025-06-20",0.0],["2025-06-21",-51.62531787],["2025-06-22",0.0],["2025-06-23",6.8045576],["2025-06-24",17.07395293],["2025-06-25",-13.70720717],["2025-06-26",0.0],["2025-06-27",-11.69335097],["2025-06-28",6.71375985],["2025-06-29",8.52002707],["2025-06-30",30.8762103],["2025-07-01",0.0],["2025-07-02",-8.86895274],["2025-07-03",18.46589573]],"wins":20,"losses":7,"draws":0,"winrate":0.7407407407407407,"holding_avg":"11:19:00","holding_avg_s":40740.0,"winner_holding_min":"0d 00:45","winner_holding_min_s":2700.0,"winner_holding_max":"0d 22:30","winner_holding_max_s":81000.0,"winner_holding_avg":"0d 06:20","winner_holding_avg_s":22800.0,"loser_holding_min":"1d 00:15","loser_holding_min_s":87300.0,"loser_holding_max":"1d 09:30","loser_holding_max_s":120600.0,"loser_holding_avg":"1d 01:34","loser_holding_avg_s":92040.0,"max_consecutive_wins":7,"max_consecutive_losses":2,"max_drawdown_account":0.05741528640452557,"max_relative_drawdown":0.05741528640452557,"max_drawdown_abs":67.95694426000001,"drawdown_start":"2025-06-17 03:00:00","drawdown_start_ts":1750129200000.0,"drawdown_end":"2025-06-27 09:15:00","drawdown_end_ts":1751015700000.0,"max_drawdown_low":115.64673544999995,"max_drawdown_high":183.60367970999997,"csum_min":981.66928827,"csum_max":1183.60367971}},"strategy_comparison":[{"key":"SimpleGridDCA","trades":27,"profit_mean":0.00608385850162378,"profit_mean_pct":0.61,"profit_sum":0.16426417954384206,"profit_sum_pct":16.43,"profit_total_abs":171.35367566,"profit_total":0.17135367565999998,"profit_total_pct":17.14,"duration_avg":"11:19:00","wins":20,"draws":0,"losses":7,"winrate":0.7407407407407407,"cagr":2.3290118401285107,"expectancy":6.346432431851851,"expectancy_ratio":0.3139444567353018,"sortino":4.425358676544779,"sharpe":3.6634224319208095,"calmar":118.78759349391547,"sqn":1.7382,"profit_factor":2.2109286188361645,"max_drawdown_account":0.05741528640452557,"max_drawdown_abs":"67.957"}]}