{"strategy":{"SimpleGridDCA":{"trades":[{"pair":"ETH/USDT:USDT","stake_amount":63.88,"max_stake_amount":63.88,"amount":0.025,"open_date":"2025-05-16 00:15:00+00:00","close_date":"2025-05-22 11:30:00+00:00","open_rate":2555.2,"close_rate":2638.92,"fee_open":0.0005,"fee_close":0.0005,"trade_duration":9315,"profit_ratio":0.030916546423094025,"profit_abs":1.97593646,"exit_reason":"exit_signal","initial_stop_loss_abs":2299.68,"initial_stop_loss_ratio":-0.1,"stop_loss_abs":2299.68,"stop_loss_ratio":-0.1,"min_rate":2312.62,"max_rate":2692.61,"is_open":false,"enter_tag":"grid_level_-1","leverage":1.0,"is_short":false,"open_timestamp":1747354500000,"close_timestamp":1747913400000,"orders":[{"amount":0.025,"safe_price":2555.2,"ft_order_side":"buy","order_filled_timestamp":1747354500000,"ft_is_entry":true,"ft_order_tag":"grid_level_-1","cost":63.911939999999994},{"amount":0.025,"safe_price":2638.92,"ft_order_side":"sell","order_filled_timestamp":1747913400000,"ft_is_entry":false,"ft_order_tag":"exit_signal","cost":66.00598649999999}],"funding_fees":-0.05213703837949718},{"pair":"ETH/USDT:USDT","stake_amount":64.133,"max_stake_amount":64.133,"amount":0.025,"open_date":"2025-05-23 12:00:00+00:00","close_date":"2025-05-27 20:45:00+00:00","open_rate":2565.32,"close_rate":2667.11,"fee_open":0.0005,"fee_close":0.0005,"trade_duration":6285,"profit_ratio":0.0379314920526109,"profit_abs":2.43387671,"exit_reason":"exit_signal","initial_stop_loss_abs":2308.79,"initial_stop_loss_ratio":-0.1,"stop_loss_abs":2308.79,"stop_loss_ratio":-0.1,"min_rate":2457.6,"max_rate":2711.8,"is_open":false,"enter_tag":"grid_level_-1","leverage":1.0,"is_short":false,"open_timestamp":1748001600000,"close_timestamp":1748378700000,"orders":[{"amount":0.025,"safe_price":2565.32,"ft_order_side":"buy","order_filled_timestamp":1748001600000,"ft_is_entry":true,"ft_order_tag":"grid_level_-1","cost":64.16506650000001},{"amount":0.025,"safe_price":2667.11,"ft_order_side":"sell","order_filled_timestamp":1748378700000,"ft_is_entry":false,"ft_order_tag":"exit_signal","cost":66.711088875}],"funding_fees":-0.04546791924597666},{"pair":"ETH/USDT:USDT","stake_amount":64.306,"max_stake_amount":64.306,"amount":0.025,"open_date":"2025-05-30 01:00:00+00:00","close_date":"2025-05-30 03:45:00+00:00","open_rate":2572.24,"close_rate":2633.89,"fee_open":0.0005,"fee_close":0.0005,"trade_duration":165,"profit_ratio":0.02294398115531852,"profit_abs":1.47617337,"exit_reason":"exit_signal","initial_stop_loss_abs":2315.02,"initial_stop_loss_ratio":-0.1,"stop_loss_abs":2315.02,"stop_loss_ratio":-0.1,"min_rate":2566.55,"max_rate":2642.12,"is_open":false,"enter_tag":"grid_level_-1","leverage":1.0,"is_short":false,"open_timestamp":1748566800000,"close_timestamp":1748576700000,"orders":[{"amount":0.025,"safe_price":2572.24,"ft_order_side":"buy","order_filled_timestamp":1748566800000,"ft_is_entry":true,"ft_order_tag":"grid_level_-1","cost":64.33815299999999},{"amount":0.025,"safe_price":2633.89,"ft_order_side":"sell","order_filled_timestamp":1748576700000,"ft_is_entry":false,"ft_order_tag":"exit_signal","cost":65.880173625}],"funding_fees":0.0},{"pair":"SOL/USDT:USDT","stake_amount":65.3557,"max_stake_amount":65.3557,"amount":0.43,"open_date":"2025-06-02 19:15:00+00:00","close_date":"2025-06-03 03:30:00+00:00","open_rate":151.99,"close_rate":158.6,"fee_open":0.0005,"fee_close":0.0005,"trade_duration":495,"profit_ratio":0.042401681478629924,"profit_abs":2.77257717,"exit_reason":"exit_signal","initial_stop_loss_abs":136.8,"initial_stop_loss_ratio":-0.1,"stop_loss_abs":136.8,"stop_loss_ratio":-0.1,"min_rate":151.66,"max_rate":162.31,"is_open":false,"enter_tag":"grid_level_-1","leverage":1.0,"is_short":false,"open_timestamp":1748891700000,"close_timestamp":1748921400000,"orders":[{"amount":0.43,"safe_price":151.99,"ft_order_side":"buy","order_filled_timestamp":1748891700000,"ft_is_entry":true,"ft_order_tag":"grid_level_-1","cost":65.38837785},{"amount":0.43,"safe_price":158.6,"ft_order_side":"sell","order_filled_timestamp":1748921400000,"ft_is_entry":false,"ft_order_tag":"exit_signal","cost":68.23209899999999}],"funding_fees":-0.0029459753220000004},{"pair":"ETH/USDT:USDT","stake_amount":65.86632,"max_stake_amount":65.86632,"amount":0.026,"open_date":"2025-06-02 19:15:00+00:00","close_date":"2025-06-04 17:45:00+00:00","open_rate":2533.32,"close_rate":2634.84,"fee_open":0.0005,"fee_close":0.0005,"trade_duration":2790,"profit_ratio":0.038675513724137627,"profit_abs":2.54868747,"exit_reason":"exit_signal","initial_stop_loss_abs":2279.99,"initial_stop_loss_ratio":-0.1,"stop_loss_abs":2279.99,"stop_loss_ratio":-0.1,"min_rate":2522.88,"max_rate":2679.64,"is_open":false,"enter_tag":"grid_level_-1","leverage":1.0,"is_short":false,"open_timestamp":1748891700000,"close_timestamp":1749059100000,"orders":[{"amount":0.026,"safe_price":2533.32,"ft_order_side":"buy","order_filled_timestamp":1748891700000,"ft_is_entry":true,"ft_order_tag":"grid_level_-1","cost":65.89925316},{"amount":0.026,"safe_price":2634.84,"ft_order_side":"sell","order_filled_timestamp":1749059100000,"ft_is_entry":false,"ft_order_tag":"exit_signal","cost":68.54009292}],"funding_fees":-0.02364644551951342},{"pair":"ETH/USDT:USDT","stake_amount":64.75825,"max_stake_amount":64.75825,"amount":0.025,"open_date":"2025-06-05 10:45:00+00:00","close_date":"2025-06-05 12:15:00+00:00","open_rate":2590.33,"close_rate":2618.37,"fee_open":0.0005,"fee_close":0.0005,"trade_duration":90,"profit_ratio":0.009814555879264277,"profit_abs":0.63589125,"exit_reason":"exit_signal","initial_stop_loss_abs":2331.3,"initial_stop_loss_ratio":-0.1,"stop_loss_abs":2331.3,"stop_loss_ratio":-0.1,"min_rate":2585.66,"max_rate":2627.7,"is_open":false,"enter_tag":"grid_level_-1","leverage":1.0,"is_short":false,"open_timestamp":1749120300000,"close_timestamp":1749125700000,"orders":[{"amount":0.025,"safe_price":2590.33,"ft_order_side":"buy","order_filled_timestamp":1749120300000,"ft_is_entry":true,"ft_order_tag":"grid_level_-1","cost":64.790629125},{"amount":0.025,"safe_price":2618.37,"ft_order_side":"sell","order_filled_timestamp":1749125700000,"ft_is_entry":false,"ft_order_tag":"exit_signal","cost":65.491979625}],"funding_fees":0.0},{"pair":"SOL/USDT:USDT","stake_amount":65.8108,"max_stake_amount":65.8108,"amount":0.44,"open_date":"2025-06-07 04:45:00+00:00","close_date":"2025-06-08 17:00:00+00:00","open_rate":149.57,"close_rate":152.14,"fee_open":0.0005,"fee_close":0.0005,"trade_duration":2175,"profit_ratio":0.0161623841418864,"profit_abs":1.06419126,"exit_reason":"exit_signal","initial_stop_loss_abs":134.62,"initial_stop_loss_ratio":-0.1,"stop_loss_abs":134.62,"stop_loss_ratio":-0.1,"min_rate":147.59,"max_rate":153.25,"is_open":false,"enter_tag":"grid_level_-1","leverage":1.0,"is_short":false,"open_timestamp":1749271500000,"close_timestamp":1749402000000,"orders":[{"amount":0.44,"safe_price":149.57,"ft_order_side":"buy","order_filled_timestamp":1749271500000,"ft_is_entry":true,"ft_order_tag":"grid_level_-1","cost":65.84370539999999},{"amount":0.44,"safe_price":152.14,"ft_order_side":"sell","order_filled_timestamp":1749402000000,"ft_is_entry":false,"ft_order_tag":"exit_signal","cost":66.97507079999998}],"funding_fees":-0.0002325390176912003},{"pair":"SOL/USDT:USDT","stake_amount":66.8184,"max_stake_amount":66.8184,"amount":0.44,"open_date":"2025-06-09 01:15:00+00:00","close_date":"2025-06-09 19:45:00+00:00","open_rate":151.86,"close_rate":155.28,"fee_open":0.0005,"fee_close":0.0005,"trade_duration":1110,"profit_ratio":0.021421263495139634,"profit_abs":1.43205022,"exit_reason":"exit_signal","initial_stop_loss_abs":136.68,"initial_stop_loss_ratio":-0.1,"stop_loss_abs":136.68,"stop_loss_ratio":-0.1,"min_rate":149.5,"max_rate":156.94,"is_open":false,"enter_tag":"grid_level_-1","leverage":1.0,"is_short":false,"open_timestamp":1749431700000,"close_timestamp":1749498300000,"orders":[{"amount":0.44,"safe_price":151.86,"ft_order_side":"buy","order_filled_timestamp":1749431700000,"ft_is_entry":true,"ft_order_tag":"grid_level_-1","cost":66.8518092},{"amount":0.44,"safe_price":155.28,"ft_order_side":"sell","order_filled_timestamp":1749498300000,"ft_is_entry":false,"ft_order_tag":"exit_signal","cost":68.35736159999999}],"funding_fees":-0.0051789767923696},{"pair":"ETH/USDT:USDT","stake_amount":64.84998,"max_stake_amount":64.84998,"amount":0.026,"open_date":"2025-06-07 12:00:00+00:00","close_date":"2025-06-10 03:15:00+00:00","open_rate":2494.23,"close_rate":2680.64,"fee_open":0.0005,"fee_close":0.0005,"trade_duration":3795,"profit_ratio":0.07311307527412295,"profit_abs":4.74375216,"exit_reason":"exit_signal","initial_stop_loss_abs":2244.81,"initial_stop_loss_ratio":-0.1,"stop_loss_abs":2244.81,"stop_loss_ratio":-0.1,"min_rate":2475.83,"max_rate":2726.83,"is_open":false,"enter_tag":"grid_level_-1","leverage":1.0,"is_short":false,"open_timestamp":1749297600000,"close_timestamp":1749525300000,"orders":[{"amount":0.026,"safe_price":2494.23,"ft_order_side":"buy","order_filled_timestamp":1749297600000,"ft_is_entry":true,"ft_order_tag":"grid_level_-1","cost":64.88240499},{"amount":0.026,"safe_price":2680.64,"ft_order_side":"sell","order_filled_timestamp":1749525300000,"ft_is_entry":false,"ft_order_tag":"exit_signal","cost":69.73148831999998}],"funding_fees":-0.035634532195218366},{"pair":"SOL/USDT:USDT","stake_amount":66.6732,"max_stake_amount":66.6732,"amount":0.44,"open_date":"2025-06-15 17:15:00+00:00","close_date":"2025-06-16 08:30:00+00:00","open_rate":151.53,"close_rate":156.57,"fee_open":0.0005,"fee_close":0.0005,"trade_duration":915,"profit_ratio":0.032023459302187786,"profit_abs":2.13617406,"exit_reason":"exit_signal","initial_stop_loss_abs":136.38,"initial_stop_loss_ratio":-0.1,"stop_loss_abs":136.38,"stop_loss_ratio":-0.1,"min_rate":148.07,"max_rate":157.94,"is_open":false,"enter_tag":"grid_level_-1","leverage":1.0,"is_short":false,"open_timestamp":1750007700000,"close_timestamp":1750062600000,"orders":[{"amount":0.44,"safe_price":151.53,"ft_order_side":"buy","order_filled_timestamp":1750007700000,"ft_is_entry":true,"ft_order_tag":"grid_level_-1","cost":66.70653659999999},{"amount":0.44,"safe_price":156.57,"ft_order_side":"sell","order_filled_timestamp":1750062600000,"ft_is_entry":false,"ft_order_tag":"exit_signal","cost":68.9252454}],"funding_fees":-0.013643937980639998},{"pair":"SUI/USDT:USDT","stake_amount":67.16416,"max_stake_amount":67.16416,"amount":22.4,"open_date":"2025-06-15 22:00:00+00:00","close_date":"2025-06-16 10:00:00+00:00","open_rate":2.9984,"close_rate":3.1001,"fee_open":0.0005,"fee_close":0.0005,"trade_duration":720,"profit_ratio":0.0328204994949735,"profit_abs":2.20546346,"exit_reason":"exit_signal","initial_stop_loss_abs":2.6986,"initial_stop_loss_ratio":-0.1,"stop_loss_abs":2.6986,"stop_loss_ratio":-0.1,"min_rate":2.971,"max_rate":3.141,"is_open":false,"enter_tag":"grid_level_-1","leverage":1.0,"is_short":false,"open_timestamp":1750024800000,"close_timestamp":1750068000000,"orders":[{"amount":22.4,"safe_price":2.9984,"ft_order_side":"buy","order_filled_timestamp":1750024800000,"ft_is_entry":true,"ft_order_tag":"grid_level_-1","cost":67.19774208},{"amount":22.4,"safe_price":3.1001,"ft_order_side":"sell","order_filled_timestamp":1750068000000,"ft_is_entry":false,"ft_order_tag":"exit_signal","cost":69.47696112}],"funding_fees":-0.0043133377952},{"pair":"ETH/USDT:USDT","stake_amount":65.494,"max_stake_amount":65.494,"amount":0.026,"open_date":"2025-06-14 21:30:00+00:00","close_date":"2025-06-16 18:00:00+00:00","open_rate":2519.0,"close_rate":2632.75,"fee_open":0.0005,"fee_close":0.0005,"trade_duration":2670,"profit_ratio":0.04375542890905297,"profit_abs":2.86715092,"exit_reason":"exit_signal","initial_stop_loss_abs":2267.1,"initial_stop_loss_ratio":-0.1,"stop_loss_abs":2267.1,"stop_loss_ratio":-0.1,"min_rate":2490.38,"max_rate":2656.51,"is_open":false,"enter_tag":"grid_level_-1","leverage":1.0,"is_short":false,"open_timestamp":1749936600000,"close_timestamp":1750096800000,"orders":[{"amount":0.026,"safe_price":2519.0,"ft_order_side":"buy","order_filled_timestamp":1749936600000,"ft_is_entry":true,"ft_order_tag":"grid_level_-1","cost":65.526747},{"amount":0.026,"safe_price":2632.75,"ft_order_side":"sell","order_filled_timestamp":1750096800000,"ft_is_entry":false,"ft_order_tag":"exit_signal","cost":68.48572574999999}],"funding_fees":-0.023376329978354062},{"pair":"SOL/USDT:USDT","stake_amount":66.814,"max_stake_amount":66.814,"amount":0.44,"open_date":"2025-06-16 23:45:00+00:00","close_date":"2025-06-20 17:15:00+00:00","open_rate":151.85,"close_rate":136.67,"fee_open":0.0005,"fee_close":0.0005,"trade_duration":5370,"profit_ratio":-0.10122466665012152,"profit_abs":-6.76660649,"exit_reason":"stop_loss","initial_stop_loss_abs":136.67,"initial_stop_loss_ratio":-0.1,"stop_loss_abs":136.67,"stop_loss_ratio":-0.1,"min_rate":135.7,"max_rate":154.29,"is_open":false,"enter_tag":"grid_level_-1","leverage":1.0,"is_short":false,"open_timestamp":1750117500000,"close_timestamp":1750439700000,"orders":[{"amount":0.44,"safe_price":151.85,"ft_order_side":"buy","order_filled_timestamp":1750117500000,"ft_is_entry":true,"ft_order_tag":"grid_level_-1","cost":66.84740699999999},{"amount":0.44,"safe_price":136.67,"ft_order_side":"sell","order_filled_timestamp":1750439700000,"ft_is_entry":false,"ft_order_tag":"stop_loss","cost":60.16486739999999}],"funding_fees":-0.023932086940606594},{"pair":"SUI/USDT:USDT","stake_amount":67.69152,"max_stake_amount":67.69152,"amount":22.6,"open_date":"2025-06-17 00:00:00+00:00","close_date":"2025-06-20 17:15:00+00:00","open_rate":2.9952,"close_rate":2.6957,"fee_open":0.0005,"fee_close":0.0005,"trade_duration":5355,"profit_ratio":-0.10160885633879226,"profit_abs":-6.88149696,"exit_reason":"stop_loss","initial_stop_loss_abs":2.6957,"initial_stop_loss_ratio":-0.1,"stop_loss_abs":2.6957,"stop_loss_ratio":-0.1,"min_rate":2.6474,"max_rate":3.0557,"is_open":false,"enter_tag":"grid_level_-1","leverage":1.0,"is_short":false,"open_timestamp":1750118400000,"close_timestamp":1750439700000,"orders":[{"amount":22.6,"safe_price":2.9952,"ft_order_side":"buy","order_filled_timestamp":1750118400000,"ft_is_entry":true,"ft_order_tag":"grid_level_-1","cost":67.72536576},{"amount":22.6,"safe_price":2.6957,"ft_order_side":"sell","order_filled_timestamp":1750439700000,"ft_is_entry":false,"ft_order_tag":"stop_loss","cost":60.953281409999995}],"funding_fees":-0.048489794684671746},{"pair":"ETH/USDT:USDT","stake_amount":66.39152,"max_stake_amount":66.39152,"amount":0.026,"open_date":"2025-06-16 22:45:00+00:00","close_date":"2025-06-21 21:15:00+00:00","open_rate":2553.52,"close_rate":2298.17,"fee_open":0.0005,"fee_close":0.0005,"trade_duration":7110,"profit_ratio":-0.101523252043194,"profit_abs":-6.74365316,"exit_reason":"stop_loss","initial_stop_loss_abs":2298.17,"initial_stop_loss_ratio":-0.1,"stop_loss_abs":2298.17,"stop_loss_ratio":-0.1,"min_rate":2296.97,"max_rate":2617.74,"is_open":false,"enter_tag":"grid_level_-1","leverage":1.0,"is_short":false,"open_timestamp":1750113900000,"close_timestamp":1750540500000,"orders":[{"amount":0.026,"safe_price":2553.52,"ft_order_side":"buy","order_filled_timestamp":1750113900000,"ft_is_entry":true,"ft_order_tag":"grid_level_-1","cost":66.42471576},{"amount":0.026,"safe_price":2298.17,"ft_order_side":"sell","order_filled_timestamp":1750540500000,"ft_is_entry":false,"ft_order_tag":"stop_loss","cost":59.78229621}],"funding_fees":-0.04148118735794293},{"pair":"SOL/USDT:USDT","stake_amount":65.862,"max_stake_amount":65.862,"amount":0.45,"open_date":"2025-06-23 22:30:00+00:00","close_date":"2025-06-30 20:45:00+00:00","open_rate":146.36,"close_rate":156.73,"fee_open":0.0005,"fee_close":0.0005,"trade_duration":9975,"profit_ratio":0.06896496864075934,"profit_abs":4.54444185,"exit_reason":"exit_signal","initial_stop_loss_abs":131.73,"initial_stop_loss_ratio":-0.1,"stop_loss_abs":131.73,"stop_loss_ratio":-0.1,"min_rate":137.0,"max_rate":160.0,"is_open":false,"enter_tag":"grid_level_-1","leverage":1.0,"is_short":false,"open_timestamp":1750717800000,"close_timestamp":1751316300000,"orders":[{"amount":0.45,"safe_price":146.36,"ft_order_side":"buy","order_filled_timestamp":1750717800000,"ft_is_entry":true,"ft_order_tag":"grid_level_-1","cost":65.894931},{"amount":0.45,"safe_price":156.73,"ft_order_side":"sell","order_filled_timestamp":1751316300000,"ft_is_entry":false,"ft_order_tag":"exit_signal","cost":70.56376424999999}],"funding_fees":-0.05386290386824031},{"pair":"SOL/USDT:USDT","stake_amount":66.682,"max_stake_amount":66.682,"amount":0.44,"open_date":"2025-07-01 05:30:00+00:00","close_date":"2025-07-02 16:15:00+00:00","open_rate":151.55,"close_rate":152.28,"fee_open":0.0005,"fee_close":0.0005,"trade_duration":2085,"profit_ratio":0.003936219856839224,"profit_abs":0.26260625,"exit_reason":"exit_signal","initial_stop_loss_abs":136.4,"initial_stop_loss_ratio":-0.1,"stop_loss_abs":136.4,"stop_loss_ratio":-0.1,"min_rate":144.67,"max_rate":153.11,"is_open":false,"enter_tag":"grid_level_-1","leverage":1.0,"is_short":false,"open_timestamp":1751347800000,"close_timestamp":1751472900000,"orders":[{"amount":0.44,"safe_price":151.55,"ft_order_side":"buy","order_filled_timestamp":1751347800000,"ft_is_entry":true,"ft_order_tag":"grid_level_-1","cost":66.715341},{"amount":0.44,"safe_price":152.28,"ft_order_side":"sell","order_filled_timestamp":1751472900000,"ft_is_entry":false,"ft_order_tag":"exit_signal","cost":67.0367016}],"funding_fees":0.008248854053175648},{"pair":"ETH/USDT:USDT","stake_amount":64.7972,"max_stake_amount":64.7972,"amount":0.026,"open_date":"2025-06-26 03:00:00+00:00","close_date":"2025-07-02 20:00:00+00:00","open_rate":2492.2,"close_rate":2603.64,"fee_open":0.0005,"fee_close":0.0005,"trade_duration":9660,"profit_ratio":0.04289742370855895,"profit_abs":2.78102276,"exit_reason":"exit_signal","initial_stop_loss_abs":2242.98,"initial_stop_loss_ratio":-0.1,"stop_loss_abs":2242.98,"stop_loss_ratio":-0.1,"min_rate":2367.53,"max_rate":2607.36,"is_open":false,"enter_tag":"grid_level_-1","leverage":1.0,"is_short":false,"open_timestamp":1750906800000,"close_timestamp":1751486400000,"orders":[{"amount":0.026,"safe_price":2492.2,"ft_order_side":"buy","order_filled_timestamp":1750906800000,"ft_is_entry":true,"ft_order_tag":"grid_level_-1","cost":64.82959859999998},{"amount":0.026,"safe_price":2603.64,"ft_order_side":"sell","order_filled_timestamp":1751486400000,"ft_is_entry":false,"ft_order_tag":"exit_signal","cost":67.72848731999999}],"funding_fees":-0.050171321412025884},{"pair":"SOL/USDT:USDT","stake_amount":66.8448,"max_stake_amount":66.8448,"amount":0.44,"open_date":"2025-07-02 23:45:00+00:00","close_date":"2025-07-03 10:15:00+00:00","open_rate":151.92,"close_rate":155.45,"fee_open":0.0005,"fee_close":0.0005,"trade_duration":630,"profit_ratio":0.022137928414795904,"profit_abs":1.4805453,"exit_reason":"exit_signal","initial_stop_loss_abs":136.73,"initial_stop_loss_ratio":-0.1,"stop_loss_abs":136.73,"stop_loss_ratio":-0.1,"min_rate":151.66,"max_rate":156.33,"is_open":false,"enter_tag":"grid_level_-1","leverage":1.0,"is_short":false,"open_timestamp":1751499900000,"close_timestamp":1751537700000,"orders":[{"amount":0.44,"safe_price":151.92,"ft_order_side":"buy","order_filled_timestamp":1751499900000,"ft_is_entry":true,"ft_order_tag":"grid_level_-1","cost":66.87822239999998},{"amount":0.44,"safe_price":155.45,"ft_order_side":"sell","order_filled_timestamp":1751537700000,"ft_is_entry":false,"ft_order_tag":"exit_signal","cost":68.432199}],"funding_fees":-0.005033297984},{"pair":"ETH/USDT:USDT","stake_amount":64.871,"max_stake_amount":64.871,"amount":0.025,"open_date":"2025-07-02 20:15:00+00:00","close_date":"2025-07-03 14:00:00+00:00","open_rate":2594.84,"close_rate":2623.75,"fee_open":0.0005,"fee_close":0.0005,"trade_duration":1065,"profit_ratio":0.010031729522237695,"profit_abs":0.65109371,"exit_reason":"force_exit","initial_stop_loss_abs":2335.36,"initial_stop_loss_ratio":-0.1,"stop_loss_abs":2335.36,"stop_loss_ratio":-0.1,"min_rate":2555.25,"max_rate":2635.0,"is_open":false,"enter_tag":"grid_level_-1","leverage":1.0,"is_short":false,"open_timestamp":1751487300000,"close_timestamp":1751551200000,"orders":[{"amount":0.025,"safe_price":2594.84,"ft_order_side":"buy","order_filled_timestamp":1751487300000,"ft_is_entry":true,"ft_order_tag":"grid_level_-1","cost":64.9034355},{"amount":0.025,"safe_price":2623.75,"ft_order_side":"sell","order_filled_timestamp":1751551200000,"ft_is_entry":false,"ft_order_tag":"force_exit","cost":65.626546875}],"funding_fees":-0.006423916366275002},{"pair":"SUI/USDT:USDT","stake_amount":66.22208,"max_stake_amount":66.22208,"amount":23.2,"open_date":"2025-06-24 05:45:00+00:00","close_date":"2025-07-03 14:00:00+00:00","open_rate":2.8544,"close_rate":3.056,"fee_open":0.0005,"fee_close":0.0005,"trade_duration":13455,"profit_ratio":0.06893304386131312,"profit_abs":4.56717199,"exit_reason":"force_exit","initial_stop_loss_abs":2.569,"initial_stop_loss_ratio":-0.1,"stop_loss_abs":2.569,"stop_loss_ratio":-0.1,"min_rate":2.5693,"max_rate":3.0895,"is_open":false,"enter_tag":"grid_level_-1","leverage":1.0,"is_short":false,"open_timestamp":1750743900000,"close_timestamp":1751551200000,"orders":[{"amount":23.2,"safe_price":2.8544,"ft_order_side":"buy","order_filled_timestamp":1750743900000,"ft_is_entry":true,"ft_order_tag":"grid_level_-1","cost":66.25519104},{"amount":23.2,"safe_price":3.056,"ft_order_side":"sell","order_filled_timestamp":1751551200000,"ft_is_entry":false,"ft_order_tag":"force_exit","cost":70.93464959999999}],"funding_fees":-0.04138737109022912}],"locks":[],"best_pair":{"key":"ETH/USDT:USDT","trades":10,"profit_mean":0.02085564946052039,"profit_mean_pct":2.09,"profit_sum":0.2085564946052039,"profit_sum_pct":20.86,"profit_total_abs":13.369931649999996,"profit_total":0.013369931649999996,"profit_total_pct":1.34,"duration_avg":"2 days, 23:34:00","wins":9,"draws":0,"losses":1,"winrate":0.9,"cagr":0.10626950038029359,"expectancy":1.3369931650000002,"expectancy_ratio":0.19825947943621713,"sortino":-100,"sharpe":1.8210831276191877,"calmar":80.22764864760752,"sqn":1.3726,"profit_factor":2.98259479436217,"max_drawdown_account":0.006633004898781912,"max_drawdown_abs":6.743653160000001},"worst_pair":{"key":"SUI/USDT:USDT","trades":3,"profit_mean":4.8229005831452544e-05,"profit_mean_pct":0.0,"profit_sum":0.00014468701749435764,"profit_sum_pct":0.01,"profit_total_abs":-0.10886150999999966,"profit_total":-0.00010886150999999966,"profit_total_pct":-0.01,"duration_avg":"4 days, 12:30:00","wins":2,"draws":0,"losses":1,"winrate":0.6666666666666666,"cagr":-0.0008275035566658318,"expectancy":-0.036287170000000035,"expectancy_ratio":-0.005273150625645373,"sortino":-100,"sharpe":-0.008779265910560077,"calmar":-0.6310349196160283,"sqn":-0.0104,"profit_factor":0.9841805481230642,"max_drawdown_account":0.00686635346832222,"max_drawdown_abs":6.88149696},"results_per_pair":[{"key":"ETH/USDT:USDT","trades":10,"profit_mean":0.02085564946052039,"profit_mean_pct":2.09,"profit_sum":0.2085564946052039,"profit_sum_pct":20.86,"profit_total_abs":13.369931649999996,"profit_total":0.013369931649999996,"profit_total_pct":1.34,"duration_avg":"2 days, 23:34:00","wins":9,"draws":0,"losses":1,"winrate":0.9,"cagr":0.10626950038029359,"expectancy":1.3369931650000002,"expectancy_ratio":0.19825947943621713,"sortino":-100,"sharpe":1.8210831276191877,"calmar":80.22764864760752,"sqn":1.3726,"profit_factor":2.98259479436217,"max_drawdown_account":0.006633004898781912,"max_drawdown_abs":6.743653160000001},{"key":"SOL/USDT:USDT","trades":8,"profit_mean":0.013227904835014587,"profit_mean_pct":1.32,"profit_sum":0.1058232386801167,"profit_sum_pct":10.58,"profit_total_abs":6.92597962,"profit_total":0.00692597962,"profit_total_pct":0.69,"duration_avg":"1 day, 23:24:00","wins":7,"draws":0,"losses":1,"winrate":0.875,"cagr":0.05388649889032937,"expectancy":0.8657474524999998,"expectancy_ratio":0.1279441110960775,"sortino":-100,"sharpe":0.8820674921235524,"calmar":41.041155725872606,"sqn":0.7329,"profit_factor":2.023552888768621,"max_drawdown_account":0.006716868130459872,"max_drawdown_abs":6.76660649},{"key":"SUI/USDT:USDT","trades":3,"profit_mean":4.8229005831452544e-05,"profit_mean_pct":0.0,"profit_sum":0.00014468701749435764,"profit_sum_pct":0.01,"profit_total_abs":-0.10886150999999966,"profit_total":-0.00010886150999999966,"profit_total_pct":-0.01,"duration_avg":"4 days, 12:30:00","wins":2,"draws":0,"losses":1,"winrate":0.6666666666666666,"cagr":-0.0008275035566658318,"expectancy":-0.036287170000000035,"expectancy_ratio":-0.005273150625645373,"sortino":-100,"sharpe":-0.008779265910560077,"calmar":-0.6310349196160283,"sqn":-0.0104,"profit_factor":0.9841805481230642,"max_drawdown_account":0.00686635346832222,"max_drawdown_abs":6.88149696},{"key":"TOTAL","trades":21,"profit_mean":0.014977353347753094,"profit_mean_pct":1.5,"profit_sum":0.31452442030281497,"profit_sum_pct":31.45,"profit_total_abs":20.18704976,"profit_total":0.02018704976,"profit_total_pct":2.02,"duration_avg":"2 days, 19:39:00","wins":18,"draws":0,"losses":3,"winrate":0.8571428571428571,"cagr":0.16413325004340007,"expectancy":0.9612880838095239,"expectancy_ratio":0.1414230419960163,"sortino":133.24235471669937,"sharpe":2.3714514181481,"calmar":40.43843327131056,"sqn":1.2688,"profit_factor":1.9899612939721136,"max_drawdown_account":0.019869353078789825,"max_drawdown_abs":20.39175661}],"results_per_enter_tag":[{"key":"grid_level_-1","trades":21,"profit_mean":0.014977353347753094,"profit_mean_pct":1.5,"profit_sum":0.31452442030281497,"profit_sum_pct":31.45,"profit_total_abs":20.18704976,"profit_total":0.02018704976,"profit_total_pct":2.02,"duration_avg":"2 days, 19:39:00","wins":18,"draws":0,"losses":3,"winrate":0.8571428571428571,"cagr":0.16413325004340007,"expectancy":0.9612880838095239,"expectancy_ratio":0.1414230419960163,"sortino":133.24235471669937,"sharpe":2.3714514181481,"calmar":40.43843327131056,"sqn":1.2688,"profit_factor":1.9899612939721136,"max_drawdown_account":0.019869353078789825,"max_drawdown_abs":20.39175661},{"key":"TOTAL","trades":21,"profit_mean":0.014977353347753094,"profit_mean_pct":1.5,"profit_sum":0.31452442030281497,"profit_sum_pct":31.45,"profit_total_abs":20.18704976,"profit_total":0.02018704976,"profit_total_pct":2.02,"duration_avg":"2 days, 19:39:00","wins":18,"draws":0,"losses":3,"winrate":0.8571428571428571,"cagr":0.16413325004340007,"expectancy":0.9612880838095239,"expectancy_ratio":0.1414230419960163,"sortino":133.24235471669937,"sharpe":2.3714514181481,"calmar":40.43843327131056,"sqn":1.2688,"profit_factor":1.9899612939721136,"max_drawdown_account":0.019869353078789825,"max_drawdown_abs":20.39175661}],"exit_reason_summary":[{"key":"exit_signal","trades":16,"profit_mean":0.033744776371960744,"profit_mean_pct":3.37,"profit_sum":0.5399164219513719,"profit_sum_pct":53.99,"profit_total_abs":35.360540670000006,"profit_total":0.03536054067,"profit_total_pct":3.54,"duration_avg":"2 days, 7:05:00","wins":16,"draws":0,"losses":0,"winrate":1.0,"cagr":0.3024441581655537,"expectancy":2.2100337918750004,"expectancy_ratio":100.0,"sortino":-100,"sharpe":11.887489290328306,"calmar":-100,"sqn":7.2295,"profit_factor":0.0,"max_drawdown_account":0.0,"max_drawdown_abs":0.0},{"key":"force_exit","trades":2,"profit_mean":0.03948238669177541,"profit_mean_pct":3.95,"profit_sum":0.07896477338355082,"profit_sum_pct":7.9,"profit_total_abs":5.2182657,"profit_total":0.0052182656999999995,"profit_total_pct":0.52,"duration_avg":"5 days, 1:00:00","wins":2,"draws":0,"losses":0,"winrate":1.0,"cagr":0.0403710090448659,"expectancy":2.60913285,"expectancy_ratio":100.0,"sortino":-100,"sharpe":1.0607426091439196,"calmar":-100,"sqn":1.3325,"profit_factor":0.0,"max_drawdown_account":0.0,"max_drawdown_abs":0.0},{"key":"stop_loss","trades":3,"profit_mean":-0.10145225834403593,"profit_mean_pct":-10.15,"profit_sum":-0.3043567750321078,"profit_sum_pct":-30.44,"profit_total_abs":-20.39175661,"profit_total":-0.020391756610000002,"profit_total_pct":-2.04,"duration_avg":"4 days, 3:05:00","wins":0,"draws":0,"losses":3,"winrate":0.0,"cagr":-0.14500968655870505,"expectancy":-6.797252203333334,"expectancy_ratio":-1.0,"sortino":-134.59349928932946,"sharpe":-134.59349928932946,"calmar":-39.80202744696413,"sqn":-159.4089,"profit_factor":0.0,"max_drawdown_account":0.020391756610000016,"max_drawdown_abs":20.39175661},{"key":"TOTAL","trades":21,"profit_mean":0.014977353347753094,"profit_mean_pct":1.5,"profit_sum":0.31452442030281497,"profit_sum_pct":31.45,"profit_total_abs":20.18704976,"profit_total":0.02018704976,"profit_total_pct":2.02,"duration_avg":"2 days, 19:39:00","wins":18,"draws":0,"losses":3,"winrate":0.8571428571428571,"cagr":0.16413325004340007,"expectancy":0.9612880838095239,"expectancy_ratio":0.1414230419960163,"sortino":133.24235471669937,"sharpe":2.3714514181481,"calmar":40.43843327131056,"sqn":1.2688,"profit_factor":1.9899612939721136,"max_drawdown_account":0.019869353078789825,"max_drawdown_abs":20.39175661}],"mix_tag_stats":[{"key":["grid_level_-1","exit_signal"],"trades":16,"profit_mean":0.033744776371960744,"profit_mean_pct":3.37,"profit_sum":0.5399164219513719,"profit_sum_pct":53.99,"profit_total_abs":35.360540670000006,"profit_total":0.03536054067,"profit_total_pct":3.54,"duration_avg":"2 days, 7:05:00","wins":16,"draws":0,"losses":0,"winrate":1.0,"cagr":0.3024441581655537,"expectancy":2.2100337918750004,"expectancy_ratio":100.0,"sortino":-100,"sharpe":11.887489290328306,"calmar":-100,"sqn":7.2295,"profit_factor":0.0,"max_drawdown_account":0.0,"max_drawdown_abs":0.0},{"key":["grid_level_-1","force_exit"],"trades":2,"profit_mean":0.03948238669177541,"profit_mean_pct":3.95,"profit_sum":0.07896477338355082,"profit_sum_pct":7.9,"profit_total_abs":5.2182657,"profit_total":0.0052182656999999995,"profit_total_pct":0.52,"duration_avg":"5 days, 1:00:00","wins":2,"draws":0,"losses":0,"winrate":1.0,"cagr":0.0403710090448659,"expectancy":2.60913285,"expectancy_ratio":100.0,"sortino":-100,"sharpe":1.0607426091439196,"calmar":-100,"sqn":1.3325,"profit_factor":0.0,"max_drawdown_account":0.0,"max_drawdown_abs":0.0},{"key":["grid_level_-1","stop_loss"],"trades":3,"profit_mean":-0.10145225834403593,"profit_mean_pct":-10.15,"profit_sum":-0.3043567750321078,"profit_sum_pct":-30.44,"profit_total_abs":-20.39175661,"profit_total":-0.020391756610000002,"profit_total_pct":-2.04,"duration_avg":"4 days, 3:05:00","wins":0,"draws":0,"losses":3,"winrate":0.0,"cagr":-0.14500968655870505,"expectancy":-6.797252203333334,"expectancy_ratio":-1.0,"sortino":-134.59349928932946,"sharpe":-134.59349928932946,"calmar":-39.80202744696413,"sqn":-159.4089,"profit_factor":0.0,"max_drawdown_account":0.020391756610000016,"max_drawdown_abs":20.39175661},{"key":"TOTAL","trades":21,"profit_mean":0.014977353347753094,"profit_mean_pct":1.5,"profit_sum":0.31452442030281497,"profit_sum_pct":31.45,"profit_total_abs":20.18704976,"profit_total":0.02018704976,"profit_total_pct":2.02,"duration_avg":"2 days, 19:39:00","wins":18,"draws":0,"losses":3,"winrate":0.8571428571428571,"cagr":0.16413325004340007,"expectancy":0.9612880838095239,"expectancy_ratio":0.1414230419960163,"sortino":133.24235471669937,"sharpe":2.3714514181481,"calmar":40.43843327131056,"sqn":1.2688,"profit_factor":1.9899612939721136,"max_drawdown_account":0.019869353078789825,"max_drawdown_abs":20.39175661}],"left_open_trades":[{"key":"SUI/USDT:USDT","trades":1,"profit_mean":0.06893304386131312,"profit_mean_pct":6.89,"profit_sum":0.06893304386131312,"profit_sum_pct":6.89,"profit_total_abs":4.56717199,"profit_total":0.0045671719900000005,"profit_total_pct":0.46,"duration_avg":"9 days, 8:15:00","wins":1,"draws":0,"losses":0,"winrate":1.0,"cagr":0.035257791662931526,"expectancy":4.56717199,"expectancy_ratio":100.0,"sortino":-100,"sharpe":-100,"calmar":-100,"sqn":-100.0,"profit_factor":0.0,"max_drawdown_account":0.0,"max_drawdown_abs":0.0},{"key":"ETH/USDT:USDT","trades":1,"profit_mean":0.010031729522237695,"profit_mean_pct":1.0,"profit_sum":0.010031729522237695,"profit_sum_pct":1.0,"profit_total_abs":0.65109371,"profit_total":0.00065109371,"profit_total_pct":0.07,"duration_avg":"17:45:00","wins":1,"draws":0,"losses":0,"winrate":1.0,"cagr":0.004961682576949844,"expectancy":0.65109371,"expectancy_ratio":100.0,"sortino":-100,"sharpe":-100,"calmar":-100,"sqn":-100.0,"profit_factor":0.0,"max_drawdown_account":0.0,"max_drawdown_abs":0.0},{"key":"TOTAL","trades":2,"profit_mean":0.03948238669177541,"profit_mean_pct":3.95,"profit_sum":0.07896477338355082,"profit_sum_pct":7.9,"profit_total_abs":5.2182657,"profit_total":0.0052182656999999995,"profit_total_pct":0.52,"duration_avg":"5 days, 1:00:00","wins":2,"draws":0,"losses":0,"winrate":1.0,"cagr":0.0403710090448659,"expectancy":2.60913285,"expectancy_ratio":100.0,"sortino":-100,"sharpe":1.0607426091439196,"calmar":-100,"sqn":1.3325,"profit_factor":0.0,"max_drawdown_account":0.0,"max_drawdown_abs":0.0}],"total_trades":21,"trade_count_long":21,"trade_count_short":0,"total_volume":2786.012640165,"avg_stake_amount":65.77552047619048,"profit_mean":0.014977353347753094,"profit_median":0.030916546423094025,"profit_total":0.02018704976,"profit_total_long":0.02018704976,"profit_total_short":0.0,"profit_total_abs":20.18704976,"profit_total_long_abs":20.18704976,"profit_total_short_abs":0.0,"cagr":0.16413325004340007,"expectancy":0.9612880838095239,"expectancy_ratio":0.1414230419960163,"sortino":133.24235471669937,"sharpe":2.3714514181481,"calmar":40.43843327131056,"sqn":1.2688,"profit_factor":1.9899612939721136,"backtest_start":"2025-05-16 00:00:00","backtest_start_ts":1747353600000,"backtest_end":"2025-07-03 14:00:00","backtest_end_ts":1751551200000,"backtest_days":48,"backtest_run_start_ts":1751553613,"backtest_run_end_ts":1751553613,"trades_per_day":0.44,"market_change":-0.10059978247388068,"pairlist":["SOL/USDT:USDT","ETH/USDT:USDT","SUI/USDT:USDT"],"stake_amount":"unlimited","stake_currency":"USDT","stake_currency_decimals":3,"starting_balance":1000,"dry_run_wallet":1000,"final_balance":1020.18704976,"rejected_signals":0,"timedout_entry_orders":0,"timedout_exit_orders":0,"canceled_trade_entries":0,"canceled_entry_orders":0,"replaced_entry_orders":0,"max_open_trades":3,"max_open_trades_setting":15,"timeframe":"15m","timeframe_detail":"","timerange":"","enable_protections":false,"strategy_name":"SimpleGridDCA","stoploss":-0.1,"trailing_stop":false,"trailing_stop_positive":null,"trailing_stop_positive_offset":0.0,"trailing_only_offset_is_reached":false,"use_custom_stoploss":false,"minimal_roi":{},"use_exit_signal":true,"exit_profit_only":false,"exit_profit_offset":0.0,"ignore_roi_if_entry_signal":false,"trading_mode":"futures","margin_mode":"isolated","periodic_breakdown":{"day":[{"date":"22/05/2025","date_ts":1747872000000,"profit_abs":1.97593646,"wins":1,"draws":0,"losses":0,"trades":1,"profit_factor":0.0},{"date":"23/05/2025","date_ts":1747958400000,"profit_abs":0.0,"wins":0,"draws":0,"losses":0,"trades":0,"profit_factor":0.0},{"date":"24/05/2025","date_ts":1748044800000,"profit_abs":0.0,"wins":0,"draws":0,"losses":0,"trades":0,"profit_factor":0.0},{"date":"25/05/2025","date_ts":1748131200000,"profit_abs":0.0,"wins":0,"draws":0,"losses":0,"trades":0,"profit_factor":0.0},{"date":"26/05/2025","date_ts":1748217600000,"profit_abs":0.0,"wins":0,"draws":0,"losses":0,"trades":0,"profit_factor":0.0},{"date":"27/05/2025","date_ts":1748304000000,"profit_abs":2.43387671,"wins":1,"draws":0,"losses":0,"trades":1,"profit_factor":0.0},{"date":"28/05/2025","date_ts":1748390400000,"profit_abs":0.0,"wins":0,"draws":0,"losses":0,"trades":0,"profit_factor":0.0},{"date":"29/05/2025","date_ts":1748476800000,"profit_abs":0.0,"wins":0,"draws":0,"losses":0,"trades":0,"profit_factor":0.0},{"date":"30/05/2025","date_ts":1748563200000,"profit_abs":1.47617337,"wins":1,"draws":0,"losses":0,"trades":1,"profit_factor":0.0},{"date":"31/05/2025","date_ts":1748649600000,"profit_abs":0.0,"wins":0,"draws":0,"losses":0,"trades":0,"profit_factor":0.0},{"date":"01/06/2025","date_ts":1748736000000,"profit_abs":0.0,"wins":0,"draws":0,"losses":0,"trades":0,"profit_factor":0.0},{"date":"02/06/2025","date_ts":1748822400000,"profit_abs":0.0,"wins":0,"draws":0,"losses":0,"trades":0,"profit_factor":0.0},{"date":"03/06/2025","date_ts":1748908800000,"profit_abs":2.77257717,"wins":1,"draws":0,"losses":0,"trades":1,"profit_factor":0.0},{"date":"04/06/2025","date_ts":1748995200000,"profit_abs":2.54868747,"wins":1,"draws":0,"losses":0,"trades":1,"profit_factor":0.0},{"date":"05/06/2025","date_ts":1749081600000,"profit_abs":0.63589125,"wins":1,"draws":0,"losses":0,"trades":1,"profit_factor":0.0},{"date":"06/06/2025","date_ts":1749168000000,"profit_abs":0.0,"wins":0,"draws":0,"losses":0,"trades":0,"profit_factor":0.0},{"date":"07/06/2025","date_ts":1749254400000,"profit_abs":0.0,"wins":0,"draws":0,"losses":0,"trades":0,"profit_factor":0.0},{"date":"08/06/2025","date_ts":1749340800000,"profit_abs":1.06419126,"wins":1,"draws":0,"losses":0,"trades":1,"profit_factor":0.0},{"date":"09/06/2025","date_ts":1749427200000,"profit_abs":1.43205022,"wins":1,"draws":0,"losses":0,"trades":1,"profit_factor":0.0},{"date":"10/06/2025","date_ts":1749513600000,"profit_abs":4.74375216,"wins":1,"draws":0,"losses":0,"trades":1,"profit_factor":0.0},{"date":"11/06/2025","date_ts":1749600000000,"profit_abs":0.0,"wins":0,"draws":0,"losses":0,"trades":0,"profit_factor":0.0},{"date":"12/06/2025","date_ts":1749686400000,"profit_abs":0.0,"wins":0,"draws":0,"losses":0,"trades":0,"profit_factor":0.0},{"date":"13/06/2025","date_ts":1749772800000,"profit_abs":0.0,"wins":0,"draws":0,"losses":0,"trades":0,"profit_factor":0.0},{"date":"14/06/2025","date_ts":1749859200000,"profit_abs":0.0,"wins":0,"draws":0,"losses":0,"trades":0,"profit_factor":0.0},{"date":"15/06/2025","date_ts":1749945600000,"profit_abs":0.0,"wins":0,"draws":0,"losses":0,"trades":0,"profit_factor":0.0},{"date":"16/06/2025","date_ts":1750032000000,"profit_abs":7.20878844,"wins":3,"draws":0,"losses":0,"trades":3,"profit_factor":0.0},{"date":"17/06/2025","date_ts":1750118400000,"profit_abs":0.0,"wins":0,"draws":0,"losses":0,"trades":0,"profit_factor":0.0},{"date":"18/06/2025","date_ts":1750204800000,"profit_abs":0.0,"wins":0,"draws":0,"losses":0,"trades":0,"profit_factor":0.0},{"date":"19/06/2025","date_ts":1750291200000,"profit_abs":0.0,"wins":0,"draws":0,"losses":0,"trades":0,"profit_factor":0.0},{"date":"20/06/2025","date_ts":1750377600000,"profit_abs":-13.64810345,"wins":0,"draws":0,"losses":2,"trades":2,"profit_factor":0.0},{"date":"21/06/2025","date_ts":1750464000000,"profit_abs":-6.74365316,"wins":0,"draws":0,"losses":1,"trades":1,"profit_factor":0.0},{"date":"22/06/2025","date_ts":1750550400000,"profit_abs":0.0,"wins":0,"draws":0,"losses":0,"trades":0,"profit_factor":0.0},{"date":"23/06/2025","date_ts":1750636800000,"profit_abs":0.0,"wins":0,"draws":0,"losses":0,"trades":0,"profit_factor":0.0},{"date":"24/06/2025","date_ts":1750723200000,"profit_abs":0.0,"wins":0,"draws":0,"losses":0,"trades":0,"profit_factor":0.0},{"date":"25/06/2025","date_ts":1750809600000,"profit_abs":0.0,"wins":0,"draws":0,"losses":0,"trades":0,"profit_factor":0.0},{"date":"26/06/2025","date_ts":1750896000000,"profit_abs":0.0,"wins":0,"draws":0,"losses":0,"trades":0,"profit_factor":0.0},{"date":"27/06/2025","date_ts":1750982400000,"profit_abs":0.0,"wins":0,"draws":0,"losses":0,"trades":0,"profit_factor":0.0},{"date":"28/06/2025","date_ts":1751068800000,"profit_abs":0.0,"wins":0,"draws":0,"losses":0,"trades":0,"profit_factor":0.0},{"date":"29/06/2025","date_ts":1751155200000,"profit_abs":0.0,"wins":0,"draws":0,"losses":0,"trades":0,"profit_factor":0.0},{"date":"30/06/2025","date_ts":1751241600000,"profit_abs":4.54444185,"wins":1,"draws":0,"losses":0,"trades":1,"profit_factor":0.0},{"date":"01/07/2025","date_ts":1751328000000,"profit_abs":0.0,"wins":0,"draws":0,"losses":0,"trades":0,"profit_factor":0.0},{"date":"02/07/2025","date_ts":1751414400000,"profit_abs":3.04362901,"wins":2,"draws":0,"losses":0,"trades":2,"profit_factor":0.0},{"date":"03/07/2025","date_ts":1751500800000,"profit_abs":6.698811,"wins":3,"draws":0,"losses":0,"trades":3,"profit_factor":0.0}],"week":[{"date":"26/05/2025","date_ts":1748217600000,"profit_abs":1.97593646,"wins":1,"draws":0,"losses":0,"trades":1,"profit_factor":0.0},{"date":"02/06/2025","date_ts":1748822400000,"profit_abs":3.91005008,"wins":2,"draws":0,"losses":0,"trades":2,"profit_factor":0.0},{"date":"09/06/2025","date_ts":1749427200000,"profit_abs":8.45339737,"wins":5,"draws":0,"losses":0,"trades":5,"profit_factor":0.0},{"date":"16/06/2025","date_ts":1750032000000,"profit_abs":11.9525406,"wins":4,"draws":0,"losses":0,"trades":4,"profit_factor":0.0},{"date":"23/06/2025","date_ts":1750636800000,"profit_abs":-20.39175661,"wins":0,"draws":0,"losses":3,"trades":3,"profit_factor":0.0},{"date":"30/06/2025","date_ts":1751241600000,"profit_abs":4.54444185,"wins":1,"draws":0,"losses":0,"trades":1,"profit_factor":0.0},{"date":"07/07/2025","date_ts":1751846400000,"profit_abs":9.74244001,"wins":5,"draws":0,"losses":0,"trades":5,"profit_factor":0.0}],"month":[{"date":"31/05/2025","date_ts":1748649600000,"profit_abs":5.88598654,"wins":3,"draws":0,"losses":0,"trades":3,"profit_factor":0.0},{"date":"30/06/2025","date_ts":1751241600000,"profit_abs":4.55862321,"wins":10,"draws":0,"losses":3,"trades":13,"profit_factor":1.22355226},{"date":"31/07/2025","date_ts":1753920000000,"profit_abs":9.74244001,"wins":5,"draws":0,"losses":0,"trades":5,"profit_factor":0.0}],"year":[{"date":"31/12/2025","date_ts":1767139200000,"profit_abs":20.18704976,"wins":18,"draws":0,"losses":3,"trades":21,"profit_factor":1.98996129}]},"backtest_best_day":0.10859938770621426,"backtest_worst_day":-0.20283352298891377,"backtest_best_day_abs":7.20878844,"backtest_worst_day_abs":-13.64810345,"winning_days":13,"draw_days":28,"losing_days":2,"daily_profit":[["2025-05-22",1.97593646],["2025-05-23",0.0],["2025-05-24",0.0],["2025-05-25",0.0],["2025-05-26",0.0],["2025-05-27",2.43387671],["2025-05-28",0.0],["2025-05-29",0.0],["2025-05-30",1.47617337],["2025-05-31",0.0],["2025-06-01",0.0],["2025-06-02",0.0],["2025-06-03",2.77257717],["2025-06-04",2.54868747],["2025-06-05",0.63589125],["2025-06-06",0.0],["2025-06-07",0.0],["2025-06-08",1.06419126],["2025-06-09",1.43205022],["2025-06-10",4.74375216],["2025-06-11",0.0],["2025-06-12",0.0],["2025-06-13",0.0],["2025-06-14",0.0],["2025-06-15",0.0],["2025-06-16",7.20878844],["2025-06-17",0.0],["2025-06-18",0.0],["2025-06-19",0.0],["2025-06-20",-13.64810345],["2025-06-21",-6.74365316],["2025-06-22",0.0],["2025-06-23",0.0],["2025-06-24",0.0],["2025-06-25",0.0],["2025-06-26",0.0],["2025-06-27",0.0],["2025-06-28",0.0],["2025-06-29",0.0],["2025-06-30",4.54444185],["2025-07-01",0.0],["2025-07-02",3.04362901],["2025-07-03",6.698811]],"wins":18,"losses":3,"draws":0,"winrate":0.8571428571428571,"holding_avg":"2 days, 19:39:00","holding_avg_s":243540.0,"winner_holding_min":"0d 01:30","winner_holding_min_s":5400.0,"winner_holding_max":"9d 08:15","winner_holding_max_s":807300.0,"winner_holding_avg":"2d 14:24","winner_holding_avg_s":224640.0,"loser_holding_min":"3d 17:15","loser_holding_min_s":321300.0,"loser_holding_max":"4d 22:30","loser_holding_max_s":426600.0,"loser_holding_avg":"4d 03:05","loser_holding_avg_s":356700.0,"max_consecutive_wins":12,"max_consecutive_losses":3,"max_drawdown_account":0.019869353078789825,"max_relative_drawdown":0.019869353078789825,"max_drawdown_abs":20.39175661,"drawdown_start":"2025-06-16 18:00:00","drawdown_start_ts":1750096800000.0,"drawdown_end":"2025-06-21 21:15:00","drawdown_end_ts":1750540500000.0,"max_drawdown_low":5.900167900000004,"max_drawdown_high":26.291924510000005,"csum_min":1001.97593646,"csum_max":1026.29192451}},"strategy_comparison":[{"key":"SimpleGridDCA","trades":21,"profit_mean":0.014977353347753094,"profit_mean_pct":1.5,"profit_sum":0.31452442030281497,"profit_sum_pct":31.45,"profit_total_abs":20.18704976,"profit_total":0.02018704976,"profit_total_pct":2.02,"duration_avg":"2 days, 19:39:00","wins":18,"draws":0,"losses":3,"winrate":0.8571428571428571,"cagr":0.16413325004340007,"expectancy":0.9612880838095239,"expectancy_ratio":0.1414230419960163,"sortino":133.24235471669937,"sharpe":2.3714514181481,"calmar":40.43843327131056,"sqn":1.2688,"profit_factor":1.9899612939721136,"max_drawdown_account":0.019869353078789825,"max_drawdown_abs":"20.392"}]}