{"strategy":{"SimpleGridDCA":{"trades":[{"pair":"ETH/USDT:USDT","stake_amount":97.0976,"max_stake_amount":97.0976,"amount":0.038,"open_date":"2025-05-16 00:15:00+00:00","close_date":"2025-05-22 11:30:00+00:00","open_rate":2555.2,"close_rate":2638.92,"fee_open":0.0005,"fee_close":0.0005,"trade_duration":9315,"profit_ratio":0.030916546431329038,"profit_abs":3.00342342,"exit_reason":"exit_signal","initial_stop_loss_abs":2299.68,"initial_stop_loss_ratio":-0.1,"stop_loss_abs":2299.68,"stop_loss_ratio":-0.1,"min_rate":2312.62,"max_rate":2692.61,"is_open":false,"enter_tag":"grid_level_-1","leverage":1.0,"is_short":false,"open_timestamp":1747354500000,"close_timestamp":1747913400000,"orders":[{"amount":0.038,"safe_price":2555.2,"ft_order_side":"buy","order_filled_timestamp":1747354500000,"ft_is_entry":true,"ft_order_tag":"grid_level_-1","cost":97.14614879999998},{"amount":0.038,"safe_price":2638.92,"ft_order_side":"sell","order_filled_timestamp":1747913400000,"ft_is_entry":false,"ft_order_tag":"exit_signal","cost":100.32909948}],"funding_fees":-0.0792482983368357},{"pair":"ETH/USDT:USDT","stake_amount":97.48216,"max_stake_amount":97.48216,"amount":0.038,"open_date":"2025-05-23 12:00:00+00:00","close_date":"2025-05-27 20:45:00+00:00","open_rate":2565.32,"close_rate":2667.11,"fee_open":0.0005,"fee_close":0.0005,"trade_duration":6285,"profit_ratio":0.03793149195828182,"profit_abs":3.69949259,"exit_reason":"exit_signal","initial_stop_loss_abs":2308.79,"initial_stop_loss_ratio":-0.1,"stop_loss_abs":2308.79,"stop_loss_ratio":-0.1,"min_rate":2457.6,"max_rate":2711.8,"is_open":false,"enter_tag":"grid_level_-1","leverage":1.0,"is_short":false,"open_timestamp":1748001600000,"close_timestamp":1748378700000,"orders":[{"amount":0.038,"safe_price":2565.32,"ft_order_side":"buy","order_filled_timestamp":1748001600000,"ft_is_entry":true,"ft_order_tag":"grid_level_-1","cost":97.53090108},{"amount":0.038,"safe_price":2667.11,"ft_order_side":"sell","order_filled_timestamp":1748378700000,"ft_is_entry":false,"ft_order_tag":"exit_signal","cost":101.40085509000001}],"funding_fees":-0.06911123725388452},{"pair":"ETH/USDT:USDT","stake_amount":97.74512,"max_stake_amount":97.74512,"amount":0.038,"open_date":"2025-05-30 01:00:00+00:00","close_date":"2025-05-30 03:45:00+00:00","open_rate":2572.24,"close_rate":2633.89,"fee_open":0.0005,"fee_close":0.0005,"trade_duration":165,"profit_ratio":0.022943981233032908,"profit_abs":2.24378353,"exit_reason":"exit_signal","initial_stop_loss_abs":2315.02,"initial_stop_loss_ratio":-0.1,"stop_loss_abs":2315.02,"stop_loss_ratio":-0.1,"min_rate":2566.55,"max_rate":2642.12,"is_open":false,"enter_tag":"grid_level_-1","leverage":1.0,"is_short":false,"open_timestamp":1748566800000,"close_timestamp":1748576700000,"orders":[{"amount":0.038,"safe_price":2572.24,"ft_order_side":"buy","order_filled_timestamp":1748566800000,"ft_is_entry":true,"ft_order_tag":"grid_level_-1","cost":97.79399255999998},{"amount":0.038,"safe_price":2633.89,"ft_order_side":"sell","order_filled_timestamp":1748576700000,"ft_is_entry":false,"ft_order_tag":"exit_signal","cost":100.13786391}],"funding_fees":0.0},{"pair":"SOL/USDT:USDT","stake_amount":98.7935,"max_stake_amount":98.7935,"amount":0.65,"open_date":"2025-06-02 19:15:00+00:00","close_date":"2025-06-03 03:30:00+00:00","open_rate":151.99,"close_rate":158.6,"fee_open":0.0005,"fee_close":0.0005,"trade_duration":495,"profit_ratio":0.04240168153509726,"profit_abs":4.19110503,"exit_reason":"exit_signal","initial_stop_loss_abs":136.8,"initial_stop_loss_ratio":-0.1,"stop_loss_abs":136.8,"stop_loss_ratio":-0.1,"min_rate":151.66,"max_rate":162.31,"is_open":false,"enter_tag":"grid_level_-1","leverage":1.0,"is_short":false,"open_timestamp":1748891700000,"close_timestamp":1748921400000,"orders":[{"amount":0.65,"safe_price":151.99,"ft_order_side":"buy","order_filled_timestamp":1748891700000,"ft_is_entry":true,"ft_order_tag":"grid_level_-1","cost":98.84289675000001},{"amount":0.65,"safe_price":158.6,"ft_order_side":"sell","order_filled_timestamp":1748921400000,"ft_is_entry":false,"ft_order_tag":"exit_signal","cost":103.141545}],"funding_fees":-0.004453218510000001},{"pair":"ETH/USDT:USDT","stake_amount":98.79948,"max_stake_amount":98.79948,"amount":0.039,"open_date":"2025-06-02 19:15:00+00:00","close_date":"2025-06-04 17:45:00+00:00","open_rate":2533.32,"close_rate":2634.84,"fee_open":0.0005,"fee_close":0.0005,"trade_duration":2790,"profit_ratio":0.03867551377471989,"profit_abs":3.82303121,"exit_reason":"exit_signal","initial_stop_loss_abs":2279.99,"initial_stop_loss_ratio":-0.1,"stop_loss_abs":2279.99,"stop_loss_ratio":-0.1,"min_rate":2522.88,"max_rate":2679.64,"is_open":false,"enter_tag":"grid_level_-1","leverage":1.0,"is_short":false,"open_timestamp":1748891700000,"close_timestamp":1749059100000,"orders":[{"amount":0.039,"safe_price":2533.32,"ft_order_side":"buy","order_filled_timestamp":1748891700000,"ft_is_entry":true,"ft_order_tag":"grid_level_-1","cost":98.84887974},{"amount":0.039,"safe_price":2634.84,"ft_order_side":"sell","order_filled_timestamp":1749059100000,"ft_is_entry":false,"ft_order_tag":"exit_signal","cost":102.81013938000001}],"funding_fees":-0.03546966827927013},{"pair":"ETH/USDT:USDT","stake_amount":98.43254,"max_stake_amount":98.43254,"amount":0.038,"open_date":"2025-06-05 10:45:00+00:00","close_date":"2025-06-05 12:15:00+00:00","open_rate":2590.33,"close_rate":2618.37,"fee_open":0.0005,"fee_close":0.0005,"trade_duration":90,"profit_ratio":0.009814555879264275,"profit_abs":0.9665547,"exit_reason":"exit_signal","initial_stop_loss_abs":2331.3,"initial_stop_loss_ratio":-0.1,"stop_loss_abs":2331.3,"stop_loss_ratio":-0.1,"min_rate":2585.66,"max_rate":2627.7,"is_open":false,"enter_tag":"grid_level_-1","leverage":1.0,"is_short":false,"open_timestamp":1749120300000,"close_timestamp":1749125700000,"orders":[{"amount":0.038,"safe_price":2590.33,"ft_order_side":"buy","order_filled_timestamp":1749120300000,"ft_is_entry":true,"ft_order_tag":"grid_level_-1","cost":98.48175626999998},{"amount":0.038,"safe_price":2618.37,"ft_order_side":"sell","order_filled_timestamp":1749125700000,"ft_is_entry":false,"ft_order_tag":"exit_signal","cost":99.54780903}],"funding_fees":0.0},{"pair":"SOL/USDT:USDT","stake_amount":100.2119,"max_stake_amount":100.2119,"amount":0.67,"open_date":"2025-06-07 04:45:00+00:00","close_date":"2025-06-08 17:00:00+00:00","open_rate":149.57,"close_rate":152.14,"fee_open":0.0005,"fee_close":0.0005,"trade_duration":2175,"profit_ratio":0.016162384191755738,"profit_abs":1.62047306,"exit_reason":"exit_signal","initial_stop_loss_abs":134.62,"initial_stop_loss_ratio":-0.1,"stop_loss_abs":134.62,"stop_loss_ratio":-0.1,"min_rate":147.59,"max_rate":153.25,"is_open":false,"enter_tag":"grid_level_-1","leverage":1.0,"is_short":false,"open_timestamp":1749271500000,"close_timestamp":1749402000000,"orders":[{"amount":0.67,"safe_price":149.57,"ft_order_side":"buy","order_filled_timestamp":1749271500000,"ft_is_entry":true,"ft_order_tag":"grid_level_-1","cost":100.26200594999999},{"amount":0.67,"safe_price":152.14,"ft_order_side":"sell","order_filled_timestamp":1749402000000,"ft_is_entry":false,"ft_order_tag":"exit_signal","cost":101.98476689999998}],"funding_fees":-0.0003540935042116},{"pair":"SOL/USDT:USDT","stake_amount":100.2276,"max_stake_amount":100.2276,"amount":0.66,"open_date":"2025-06-09 01:15:00+00:00","close_date":"2025-06-09 19:45:00+00:00","open_rate":151.86,"close_rate":155.28,"fee_open":0.0005,"fee_close":0.0005,"trade_duration":1110,"profit_ratio":0.021421263495139637,"profit_abs":2.14807533,"exit_reason":"exit_signal","initial_stop_loss_abs":136.68,"initial_stop_loss_ratio":-0.1,"stop_loss_abs":136.68,"stop_loss_ratio":-0.1,"min_rate":149.5,"max_rate":156.94,"is_open":false,"enter_tag":"grid_level_-1","leverage":1.0,"is_short":false,"open_timestamp":1749431700000,"close_timestamp":1749498300000,"orders":[{"amount":0.66,"safe_price":151.86,"ft_order_side":"buy","order_filled_timestamp":1749431700000,"ft_is_entry":true,"ft_order_tag":"grid_level_-1","cost":100.2777138},{"amount":0.66,"safe_price":155.28,"ft_order_side":"sell","order_filled_timestamp":1749498300000,"ft_is_entry":false,"ft_order_tag":"exit_signal","cost":102.5360424}],"funding_fees":-0.0077684651885544},{"pair":"ETH/USDT:USDT","stake_amount":99.7692,"max_stake_amount":99.7692,"amount":0.04,"open_date":"2025-06-07 12:00:00+00:00","close_date":"2025-06-10 03:15:00+00:00","open_rate":2494.23,"close_rate":2680.64,"fee_open":0.0005,"fee_close":0.0005,"trade_duration":3795,"profit_ratio":0.07311307521247296,"profit_abs":7.29808024,"exit_reason":"exit_signal","initial_stop_loss_abs":2244.81,"initial_stop_loss_ratio":-0.1,"stop_loss_abs":2244.81,"stop_loss_ratio":-0.1,"min_rate":2475.83,"max_rate":2726.83,"is_open":false,"enter_tag":"grid_level_-1","leverage":1.0,"is_short":false,"open_timestamp":1749297600000,"close_timestamp":1749525300000,"orders":[{"amount":0.04,"safe_price":2494.23,"ft_order_side":"buy","order_filled_timestamp":1749297600000,"ft_is_entry":true,"ft_order_tag":"grid_level_-1","cost":99.8190846},{"amount":0.04,"safe_price":2680.64,"ft_order_side":"sell","order_filled_timestamp":1749525300000,"ft_is_entry":false,"ft_order_tag":"exit_signal","cost":107.2792128}],"funding_fees":-0.054822357223412874},{"pair":"SOL/USDT:USDT","stake_amount":101.5251,"max_stake_amount":101.5251,"amount":0.67,"open_date":"2025-06-15 17:15:00+00:00","close_date":"2025-06-16 08:30:00+00:00","open_rate":151.53,"close_rate":156.57,"fee_open":0.0005,"fee_close":0.0005,"trade_duration":915,"profit_ratio":0.03202345929771285,"profit_abs":3.2528105,"exit_reason":"exit_signal","initial_stop_loss_abs":136.38,"initial_stop_loss_ratio":-0.1,"stop_loss_abs":136.38,"stop_loss_ratio":-0.1,"min_rate":148.07,"max_rate":157.94,"is_open":false,"enter_tag":"grid_level_-1","leverage":1.0,"is_short":false,"open_timestamp":1750007700000,"close_timestamp":1750062600000,"orders":[{"amount":0.67,"safe_price":151.53,"ft_order_side":"buy","order_filled_timestamp":1750007700000,"ft_is_entry":true,"ft_order_tag":"grid_level_-1","cost":101.57586255},{"amount":0.67,"safe_price":156.57,"ft_order_side":"sell","order_filled_timestamp":1750062600000,"ft_is_entry":false,"ft_order_tag":"exit_signal","cost":104.95435094999999}],"funding_fees":-0.02077599647052},{"pair":"SUI/USDT:USDT","stake_amount":101.64576,"max_stake_amount":101.64576,"amount":33.9,"open_date":"2025-06-15 22:00:00+00:00","close_date":"2025-06-16 10:00:00+00:00","open_rate":2.9984,"close_rate":3.1001,"fee_open":0.0005,"fee_close":0.0005,"trade_duration":720,"profit_ratio":0.03282049952394625,"profit_abs":3.33773265,"exit_reason":"exit_signal","initial_stop_loss_abs":2.6986,"initial_stop_loss_ratio":-0.1,"stop_loss_abs":2.6986,"stop_loss_ratio":-0.1,"min_rate":2.971,"max_rate":3.141,"is_open":false,"enter_tag":"grid_level_-1","leverage":1.0,"is_short":false,"open_timestamp":1750024800000,"close_timestamp":1750068000000,"orders":[{"amount":33.9,"safe_price":2.9984,"ft_order_side":"buy","order_filled_timestamp":1750024800000,"ft_is_entry":true,"ft_order_tag":"grid_level_-1","cost":101.69658288},{"amount":33.9,"safe_price":3.1001,"ft_order_side":"sell","order_filled_timestamp":1750068000000,"ft_is_entry":false,"ft_order_tag":"exit_signal","cost":105.14593669499997}],"funding_fees":-0.0065277746097},{"pair":"ETH/USDT:USDT","stake_amount":100.76,"max_stake_amount":100.76,"amount":0.04,"open_date":"2025-06-14 21:30:00+00:00","close_date":"2025-06-16 18:00:00+00:00","open_rate":2519.0,"close_rate":2632.75,"fee_open":0.0005,"fee_close":0.0005,"trade_duration":2670,"profit_ratio":0.0437554289548358,"profit_abs":4.41100142,"exit_reason":"exit_signal","initial_stop_loss_abs":2267.1,"initial_stop_loss_ratio":-0.1,"stop_loss_abs":2267.1,"stop_loss_ratio":-0.1,"min_rate":2490.38,"max_rate":2656.51,"is_open":false,"enter_tag":"grid_level_-1","leverage":1.0,"is_short":false,"open_timestamp":1749936600000,"close_timestamp":1750096800000,"orders":[{"amount":0.04,"safe_price":2519.0,"ft_order_side":"buy","order_filled_timestamp":1749936600000,"ft_is_entry":true,"ft_order_tag":"grid_level_-1","cost":100.81038},{"amount":0.04,"safe_price":2632.75,"ft_order_side":"sell","order_filled_timestamp":1750096800000,"ft_is_entry":false,"ft_order_tag":"exit_signal","cost":105.36265499999999}],"funding_fees":-0.03596358458208317},{"pair":"SOL/USDT:USDT","stake_amount":101.7395,"max_stake_amount":101.7395,"amount":0.67,"open_date":"2025-06-16 23:45:00+00:00","close_date":"2025-06-20 17:15:00+00:00","open_rate":151.85,"close_rate":136.67,"fee_open":0.0005,"fee_close":0.0005,"trade_duration":5370,"profit_ratio":-0.10122466658983721,"profit_abs":-10.30369624,"exit_reason":"stop_loss","initial_stop_loss_abs":136.67,"initial_stop_loss_ratio":-0.1,"stop_loss_abs":136.67,"stop_loss_ratio":-0.1,"min_rate":135.7,"max_rate":154.29,"is_open":false,"enter_tag":"grid_level_-1","leverage":1.0,"is_short":false,"open_timestamp":1750117500000,"close_timestamp":1750439700000,"orders":[{"amount":0.67,"safe_price":151.85,"ft_order_side":"buy","order_filled_timestamp":1750117500000,"ft_is_entry":true,"ft_order_tag":"grid_level_-1","cost":101.79036975},{"amount":0.67,"safe_price":136.67,"ft_order_side":"sell","order_filled_timestamp":1750439700000,"ft_is_entry":false,"ft_order_tag":"stop_loss","cost":91.61468445}],"funding_fees":-0.03644204147774186},{"pair":"SUI/USDT:USDT","stake_amount":102.73536,"max_stake_amount":102.73536,"amount":34.3,"open_date":"2025-06-17 00:00:00+00:00","close_date":"2025-06-20 17:15:00+00:00","open_rate":2.9952,"close_rate":2.6957,"fee_open":0.0005,"fee_close":0.0005,"trade_duration":5355,"profit_ratio":-0.10160885637409174,"profit_abs":-10.44404185,"exit_reason":"stop_loss","initial_stop_loss_abs":2.6957,"initial_stop_loss_ratio":-0.1,"stop_loss_abs":2.6957,"stop_loss_ratio":-0.1,"min_rate":2.6474,"max_rate":3.0557,"is_open":false,"enter_tag":"grid_level_-1","leverage":1.0,"is_short":false,"open_timestamp":1750118400000,"close_timestamp":1750439700000,"orders":[{"amount":34.3,"safe_price":2.9952,"ft_order_side":"buy","order_filled_timestamp":1750118400000,"ft_is_entry":true,"ft_order_tag":"grid_level_-1","cost":102.78672768},{"amount":34.3,"safe_price":2.6957,"ft_order_side":"sell","order_filled_timestamp":1750439700000,"ft_is_entry":false,"ft_order_tag":"stop_loss","cost":92.50874125499999}],"funding_fees":-0.07359291848160357},{"pair":"ETH/USDT:USDT","stake_amount":102.1408,"max_stake_amount":102.1408,"amount":0.04,"open_date":"2025-06-16 22:45:00+00:00","close_date":"2025-06-21 21:15:00+00:00","open_rate":2553.52,"close_rate":2298.17,"fee_open":0.0005,"fee_close":0.0005,"trade_duration":7110,"profit_ratio":-0.10152325199050276,"profit_abs":-10.37485101,"exit_reason":"stop_loss","initial_stop_loss_abs":2298.17,"initial_stop_loss_ratio":-0.1,"stop_loss_abs":2298.17,"stop_loss_ratio":-0.1,"min_rate":2296.97,"max_rate":2617.74,"is_open":false,"enter_tag":"grid_level_-1","leverage":1.0,"is_short":false,"open_timestamp":1750113900000,"close_timestamp":1750540500000,"orders":[{"amount":0.04,"safe_price":2553.52,"ft_order_side":"buy","order_filled_timestamp":1750113900000,"ft_is_entry":true,"ft_order_tag":"grid_level_-1","cost":102.1918704},{"amount":0.04,"safe_price":2298.17,"ft_order_side":"sell","order_filled_timestamp":1750540500000,"ft_is_entry":false,"ft_order_tag":"stop_loss","cost":91.97276339999999}],"funding_fees":-0.06381721131991219},{"pair":"SOL/USDT:USDT","stake_amount":99.5248,"max_stake_amount":99.5248,"amount":0.68,"open_date":"2025-06-23 22:30:00+00:00","close_date":"2025-06-30 20:45:00+00:00","open_rate":146.36,"close_rate":156.73,"fee_open":0.0005,"fee_close":0.0005,"trade_duration":9975,"profit_ratio":0.06896496860728357,"profit_abs":6.86715657,"exit_reason":"exit_signal","initial_stop_loss_abs":131.73,"initial_stop_loss_ratio":-0.1,"stop_loss_abs":131.73,"stop_loss_ratio":-0.1,"min_rate":137.0,"max_rate":160.0,"is_open":false,"enter_tag":"grid_level_-1","leverage":1.0,"is_short":false,"open_timestamp":1750717800000,"close_timestamp":1751316300000,"orders":[{"amount":0.68,"safe_price":146.36,"ft_order_side":"buy","order_filled_timestamp":1750717800000,"ft_is_entry":true,"ft_order_tag":"grid_level_-1","cost":99.5745624},{"amount":0.68,"safe_price":156.73,"ft_order_side":"sell","order_filled_timestamp":1751316300000,"ft_is_entry":false,"ft_order_tag":"exit_signal","cost":106.6296882}],"funding_fees":-0.08139283251200759},{"pair":"SOL/USDT:USDT","stake_amount":100.023,"max_stake_amount":100.023,"amount":0.66,"open_date":"2025-07-01 05:30:00+00:00","close_date":"2025-07-02 16:15:00+00:00","open_rate":151.55,"close_rate":152.28,"fee_open":0.0005,"fee_close":0.0005,"trade_duration":2085,"profit_ratio":0.003936219906802744,"profit_abs":0.39390938,"exit_reason":"exit_signal","initial_stop_loss_abs":136.4,"initial_stop_loss_ratio":-0.1,"stop_loss_abs":136.4,"stop_loss_ratio":-0.1,"min_rate":144.67,"max_rate":153.11,"is_open":false,"enter_tag":"grid_level_-1","leverage":1.0,"is_short":false,"open_timestamp":1751347800000,"close_timestamp":1751472900000,"orders":[{"amount":0.66,"safe_price":151.55,"ft_order_side":"buy","order_filled_timestamp":1751347800000,"ft_is_entry":true,"ft_order_tag":"grid_level_-1","cost":100.0730115},{"amount":0.66,"safe_price":152.28,"ft_order_side":"sell","order_filled_timestamp":1751472900000,"ft_is_entry":false,"ft_order_tag":"exit_signal","cost":100.5550524}],"funding_fees":0.012373281079763473},{"pair":"ETH/USDT:USDT","stake_amount":99.688,"max_stake_amount":99.688,"amount":0.04,"open_date":"2025-06-26 03:00:00+00:00","close_date":"2025-07-02 20:00:00+00:00","open_rate":2492.2,"close_rate":2603.64,"fee_open":0.0005,"fee_close":0.0005,"trade_duration":9660,"profit_ratio":0.04289742366999632,"profit_abs":4.27849655,"exit_reason":"exit_signal","initial_stop_loss_abs":2242.98,"initial_stop_loss_ratio":-0.1,"stop_loss_abs":2242.98,"stop_loss_ratio":-0.1,"min_rate":2367.53,"max_rate":2607.36,"is_open":false,"enter_tag":"grid_level_-1","leverage":1.0,"is_short":false,"open_timestamp":1750906800000,"close_timestamp":1751486400000,"orders":[{"amount":0.04,"safe_price":2492.2,"ft_order_side":"buy","order_filled_timestamp":1750906800000,"ft_is_entry":true,"ft_order_tag":"grid_level_-1","cost":99.73784399999998},{"amount":0.04,"safe_price":2603.64,"ft_order_side":"sell","order_filled_timestamp":1751486400000,"ft_is_entry":false,"ft_order_tag":"exit_signal","cost":104.19767279999999}],"funding_fees":-0.07718664832619368},{"pair":"SOL/USDT:USDT","stake_amount":100.2672,"max_stake_amount":100.2672,"amount":0.66,"open_date":"2025-07-02 23:45:00+00:00","close_date":"2025-07-03 10:15:00+00:00","open_rate":151.92,"close_rate":155.45,"fee_open":0.0005,"fee_close":0.0005,"trade_duration":630,"profit_ratio":0.022137928414795904,"profit_abs":2.22081795,"exit_reason":"exit_signal","initial_stop_loss_abs":136.73,"initial_stop_loss_ratio":-0.1,"stop_loss_abs":136.73,"stop_loss_ratio":-0.1,"min_rate":151.66,"max_rate":156.33,"is_open":false,"enter_tag":"grid_level_-1","leverage":1.0,"is_short":false,"open_timestamp":1751499900000,"close_timestamp":1751537700000,"orders":[{"amount":0.66,"safe_price":151.92,"ft_order_side":"buy","order_filled_timestamp":1751499900000,"ft_is_entry":true,"ft_order_tag":"grid_level_-1","cost":100.3173336},{"amount":0.66,"safe_price":155.45,"ft_order_side":"sell","order_filled_timestamp":1751537700000,"ft_is_entry":false,"ft_order_tag":"exit_signal","cost":102.64829849999998}],"funding_fees":-0.0075499469760000005},{"pair":"ETH/USDT:USDT","stake_amount":98.60392,"max_stake_amount":98.60392,"amount":0.038,"open_date":"2025-07-02 20:15:00+00:00","close_date":"2025-07-03 14:00:00+00:00","open_rate":2594.84,"close_rate":2623.75,"fee_open":0.0005,"fee_close":0.0005,"trade_duration":1065,"profit_ratio":0.010031729530346908,"profit_abs":0.98966244,"exit_reason":"force_exit","initial_stop_loss_abs":2335.36,"initial_stop_loss_ratio":-0.1,"stop_loss_abs":2335.36,"stop_loss_ratio":-0.1,"min_rate":2555.25,"max_rate":2635.0,"is_open":false,"enter_tag":"grid_level_-1","leverage":1.0,"is_short":false,"open_timestamp":1751487300000,"close_timestamp":1751551200000,"orders":[{"amount":0.038,"safe_price":2594.84,"ft_order_side":"buy","order_filled_timestamp":1751487300000,"ft_is_entry":true,"ft_order_tag":"grid_level_-1","cost":98.65322196},{"amount":0.038,"safe_price":2623.75,"ft_order_side":"sell","order_filled_timestamp":1751551200000,"ft_is_entry":false,"ft_order_tag":"force_exit","cost":99.75235124999999}],"funding_fees":-0.009764352876738},{"pair":"SUI/USDT:USDT","stake_amount":99.61856,"max_stake_amount":99.61856,"amount":34.9,"open_date":"2025-06-24 05:45:00+00:00","close_date":"2025-07-03 14:00:00+00:00","open_rate":2.8544,"close_rate":3.056,"fee_open":0.0005,"fee_close":0.0005,"trade_duration":13455,"profit_ratio":0.06893304384963647,"profit_abs":6.87044407,"exit_reason":"force_exit","initial_stop_loss_abs":2.569,"initial_stop_loss_ratio":-0.1,"stop_loss_abs":2.569,"stop_loss_ratio":-0.1,"min_rate":2.5693,"max_rate":3.0895,"is_open":false,"enter_tag":"grid_level_-1","leverage":1.0,"is_short":false,"open_timestamp":1750743900000,"close_timestamp":1751551200000,"orders":[{"amount":34.9,"safe_price":2.8544,"ft_order_side":"buy","order_filled_timestamp":1750743900000,"ft_is_entry":true,"ft_order_tag":"grid_level_-1","cost":99.66836928},{"amount":34.9,"safe_price":3.056,"ft_order_side":"sell","order_filled_timestamp":1751551200000,"ft_is_entry":false,"ft_order_tag":"force_exit","cost":106.7077272}],"funding_fees":-0.06225945047624984}],"locks":[],"best_pair":{"key":"ETH/USDT:USDT","trades":10,"profit_mean":0.02085564946537772,"profit_mean_pct":2.09,"profit_sum":0.20855649465377718,"profit_sum_pct":20.86,"profit_total_abs":20.33867509,"profit_total":0.020338675089999998,"profit_total_pct":2.03,"duration_avg":"2 days, 23:34:00","wins":9,"draws":0,"losses":1,"winrate":0.9,"cagr":0.1654495638002842,"expectancy":2.033867509,"expectancy_ratio":0.19603823775778717,"sortino":-100,"sharpe":1.8030957516983352,"calmar":80.01262377440793,"sqn":1.359,"profit_factor":2.960382377577873,"max_drawdown_account":0.010117409803351452,"max_drawdown_abs":10.37485101},"worst_pair":{"key":"SUI/USDT:USDT","trades":3,"profit_mean":4.8228999830327024e-05,"profit_mean_pct":0.0,"profit_sum":0.00014468699949098107,"profit_sum_pct":0.01,"profit_total_abs":-0.23586513000000053,"profit_total":-0.00023586513000000054,"profit_total_pct":-0.02,"duration_avg":"4 days, 12:30:00","wins":2,"draws":0,"losses":1,"winrate":0.6666666666666666,"cagr":-0.0017921614688460874,"expectancy":-0.07862171000000018,"expectancy_ratio":-0.007527900704457635,"sortino":-100,"sharpe":-0.012567475251414075,"calmar":-0.90187734292024,"sqn":-0.0149,"profit_factor":0.9774162978866271,"max_drawdown_account":0.01040929839488388,"max_drawdown_abs":10.44404185},"results_per_pair":[{"key":"ETH/USDT:USDT","trades":10,"profit_mean":0.02085564946537772,"profit_mean_pct":2.09,"profit_sum":0.20855649465377718,"profit_sum_pct":20.86,"profit_total_abs":20.33867509,"profit_total":0.020338675089999998,"profit_total_pct":2.03,"duration_avg":"2 days, 23:34:00","wins":9,"draws":0,"losses":1,"winrate":0.9,"cagr":0.1654495638002842,"expectancy":2.033867509,"expectancy_ratio":0.19603823775778717,"sortino":-100,"sharpe":1.8030957516983352,"calmar":80.01262377440793,"sqn":1.359,"profit_factor":2.960382377577873,"max_drawdown_account":0.010117409803351452,"max_drawdown_abs":10.37485101},{"key":"SOL/USDT:USDT","trades":8,"profit_mean":0.013227904857343813,"profit_mean_pct":1.32,"profit_sum":0.1058232388587505,"profit_sum_pct":10.58,"profit_total_abs":10.39065158,"profit_total":0.01039065158,"profit_total_pct":1.04,"duration_avg":"1 day, 23:24:00","wins":7,"draws":0,"losses":1,"winrate":0.875,"cagr":0.0817764744938958,"expectancy":1.2988314475,"expectancy_ratio":0.1260549046911732,"sortino":-100,"sharpe":0.871150031737028,"calmar":40.587971260201684,"sqn":0.7238,"profit_factor":2.008439237529386,"max_drawdown_account":0.010189447428344968,"max_drawdown_abs":10.30369624},{"key":"SUI/USDT:USDT","trades":3,"profit_mean":4.8228999830327024e-05,"profit_mean_pct":0.0,"profit_sum":0.00014468699949098107,"profit_sum_pct":0.01,"profit_total_abs":-0.23586513000000053,"profit_total":-0.00023586513000000054,"profit_total_pct":-0.02,"duration_avg":"4 days, 12:30:00","wins":2,"draws":0,"losses":1,"winrate":0.6666666666666666,"cagr":-0.0017921614688460874,"expectancy":-0.07862171000000018,"expectancy_ratio":-0.007527900704457635,"sortino":-100,"sharpe":-0.012567475251414075,"calmar":-0.90187734292024,"sqn":-0.0149,"profit_factor":0.9774162978866271,"max_drawdown_account":0.01040929839488388,"max_drawdown_abs":10.44404185},{"key":"TOTAL","trades":21,"profit_mean":0.01497735335771517,"profit_mean_pct":1.5,"profit_sum":0.31452442051201857,"profit_sum_pct":31.45,"profit_total_abs":30.49346154,"profit_total":0.03049346154,"profit_total_pct":3.05,"duration_avg":"2 days, 19:39:00","wins":18,"draws":0,"losses":3,"winrate":0.8571428571428571,"cagr":0.2566032633574098,"expectancy":1.4520695971428568,"expectancy_ratio":0.13996935722255088,"sortino":211.82369590704863,"sharpe":2.3505897985068125,"calmar":40.557174355590305,"sqn":1.2577,"profit_factor":1.9797855005578566,"max_drawdown_account":0.029925694096110827,"max_drawdown_abs":31.1225891}],"results_per_enter_tag":[{"key":"grid_level_-1","trades":21,"profit_mean":0.01497735335771517,"profit_mean_pct":1.5,"profit_sum":0.31452442051201857,"profit_sum_pct":31.45,"profit_total_abs":30.49346154,"profit_total":0.03049346154,"profit_total_pct":3.05,"duration_avg":"2 days, 19:39:00","wins":18,"draws":0,"losses":3,"winrate":0.8571428571428571,"cagr":0.2566032633574098,"expectancy":1.4520695971428568,"expectancy_ratio":0.13996935722255088,"sortino":211.82369590704863,"sharpe":2.3505897985068125,"calmar":40.557174355590305,"sqn":1.2577,"profit_factor":1.9797855005578566,"max_drawdown_account":0.029925694096110827,"max_drawdown_abs":31.1225891},{"key":"TOTAL","trades":21,"profit_mean":0.01497735335771517,"profit_mean_pct":1.5,"profit_sum":0.31452442051201857,"profit_sum_pct":31.45,"profit_total_abs":30.49346154,"profit_total":0.03049346154,"profit_total_pct":3.05,"duration_avg":"2 days, 19:39:00","wins":18,"draws":0,"losses":3,"winrate":0.8571428571428571,"cagr":0.2566032633574098,"expectancy":1.4520695971428568,"expectancy_ratio":0.13996935722255088,"sortino":211.82369590704863,"sharpe":2.3505897985068125,"calmar":40.557174355590305,"sqn":1.2577,"profit_factor":1.9797855005578566,"max_drawdown_account":0.029925694096110827,"max_drawdown_abs":31.1225891}],"exit_reason_summary":[{"key":"exit_signal","trades":16,"profit_mean":0.033744776380404184,"profit_mean_pct":3.37,"profit_sum":0.539916422086467,"profit_sum_pct":53.99,"profit_total_abs":53.755944129999996,"profit_total":0.05375594413,"profit_total_pct":5.38,"duration_avg":"2 days, 7:05:00","wins":16,"draws":0,"losses":0,"winrate":1.0,"cagr":0.489083443039126,"expectancy":3.3597465081249998,"expectancy_ratio":100.0,"sortino":-100,"sharpe":11.813822282404573,"calmar":-100,"sqn":7.1847,"profit_factor":0.0,"max_drawdown_account":0.0,"max_drawdown_abs":0.0},{"key":"force_exit","trades":2,"profit_mean":0.03948238668999169,"profit_mean_pct":3.95,"profit_sum":0.07896477337998338,"profit_sum_pct":7.9,"profit_total_abs":7.86010651,"profit_total":0.00786010651,"profit_total_pct":0.79,"duration_avg":"5 days, 1:00:00","wins":2,"draws":0,"losses":0,"winrate":1.0,"cagr":0.06134384771896295,"expectancy":3.930053255,"expectancy_ratio":100.0,"sortino":-100,"sharpe":1.063968005379182,"calmar":-100,"sqn":1.3366,"profit_factor":0.0,"max_drawdown_account":0.0,"max_drawdown_abs":0.0},{"key":"stop_loss","trades":3,"profit_mean":-0.1014522583181439,"profit_mean_pct":-10.15,"profit_sum":-0.3043567749544317,"profit_sum_pct":-30.44,"profit_total_abs":-31.1225891,"profit_total":-0.0311225891,"profit_total_pct":-3.11,"duration_avg":"4 days, 3:05:00","wins":0,"draws":0,"losses":3,"winrate":0.0,"cagr":-0.21370430273689767,"expectancy":-10.374196366666666,"expectancy_ratio":-1.0,"sortino":-216.1939483554751,"sharpe":-216.1939483554751,"calmar":-39.802027446964125,"sqn":-256.0543,"profit_factor":0.0,"max_drawdown_account":0.031122589100000028,"max_drawdown_abs":31.1225891},{"key":"TOTAL","trades":21,"profit_mean":0.01497735335771517,"profit_mean_pct":1.5,"profit_sum":0.31452442051201857,"profit_sum_pct":31.45,"profit_total_abs":30.49346154,"profit_total":0.03049346154,"profit_total_pct":3.05,"duration_avg":"2 days, 19:39:00","wins":18,"draws":0,"losses":3,"winrate":0.8571428571428571,"cagr":0.2566032633574098,"expectancy":1.4520695971428568,"expectancy_ratio":0.13996935722255088,"sortino":211.82369590704863,"sharpe":2.3505897985068125,"calmar":40.557174355590305,"sqn":1.2577,"profit_factor":1.9797855005578566,"max_drawdown_account":0.029925694096110827,"max_drawdown_abs":31.1225891}],"mix_tag_stats":[{"key":["grid_level_-1","exit_signal"],"trades":16,"profit_mean":0.033744776380404184,"profit_mean_pct":3.37,"profit_sum":0.539916422086467,"profit_sum_pct":53.99,"profit_total_abs":53.755944129999996,"profit_total":0.05375594413,"profit_total_pct":5.38,"duration_avg":"2 days, 7:05:00","wins":16,"draws":0,"losses":0,"winrate":1.0,"cagr":0.489083443039126,"expectancy":3.3597465081249998,"expectancy_ratio":100.0,"sortino":-100,"sharpe":11.813822282404573,"calmar":-100,"sqn":7.1847,"profit_factor":0.0,"max_drawdown_account":0.0,"max_drawdown_abs":0.0},{"key":["grid_level_-1","force_exit"],"trades":2,"profit_mean":0.03948238668999169,"profit_mean_pct":3.95,"profit_sum":0.07896477337998338,"profit_sum_pct":7.9,"profit_total_abs":7.86010651,"profit_total":0.00786010651,"profit_total_pct":0.79,"duration_avg":"5 days, 1:00:00","wins":2,"draws":0,"losses":0,"winrate":1.0,"cagr":0.06134384771896295,"expectancy":3.930053255,"expectancy_ratio":100.0,"sortino":-100,"sharpe":1.063968005379182,"calmar":-100,"sqn":1.3366,"profit_factor":0.0,"max_drawdown_account":0.0,"max_drawdown_abs":0.0},{"key":["grid_level_-1","stop_loss"],"trades":3,"profit_mean":-0.1014522583181439,"profit_mean_pct":-10.15,"profit_sum":-0.3043567749544317,"profit_sum_pct":-30.44,"profit_total_abs":-31.1225891,"profit_total":-0.0311225891,"profit_total_pct":-3.11,"duration_avg":"4 days, 3:05:00","wins":0,"draws":0,"losses":3,"winrate":0.0,"cagr":-0.21370430273689767,"expectancy":-10.374196366666666,"expectancy_ratio":-1.0,"sortino":-216.1939483554751,"sharpe":-216.1939483554751,"calmar":-39.802027446964125,"sqn":-256.0543,"profit_factor":0.0,"max_drawdown_account":0.031122589100000028,"max_drawdown_abs":31.1225891},{"key":"TOTAL","trades":21,"profit_mean":0.01497735335771517,"profit_mean_pct":1.5,"profit_sum":0.31452442051201857,"profit_sum_pct":31.45,"profit_total_abs":30.49346154,"profit_total":0.03049346154,"profit_total_pct":3.05,"duration_avg":"2 days, 19:39:00","wins":18,"draws":0,"losses":3,"winrate":0.8571428571428571,"cagr":0.2566032633574098,"expectancy":1.4520695971428568,"expectancy_ratio":0.13996935722255088,"sortino":211.82369590704863,"sharpe":2.3505897985068125,"calmar":40.557174355590305,"sqn":1.2577,"profit_factor":1.9797855005578566,"max_drawdown_account":0.029925694096110827,"max_drawdown_abs":31.1225891}],"left_open_trades":[{"key":"SUI/USDT:USDT","trades":1,"profit_mean":0.06893304384963647,"profit_mean_pct":6.89,"profit_sum":0.06893304384963647,"profit_sum_pct":6.89,"profit_total_abs":6.87044407,"profit_total":0.00687044407,"profit_total_pct":0.69,"duration_avg":"9 days, 8:15:00","wins":1,"draws":0,"losses":0,"winrate":1.0,"cagr":0.05344458270749053,"expectancy":6.87044407,"expectancy_ratio":100.0,"sortino":-100,"sharpe":-100,"calmar":-100,"sqn":-100.0,"profit_factor":0.0,"max_drawdown_account":0.0,"max_drawdown_abs":0.0},{"key":"ETH/USDT:USDT","trades":1,"profit_mean":0.010031729530346908,"profit_mean_pct":1.0,"profit_sum":0.010031729530346908,"profit_sum_pct":1.0,"profit_total_abs":0.98966244,"profit_total":0.00098966244,"profit_total_pct":0.1,"duration_avg":"17:45:00","wins":1,"draws":0,"losses":0,"winrate":1.0,"cagr":0.007550196787269536,"expectancy":0.98966244,"expectancy_ratio":100.0,"sortino":-100,"sharpe":-100,"calmar":-100,"sqn":-100.0,"profit_factor":0.0,"max_drawdown_account":0.0,"max_drawdown_abs":0.0},{"key":"TOTAL","trades":2,"profit_mean":0.03948238668999169,"profit_mean_pct":3.95,"profit_sum":0.07896477337998338,"profit_sum_pct":7.9,"profit_total_abs":7.86010651,"profit_total":0.00786010651,"profit_total_pct":0.79,"duration_avg":"5 days, 1:00:00","wins":2,"draws":0,"losses":0,"winrate":1.0,"cagr":0.06134384771896295,"expectancy":3.930053255,"expectancy_ratio":100.0,"sortino":-100,"sharpe":1.063968005379182,"calmar":-100,"sqn":1.3366,"profit_factor":0.0,"max_drawdown_account":0.0,"max_drawdown_abs":0.0}],"total_trades":21,"trade_count_long":21,"trade_count_short":0,"total_volume":4229.09677164,"avg_stake_amount":99.84909999999999,"profit_mean":0.01497735335771517,"profit_median":0.030916546431329038,"profit_total":0.03049346154,"profit_total_long":0.03049346154,"profit_total_short":0.0,"profit_total_abs":30.49346154,"profit_total_long_abs":30.49346154,"profit_total_short_abs":0.0,"cagr":0.2566032633574098,"expectancy":1.4520695971428568,"expectancy_ratio":0.13996935722255088,"sortino":211.82369590704863,"sharpe":2.3505897985068125,"calmar":40.557174355590305,"sqn":1.2577,"profit_factor":1.9797855005578566,"backtest_start":"2025-05-16 00:00:00","backtest_start_ts":1747353600000,"backtest_end":"2025-07-03 14:00:00","backtest_end_ts":1751551200000,"backtest_days":48,"backtest_run_start_ts":1751553600,"backtest_run_end_ts":1751553600,"trades_per_day":0.44,"market_change":-0.10059978247388068,"pairlist":["SOL/USDT:USDT","ETH/USDT:USDT","SUI/USDT:USDT"],"stake_amount":"unlimited","stake_currency":"USDT","stake_currency_decimals":3,"starting_balance":1000,"dry_run_wallet":1000,"final_balance":1030.49346154,"rejected_signals":0,"timedout_entry_orders":0,"timedout_exit_orders":0,"canceled_trade_entries":0,"canceled_entry_orders":0,"replaced_entry_orders":0,"max_open_trades":3,"max_open_trades_setting":10,"timeframe":"15m","timeframe_detail":"","timerange":"","enable_protections":false,"strategy_name":"SimpleGridDCA","stoploss":-0.1,"trailing_stop":false,"trailing_stop_positive":null,"trailing_stop_positive_offset":0.0,"trailing_only_offset_is_reached":false,"use_custom_stoploss":false,"minimal_roi":{},"use_exit_signal":true,"exit_profit_only":false,"exit_profit_offset":0.0,"ignore_roi_if_entry_signal":false,"trading_mode":"futures","margin_mode":"isolated","periodic_breakdown":{"day":[{"date":"22/05/2025","date_ts":1747872000000,"profit_abs":3.00342342,"wins":1,"draws":0,"losses":0,"trades":1,"profit_factor":0.0},{"date":"23/05/2025","date_ts":1747958400000,"profit_abs":0.0,"wins":0,"draws":0,"losses":0,"trades":0,"profit_factor":0.0},{"date":"24/05/2025","date_ts":1748044800000,"profit_abs":0.0,"wins":0,"draws":0,"losses":0,"trades":0,"profit_factor":0.0},{"date":"25/05/2025","date_ts":1748131200000,"profit_abs":0.0,"wins":0,"draws":0,"losses":0,"trades":0,"profit_factor":0.0},{"date":"26/05/2025","date_ts":1748217600000,"profit_abs":0.0,"wins":0,"draws":0,"losses":0,"trades":0,"profit_factor":0.0},{"date":"27/05/2025","date_ts":1748304000000,"profit_abs":3.69949259,"wins":1,"draws":0,"losses":0,"trades":1,"profit_factor":0.0},{"date":"28/05/2025","date_ts":1748390400000,"profit_abs":0.0,"wins":0,"draws":0,"losses":0,"trades":0,"profit_factor":0.0},{"date":"29/05/2025","date_ts":1748476800000,"profit_abs":0.0,"wins":0,"draws":0,"losses":0,"trades":0,"profit_factor":0.0},{"date":"30/05/2025","date_ts":1748563200000,"profit_abs":2.24378353,"wins":1,"draws":0,"losses":0,"trades":1,"profit_factor":0.0},{"date":"31/05/2025","date_ts":1748649600000,"profit_abs":0.0,"wins":0,"draws":0,"losses":0,"trades":0,"profit_factor":0.0},{"date":"01/06/2025","date_ts":1748736000000,"profit_abs":0.0,"wins":0,"draws":0,"losses":0,"trades":0,"profit_factor":0.0},{"date":"02/06/2025","date_ts":1748822400000,"profit_abs":0.0,"wins":0,"draws":0,"losses":0,"trades":0,"profit_factor":0.0},{"date":"03/06/2025","date_ts":1748908800000,"profit_abs":4.19110503,"wins":1,"draws":0,"losses":0,"trades":1,"profit_factor":0.0},{"date":"04/06/2025","date_ts":1748995200000,"profit_abs":3.82303121,"wins":1,"draws":0,"losses":0,"trades":1,"profit_factor":0.0},{"date":"05/06/2025","date_ts":1749081600000,"profit_abs":0.9665547,"wins":1,"draws":0,"losses":0,"trades":1,"profit_factor":0.0},{"date":"06/06/2025","date_ts":1749168000000,"profit_abs":0.0,"wins":0,"draws":0,"losses":0,"trades":0,"profit_factor":0.0},{"date":"07/06/2025","date_ts":1749254400000,"profit_abs":0.0,"wins":0,"draws":0,"losses":0,"trades":0,"profit_factor":0.0},{"date":"08/06/2025","date_ts":1749340800000,"profit_abs":1.62047306,"wins":1,"draws":0,"losses":0,"trades":1,"profit_factor":0.0},{"date":"09/06/2025","date_ts":1749427200000,"profit_abs":2.14807533,"wins":1,"draws":0,"losses":0,"trades":1,"profit_factor":0.0},{"date":"10/06/2025","date_ts":1749513600000,"profit_abs":7.29808024,"wins":1,"draws":0,"losses":0,"trades":1,"profit_factor":0.0},{"date":"11/06/2025","date_ts":1749600000000,"profit_abs":0.0,"wins":0,"draws":0,"losses":0,"trades":0,"profit_factor":0.0},{"date":"12/06/2025","date_ts":1749686400000,"profit_abs":0.0,"wins":0,"draws":0,"losses":0,"trades":0,"profit_factor":0.0},{"date":"13/06/2025","date_ts":1749772800000,"profit_abs":0.0,"wins":0,"draws":0,"losses":0,"trades":0,"profit_factor":0.0},{"date":"14/06/2025","date_ts":1749859200000,"profit_abs":0.0,"wins":0,"draws":0,"losses":0,"trades":0,"profit_factor":0.0},{"date":"15/06/2025","date_ts":1749945600000,"profit_abs":0.0,"wins":0,"draws":0,"losses":0,"trades":0,"profit_factor":0.0},{"date":"16/06/2025","date_ts":1750032000000,"profit_abs":11.00154457,"wins":3,"draws":0,"losses":0,"trades":3,"profit_factor":0.0},{"date":"17/06/2025","date_ts":1750118400000,"profit_abs":0.0,"wins":0,"draws":0,"losses":0,"trades":0,"profit_factor":0.0},{"date":"18/06/2025","date_ts":1750204800000,"profit_abs":0.0,"wins":0,"draws":0,"losses":0,"trades":0,"profit_factor":0.0},{"date":"19/06/2025","date_ts":1750291200000,"profit_abs":0.0,"wins":0,"draws":0,"losses":0,"trades":0,"profit_factor":0.0},{"date":"20/06/2025","date_ts":1750377600000,"profit_abs":-20.74773809,"wins":0,"draws":0,"losses":2,"trades":2,"profit_factor":0.0},{"date":"21/06/2025","date_ts":1750464000000,"profit_abs":-10.37485101,"wins":0,"draws":0,"losses":1,"trades":1,"profit_factor":0.0},{"date":"22/06/2025","date_ts":1750550400000,"profit_abs":0.0,"wins":0,"draws":0,"losses":0,"trades":0,"profit_factor":0.0},{"date":"23/06/2025","date_ts":1750636800000,"profit_abs":0.0,"wins":0,"draws":0,"losses":0,"trades":0,"profit_factor":0.0},{"date":"24/06/2025","date_ts":1750723200000,"profit_abs":0.0,"wins":0,"draws":0,"losses":0,"trades":0,"profit_factor":0.0},{"date":"25/06/2025","date_ts":1750809600000,"profit_abs":0.0,"wins":0,"draws":0,"losses":0,"trades":0,"profit_factor":0.0},{"date":"26/06/2025","date_ts":1750896000000,"profit_abs":0.0,"wins":0,"draws":0,"losses":0,"trades":0,"profit_factor":0.0},{"date":"27/06/2025","date_ts":1750982400000,"profit_abs":0.0,"wins":0,"draws":0,"losses":0,"trades":0,"profit_factor":0.0},{"date":"28/06/2025","date_ts":1751068800000,"profit_abs":0.0,"wins":0,"draws":0,"losses":0,"trades":0,"profit_factor":0.0},{"date":"29/06/2025","date_ts":1751155200000,"profit_abs":0.0,"wins":0,"draws":0,"losses":0,"trades":0,"profit_factor":0.0},{"date":"30/06/2025","date_ts":1751241600000,"profit_abs":6.86715657,"wins":1,"draws":0,"losses":0,"trades":1,"profit_factor":0.0},{"date":"01/07/2025","date_ts":1751328000000,"profit_abs":0.0,"wins":0,"draws":0,"losses":0,"trades":0,"profit_factor":0.0},{"date":"02/07/2025","date_ts":1751414400000,"profit_abs":4.67240593,"wins":2,"draws":0,"losses":0,"trades":2,"profit_factor":0.0},{"date":"03/07/2025","date_ts":1751500800000,"profit_abs":10.08092446,"wins":3,"draws":0,"losses":0,"trades":3,"profit_factor":0.0}],"week":[{"date":"26/05/2025","date_ts":1748217600000,"profit_abs":3.00342342,"wins":1,"draws":0,"losses":0,"trades":1,"profit_factor":0.0},{"date":"02/06/2025","date_ts":1748822400000,"profit_abs":5.94327612,"wins":2,"draws":0,"losses":0,"trades":2,"profit_factor":0.0},{"date":"09/06/2025","date_ts":1749427200000,"profit_abs":12.74923933,"wins":5,"draws":0,"losses":0,"trades":5,"profit_factor":0.0},{"date":"16/06/2025","date_ts":1750032000000,"profit_abs":18.29962481,"wins":4,"draws":0,"losses":0,"trades":4,"profit_factor":0.0},{"date":"23/06/2025","date_ts":1750636800000,"profit_abs":-31.1225891,"wins":0,"draws":0,"losses":3,"trades":3,"profit_factor":0.0},{"date":"30/06/2025","date_ts":1751241600000,"profit_abs":6.86715657,"wins":1,"draws":0,"losses":0,"trades":1,"profit_factor":0.0},{"date":"07/07/2025","date_ts":1751846400000,"profit_abs":14.75333039,"wins":5,"draws":0,"losses":0,"trades":5,"profit_factor":0.0}],"month":[{"date":"31/05/2025","date_ts":1748649600000,"profit_abs":8.94669954,"wins":3,"draws":0,"losses":0,"trades":3,"profit_factor":0.0},{"date":"30/06/2025","date_ts":1751241600000,"profit_abs":6.79343161,"wins":10,"draws":0,"losses":3,"trades":13,"profit_factor":1.21827977},{"date":"31/07/2025","date_ts":1753920000000,"profit_abs":14.75333039,"wins":5,"draws":0,"losses":0,"trades":5,"profit_factor":0.0}],"year":[{"date":"31/12/2025","date_ts":1767139200000,"profit_abs":30.49346154,"wins":18,"draws":0,"losses":3,"trades":21,"profit_factor":1.9797855}]},"backtest_best_day":0.1085993877764949,"backtest_worst_day":-0.20283352296392895,"backtest_best_day_abs":11.00154457,"backtest_worst_day_abs":-20.74773809,"winning_days":13,"draw_days":28,"losing_days":2,"daily_profit":[["2025-05-22",3.00342342],["2025-05-23",0.0],["2025-05-24",0.0],["2025-05-25",0.0],["2025-05-26",0.0],["2025-05-27",3.69949259],["2025-05-28",0.0],["2025-05-29",0.0],["2025-05-30",2.24378353],["2025-05-31",0.0],["2025-06-01",0.0],["2025-06-02",0.0],["2025-06-03",4.19110503],["2025-06-04",3.82303121],["2025-06-05",0.9665547],["2025-06-06",0.0],["2025-06-07",0.0],["2025-06-08",1.62047306],["2025-06-09",2.14807533],["2025-06-10",7.29808024],["2025-06-11",0.0],["2025-06-12",0.0],["2025-06-13",0.0],["2025-06-14",0.0],["2025-06-15",0.0],["2025-06-16",11.00154457],["2025-06-17",0.0],["2025-06-18",0.0],["2025-06-19",0.0],["2025-06-20",-20.74773809],["2025-06-21",-10.37485101],["2025-06-22",0.0],["2025-06-23",0.0],["2025-06-24",0.0],["2025-06-25",0.0],["2025-06-26",0.0],["2025-06-27",0.0],["2025-06-28",0.0],["2025-06-29",0.0],["2025-06-30",6.86715657],["2025-07-01",0.0],["2025-07-02",4.67240593],["2025-07-03",10.08092446]],"wins":18,"losses":3,"draws":0,"winrate":0.8571428571428571,"holding_avg":"2 days, 19:39:00","holding_avg_s":243540.0,"winner_holding_min":"0d 01:30","winner_holding_min_s":5400.0,"winner_holding_max":"9d 08:15","winner_holding_max_s":807300.0,"winner_holding_avg":"2d 14:24","winner_holding_avg_s":224640.0,"loser_holding_min":"3d 17:15","loser_holding_min_s":321300.0,"loser_holding_max":"4d 22:30","loser_holding_max_s":426600.0,"loser_holding_avg":"4d 03:05","loser_holding_avg_s":356700.0,"max_consecutive_wins":12,"max_consecutive_losses":3,"max_drawdown_account":0.029925694096110827,"max_relative_drawdown":0.029925694096110827,"max_drawdown_abs":31.1225891,"drawdown_start":"2025-06-16 18:00:00","drawdown_start_ts":1750096800000.0,"drawdown_end":"2025-06-21 21:15:00","drawdown_end_ts":1750540500000.0,"max_drawdown_low":8.872974579999998,"max_drawdown_high":39.99556368,"csum_min":1003.00342342,"csum_max":1039.99556368}},"strategy_comparison":[{"key":"SimpleGridDCA","trades":21,"profit_mean":0.01497735335771517,"profit_mean_pct":1.5,"profit_sum":0.31452442051201857,"profit_sum_pct":31.45,"profit_total_abs":30.49346154,"profit_total":0.03049346154,"profit_total_pct":3.05,"duration_avg":"2 days, 19:39:00","wins":18,"draws":0,"losses":3,"winrate":0.8571428571428571,"cagr":0.2566032633574098,"expectancy":1.4520695971428568,"expectancy_ratio":0.13996935722255088,"sortino":211.82369590704863,"sharpe":2.3505897985068125,"calmar":40.557174355590305,"sqn":1.2577,"profit_factor":1.9797855005578566,"max_drawdown_account":0.029925694096110827,"max_drawdown_abs":"31.123"}]}