{"strategy":{"GridBotSample":{"trades":[{"pair":"ETH/USDT:USDT","stake_amount":989.8486,"max_stake_amount":989.8486,"amount":0.403,"open_date":"2025-05-17 02:15:00+00:00","close_date":"2025-05-18 04:30:00+00:00","open_rate":2456.2,"close_rate":2481.15,"fee_open":0.0005,"fee_close":0.0005,"trade_duration":1575,"profit_ratio":0.009089841261256178,"profit_abs":9.00206543,"exit_reason":"exit_signal","initial_stop_loss_abs":2210.58,"initial_stop_loss_ratio":-0.1,"stop_loss_abs":2210.58,"stop_loss_ratio":-0.1,"min_rate":2442.65,"max_rate":2512.33,"is_open":false,"enter_tag":"","leverage":1.0,"is_short":false,"open_timestamp":1747448100000,"close_timestamp":1747542600000,"orders":[{"amount":0.403,"safe_price":2456.2,"ft_order_side":"buy","order_filled_timestamp":1747448100000,"ft_is_entry":true,"ft_order_tag":"","cost":990.3435243},{"amount":0.403,"safe_price":2481.15,"ft_order_side":"sell","order_filled_timestamp":1747542600000,"ft_is_entry":false,"ft_order_tag":"exit_signal","cost":1000.4034017250001}],"funding_fees":-0.05790854191074837},{"pair":"ETH/USDT:USDT","stake_amount":996.9399,"max_stake_amount":996.9399,"amount":0.405,"open_date":"2025-05-18 19:00:00+00:00","close_date":"2025-05-19 07:00:00+00:00","open_rate":2461.58,"close_rate":2352.99,"fee_open":0.0005,"fee_close":0.0005,"trade_duration":720,"profit_ratio":-0.045019422926602444,"profit_abs":-44.90409982,"exit_reason":"exit_signal","initial_stop_loss_abs":2215.43,"initial_stop_loss_ratio":-0.1,"stop_loss_abs":2215.43,"stop_loss_ratio":-0.1,"min_rate":2312.62,"max_rate":2513.38,"is_open":false,"enter_tag":"","leverage":1.0,"is_short":false,"open_timestamp":1747594800000,"close_timestamp":1747638000000,"orders":[{"amount":0.405,"safe_price":2461.58,"ft_order_side":"buy","order_filled_timestamp":1747594800000,"ft_is_entry":true,"ft_order_tag":"","cost":997.43836995},{"amount":0.405,"safe_price":2352.99,"ft_order_side":"sell","order_filled_timestamp":1747638000000,"ft_is_entry":false,"ft_order_tag":"exit_signal","cost":953.4374304749999}],"funding_fees":0.04980060022499999},{"pair":"ETH/USDT:USDT","stake_amount":952.06774,"max_stake_amount":952.06774,"amount":0.398,"open_date":"2025-05-19 07:15:00+00:00","close_date":"2025-05-20 02:45:00+00:00","open_rate":2392.13,"close_rate":2574.9,"fee_open":0.0005,"fee_close":0.0005,"trade_duration":1170,"profit_ratio":0.07508411045449857,"profit_abs":71.52090193,"exit_reason":"exit_signal","initial_stop_loss_abs":2152.92,"initial_stop_loss_ratio":-0.1,"stop_loss_abs":2152.92,"stop_loss_ratio":-0.1,"min_rate":2383.0,"max_rate":2588.0,"is_open":false,"enter_tag":"","leverage":1.0,"is_short":false,"open_timestamp":1747638900000,"close_timestamp":1747709100000,"orders":[{"amount":0.398,"safe_price":2392.13,"ft_order_side":"buy","order_filled_timestamp":1747638900000,"ft_is_entry":true,"ft_order_tag":"","cost":952.54377387},{"amount":0.398,"safe_price":2574.9,"ft_order_side":"sell","order_filled_timestamp":1747709100000,"ft_is_entry":false,"ft_order_tag":"exit_signal","cost":1025.3226051000001}],"funding_fees":-0.2331190967148739},{"pair":"ETH/USDT:USDT","stake_amount":1024.81478,"max_stake_amount":1024.81478,"amount":0.418,"open_date":"2025-05-20 19:00:00+00:00","close_date":"2025-05-21 05:30:00+00:00","open_rate":2451.71,"close_rate":2579.54,"fee_open":0.0005,"fee_close":0.0005,"trade_duration":630,"profit_ratio":0.05104982843890061,"profit_abs":52.34277701,"exit_reason":"exit_signal","initial_stop_loss_abs":2206.54,"initial_stop_loss_ratio":-0.1,"stop_loss_abs":2206.54,"stop_loss_ratio":-0.1,"min_rate":2446.19,"max_rate":2594.25,"is_open":false,"enter_tag":"","leverage":1.0,"is_short":false,"open_timestamp":1747767600000,"close_timestamp":1747805400000,"orders":[{"amount":0.418,"safe_price":2451.71,"ft_order_side":"buy","order_filled_timestamp":1747767600000,"ft_is_entry":true,"ft_order_tag":"","cost":1025.3271873899998},{"amount":0.418,"safe_price":2579.54,"ft_order_side":"sell","order_filled_timestamp":1747805400000,"ft_is_entry":false,"ft_order_tag":"exit_signal","cost":1078.7868438599999}],"funding_fees":-0.038631735727199995},{"pair":"SOL/USDT:USDT","stake_amount":1075.8616,"max_stake_amount":1075.8616,"amount":7.16,"open_date":"2025-06-05 14:00:00+00:00","close_date":"2025-06-05 20:45:00+00:00","open_rate":150.26,"close_rate":142.21,"fee_open":0.0005,"fee_close":0.0005,"trade_duration":405,"profit_ratio":-0.05451369954276089,"profit_abs":-58.67852061,"exit_reason":"exit_signal","initial_stop_loss_abs":135.24,"initial_stop_loss_ratio":-0.1,"stop_loss_abs":135.24,"stop_loss_ratio":-0.1,"min_rate":141.43,"max_rate":151.64,"is_open":false,"enter_tag":"","leverage":1.0,"is_short":false,"open_timestamp":1749132000000,"close_timestamp":1749156300000,"orders":[{"amount":7.16,"safe_price":150.26,"ft_order_side":"buy","order_filled_timestamp":1749132000000,"ft_is_entry":true,"ft_order_tag":"","cost":1076.3995307999999},{"amount":7.16,"safe_price":142.21,"ft_order_side":"sell","order_filled_timestamp":1749156300000,"ft_is_entry":false,"ft_order_tag":"exit_signal","cost":1018.7327118}],"funding_fees":0.006521989584},{"pair":"ETH/USDT:USDT","stake_amount":1017.8517,"max_stake_amount":1017.8517,"amount":0.421,"open_date":"2025-06-05 20:45:00+00:00","close_date":"2025-06-07 08:45:00+00:00","open_rate":2417.7,"close_rate":2485.35,"fee_open":0.0005,"fee_close":0.0005,"trade_duration":2160,"profit_ratio":0.026765274558066814,"profit_abs":27.25670175,"exit_reason":"exit_signal","initial_stop_loss_abs":2175.93,"initial_stop_loss_ratio":-0.1,"stop_loss_abs":2175.93,"stop_loss_ratio":-0.1,"min_rate":2379.62,"max_rate":2529.67,"is_open":false,"enter_tag":"","leverage":1.0,"is_short":false,"open_timestamp":1749156300000,"close_timestamp":1749285900000,"orders":[{"amount":0.421,"safe_price":2417.7,"ft_order_side":"buy","order_filled_timestamp":1749156300000,"ft_is_entry":true,"ft_order_tag":"","cost":1018.3606258499999},{"amount":0.421,"safe_price":2485.35,"ft_order_side":"sell","order_filled_timestamp":1749285900000,"ft_is_entry":false,"ft_order_tag":"exit_signal","cost":1046.8555161749998}],"funding_fees":-0.1918562241011032},{"pair":"SOL/USDT:USDT","stake_amount":1045.6498,"max_stake_amount":1045.6498,"amount":6.94,"open_date":"2025-06-07 15:45:00+00:00","close_date":"2025-06-09 21:15:00+00:00","open_rate":150.67,"close_rate":157.4,"fee_open":0.0005,"fee_close":0.0005,"trade_duration":3210,"profit_ratio":0.04345346399629348,"profit_abs":45.45982449,"exit_reason":"exit_signal","initial_stop_loss_abs":135.61,"initial_stop_loss_ratio":-0.1,"stop_loss_abs":135.61,"stop_loss_ratio":-0.1,"min_rate":147.59,"max_rate":159.56,"is_open":false,"enter_tag":"","leverage":1.0,"is_short":false,"open_timestamp":1749311100000,"close_timestamp":1749503700000,"orders":[{"amount":6.94,"safe_price":150.67,"ft_order_side":"buy","order_filled_timestamp":1749311100000,"ft_is_entry":true,"ft_order_tag":"","cost":1046.1726248999998},{"amount":6.94,"safe_price":157.4,"ft_order_side":"sell","order_filled_timestamp":1749503700000,"ft_is_entry":false,"ft_order_tag":"exit_signal","cost":1092.9021779999998}],"funding_fees":-0.17737261491032963},{"pair":"SOL/USDT:USDT","stake_amount":1089.8756,"max_stake_amount":1089.8756,"amount":7.37,"open_date":"2025-06-13 00:15:00+00:00","close_date":"2025-06-13 01:15:00+00:00","open_rate":147.88,"close_rate":142.87,"fee_open":0.0005,"fee_close":0.0005,"trade_duration":60,"profit_ratio":-0.0348444590255589,"profit_abs":-37.99511375,"exit_reason":"exit_signal","initial_stop_loss_abs":133.1,"initial_stop_loss_ratio":-0.1,"stop_loss_abs":133.1,"stop_loss_ratio":-0.1,"min_rate":142.03,"max_rate":148.47,"is_open":false,"enter_tag":"","leverage":1.0,"is_short":false,"open_timestamp":1749773700000,"close_timestamp":1749777300000,"orders":[{"amount":7.37,"safe_price":147.88,"ft_order_side":"buy","order_filled_timestamp":1749773700000,"ft_is_entry":true,"ft_order_tag":"","cost":1090.4205378},{"amount":7.37,"safe_price":142.87,"ft_order_side":"sell","order_filled_timestamp":1749777300000,"ft_is_entry":false,"ft_order_tag":"exit_signal","cost":1053.4783759499999}],"funding_fees":0.0},{"pair":"SOL/USDT:USDT","stake_amount":1053.1322,"max_stake_amount":1053.1322,"amount":7.27,"open_date":"2025-06-13 07:00:00+00:00","close_date":"2025-06-13 10:15:00+00:00","open_rate":144.86,"close_rate":144.17,"fee_open":0.0005,"fee_close":0.0005,"trade_duration":195,"profit_ratio":-0.005665266756233178,"profit_abs":-5.96925798,"exit_reason":"exit_signal","initial_stop_loss_abs":130.38,"initial_stop_loss_ratio":-0.1,"stop_loss_abs":130.38,"stop_loss_ratio":-0.1,"min_rate":143.55,"max_rate":146.61,"is_open":false,"enter_tag":"","leverage":1.0,"is_short":false,"open_timestamp":1749798000000,"close_timestamp":1749809700000,"orders":[{"amount":7.27,"safe_price":144.86,"ft_order_side":"buy","order_filled_timestamp":1749798000000,"ft_is_entry":true,"ft_order_tag":"","cost":1053.6587660999999},{"amount":7.27,"safe_price":144.17,"ft_order_side":"sell","order_filled_timestamp":1749809700000,"ft_is_entry":false,"ft_order_tag":"exit_signal","cost":1048.6399579499998}],"funding_fees":0.09766607143208211},{"pair":"SOL/USDT:USDT","stake_amount":1046.9,"max_stake_amount":1046.9,"amount":7.25,"open_date":"2025-06-13 10:45:00+00:00","close_date":"2025-06-13 14:30:00+00:00","open_rate":144.4,"close_rate":144.02,"fee_open":0.0005,"fee_close":0.0005,"trade_duration":225,"profit_ratio":-0.0036284489334280226,"profit_abs":-3.8005225,"exit_reason":"exit_signal","initial_stop_loss_abs":129.96,"initial_stop_loss_ratio":-0.1,"stop_loss_abs":129.96,"stop_loss_ratio":-0.1,"min_rate":143.81,"max_rate":146.41,"is_open":false,"enter_tag":"","leverage":1.0,"is_short":false,"open_timestamp":1749811500000,"close_timestamp":1749825000000,"orders":[{"amount":7.25,"safe_price":144.4,"ft_order_side":"buy","order_filled_timestamp":1749811500000,"ft_is_entry":true,"ft_order_tag":"","cost":1047.42345},{"amount":7.25,"safe_price":144.02,"ft_order_side":"sell","order_filled_timestamp":1749825000000,"ft_is_entry":false,"ft_order_tag":"exit_signal","cost":1044.6670725}],"funding_fees":0.0},{"pair":"SOL/USDT:USDT","stake_amount":1042.3924,"max_stake_amount":1042.3924,"amount":7.18,"open_date":"2025-06-13 14:45:00+00:00","close_date":"2025-06-14 15:45:00+00:00","open_rate":145.18,"close_rate":143.93,"fee_open":0.0005,"fee_close":0.0005,"trade_duration":1500,"profit_ratio":-0.009724682434818947,"profit_abs":-10.14200353,"exit_reason":"exit_signal","initial_stop_loss_abs":130.67,"initial_stop_loss_ratio":-0.1,"stop_loss_abs":130.67,"stop_loss_ratio":-0.1,"min_rate":143.71,"max_rate":148.87,"is_open":false,"enter_tag":"","leverage":1.0,"is_short":false,"open_timestamp":1749825900000,"close_timestamp":1749915900000,"orders":[{"amount":7.18,"safe_price":145.18,"ft_order_side":"buy","order_filled_timestamp":1749825900000,"ft_is_entry":true,"ft_order_tag":"","cost":1042.9135961999998},{"amount":7.18,"safe_price":143.93,"ft_order_side":"sell","order_filled_timestamp":1749915900000,"ft_is_entry":false,"ft_order_tag":"exit_signal","cost":1033.9341087}],"funding_fees":-0.129098632262},{"pair":"SOL/USDT:USDT","stake_amount":1032.889,"max_stake_amount":1032.889,"amount":7.15,"open_date":"2025-06-14 16:00:00+00:00","close_date":"2025-06-14 16:30:00+00:00","open_rate":144.46,"close_rate":143.97,"fee_open":0.0005,"fee_close":0.0005,"trade_duration":30,"profit_ratio":-0.004383254756502301,"profit_abs":-4.52967933,"exit_reason":"exit_signal","initial_stop_loss_abs":130.02,"initial_stop_loss_ratio":-0.1,"stop_loss_abs":130.02,"stop_loss_ratio":-0.1,"min_rate":143.52,"max_rate":144.88,"is_open":false,"enter_tag":"","leverage":1.0,"is_short":false,"open_timestamp":1749916800000,"close_timestamp":1749918600000,"orders":[{"amount":7.15,"safe_price":144.46,"ft_order_side":"buy","order_filled_timestamp":1749916800000,"ft_is_entry":true,"ft_order_tag":"","cost":1033.4054445000002},{"amount":7.15,"safe_price":143.97,"ft_order_side":"sell","order_filled_timestamp":1749918600000,"ft_is_entry":false,"ft_order_tag":"exit_signal","cost":1029.90019275}],"funding_fees":0.004957920456060001},{"pair":"SOL/USDT:USDT","stake_amount":1028.2704,"max_stake_amount":1028.2704,"amount":7.12,"open_date":"2025-06-14 18:00:00+00:00","close_date":"2025-06-14 18:30:00+00:00","open_rate":144.42,"close_rate":143.58,"fee_open":0.0005,"fee_close":0.0005,"trade_duration":30,"profit_ratio":-0.006810055711653937,"profit_abs":-7.00608,"exit_reason":"exit_signal","initial_stop_loss_abs":129.98,"initial_stop_loss_ratio":-0.1,"stop_loss_abs":129.98,"stop_loss_ratio":-0.1,"min_rate":143.0,"max_rate":145.08,"is_open":false,"enter_tag":"","leverage":1.0,"is_short":false,"open_timestamp":1749924000000,"close_timestamp":1749925800000,"orders":[{"amount":7.12,"safe_price":144.42,"ft_order_side":"buy","order_filled_timestamp":1749924000000,"ft_is_entry":true,"ft_order_tag":"","cost":1028.7845352},{"amount":7.12,"safe_price":143.58,"ft_order_side":"sell","order_filled_timestamp":1749925800000,"ft_is_entry":false,"ft_order_tag":"exit_signal","cost":1022.8007448}],"funding_fees":0.0},{"pair":"SOL/USDT:USDT","stake_amount":1021.5443,"max_stake_amount":1021.5443,"amount":7.07,"open_date":"2025-06-14 22:00:00+00:00","close_date":"2025-06-14 22:45:00+00:00","open_rate":144.49,"close_rate":143.96,"fee_open":0.0005,"fee_close":0.0005,"trade_duration":45,"profit_ratio":-0.004663907924230147,"profit_abs":-4.76677075,"exit_reason":"exit_signal","initial_stop_loss_abs":130.05,"initial_stop_loss_ratio":-0.1,"stop_loss_abs":130.05,"stop_loss_ratio":-0.1,"min_rate":143.89,"max_rate":144.86,"is_open":false,"enter_tag":"","leverage":1.0,"is_short":false,"open_timestamp":1749938400000,"close_timestamp":1749941100000,"orders":[{"amount":7.07,"safe_price":144.49,"ft_order_side":"buy","order_filled_timestamp":1749938400000,"ft_is_entry":true,"ft_order_tag":"","cost":1022.0550721500001},{"amount":7.07,"safe_price":143.96,"ft_order_side":"sell","order_filled_timestamp":1749941100000,"ft_is_entry":false,"ft_order_tag":"exit_signal","cost":1018.3060986}],"funding_fees":0.0},{"pair":"SOL/USDT:USDT","stake_amount":1016.8576,"max_stake_amount":1016.8576,"amount":7.04,"open_date":"2025-06-14 23:15:00+00:00","close_date":"2025-06-15 10:00:00+00:00","open_rate":144.44,"close_rate":144.28,"fee_open":0.0005,"fee_close":0.0005,"trade_duration":645,"profit_ratio":-0.002142510736839732,"profit_abs":-2.17971764,"exit_reason":"exit_signal","initial_stop_loss_abs":130.0,"initial_stop_loss_ratio":-0.1,"stop_loss_abs":130.0,"stop_loss_ratio":-0.1,"min_rate":144.15,"max_rate":148.06,"is_open":false,"enter_tag":"","leverage":1.0,"is_short":false,"open_timestamp":1749942900000,"close_timestamp":1749981600000,"orders":[{"amount":7.04,"safe_price":144.44,"ft_order_side":"buy","order_filled_timestamp":1749942900000,"ft_is_entry":true,"ft_order_tag":"","cost":1017.3660287999999},{"amount":7.04,"safe_price":144.28,"ft_order_side":"sell","order_filled_timestamp":1749981600000,"ft_is_entry":false,"ft_order_tag":"exit_signal","cost":1016.2390656}],"funding_fees":-0.037023238912},{"pair":"SOL/USDT:USDT","stake_amount":1015.0179,"max_stake_amount":1015.0179,"amount":6.99,"open_date":"2025-06-15 10:15:00+00:00","close_date":"2025-06-16 16:15:00+00:00","open_rate":145.21,"close_rate":157.5,"fee_open":0.0005,"fee_close":0.0005,"trade_duration":1800,"profit_ratio":0.08325485345306878,"profit_abs":84.5474191,"exit_reason":"exit_signal","initial_stop_loss_abs":130.69,"initial_stop_loss_ratio":-0.1,"stop_loss_abs":130.69,"stop_loss_ratio":-0.1,"min_rate":144.59,"max_rate":158.15,"is_open":false,"enter_tag":"","leverage":1.0,"is_short":false,"open_timestamp":1749982500000,"close_timestamp":1750090500000,"orders":[{"amount":6.99,"safe_price":145.21,"ft_order_side":"buy","order_filled_timestamp":1749982500000,"ft_is_entry":true,"ft_order_tag":"","cost":1015.52540895},{"amount":6.99,"safe_price":157.5,"ft_order_side":"sell","order_filled_timestamp":1750090500000,"ft_is_entry":false,"ft_order_tag":"exit_signal","cost":1101.4754624999998}],"funding_fees":-0.30170945147544},{"pair":"SOL/USDT:USDT","stake_amount":1098.3843,"max_stake_amount":1098.3843,"amount":7.29,"open_date":"2025-06-17 00:00:00+00:00","close_date":"2025-06-18 13:30:00+00:00","open_rate":150.67,"close_rate":143.92,"fee_open":0.0005,"fee_close":0.0005,"trade_duration":2250,"profit_ratio":-0.04596526056474509,"profit_abs":-50.51276431,"exit_reason":"exit_signal","initial_stop_loss_abs":135.61,"initial_stop_loss_ratio":-0.1,"stop_loss_abs":135.61,"stop_loss_ratio":-0.1,"min_rate":143.69,"max_rate":154.29,"is_open":false,"enter_tag":"","leverage":1.0,"is_short":false,"open_timestamp":1750118400000,"close_timestamp":1750253400000,"orders":[{"amount":7.29,"safe_price":150.67,"ft_order_side":"buy","order_filled_timestamp":1750118400000,"ft_is_entry":true,"ft_order_tag":"","cost":1098.93349215},{"amount":7.29,"safe_price":143.92,"ft_order_side":"sell","order_filled_timestamp":1750253400000,"ft_is_entry":false,"ft_order_tag":"exit_signal","cost":1049.7013883999998}],"funding_fees":-0.23148375661353418},{"pair":"SUI/USDT:USDT","stake_amount":1048.91115,"max_stake_amount":1048.91115,"amount":385.7,"open_date":"2025-06-18 13:30:00+00:00","close_date":"2025-06-21 14:30:00+00:00","open_rate":2.7195,"close_rate":2.6372,"fee_open":0.0005,"fee_close":0.0005,"trade_duration":4380,"profit_ratio":-0.031788090057914366,"profit_abs":-33.35955354,"exit_reason":"exit_signal","initial_stop_loss_abs":2.4476,"initial_stop_loss_ratio":-0.1,"stop_loss_abs":2.4476,"stop_loss_ratio":-0.1,"min_rate":2.6333,"max_rate":2.887,"is_open":false,"enter_tag":"","leverage":1.0,"is_short":false,"open_timestamp":1750253400000,"close_timestamp":1750516200000,"orders":[{"amount":385.7,"safe_price":2.7195,"ft_order_side":"buy","order_filled_timestamp":1750253400000,"ft_is_entry":true,"ft_order_tag":"","cost":1049.435605575},{"amount":385.7,"safe_price":2.6372,"ft_order_side":"sell","order_filled_timestamp":1750516200000,"ft_is_entry":false,"ft_order_tag":"exit_signal","cost":1017.67662402}],"funding_fees":-0.583403945907217},{"pair":"ETH/USDT:USDT","stake_amount":1015.0896,"max_stake_amount":1015.0896,"amount":0.42,"open_date":"2025-06-21 14:30:00+00:00","close_date":"2025-06-21 21:30:00+00:00","open_rate":2416.88,"close_rate":2338.34,"fee_open":0.0005,"fee_close":0.0005,"trade_duration":420,"profit_ratio":-0.033513662857631146,"profit_abs":-34.03638031,"exit_reason":"exit_signal","initial_stop_loss_abs":2175.2,"initial_stop_loss_ratio":-0.1,"stop_loss_abs":2175.2,"stop_loss_ratio":-0.1,"min_rate":2230.0,"max_rate":2434.3,"is_open":false,"enter_tag":"","leverage":1.0,"is_short":false,"open_timestamp":1750516200000,"close_timestamp":1750541400000,"orders":[{"amount":0.42,"safe_price":2416.88,"ft_order_side":"buy","order_filled_timestamp":1750516200000,"ft_is_entry":true,"ft_order_tag":"","cost":1015.5971447999999},{"amount":0.42,"safe_price":2338.34,"ft_order_side":"sell","order_filled_timestamp":1750541400000,"ft_is_entry":false,"ft_order_tag":"exit_signal","cost":982.5938514}],"funding_fees":-0.05098410649901944},{"pair":"SOL/USDT:USDT","stake_amount":981.066,"max_stake_amount":981.066,"amount":6.78,"open_date":"2025-06-23 23:45:00+00:00","close_date":"2025-06-24 00:15:00+00:00","open_rate":144.7,"close_rate":144.16,"fee_open":0.0005,"fee_close":0.0005,"trade_duration":30,"profit_ratio":-0.004813793073699607,"profit_abs":-4.72501004,"exit_reason":"exit_signal","initial_stop_loss_abs":130.23,"initial_stop_loss_ratio":-0.1,"stop_loss_abs":130.23,"stop_loss_ratio":-0.1,"min_rate":143.46,"max_rate":144.81,"is_open":false,"enter_tag":"","leverage":1.0,"is_short":false,"open_timestamp":1750722300000,"close_timestamp":1750724100000,"orders":[{"amount":6.78,"safe_price":144.7,"ft_order_side":"buy","order_filled_timestamp":1750722300000,"ft_is_entry":true,"ft_order_tag":"","cost":981.5565329999998},{"amount":6.78,"safe_price":144.16,"ft_order_side":"sell","order_filled_timestamp":1750724100000,"ft_is_entry":false,"ft_order_tag":"exit_signal","cost":977.8935024}],"funding_fees":-0.084574640724},{"pair":"ETH/USDT:USDT","stake_amount":976.9781,"max_stake_amount":976.9781,"amount":0.406,"open_date":"2025-06-24 01:15:00+00:00","close_date":"2025-06-25 19:00:00+00:00","open_rate":2406.35,"close_rate":2417.39,"fee_open":0.0005,"fee_close":0.0005,"trade_duration":2505,"profit_ratio":0.0035640956212998447,"profit_abs":3.48378439,"exit_reason":"exit_signal","initial_stop_loss_abs":2165.72,"initial_stop_loss_ratio":-0.1,"stop_loss_abs":2165.72,"stop_loss_ratio":-0.1,"min_rate":2374.9,"max_rate":2481.28,"is_open":false,"enter_tag":"","leverage":1.0,"is_short":false,"open_timestamp":1750727700000,"close_timestamp":1750878000000,"orders":[{"amount":0.406,"safe_price":2406.35,"ft_order_side":"buy","order_filled_timestamp":1750727700000,"ft_is_entry":true,"ft_order_tag":"","cost":977.46658905},{"amount":0.406,"safe_price":2417.39,"ft_order_side":"sell","order_filled_timestamp":1750878000000,"ft_is_entry":false,"ft_order_tag":"exit_signal","cost":981.9510701699999}],"funding_fees":-0.019236389509573525},{"pair":"SUI/USDT:USDT","stake_amount":980.86104,"max_stake_amount":980.86104,"amount":357.6,"open_date":"2025-06-25 19:00:00+00:00","close_date":"2025-06-26 13:00:00+00:00","open_rate":2.7429,"close_rate":2.6234,"fee_open":0.0005,"fee_close":0.0005,"trade_duration":1080,"profit_ratio":-0.04449233371695462,"profit_abs":-43.66261712,"exit_reason":"exit_signal","initial_stop_loss_abs":2.4687,"initial_stop_loss_ratio":-0.1,"stop_loss_abs":2.4687,"stop_loss_ratio":-0.1,"min_rate":2.6187,"max_rate":2.8055,"is_open":false,"enter_tag":"","leverage":1.0,"is_short":false,"open_timestamp":1750878000000,"close_timestamp":1750942800000,"orders":[{"amount":357.6,"safe_price":2.7429,"ft_order_side":"buy","order_filled_timestamp":1750878000000,"ft_is_entry":true,"ft_order_tag":"","cost":981.35147052},{"amount":357.6,"safe_price":2.6234,"ft_order_side":"sell","order_filled_timestamp":1750942800000,"ft_is_entry":false,"ft_order_tag":"exit_signal","cost":938.59690392}],"funding_fees":0.030077318506291206},{"pair":"ETH/USDT:USDT","stake_amount":936.49152,"max_stake_amount":936.49152,"amount":0.384,"open_date":"2025-06-26 13:00:00+00:00","close_date":"2025-06-27 23:00:00+00:00","open_rate":2438.78,"close_rate":2421.3,"fee_open":0.0005,"fee_close":0.0005,"trade_duration":2040,"profit_ratio":-0.008233100568350278,"profit_abs":-7.71408398,"exit_reason":"exit_signal","initial_stop_loss_abs":2194.91,"initial_stop_loss_ratio":-0.1,"stop_loss_abs":2194.91,"stop_loss_ratio":-0.1,"min_rate":2377.0,"max_rate":2463.38,"is_open":false,"enter_tag":"","leverage":1.0,"is_short":false,"open_timestamp":1750942800000,"close_timestamp":1751065200000,"orders":[{"amount":0.384,"safe_price":2438.78,"ft_order_side":"buy","order_filled_timestamp":1750942800000,"ft_is_entry":true,"ft_order_tag":"","cost":936.9597657600001},{"amount":0.384,"safe_price":2421.3,"ft_order_side":"sell","order_filled_timestamp":1751065200000,"ft_is_entry":false,"ft_order_tag":"exit_signal","cost":930.2440896}],"funding_fees":-0.06862862270273978},{"pair":"SUI/USDT:USDT","stake_amount":929.98499,"max_stake_amount":929.98499,"amount":342.7,"open_date":"2025-06-27 23:00:00+00:00","close_date":"2025-06-29 22:30:00+00:00","open_rate":2.7137,"close_rate":2.895,"fee_open":0.0005,"fee_close":0.0005,"trade_duration":2850,"profit_ratio":0.06563892749638285,"profit_abs":61.07373894,"exit_reason":"exit_signal","initial_stop_loss_abs":2.4424,"initial_stop_loss_ratio":-0.1,"stop_loss_abs":2.4424,"stop_loss_ratio":-0.1,"min_rate":2.6785,"max_rate":2.9019,"is_open":false,"enter_tag":"","leverage":1.0,"is_short":false,"open_timestamp":1751065200000,"close_timestamp":1751236200000,"orders":[{"amount":342.7,"safe_price":2.7137,"ft_order_side":"buy","order_filled_timestamp":1751065200000,"ft_is_entry":true,"ft_order_tag":"","cost":930.4499824949999},{"amount":342.7,"safe_price":2.895,"ft_order_side":"sell","order_filled_timestamp":1751236200000,"ft_is_entry":false,"ft_order_tag":"exit_signal","cost":992.6125582499999}],"funding_fees":-0.09672031694945443},{"pair":"SOL/USDT:USDT","stake_amount":989.442,"max_stake_amount":989.442,"amount":6.57,"open_date":"2025-06-30 05:30:00+00:00","close_date":"2025-06-30 14:00:00+00:00","open_rate":150.6,"close_rate":150.82,"fee_open":0.0005,"fee_close":0.0005,"trade_duration":510,"profit_ratio":0.0004598630299723976,"profit_abs":0.4552353,"exit_reason":"force_exit","initial_stop_loss_abs":135.54,"initial_stop_loss_ratio":-0.1,"stop_loss_abs":135.54,"stop_loss_ratio":-0.1,"min_rate":149.36,"max_rate":151.71,"is_open":false,"enter_tag":"","leverage":1.0,"is_short":false,"open_timestamp":1751261400000,"close_timestamp":1751292000000,"orders":[{"amount":6.57,"safe_price":150.6,"ft_order_side":"buy","order_filled_timestamp":1751261400000,"ft_is_entry":true,"ft_order_tag":"","cost":989.9367209999999},{"amount":6.57,"safe_price":150.82,"ft_order_side":"sell","order_filled_timestamp":1751292000000,"ft_is_entry":false,"ft_order_tag":"force_exit","cost":991.3828436999999}],"funding_fees":0.0}],"locks":[],"best_pair":{"key":"ETH/USDT:USDT","trades":8,"profit_mean":0.00984837049767977,"profit_mean_pct":0.98,"profit_sum":0.07878696398143815,"profit_sum_pct":7.88,"profit_total_abs":76.95166640000001,"profit_total":0.07695166640000001,"profit_total_pct":7.7,"duration_avg":"23:22:00","wins":5,"draws":0,"losses":3,"winrate":0.625,"cagr":0.8245134015213584,"expectancy":9.6189583,"expectancy_ratio":0.33301044435892413,"sortino":2.0924166702481526,"sharpe":0.8737227542243605,"calmar":73.41047058395165,"sqn":0.6806,"profit_factor":1.8880278516237983,"max_drawdown_account":0.04450347661167924,"max_drawdown_abs":44.90409982},"worst_pair":{"key":"SOL/USDT:USDT","trades":14,"profit_mean":-0.0035705113557954354,"profit_mean_pct":-0.36,"profit_sum":-0.04998715898113609,"profit_sum_pct":-5.0,"profit_total_abs":-59.842961550000005,"profit_total":-0.059842961550000004,"profit_total_pct":-5.98,"duration_avg":"13:01:00","wins":3,"draws":0,"losses":11,"winrate":0.21428571428571427,"cagr":-0.3937866716429439,"expectancy":-4.274497253571429,"expectancy_ratio":-0.24707370257294425,"sortino":-1.2676982422692287,"sharpe":-0.7362815590992448,"calmar":-28.353128096422854,"sqn":-0.4466,"profit_factor":0.6855425603617074,"max_drawdown_account":0.08960784160000003,"max_drawdown_abs":89.6078416},"results_per_pair":[{"key":"ETH/USDT:USDT","trades":8,"profit_mean":0.00984837049767977,"profit_mean_pct":0.98,"profit_sum":0.07878696398143815,"profit_sum_pct":7.88,"profit_total_abs":76.95166640000001,"profit_total":0.07695166640000001,"profit_total_pct":7.7,"duration_avg":"23:22:00","wins":5,"draws":0,"losses":3,"winrate":0.625,"cagr":0.8245134015213584,"expectancy":9.6189583,"expectancy_ratio":0.33301044435892413,"sortino":2.0924166702481526,"sharpe":0.8737227542243605,"calmar":73.41047058395165,"sqn":0.6806,"profit_factor":1.8880278516237983,"max_drawdown_account":0.04450347661167924,"max_drawdown_abs":44.90409982},{"key":"SUI/USDT:USDT","trades":3,"profit_mean":-0.003547165426162046,"profit_mean_pct":-0.35,"profit_sum":-0.010641496278486137,"profit_sum_pct":-1.06,"profit_total_abs":-15.948431720000002,"profit_total":-0.015948431720000003,"profit_total_pct":-1.59,"duration_avg":"1 day, 22:10:00","wins":1,"draws":0,"losses":2,"winrate":0.3333333333333333,"cagr":-0.1222576178765622,"expectancy":-5.316143906666667,"expectancy_ratio":-0.13804191341565253,"sortino":-1.3143635830936142,"sharpe":-0.14365763028388776,"calmar":-8.790956842562004,"sqn":-0.1595,"profit_factor":0.7929371298765212,"max_drawdown_account":0.07702217066000003,"max_drawdown_abs":77.02217066},{"key":"SOL/USDT:USDT","trades":14,"profit_mean":-0.0035705113557954354,"profit_mean_pct":-0.36,"profit_sum":-0.04998715898113609,"profit_sum_pct":-5.0,"profit_total_abs":-59.842961550000005,"profit_total":-0.059842961550000004,"profit_total_pct":-5.98,"duration_avg":"13:01:00","wins":3,"draws":0,"losses":11,"winrate":0.21428571428571427,"cagr":-0.3937866716429439,"expectancy":-4.274497253571429,"expectancy_ratio":-0.24707370257294425,"sortino":-1.2676982422692287,"sharpe":-0.7362815590992448,"calmar":-28.353128096422854,"sqn":-0.4466,"profit_factor":0.6855425603617074,"max_drawdown_account":0.08960784160000003,"max_drawdown_abs":89.6078416},{"key":"TOTAL","trades":25,"profit_mean":0.0007263323488726373,"profit_mean_pct":0.07,"profit_sum":0.01815830872181593,"profit_sum_pct":1.82,"profit_total_abs":1.1602731299999949,"profit_total":0.0011602731299999948,"profit_total_pct":0.12,"duration_avg":"20:19:00","wins":9,"draws":0,"losses":16,"winrate":0.36,"cagr":0.009450020891954347,"expectancy":0.04641092520000001,"expectancy_ratio":0.0020977745638166567,"sortino":0.02516069761400334,"sharpe":0.013053784895130972,"calmar":0.3206909615593363,"sqn":0.006,"profit_factor":1.0032777727559634,"max_drawdown_account":0.15360573595358226,"max_drawdown_abs":170.52662491}],"results_per_enter_tag":[{"key":"","trades":25,"profit_mean":0.0007263323488726373,"profit_mean_pct":0.07,"profit_sum":0.01815830872181593,"profit_sum_pct":1.82,"profit_total_abs":1.1602731299999949,"profit_total":0.0011602731299999948,"profit_total_pct":0.12,"duration_avg":"20:19:00","wins":9,"draws":0,"losses":16,"winrate":0.36,"cagr":0.009450020891954347,"expectancy":0.04641092520000001,"expectancy_ratio":0.0020977745638166567,"sortino":0.02516069761400334,"sharpe":0.013053784895130972,"calmar":0.3206909615593363,"sqn":0.006,"profit_factor":1.0032777727559634,"max_drawdown_account":0.15360573595358226,"max_drawdown_abs":170.52662491},{"key":"TOTAL","trades":25,"profit_mean":0.0007263323488726373,"profit_mean_pct":0.07,"profit_sum":0.01815830872181593,"profit_sum_pct":1.82,"profit_total_abs":1.1602731299999949,"profit_total":0.0011602731299999948,"profit_total_pct":0.12,"duration_avg":"20:19:00","wins":9,"draws":0,"losses":16,"winrate":0.36,"cagr":0.009450020891954347,"expectancy":0.04641092520000001,"expectancy_ratio":0.0020977745638166567,"sortino":0.02516069761400334,"sharpe":0.013053784895130972,"calmar":0.3206909615593363,"sqn":0.006,"profit_factor":1.0032777727559634,"max_drawdown_account":0.15360573595358226,"max_drawdown_abs":170.52662491}],"exit_reason_summary":[{"key":"exit_signal","trades":24,"profit_mean":0.0007374352371601473,"profit_mean_pct":0.07,"profit_sum":0.017698445691843534,"profit_sum_pct":1.77,"profit_total_abs":0.7050378299999949,"profit_total":0.0007050378299999949,"profit_total_pct":0.07,"duration_avg":"20:48:00","wins":8,"draws":0,"losses":16,"winrate":0.3333333333333333,"cagr":0.0057329962775964916,"expectancy":0.029376576249999786,"expectancy_ratio":0.0013278217179188978,"sortino":0.015288851554342956,"sharpe":0.0077718662147749605,"calmar":0.19486727201758713,"sqn":0.0037,"profit_factor":1.0019917325768783,"max_drawdown_account":0.15360573595358226,"max_drawdown_abs":170.52662491},{"key":"force_exit","trades":1,"profit_mean":0.0004598630299723976,"profit_mean_pct":0.05,"profit_sum":0.0004598630299723976,"profit_sum_pct":0.05,"profit_total_abs":0.4552353,"profit_total":0.0004552353,"profit_total_pct":0.05,"duration_avg":"8:30:00","wins":1,"draws":0,"losses":0,"winrate":1.0,"cagr":0.0036984463211466867,"expectancy":0.4552353,"expectancy_ratio":100.0,"sortino":-100,"sharpe":-100,"calmar":-100,"sqn":-100.0,"profit_factor":0.0,"max_drawdown_account":0.0,"max_drawdown_abs":0.0},{"key":"TOTAL","trades":25,"profit_mean":0.0007263323488726373,"profit_mean_pct":0.07,"profit_sum":0.01815830872181593,"profit_sum_pct":1.82,"profit_total_abs":1.1602731299999949,"profit_total":0.0011602731299999948,"profit_total_pct":0.12,"duration_avg":"20:19:00","wins":9,"draws":0,"losses":16,"winrate":0.36,"cagr":0.009450020891954347,"expectancy":0.04641092520000001,"expectancy_ratio":0.0020977745638166567,"sortino":0.02516069761400334,"sharpe":0.013053784895130972,"calmar":0.3206909615593363,"sqn":0.006,"profit_factor":1.0032777727559634,"max_drawdown_account":0.15360573595358226,"max_drawdown_abs":170.52662491}],"mix_tag_stats":[{"key":["","exit_signal"],"trades":24,"profit_mean":0.0007374352371601473,"profit_mean_pct":0.07,"profit_sum":0.017698445691843534,"profit_sum_pct":1.77,"profit_total_abs":0.7050378299999949,"profit_total":0.0007050378299999949,"profit_total_pct":0.07,"duration_avg":"20:48:00","wins":8,"draws":0,"losses":16,"winrate":0.3333333333333333,"cagr":0.0057329962775964916,"expectancy":0.029376576249999786,"expectancy_ratio":0.0013278217179188978,"sortino":0.015288851554342956,"sharpe":0.0077718662147749605,"calmar":0.19486727201758713,"sqn":0.0037,"profit_factor":1.0019917325768783,"max_drawdown_account":0.15360573595358226,"max_drawdown_abs":170.52662491},{"key":["","force_exit"],"trades":1,"profit_mean":0.0004598630299723976,"profit_mean_pct":0.05,"profit_sum":0.0004598630299723976,"profit_sum_pct":0.05,"profit_total_abs":0.4552353,"profit_total":0.0004552353,"profit_total_pct":0.05,"duration_avg":"8:30:00","wins":1,"draws":0,"losses":0,"winrate":1.0,"cagr":0.0036984463211466867,"expectancy":0.4552353,"expectancy_ratio":100.0,"sortino":-100,"sharpe":-100,"calmar":-100,"sqn":-100.0,"profit_factor":0.0,"max_drawdown_account":0.0,"max_drawdown_abs":0.0},{"key":"TOTAL","trades":25,"profit_mean":0.0007263323488726373,"profit_mean_pct":0.07,"profit_sum":0.01815830872181593,"profit_sum_pct":1.82,"profit_total_abs":1.1602731299999949,"profit_total":0.0011602731299999948,"profit_total_pct":0.12,"duration_avg":"20:19:00","wins":9,"draws":0,"losses":16,"winrate":0.36,"cagr":0.009450020891954347,"expectancy":0.04641092520000001,"expectancy_ratio":0.0020977745638166567,"sortino":0.02516069761400334,"sharpe":0.013053784895130972,"calmar":0.3206909615593363,"sqn":0.006,"profit_factor":1.0032777727559634,"max_drawdown_account":0.15360573595358226,"max_drawdown_abs":170.52662491}],"left_open_trades":[{"key":"SOL/USDT:USDT","trades":1,"profit_mean":0.0004598630299723976,"profit_mean_pct":0.05,"profit_sum":0.0004598630299723976,"profit_sum_pct":0.05,"profit_total_abs":0.4552353,"profit_total":0.0004552353,"profit_total_pct":0.05,"duration_avg":"8:30:00","wins":1,"draws":0,"losses":0,"winrate":1.0,"cagr":0.0036984463211466867,"expectancy":0.4552353,"expectancy_ratio":100.0,"sortino":-100,"sharpe":-100,"calmar":-100,"sqn":-100.0,"profit_factor":0.0,"max_drawdown_account":0.0,"max_drawdown_abs":0.0},{"key":"TOTAL","trades":1,"profit_mean":0.0004598630299723976,"profit_mean_pct":0.05,"profit_sum":0.0004598630299723976,"profit_sum_pct":0.05,"profit_total_abs":0.4552353,"profit_total":0.0004552353,"profit_total_pct":0.05,"duration_avg":"8:30:00","wins":1,"draws":0,"losses":0,"winrate":1.0,"cagr":0.0036984463211466867,"expectancy":0.4552353,"expectancy_ratio":100.0,"sortino":-100,"sharpe":-100,"calmar":-100,"sqn":-100.0,"profit_factor":0.0,"max_drawdown_account":0.0,"max_drawdown_abs":0.0}],"total_trades":25,"trade_count_long":25,"trade_count_short":0,"total_volume":50868.360379455,"avg_stake_amount":1016.2848887999999,"profit_mean":0.0007263323488726373,"profit_median":-0.004663907924230147,"profit_total":0.0011602731299999948,"profit_total_long":0.0011602731299999948,"profit_total_short":0.0,"profit_total_abs":1.1602731299999949,"profit_total_long_abs":1.1602731299999949,"profit_total_short_abs":0.0,"cagr":0.009450020891954347,"expectancy":0.04641092520000001,"expectancy_ratio":0.0020977745638166567,"sortino":0.02516069761400334,"sharpe":0.013053784895130972,"calmar":0.3206909615593363,"sqn":0.006,"profit_factor":1.0032777727559634,"backtest_start":"2025-05-16 00:00:00","backtest_start_ts":1747353600000,"backtest_end":"2025-06-30 14:00:00","backtest_end_ts":1751292000000,"backtest_days":45,"backtest_run_start_ts":1751294305,"backtest_run_end_ts":1751294305,"trades_per_day":0.56,"market_change":-0.14757316878033763,"pairlist":["SOL/USDT:USDT","ETH/USDT:USDT","SUI/USDT:USDT"],"stake_amount":"unlimited","stake_currency":"USDT","stake_currency_decimals":3,"starting_balance":1000,"dry_run_wallet":1000,"final_balance":1001.16027313,"rejected_signals":907,"timedout_entry_orders":0,"timedout_exit_orders":0,"canceled_trade_entries":0,"canceled_entry_orders":0,"replaced_entry_orders":0,"max_open_trades":1,"max_open_trades_setting":1,"timeframe":"15m","timeframe_detail":"","timerange":"","enable_protections":false,"strategy_name":"GridBotSample","stoploss":-0.1,"trailing_stop":false,"trailing_stop_positive":null,"trailing_stop_positive_offset":0.0,"trailing_only_offset_is_reached":false,"use_custom_stoploss":false,"minimal_roi":{},"use_exit_signal":true,"exit_profit_only":false,"exit_profit_offset":0.0,"ignore_roi_if_entry_signal":false,"trading_mode":"futures","margin_mode":"isolated","periodic_breakdown":{"day":[{"date":"18/05/2025","date_ts":1747526400000,"profit_abs":9.00206543,"wins":1,"draws":0,"losses":0,"trades":1,"profit_factor":0.0},{"date":"19/05/2025","date_ts":1747612800000,"profit_abs":-44.90409982,"wins":0,"draws":0,"losses":1,"trades":1,"profit_factor":0.0},{"date":"20/05/2025","date_ts":1747699200000,"profit_abs":71.52090193,"wins":1,"draws":0,"losses":0,"trades":1,"profit_factor":0.0},{"date":"21/05/2025","date_ts":1747785600000,"profit_abs":52.34277701,"wins":1,"draws":0,"losses":0,"trades":1,"profit_factor":0.0},{"date":"22/05/2025","date_ts":1747872000000,"profit_abs":0.0,"wins":0,"draws":0,"losses":0,"trades":0,"profit_factor":0.0},{"date":"23/05/2025","date_ts":1747958400000,"profit_abs":0.0,"wins":0,"draws":0,"losses":0,"trades":0,"profit_factor":0.0},{"date":"24/05/2025","date_ts":1748044800000,"profit_abs":0.0,"wins":0,"draws":0,"losses":0,"trades":0,"profit_factor":0.0},{"date":"25/05/2025","date_ts":1748131200000,"profit_abs":0.0,"wins":0,"draws":0,"losses":0,"trades":0,"profit_factor":0.0},{"date":"26/05/2025","date_ts":1748217600000,"profit_abs":0.0,"wins":0,"draws":0,"losses":0,"trades":0,"profit_factor":0.0},{"date":"27/05/2025","date_ts":1748304000000,"profit_abs":0.0,"wins":0,"draws":0,"losses":0,"trades":0,"profit_factor":0.0},{"date":"28/05/2025","date_ts":1748390400000,"profit_abs":0.0,"wins":0,"draws":0,"losses":0,"trades":0,"profit_factor":0.0},{"date":"29/05/2025","date_ts":1748476800000,"profit_abs":0.0,"wins":0,"draws":0,"losses":0,"trades":0,"profit_factor":0.0},{"date":"30/05/2025","date_ts":1748563200000,"profit_abs":0.0,"wins":0,"draws":0,"losses":0,"trades":0,"profit_factor":0.0},{"date":"31/05/2025","date_ts":1748649600000,"profit_abs":0.0,"wins":0,"draws":0,"losses":0,"trades":0,"profit_factor":0.0},{"date":"01/06/2025","date_ts":1748736000000,"profit_abs":0.0,"wins":0,"draws":0,"losses":0,"trades":0,"profit_factor":0.0},{"date":"02/06/2025","date_ts":1748822400000,"profit_abs":0.0,"wins":0,"draws":0,"losses":0,"trades":0,"profit_factor":0.0},{"date":"03/06/2025","date_ts":1748908800000,"profit_abs":0.0,"wins":0,"draws":0,"losses":0,"trades":0,"profit_factor":0.0},{"date":"04/06/2025","date_ts":1748995200000,"profit_abs":0.0,"wins":0,"draws":0,"losses":0,"trades":0,"profit_factor":0.0},{"date":"05/06/2025","date_ts":1749081600000,"profit_abs":-58.67852061,"wins":0,"draws":0,"losses":1,"trades":1,"profit_factor":0.0},{"date":"06/06/2025","date_ts":1749168000000,"profit_abs":0.0,"wins":0,"draws":0,"losses":0,"trades":0,"profit_factor":0.0},{"date":"07/06/2025","date_ts":1749254400000,"profit_abs":27.25670175,"wins":1,"draws":0,"losses":0,"trades":1,"profit_factor":0.0},{"date":"08/06/2025","date_ts":1749340800000,"profit_abs":0.0,"wins":0,"draws":0,"losses":0,"trades":0,"profit_factor":0.0},{"date":"09/06/2025","date_ts":1749427200000,"profit_abs":45.45982449,"wins":1,"draws":0,"losses":0,"trades":1,"profit_factor":0.0},{"date":"10/06/2025","date_ts":1749513600000,"profit_abs":0.0,"wins":0,"draws":0,"losses":0,"trades":0,"profit_factor":0.0},{"date":"11/06/2025","date_ts":1749600000000,"profit_abs":0.0,"wins":0,"draws":0,"losses":0,"trades":0,"profit_factor":0.0},{"date":"12/06/2025","date_ts":1749686400000,"profit_abs":0.0,"wins":0,"draws":0,"losses":0,"trades":0,"profit_factor":0.0},{"date":"13/06/2025","date_ts":1749772800000,"profit_abs":-47.76489423,"wins":0,"draws":0,"losses":3,"trades":3,"profit_factor":0.0},{"date":"14/06/2025","date_ts":1749859200000,"profit_abs":-26.44453361,"wins":0,"draws":0,"losses":4,"trades":4,"profit_factor":0.0},{"date":"15/06/2025","date_ts":1749945600000,"profit_abs":-2.17971764,"wins":0,"draws":0,"losses":1,"trades":1,"profit_factor":0.0},{"date":"16/06/2025","date_ts":1750032000000,"profit_abs":84.5474191,"wins":1,"draws":0,"losses":0,"trades":1,"profit_factor":0.0},{"date":"17/06/2025","date_ts":1750118400000,"profit_abs":0.0,"wins":0,"draws":0,"losses":0,"trades":0,"profit_factor":0.0},{"date":"18/06/2025","date_ts":1750204800000,"profit_abs":-50.51276431,"wins":0,"draws":0,"losses":1,"trades":1,"profit_factor":0.0},{"date":"19/06/2025","date_ts":1750291200000,"profit_abs":0.0,"wins":0,"draws":0,"losses":0,"trades":0,"profit_factor":0.0},{"date":"20/06/2025","date_ts":1750377600000,"profit_abs":0.0,"wins":0,"draws":0,"losses":0,"trades":0,"profit_factor":0.0},{"date":"21/06/2025","date_ts":1750464000000,"profit_abs":-67.39593385,"wins":0,"draws":0,"losses":2,"trades":2,"profit_factor":0.0},{"date":"22/06/2025","date_ts":1750550400000,"profit_abs":0.0,"wins":0,"draws":0,"losses":0,"trades":0,"profit_factor":0.0},{"date":"23/06/2025","date_ts":1750636800000,"profit_abs":0.0,"wins":0,"draws":0,"losses":0,"trades":0,"profit_factor":0.0},{"date":"24/06/2025","date_ts":1750723200000,"profit_abs":-4.72501004,"wins":0,"draws":0,"losses":1,"trades":1,"profit_factor":0.0},{"date":"25/06/2025","date_ts":1750809600000,"profit_abs":3.48378439,"wins":1,"draws":0,"losses":0,"trades":1,"profit_factor":0.0},{"date":"26/06/2025","date_ts":1750896000000,"profit_abs":-43.66261712,"wins":0,"draws":0,"losses":1,"trades":1,"profit_factor":0.0},{"date":"27/06/2025","date_ts":1750982400000,"profit_abs":-7.71408398,"wins":0,"draws":0,"losses":1,"trades":1,"profit_factor":0.0},{"date":"28/06/2025","date_ts":1751068800000,"profit_abs":0.0,"wins":0,"draws":0,"losses":0,"trades":0,"profit_factor":0.0},{"date":"29/06/2025","date_ts":1751155200000,"profit_abs":61.07373894,"wins":1,"draws":0,"losses":0,"trades":1,"profit_factor":0.0},{"date":"30/06/2025","date_ts":1751241600000,"profit_abs":0.4552353,"wins":1,"draws":0,"losses":0,"trades":1,"profit_factor":0.0}],"week":[{"date":"19/05/2025","date_ts":1747612800000,"profit_abs":-35.90203439,"wins":1,"draws":0,"losses":1,"trades":2,"profit_factor":0.20047313},{"date":"26/05/2025","date_ts":1748217600000,"profit_abs":123.86367894,"wins":2,"draws":0,"losses":0,"trades":2,"profit_factor":0.0},{"date":"02/06/2025","date_ts":1748822400000,"profit_abs":0.0,"wins":0,"draws":0,"losses":0,"trades":0,"profit_factor":0.0},{"date":"09/06/2025","date_ts":1749427200000,"profit_abs":14.03800563,"wins":2,"draws":0,"losses":1,"trades":3,"profit_factor":1.23923585},{"date":"16/06/2025","date_ts":1750032000000,"profit_abs":8.15827362,"wins":1,"draws":0,"losses":8,"trades":9,"profit_factor":1.10679886},{"date":"23/06/2025","date_ts":1750636800000,"profit_abs":-117.90869816,"wins":0,"draws":0,"losses":3,"trades":3,"profit_factor":0.0},{"date":"30/06/2025","date_ts":1751241600000,"profit_abs":8.91104749,"wins":3,"draws":0,"losses":3,"trades":6,"profit_factor":1.15883736}],"month":[{"date":"31/05/2025","date_ts":1748649600000,"profit_abs":87.96164455,"wins":3,"draws":0,"losses":1,"trades":4,"profit_factor":2.95887781},{"date":"30/06/2025","date_ts":1751241600000,"profit_abs":-86.80137142,"wins":6,"draws":0,"losses":15,"trades":21,"profit_factor":0.71916037}],"year":[{"date":"31/12/2025","date_ts":1767139200000,"profit_abs":1.16027313,"wins":9,"draws":0,"losses":16,"trades":25,"profit_factor":1.00327777}]},"backtest_best_day":0.08325485345306878,"backtest_worst_day":-0.06530175291554552,"backtest_best_day_abs":84.5474191,"backtest_worst_day_abs":-67.39593385,"winning_days":9,"draw_days":25,"losing_days":10,"daily_profit":[["2025-05-18",9.00206543],["2025-05-19",-44.90409982],["2025-05-20",71.52090193],["2025-05-21",52.34277701],["2025-05-22",0.0],["2025-05-23",0.0],["2025-05-24",0.0],["2025-05-25",0.0],["2025-05-26",0.0],["2025-05-27",0.0],["2025-05-28",0.0],["2025-05-29",0.0],["2025-05-30",0.0],["2025-05-31",0.0],["2025-06-01",0.0],["2025-06-02",0.0],["2025-06-03",0.0],["2025-06-04",0.0],["2025-06-05",-58.67852061],["2025-06-06",0.0],["2025-06-07",27.25670175],["2025-06-08",0.0],["2025-06-09",45.45982449],["2025-06-10",0.0],["2025-06-11",0.0],["2025-06-12",0.0],["2025-06-13",-47.76489423],["2025-06-14",-26.44453361],["2025-06-15",-2.17971764],["2025-06-16",84.5474191],["2025-06-17",0.0],["2025-06-18",-50.51276431],["2025-06-19",0.0],["2025-06-20",0.0],["2025-06-21",-67.39593385],["2025-06-22",0.0],["2025-06-23",0.0],["2025-06-24",-4.72501004],["2025-06-25",3.48378439],["2025-06-26",-43.66261712],["2025-06-27",-7.71408398],["2025-06-28",0.0],["2025-06-29",61.07373894],["2025-06-30",0.4552353]],"wins":9,"losses":16,"draws":0,"winrate":0.36,"holding_avg":"20:19:00","holding_avg_s":73140.0,"winner_holding_min":"0d 08:30","winner_holding_min_s":30600.0,"winner_holding_max":"2d 05:30","winner_holding_max_s":192600.0,"winner_holding_avg":"1d 06:23","winner_holding_avg_s":109380.0,"loser_holding_min":"0d 00:30","loser_holding_min_s":1800.0,"loser_holding_max":"3d 01:00","loser_holding_max_s":262800.0,"loser_holding_avg":"0d 14:38","loser_holding_avg_s":52680.0,"max_consecutive_wins":2,"max_consecutive_losses":8,"max_drawdown_account":0.15360573595358226,"max_relative_drawdown":0.15360573595358226,"max_drawdown_abs":170.52662491,"drawdown_start":"2025-06-16 16:15:00","drawdown_start_ts":1750090500000.0,"drawdown_end":"2025-06-27 23:00:00","drawdown_end_ts":1751065200000.0,"max_drawdown_low":-60.36870111,"max_drawdown_high":110.15792379999999,"csum_min":939.63129889,"csum_max":1110.1579238}},"strategy_comparison":[{"key":"GridBotSample","trades":25,"profit_mean":0.0007263323488726373,"profit_mean_pct":0.07,"profit_sum":0.01815830872181593,"profit_sum_pct":1.82,"profit_total_abs":1.1602731299999949,"profit_total":0.0011602731299999948,"profit_total_pct":0.12,"duration_avg":"20:19:00","wins":9,"draws":0,"losses":16,"winrate":0.36,"cagr":0.009450020891954347,"expectancy":0.04641092520000001,"expectancy_ratio":0.0020977745638166567,"sortino":0.02516069761400334,"sharpe":0.013053784895130972,"calmar":0.3206909615593363,"sqn":0.006,"profit_factor":1.0032777727559634,"max_drawdown_account":0.15360573595358226,"max_drawdown_abs":"170.527"}]}