{"strategy":{"SimpleGrid":{"trades":[{"pair":"ETH/USDT:USDT","stake_amount":989.52282,"max_stake_amount":989.52282,"amount":0.407,"open_date":"2025-05-18 19:45:00+00:00","close_date":"2025-05-20 02:15:00+00:00","open_rate":2431.26,"close_rate":2560.3,"fee_open":0.0005,"fee_close":0.0005,"trade_duration":1830,"profit_ratio":0.051832567828660255,"profit_abs":51.31515344,"exit_reason":"exit_signal","initial_stop_loss_abs":2188.14,"initial_stop_loss_ratio":-0.1,"stop_loss_abs":2188.14,"stop_loss_ratio":-0.1,"min_rate":2312.62,"max_rate":2582.55,"is_open":false,"enter_tag":"","leverage":1.0,"is_short":false,"open_timestamp":1747597500000,"close_timestamp":1747707300000,"orders":[{"amount":0.407,"safe_price":2431.26,"ft_order_side":"buy","order_filled_timestamp":1747597500000,"ft_is_entry":true,"ft_order_tag":"","cost":990.0175814099999},{"amount":0.407,"safe_price":2560.3,"ft_order_side":"sell","order_filled_timestamp":1747707300000,"ft_is_entry":false,"ft_order_tag":"exit_signal","cost":1042.5631210499998}],"funding_fees":-0.18834410496277304},{"pair":"SOL/USDT:USDT","stake_amount":1039.5551,"max_stake_amount":1039.5551,"amount":7.31,"open_date":"2025-06-05 20:45:00+00:00","close_date":"2025-06-06 12:15:00+00:00","open_rate":142.21,"close_rate":149.66,"fee_open":0.0005,"fee_close":0.0005,"trade_duration":930,"profit_ratio":0.05151897531283659,"profit_abs":53.58359194,"exit_reason":"exit_signal","initial_stop_loss_abs":127.99,"initial_stop_loss_ratio":-0.1,"stop_loss_abs":127.99,"stop_loss_ratio":-0.1,"min_rate":141.43,"max_rate":150.59,"is_open":false,"enter_tag":"","leverage":1.0,"is_short":false,"open_timestamp":1749156300000,"close_timestamp":1749212100000,"orders":[{"amount":7.31,"safe_price":142.21,"ft_order_side":"buy","order_filled_timestamp":1749156300000,"ft_is_entry":true,"ft_order_tag":"","cost":1040.0748775499999},{"amount":7.31,"safe_price":149.66,"ft_order_side":"sell","order_filled_timestamp":1749212100000,"ft_is_entry":false,"ft_order_tag":"exit_signal","cost":1094.5616072999999}],"funding_fees":0.19087679189874124},{"pair":"SOL/USDT:USDT","stake_amount":1093.2352,"max_stake_amount":1093.2352,"amount":7.66,"open_date":"2025-06-13 06:30:00+00:00","close_date":"2025-06-15 15:00:00+00:00","open_rate":142.72,"close_rate":151.84,"fee_open":0.0005,"fee_close":0.0005,"trade_duration":3390,"profit_ratio":0.06277416395589569,"profit_abs":68.66123915,"exit_reason":"exit_signal","initial_stop_loss_abs":128.45,"initial_stop_loss_ratio":-0.1,"stop_loss_abs":128.45,"stop_loss_ratio":-0.1,"min_rate":141.87,"max_rate":152.63,"is_open":false,"enter_tag":"","leverage":1.0,"is_short":false,"open_timestamp":1749796200000,"close_timestamp":1749999600000,"orders":[{"amount":7.66,"safe_price":142.72,"ft_order_side":"buy","order_filled_timestamp":1749796200000,"ft_is_entry":true,"ft_order_tag":"","cost":1093.7818176},{"amount":7.66,"safe_price":151.84,"ft_order_side":"sell","order_filled_timestamp":1749999600000,"ft_is_entry":false,"ft_order_tag":"exit_signal","cost":1163.6759471999999}],"funding_fees":-0.06979604815419561},{"pair":"SOL/USDT:USDT","stake_amount":1160.7201,"max_stake_amount":1160.7201,"amount":8.13,"open_date":"2025-06-20 16:00:00+00:00","close_date":"2025-06-21 21:30:00+00:00","open_rate":142.77,"close_rate":135.22,"fee_open":0.0005,"fee_close":0.0005,"trade_duration":1770,"profit_ratio":-0.05374506705810892,"profit_abs":-62.4141711,"exit_reason":"exit_signal","initial_stop_loss_abs":128.5,"initial_stop_loss_ratio":-0.1,"stop_loss_abs":128.5,"stop_loss_ratio":-0.1,"min_rate":130.46,"max_rate":142.92,"is_open":false,"enter_tag":"","leverage":1.0,"is_short":false,"open_timestamp":1750435200000,"close_timestamp":1750541400000,"orders":[{"amount":8.13,"safe_price":142.77,"ft_order_side":"buy","order_filled_timestamp":1750435200000,"ft_is_entry":true,"ft_order_tag":"","cost":1161.30046005},{"amount":8.13,"safe_price":135.22,"ft_order_side":"sell","order_filled_timestamp":1750541400000,"ft_is_entry":false,"ft_order_tag":"exit_signal","cost":1099.8882693}],"funding_fees":0.09735825161100004},{"pair":"ETH/USDT:USDT","stake_amount":1099.0198,"max_stake_amount":1099.0198,"amount":0.47,"open_date":"2025-06-21 21:30:00+00:00","close_date":"2025-06-21 21:45:00+00:00","open_rate":2338.34,"close_rate":2297.51,"fee_open":0.0005,"fee_close":0.0005,"trade_duration":15,"profit_ratio":-0.018443152757550423,"profit_abs":-20.27952475,"exit_reason":"exit_signal","initial_stop_loss_abs":2104.51,"initial_stop_loss_ratio":-0.1,"stop_loss_abs":2104.51,"stop_loss_ratio":-0.1,"min_rate":2230.0,"max_rate":2338.68,"is_open":false,"enter_tag":"","leverage":1.0,"is_short":false,"open_timestamp":1750541400000,"close_timestamp":1750542300000,"orders":[{"amount":0.47,"safe_price":2338.34,"ft_order_side":"buy","order_filled_timestamp":1750541400000,"ft_is_entry":true,"ft_order_tag":"","cost":1099.5693099},{"amount":0.47,"safe_price":2297.51,"ft_order_side":"sell","order_filled_timestamp":1750542300000,"ft_is_entry":false,"ft_order_tag":"exit_signal","cost":1080.3696148499998}],"funding_fees":0.0},{"pair":"SUI/USDT:USDT","stake_amount":1079.85555,"max_stake_amount":1079.85555,"amount":418.5,"open_date":"2025-06-22 05:15:00+00:00","close_date":"2025-06-22 12:45:00+00:00","open_rate":2.5803,"close_rate":2.5113,"fee_open":0.0005,"fee_close":0.0005,"trade_duration":450,"profit_ratio":-0.027752195244049552,"profit_abs":-29.98334624,"exit_reason":"exit_signal","initial_stop_loss_abs":2.3223,"initial_stop_loss_ratio":-0.1,"stop_loss_abs":2.3223,"stop_loss_ratio":-0.1,"min_rate":2.5036,"max_rate":2.5998,"is_open":false,"enter_tag":"","leverage":1.0,"is_short":false,"open_timestamp":1750569300000,"close_timestamp":1750596300000,"orders":[{"amount":418.5,"safe_price":2.5803,"ft_order_side":"buy","order_filled_timestamp":1750569300000,"ft_is_entry":true,"ft_order_tag":"","cost":1080.395477775},{"amount":418.5,"safe_price":2.5113,"ft_order_side":"sell","order_filled_timestamp":1750596300000,"ft_is_entry":false,"ft_order_tag":"exit_signal","cost":1051.504539525}],"funding_fees":-0.04142893878},{"pair":"SUI/USDT:USDT","stake_amount":1050.18628,"max_stake_amount":1050.18628,"amount":414.7,"open_date":"2025-06-22 13:00:00+00:00","close_date":"2025-06-22 13:15:00+00:00","open_rate":2.5324,"close_rate":2.513,"fee_open":0.0005,"fee_close":0.0005,"trade_duration":15,"profit_ratio":-0.008652560467515414,"profit_abs":-9.09134369,"exit_reason":"exit_signal","initial_stop_loss_abs":2.2792,"initial_stop_loss_ratio":-0.1,"stop_loss_abs":2.2792,"stop_loss_ratio":-0.1,"min_rate":2.4137,"max_rate":2.5437,"is_open":false,"enter_tag":"","leverage":1.0,"is_short":false,"open_timestamp":1750597200000,"close_timestamp":1750598100000,"orders":[{"amount":414.7,"safe_price":2.5324,"ft_order_side":"buy","order_filled_timestamp":1750597200000,"ft_is_entry":true,"ft_order_tag":"","cost":1050.7113731399998},{"amount":414.7,"safe_price":2.513,"ft_order_side":"sell","order_filled_timestamp":1750598100000,"ft_is_entry":false,"ft_order_tag":"exit_signal","cost":1042.6621705499997}],"funding_fees":0.0},{"pair":"SUI/USDT:USDT","stake_amount":1041.2514,"max_stake_amount":1041.2514,"amount":414.0,"open_date":"2025-06-23 06:00:00+00:00","close_date":"2025-06-23 06:30:00+00:00","open_rate":2.5151,"close_rate":2.5037,"fee_open":0.0005,"fee_close":0.0005,"trade_duration":30,"profit_ratio":-0.005527592849434294,"profit_abs":-5.7584916,"exit_reason":"exit_signal","initial_stop_loss_abs":2.2636,"initial_stop_loss_ratio":-0.1,"stop_loss_abs":2.2636,"stop_loss_ratio":-0.1,"min_rate":2.4973,"max_rate":2.5239,"is_open":false,"enter_tag":"","leverage":1.0,"is_short":false,"open_timestamp":1750658400000,"close_timestamp":1750660200000,"orders":[{"amount":414.0,"safe_price":2.5151,"ft_order_side":"buy","order_filled_timestamp":1750658400000,"ft_is_entry":true,"ft_order_tag":"","cost":1041.7720256999999},{"amount":414.0,"safe_price":2.5037,"ft_order_side":"sell","order_filled_timestamp":1750660200000,"ft_is_entry":false,"ft_order_tag":"exit_signal","cost":1037.0500659}],"funding_fees":0.0},{"pair":"SUI/USDT:USDT","stake_amount":1035.36048,"max_stake_amount":1035.36048,"amount":411.2,"open_date":"2025-06-23 07:15:00+00:00","close_date":"2025-06-23 07:30:00+00:00","open_rate":2.5179,"close_rate":2.5071,"fee_open":0.0005,"fee_close":0.0005,"trade_duration":15,"profit_ratio":-0.005284501797713082,"profit_abs":-5.4741,"exit_reason":"exit_signal","initial_stop_loss_abs":2.2662,"initial_stop_loss_ratio":-0.1,"stop_loss_abs":2.2662,"stop_loss_ratio":-0.1,"min_rate":2.5024,"max_rate":2.5182,"is_open":false,"enter_tag":"","leverage":1.0,"is_short":false,"open_timestamp":1750662900000,"close_timestamp":1750663800000,"orders":[{"amount":411.2,"safe_price":2.5179,"ft_order_side":"buy","order_filled_timestamp":1750662900000,"ft_is_entry":true,"ft_order_tag":"","cost":1035.87816024},{"amount":411.2,"safe_price":2.5071,"ft_order_side":"sell","order_filled_timestamp":1750663800000,"ft_is_entry":false,"ft_order_tag":"exit_signal","cost":1031.4349797599998}],"funding_fees":0.0},{"pair":"SUI/USDT:USDT","stake_amount":1029.98016,"max_stake_amount":1029.98016,"amount":409.6,"open_date":"2025-06-23 08:00:00+00:00","close_date":"2025-06-23 08:15:00+00:00","open_rate":2.5146,"close_rate":2.5098,"fee_open":0.0005,"fee_close":0.0005,"trade_duration":15,"profit_ratio":-0.002896448857394704,"profit_abs":-2.9847765,"exit_reason":"exit_signal","initial_stop_loss_abs":2.2632,"initial_stop_loss_ratio":-0.1,"stop_loss_abs":2.2632,"stop_loss_ratio":-0.1,"min_rate":2.5014,"max_rate":2.5219,"is_open":false,"enter_tag":"","leverage":1.0,"is_short":false,"open_timestamp":1750665600000,"close_timestamp":1750666500000,"orders":[{"amount":409.6,"safe_price":2.5146,"ft_order_side":"buy","order_filled_timestamp":1750665600000,"ft_is_entry":true,"ft_order_tag":"","cost":1030.49515008},{"amount":409.6,"safe_price":2.5098,"ft_order_side":"sell","order_filled_timestamp":1750666500000,"ft_is_entry":false,"ft_order_tag":"exit_signal","cost":1028.52808704}],"funding_fees":0.010300620800000002},{"pair":"SUI/USDT:USDT","stake_amount":1026.94962,"max_stake_amount":1026.94962,"amount":406.6,"open_date":"2025-06-23 13:00:00+00:00","close_date":"2025-06-23 13:15:00+00:00","open_rate":2.5257,"close_rate":2.5048,"fee_open":0.0005,"fee_close":0.0005,"trade_duration":15,"profit_ratio":-0.009266163133344047,"profit_abs":-9.52064065,"exit_reason":"exit_signal","initial_stop_loss_abs":2.2732,"initial_stop_loss_ratio":-0.1,"stop_loss_abs":2.2732,"stop_loss_ratio":-0.1,"min_rate":2.4852,"max_rate":2.5257,"is_open":false,"enter_tag":"","leverage":1.0,"is_short":false,"open_timestamp":1750683600000,"close_timestamp":1750684500000,"orders":[{"amount":406.6,"safe_price":2.5257,"ft_order_side":"buy","order_filled_timestamp":1750683600000,"ft_is_entry":true,"ft_order_tag":"","cost":1027.46309481},{"amount":406.6,"safe_price":2.5048,"ft_order_side":"sell","order_filled_timestamp":1750684500000,"ft_is_entry":false,"ft_order_tag":"exit_signal","cost":1018.96090584}],"funding_fees":0.0},{"pair":"SUI/USDT:USDT","stake_amount":1017.7243,"max_stake_amount":1017.7243,"amount":400.6,"open_date":"2025-06-23 13:45:00+00:00","close_date":"2025-06-23 15:00:00+00:00","open_rate":2.5405,"close_rate":2.5083,"fee_open":0.0005,"fee_close":0.0005,"trade_duration":75,"profit_ratio":-0.01366150225418682,"profit_abs":-13.91059464,"exit_reason":"exit_signal","initial_stop_loss_abs":2.2865,"initial_stop_loss_ratio":-0.1,"stop_loss_abs":2.2865,"stop_loss_ratio":-0.1,"min_rate":2.505,"max_rate":2.5775,"is_open":false,"enter_tag":"","leverage":1.0,"is_short":false,"open_timestamp":1750686300000,"close_timestamp":1750690800000,"orders":[{"amount":400.6,"safe_price":2.5405,"ft_order_side":"buy","order_filled_timestamp":1750686300000,"ft_is_entry":true,"ft_order_tag":"","cost":1018.23316215},{"amount":400.6,"safe_price":2.5083,"ft_order_side":"sell","order_filled_timestamp":1750690800000,"ft_is_entry":false,"ft_order_tag":"exit_signal","cost":1005.3273924900001}],"funding_fees":0.0},{"pair":"SOL/USDT:USDT","stake_amount":1003.6686,"max_stake_amount":1003.6686,"amount":7.23,"open_date":"2025-06-23 19:30:00+00:00","close_date":"2025-06-26 14:45:00+00:00","open_rate":138.82,"close_rate":143.26,"fee_open":0.0005,"fee_close":0.0005,"trade_duration":4035,"profit_ratio":0.030686308436754975,"profit_abs":30.81428367,"exit_reason":"force_exit","initial_stop_loss_abs":124.94,"initial_stop_loss_ratio":-0.1,"stop_loss_abs":124.94,"stop_loss_ratio":-0.1,"min_rate":138.34,"max_rate":147.99,"is_open":false,"enter_tag":"","leverage":1.0,"is_short":false,"open_timestamp":1750707000000,"close_timestamp":1750949100000,"orders":[{"amount":7.23,"safe_price":138.82,"ft_order_side":"buy","order_filled_timestamp":1750707000000,"ft_is_entry":true,"ft_order_tag":"","cost":1004.1704342999999},{"amount":7.23,"safe_price":143.26,"ft_order_side":"sell","order_filled_timestamp":1750949100000,"ft_is_entry":false,"ft_order_tag":"force_exit","cost":1036.2876849}],"funding_fees":-0.2671971285947502}],"locks":[],"best_pair":{"key":"SOL/USDT:USDT","trades":4,"profit_mean":0.02280859516184458,"profit_mean_pct":2.28,"profit_sum":0.09123438064737832,"profit_sum_pct":9.12,"profit_total_abs":90.64494366,"profit_total":0.09064494365999999,"profit_total_pct":9.06,"duration_avg":"1 day, 18:11:00","wins":3,"draws":0,"losses":1,"winrate":0.75,"cagr":1.1650806774774067,"expectancy":22.661235915,"expectancy_ratio":0.36307837652273167,"sortino":-100,"sharpe":0.8292985953376347,"calmar":75.94698987554877,"sqn":0.7706,"profit_factor":2.452313506090927,"max_drawdown_account":0.0556154676510108,"max_drawdown_abs":62.4141711},"worst_pair":{"key":"SUI/USDT:USDT","trades":7,"profit_mean":-0.010434423514805415,"profit_mean_pct":-1.04,"profit_sum":-0.0730409646036379,"profit_sum_pct":-7.3,"profit_total_abs":-76.72329332,"profit_total":-0.07672329332,"profit_total_pct":-7.67,"duration_avg":"1:28:00","wins":0,"draws":0,"losses":7,"winrate":0.0,"cagr":-0.5086746572529535,"expectancy":-10.960470474285714,"expectancy_ratio":-1.0,"sortino":-4.243253226046163,"sharpe":-4.243253226046163,"calmar":-46.59749554766534,"sqn":-3.1865,"profit_factor":0.0,"max_drawdown_account":0.07672329332000004,"max_drawdown_abs":76.72329332},"results_per_pair":[{"key":"SOL/USDT:USDT","trades":4,"profit_mean":0.02280859516184458,"profit_mean_pct":2.28,"profit_sum":0.09123438064737832,"profit_sum_pct":9.12,"profit_total_abs":90.64494366,"profit_total":0.09064494365999999,"profit_total_pct":9.06,"duration_avg":"1 day, 18:11:00","wins":3,"draws":0,"losses":1,"winrate":0.75,"cagr":1.1650806774774067,"expectancy":22.661235915,"expectancy_ratio":0.36307837652273167,"sortino":-100,"sharpe":0.8292985953376347,"calmar":75.94698987554877,"sqn":0.7706,"profit_factor":2.452313506090927,"max_drawdown_account":0.0556154676510108,"max_drawdown_abs":62.4141711},{"key":"ETH/USDT:USDT","trades":2,"profit_mean":0.016694707535554916,"profit_mean_pct":1.67,"profit_sum":0.03338941507110983,"profit_sum_pct":3.34,"profit_total_abs":31.035628690000003,"profit_total":0.031035628690000004,"profit_total_pct":3.1,"duration_avg":"15:22:00","wins":1,"draws":0,"losses":1,"winrate":0.5,"cagr":0.3127077992735805,"expectancy":15.517814345000001,"expectancy_ratio":0.7651961540666776,"sortino":-100,"sharpe":0.4039916391169047,"calmar":74.97185801495456,"sqn":0.4335,"profit_factor":2.5303923081333553,"max_drawdown_account":0.01928967225825992,"max_drawdown_abs":20.27952475},{"key":"SUI/USDT:USDT","trades":7,"profit_mean":-0.010434423514805415,"profit_mean_pct":-1.04,"profit_sum":-0.0730409646036379,"profit_sum_pct":-7.3,"profit_total_abs":-76.72329332,"profit_total":-0.07672329332,"profit_total_pct":-7.67,"duration_avg":"1:28:00","wins":0,"draws":0,"losses":7,"winrate":0.0,"cagr":-0.5086746572529535,"expectancy":-10.960470474285714,"expectancy_ratio":-1.0,"sortino":-4.243253226046163,"sharpe":-4.243253226046163,"calmar":-46.59749554766534,"sqn":-3.1865,"profit_factor":0.0,"max_drawdown_account":0.07672329332000004,"max_drawdown_abs":76.72329332},{"key":"TOTAL","trades":13,"profit_mean":0.0039679100857577115,"profit_mean_pct":0.4,"profit_sum":0.05158283111485025,"profit_sum_pct":5.16,"profit_total_abs":44.95727903,"profit_total":0.044957279030000005,"profit_total_pct":4.5,"duration_avg":"16:08:00","wins":4,"draws":0,"losses":9,"winrate":0.3076923076923077,"cagr":0.47918859032019445,"expectancy":3.4582522330769265,"expectancy_ratio":0.1952381001531891,"sortino":1.1832929101040885,"sharpe":0.5852340580053008,"calmar":15.421736700468392,"sqn":0.3347,"profit_factor":1.282010589110162,"max_drawdown_account":0.1358405120074413,"max_drawdown_abs":159.41698917000002}],"results_per_enter_tag":[{"key":"","trades":13,"profit_mean":0.0039679100857577115,"profit_mean_pct":0.4,"profit_sum":0.05158283111485025,"profit_sum_pct":5.16,"profit_total_abs":44.95727903,"profit_total":0.044957279030000005,"profit_total_pct":4.5,"duration_avg":"16:08:00","wins":4,"draws":0,"losses":9,"winrate":0.3076923076923077,"cagr":0.47918859032019445,"expectancy":3.4582522330769265,"expectancy_ratio":0.1952381001531891,"sortino":1.1832929101040885,"sharpe":0.5852340580053008,"calmar":15.421736700468392,"sqn":0.3347,"profit_factor":1.282010589110162,"max_drawdown_account":0.1358405120074413,"max_drawdown_abs":159.41698917000002},{"key":"TOTAL","trades":13,"profit_mean":0.0039679100857577115,"profit_mean_pct":0.4,"profit_sum":0.05158283111485025,"profit_sum_pct":5.16,"profit_total_abs":44.95727903,"profit_total":0.044957279030000005,"profit_total_pct":4.5,"duration_avg":"16:08:00","wins":4,"draws":0,"losses":9,"winrate":0.3076923076923077,"cagr":0.47918859032019445,"expectancy":3.4582522330769265,"expectancy_ratio":0.1952381001531891,"sortino":1.1832929101040885,"sharpe":0.5852340580053008,"calmar":15.421736700468392,"sqn":0.3347,"profit_factor":1.282010589110162,"max_drawdown_account":0.1358405120074413,"max_drawdown_abs":159.41698917000002}],"exit_reason_summary":[{"key":"force_exit","trades":1,"profit_mean":0.030686308436754975,"profit_mean_pct":3.07,"profit_sum":0.030686308436754975,"profit_sum_pct":3.07,"profit_total_abs":30.81428367,"profit_total":0.030814283669999998,"profit_total_pct":3.08,"duration_avg":"2 days, 19:15:00","wins":1,"draws":0,"losses":0,"winrate":1.0,"cagr":0.3102010852649655,"expectancy":30.81428367,"expectancy_ratio":100.0,"sortino":-100,"sharpe":-100,"calmar":-100,"sqn":-100.0,"profit_factor":0.0,"max_drawdown_account":0.0,"max_drawdown_abs":0.0},{"key":"exit_signal","trades":12,"profit_mean":0.0017413768898412727,"profit_mean_pct":0.17,"profit_sum":0.02089652267809527,"profit_sum_pct":2.09,"profit_total_abs":14.142995360000004,"profit_total":0.014142995360000004,"profit_total_pct":1.41,"duration_avg":"11:52:00","wins":3,"draws":0,"losses":9,"winrate":0.25,"cagr":0.13317690502429214,"expectancy":1.1785829466666673,"expectancy_ratio":0.0665377421517388,"sortino":0.37224908842805077,"sharpe":0.18135279856912997,"calmar":4.851484682876864,"sqn":0.1076,"profit_factor":1.0887169895356519,"max_drawdown_account":0.1358405120074413,"max_drawdown_abs":159.41698917000002},{"key":"TOTAL","trades":13,"profit_mean":0.0039679100857577115,"profit_mean_pct":0.4,"profit_sum":0.05158283111485025,"profit_sum_pct":5.16,"profit_total_abs":44.95727903,"profit_total":0.044957279030000005,"profit_total_pct":4.5,"duration_avg":"16:08:00","wins":4,"draws":0,"losses":9,"winrate":0.3076923076923077,"cagr":0.47918859032019445,"expectancy":3.4582522330769265,"expectancy_ratio":0.1952381001531891,"sortino":1.1832929101040885,"sharpe":0.5852340580053008,"calmar":15.421736700468392,"sqn":0.3347,"profit_factor":1.282010589110162,"max_drawdown_account":0.1358405120074413,"max_drawdown_abs":159.41698917000002}],"mix_tag_stats":[{"key":["","force_exit"],"trades":1,"profit_mean":0.030686308436754975,"profit_mean_pct":3.07,"profit_sum":0.030686308436754975,"profit_sum_pct":3.07,"profit_total_abs":30.81428367,"profit_total":0.030814283669999998,"profit_total_pct":3.08,"duration_avg":"2 days, 19:15:00","wins":1,"draws":0,"losses":0,"winrate":1.0,"cagr":0.3102010852649655,"expectancy":30.81428367,"expectancy_ratio":100.0,"sortino":-100,"sharpe":-100,"calmar":-100,"sqn":-100.0,"profit_factor":0.0,"max_drawdown_account":0.0,"max_drawdown_abs":0.0},{"key":["","exit_signal"],"trades":12,"profit_mean":0.0017413768898412727,"profit_mean_pct":0.17,"profit_sum":0.02089652267809527,"profit_sum_pct":2.09,"profit_total_abs":14.142995360000004,"profit_total":0.014142995360000004,"profit_total_pct":1.41,"duration_avg":"11:52:00","wins":3,"draws":0,"losses":9,"winrate":0.25,"cagr":0.13317690502429214,"expectancy":1.1785829466666673,"expectancy_ratio":0.0665377421517388,"sortino":0.37224908842805077,"sharpe":0.18135279856912997,"calmar":4.851484682876864,"sqn":0.1076,"profit_factor":1.0887169895356519,"max_drawdown_account":0.1358405120074413,"max_drawdown_abs":159.41698917000002},{"key":"TOTAL","trades":13,"profit_mean":0.0039679100857577115,"profit_mean_pct":0.4,"profit_sum":0.05158283111485025,"profit_sum_pct":5.16,"profit_total_abs":44.95727903,"profit_total":0.044957279030000005,"profit_total_pct":4.5,"duration_avg":"16:08:00","wins":4,"draws":0,"losses":9,"winrate":0.3076923076923077,"cagr":0.47918859032019445,"expectancy":3.4582522330769265,"expectancy_ratio":0.1952381001531891,"sortino":1.1832929101040885,"sharpe":0.5852340580053008,"calmar":15.421736700468392,"sqn":0.3347,"profit_factor":1.282010589110162,"max_drawdown_account":0.1358405120074413,"max_drawdown_abs":159.41698917000002}],"left_open_trades":[{"key":"SOL/USDT:USDT","trades":1,"profit_mean":0.030686308436754975,"profit_mean_pct":3.07,"profit_sum":0.030686308436754975,"profit_sum_pct":3.07,"profit_total_abs":30.81428367,"profit_total":0.030814283669999998,"profit_total_pct":3.08,"duration_avg":"2 days, 19:15:00","wins":1,"draws":0,"losses":0,"winrate":1.0,"cagr":0.3102010852649655,"expectancy":30.81428367,"expectancy_ratio":100.0,"sortino":-100,"sharpe":-100,"calmar":-100,"sqn":-100.0,"profit_factor":0.0,"max_drawdown_account":0.0,"max_drawdown_abs":0.0},{"key":"TOTAL","trades":1,"profit_mean":0.030686308436754975,"profit_mean_pct":3.07,"profit_sum":0.030686308436754975,"profit_sum_pct":3.07,"profit_total_abs":30.81428367,"profit_total":0.030814283669999998,"profit_total_pct":3.08,"duration_avg":"2 days, 19:15:00","wins":1,"draws":0,"losses":0,"winrate":1.0,"cagr":0.3102010852649655,"expectancy":30.81428367,"expectancy_ratio":100.0,"sortino":-100,"sharpe":-100,"calmar":-100,"sqn":-100.0,"profit_factor":0.0,"max_drawdown_account":0.0,"max_drawdown_abs":0.0}],"total_trades":13,"trade_count_long":13,"trade_count_short":0,"total_volume":27406.67731041,"avg_stake_amount":1051.3099546153846,"profit_mean":0.0039679100857577115,"profit_median":-0.005527592849434294,"profit_total":0.044957279030000005,"profit_total_long":0.044957279030000005,"profit_total_short":0.0,"profit_total_abs":44.95727903,"profit_total_long_abs":44.95727903,"profit_total_short_abs":0.0,"cagr":0.47918859032019157,"expectancy":3.4582522330769265,"expectancy_ratio":0.1952381001531891,"sortino":1.1832929101040885,"sharpe":0.5852340580053008,"calmar":15.421736700468392,"sqn":0.3347,"profit_factor":1.282010589110162,"backtest_start":"2025-05-16 00:00:00","backtest_start_ts":1747353600000,"backtest_end":"2025-06-26 14:45:00","backtest_end_ts":1750949100000,"backtest_days":41,"backtest_run_start_ts":1750950547,"backtest_run_end_ts":1750950547,"trades_per_day":0.32,"market_change":-0.17586645138119364,"pairlist":["SOL/USDT:USDT","ETH/USDT:USDT","SUI/USDT:USDT"],"stake_amount":"unlimited","stake_currency":"USDT","stake_currency_decimals":3,"starting_balance":1000,"dry_run_wallet":1000,"final_balance":1044.9572790299999,"rejected_signals":331,"timedout_entry_orders":0,"timedout_exit_orders":0,"canceled_trade_entries":0,"canceled_entry_orders":0,"replaced_entry_orders":0,"max_open_trades":1,"max_open_trades_setting":1,"timeframe":"15m","timeframe_detail":"","timerange":"","enable_protections":false,"strategy_name":"SimpleGrid","stoploss":-0.1,"trailing_stop":false,"trailing_stop_positive":null,"trailing_stop_positive_offset":0.0,"trailing_only_offset_is_reached":false,"use_custom_stoploss":false,"minimal_roi":{},"use_exit_signal":true,"exit_profit_only":false,"exit_profit_offset":0.0,"ignore_roi_if_entry_signal":false,"trading_mode":"futures","margin_mode":"isolated","periodic_breakdown":{"day":[{"date":"20/05/2025","date_ts":1747699200000,"profit_abs":51.31515344,"wins":1,"draws":0,"losses":0,"trades":1,"profit_factor":0.0},{"date":"21/05/2025","date_ts":1747785600000,"profit_abs":0.0,"wins":0,"draws":0,"losses":0,"trades":0,"profit_factor":0.0},{"date":"22/05/2025","date_ts":1747872000000,"profit_abs":0.0,"wins":0,"draws":0,"losses":0,"trades":0,"profit_factor":0.0},{"date":"23/05/2025","date_ts":1747958400000,"profit_abs":0.0,"wins":0,"draws":0,"losses":0,"trades":0,"profit_factor":0.0},{"date":"24/05/2025","date_ts":1748044800000,"profit_abs":0.0,"wins":0,"draws":0,"losses":0,"trades":0,"profit_factor":0.0},{"date":"25/05/2025","date_ts":1748131200000,"profit_abs":0.0,"wins":0,"draws":0,"losses":0,"trades":0,"profit_factor":0.0},{"date":"26/05/2025","date_ts":1748217600000,"profit_abs":0.0,"wins":0,"draws":0,"losses":0,"trades":0,"profit_factor":0.0},{"date":"27/05/2025","date_ts":1748304000000,"profit_abs":0.0,"wins":0,"draws":0,"losses":0,"trades":0,"profit_factor":0.0},{"date":"28/05/2025","date_ts":1748390400000,"profit_abs":0.0,"wins":0,"draws":0,"losses":0,"trades":0,"profit_factor":0.0},{"date":"29/05/2025","date_ts":1748476800000,"profit_abs":0.0,"wins":0,"draws":0,"losses":0,"trades":0,"profit_factor":0.0},{"date":"30/05/2025","date_ts":1748563200000,"profit_abs":0.0,"wins":0,"draws":0,"losses":0,"trades":0,"profit_factor":0.0},{"date":"31/05/2025","date_ts":1748649600000,"profit_abs":0.0,"wins":0,"draws":0,"losses":0,"trades":0,"profit_factor":0.0},{"date":"01/06/2025","date_ts":1748736000000,"profit_abs":0.0,"wins":0,"draws":0,"losses":0,"trades":0,"profit_factor":0.0},{"date":"02/06/2025","date_ts":1748822400000,"profit_abs":0.0,"wins":0,"draws":0,"losses":0,"trades":0,"profit_factor":0.0},{"date":"03/06/2025","date_ts":1748908800000,"profit_abs":0.0,"wins":0,"draws":0,"losses":0,"trades":0,"profit_factor":0.0},{"date":"04/06/2025","date_ts":1748995200000,"profit_abs":0.0,"wins":0,"draws":0,"losses":0,"trades":0,"profit_factor":0.0},{"date":"05/06/2025","date_ts":1749081600000,"profit_abs":0.0,"wins":0,"draws":0,"losses":0,"trades":0,"profit_factor":0.0},{"date":"06/06/2025","date_ts":1749168000000,"profit_abs":53.58359194,"wins":1,"draws":0,"losses":0,"trades":1,"profit_factor":0.0},{"date":"07/06/2025","date_ts":1749254400000,"profit_abs":0.0,"wins":0,"draws":0,"losses":0,"trades":0,"profit_factor":0.0},{"date":"08/06/2025","date_ts":1749340800000,"profit_abs":0.0,"wins":0,"draws":0,"losses":0,"trades":0,"profit_factor":0.0},{"date":"09/06/2025","date_ts":1749427200000,"profit_abs":0.0,"wins":0,"draws":0,"losses":0,"trades":0,"profit_factor":0.0},{"date":"10/06/2025","date_ts":1749513600000,"profit_abs":0.0,"wins":0,"draws":0,"losses":0,"trades":0,"profit_factor":0.0},{"date":"11/06/2025","date_ts":1749600000000,"profit_abs":0.0,"wins":0,"draws":0,"losses":0,"trades":0,"profit_factor":0.0},{"date":"12/06/2025","date_ts":1749686400000,"profit_abs":0.0,"wins":0,"draws":0,"losses":0,"trades":0,"profit_factor":0.0},{"date":"13/06/2025","date_ts":1749772800000,"profit_abs":0.0,"wins":0,"draws":0,"losses":0,"trades":0,"profit_factor":0.0},{"date":"14/06/2025","date_ts":1749859200000,"profit_abs":0.0,"wins":0,"draws":0,"losses":0,"trades":0,"profit_factor":0.0},{"date":"15/06/2025","date_ts":1749945600000,"profit_abs":68.66123915,"wins":1,"draws":0,"losses":0,"trades":1,"profit_factor":0.0},{"date":"16/06/2025","date_ts":1750032000000,"profit_abs":0.0,"wins":0,"draws":0,"losses":0,"trades":0,"profit_factor":0.0},{"date":"17/06/2025","date_ts":1750118400000,"profit_abs":0.0,"wins":0,"draws":0,"losses":0,"trades":0,"profit_factor":0.0},{"date":"18/06/2025","date_ts":1750204800000,"profit_abs":0.0,"wins":0,"draws":0,"losses":0,"trades":0,"profit_factor":0.0},{"date":"19/06/2025","date_ts":1750291200000,"profit_abs":0.0,"wins":0,"draws":0,"losses":0,"trades":0,"profit_factor":0.0},{"date":"20/06/2025","date_ts":1750377600000,"profit_abs":0.0,"wins":0,"draws":0,"losses":0,"trades":0,"profit_factor":0.0},{"date":"21/06/2025","date_ts":1750464000000,"profit_abs":-82.69369585,"wins":0,"draws":0,"losses":2,"trades":2,"profit_factor":0.0},{"date":"22/06/2025","date_ts":1750550400000,"profit_abs":-39.07468993,"wins":0,"draws":0,"losses":2,"trades":2,"profit_factor":0.0},{"date":"23/06/2025","date_ts":1750636800000,"profit_abs":-37.64860339,"wins":0,"draws":0,"losses":5,"trades":5,"profit_factor":0.0},{"date":"24/06/2025","date_ts":1750723200000,"profit_abs":0.0,"wins":0,"draws":0,"losses":0,"trades":0,"profit_factor":0.0},{"date":"25/06/2025","date_ts":1750809600000,"profit_abs":0.0,"wins":0,"draws":0,"losses":0,"trades":0,"profit_factor":0.0},{"date":"26/06/2025","date_ts":1750896000000,"profit_abs":30.81428367,"wins":1,"draws":0,"losses":0,"trades":1,"profit_factor":0.0}],"week":[{"date":"26/05/2025","date_ts":1748217600000,"profit_abs":51.31515344,"wins":1,"draws":0,"losses":0,"trades":1,"profit_factor":0.0},{"date":"02/06/2025","date_ts":1748822400000,"profit_abs":0.0,"wins":0,"draws":0,"losses":0,"trades":0,"profit_factor":0.0},{"date":"09/06/2025","date_ts":1749427200000,"profit_abs":53.58359194,"wins":1,"draws":0,"losses":0,"trades":1,"profit_factor":0.0},{"date":"16/06/2025","date_ts":1750032000000,"profit_abs":68.66123915,"wins":1,"draws":0,"losses":0,"trades":1,"profit_factor":0.0},{"date":"23/06/2025","date_ts":1750636800000,"profit_abs":-159.41698917,"wins":0,"draws":0,"losses":9,"trades":9,"profit_factor":0.0},{"date":"30/06/2025","date_ts":1751241600000,"profit_abs":30.81428367,"wins":1,"draws":0,"losses":0,"trades":1,"profit_factor":0.0}],"month":[{"date":"31/05/2025","date_ts":1748649600000,"profit_abs":51.31515344,"wins":1,"draws":0,"losses":0,"trades":1,"profit_factor":0.0},{"date":"30/06/2025","date_ts":1751241600000,"profit_abs":-6.35787441,"wins":3,"draws":0,"losses":9,"trades":12,"profit_factor":0.96011796}],"year":[{"date":"31/12/2025","date_ts":1767139200000,"profit_abs":44.95727903,"wins":4,"draws":0,"losses":9,"trades":13,"profit_factor":1.28201059}]},"backtest_best_day":0.06277416395589569,"backtest_worst_day":-0.07218821981565934,"backtest_best_day_abs":68.66123915,"backtest_worst_day_abs":-82.69369585,"winning_days":4,"draw_days":31,"losing_days":3,"daily_profit":[["2025-05-20",51.31515344],["2025-05-21",0.0],["2025-05-22",0.0],["2025-05-23",0.0],["2025-05-24",0.0],["2025-05-25",0.0],["2025-05-26",0.0],["2025-05-27",0.0],["2025-05-28",0.0],["2025-05-29",0.0],["2025-05-30",0.0],["2025-05-31",0.0],["2025-06-01",0.0],["2025-06-02",0.0],["2025-06-03",0.0],["2025-06-04",0.0],["2025-06-05",0.0],["2025-06-06",53.58359194],["2025-06-07",0.0],["2025-06-08",0.0],["2025-06-09",0.0],["2025-06-10",0.0],["2025-06-11",0.0],["2025-06-12",0.0],["2025-06-13",0.0],["2025-06-14",0.0],["2025-06-15",68.66123915],["2025-06-16",0.0],["2025-06-17",0.0],["2025-06-18",0.0],["2025-06-19",0.0],["2025-06-20",0.0],["2025-06-21",-82.69369585],["2025-06-22",-39.07468993],["2025-06-23",-37.64860339],["2025-06-24",0.0],["2025-06-25",0.0],["2025-06-26",30.81428367]],"wins":4,"losses":9,"draws":0,"winrate":0.3076923076923077,"holding_avg":"16:08:00","holding_avg_s":58080.0,"winner_holding_min":"0d 15:30","winner_holding_min_s":55800.0,"winner_holding_max":"2d 19:15","winner_holding_max_s":242100.0,"winner_holding_avg":"1d 18:26","winner_holding_avg_s":152760.0,"loser_holding_min":"0d 00:15","loser_holding_min_s":900.0,"loser_holding_max":"1d 05:30","loser_holding_max_s":106200.0,"loser_holding_avg":"0d 04:27","loser_holding_avg_s":16020.0,"max_consecutive_wins":3,"max_consecutive_losses":9,"max_drawdown_account":0.1358405120074413,"max_relative_drawdown":0.1358405120074413,"max_drawdown_abs":159.41698917000002,"drawdown_start":"2025-06-15 15:00:00","drawdown_start_ts":1749999600000.0,"drawdown_end":"2025-06-23 15:00:00","drawdown_end_ts":1750690800000.0,"max_drawdown_low":14.14299535999999,"max_drawdown_high":173.55998453,"csum_min":1014.14299536,"csum_max":1173.55998453}},"strategy_comparison":[{"key":"SimpleGrid","trades":13,"profit_mean":0.0039679100857577115,"profit_mean_pct":0.4,"profit_sum":0.05158283111485025,"profit_sum_pct":5.16,"profit_total_abs":44.95727903,"profit_total":0.044957279030000005,"profit_total_pct":4.5,"duration_avg":"16:08:00","wins":4,"draws":0,"losses":9,"winrate":0.3076923076923077,"cagr":0.47918859032019445,"expectancy":3.4582522330769265,"expectancy_ratio":0.1952381001531891,"sortino":1.1832929101040885,"sharpe":0.5852340580053008,"calmar":15.421736700468392,"sqn":0.3347,"profit_factor":1.282010589110162,"max_drawdown_account":0.1358405120074413,"max_drawdown_abs":"159.417"}]}