{"strategy":{"SimpleGrid":{"trades":[{"pair":"ETH/USDT:USDT","stake_amount":989.52282,"max_stake_amount":989.52282,"amount":0.407,"open_date":"2025-05-18 19:45:00+00:00","close_date":"2025-05-20 02:15:00+00:00","open_rate":2431.26,"close_rate":2560.3,"fee_open":0.0005,"fee_close":0.0005,"trade_duration":1830,"profit_ratio":0.051832567828660255,"profit_abs":51.31515344,"exit_reason":"exit_signal","initial_stop_loss_abs":2188.14,"initial_stop_loss_ratio":-0.1,"stop_loss_abs":2188.14,"stop_loss_ratio":-0.1,"min_rate":2312.62,"max_rate":2582.55,"is_open":false,"enter_tag":"","leverage":1.0,"is_short":false,"open_timestamp":1747597500000,"close_timestamp":1747707300000,"orders":[{"amount":0.407,"safe_price":2431.26,"ft_order_side":"buy","order_filled_timestamp":1747597500000,"ft_is_entry":true,"ft_order_tag":"","cost":990.0175814099999},{"amount":0.407,"safe_price":2560.3,"ft_order_side":"sell","order_filled_timestamp":1747707300000,"ft_is_entry":false,"ft_order_tag":"exit_signal","cost":1042.5631210499998}],"funding_fees":-0.18834410496277304},{"pair":"SOL/USDT:USDT","stake_amount":1039.5551,"max_stake_amount":1039.5551,"amount":7.31,"open_date":"2025-06-05 20:45:00+00:00","close_date":"2025-06-06 12:15:00+00:00","open_rate":142.21,"close_rate":149.66,"fee_open":0.0005,"fee_close":0.0005,"trade_duration":930,"profit_ratio":0.05151897531283659,"profit_abs":53.58359194,"exit_reason":"exit_signal","initial_stop_loss_abs":127.99,"initial_stop_loss_ratio":-0.1,"stop_loss_abs":127.99,"stop_loss_ratio":-0.1,"min_rate":141.43,"max_rate":150.59,"is_open":false,"enter_tag":"","leverage":1.0,"is_short":false,"open_timestamp":1749156300000,"close_timestamp":1749212100000,"orders":[{"amount":7.31,"safe_price":142.21,"ft_order_side":"buy","order_filled_timestamp":1749156300000,"ft_is_entry":true,"ft_order_tag":"","cost":1040.0748775499999},{"amount":7.31,"safe_price":149.66,"ft_order_side":"sell","order_filled_timestamp":1749212100000,"ft_is_entry":false,"ft_order_tag":"exit_signal","cost":1094.5616072999999}],"funding_fees":0.19087679189874124},{"pair":"SOL/USDT:USDT","stake_amount":1092.4706,"max_stake_amount":1092.4706,"amount":7.54,"open_date":"2025-06-13 00:45:00+00:00","close_date":"2025-06-15 15:00:00+00:00","open_rate":144.89,"close_rate":151.84,"fee_open":0.0005,"fee_close":0.0005,"trade_duration":3735,"profit_ratio":0.046857123884960904,"profit_abs":51.21562526,"exit_reason":"exit_signal","initial_stop_loss_abs":130.41,"initial_stop_loss_ratio":-0.1,"stop_loss_abs":130.41,"stop_loss_ratio":-0.1,"min_rate":140.73,"max_rate":152.63,"is_open":false,"enter_tag":"","leverage":1.0,"is_short":false,"open_timestamp":1749775500000,"close_timestamp":1749999600000,"orders":[{"amount":7.54,"safe_price":144.89,"ft_order_side":"buy","order_filled_timestamp":1749775500000,"ft_is_entry":true,"ft_order_tag":"","cost":1093.0168353},{"amount":7.54,"safe_price":151.84,"ft_order_side":"sell","order_filled_timestamp":1749999600000,"ft_is_entry":false,"ft_order_tag":"exit_signal","cost":1145.4460368}],"funding_fees":-0.06870263747815077},{"pair":"SOL/USDT:USDT","stake_amount":1144.092,"max_stake_amount":1144.092,"amount":8.04,"open_date":"2025-06-20 16:30:00+00:00","close_date":"2025-06-21 21:45:00+00:00","open_rate":142.3,"close_rate":133.85,"fee_open":0.0005,"fee_close":0.0005,"trade_duration":1755,"profit_ratio":-0.06022315468096741,"profit_abs":-68.9352799,"exit_reason":"exit_signal","initial_stop_loss_abs":128.08,"initial_stop_loss_ratio":-0.1,"stop_loss_abs":128.08,"stop_loss_ratio":-0.1,"min_rate":130.46,"max_rate":142.77,"is_open":false,"enter_tag":"","leverage":1.0,"is_short":false,"open_timestamp":1750437000000,"close_timestamp":1750542300000,"orders":[{"amount":8.04,"safe_price":142.3,"ft_order_side":"buy","order_filled_timestamp":1750437000000,"ft_is_entry":true,"ft_order_tag":"","cost":1144.6640459999999},{"amount":8.04,"safe_price":133.85,"ft_order_side":"sell","order_filled_timestamp":1750542300000,"ft_is_entry":false,"ft_order_tag":"exit_signal","cost":1076.6920769999997}],"funding_fees":0.11284310046000001},{"pair":"SUI/USDT:USDT","stake_amount":1076.26541,"max_stake_amount":1076.26541,"amount":426.7,"open_date":"2025-06-21 21:45:00+00:00","close_date":"2025-06-22 13:30:00+00:00","open_rate":2.5223,"close_rate":2.4279,"fee_open":0.0005,"fee_close":0.0005,"trade_duration":945,"profit_ratio":-0.038529246454537466,"profit_abs":-41.48842908,"exit_reason":"exit_signal","initial_stop_loss_abs":2.2701,"initial_stop_loss_ratio":-0.1,"stop_loss_abs":2.2701,"stop_loss_ratio":-0.1,"min_rate":2.4055,"max_rate":2.6153,"is_open":false,"enter_tag":"","leverage":1.0,"is_short":false,"open_timestamp":1750542300000,"close_timestamp":1750599000000,"orders":[{"amount":426.7,"safe_price":2.5223,"ft_order_side":"buy","order_filled_timestamp":1750542300000,"ft_is_entry":true,"ft_order_tag":"","cost":1076.803542705},{"amount":426.7,"safe_price":2.4279,"ft_order_side":"sell","order_filled_timestamp":1750599000000,"ft_is_entry":false,"ft_order_tag":"exit_signal","cost":1036.502922465}],"funding_fees":-0.1518239149301},{"pair":"SUI/USDT:USDT","stake_amount":1035.21516,"max_stake_amount":1035.21516,"amount":411.6,"open_date":"2025-06-23 06:00:00+00:00","close_date":"2025-06-23 06:45:00+00:00","open_rate":2.5151,"close_rate":2.4979,"fee_open":0.0005,"fee_close":0.0005,"trade_duration":45,"profit_ratio":-0.00783135925973636,"profit_abs":-8.1111954,"exit_reason":"exit_signal","initial_stop_loss_abs":2.2636,"initial_stop_loss_ratio":-0.1,"stop_loss_abs":2.2636,"stop_loss_ratio":-0.1,"min_rate":2.4892,"max_rate":2.5239,"is_open":false,"enter_tag":"","leverage":1.0,"is_short":false,"open_timestamp":1750658400000,"close_timestamp":1750661100000,"orders":[{"amount":411.6,"safe_price":2.5151,"ft_order_side":"buy","order_filled_timestamp":1750658400000,"ft_is_entry":true,"ft_order_tag":"","cost":1035.73276758},{"amount":411.6,"safe_price":2.4979,"ft_order_side":"sell","order_filled_timestamp":1750661100000,"ft_is_entry":false,"ft_order_tag":"exit_signal","cost":1028.64970782}],"funding_fees":0.0},{"pair":"SUI/USDT:USDT","stake_amount":1027.05141,"max_stake_amount":1027.05141,"amount":407.9,"open_date":"2025-06-23 07:15:00+00:00","close_date":"2025-06-23 08:30:00+00:00","open_rate":2.5179,"close_rate":2.5043,"fee_open":0.0005,"fee_close":0.0005,"trade_duration":75,"profit_ratio":-0.006385445427347383,"profit_abs":-6.56145982,"exit_reason":"exit_signal","initial_stop_loss_abs":2.2662,"initial_stop_loss_ratio":-0.1,"stop_loss_abs":2.2662,"stop_loss_ratio":-0.1,"min_rate":2.494,"max_rate":2.5219,"is_open":false,"enter_tag":"","leverage":1.0,"is_short":false,"open_timestamp":1750662900000,"close_timestamp":1750667400000,"orders":[{"amount":407.9,"safe_price":2.5179,"ft_order_side":"buy","order_filled_timestamp":1750662900000,"ft_is_entry":true,"ft_order_tag":"","cost":1027.564935705},{"amount":407.9,"safe_price":2.5043,"ft_order_side":"sell","order_filled_timestamp":1750667400000,"ft_is_entry":false,"ft_order_tag":"exit_signal","cost":1022.0147219849999}],"funding_fees":0.0102578692},{"pair":"SUI/USDT:USDT","stake_amount":1020.63537,"max_stake_amount":1020.63537,"amount":404.1,"open_date":"2025-06-23 13:00:00+00:00","close_date":"2025-06-23 13:30:00+00:00","open_rate":2.5257,"close_rate":2.4875,"fee_open":0.0005,"fee_close":0.0005,"trade_duration":30,"profit_ratio":-0.01610890322348823,"profit_abs":-16.44953706,"exit_reason":"exit_signal","initial_stop_loss_abs":2.2732,"initial_stop_loss_ratio":-0.1,"stop_loss_abs":2.2732,"stop_loss_ratio":-0.1,"min_rate":2.4647,"max_rate":2.5573,"is_open":false,"enter_tag":"","leverage":1.0,"is_short":false,"open_timestamp":1750683600000,"close_timestamp":1750685400000,"orders":[{"amount":404.1,"safe_price":2.5257,"ft_order_side":"buy","order_filled_timestamp":1750683600000,"ft_is_entry":true,"ft_order_tag":"","cost":1021.145687685},{"amount":404.1,"safe_price":2.4875,"ft_order_side":"sell","order_filled_timestamp":1750685400000,"ft_is_entry":false,"ft_order_tag":"exit_signal","cost":1005.701349375}],"funding_fees":0.0},{"pair":"SUI/USDT:USDT","stake_amount":1004.25965,"max_stake_amount":1004.25965,"amount":395.3,"open_date":"2025-06-23 13:45:00+00:00","close_date":"2025-06-23 15:45:00+00:00","open_rate":2.5405,"close_rate":2.495,"fee_open":0.0005,"fee_close":0.0005,"trade_duration":120,"profit_ratio":-0.01889145959881755,"profit_abs":-18.98141657,"exit_reason":"exit_signal","initial_stop_loss_abs":2.2865,"initial_stop_loss_ratio":-0.1,"stop_loss_abs":2.2865,"stop_loss_ratio":-0.1,"min_rate":2.4704,"max_rate":2.5775,"is_open":false,"enter_tag":"","leverage":1.0,"is_short":false,"open_timestamp":1750686300000,"close_timestamp":1750693500000,"orders":[{"amount":395.3,"safe_price":2.5405,"ft_order_side":"buy","order_filled_timestamp":1750686300000,"ft_is_entry":true,"ft_order_tag":"","cost":1004.7617798250001},{"amount":395.3,"safe_price":2.495,"ft_order_side":"sell","order_filled_timestamp":1750693500000,"ft_is_entry":false,"ft_order_tag":"exit_signal","cost":986.7666367500001}],"funding_fees":0.0},{"pair":"SUI/USDT:USDT","stake_amount":985.4022,"max_stake_amount":985.4022,"amount":390.8,"open_date":"2025-06-23 17:30:00+00:00","close_date":"2025-06-23 22:15:00+00:00","open_rate":2.5215,"close_rate":2.7983,"fee_open":0.0005,"fee_close":0.0005,"trade_duration":285,"profit_ratio":0.10866670571119359,"profit_abs":107.13395108,"exit_reason":"exit_signal","initial_stop_loss_abs":2.2694,"initial_stop_loss_ratio":-0.1,"stop_loss_abs":2.2694,"stop_loss_ratio":-0.1,"min_rate":2.513,"max_rate":2.855,"is_open":false,"enter_tag":"","leverage":1.0,"is_short":false,"open_timestamp":1750699800000,"close_timestamp":1750716900000,"orders":[{"amount":390.8,"safe_price":2.5215,"ft_order_side":"buy","order_filled_timestamp":1750699800000,"ft_is_entry":true,"ft_order_tag":"","cost":985.8949011000001},{"amount":390.8,"safe_price":2.7983,"ft_order_side":"sell","order_filled_timestamp":1750716900000,"ft_is_entry":false,"ft_order_tag":"exit_signal","cost":1094.12242782}],"funding_fees":0.0},{"pair":"SOL/USDT:USDT","stake_amount":1090.65,"max_stake_amount":1090.65,"amount":7.5,"open_date":"2025-06-23 22:15:00+00:00","close_date":"2025-06-26 14:45:00+00:00","open_rate":145.42,"close_rate":143.26,"fee_open":0.0005,"fee_close":0.0005,"trade_duration":3870,"profit_ratio":-0.01609219269703158,"profit_abs":-17.55972544,"exit_reason":"force_exit","initial_stop_loss_abs":130.88,"initial_stop_loss_ratio":-0.1,"stop_loss_abs":130.88,"stop_loss_ratio":-0.1,"min_rate":141.3,"max_rate":147.99,"is_open":false,"enter_tag":"","leverage":1.0,"is_short":false,"open_timestamp":1750716900000,"close_timestamp":1750949100000,"orders":[{"amount":7.5,"safe_price":145.42,"ft_order_side":"buy","order_filled_timestamp":1750716900000,"ft_is_entry":true,"ft_order_tag":"","cost":1091.195325},{"amount":7.5,"safe_price":143.26,"ft_order_side":"sell","order_filled_timestamp":1750949100000,"ft_is_entry":false,"ft_order_tag":"force_exit","cost":1074.9872249999999}],"funding_fees":-0.27717544460036325}],"locks":[],"best_pair":{"key":"ETH/USDT:USDT","trades":1,"profit_mean":0.051832567828660255,"profit_mean_pct":5.18,"profit_sum":0.051832567828660255,"profit_sum_pct":5.18,"profit_total_abs":51.31515344,"profit_total":0.051315153440000004,"profit_total_pct":5.13,"duration_avg":"1 day, 6:30:00","wins":1,"draws":0,"losses":0,"winrate":1.0,"cagr":0.5612628767791565,"expectancy":51.31515344,"expectancy_ratio":100.0,"sortino":-100,"sharpe":-100,"calmar":-100,"sqn":-100.0,"profit_factor":0.0,"max_drawdown_account":0.0,"max_drawdown_abs":0.0},"worst_pair":{"key":"SUI/USDT:USDT","trades":6,"profit_mean":0.0034867152912111004,"profit_mean_pct":0.35,"profit_sum":0.020920291747266603,"profit_sum_pct":2.09,"profit_total_abs":15.54191315,"profit_total":0.01554191315,"profit_total_pct":1.55,"duration_avg":"4:10:00","wins":1,"draws":0,"losses":5,"winrate":0.16666666666666666,"cagr":0.14716851967268862,"expectancy":2.5903188583333314,"expectancy_ratio":0.14140524203168225,"sortino":0.5786514679929308,"sharpe":0.15047336874023878,"calmar":7.90695616318542,"sqn":0.1203,"profit_factor":1.1696862904380185,"max_drawdown_account":0.09159203793000006,"max_drawdown_abs":91.59203793},"results_per_pair":[{"key":"ETH/USDT:USDT","trades":1,"profit_mean":0.051832567828660255,"profit_mean_pct":5.18,"profit_sum":0.051832567828660255,"profit_sum_pct":5.18,"profit_total_abs":51.31515344,"profit_total":0.051315153440000004,"profit_total_pct":5.13,"duration_avg":"1 day, 6:30:00","wins":1,"draws":0,"losses":0,"winrate":1.0,"cagr":0.5612628767791565,"expectancy":51.31515344,"expectancy_ratio":100.0,"sortino":-100,"sharpe":-100,"calmar":-100,"sqn":-100.0,"profit_factor":0.0,"max_drawdown_account":0.0,"max_drawdown_abs":0.0},{"key":"SOL/USDT:USDT","trades":4,"profit_mean":0.005515187954949627,"profit_mean_pct":0.55,"profit_sum":0.022060751819798507,"profit_sum_pct":2.21,"profit_total_abs":18.304211860000002,"profit_total":0.018304211860000003,"profit_total_pct":1.83,"duration_avg":"1 day, 18:52:00","wins":2,"draws":0,"losses":2,"winrate":0.5,"cagr":0.17524745721430346,"expectancy":4.576052964999999,"expectancy_ratio":0.10581080253159492,"sortino":0.3320374600780022,"sharpe":0.16670616254756207,"calmar":10.894465737113048,"sqn":0.1549,"profit_factor":1.21162160506319,"max_drawdown_account":0.07829024857495158,"max_drawdown_abs":86.49500534},{"key":"SUI/USDT:USDT","trades":6,"profit_mean":0.0034867152912111004,"profit_mean_pct":0.35,"profit_sum":0.020920291747266603,"profit_sum_pct":2.09,"profit_total_abs":15.54191315,"profit_total":0.01554191315,"profit_total_pct":1.55,"duration_avg":"4:10:00","wins":1,"draws":0,"losses":5,"winrate":0.16666666666666666,"cagr":0.14716851967268862,"expectancy":2.5903188583333314,"expectancy_ratio":0.14140524203168225,"sortino":0.5786514679929308,"sharpe":0.15047336874023878,"calmar":7.90695616318542,"sqn":0.1203,"profit_factor":1.1696862904380185,"max_drawdown_account":0.09159203793000006,"max_drawdown_abs":91.59203793},{"key":"TOTAL","trades":11,"profit_mean":0.008619419217793215,"profit_mean_pct":0.86,"profit_sum":0.09481361139572538,"profit_sum_pct":9.48,"profit_total_abs":85.16127845000003,"profit_total":0.08516127845000003,"profit_total_pct":8.52,"duration_avg":"20:38:00","wins":4,"draws":0,"losses":7,"winrate":0.36363636363636365,"cagr":1.0700733744385063,"expectancy":7.741934404545461,"expectancy_ratio":0.3043092851491431,"sortino":1.91984421347023,"sharpe":0.8089959715144156,"calmar":28.579629750684948,"sqn":0.4991,"profit_factor":1.4782003052343677,"max_drawdown_account":0.13885072438043958,"max_drawdown_abs":160.52731783000002}],"results_per_enter_tag":[{"key":"","trades":11,"profit_mean":0.008619419217793215,"profit_mean_pct":0.86,"profit_sum":0.09481361139572538,"profit_sum_pct":9.48,"profit_total_abs":85.16127845000003,"profit_total":0.08516127845000003,"profit_total_pct":8.52,"duration_avg":"20:38:00","wins":4,"draws":0,"losses":7,"winrate":0.36363636363636365,"cagr":1.0700733744385063,"expectancy":7.741934404545461,"expectancy_ratio":0.3043092851491431,"sortino":1.91984421347023,"sharpe":0.8089959715144156,"calmar":28.579629750684948,"sqn":0.4991,"profit_factor":1.4782003052343677,"max_drawdown_account":0.13885072438043958,"max_drawdown_abs":160.52731783000002},{"key":"TOTAL","trades":11,"profit_mean":0.008619419217793215,"profit_mean_pct":0.86,"profit_sum":0.09481361139572538,"profit_sum_pct":9.48,"profit_total_abs":85.16127845000003,"profit_total":0.08516127845000003,"profit_total_pct":8.52,"duration_avg":"20:38:00","wins":4,"draws":0,"losses":7,"winrate":0.36363636363636365,"cagr":1.0700733744385063,"expectancy":7.741934404545461,"expectancy_ratio":0.3043092851491431,"sortino":1.91984421347023,"sharpe":0.8089959715144156,"calmar":28.579629750684948,"sqn":0.4991,"profit_factor":1.4782003052343677,"max_drawdown_account":0.13885072438043958,"max_drawdown_abs":160.52731783000002}],"exit_reason_summary":[{"key":"exit_signal","trades":10,"profit_mean":0.011090580409275696,"profit_mean_pct":1.11,"profit_sum":0.11090580409275695,"profit_sum_pct":11.09,"profit_total_abs":102.72100389000002,"profit_total":0.10272100389000002,"profit_total_pct":10.27,"duration_avg":"16:15:00","wins":4,"draws":0,"losses":6,"winrate":0.4,"cagr":1.3880742804919008,"expectancy":10.272100389000006,"expectancy_ratio":0.3839384047970551,"sortino":2.1703815445563763,"sharpe":0.9430240946115866,"calmar":34.47257148116319,"sqn":0.6071,"profit_factor":1.6398973413284248,"max_drawdown_account":0.13885072438043958,"max_drawdown_abs":160.52731783000002},{"key":"force_exit","trades":1,"profit_mean":-0.01609219269703158,"profit_mean_pct":-1.61,"profit_sum":-0.01609219269703158,"profit_sum_pct":-1.61,"profit_total_abs":-17.55972544,"profit_total":-0.01755972544,"profit_total_pct":-1.76,"duration_avg":"2 days, 16:30:00","wins":0,"draws":0,"losses":1,"winrate":0.0,"cagr":-0.14590527616090943,"expectancy":-17.55972544,"expectancy_ratio":-1.0,"sortino":-100,"sharpe":-100,"calmar":-46.59749554766545,"sqn":-100.0,"profit_factor":0.0,"max_drawdown_account":0.017559725439999965,"max_drawdown_abs":17.55972544},{"key":"TOTAL","trades":11,"profit_mean":0.008619419217793215,"profit_mean_pct":0.86,"profit_sum":0.09481361139572538,"profit_sum_pct":9.48,"profit_total_abs":85.16127845000003,"profit_total":0.08516127845000003,"profit_total_pct":8.52,"duration_avg":"20:38:00","wins":4,"draws":0,"losses":7,"winrate":0.36363636363636365,"cagr":1.0700733744385063,"expectancy":7.741934404545461,"expectancy_ratio":0.3043092851491431,"sortino":1.91984421347023,"sharpe":0.8089959715144156,"calmar":28.579629750684948,"sqn":0.4991,"profit_factor":1.4782003052343677,"max_drawdown_account":0.13885072438043958,"max_drawdown_abs":160.52731783000002}],"mix_tag_stats":[{"key":["","exit_signal"],"trades":10,"profit_mean":0.011090580409275696,"profit_mean_pct":1.11,"profit_sum":0.11090580409275695,"profit_sum_pct":11.09,"profit_total_abs":102.72100389000002,"profit_total":0.10272100389000002,"profit_total_pct":10.27,"duration_avg":"16:15:00","wins":4,"draws":0,"losses":6,"winrate":0.4,"cagr":1.3880742804919008,"expectancy":10.272100389000006,"expectancy_ratio":0.3839384047970551,"sortino":2.1703815445563763,"sharpe":0.9430240946115866,"calmar":34.47257148116319,"sqn":0.6071,"profit_factor":1.6398973413284248,"max_drawdown_account":0.13885072438043958,"max_drawdown_abs":160.52731783000002},{"key":["","force_exit"],"trades":1,"profit_mean":-0.01609219269703158,"profit_mean_pct":-1.61,"profit_sum":-0.01609219269703158,"profit_sum_pct":-1.61,"profit_total_abs":-17.55972544,"profit_total":-0.01755972544,"profit_total_pct":-1.76,"duration_avg":"2 days, 16:30:00","wins":0,"draws":0,"losses":1,"winrate":0.0,"cagr":-0.14590527616090943,"expectancy":-17.55972544,"expectancy_ratio":-1.0,"sortino":-100,"sharpe":-100,"calmar":-46.59749554766545,"sqn":-100.0,"profit_factor":0.0,"max_drawdown_account":0.017559725439999965,"max_drawdown_abs":17.55972544},{"key":"TOTAL","trades":11,"profit_mean":0.008619419217793215,"profit_mean_pct":0.86,"profit_sum":0.09481361139572538,"profit_sum_pct":9.48,"profit_total_abs":85.16127845000003,"profit_total":0.08516127845000003,"profit_total_pct":8.52,"duration_avg":"20:38:00","wins":4,"draws":0,"losses":7,"winrate":0.36363636363636365,"cagr":1.0700733744385063,"expectancy":7.741934404545461,"expectancy_ratio":0.3043092851491431,"sortino":1.91984421347023,"sharpe":0.8089959715144156,"calmar":28.579629750684948,"sqn":0.4991,"profit_factor":1.4782003052343677,"max_drawdown_account":0.13885072438043958,"max_drawdown_abs":160.52731783000002}],"left_open_trades":[{"key":"SOL/USDT:USDT","trades":1,"profit_mean":-0.01609219269703158,"profit_mean_pct":-1.61,"profit_sum":-0.01609219269703158,"profit_sum_pct":-1.61,"profit_total_abs":-17.55972544,"profit_total":-0.01755972544,"profit_total_pct":-1.76,"duration_avg":"2 days, 16:30:00","wins":0,"draws":0,"losses":1,"winrate":0.0,"cagr":-0.14590527616090943,"expectancy":-17.55972544,"expectancy_ratio":-1.0,"sortino":-100,"sharpe":-100,"calmar":-46.59749554766545,"sqn":-100.0,"profit_factor":0.0,"max_drawdown_account":0.017559725439999965,"max_drawdown_abs":17.55972544},{"key":"TOTAL","trades":1,"profit_mean":-0.01609219269703158,"profit_mean_pct":-1.61,"profit_sum":-0.01609219269703158,"profit_sum_pct":-1.61,"profit_total_abs":-17.55972544,"profit_total":-0.01755972544,"profit_total_pct":-1.76,"duration_avg":"2 days, 16:30:00","wins":0,"draws":0,"losses":1,"winrate":0.0,"cagr":-0.14590527616090943,"expectancy":-17.55972544,"expectancy_ratio":-1.0,"sortino":-100,"sharpe":-100,"calmar":-46.59749554766545,"sqn":-100.0,"profit_factor":0.0,"max_drawdown_account":0.017559725439999965,"max_drawdown_abs":17.55972544}],"total_trades":11,"trade_count_long":11,"trade_count_short":0,"total_volume":23118.880113224997,"avg_stake_amount":1045.9199745454546,"profit_mean":0.008619419217793215,"profit_median":-0.00783135925973636,"profit_total":0.08516127845000003,"profit_total_long":0.08516127845000003,"profit_total_short":0.0,"profit_total_abs":85.16127845000003,"profit_total_long_abs":85.16127845000003,"profit_total_short_abs":0.0,"cagr":1.0700733744385063,"expectancy":7.741934404545461,"expectancy_ratio":0.3043092851491431,"sortino":1.91984421347023,"sharpe":0.8089959715144156,"calmar":28.579629750684948,"sqn":0.4991,"profit_factor":1.4782003052343677,"backtest_start":"2025-05-16 00:00:00","backtest_start_ts":1747353600000,"backtest_end":"2025-06-26 14:45:00","backtest_end_ts":1750949100000,"backtest_days":41,"backtest_run_start_ts":1750951001,"backtest_run_end_ts":1750951001,"trades_per_day":0.27,"market_change":-0.17586645138119364,"pairlist":["SOL/USDT:USDT","ETH/USDT:USDT","SUI/USDT:USDT"],"stake_amount":"unlimited","stake_currency":"USDT","stake_currency_decimals":3,"starting_balance":1000,"dry_run_wallet":1000,"final_balance":1085.16127845,"rejected_signals":252,"timedout_entry_orders":0,"timedout_exit_orders":0,"canceled_trade_entries":0,"canceled_entry_orders":0,"replaced_entry_orders":0,"max_open_trades":1,"max_open_trades_setting":1,"timeframe":"15m","timeframe_detail":"","timerange":"","enable_protections":false,"strategy_name":"SimpleGrid","stoploss":-0.1,"trailing_stop":false,"trailing_stop_positive":null,"trailing_stop_positive_offset":0.0,"trailing_only_offset_is_reached":false,"use_custom_stoploss":false,"minimal_roi":{},"use_exit_signal":true,"exit_profit_only":false,"exit_profit_offset":0.0,"ignore_roi_if_entry_signal":false,"trading_mode":"futures","margin_mode":"isolated","periodic_breakdown":{"day":[{"date":"20/05/2025","date_ts":1747699200000,"profit_abs":51.31515344,"wins":1,"draws":0,"losses":0,"trades":1,"profit_factor":0.0},{"date":"21/05/2025","date_ts":1747785600000,"profit_abs":0.0,"wins":0,"draws":0,"losses":0,"trades":0,"profit_factor":0.0},{"date":"22/05/2025","date_ts":1747872000000,"profit_abs":0.0,"wins":0,"draws":0,"losses":0,"trades":0,"profit_factor":0.0},{"date":"23/05/2025","date_ts":1747958400000,"profit_abs":0.0,"wins":0,"draws":0,"losses":0,"trades":0,"profit_factor":0.0},{"date":"24/05/2025","date_ts":1748044800000,"profit_abs":0.0,"wins":0,"draws":0,"losses":0,"trades":0,"profit_factor":0.0},{"date":"25/05/2025","date_ts":1748131200000,"profit_abs":0.0,"wins":0,"draws":0,"losses":0,"trades":0,"profit_factor":0.0},{"date":"26/05/2025","date_ts":1748217600000,"profit_abs":0.0,"wins":0,"draws":0,"losses":0,"trades":0,"profit_factor":0.0},{"date":"27/05/2025","date_ts":1748304000000,"profit_abs":0.0,"wins":0,"draws":0,"losses":0,"trades":0,"profit_factor":0.0},{"date":"28/05/2025","date_ts":1748390400000,"profit_abs":0.0,"wins":0,"draws":0,"losses":0,"trades":0,"profit_factor":0.0},{"date":"29/05/2025","date_ts":1748476800000,"profit_abs":0.0,"wins":0,"draws":0,"losses":0,"trades":0,"profit_factor":0.0},{"date":"30/05/2025","date_ts":1748563200000,"profit_abs":0.0,"wins":0,"draws":0,"losses":0,"trades":0,"profit_factor":0.0},{"date":"31/05/2025","date_ts":1748649600000,"profit_abs":0.0,"wins":0,"draws":0,"losses":0,"trades":0,"profit_factor":0.0},{"date":"01/06/2025","date_ts":1748736000000,"profit_abs":0.0,"wins":0,"draws":0,"losses":0,"trades":0,"profit_factor":0.0},{"date":"02/06/2025","date_ts":1748822400000,"profit_abs":0.0,"wins":0,"draws":0,"losses":0,"trades":0,"profit_factor":0.0},{"date":"03/06/2025","date_ts":1748908800000,"profit_abs":0.0,"wins":0,"draws":0,"losses":0,"trades":0,"profit_factor":0.0},{"date":"04/06/2025","date_ts":1748995200000,"profit_abs":0.0,"wins":0,"draws":0,"losses":0,"trades":0,"profit_factor":0.0},{"date":"05/06/2025","date_ts":1749081600000,"profit_abs":0.0,"wins":0,"draws":0,"losses":0,"trades":0,"profit_factor":0.0},{"date":"06/06/2025","date_ts":1749168000000,"profit_abs":53.58359194,"wins":1,"draws":0,"losses":0,"trades":1,"profit_factor":0.0},{"date":"07/06/2025","date_ts":1749254400000,"profit_abs":0.0,"wins":0,"draws":0,"losses":0,"trades":0,"profit_factor":0.0},{"date":"08/06/2025","date_ts":1749340800000,"profit_abs":0.0,"wins":0,"draws":0,"losses":0,"trades":0,"profit_factor":0.0},{"date":"09/06/2025","date_ts":1749427200000,"profit_abs":0.0,"wins":0,"draws":0,"losses":0,"trades":0,"profit_factor":0.0},{"date":"10/06/2025","date_ts":1749513600000,"profit_abs":0.0,"wins":0,"draws":0,"losses":0,"trades":0,"profit_factor":0.0},{"date":"11/06/2025","date_ts":1749600000000,"profit_abs":0.0,"wins":0,"draws":0,"losses":0,"trades":0,"profit_factor":0.0},{"date":"12/06/2025","date_ts":1749686400000,"profit_abs":0.0,"wins":0,"draws":0,"losses":0,"trades":0,"profit_factor":0.0},{"date":"13/06/2025","date_ts":1749772800000,"profit_abs":0.0,"wins":0,"draws":0,"losses":0,"trades":0,"profit_factor":0.0},{"date":"14/06/2025","date_ts":1749859200000,"profit_abs":0.0,"wins":0,"draws":0,"losses":0,"trades":0,"profit_factor":0.0},{"date":"15/06/2025","date_ts":1749945600000,"profit_abs":51.21562526,"wins":1,"draws":0,"losses":0,"trades":1,"profit_factor":0.0},{"date":"16/06/2025","date_ts":1750032000000,"profit_abs":0.0,"wins":0,"draws":0,"losses":0,"trades":0,"profit_factor":0.0},{"date":"17/06/2025","date_ts":1750118400000,"profit_abs":0.0,"wins":0,"draws":0,"losses":0,"trades":0,"profit_factor":0.0},{"date":"18/06/2025","date_ts":1750204800000,"profit_abs":0.0,"wins":0,"draws":0,"losses":0,"trades":0,"profit_factor":0.0},{"date":"19/06/2025","date_ts":1750291200000,"profit_abs":0.0,"wins":0,"draws":0,"losses":0,"trades":0,"profit_factor":0.0},{"date":"20/06/2025","date_ts":1750377600000,"profit_abs":0.0,"wins":0,"draws":0,"losses":0,"trades":0,"profit_factor":0.0},{"date":"21/06/2025","date_ts":1750464000000,"profit_abs":-68.9352799,"wins":0,"draws":0,"losses":1,"trades":1,"profit_factor":0.0},{"date":"22/06/2025","date_ts":1750550400000,"profit_abs":-41.48842908,"wins":0,"draws":0,"losses":1,"trades":1,"profit_factor":0.0},{"date":"23/06/2025","date_ts":1750636800000,"profit_abs":57.03034223,"wins":1,"draws":0,"losses":4,"trades":5,"profit_factor":2.13824819},{"date":"24/06/2025","date_ts":1750723200000,"profit_abs":0.0,"wins":0,"draws":0,"losses":0,"trades":0,"profit_factor":0.0},{"date":"25/06/2025","date_ts":1750809600000,"profit_abs":0.0,"wins":0,"draws":0,"losses":0,"trades":0,"profit_factor":0.0},{"date":"26/06/2025","date_ts":1750896000000,"profit_abs":-17.55972544,"wins":0,"draws":0,"losses":1,"trades":1,"profit_factor":0.0}],"week":[{"date":"26/05/2025","date_ts":1748217600000,"profit_abs":51.31515344,"wins":1,"draws":0,"losses":0,"trades":1,"profit_factor":0.0},{"date":"02/06/2025","date_ts":1748822400000,"profit_abs":0.0,"wins":0,"draws":0,"losses":0,"trades":0,"profit_factor":0.0},{"date":"09/06/2025","date_ts":1749427200000,"profit_abs":53.58359194,"wins":1,"draws":0,"losses":0,"trades":1,"profit_factor":0.0},{"date":"16/06/2025","date_ts":1750032000000,"profit_abs":51.21562526,"wins":1,"draws":0,"losses":0,"trades":1,"profit_factor":0.0},{"date":"23/06/2025","date_ts":1750636800000,"profit_abs":-53.39336675,"wins":1,"draws":0,"losses":6,"trades":7,"profit_factor":0.66738766},{"date":"30/06/2025","date_ts":1751241600000,"profit_abs":-17.55972544,"wins":0,"draws":0,"losses":1,"trades":1,"profit_factor":0.0}],"month":[{"date":"31/05/2025","date_ts":1748649600000,"profit_abs":51.31515344,"wins":1,"draws":0,"losses":0,"trades":1,"profit_factor":0.0},{"date":"30/06/2025","date_ts":1751241600000,"profit_abs":33.84612501,"wins":3,"draws":0,"losses":7,"trades":10,"profit_factor":1.19005383}],"year":[{"date":"31/12/2025","date_ts":1767139200000,"profit_abs":85.16127845,"wins":4,"draws":0,"losses":7,"trades":11,"profit_factor":1.47820031}]},"backtest_best_day":0.05944953820180407,"backtest_worst_day":-0.06022315468096741,"backtest_best_day_abs":57.03034223,"backtest_worst_day_abs":-68.9352799,"winning_days":4,"draw_days":31,"losing_days":3,"daily_profit":[["2025-05-20",51.31515344],["2025-05-21",0.0],["2025-05-22",0.0],["2025-05-23",0.0],["2025-05-24",0.0],["2025-05-25",0.0],["2025-05-26",0.0],["2025-05-27",0.0],["2025-05-28",0.0],["2025-05-29",0.0],["2025-05-30",0.0],["2025-05-31",0.0],["2025-06-01",0.0],["2025-06-02",0.0],["2025-06-03",0.0],["2025-06-04",0.0],["2025-06-05",0.0],["2025-06-06",53.58359194],["2025-06-07",0.0],["2025-06-08",0.0],["2025-06-09",0.0],["2025-06-10",0.0],["2025-06-11",0.0],["2025-06-12",0.0],["2025-06-13",0.0],["2025-06-14",0.0],["2025-06-15",51.21562526],["2025-06-16",0.0],["2025-06-17",0.0],["2025-06-18",0.0],["2025-06-19",0.0],["2025-06-20",0.0],["2025-06-21",-68.9352799],["2025-06-22",-41.48842908],["2025-06-23",57.03034223],["2025-06-24",0.0],["2025-06-25",0.0],["2025-06-26",-17.55972544]],"wins":4,"losses":7,"draws":0,"winrate":0.36363636363636365,"holding_avg":"20:38:00","holding_avg_s":74280.0,"winner_holding_min":"0d 04:45","winner_holding_min_s":17100.0,"winner_holding_max":"2d 14:15","winner_holding_max_s":224100.0,"winner_holding_avg":"1d 04:15","winner_holding_avg_s":101700.0,"loser_holding_min":"0d 00:30","loser_holding_min_s":1800.0,"loser_holding_max":"2d 16:30","loser_holding_max_s":232200.0,"loser_holding_avg":"0d 16:17","loser_holding_avg_s":58620.0,"max_consecutive_wins":3,"max_consecutive_losses":6,"max_drawdown_account":0.13885072438043958,"max_relative_drawdown":0.13885072438043958,"max_drawdown_abs":160.52731783000002,"drawdown_start":"2025-06-15 15:00:00","drawdown_start_ts":1749999600000.0,"drawdown_end":"2025-06-23 15:45:00","drawdown_end_ts":1750693500000.0,"max_drawdown_low":-4.412947189999997,"max_drawdown_high":156.11437064,"csum_min":995.58705281,"csum_max":1156.11437064}},"strategy_comparison":[{"key":"SimpleGrid","trades":11,"profit_mean":0.008619419217793215,"profit_mean_pct":0.86,"profit_sum":0.09481361139572538,"profit_sum_pct":9.48,"profit_total_abs":85.16127845000003,"profit_total":0.08516127845000003,"profit_total_pct":8.52,"duration_avg":"20:38:00","wins":4,"draws":0,"losses":7,"winrate":0.36363636363636365,"cagr":1.0700733744385063,"expectancy":7.741934404545461,"expectancy_ratio":0.3043092851491431,"sortino":1.91984421347023,"sharpe":0.8089959715144156,"calmar":28.579629750684948,"sqn":0.4991,"profit_factor":1.4782003052343677,"max_drawdown_account":0.13885072438043958,"max_drawdown_abs":"160.527"}]}