{"strategy":{"GridBotSample":{"trades":[{"pair":"SOL/USDT:USDT","stake_amount":329.802,"max_stake_amount":329.802,"amount":2.09,"open_date":"2025-05-30 16:45:00+00:00","close_date":"2025-05-30 17:30:00+00:00","open_rate":157.8,"close_rate":158.67,"fee_open":0.0005,"fee_close":0.0005,"trade_duration":45,"profit_ratio":0.004508297182207376,"profit_abs":1.48758885,"exit_reason":"exit_signal","initial_stop_loss_abs":142.02,"initial_stop_loss_ratio":-0.1,"stop_loss_abs":142.02,"stop_loss_ratio":-0.1,"min_rate":156.85,"max_rate":159.1,"is_open":false,"enter_tag":"","leverage":1.0,"is_short":false,"open_timestamp":1748623500000,"close_timestamp":1748626200000,"orders":[{"amount":2.09,"safe_price":157.8,"ft_order_side":"buy","order_filled_timestamp":1748623500000,"ft_is_entry":true,"ft_order_tag":"","cost":329.966901},{"amount":2.09,"safe_price":158.67,"ft_order_side":"sell","order_filled_timestamp":1748626200000,"ft_is_entry":false,"ft_order_tag":"exit_signal","cost":331.7861101499999}],"funding_fees":0.0},{"pair":"SOL/USDT:USDT","stake_amount":329.4928,"max_stake_amount":329.4928,"amount":2.08,"open_date":"2025-05-30 17:45:00+00:00","close_date":"2025-05-30 18:15:00+00:00","open_rate":158.41,"close_rate":159.49,"fee_open":0.0005,"fee_close":0.0005,"trade_duration":30,"profit_ratio":0.0058114368104755145,"profit_abs":1.915784,"exit_reason":"exit_signal","initial_stop_loss_abs":142.57,"initial_stop_loss_ratio":-0.1,"stop_loss_abs":142.57,"stop_loss_ratio":-0.1,"min_rate":157.77,"max_rate":160.7,"is_open":false,"enter_tag":"","leverage":1.0,"is_short":false,"open_timestamp":1748627100000,"close_timestamp":1748628900000,"orders":[{"amount":2.08,"safe_price":158.41,"ft_order_side":"buy","order_filled_timestamp":1748627100000,"ft_is_entry":true,"ft_order_tag":"","cost":329.65754639999994},{"amount":2.08,"safe_price":159.49,"ft_order_side":"sell","order_filled_timestamp":1748628900000,"ft_is_entry":false,"ft_order_tag":"exit_signal","cost":331.90506960000005}],"funding_fees":0.0},{"pair":"SOL/USDT:USDT","stake_amount":329.9692,"max_stake_amount":329.9692,"amount":2.09,"open_date":"2025-05-30 22:45:00+00:00","close_date":"2025-06-02 01:15:00+00:00","open_rate":157.88,"close_rate":158.76,"fee_open":0.0005,"fee_close":0.0005,"trade_duration":3030,"profit_ratio":0.004757023456697794,"profit_abs":1.57045606,"exit_reason":"exit_signal","initial_stop_loss_abs":142.1,"initial_stop_loss_ratio":-0.1,"stop_loss_abs":142.1,"stop_loss_ratio":-0.1,"min_rate":150.48,"max_rate":158.84,"is_open":false,"enter_tag":"","leverage":1.0,"is_short":false,"open_timestamp":1748645100000,"close_timestamp":1748826900000,"orders":[{"amount":2.09,"safe_price":157.88,"ft_order_side":"buy","order_filled_timestamp":1748645100000,"ft_is_entry":true,"ft_order_tag":"","cost":330.1341845999999},{"amount":2.09,"safe_price":158.76,"ft_order_side":"sell","order_filled_timestamp":1748826900000,"ft_is_entry":false,"ft_order_tag":"exit_signal","cost":331.97430419999995}],"funding_fees":0.06214485652697004},{"pair":"SOL/USDT:USDT","stake_amount":331.2023,"max_stake_amount":331.2023,"amount":2.09,"open_date":"2025-06-02 01:30:00+00:00","close_date":"2025-06-03 01:00:00+00:00","open_rate":158.47,"close_rate":158.78,"fee_open":0.0005,"fee_close":0.0005,"trade_duration":1410,"profit_ratio":0.0008701838319260512,"profit_abs":0.28835099,"exit_reason":"exit_signal","initial_stop_loss_abs":142.63,"initial_stop_loss_ratio":-0.1,"stop_loss_abs":142.63,"stop_loss_ratio":-0.1,"min_rate":151.52,"max_rate":159.78,"is_open":false,"enter_tag":"","leverage":1.0,"is_short":false,"open_timestamp":1748827800000,"close_timestamp":1748912400000,"orders":[{"amount":2.09,"safe_price":158.47,"ft_order_side":"buy","order_filled_timestamp":1748827800000,"ft_is_entry":true,"ft_order_tag":"","cost":331.36790114999997},{"amount":2.09,"safe_price":158.78,"ft_order_side":"sell","order_filled_timestamp":1748912400000,"ft_is_entry":false,"ft_order_tag":"exit_signal","cost":332.01612509999995}],"funding_fees":-0.02802276441830999},{"pair":"SOL/USDT:USDT","stake_amount":331.056,"max_stake_amount":331.056,"amount":2.09,"open_date":"2025-06-03 05:00:00+00:00","close_date":"2025-06-03 05:15:00+00:00","open_rate":158.4,"close_rate":159.13,"fee_open":0.0005,"fee_close":0.0005,"trade_duration":15,"profit_ratio":0.003604479325993569,"profit_abs":1.19388115,"exit_reason":"exit_signal","initial_stop_loss_abs":142.56,"initial_stop_loss_ratio":-0.1,"stop_loss_abs":142.56,"stop_loss_ratio":-0.1,"min_rate":158.39,"max_rate":159.35,"is_open":false,"enter_tag":"","leverage":1.0,"is_short":false,"open_timestamp":1748926800000,"close_timestamp":1748927700000,"orders":[{"amount":2.09,"safe_price":158.4,"ft_order_side":"buy","order_filled_timestamp":1748926800000,"ft_is_entry":true,"ft_order_tag":"","cost":331.221528},{"amount":2.09,"safe_price":159.13,"ft_order_side":"sell","order_filled_timestamp":1748927700000,"ft_is_entry":false,"ft_order_tag":"exit_signal","cost":332.74799084999995}],"funding_fees":0.0},{"pair":"SOL/USDT:USDT","stake_amount":331.6076,"max_stake_amount":331.6076,"amount":2.11,"open_date":"2025-06-03 20:30:00+00:00","close_date":"2025-06-05 20:45:00+00:00","open_rate":157.16,"close_rate":142.21,"fee_open":0.0005,"fee_close":0.0005,"trade_duration":2895,"profit_ratio":-0.09609511366745667,"profit_abs":-31.88180295,"exit_reason":"exit_signal","initial_stop_loss_abs":141.45,"initial_stop_loss_ratio":-0.1,"stop_loss_abs":141.45,"stop_loss_ratio":-0.1,"min_rate":141.43,"max_rate":158.49,"is_open":false,"enter_tag":"","leverage":1.0,"is_short":false,"open_timestamp":1748982600000,"close_timestamp":1749156300000,"orders":[{"amount":2.11,"safe_price":157.16,"ft_order_side":"buy","order_filled_timestamp":1748982600000,"ft_is_entry":true,"ft_order_tag":"","cost":331.7734038},{"amount":2.11,"safe_price":142.21,"ft_order_side":"sell","order_filled_timestamp":1749156300000,"ft_is_entry":false,"ft_order_tag":"exit_signal","cost":300.21313155}],"funding_fees":-0.021467604861990133},{"pair":"SOL/USDT:USDT","stake_amount":320.8576,"max_stake_amount":320.8576,"amount":2.24,"open_date":"2025-06-05 21:30:00+00:00","close_date":"2025-06-09 21:30:00+00:00","open_rate":143.24,"close_rate":159.5,"fee_open":0.0005,"fee_close":0.0005,"trade_duration":5760,"profit_ratio":0.11234340870141184,"profit_abs":36.06425961,"exit_reason":"exit_signal","initial_stop_loss_abs":128.92,"initial_stop_loss_ratio":-0.1,"stop_loss_abs":128.92,"stop_loss_ratio":-0.1,"min_rate":142.93,"max_rate":159.68,"is_open":false,"enter_tag":"","leverage":1.0,"is_short":false,"open_timestamp":1749159000000,"close_timestamp":1749504600000,"orders":[{"amount":2.24,"safe_price":143.24,"ft_order_side":"buy","order_filled_timestamp":1749159000000,"ft_is_entry":true,"ft_order_tag":"","cost":321.0180288},{"amount":2.24,"safe_price":159.5,"ft_order_side":"sell","order_filled_timestamp":1749504600000,"ft_is_entry":false,"ft_order_tag":"exit_signal","cost":357.45864}],"funding_fees":-0.019071585894528606},{"pair":"SOL/USDT:USDT","stake_amount":332.724,"max_stake_amount":332.724,"amount":2.1,"open_date":"2025-06-10 05:30:00+00:00","close_date":"2025-06-10 10:00:00+00:00","open_rate":158.44,"close_rate":158.88,"fee_open":0.0005,"fee_close":0.0005,"trade_duration":270,"profit_ratio":0.0016748820742368024,"profit_abs":0.5575521,"exit_reason":"exit_signal","initial_stop_loss_abs":142.6,"initial_stop_loss_ratio":-0.1,"stop_loss_abs":142.6,"stop_loss_ratio":-0.1,"min_rate":157.33,"max_rate":159.2,"is_open":false,"enter_tag":"","leverage":1.0,"is_short":false,"open_timestamp":1749533400000,"close_timestamp":1749549600000,"orders":[{"amount":2.1,"safe_price":158.44,"ft_order_side":"buy","order_filled_timestamp":1749533400000,"ft_is_entry":true,"ft_order_tag":"","cost":332.890362},{"amount":2.1,"safe_price":158.88,"ft_order_side":"sell","order_filled_timestamp":1749549600000,"ft_is_entry":false,"ft_order_tag":"exit_signal","cost":333.814824}],"funding_fees":-0.0332619},{"pair":"SOL/USDT:USDT","stake_amount":332.7259,"max_stake_amount":332.7259,"amount":2.11,"open_date":"2025-06-10 10:45:00+00:00","close_date":"2025-06-10 11:30:00+00:00","open_rate":157.69,"close_rate":159.36,"fee_open":0.0005,"fee_close":0.0005,"trade_duration":45,"profit_ratio":0.009580313527680323,"profit_abs":3.18921225,"exit_reason":"exit_signal","initial_stop_loss_abs":141.93,"initial_stop_loss_ratio":-0.1,"stop_loss_abs":141.93,"stop_loss_ratio":-0.1,"min_rate":157.02,"max_rate":161.43,"is_open":false,"enter_tag":"","leverage":1.0,"is_short":false,"open_timestamp":1749552300000,"close_timestamp":1749555000000,"orders":[{"amount":2.11,"safe_price":157.69,"ft_order_side":"buy","order_filled_timestamp":1749552300000,"ft_is_entry":true,"ft_order_tag":"","cost":332.89226295},{"amount":2.11,"safe_price":159.36,"ft_order_side":"sell","order_filled_timestamp":1749555000000,"ft_is_entry":false,"ft_order_tag":"exit_signal","cost":336.4177248}],"funding_fees":0.0},{"pair":"SOL/USDT:USDT","stake_amount":334.1396,"max_stake_amount":334.1396,"amount":2.11,"open_date":"2025-06-10 13:45:00+00:00","close_date":"2025-06-10 14:00:00+00:00","open_rate":158.36,"close_rate":159.08,"fee_open":0.0005,"fee_close":0.0005,"trade_duration":15,"profit_ratio":0.0035425580970565485,"profit_abs":1.1843008,"exit_reason":"exit_signal","initial_stop_loss_abs":142.53,"initial_stop_loss_ratio":-0.1,"stop_loss_abs":142.53,"stop_loss_ratio":-0.1,"min_rate":157.74,"max_rate":159.22,"is_open":false,"enter_tag":"","leverage":1.0,"is_short":false,"open_timestamp":1749563100000,"close_timestamp":1749564000000,"orders":[{"amount":2.11,"safe_price":158.36,"ft_order_side":"buy","order_filled_timestamp":1749563100000,"ft_is_entry":true,"ft_order_tag":"","cost":334.3066698},{"amount":2.11,"safe_price":159.08,"ft_order_side":"sell","order_filled_timestamp":1749564000000,"ft_is_entry":false,"ft_order_tag":"exit_signal","cost":335.82662939999994}],"funding_fees":0.0},{"pair":"SOL/USDT:USDT","stake_amount":334.8964,"max_stake_amount":334.8964,"amount":2.12,"open_date":"2025-06-10 14:30:00+00:00","close_date":"2025-06-10 18:45:00+00:00","open_rate":157.97,"close_rate":158.89,"fee_open":0.0005,"fee_close":0.0005,"trade_duration":255,"profit_ratio":0.004819698808676191,"profit_abs":1.61490683,"exit_reason":"exit_signal","initial_stop_loss_abs":142.18,"initial_stop_loss_ratio":-0.1,"stop_loss_abs":142.18,"stop_loss_ratio":-0.1,"min_rate":156.23,"max_rate":164.99,"is_open":false,"enter_tag":"","leverage":1.0,"is_short":false,"open_timestamp":1749565800000,"close_timestamp":1749581100000,"orders":[{"amount":2.12,"safe_price":157.97,"ft_order_side":"buy","order_filled_timestamp":1749565800000,"ft_is_entry":true,"ft_order_tag":"","cost":335.0638482},{"amount":2.12,"safe_price":158.89,"ft_order_side":"sell","order_filled_timestamp":1749581100000,"ft_is_entry":false,"ft_order_tag":"exit_signal","cost":337.01522339999997}],"funding_fees":0.000378432932},{"pair":"SOL/USDT:USDT","stake_amount":334.3928,"max_stake_amount":334.3928,"amount":2.11,"open_date":"2025-06-12 11:15:00+00:00","close_date":"2025-06-12 12:45:00+00:00","open_rate":158.48,"close_rate":159.03,"fee_open":0.0005,"fee_close":0.0005,"trade_duration":90,"profit_ratio":0.0024675004749013683,"profit_abs":0.82552695,"exit_reason":"exit_signal","initial_stop_loss_abs":142.64,"initial_stop_loss_ratio":-0.1,"stop_loss_abs":142.64,"stop_loss_ratio":-0.1,"min_rate":157.21,"max_rate":159.05,"is_open":false,"enter_tag":"","leverage":1.0,"is_short":false,"open_timestamp":1749726900000,"close_timestamp":1749732300000,"orders":[{"amount":2.11,"safe_price":158.48,"ft_order_side":"buy","order_filled_timestamp":1749726900000,"ft_is_entry":true,"ft_order_tag":"","cost":334.55999639999993},{"amount":2.11,"safe_price":159.03,"ft_order_side":"sell","order_filled_timestamp":1749732300000,"ft_is_entry":false,"ft_order_tag":"exit_signal","cost":335.72107665}],"funding_fees":0.0},{"pair":"SOL/USDT:USDT","stake_amount":335.278,"max_stake_amount":335.278,"amount":2.12,"open_date":"2025-06-12 13:30:00+00:00","close_date":"2025-06-12 13:45:00+00:00","open_rate":158.15,"close_rate":158.91,"fee_open":0.0005,"fee_close":0.0005,"trade_duration":15,"profit_ratio":0.003801260925022787,"profit_abs":1.2751164,"exit_reason":"exit_signal","initial_stop_loss_abs":142.34,"initial_stop_loss_ratio":-0.1,"stop_loss_abs":142.34,"stop_loss_ratio":-0.1,"min_rate":157.74,"max_rate":158.96,"is_open":false,"enter_tag":"","leverage":1.0,"is_short":false,"open_timestamp":1749735000000,"close_timestamp":1749735900000,"orders":[{"amount":2.12,"safe_price":158.15,"ft_order_side":"buy","order_filled_timestamp":1749735000000,"ft_is_entry":true,"ft_order_tag":"","cost":335.445639},{"amount":2.12,"safe_price":158.91,"ft_order_side":"sell","order_filled_timestamp":1749735900000,"ft_is_entry":false,"ft_order_tag":"exit_signal","cost":337.0576446}],"funding_fees":0.0},{"pair":"SOL/USDT:USDT","stake_amount":335.4264,"max_stake_amount":335.4264,"amount":2.12,"open_date":"2025-06-12 15:30:00+00:00","close_date":"2025-06-12 17:15:00+00:00","open_rate":158.22,"close_rate":158.61,"fee_open":0.0005,"fee_close":0.0005,"trade_duration":105,"profit_ratio":0.001464960977152206,"profit_abs":0.49163228,"exit_reason":"exit_signal","initial_stop_loss_abs":142.4,"initial_stop_loss_ratio":-0.1,"stop_loss_abs":142.4,"stop_loss_ratio":-0.1,"min_rate":156.34,"max_rate":159.74,"is_open":false,"enter_tag":"","leverage":1.0,"is_short":false,"open_timestamp":1749742200000,"close_timestamp":1749748500000,"orders":[{"amount":2.12,"safe_price":158.22,"ft_order_side":"buy","order_filled_timestamp":1749742200000,"ft_is_entry":true,"ft_order_tag":"","cost":335.5941132},{"amount":2.12,"safe_price":158.61,"ft_order_side":"sell","order_filled_timestamp":1749748500000,"ft_is_entry":false,"ft_order_tag":"exit_signal","cost":336.42132660000004}],"funding_fees":0.0006720798560000001},{"pair":"SOL/USDT:USDT","stake_amount":335.0024,"max_stake_amount":335.0024,"amount":2.12,"open_date":"2025-06-12 18:30:00+00:00","close_date":"2025-06-13 00:30:00+00:00","open_rate":158.02,"close_rate":142.22,"fee_open":0.0005,"fee_close":0.0005,"trade_duration":360,"profit_ratio":-0.10087046766119342,"profit_abs":-33.80874468,"exit_reason":"stop_loss","initial_stop_loss_abs":142.22,"initial_stop_loss_ratio":-0.1,"stop_loss_abs":142.22,"stop_loss_ratio":-0.1,"min_rate":142.03,"max_rate":158.55,"is_open":false,"enter_tag":"","leverage":1.0,"is_short":false,"open_timestamp":1749753000000,"close_timestamp":1749774600000,"orders":[{"amount":2.12,"safe_price":158.02,"ft_order_side":"buy","order_filled_timestamp":1749753000000,"ft_is_entry":true,"ft_order_tag":"","cost":335.1699012},{"amount":2.12,"safe_price":142.22,"ft_order_side":"sell","order_filled_timestamp":1749774600000,"ft_is_entry":false,"ft_order_tag":"stop_loss","cost":301.6571532}],"funding_fees":0.005509719215535792},{"pair":"SOL/USDT:USDT","stake_amount":324.6942,"max_stake_amount":324.6942,"amount":2.26,"open_date":"2025-06-13 05:45:00+00:00","close_date":"2025-06-14 20:15:00+00:00","open_rate":143.67,"close_rate":142.14,"fee_open":0.0005,"fee_close":0.0005,"trade_duration":2310,"profit_ratio":-0.011665064484089015,"profit_abs":-3.78947257,"exit_reason":"exit_signal","initial_stop_loss_abs":129.31,"initial_stop_loss_ratio":-0.1,"stop_loss_abs":129.31,"stop_loss_ratio":-0.1,"min_rate":141.87,"max_rate":148.87,"is_open":false,"enter_tag":"","leverage":1.0,"is_short":false,"open_timestamp":1749793500000,"close_timestamp":1749932100000,"orders":[{"amount":2.26,"safe_price":143.67,"ft_order_side":"buy","order_filled_timestamp":1749793500000,"ft_is_entry":true,"ft_order_tag":"","cost":324.85654709999994},{"amount":2.26,"safe_price":142.14,"ft_order_side":"sell","order_filled_timestamp":1749932100000,"ft_is_entry":false,"ft_order_tag":"exit_signal","cost":321.39701819999993}],"funding_fees":-0.008707266604177819},{"pair":"SOL/USDT:USDT","stake_amount":324.1106,"max_stake_amount":324.1106,"amount":2.27,"open_date":"2025-06-14 20:45:00+00:00","close_date":"2025-06-15 16:15:00+00:00","open_rate":142.78,"close_rate":150.66,"fee_open":0.0005,"fee_close":0.0005,"trade_duration":1170,"profit_ratio":0.05409832566292246,"profit_abs":17.54260771,"exit_reason":"force_exit","initial_stop_loss_abs":128.51,"initial_stop_loss_ratio":-0.1,"stop_loss_abs":128.51,"stop_loss_ratio":-0.1,"min_rate":142.5,"max_rate":152.92,"is_open":false,"enter_tag":"","leverage":1.0,"is_short":false,"open_timestamp":1749933900000,"close_timestamp":1750004100000,"orders":[{"amount":2.27,"safe_price":142.78,"ft_order_side":"buy","order_filled_timestamp":1749933900000,"ft_is_entry":true,"ft_order_tag":"","cost":324.27265529999994},{"amount":2.27,"safe_price":150.66,"ft_order_side":"sell","order_filled_timestamp":1750004100000,"ft_is_entry":false,"ft_order_tag":"force_exit","cost":342.16919909999996}],"funding_fees":-0.011937890955999998}],"locks":[],"best_pair":{"key":"SOL/USDT:USDT","trades":17,"profit_mean":0.00027727553197774864,"profit_mean_pct":0.03,"profit_sum":0.004713684043621727,"profit_sum_pct":0.47,"profit_total_abs":-0.2788442199999963,"profit_total":-0.0002788442199999963,"profit_total_pct":-0.03,"duration_avg":"17:28:00","wins":14,"draws":0,"losses":3,"winrate":0.8235294117647058,"cagr":-0.0033873277855634987,"expectancy":-0.016402601176470633,"expectancy_ratio":-0.000708229551283579,"sortino":-0.01294330296478168,"sharpe":-0.011863137217698511,"calmar":-0.48164236911107466,"sqn":-0.0044,"profit_factor":0.9959866992093938,"max_drawdown_account":0.03686906637670044,"max_drawdown_abs":37.59821725},"worst_pair":{"key":"SOL/USDT:USDT","trades":17,"profit_mean":0.00027727553197774864,"profit_mean_pct":0.03,"profit_sum":0.004713684043621727,"profit_sum_pct":0.47,"profit_total_abs":-0.2788442199999963,"profit_total":-0.0002788442199999963,"profit_total_pct":-0.03,"duration_avg":"17:28:00","wins":14,"draws":0,"losses":3,"winrate":0.8235294117647058,"cagr":-0.0033873277855634987,"expectancy":-0.016402601176470633,"expectancy_ratio":-0.000708229551283579,"sortino":-0.01294330296478168,"sharpe":-0.011863137217698511,"calmar":-0.48164236911107466,"sqn":-0.0044,"profit_factor":0.9959866992093938,"max_drawdown_account":0.03686906637670044,"max_drawdown_abs":37.59821725},"results_per_pair":[{"key":"SOL/USDT:USDT","trades":17,"profit_mean":0.00027727553197774864,"profit_mean_pct":0.03,"profit_sum":0.004713684043621727,"profit_sum_pct":0.47,"profit_total_abs":-0.2788442199999963,"profit_total":-0.0002788442199999963,"profit_total_pct":-0.03,"duration_avg":"17:28:00","wins":14,"draws":0,"losses":3,"winrate":0.8235294117647058,"cagr":-0.0033873277855634987,"expectancy":-0.016402601176470633,"expectancy_ratio":-0.000708229551283579,"sortino":-0.01294330296478168,"sharpe":-0.011863137217698511,"calmar":-0.48164236911107466,"sqn":-0.0044,"profit_factor":0.9959866992093938,"max_drawdown_account":0.03686906637670044,"max_drawdown_abs":37.59821725},{"key":"TOTAL","trades":17,"profit_mean":0.00027727553197774864,"profit_mean_pct":0.03,"profit_sum":0.004713684043621727,"profit_sum_pct":0.47,"profit_total_abs":-0.2788442199999963,"profit_total":-0.0002788442199999963,"profit_total_pct":-0.03,"duration_avg":"17:28:00","wins":14,"draws":0,"losses":3,"winrate":0.8235294117647058,"cagr":-0.0033873277855634987,"expectancy":-0.016402601176470633,"expectancy_ratio":-0.000708229551283579,"sortino":-0.01294330296478168,"sharpe":-0.011863137217698511,"calmar":-0.48164236911107466,"sqn":-0.0044,"profit_factor":0.9959866992093938,"max_drawdown_account":0.03686906637670044,"max_drawdown_abs":37.59821725}],"results_per_enter_tag":[{"key":"","trades":17,"profit_mean":0.00027727553197774864,"profit_mean_pct":0.03,"profit_sum":0.004713684043621727,"profit_sum_pct":0.47,"profit_total_abs":-0.2788442199999963,"profit_total":-0.0002788442199999963,"profit_total_pct":-0.03,"duration_avg":"17:28:00","wins":14,"draws":0,"losses":3,"winrate":0.8235294117647058,"cagr":-0.0033873277855634987,"expectancy":-0.016402601176470633,"expectancy_ratio":-0.000708229551283579,"sortino":-0.01294330296478168,"sharpe":-0.011863137217698511,"calmar":-0.48164236911107466,"sqn":-0.0044,"profit_factor":0.9959866992093938,"max_drawdown_account":0.03686906637670044,"max_drawdown_abs":37.59821725},{"key":"TOTAL","trades":17,"profit_mean":0.00027727553197774864,"profit_mean_pct":0.03,"profit_sum":0.004713684043621727,"profit_sum_pct":0.47,"profit_total_abs":-0.2788442199999963,"profit_total":-0.0002788442199999963,"profit_total_pct":-0.03,"duration_avg":"17:28:00","wins":14,"draws":0,"losses":3,"winrate":0.8235294117647058,"cagr":-0.0033873277855634987,"expectancy":-0.016402601176470633,"expectancy_ratio":-0.000708229551283579,"sortino":-0.01294330296478168,"sharpe":-0.011863137217698511,"calmar":-0.48164236911107466,"sqn":-0.0044,"profit_factor":0.9959866992093938,"max_drawdown_account":0.03686906637670044,"max_drawdown_abs":37.59821725}],"exit_reason_summary":[{"key":"force_exit","trades":1,"profit_mean":0.05409832566292246,"profit_mean_pct":5.41,"profit_sum":0.05409832566292246,"profit_sum_pct":5.41,"profit_total_abs":17.54260771,"profit_total":0.017542607709999998,"profit_total_pct":1.75,"duration_avg":"19:30:00","wins":1,"draws":0,"losses":0,"winrate":1.0,"cagr":0.2356344551241918,"expectancy":17.54260771,"expectancy_ratio":100.0,"sortino":-100,"sharpe":-100,"calmar":-100,"sqn":-100.0,"profit_factor":0.0,"max_drawdown_account":0.0,"max_drawdown_abs":0.0},{"key":"exit_signal","trades":15,"profit_mean":0.003432388402792846,"profit_mean_pct":0.34,"profit_sum":0.05148582604189269,"profit_sum_pct":5.15,"profit_total_abs":15.987292749999998,"profit_total":0.01598729275,"profit_total_pct":1.6,"duration_avg":"18:06:00","wins":13,"draws":0,"losses":2,"winrate":0.8666666666666667,"cagr":0.2128507458968305,"expectancy":1.0658195166666666,"expectancy_ratio":0.05975785845219295,"sortino":0.7248403033632851,"sharpe":0.8149241335325634,"calmar":32.1404572828445,"sqn":0.3192,"profit_factor":1.4481839383914468,"max_drawdown_account":0.03167729241626197,"max_drawdown_abs":31.88180295},{"key":"stop_loss","trades":1,"profit_mean":-0.10087046766119342,"profit_mean_pct":-10.09,"profit_sum":-0.10087046766119342,"profit_sum_pct":-10.09,"profit_total_abs":-33.80874468,"profit_total":-0.033808744679999995,"profit_total_pct":-3.38,"duration_avg":"6:00:00","wins":0,"draws":0,"losses":1,"winrate":0.0,"cagr":-0.3419365845004182,"expectancy":-33.80874468,"expectancy_ratio":-1.0,"sortino":-100,"sharpe":-100,"calmar":-63.68324391514262,"sqn":-100.0,"profit_factor":0.0,"max_drawdown_account":0.033808744680000016,"max_drawdown_abs":33.80874468},{"key":"TOTAL","trades":17,"profit_mean":0.00027727553197774864,"profit_mean_pct":0.03,"profit_sum":0.004713684043621727,"profit_sum_pct":0.47,"profit_total_abs":-0.2788442199999963,"profit_total":-0.0002788442199999963,"profit_total_pct":-0.03,"duration_avg":"17:28:00","wins":14,"draws":0,"losses":3,"winrate":0.8235294117647058,"cagr":-0.0033873277855634987,"expectancy":-0.016402601176470633,"expectancy_ratio":-0.000708229551283579,"sortino":-0.01294330296478168,"sharpe":-0.011863137217698511,"calmar":-0.48164236911107466,"sqn":-0.0044,"profit_factor":0.9959866992093938,"max_drawdown_account":0.03686906637670044,"max_drawdown_abs":37.59821725}],"mix_tag_stats":[{"key":["","force_exit"],"trades":1,"profit_mean":0.05409832566292246,"profit_mean_pct":5.41,"profit_sum":0.05409832566292246,"profit_sum_pct":5.41,"profit_total_abs":17.54260771,"profit_total":0.017542607709999998,"profit_total_pct":1.75,"duration_avg":"19:30:00","wins":1,"draws":0,"losses":0,"winrate":1.0,"cagr":0.2356344551241918,"expectancy":17.54260771,"expectancy_ratio":100.0,"sortino":-100,"sharpe":-100,"calmar":-100,"sqn":-100.0,"profit_factor":0.0,"max_drawdown_account":0.0,"max_drawdown_abs":0.0},{"key":["","exit_signal"],"trades":15,"profit_mean":0.003432388402792846,"profit_mean_pct":0.34,"profit_sum":0.05148582604189269,"profit_sum_pct":5.15,"profit_total_abs":15.987292749999998,"profit_total":0.01598729275,"profit_total_pct":1.6,"duration_avg":"18:06:00","wins":13,"draws":0,"losses":2,"winrate":0.8666666666666667,"cagr":0.2128507458968305,"expectancy":1.0658195166666666,"expectancy_ratio":0.05975785845219295,"sortino":0.7248403033632851,"sharpe":0.8149241335325634,"calmar":32.1404572828445,"sqn":0.3192,"profit_factor":1.4481839383914468,"max_drawdown_account":0.03167729241626197,"max_drawdown_abs":31.88180295},{"key":["","stop_loss"],"trades":1,"profit_mean":-0.10087046766119342,"profit_mean_pct":-10.09,"profit_sum":-0.10087046766119342,"profit_sum_pct":-10.09,"profit_total_abs":-33.80874468,"profit_total":-0.033808744679999995,"profit_total_pct":-3.38,"duration_avg":"6:00:00","wins":0,"draws":0,"losses":1,"winrate":0.0,"cagr":-0.3419365845004182,"expectancy":-33.80874468,"expectancy_ratio":-1.0,"sortino":-100,"sharpe":-100,"calmar":-63.68324391514262,"sqn":-100.0,"profit_factor":0.0,"max_drawdown_account":0.033808744680000016,"max_drawdown_abs":33.80874468},{"key":"TOTAL","trades":17,"profit_mean":0.00027727553197774864,"profit_mean_pct":0.03,"profit_sum":0.004713684043621727,"profit_sum_pct":0.47,"profit_total_abs":-0.2788442199999963,"profit_total":-0.0002788442199999963,"profit_total_pct":-0.03,"duration_avg":"17:28:00","wins":14,"draws":0,"losses":3,"winrate":0.8235294117647058,"cagr":-0.0033873277855634987,"expectancy":-0.016402601176470633,"expectancy_ratio":-0.000708229551283579,"sortino":-0.01294330296478168,"sharpe":-0.011863137217698511,"calmar":-0.48164236911107466,"sqn":-0.0044,"profit_factor":0.9959866992093938,"max_drawdown_account":0.03686906637670044,"max_drawdown_abs":37.59821725}],"left_open_trades":[{"key":"SOL/USDT:USDT","trades":1,"profit_mean":0.05409832566292246,"profit_mean_pct":5.41,"profit_sum":0.05409832566292246,"profit_sum_pct":5.41,"profit_total_abs":17.54260771,"profit_total":0.017542607709999998,"profit_total_pct":1.75,"duration_avg":"19:30:00","wins":1,"draws":0,"losses":0,"winrate":1.0,"cagr":0.2356344551241918,"expectancy":17.54260771,"expectancy_ratio":100.0,"sortino":-100,"sharpe":-100,"calmar":-100,"sqn":-100.0,"profit_factor":0.0,"max_drawdown_account":0.0,"max_drawdown_abs":0.0},{"key":"TOTAL","trades":1,"profit_mean":0.05409832566292246,"profit_mean_pct":5.41,"profit_sum":0.05409832566292246,"profit_sum_pct":5.41,"profit_total_abs":17.54260771,"profit_total":0.017542607709999998,"profit_total_pct":1.75,"duration_avg":"19:30:00","wins":1,"draws":0,"losses":0,"winrate":1.0,"cagr":0.2356344551241918,"expectancy":17.54260771,"expectancy_ratio":100.0,"sortino":-100,"sharpe":-100,"calmar":-100,"sqn":-100.0,"profit_factor":0.0,"max_drawdown_account":0.0,"max_drawdown_abs":0.0}],"total_trades":17,"trade_count_long":17,"trade_count_short":0,"total_volume":11265.790680299999,"avg_stake_amount":331.0222235294118,"profit_mean":0.00027727553197774864,"profit_median":0.003604479325993569,"profit_total":-0.0002788442199999963,"profit_total_long":-0.0002788442199999963,"profit_total_short":0.0,"profit_total_abs":-0.2788442199999963,"profit_total_long_abs":-0.2788442199999963,"profit_total_short_abs":0.0,"cagr":-0.0033873277855634987,"expectancy":-0.016402601176470633,"expectancy_ratio":-0.000708229551283579,"sortino":-0.01294330296478168,"sharpe":-0.011863137217698511,"calmar":-0.48164236911107466,"sqn":-0.0044,"profit_factor":0.9959866992093938,"backtest_start":"2025-05-16 00:00:00","backtest_start_ts":1747353600000,"backtest_end":"2025-06-15 16:15:00","backtest_end_ts":1750004100000,"backtest_days":30,"backtest_run_start_ts":1750005231,"backtest_run_end_ts":1750005231,"trades_per_day":0.57,"market_change":-0.11500940291490358,"pairlist":["SOL/USDT:USDT"],"stake_amount":"unlimited","stake_currency":"USDT","stake_currency_decimals":3,"starting_balance":1000,"dry_run_wallet":1000,"final_balance":999.72115578,"rejected_signals":0,"timedout_entry_orders":0,"timedout_exit_orders":0,"canceled_trade_entries":0,"canceled_entry_orders":0,"replaced_entry_orders":0,"max_open_trades":1,"max_open_trades_setting":3,"timeframe":"15m","timeframe_detail":"","timerange":"","enable_protections":false,"strategy_name":"GridBotSample","stoploss":-0.1,"trailing_stop":false,"trailing_stop_positive":null,"trailing_stop_positive_offset":0.0,"trailing_only_offset_is_reached":false,"use_custom_stoploss":false,"minimal_roi":{},"use_exit_signal":true,"exit_profit_only":false,"exit_profit_offset":0.0,"ignore_roi_if_entry_signal":false,"trading_mode":"futures","margin_mode":"isolated","periodic_breakdown":{"day":[{"date":"30/05/2025","date_ts":1748563200000,"profit_abs":3.40337285,"wins":2,"draws":0,"losses":0,"trades":2,"profit_factor":0.0},{"date":"31/05/2025","date_ts":1748649600000,"profit_abs":0.0,"wins":0,"draws":0,"losses":0,"trades":0,"profit_factor":0.0},{"date":"01/06/2025","date_ts":1748736000000,"profit_abs":0.0,"wins":0,"draws":0,"losses":0,"trades":0,"profit_factor":0.0},{"date":"02/06/2025","date_ts":1748822400000,"profit_abs":1.57045606,"wins":1,"draws":0,"losses":0,"trades":1,"profit_factor":0.0},{"date":"03/06/2025","date_ts":1748908800000,"profit_abs":1.48223214,"wins":2,"draws":0,"losses":0,"trades":2,"profit_factor":0.0},{"date":"04/06/2025","date_ts":1748995200000,"profit_abs":0.0,"wins":0,"draws":0,"losses":0,"trades":0,"profit_factor":0.0},{"date":"05/06/2025","date_ts":1749081600000,"profit_abs":-31.88180295,"wins":0,"draws":0,"losses":1,"trades":1,"profit_factor":0.0},{"date":"06/06/2025","date_ts":1749168000000,"profit_abs":0.0,"wins":0,"draws":0,"losses":0,"trades":0,"profit_factor":0.0},{"date":"07/06/2025","date_ts":1749254400000,"profit_abs":0.0,"wins":0,"draws":0,"losses":0,"trades":0,"profit_factor":0.0},{"date":"08/06/2025","date_ts":1749340800000,"profit_abs":0.0,"wins":0,"draws":0,"losses":0,"trades":0,"profit_factor":0.0},{"date":"09/06/2025","date_ts":1749427200000,"profit_abs":36.06425961,"wins":1,"draws":0,"losses":0,"trades":1,"profit_factor":0.0},{"date":"10/06/2025","date_ts":1749513600000,"profit_abs":6.54597198,"wins":4,"draws":0,"losses":0,"trades":4,"profit_factor":0.0},{"date":"11/06/2025","date_ts":1749600000000,"profit_abs":0.0,"wins":0,"draws":0,"losses":0,"trades":0,"profit_factor":0.0},{"date":"12/06/2025","date_ts":1749686400000,"profit_abs":2.59227563,"wins":3,"draws":0,"losses":0,"trades":3,"profit_factor":0.0},{"date":"13/06/2025","date_ts":1749772800000,"profit_abs":-33.80874468,"wins":0,"draws":0,"losses":1,"trades":1,"profit_factor":0.0},{"date":"14/06/2025","date_ts":1749859200000,"profit_abs":-3.78947257,"wins":0,"draws":0,"losses":1,"trades":1,"profit_factor":0.0},{"date":"15/06/2025","date_ts":1749945600000,"profit_abs":17.54260771,"wins":1,"draws":0,"losses":0,"trades":1,"profit_factor":0.0}],"week":[{"date":"02/06/2025","date_ts":1748822400000,"profit_abs":4.97382891,"wins":3,"draws":0,"losses":0,"trades":3,"profit_factor":0.0},{"date":"09/06/2025","date_ts":1749427200000,"profit_abs":5.6646888,"wins":3,"draws":0,"losses":1,"trades":4,"profit_factor":1.17767781},{"date":"16/06/2025","date_ts":1750032000000,"profit_abs":-10.91736193,"wins":8,"draws":0,"losses":2,"trades":10,"profit_factor":0.70963086}],"month":[{"date":"31/05/2025","date_ts":1748649600000,"profit_abs":3.40337285,"wins":2,"draws":0,"losses":0,"trades":2,"profit_factor":0.0},{"date":"30/06/2025","date_ts":1751241600000,"profit_abs":-3.68221707,"wins":12,"draws":0,"losses":3,"trades":15,"profit_factor":0.94700322}],"year":[{"date":"31/12/2025","date_ts":1767139200000,"profit_abs":-0.27884422,"wins":14,"draws":0,"losses":3,"trades":17,"profit_factor":0.9959867}]},"backtest_best_day":0.11234340870141184,"backtest_worst_day":-0.10087046766119342,"backtest_best_day_abs":36.06425961,"backtest_worst_day_abs":-33.80874468,"winning_days":7,"draw_days":7,"losing_days":3,"daily_profit":[["2025-05-30",3.40337285],["2025-05-31",0.0],["2025-06-01",0.0],["2025-06-02",1.57045606],["2025-06-03",1.48223214],["2025-06-04",0.0],["2025-06-05",-31.88180295],["2025-06-06",0.0],["2025-06-07",0.0],["2025-06-08",0.0],["2025-06-09",36.06425961],["2025-06-10",6.54597198],["2025-06-11",0.0],["2025-06-12",2.59227563],["2025-06-13",-33.80874468],["2025-06-14",-3.78947257],["2025-06-15",17.54260771]],"wins":14,"losses":3,"draws":0,"winrate":0.8235294117647058,"holding_avg":"17:28:00","holding_avg_s":62880.0,"winner_holding_min":"0d 00:15","winner_holding_min_s":900.0,"winner_holding_max":"4d 00:00","winner_holding_max_s":345600.0,"winner_holding_avg":"0d 14:35","winner_holding_avg_s":52500.0,"loser_holding_min":"0d 06:00","loser_holding_min_s":21600.0,"loser_holding_max":"2d 00:15","loser_holding_max_s":173700.0,"loser_holding_avg":"1d 06:55","loser_holding_avg_s":111300.0,"max_consecutive_wins":8,"max_consecutive_losses":2,"max_drawdown_account":0.03686906637670044,"max_relative_drawdown":0.03686906637670044,"max_drawdown_abs":37.59821725,"drawdown_start":"2025-06-12 17:15:00","drawdown_start_ts":1749748500000.0,"drawdown_end":"2025-06-14 20:15:00","drawdown_end_ts":1749932100000.0,"max_drawdown_low":-17.82145193,"max_drawdown_high":19.77676532,"csum_min":974.5742581,"csum_max":1019.77676532}},"strategy_comparison":[{"key":"GridBotSample","trades":17,"profit_mean":0.00027727553197774864,"profit_mean_pct":0.03,"profit_sum":0.004713684043621727,"profit_sum_pct":0.47,"profit_total_abs":-0.2788442199999963,"profit_total":-0.0002788442199999963,"profit_total_pct":-0.03,"duration_avg":"17:28:00","wins":14,"draws":0,"losses":3,"winrate":0.8235294117647058,"cagr":-0.0033873277855634987,"expectancy":-0.016402601176470633,"expectancy_ratio":-0.000708229551283579,"sortino":-0.01294330296478168,"sharpe":-0.011863137217698511,"calmar":-0.48164236911107466,"sqn":-0.0044,"profit_factor":0.9959866992093938,"max_drawdown_account":0.03686906637670044,"max_drawdown_abs":"37.598"}]}