{"strategy":{"GridBotSample":{"trades":[{"pair":"ETH/USDT:USDT","stake_amount":989.70696,"max_stake_amount":989.70696,"amount":0.396,"open_date":"2025-05-17 00:30:00+00:00","close_date":"2025-05-18 04:30:00+00:00","open_rate":2499.26,"close_rate":2481.15,"fee_open":0.0005,"fee_close":0.0005,"trade_duration":1680,"profit_ratio":-0.008295868335294578,"profit_abs":-8.21458387,"exit_reason":"exit_signal","initial_stop_loss_abs":2249.34,"initial_stop_loss_ratio":-0.1,"stop_loss_abs":2249.34,"stop_loss_ratio":-0.1,"min_rate":2442.65,"max_rate":2512.33,"is_open":false,"enter_tag":"","leverage":1.0,"is_short":false,"open_timestamp":1747441800000,"close_timestamp":1747542600000,"orders":[{"amount":0.396,"safe_price":2499.26,"ft_order_side":"buy","order_filled_timestamp":1747441800000,"ft_is_entry":true,"ft_order_tag":"","cost":990.20181348},{"amount":0.396,"safe_price":2481.15,"ft_order_side":"sell","order_filled_timestamp":1747542600000,"ft_is_entry":false,"ft_order_tag":"exit_signal","cost":983.0266677000001}],"funding_fees":-0.05690268634406044},{"pair":"ETH/USDT:USDT","stake_amount":979.86224,"max_stake_amount":979.86224,"amount":0.394,"open_date":"2025-05-18 04:45:00+00:00","close_date":"2025-05-18 20:00:00+00:00","open_rate":2486.96,"close_rate":2406.78,"fee_open":0.0005,"fee_close":0.0005,"trade_duration":915,"profit_ratio":-0.033258265009757405,"profit_abs":-32.60481231,"exit_reason":"exit_signal","initial_stop_loss_abs":2238.27,"initial_stop_loss_ratio":-0.1,"stop_loss_abs":2238.27,"stop_loss_ratio":-0.1,"min_rate":2312.62,"max_rate":2587.52,"is_open":false,"enter_tag":"","leverage":1.0,"is_short":false,"open_timestamp":1747543500000,"close_timestamp":1747598400000,"orders":[{"amount":0.394,"safe_price":2486.96,"ft_order_side":"buy","order_filled_timestamp":1747543500000,"ft_is_entry":true,"ft_order_tag":"","cost":980.35217112},{"amount":0.394,"safe_price":2406.78,"ft_order_side":"sell","order_filled_timestamp":1747598400000,"ft_is_entry":false,"ft_order_tag":"exit_signal","cost":948.7454556600002}],"funding_fees":-0.04982552831447587},{"pair":"ETH/USDT:USDT","stake_amount":948.21272,"max_stake_amount":948.21272,"amount":0.392,"open_date":"2025-05-19 11:45:00+00:00","close_date":"2025-05-19 12:00:00+00:00","open_rate":2418.91,"close_rate":2416.33,"fee_open":0.0005,"fee_close":0.0005,"trade_duration":15,"profit_ratio":-0.002065030298266827,"profit_abs":-1.95906704,"exit_reason":"exit_signal","initial_stop_loss_abs":2177.02,"initial_stop_loss_ratio":-0.1,"stop_loss_abs":2177.02,"stop_loss_ratio":-0.1,"min_rate":2395.3,"max_rate":2420.88,"is_open":false,"enter_tag":"","leverage":1.0,"is_short":false,"open_timestamp":1747655100000,"close_timestamp":1747656000000,"orders":[{"amount":0.392,"safe_price":2418.91,"ft_order_side":"buy","order_filled_timestamp":1747655100000,"ft_is_entry":true,"ft_order_tag":"","cost":948.6868263599999},{"amount":0.392,"safe_price":2416.33,"ft_order_side":"sell","order_filled_timestamp":1747656000000,"ft_is_entry":false,"ft_order_tag":"exit_signal","cost":947.67496068}],"funding_fees":0.0},{"pair":"ETH/USDT:USDT","stake_amount":946.11413,"max_stake_amount":946.11413,"amount":0.389,"open_date":"2025-05-19 13:45:00+00:00","close_date":"2025-05-22 03:45:00+00:00","open_rate":2432.17,"close_rate":2634.82,"fee_open":0.0005,"fee_close":0.0005,"trade_duration":3720,"profit_ratio":0.08182421986943864,"profit_abs":77.45375812,"exit_reason":"exit_signal","initial_stop_loss_abs":2188.96,"initial_stop_loss_ratio":-0.1,"stop_loss_abs":2188.96,"stop_loss_ratio":-0.1,"min_rate":2416.4,"max_rate":2647.25,"is_open":false,"enter_tag":"","leverage":1.0,"is_short":false,"open_timestamp":1747662300000,"close_timestamp":1747885500000,"orders":[{"amount":0.389,"safe_price":2432.17,"ft_order_side":"buy","order_filled_timestamp":1747662300000,"ft_is_entry":true,"ft_order_tag":"","cost":946.587187065},{"amount":0.389,"safe_price":2634.82,"ft_order_side":"sell","order_filled_timestamp":1747885500000,"ft_is_entry":false,"ft_order_tag":"exit_signal","cost":1025.45745249}],"funding_fees":-0.39156232810667496},{"pair":"ETH/USDT:USDT","stake_amount":1023.18172,"max_stake_amount":1023.18172,"amount":0.407,"open_date":"2025-05-23 23:45:00+00:00","close_date":"2025-05-24 18:15:00+00:00","open_rate":2513.96,"close_rate":2561.57,"fee_open":0.0005,"fee_close":0.0005,"trade_duration":1110,"profit_ratio":0.017757117290068916,"profit_abs":18.17784219,"exit_reason":"exit_signal","initial_stop_loss_abs":2262.57,"initial_stop_loss_ratio":-0.1,"stop_loss_abs":2262.57,"stop_loss_ratio":-0.1,"min_rate":2505.01,"max_rate":2574.5,"is_open":false,"enter_tag":"","leverage":1.0,"is_short":false,"open_timestamp":1748043900000,"close_timestamp":1748110500000,"orders":[{"amount":0.407,"safe_price":2513.96,"ft_order_side":"buy","order_filled_timestamp":1748043900000,"ft_is_entry":true,"ft_order_tag":"","cost":1023.6933108599999},{"amount":0.407,"safe_price":2561.57,"ft_order_side":"sell","order_filled_timestamp":1748110500000,"ft_is_entry":false,"ft_order_tag":"exit_signal","cost":1043.080269495}],"funding_fees":-0.16655745974473787},{"pair":"ETH/USDT:USDT","stake_amount":1040.32743,"max_stake_amount":1040.32743,"amount":0.417,"open_date":"2025-05-25 00:45:00+00:00","close_date":"2025-05-25 19:00:00+00:00","open_rate":2494.79,"close_rate":2514.89,"fee_open":0.0005,"fee_close":0.0005,"trade_duration":1095,"profit_ratio":0.006926417876673335,"profit_abs":7.20934538,"exit_reason":"exit_signal","initial_stop_loss_abs":2245.32,"initial_stop_loss_ratio":-0.1,"stop_loss_abs":2245.32,"stop_loss_ratio":-0.1,"min_rate":2457.6,"max_rate":2524.99,"is_open":false,"enter_tag":"","leverage":1.0,"is_short":false,"open_timestamp":1748133900000,"close_timestamp":1748199600000,"orders":[{"amount":0.417,"safe_price":2494.79,"ft_order_side":"buy","order_filled_timestamp":1748133900000,"ft_is_entry":true,"ft_order_tag":"","cost":1040.847593715},{"amount":0.417,"safe_price":2514.89,"ft_order_side":"sell","order_filled_timestamp":1748199600000,"ft_is_entry":false,"ft_order_tag":"exit_signal","cost":1049.2334845649998}],"funding_fees":-0.12783633894629998},{"pair":"ETH/USDT:USDT","stake_amount":1048.4448,"max_stake_amount":1048.4448,"amount":0.416,"open_date":"2025-05-25 19:30:00+00:00","close_date":"2025-05-25 21:00:00+00:00","open_rate":2520.3,"close_rate":2522.66,"fee_open":0.0005,"fee_close":0.0005,"trade_duration":90,"profit_ratio":-6.403971763275208e-05,"profit_abs":-0.06717568,"exit_reason":"exit_signal","initial_stop_loss_abs":2268.28,"initial_stop_loss_ratio":-0.1,"stop_loss_abs":2268.28,"stop_loss_ratio":-0.1,"min_rate":2509.69,"max_rate":2537.0,"is_open":false,"enter_tag":"","leverage":1.0,"is_short":false,"open_timestamp":1748201400000,"close_timestamp":1748206800000,"orders":[{"amount":0.416,"safe_price":2520.3,"ft_order_side":"buy","order_filled_timestamp":1748201400000,"ft_is_entry":true,"ft_order_tag":"","cost":1048.9690223999999},{"amount":0.416,"safe_price":2522.66,"ft_order_side":"sell","order_filled_timestamp":1748206800000,"ft_is_entry":false,"ft_order_tag":"exit_signal","cost":1049.95127328}],"funding_fees":0.0},{"pair":"ETH/USDT:USDT","stake_amount":1048.49888,"max_stake_amount":1048.49888,"amount":0.416,"open_date":"2025-05-25 21:30:00+00:00","close_date":"2025-05-27 08:30:00+00:00","open_rate":2520.43,"close_rate":2637.32,"fee_open":0.0005,"fee_close":0.0005,"trade_duration":2100,"profit_ratio":0.04505274527667425,"profit_abs":47.26137184,"exit_reason":"exit_signal","initial_stop_loss_abs":2268.39,"initial_stop_loss_ratio":-0.1,"stop_loss_abs":2268.39,"stop_loss_ratio":-0.1,"min_rate":2506.08,"max_rate":2643.44,"is_open":false,"enter_tag":"","leverage":1.0,"is_short":false,"open_timestamp":1748208600000,"close_timestamp":1748334600000,"orders":[{"amount":0.416,"safe_price":2520.43,"ft_order_side":"buy","order_filled_timestamp":1748208600000,"ft_is_entry":true,"ft_order_tag":"","cost":1049.0231294399998},{"amount":0.416,"safe_price":2637.32,"ft_order_side":"sell","order_filled_timestamp":1748334600000,"ft_is_entry":false,"ft_order_tag":"exit_signal","cost":1097.6736825599999}],"funding_fees":-0.2920561570273126},{"pair":"ETH/USDT:USDT","stake_amount":1095.48225,"max_stake_amount":1095.48225,"amount":0.435,"open_date":"2025-05-30 23:30:00+00:00","close_date":"2025-05-31 12:00:00+00:00","open_rate":2518.35,"close_rate":2518.6,"fee_open":0.0005,"fee_close":0.0005,"trade_duration":750,"profit_ratio":-0.001014909134793134,"profit_abs":-1.11237085,"exit_reason":"exit_signal","initial_stop_loss_abs":2266.52,"initial_stop_loss_ratio":-0.1,"stop_loss_abs":2266.52,"stop_loss_ratio":-0.1,"min_rate":2474.0,"max_rate":2538.39,"is_open":false,"enter_tag":"","leverage":1.0,"is_short":false,"open_timestamp":1748647800000,"close_timestamp":1748692800000,"orders":[{"amount":0.435,"safe_price":2518.35,"ft_order_side":"buy","order_filled_timestamp":1748647800000,"ft_is_entry":true,"ft_order_tag":"","cost":1096.029991125},{"amount":0.435,"safe_price":2518.6,"ft_order_side":"sell","order_filled_timestamp":1748692800000,"ft_is_entry":false,"ft_order_tag":"exit_signal","cost":1096.1387954999998}],"funding_fees":-0.12558422187980472},{"pair":"ETH/USDT:USDT","stake_amount":1093.55848,"max_stake_amount":1093.55848,"amount":0.434,"open_date":"2025-06-01 00:15:00+00:00","close_date":"2025-06-01 05:45:00+00:00","open_rate":2519.72,"close_rate":2515.81,"fee_open":0.0005,"fee_close":0.0005,"trade_duration":330,"profit_ratio":-0.0025497089849817367,"profit_abs":-2.78965001,"exit_reason":"exit_signal","initial_stop_loss_abs":2267.75,"initial_stop_loss_ratio":-0.1,"stop_loss_abs":2267.75,"stop_loss_ratio":-0.1,"min_rate":2488.52,"max_rate":2529.67,"is_open":false,"enter_tag":"","leverage":1.0,"is_short":false,"open_timestamp":1748736900000,"close_timestamp":1748756700000,"orders":[{"amount":0.434,"safe_price":2519.72,"ft_order_side":"buy","order_filled_timestamp":1748736900000,"ft_is_entry":true,"ft_order_tag":"","cost":1094.10525924},{"amount":0.434,"safe_price":2515.81,"ft_order_side":"sell","order_filled_timestamp":1748756700000,"ft_is_entry":false,"ft_order_tag":"exit_signal","cost":1092.40747077}],"funding_fees":0.0},{"pair":"ETH/USDT:USDT","stake_amount":1090.06018,"max_stake_amount":1090.06018,"amount":0.433,"open_date":"2025-06-01 06:00:00+00:00","close_date":"2025-06-03 01:45:00+00:00","open_rate":2517.46,"close_rate":2636.84,"fee_open":0.0005,"fee_close":0.0005,"trade_duration":2625,"profit_ratio":0.046110916035189325,"profit_abs":50.28880527,"exit_reason":"exit_signal","initial_stop_loss_abs":2265.72,"initial_stop_loss_ratio":-0.1,"stop_loss_abs":2265.72,"stop_loss_ratio":-0.1,"min_rate":2465.0,"max_rate":2649.0,"is_open":false,"enter_tag":"","leverage":1.0,"is_short":false,"open_timestamp":1748757600000,"close_timestamp":1748915100000,"orders":[{"amount":0.433,"safe_price":2517.46,"ft_order_side":"buy","order_filled_timestamp":1748757600000,"ft_is_entry":true,"ft_order_tag":"","cost":1090.60521009},{"amount":0.433,"safe_price":2636.84,"ft_order_side":"sell","order_filled_timestamp":1748915100000,"ft_is_entry":false,"ft_order_tag":"exit_signal","cost":1142.3225958599999}],"funding_fees":-0.28682877588365024},{"pair":"ETH/USDT:USDT","stake_amount":1140.03435,"max_stake_amount":1140.03435,"amount":0.455,"open_date":"2025-06-05 20:15:00+00:00","close_date":"2025-06-05 20:45:00+00:00","open_rate":2505.57,"close_rate":2417.7,"fee_open":0.0005,"fee_close":0.0005,"trade_duration":30,"profit_ratio":-0.036034312258331015,"profit_abs":-41.10089393,"exit_reason":"exit_signal","initial_stop_loss_abs":2255.02,"initial_stop_loss_ratio":-0.1,"stop_loss_abs":2255.02,"stop_loss_ratio":-0.1,"min_rate":2392.32,"max_rate":2506.53,"is_open":false,"enter_tag":"","leverage":1.0,"is_short":false,"open_timestamp":1749154500000,"close_timestamp":1749156300000,"orders":[{"amount":0.455,"safe_price":2505.57,"ft_order_side":"buy","order_filled_timestamp":1749154500000,"ft_is_entry":true,"ft_order_tag":"","cost":1140.604367175},{"amount":0.455,"safe_price":2417.7,"ft_order_side":"sell","order_filled_timestamp":1749156300000,"ft_is_entry":false,"ft_order_tag":"exit_signal","cost":1100.60352675}],"funding_fees":0.0},{"pair":"SOL/USDT:USDT","stake_amount":1100.7054,"max_stake_amount":1100.7054,"amount":7.74,"open_date":"2025-06-05 20:45:00+00:00","close_date":"2025-06-06 13:15:00+00:00","open_rate":142.21,"close_rate":151.66,"fee_open":0.0005,"fee_close":0.0005,"trade_duration":990,"profit_ratio":0.06556862723573949,"profit_abs":72.20782794,"exit_reason":"exit_signal","initial_stop_loss_abs":127.99,"initial_stop_loss_ratio":-0.1,"stop_loss_abs":127.99,"stop_loss_ratio":-0.1,"min_rate":141.43,"max_rate":152.56,"is_open":false,"enter_tag":"","leverage":1.0,"is_short":false,"open_timestamp":1749156300000,"close_timestamp":1749215700000,"orders":[{"amount":7.74,"safe_price":142.21,"ft_order_side":"buy","order_filled_timestamp":1749156300000,"ft_is_entry":true,"ft_order_tag":"","cost":1101.2557527},{"amount":7.74,"safe_price":151.66,"ft_order_side":"sell","order_filled_timestamp":1749215700000,"ft_is_entry":false,"ft_order_tag":"exit_signal","cost":1174.4353242}],"funding_fees":0.20210483848102018},{"pair":"ETH/USDT:USDT","stake_amount":1172.802,"max_stake_amount":1172.802,"amount":0.472,"open_date":"2025-06-06 13:15:00+00:00","close_date":"2025-06-07 08:45:00+00:00","open_rate":2484.75,"close_rate":2485.35,"fee_open":0.0005,"fee_close":0.0005,"trade_duration":1170,"profit_ratio":-0.0009266230594007721,"profit_abs":-1.08728875,"exit_reason":"exit_signal","initial_stop_loss_abs":2236.28,"initial_stop_loss_ratio":-0.1,"stop_loss_abs":2236.28,"stop_loss_ratio":-0.1,"min_rate":2455.85,"max_rate":2529.67,"is_open":false,"enter_tag":"","leverage":1.0,"is_short":false,"open_timestamp":1749215700000,"close_timestamp":1749285900000,"orders":[{"amount":0.472,"safe_price":2484.75,"ft_order_side":"buy","order_filled_timestamp":1749215700000,"ft_is_entry":true,"ft_order_tag":"","cost":1173.388401},{"amount":0.472,"safe_price":2485.35,"ft_order_side":"sell","order_filled_timestamp":1749285900000,"ft_is_entry":false,"ft_order_tag":"exit_signal","cost":1173.6717426}],"funding_fees":-0.19754515360699626},{"pair":"ETH/USDT:USDT","stake_amount":1171.80136,"max_stake_amount":1171.80136,"amount":0.472,"open_date":"2025-06-07 09:00:00+00:00","close_date":"2025-06-07 10:00:00+00:00","open_rate":2482.63,"close_rate":2485.01,"fee_open":0.0005,"fee_close":0.0005,"trade_duration":60,"profit_ratio":-4.1797656494132825e-05,"profit_abs":-0.04900304,"exit_reason":"exit_signal","initial_stop_loss_abs":2234.37,"initial_stop_loss_ratio":-0.1,"stop_loss_abs":2234.37,"stop_loss_ratio":-0.1,"min_rate":2481.91,"max_rate":2489.36,"is_open":false,"enter_tag":"","leverage":1.0,"is_short":false,"open_timestamp":1749286800000,"close_timestamp":1749290400000,"orders":[{"amount":0.472,"safe_price":2482.63,"ft_order_side":"buy","order_filled_timestamp":1749286800000,"ft_is_entry":true,"ft_order_tag":"","cost":1172.3872606799998},{"amount":0.472,"safe_price":2485.01,"ft_order_side":"sell","order_filled_timestamp":1749290400000,"ft_is_entry":false,"ft_order_tag":"exit_signal","cost":1173.51118236}],"funding_fees":0.0},{"pair":"ETH/USDT:USDT","stake_amount":1169.6232,"max_stake_amount":1169.6232,"amount":0.47,"open_date":"2025-06-07 10:15:00+00:00","close_date":"2025-06-07 20:00:00+00:00","open_rate":2488.56,"close_rate":2515.78,"fee_open":0.0005,"fee_close":0.0005,"trade_duration":585,"profit_ratio":0.009859303906341502,"profit_abs":11.53743642,"exit_reason":"exit_signal","initial_stop_loss_abs":2239.71,"initial_stop_loss_ratio":-0.1,"stop_loss_abs":2239.71,"stop_loss_ratio":-0.1,"min_rate":2487.11,"max_rate":2524.9,"is_open":false,"enter_tag":"","leverage":1.0,"is_short":false,"open_timestamp":1749291300000,"close_timestamp":1749326400000,"orders":[{"amount":0.47,"safe_price":2488.56,"ft_order_side":"buy","order_filled_timestamp":1749291300000,"ft_is_entry":true,"ft_order_tag":"","cost":1170.2080116},{"amount":0.47,"safe_price":2515.78,"ft_order_side":"sell","order_filled_timestamp":1749326400000,"ft_is_entry":false,"ft_order_tag":"exit_signal","cost":1183.0078082999999}],"funding_fees":-0.07994368358757803},{"pair":"ETH/USDT:USDT","stake_amount":1183.02905,"max_stake_amount":1183.02905,"amount":0.469,"open_date":"2025-06-07 20:30:00+00:00","close_date":"2025-06-07 21:00:00+00:00","open_rate":2522.45,"close_rate":2520.75,"fee_open":0.0005,"fee_close":0.0005,"trade_duration":30,"profit_ratio":-0.0016727745861652614,"profit_abs":-1.9799304,"exit_reason":"exit_signal","initial_stop_loss_abs":2270.21,"initial_stop_loss_ratio":-0.1,"stop_loss_abs":2270.21,"stop_loss_ratio":-0.1,"min_rate":2517.28,"max_rate":2522.47,"is_open":false,"enter_tag":"","leverage":1.0,"is_short":false,"open_timestamp":1749328200000,"close_timestamp":1749330000000,"orders":[{"amount":0.469,"safe_price":2522.45,"ft_order_side":"buy","order_filled_timestamp":1749328200000,"ft_is_entry":true,"ft_order_tag":"","cost":1183.6205645249997},{"amount":0.469,"safe_price":2520.75,"ft_order_side":"sell","order_filled_timestamp":1749330000000,"ft_is_entry":false,"ft_order_tag":"exit_signal","cost":1182.822865875}],"funding_fees":0.0},{"pair":"ETH/USDT:USDT","stake_amount":1178.79372,"max_stake_amount":1178.79372,"amount":0.468,"open_date":"2025-06-07 21:15:00+00:00","close_date":"2025-06-07 21:30:00+00:00","open_rate":2518.79,"close_rate":2519.35,"fee_open":0.0005,"fee_close":0.0005,"trade_duration":15,"profit_ratio":-0.0007773934923208123,"profit_abs":-0.91684476,"exit_reason":"exit_signal","initial_stop_loss_abs":2266.92,"initial_stop_loss_ratio":-0.1,"stop_loss_abs":2266.92,"stop_loss_ratio":-0.1,"min_rate":2517.22,"max_rate":2522.38,"is_open":false,"enter_tag":"","leverage":1.0,"is_short":false,"open_timestamp":1749330900000,"close_timestamp":1749331800000,"orders":[{"amount":0.468,"safe_price":2518.79,"ft_order_side":"buy","order_filled_timestamp":1749330900000,"ft_is_entry":true,"ft_order_tag":"","cost":1179.38311686},{"amount":0.468,"safe_price":2519.35,"ft_order_side":"sell","order_filled_timestamp":1749331800000,"ft_is_entry":false,"ft_order_tag":"exit_signal","cost":1179.6453279}],"funding_fees":0.0},{"pair":"ETH/USDT:USDT","stake_amount":1179.04176,"max_stake_amount":1179.04176,"amount":0.468,"open_date":"2025-06-07 22:15:00+00:00","close_date":"2025-06-07 22:30:00+00:00","open_rate":2519.32,"close_rate":2522.73,"fee_open":0.0005,"fee_close":0.0005,"trade_duration":15,"profit_ratio":0.00035268673079747056,"profit_abs":0.4160403,"exit_reason":"exit_signal","initial_stop_loss_abs":2267.39,"initial_stop_loss_ratio":-0.1,"stop_loss_abs":2267.39,"stop_loss_ratio":-0.1,"min_rate":2518.68,"max_rate":2545.0,"is_open":false,"enter_tag":"","leverage":1.0,"is_short":false,"open_timestamp":1749334500000,"close_timestamp":1749335400000,"orders":[{"amount":0.468,"safe_price":2519.32,"ft_order_side":"buy","order_filled_timestamp":1749334500000,"ft_is_entry":true,"ft_order_tag":"","cost":1179.63128088},{"amount":0.468,"safe_price":2522.73,"ft_order_side":"sell","order_filled_timestamp":1749335400000,"ft_is_entry":false,"ft_order_tag":"exit_signal","cost":1181.2279588200001}],"funding_fees":0.0},{"pair":"ETH/USDT:USDT","stake_amount":1180.44955,"max_stake_amount":1180.44955,"amount":0.469,"open_date":"2025-06-08 00:15:00+00:00","close_date":"2025-06-08 02:30:00+00:00","open_rate":2516.95,"close_rate":2512.84,"fee_open":0.0005,"fee_close":0.0005,"trade_duration":135,"profit_ratio":-0.002630796884543477,"profit_abs":-3.10707576,"exit_reason":"exit_signal","initial_stop_loss_abs":2265.26,"initial_stop_loss_ratio":-0.1,"stop_loss_abs":2265.26,"stop_loss_ratio":-0.1,"min_rate":2510.02,"max_rate":2525.0,"is_open":false,"enter_tag":"","leverage":1.0,"is_short":false,"open_timestamp":1749341700000,"close_timestamp":1749349800000,"orders":[{"amount":0.469,"safe_price":2516.95,"ft_order_side":"buy","order_filled_timestamp":1749341700000,"ft_is_entry":true,"ft_order_tag":"","cost":1181.0397747749998},{"amount":0.469,"safe_price":2512.84,"ft_order_side":"sell","order_filled_timestamp":1749349800000,"ft_is_entry":false,"ft_order_tag":"exit_signal","cost":1179.1112209799999}],"funding_fees":0.0},{"pair":"ETH/USDT:USDT","stake_amount":1176.41628,"max_stake_amount":1176.41628,"amount":0.468,"open_date":"2025-06-08 02:45:00+00:00","close_date":"2025-06-08 03:30:00+00:00","open_rate":2513.71,"close_rate":2509.63,"fee_open":0.0005,"fee_close":0.0005,"trade_duration":45,"profit_ratio":-0.0026209768875860595,"profit_abs":-3.08490156,"exit_reason":"exit_signal","initial_stop_loss_abs":2262.34,"initial_stop_loss_ratio":-0.1,"stop_loss_abs":2262.34,"stop_loss_ratio":-0.1,"min_rate":2507.25,"max_rate":2515.0,"is_open":false,"enter_tag":"","leverage":1.0,"is_short":false,"open_timestamp":1749350700000,"close_timestamp":1749353400000,"orders":[{"amount":0.468,"safe_price":2513.71,"ft_order_side":"buy","order_filled_timestamp":1749350700000,"ft_is_entry":true,"ft_order_tag":"","cost":1177.0044881400001},{"amount":0.468,"safe_price":2509.63,"ft_order_side":"sell","order_filled_timestamp":1749353400000,"ft_is_entry":false,"ft_order_tag":"exit_signal","cost":1175.09409342}],"funding_fees":0.0},{"pair":"ETH/USDT:USDT","stake_amount":1173.89844,"max_stake_amount":1173.89844,"amount":0.468,"open_date":"2025-06-08 04:15:00+00:00","close_date":"2025-06-08 04:30:00+00:00","open_rate":2508.33,"close_rate":2510.66,"fee_open":0.0005,"fee_close":0.0005,"trade_duration":15,"profit_ratio":-7.152380163348695e-05,"profit_abs":-0.08400366,"exit_reason":"exit_signal","initial_stop_loss_abs":2257.5,"initial_stop_loss_ratio":-0.1,"stop_loss_abs":2257.5,"stop_loss_ratio":-0.1,"min_rate":2507.96,"max_rate":2517.55,"is_open":false,"enter_tag":"","leverage":1.0,"is_short":false,"open_timestamp":1749356100000,"close_timestamp":1749357000000,"orders":[{"amount":0.468,"safe_price":2508.33,"ft_order_side":"buy","order_filled_timestamp":1749356100000,"ft_is_entry":true,"ft_order_tag":"","cost":1174.48538922},{"amount":0.468,"safe_price":2510.66,"ft_order_side":"sell","order_filled_timestamp":1749357000000,"ft_is_entry":false,"ft_order_tag":"exit_signal","cost":1175.57637444}],"funding_fees":0.0},{"pair":"ETH/USDT:USDT","stake_amount":1173.00588,"max_stake_amount":1173.00588,"amount":0.466,"open_date":"2025-06-08 04:45:00+00:00","close_date":"2025-06-08 06:15:00+00:00","open_rate":2517.18,"close_rate":2511.88,"fee_open":0.0005,"fee_close":0.0005,"trade_duration":90,"profit_ratio":-0.003102926563716608,"profit_abs":-3.64157098,"exit_reason":"exit_signal","initial_stop_loss_abs":2265.47,"initial_stop_loss_ratio":-0.1,"stop_loss_abs":2265.47,"stop_loss_ratio":-0.1,"min_rate":2507.69,"max_rate":2519.03,"is_open":false,"enter_tag":"","leverage":1.0,"is_short":false,"open_timestamp":1749357900000,"close_timestamp":1749363300000,"orders":[{"amount":0.466,"safe_price":2517.18,"ft_order_side":"buy","order_filled_timestamp":1749357900000,"ft_is_entry":true,"ft_order_tag":"","cost":1173.5923829399999},{"amount":0.466,"safe_price":2511.88,"ft_order_side":"sell","order_filled_timestamp":1749363300000,"ft_is_entry":false,"ft_order_tag":"exit_signal","cost":1171.12134804}],"funding_fees":0.0},{"pair":"ETH/USDT:USDT","stake_amount":1168.6008,"max_stake_amount":1168.6008,"amount":0.465,"open_date":"2025-06-08 06:30:00+00:00","close_date":"2025-06-08 06:45:00+00:00","open_rate":2513.12,"close_rate":2515.23,"fee_open":0.0005,"fee_close":0.0005,"trade_duration":15,"profit_ratio":-0.00016074561669978668,"profit_abs":-0.18794138,"exit_reason":"exit_signal","initial_stop_loss_abs":2261.81,"initial_stop_loss_ratio":-0.1,"stop_loss_abs":2261.81,"stop_loss_ratio":-0.1,"min_rate":2511.5,"max_rate":2516.4,"is_open":false,"enter_tag":"","leverage":1.0,"is_short":false,"open_timestamp":1749364200000,"close_timestamp":1749365100000,"orders":[{"amount":0.465,"safe_price":2513.12,"ft_order_side":"buy","order_filled_timestamp":1749364200000,"ft_is_entry":true,"ft_order_tag":"","cost":1169.1851003999998},{"amount":0.465,"safe_price":2515.23,"ft_order_side":"sell","order_filled_timestamp":1749365100000,"ft_is_entry":false,"ft_order_tag":"exit_signal","cost":1170.166740975}],"funding_fees":0.0},{"pair":"ETH/USDT:USDT","stake_amount":1168.7589,"max_stake_amount":1168.7589,"amount":0.465,"open_date":"2025-06-08 08:00:00+00:00","close_date":"2025-06-08 08:30:00+00:00","open_rate":2513.46,"close_rate":2514.25,"fee_open":0.0005,"fee_close":0.0005,"trade_duration":30,"profit_ratio":-0.000780682658414367,"profit_abs":-0.91288602,"exit_reason":"exit_signal","initial_stop_loss_abs":2262.12,"initial_stop_loss_ratio":-0.1,"stop_loss_abs":2262.12,"stop_loss_ratio":-0.1,"min_rate":2513.39,"max_rate":2520.19,"is_open":false,"enter_tag":"","leverage":1.0,"is_short":false,"open_timestamp":1749369600000,"close_timestamp":1749371400000,"orders":[{"amount":0.465,"safe_price":2513.46,"ft_order_side":"buy","order_filled_timestamp":1749369600000,"ft_is_entry":true,"ft_order_tag":"","cost":1169.34327945},{"amount":0.465,"safe_price":2514.25,"ft_order_side":"sell","order_filled_timestamp":1749371400000,"ft_is_entry":false,"ft_order_tag":"exit_signal","cost":1169.710813125}],"funding_fees":-0.11129344218785611},{"pair":"ETH/USDT:USDT","stake_amount":1169.475,"max_stake_amount":1169.475,"amount":0.465,"open_date":"2025-06-08 08:45:00+00:00","close_date":"2025-06-08 20:30:00+00:00","open_rate":2515.0,"close_rate":2533.99,"fee_open":0.0005,"fee_close":0.0005,"trade_duration":705,"profit_ratio":0.006496751974597366,"profit_abs":7.60158791,"exit_reason":"exit_signal","initial_stop_loss_abs":2263.5,"initial_stop_loss_ratio":-0.1,"stop_loss_abs":2263.5,"stop_loss_ratio":-0.1,"min_rate":2483.28,"max_rate":2539.68,"is_open":false,"enter_tag":"","leverage":1.0,"is_short":false,"open_timestamp":1749372300000,"close_timestamp":1749414600000,"orders":[{"amount":0.465,"safe_price":2515.0,"ft_order_side":"buy","order_filled_timestamp":1749372300000,"ft_is_entry":true,"ft_order_tag":"","cost":1170.0597375},{"amount":0.465,"safe_price":2533.99,"ft_order_side":"sell","order_filled_timestamp":1749414600000,"ft_is_entry":false,"ft_order_tag":"exit_signal","cost":1178.8945026749998}],"funding_fees":-0.054871917488304806},{"pair":"ETH/USDT:USDT","stake_amount":1176.43371,"max_stake_amount":1176.43371,"amount":0.467,"open_date":"2025-06-08 22:15:00+00:00","close_date":"2025-06-09 21:30:00+00:00","open_rate":2519.13,"close_rate":2638.76,"fee_open":0.0005,"fee_close":0.0005,"trade_duration":1395,"profit_ratio":0.0463135651904601,"profit_abs":54.51208174,"exit_reason":"exit_signal","initial_stop_loss_abs":2267.22,"initial_stop_loss_ratio":-0.1,"stop_loss_abs":2267.22,"stop_loss_ratio":-0.1,"min_rate":2475.83,"max_rate":2639.88,"is_open":false,"enter_tag":"","leverage":1.0,"is_short":false,"open_timestamp":1749420900000,"close_timestamp":1749504600000,"orders":[{"amount":0.467,"safe_price":2519.13,"ft_order_side":"buy","order_filled_timestamp":1749420900000,"ft_is_entry":true,"ft_order_tag":"","cost":1177.021926855},{"amount":0.467,"safe_price":2638.76,"ft_order_side":"sell","order_filled_timestamp":1749504600000,"ft_is_entry":false,"ft_order_tag":"exit_signal","cost":1232.91707046}],"funding_fees":-0.15076094884023813},{"pair":"ETH/USDT:USDT","stake_amount":1229.87901,"max_stake_amount":1229.87901,"amount":0.489,"open_date":"2025-06-13 05:45:00+00:00","close_date":"2025-06-15 03:45:00+00:00","open_rate":2515.09,"close_rate":2531.61,"fee_open":0.0005,"fee_close":0.0005,"trade_duration":2760,"profit_ratio":0.005463121401534924,"profit_abs":6.72233783,"exit_reason":"exit_signal","initial_stop_loss_abs":2263.59,"initial_stop_loss_ratio":-0.1,"stop_loss_abs":2263.59,"stop_loss_ratio":-0.1,"min_rate":2486.68,"max_rate":2585.0,"is_open":false,"enter_tag":"","leverage":1.0,"is_short":false,"open_timestamp":1749793500000,"close_timestamp":1749959100000,"orders":[{"amount":0.489,"safe_price":2515.09,"ft_order_side":"buy","order_filled_timestamp":1749793500000,"ft_is_entry":true,"ft_order_tag":"","cost":1230.493949505},{"amount":0.489,"safe_price":2531.61,"ft_order_side":"sell","order_filled_timestamp":1749959100000,"ft_is_entry":false,"ft_order_tag":"exit_signal","cost":1238.576268645}],"funding_fees":-0.12202401619368065},{"pair":"ETH/USDT:USDT","stake_amount":1237.94357,"max_stake_amount":1237.94357,"amount":0.491,"open_date":"2025-06-15 08:15:00+00:00","close_date":"2025-06-16 07:15:00+00:00","open_rate":2521.27,"close_rate":2629.0,"fee_open":0.0005,"fee_close":0.0005,"trade_duration":1380,"profit_ratio":0.041568270493471116,"profit_abs":51.48490276,"exit_reason":"exit_signal","initial_stop_loss_abs":2269.15,"initial_stop_loss_ratio":-0.1,"stop_loss_abs":2269.15,"stop_loss_ratio":-0.1,"min_rate":2490.38,"max_rate":2637.7,"is_open":false,"enter_tag":"","leverage":1.0,"is_short":false,"open_timestamp":1749975300000,"close_timestamp":1750058100000,"orders":[{"amount":0.491,"safe_price":2521.27,"ft_order_side":"buy","order_filled_timestamp":1749975300000,"ft_is_entry":true,"ft_order_tag":"","cost":1238.562541785},{"amount":0.491,"safe_price":2629.0,"ft_order_side":"sell","order_filled_timestamp":1750058100000,"ft_is_entry":false,"ft_order_tag":"exit_signal","cost":1291.4844194999998}],"funding_fees":-0.14613595281946162},{"pair":"ETH/USDT:USDT","stake_amount":1287.81709,"max_stake_amount":1287.81709,"amount":0.511,"open_date":"2025-06-17 15:15:00+00:00","close_date":"2025-06-19 07:45:00+00:00","open_rate":2520.19,"close_rate":2521.47,"fee_open":0.0005,"fee_close":0.0005,"trade_duration":2430,"profit_ratio":-0.0007506289837970767,"profit_abs":-0.96715617,"exit_reason":"exit_signal","initial_stop_loss_abs":2268.18,"initial_stop_loss_ratio":-0.1,"stop_loss_abs":2268.18,"stop_loss_ratio":-0.1,"min_rate":2451.97,"max_rate":2547.35,"is_open":false,"enter_tag":"","leverage":1.0,"is_short":false,"open_timestamp":1750173300000,"close_timestamp":1750319100000,"orders":[{"amount":0.511,"safe_price":2520.19,"ft_order_side":"buy","order_filled_timestamp":1750173300000,"ft_is_entry":true,"ft_order_tag":"","cost":1288.460998545},{"amount":0.511,"safe_price":2521.47,"ft_order_side":"sell","order_filled_timestamp":1750319100000,"ft_is_entry":false,"ft_order_tag":"exit_signal","cost":1289.115405585}],"funding_fees":-0.3330920391198176},{"pair":"SUI/USDT:USDT","stake_amount":1287.86732,"max_stake_amount":1287.86732,"amount":459.1,"open_date":"2025-06-19 07:45:00+00:00","close_date":"2025-06-19 13:15:00+00:00","open_rate":2.8052,"close_rate":2.8001,"fee_open":0.0005,"fee_close":0.0005,"trade_duration":330,"profit_ratio":-0.0028157352911698744,"profit_abs":-3.62810661,"exit_reason":"force_exit","initial_stop_loss_abs":2.5247,"initial_stop_loss_ratio":-0.1,"stop_loss_abs":2.5247,"stop_loss_ratio":-0.1,"min_rate":2.7814,"max_rate":2.8217,"is_open":false,"enter_tag":"","leverage":1.0,"is_short":false,"open_timestamp":1750319100000,"close_timestamp":1750338900000,"orders":[{"amount":459.1,"safe_price":2.8052,"ft_order_side":"buy","order_filled_timestamp":1750319100000,"ft_is_entry":true,"ft_order_tag":"","cost":1288.51125366},{"amount":459.1,"safe_price":2.8001,"ft_order_side":"sell","order_filled_timestamp":1750338900000,"ft_is_entry":false,"ft_order_tag":"force_exit","cost":1286.168672955}],"funding_fees":0.0}],"locks":[],"best_pair":{"key":"ETH/USDT:USDT","trades":29,"profit_mean":0.007272624555704057,"profit_mean_pct":0.73,"profit_sum":0.21090611211541765,"profit_sum_pct":21.09,"profit_total_abs":228.79835358999998,"profit_total":0.22879835358999998,"profit_total_pct":22.88,"duration_avg":"14:34:00","wins":11,"draws":0,"losses":18,"winrate":0.3793103448275862,"cagr":8.132733442973715,"expectancy":7.889598399655172,"expectancy_ratio":1.3672538695616154,"sortino":11.439476193389709,"sharpe":5.150339021131339,"calmar":335.56829183213034,"sqn":1.6724,"profit_factor":3.2027979009603804,"max_drawdown_account":0.03831241188116307,"max_drawdown_abs":44.19886351999999},"worst_pair":{"key":"SUI/USDT:USDT","trades":1,"profit_mean":-0.0028157352911698744,"profit_mean_pct":-0.28,"profit_sum":-0.0028157352911698744,"profit_sum_pct":-0.28,"profit_total_abs":-3.62810661,"profit_total":-0.00362810661,"profit_total_pct":-0.36,"duration_avg":"5:30:00","wins":0,"draws":0,"losses":1,"winrate":0.0,"cagr":-0.03826815838562758,"expectancy":-3.62810661,"expectancy_ratio":-1.0,"sortino":-100,"sharpe":-100,"calmar":-56.191097572184205,"sqn":-100.0,"profit_factor":0.0,"max_drawdown_account":0.0036281066100000317,"max_drawdown_abs":3.62810661},"results_per_pair":[{"key":"ETH/USDT:USDT","trades":29,"profit_mean":0.007272624555704057,"profit_mean_pct":0.73,"profit_sum":0.21090611211541765,"profit_sum_pct":21.09,"profit_total_abs":228.79835358999998,"profit_total":0.22879835358999998,"profit_total_pct":22.88,"duration_avg":"14:34:00","wins":11,"draws":0,"losses":18,"winrate":0.3793103448275862,"cagr":8.132733442973715,"expectancy":7.889598399655172,"expectancy_ratio":1.3672538695616154,"sortino":11.439476193389709,"sharpe":5.150339021131339,"calmar":335.56829183213034,"sqn":1.6724,"profit_factor":3.2027979009603804,"max_drawdown_account":0.03831241188116307,"max_drawdown_abs":44.19886351999999},{"key":"SOL/USDT:USDT","trades":1,"profit_mean":0.06556862723573949,"profit_mean_pct":6.56,"profit_sum":0.06556862723573949,"profit_sum_pct":6.56,"profit_total_abs":72.20782794,"profit_total":0.07220782794,"profit_total_pct":7.22,"duration_avg":"16:30:00","wins":1,"draws":0,"losses":0,"winrate":1.0,"cagr":1.1137503231629209,"expectancy":72.20782794,"expectancy_ratio":100.0,"sortino":-100,"sharpe":-100,"calmar":-100,"sqn":-100.0,"profit_factor":0.0,"max_drawdown_account":0.0,"max_drawdown_abs":0.0},{"key":"SUI/USDT:USDT","trades":1,"profit_mean":-0.0028157352911698744,"profit_mean_pct":-0.28,"profit_sum":-0.0028157352911698744,"profit_sum_pct":-0.28,"profit_total_abs":-3.62810661,"profit_total":-0.00362810661,"profit_total_pct":-0.36,"duration_avg":"5:30:00","wins":0,"draws":0,"losses":1,"winrate":0.0,"cagr":-0.03826815838562758,"expectancy":-3.62810661,"expectancy_ratio":-1.0,"sortino":-100,"sharpe":-100,"calmar":-56.191097572184205,"sqn":-100.0,"profit_factor":0.0,"max_drawdown_account":0.0036281066100000317,"max_drawdown_abs":3.62810661},{"key":"TOTAL","trades":31,"profit_mean":0.008827709808386689,"profit_mean_pct":0.88,"profit_sum":0.27365900405998733,"profit_sum_pct":27.37,"profit_total_abs":297.37807491999996,"profit_total":0.29737807491999996,"profit_total_pct":29.74,"duration_avg":"14:20:00","wins":12,"draws":0,"losses":19,"winrate":0.3870967741935484,"cagr":15.360731413961638,"expectancy":9.592841126451612,"expectancy_ratio":1.6955536150053643,"sortino":15.26117124107061,"sharpe":6.2372467651565815,"calmar":390.6171275420153,"sqn":1.9612,"profit_factor":3.766429582377174,"max_drawdown_account":0.04277846322000005,"max_drawdown_abs":42.77846322}],"results_per_enter_tag":[{"key":"","trades":31,"profit_mean":0.008827709808386689,"profit_mean_pct":0.88,"profit_sum":0.27365900405998733,"profit_sum_pct":27.37,"profit_total_abs":297.37807491999996,"profit_total":0.29737807491999996,"profit_total_pct":29.74,"duration_avg":"14:20:00","wins":12,"draws":0,"losses":19,"winrate":0.3870967741935484,"cagr":15.360731413961638,"expectancy":9.592841126451612,"expectancy_ratio":1.6955536150053643,"sortino":15.26117124107061,"sharpe":6.2372467651565815,"calmar":390.6171275420153,"sqn":1.9612,"profit_factor":3.766429582377174,"max_drawdown_account":0.04277846322000005,"max_drawdown_abs":42.77846322},{"key":"TOTAL","trades":31,"profit_mean":0.008827709808386689,"profit_mean_pct":0.88,"profit_sum":0.27365900405998733,"profit_sum_pct":27.37,"profit_total_abs":297.37807491999996,"profit_total":0.29737807491999996,"profit_total_pct":29.74,"duration_avg":"14:20:00","wins":12,"draws":0,"losses":19,"winrate":0.3870967741935484,"cagr":15.360731413961638,"expectancy":9.592841126451612,"expectancy_ratio":1.6955536150053643,"sortino":15.26117124107061,"sharpe":6.2372467651565815,"calmar":390.6171275420153,"sqn":1.9612,"profit_factor":3.766429582377174,"max_drawdown_account":0.04277846322000005,"max_drawdown_abs":42.77846322}],"exit_reason_summary":[{"key":"exit_signal","trades":30,"profit_mean":0.009215824645038572,"profit_mean_pct":0.92,"profit_sum":0.2764747393511572,"profit_sum_pct":27.65,"profit_total_abs":301.00618152999994,"profit_total":0.3010061815299999,"profit_total_pct":30.1,"duration_avg":"14:38:00","wins":12,"draws":0,"losses":18,"winrate":0.4,"cagr":15.858640189890792,"expectancy":10.033539384333334,"expectancy_ratio":1.7387951646852144,"sortino":15.049728259172548,"sharpe":6.236043287800335,"calmar":395.3827800965812,"sqn":1.9921,"profit_factor":3.897991941142023,"max_drawdown_account":0.04277846322000005,"max_drawdown_abs":42.77846322},{"key":"force_exit","trades":1,"profit_mean":-0.0028157352911698744,"profit_mean_pct":-0.28,"profit_sum":-0.0028157352911698744,"profit_sum_pct":-0.28,"profit_total_abs":-3.62810661,"profit_total":-0.00362810661,"profit_total_pct":-0.36,"duration_avg":"5:30:00","wins":0,"draws":0,"losses":1,"winrate":0.0,"cagr":-0.03826815838562758,"expectancy":-3.62810661,"expectancy_ratio":-1.0,"sortino":-100,"sharpe":-100,"calmar":-56.191097572184205,"sqn":-100.0,"profit_factor":0.0,"max_drawdown_account":0.0036281066100000317,"max_drawdown_abs":3.62810661},{"key":"TOTAL","trades":31,"profit_mean":0.008827709808386689,"profit_mean_pct":0.88,"profit_sum":0.27365900405998733,"profit_sum_pct":27.37,"profit_total_abs":297.37807491999996,"profit_total":0.29737807491999996,"profit_total_pct":29.74,"duration_avg":"14:20:00","wins":12,"draws":0,"losses":19,"winrate":0.3870967741935484,"cagr":15.360731413961638,"expectancy":9.592841126451612,"expectancy_ratio":1.6955536150053643,"sortino":15.26117124107061,"sharpe":6.2372467651565815,"calmar":390.6171275420153,"sqn":1.9612,"profit_factor":3.766429582377174,"max_drawdown_account":0.04277846322000005,"max_drawdown_abs":42.77846322}],"mix_tag_stats":[{"key":["","exit_signal"],"trades":30,"profit_mean":0.009215824645038572,"profit_mean_pct":0.92,"profit_sum":0.2764747393511572,"profit_sum_pct":27.65,"profit_total_abs":301.00618152999994,"profit_total":0.3010061815299999,"profit_total_pct":30.1,"duration_avg":"14:38:00","wins":12,"draws":0,"losses":18,"winrate":0.4,"cagr":15.858640189890792,"expectancy":10.033539384333334,"expectancy_ratio":1.7387951646852144,"sortino":15.049728259172548,"sharpe":6.236043287800335,"calmar":395.3827800965812,"sqn":1.9921,"profit_factor":3.897991941142023,"max_drawdown_account":0.04277846322000005,"max_drawdown_abs":42.77846322},{"key":["","force_exit"],"trades":1,"profit_mean":-0.0028157352911698744,"profit_mean_pct":-0.28,"profit_sum":-0.0028157352911698744,"profit_sum_pct":-0.28,"profit_total_abs":-3.62810661,"profit_total":-0.00362810661,"profit_total_pct":-0.36,"duration_avg":"5:30:00","wins":0,"draws":0,"losses":1,"winrate":0.0,"cagr":-0.03826815838562758,"expectancy":-3.62810661,"expectancy_ratio":-1.0,"sortino":-100,"sharpe":-100,"calmar":-56.191097572184205,"sqn":-100.0,"profit_factor":0.0,"max_drawdown_account":0.0036281066100000317,"max_drawdown_abs":3.62810661},{"key":"TOTAL","trades":31,"profit_mean":0.008827709808386689,"profit_mean_pct":0.88,"profit_sum":0.27365900405998733,"profit_sum_pct":27.37,"profit_total_abs":297.37807491999996,"profit_total":0.29737807491999996,"profit_total_pct":29.74,"duration_avg":"14:20:00","wins":12,"draws":0,"losses":19,"winrate":0.3870967741935484,"cagr":15.360731413961638,"expectancy":9.592841126451612,"expectancy_ratio":1.6955536150053643,"sortino":15.26117124107061,"sharpe":6.2372467651565815,"calmar":390.6171275420153,"sqn":1.9612,"profit_factor":3.766429582377174,"max_drawdown_account":0.04277846322000005,"max_drawdown_abs":42.77846322}],"left_open_trades":[{"key":"SUI/USDT:USDT","trades":1,"profit_mean":-0.0028157352911698744,"profit_mean_pct":-0.28,"profit_sum":-0.0028157352911698744,"profit_sum_pct":-0.28,"profit_total_abs":-3.62810661,"profit_total":-0.00362810661,"profit_total_pct":-0.36,"duration_avg":"5:30:00","wins":0,"draws":0,"losses":1,"winrate":0.0,"cagr":-0.03826815838562758,"expectancy":-3.62810661,"expectancy_ratio":-1.0,"sortino":-100,"sharpe":-100,"calmar":-56.191097572184205,"sqn":-100.0,"profit_factor":0.0,"max_drawdown_account":0.0036281066100000317,"max_drawdown_abs":3.62810661},{"key":"TOTAL","trades":1,"profit_mean":-0.0028157352911698744,"profit_mean_pct":-0.28,"profit_sum":-0.0028157352911698744,"profit_sum_pct":-0.28,"profit_total_abs":-3.62810661,"profit_total":-0.00362810661,"profit_total_pct":-0.36,"duration_avg":"5:30:00","wins":0,"draws":0,"losses":1,"winrate":0.0,"cagr":-0.03826815838562758,"expectancy":-3.62810661,"expectancy_ratio":-1.0,"sortino":-100,"sharpe":-100,"calmar":-56.191097572184205,"sqn":-100.0,"profit_factor":0.0,"max_drawdown_account":0.0036281066100000317,"max_drawdown_abs":3.62810661}],"total_trades":31,"trade_count_long":31,"trade_count_short":0,"total_volume":70429.915869255,"avg_stake_amount":1129.9943929032256,"profit_mean":0.008827709808386689,"profit_median":-0.00016074561669978668,"profit_total":0.29737807491999996,"profit_total_long":0.29737807491999996,"profit_total_short":0.0,"profit_total_abs":297.37807491999996,"profit_total_long_abs":297.37807491999996,"profit_total_short_abs":0.0,"cagr":15.360731413961638,"expectancy":9.592841126451612,"expectancy_ratio":1.6955536150053643,"sortino":15.26117124107061,"sharpe":6.2372467651565815,"calmar":390.6171275420153,"sqn":1.9612,"profit_factor":3.766429582377174,"backtest_start":"2025-05-16 00:00:00","backtest_start_ts":1747353600000,"backtest_end":"2025-06-19 13:15:00","backtest_end_ts":1750338900000,"backtest_days":34,"backtest_run_start_ts":1750340025,"backtest_run_end_ts":1750340025,"trades_per_day":0.91,"market_change":-0.14704044792660217,"pairlist":["ETH/USDT:USDT","SUI/USDT:USDT","SOL/USDT:USDT"],"stake_amount":"unlimited","stake_currency":"USDT","stake_currency_decimals":3,"starting_balance":1000,"dry_run_wallet":1000,"final_balance":1297.37807492,"rejected_signals":220,"timedout_entry_orders":0,"timedout_exit_orders":0,"canceled_trade_entries":0,"canceled_entry_orders":0,"replaced_entry_orders":0,"max_open_trades":1,"max_open_trades_setting":1,"timeframe":"15m","timeframe_detail":"","timerange":"","enable_protections":false,"strategy_name":"GridBotSample","stoploss":-0.1,"trailing_stop":false,"trailing_stop_positive":null,"trailing_stop_positive_offset":0.0,"trailing_only_offset_is_reached":false,"use_custom_stoploss":false,"minimal_roi":{},"use_exit_signal":true,"exit_profit_only":false,"exit_profit_offset":0.0,"ignore_roi_if_entry_signal":false,"trading_mode":"futures","margin_mode":"isolated","periodic_breakdown":{"day":[{"date":"18/05/2025","date_ts":1747526400000,"profit_abs":-40.81939618,"wins":0,"draws":0,"losses":2,"trades":2,"profit_factor":0.0},{"date":"19/05/2025","date_ts":1747612800000,"profit_abs":-1.95906704,"wins":0,"draws":0,"losses":1,"trades":1,"profit_factor":0.0},{"date":"20/05/2025","date_ts":1747699200000,"profit_abs":0.0,"wins":0,"draws":0,"losses":0,"trades":0,"profit_factor":0.0},{"date":"21/05/2025","date_ts":1747785600000,"profit_abs":0.0,"wins":0,"draws":0,"losses":0,"trades":0,"profit_factor":0.0},{"date":"22/05/2025","date_ts":1747872000000,"profit_abs":77.45375812,"wins":1,"draws":0,"losses":0,"trades":1,"profit_factor":0.0},{"date":"23/05/2025","date_ts":1747958400000,"profit_abs":0.0,"wins":0,"draws":0,"losses":0,"trades":0,"profit_factor":0.0},{"date":"24/05/2025","date_ts":1748044800000,"profit_abs":18.17784219,"wins":1,"draws":0,"losses":0,"trades":1,"profit_factor":0.0},{"date":"25/05/2025","date_ts":1748131200000,"profit_abs":7.1421697,"wins":1,"draws":0,"losses":1,"trades":2,"profit_factor":107.32076519},{"date":"26/05/2025","date_ts":1748217600000,"profit_abs":0.0,"wins":0,"draws":0,"losses":0,"trades":0,"profit_factor":0.0},{"date":"27/05/2025","date_ts":1748304000000,"profit_abs":47.26137184,"wins":1,"draws":0,"losses":0,"trades":1,"profit_factor":0.0},{"date":"28/05/2025","date_ts":1748390400000,"profit_abs":0.0,"wins":0,"draws":0,"losses":0,"trades":0,"profit_factor":0.0},{"date":"29/05/2025","date_ts":1748476800000,"profit_abs":0.0,"wins":0,"draws":0,"losses":0,"trades":0,"profit_factor":0.0},{"date":"30/05/2025","date_ts":1748563200000,"profit_abs":0.0,"wins":0,"draws":0,"losses":0,"trades":0,"profit_factor":0.0},{"date":"31/05/2025","date_ts":1748649600000,"profit_abs":-1.11237085,"wins":0,"draws":0,"losses":1,"trades":1,"profit_factor":0.0},{"date":"01/06/2025","date_ts":1748736000000,"profit_abs":-2.78965001,"wins":0,"draws":0,"losses":1,"trades":1,"profit_factor":0.0},{"date":"02/06/2025","date_ts":1748822400000,"profit_abs":0.0,"wins":0,"draws":0,"losses":0,"trades":0,"profit_factor":0.0},{"date":"03/06/2025","date_ts":1748908800000,"profit_abs":50.28880527,"wins":1,"draws":0,"losses":0,"trades":1,"profit_factor":0.0},{"date":"04/06/2025","date_ts":1748995200000,"profit_abs":0.0,"wins":0,"draws":0,"losses":0,"trades":0,"profit_factor":0.0},{"date":"05/06/2025","date_ts":1749081600000,"profit_abs":-41.10089393,"wins":0,"draws":0,"losses":1,"trades":1,"profit_factor":0.0},{"date":"06/06/2025","date_ts":1749168000000,"profit_abs":72.20782794,"wins":1,"draws":0,"losses":0,"trades":1,"profit_factor":0.0},{"date":"07/06/2025","date_ts":1749254400000,"profit_abs":7.92040977,"wins":2,"draws":0,"losses":4,"trades":6,"profit_factor":2.96386766},{"date":"08/06/2025","date_ts":1749340800000,"profit_abs":-3.41679145,"wins":1,"draws":0,"losses":6,"trades":7,"profit_factor":0.68990073},{"date":"09/06/2025","date_ts":1749427200000,"profit_abs":54.51208174,"wins":1,"draws":0,"losses":0,"trades":1,"profit_factor":0.0},{"date":"10/06/2025","date_ts":1749513600000,"profit_abs":0.0,"wins":0,"draws":0,"losses":0,"trades":0,"profit_factor":0.0},{"date":"11/06/2025","date_ts":1749600000000,"profit_abs":0.0,"wins":0,"draws":0,"losses":0,"trades":0,"profit_factor":0.0},{"date":"12/06/2025","date_ts":1749686400000,"profit_abs":0.0,"wins":0,"draws":0,"losses":0,"trades":0,"profit_factor":0.0},{"date":"13/06/2025","date_ts":1749772800000,"profit_abs":0.0,"wins":0,"draws":0,"losses":0,"trades":0,"profit_factor":0.0},{"date":"14/06/2025","date_ts":1749859200000,"profit_abs":0.0,"wins":0,"draws":0,"losses":0,"trades":0,"profit_factor":0.0},{"date":"15/06/2025","date_ts":1749945600000,"profit_abs":6.72233783,"wins":1,"draws":0,"losses":0,"trades":1,"profit_factor":0.0},{"date":"16/06/2025","date_ts":1750032000000,"profit_abs":51.48490276,"wins":1,"draws":0,"losses":0,"trades":1,"profit_factor":0.0},{"date":"17/06/2025","date_ts":1750118400000,"profit_abs":0.0,"wins":0,"draws":0,"losses":0,"trades":0,"profit_factor":0.0},{"date":"18/06/2025","date_ts":1750204800000,"profit_abs":0.0,"wins":0,"draws":0,"losses":0,"trades":0,"profit_factor":0.0},{"date":"19/06/2025","date_ts":1750291200000,"profit_abs":-4.59526278,"wins":0,"draws":0,"losses":2,"trades":2,"profit_factor":0.0}],"week":[{"date":"19/05/2025","date_ts":1747612800000,"profit_abs":-42.77846322,"wins":0,"draws":0,"losses":3,"trades":3,"profit_factor":0.0},{"date":"26/05/2025","date_ts":1748217600000,"profit_abs":102.77377001,"wins":3,"draws":0,"losses":1,"trades":4,"profit_factor":1530.92526477},{"date":"02/06/2025","date_ts":1748822400000,"profit_abs":43.35935098,"wins":1,"draws":0,"losses":2,"trades":3,"profit_factor":12.11202439},{"date":"09/06/2025","date_ts":1749427200000,"profit_abs":140.41143934,"wins":6,"draws":0,"losses":11,"trades":17,"profit_factor":3.50054475},{"date":"16/06/2025","date_ts":1750032000000,"profit_abs":58.20724059,"wins":2,"draws":0,"losses":0,"trades":2,"profit_factor":0.0},{"date":"23/06/2025","date_ts":1750636800000,"profit_abs":-4.59526278,"wins":0,"draws":0,"losses":2,"trades":2,"profit_factor":0.0}],"month":[{"date":"31/05/2025","date_ts":1748649600000,"profit_abs":106.14430778,"wins":4,"draws":0,"losses":5,"trades":9,"profit_factor":3.41467501},{"date":"30/06/2025","date_ts":1751241600000,"profit_abs":191.23376714,"wins":8,"draws":0,"losses":14,"trades":22,"profit_factor":4.00978966}],"year":[{"date":"31/12/2025","date_ts":1767139200000,"profit_abs":297.37807492,"wins":12,"draws":0,"losses":19,"trades":31,"profit_factor":3.76642958}]},"backtest_best_day":0.08182421986943864,"backtest_worst_day":-0.04155413334505198,"backtest_best_day_abs":77.45375812,"backtest_worst_day_abs":-41.10089393,"winning_days":10,"draw_days":16,"losing_days":7,"daily_profit":[["2025-05-18",-40.81939618],["2025-05-19",-1.95906704],["2025-05-20",0.0],["2025-05-21",0.0],["2025-05-22",77.45375812],["2025-05-23",0.0],["2025-05-24",18.17784219],["2025-05-25",7.1421697],["2025-05-26",0.0],["2025-05-27",47.26137184],["2025-05-28",0.0],["2025-05-29",0.0],["2025-05-30",0.0],["2025-05-31",-1.11237085],["2025-06-01",-2.78965001],["2025-06-02",0.0],["2025-06-03",50.28880527],["2025-06-04",0.0],["2025-06-05",-41.10089393],["2025-06-06",72.20782794],["2025-06-07",7.92040977],["2025-06-08",-3.41679145],["2025-06-09",54.51208174],["2025-06-10",0.0],["2025-06-11",0.0],["2025-06-12",0.0],["2025-06-13",0.0],["2025-06-14",0.0],["2025-06-15",6.72233783],["2025-06-16",51.48490276],["2025-06-17",0.0],["2025-06-18",0.0],["2025-06-19",-4.59526278]],"wins":12,"losses":19,"draws":0,"winrate":0.3870967741935484,"holding_avg":"14:20:00","holding_avg_s":51600.0,"winner_holding_min":"0d 00:15","winner_holding_min_s":900.0,"winner_holding_max":"2d 14:00","winner_holding_max_s":223200.0,"winner_holding_avg":"1d 01:40","winner_holding_avg_s":92400.0,"loser_holding_min":"0d 00:15","loser_holding_min_s":900.0,"loser_holding_max":"1d 16:30","loser_holding_max_s":145800.0,"loser_holding_avg":"0d 07:10","loser_holding_avg_s":25800.0,"max_consecutive_wins":4,"max_consecutive_losses":6,"max_drawdown_account":0.04277846322000005,"max_relative_drawdown":0.04277846322000005,"max_drawdown_abs":42.77846322,"drawdown_start":"2025-05-18 04:30:00","drawdown_start_ts":1747542600000.0,"drawdown_end":"2025-05-19 12:00:00","drawdown_end_ts":1747656000000.0,"max_drawdown_low":-42.77846322,"max_drawdown_high":-8.21458387,"csum_min":957.22153678,"csum_max":1301.9733377}},"strategy_comparison":[{"key":"GridBotSample","trades":31,"profit_mean":0.008827709808386689,"profit_mean_pct":0.88,"profit_sum":0.27365900405998733,"profit_sum_pct":27.37,"profit_total_abs":297.37807491999996,"profit_total":0.29737807491999996,"profit_total_pct":29.74,"duration_avg":"14:20:00","wins":12,"draws":0,"losses":19,"winrate":0.3870967741935484,"cagr":15.360731413961638,"expectancy":9.592841126451612,"expectancy_ratio":1.6955536150053643,"sortino":15.26117124107061,"sharpe":6.2372467651565815,"calmar":390.6171275420153,"sqn":1.9612,"profit_factor":3.766429582377174,"max_drawdown_account":0.04277846322000005,"max_drawdown_abs":"42.778"}]}