{"strategy":{"GridBotSample":{"trades":[{"pair":"ETH/USDT:USDT","stake_amount":988.09728,"max_stake_amount":988.09728,"amount":0.384,"open_date":"2025-05-16 05:00:00+00:00","close_date":"2025-05-17 02:00:00+00:00","open_rate":2573.17,"close_rate":2474.52,"fee_open":0.0005,"fee_close":0.0005,"trade_duration":1260,"profit_ratio":-0.039497753964438415,"profit_abs":-39.04713707,"exit_reason":"exit_signal","initial_stop_loss_abs":2315.86,"initial_stop_loss_ratio":-0.1,"stop_loss_abs":2315.86,"stop_loss_ratio":-0.1,"min_rate":2454.58,"max_rate":2648.68,"is_open":false,"enter_tag":"","leverage":1.0,"is_short":false,"open_timestamp":1747371600000,"close_timestamp":1747447200000,"orders":[{"amount":0.384,"safe_price":2573.17,"ft_order_side":"buy","order_filled_timestamp":1747371600000,"ft_is_entry":true,"ft_order_tag":"","cost":988.59132864},{"amount":0.384,"safe_price":2474.52,"ft_order_side":"sell","order_filled_timestamp":1747447200000,"ft_is_entry":false,"ft_order_tag":"exit_signal","cost":950.69078784}],"funding_fees":-0.19638059483677275},{"pair":"ETH/USDT:USDT","stake_amount":950.39307,"max_stake_amount":950.39307,"amount":0.381,"open_date":"2025-05-17 02:45:00+00:00","close_date":"2025-05-17 06:00:00+00:00","open_rate":2494.47,"close_rate":2479.19,"fee_open":0.0005,"fee_close":0.0005,"trade_duration":195,"profit_ratio":-0.007118927477375057,"profit_abs":-6.76916223,"exit_reason":"exit_signal","initial_stop_loss_abs":2245.03,"initial_stop_loss_ratio":-0.1,"stop_loss_abs":2245.03,"stop_loss_ratio":-0.1,"min_rate":2473.53,"max_rate":2512.33,"is_open":false,"enter_tag":"","leverage":1.0,"is_short":false,"open_timestamp":1747449900000,"close_timestamp":1747461600000,"orders":[{"amount":0.381,"safe_price":2494.47,"ft_order_side":"buy","order_filled_timestamp":1747449900000,"ft_is_entry":true,"ft_order_tag":"","cost":950.8682665349999},{"amount":0.381,"safe_price":2479.19,"ft_order_side":"sell","order_filled_timestamp":1747461600000,"ft_is_entry":false,"ft_order_tag":"exit_signal","cost":945.043675695}],"funding_fees":0.0},{"pair":"ETH/USDT:USDT","stake_amount":942.94746,"max_stake_amount":942.94746,"amount":0.378,"open_date":"2025-05-17 06:15:00+00:00","close_date":"2025-05-17 09:00:00+00:00","open_rate":2494.57,"close_rate":2479.97,"fee_open":0.0005,"fee_close":0.0005,"trade_duration":165,"profit_ratio":-0.006827565124788393,"profit_abs":-6.44125421,"exit_reason":"exit_signal","initial_stop_loss_abs":2245.12,"initial_stop_loss_ratio":-0.1,"stop_loss_abs":2245.12,"stop_loss_ratio":-0.1,"min_rate":2463.71,"max_rate":2505.26,"is_open":false,"enter_tag":"","leverage":1.0,"is_short":false,"open_timestamp":1747462500000,"close_timestamp":1747472400000,"orders":[{"amount":0.378,"safe_price":2494.57,"ft_order_side":"buy","order_filled_timestamp":1747462500000,"ft_is_entry":true,"ft_order_tag":"","cost":943.41893373},{"amount":0.378,"safe_price":2479.97,"ft_order_side":"sell","order_filled_timestamp":1747472400000,"ft_is_entry":false,"ft_order_tag":"exit_signal","cost":937.8973743299998}],"funding_fees":0.01773384921},{"pair":"ETH/USDT:USDT","stake_amount":936.61503,"max_stake_amount":936.61503,"amount":0.377,"open_date":"2025-05-17 10:15:00+00:00","close_date":"2025-05-17 10:45:00+00:00","open_rate":2484.39,"close_rate":2477.72,"fee_open":0.0005,"fee_close":0.0005,"trade_duration":30,"profit_ratio":-0.003681580497577438,"profit_abs":-3.44994774,"exit_reason":"exit_signal","initial_stop_loss_abs":2235.96,"initial_stop_loss_ratio":-0.1,"stop_loss_abs":2235.96,"stop_loss_ratio":-0.1,"min_rate":2477.04,"max_rate":2490.64,"is_open":false,"enter_tag":"","leverage":1.0,"is_short":false,"open_timestamp":1747476900000,"close_timestamp":1747478700000,"orders":[{"amount":0.377,"safe_price":2484.39,"ft_order_side":"buy","order_filled_timestamp":1747476900000,"ft_is_entry":true,"ft_order_tag":"","cost":937.0833375149999},{"amount":0.377,"safe_price":2477.72,"ft_order_side":"sell","order_filled_timestamp":1747478700000,"ft_is_entry":false,"ft_order_tag":"exit_signal","cost":934.5674902199999}],"funding_fees":0.0},{"pair":"ETH/USDT:USDT","stake_amount":934.2848,"max_stake_amount":934.2848,"amount":0.376,"open_date":"2025-05-17 11:00:00+00:00","close_date":"2025-05-17 11:15:00+00:00","open_rate":2484.8,"close_rate":2480.73,"fee_open":0.0005,"fee_close":0.0005,"trade_duration":15,"profit_ratio":-0.0026358218990955268,"profit_abs":-2.46383964,"exit_reason":"exit_signal","initial_stop_loss_abs":2236.32,"initial_stop_loss_ratio":-0.1,"stop_loss_abs":2236.32,"stop_loss_ratio":-0.1,"min_rate":2473.23,"max_rate":2488.12,"is_open":false,"enter_tag":"","leverage":1.0,"is_short":false,"open_timestamp":1747479600000,"close_timestamp":1747480500000,"orders":[{"amount":0.376,"safe_price":2484.8,"ft_order_side":"buy","order_filled_timestamp":1747479600000,"ft_is_entry":true,"ft_order_tag":"","cost":934.7519424},{"amount":0.376,"safe_price":2480.73,"ft_order_side":"sell","order_filled_timestamp":1747480500000,"ft_is_entry":false,"ft_order_tag":"exit_signal","cost":933.22085724}],"funding_fees":0.0},{"pair":"ETH/USDT:USDT","stake_amount":930.5307,"max_stake_amount":930.5307,"amount":0.374,"open_date":"2025-05-17 21:00:00+00:00","close_date":"2025-05-17 21:30:00+00:00","open_rate":2488.05,"close_rate":2482.44,"fee_open":0.0005,"fee_close":0.0005,"trade_duration":30,"profit_ratio":-0.0032520244369284583,"profit_abs":-3.02762163,"exit_reason":"exit_signal","initial_stop_loss_abs":2239.25,"initial_stop_loss_ratio":-0.1,"stop_loss_abs":2239.25,"stop_loss_ratio":-0.1,"min_rate":2480.49,"max_rate":2493.14,"is_open":false,"enter_tag":"","leverage":1.0,"is_short":false,"open_timestamp":1747515600000,"close_timestamp":1747517400000,"orders":[{"amount":0.374,"safe_price":2488.05,"ft_order_side":"buy","order_filled_timestamp":1747515600000,"ft_is_entry":true,"ft_order_tag":"","cost":930.99596535},{"amount":0.374,"safe_price":2482.44,"ft_order_side":"sell","order_filled_timestamp":1747517400000,"ft_is_entry":false,"ft_order_tag":"exit_signal","cost":928.8967762799999}],"funding_fees":0.0},{"pair":"ETH/USDT:USDT","stake_amount":929.39374,"max_stake_amount":929.39374,"amount":0.374,"open_date":"2025-05-17 21:45:00+00:00","close_date":"2025-05-17 22:15:00+00:00","open_rate":2485.01,"close_rate":2468.19,"fee_open":0.0005,"fee_close":0.0005,"trade_duration":30,"profit_ratio":-0.007761319480299528,"profit_abs":-7.2169284,"exit_reason":"exit_signal","initial_stop_loss_abs":2236.51,"initial_stop_loss_ratio":-0.1,"stop_loss_abs":2236.51,"stop_loss_ratio":-0.1,"min_rate":2456.0,"max_rate":2485.93,"is_open":false,"enter_tag":"","leverage":1.0,"is_short":false,"open_timestamp":1747518300000,"close_timestamp":1747520100000,"orders":[{"amount":0.374,"safe_price":2485.01,"ft_order_side":"buy","order_filled_timestamp":1747518300000,"ft_is_entry":true,"ft_order_tag":"","cost":929.85843687},{"amount":0.374,"safe_price":2468.19,"ft_order_side":"sell","order_filled_timestamp":1747520100000,"ft_is_entry":false,"ft_order_tag":"exit_signal","cost":923.56461153}],"funding_fees":0.0},{"pair":"ETH/USDT:USDT","stake_amount":920.1752,"max_stake_amount":920.1752,"amount":0.37,"open_date":"2025-05-18 04:45:00+00:00","close_date":"2025-05-18 18:15:00+00:00","open_rate":2486.96,"close_rate":2472.68,"fee_open":0.0005,"fee_close":0.0005,"trade_duration":810,"profit_ratio":-0.006786535291611171,"profit_abs":-6.24792387,"exit_reason":"exit_signal","initial_stop_loss_abs":2238.27,"initial_stop_loss_ratio":-0.1,"stop_loss_abs":2238.27,"stop_loss_ratio":-0.1,"min_rate":2448.77,"max_rate":2587.52,"is_open":false,"enter_tag":"","leverage":1.0,"is_short":false,"open_timestamp":1747543500000,"close_timestamp":1747592100000,"orders":[{"amount":0.37,"safe_price":2486.96,"ft_order_side":"buy","order_filled_timestamp":1747543500000,"ft_is_entry":true,"ft_order_tag":"","cost":920.6352876},{"amount":0.37,"safe_price":2472.68,"ft_order_side":"sell","order_filled_timestamp":1747592100000,"ft_is_entry":false,"ft_order_tag":"exit_signal","cost":915.3490457999999}],"funding_fees":-0.04679047075217276},{"pair":"ETH/USDT:USDT","stake_amount":915.785,"max_stake_amount":915.785,"amount":0.365,"open_date":"2025-05-19 17:00:00+00:00","close_date":"2025-05-20 13:00:00+00:00","open_rate":2509.0,"close_rate":2483.39,"fee_open":0.0005,"fee_close":0.0005,"trade_duration":1200,"profit_ratio":-0.01134585493114753,"profit_abs":-10.39555894,"exit_reason":"exit_signal","initial_stop_loss_abs":2258.1,"initial_stop_loss_ratio":-0.1,"stop_loss_abs":2258.1,"stop_loss_ratio":-0.1,"min_rate":2474.58,"max_rate":2588.0,"is_open":false,"enter_tag":"","leverage":1.0,"is_short":false,"open_timestamp":1747674000000,"close_timestamp":1747746000000,"orders":[{"amount":0.365,"safe_price":2509.0,"ft_order_side":"buy","order_filled_timestamp":1747674000000,"ft_is_entry":true,"ft_order_tag":"","cost":916.2428924999999},{"amount":0.365,"safe_price":2483.39,"ft_order_side":"sell","order_filled_timestamp":1747746000000,"ft_is_entry":false,"ft_order_tag":"exit_signal","cost":906.8905686749998}],"funding_fees":-0.13679776741760347},{"pair":"ETH/USDT:USDT","stake_amount":904.53272,"max_stake_amount":904.53272,"amount":0.364,"open_date":"2025-05-20 15:30:00+00:00","close_date":"2025-05-20 15:45:00+00:00","open_rate":2484.98,"close_rate":2480.74,"fee_open":0.0005,"fee_close":0.0005,"trade_duration":15,"profit_ratio":-0.0027040460083683016,"profit_abs":-2.44712104,"exit_reason":"exit_signal","initial_stop_loss_abs":2236.49,"initial_stop_loss_ratio":-0.1,"stop_loss_abs":2236.49,"stop_loss_ratio":-0.1,"min_rate":2475.26,"max_rate":2492.04,"is_open":false,"enter_tag":"","leverage":1.0,"is_short":false,"open_timestamp":1747755000000,"close_timestamp":1747755900000,"orders":[{"amount":0.364,"safe_price":2484.98,"ft_order_side":"buy","order_filled_timestamp":1747755000000,"ft_is_entry":true,"ft_order_tag":"","cost":904.9849863599999},{"amount":0.364,"safe_price":2480.74,"ft_order_side":"sell","order_filled_timestamp":1747755900000,"ft_is_entry":false,"ft_order_tag":"exit_signal","cost":903.4408546799999}],"funding_fees":0.0},{"pair":"ETH/USDT:USDT","stake_amount":902.86782,"max_stake_amount":902.86782,"amount":0.362,"open_date":"2025-05-20 17:15:00+00:00","close_date":"2025-05-20 18:30:00+00:00","open_rate":2494.11,"close_rate":2470.81,"fee_open":0.0005,"fee_close":0.0005,"trade_duration":75,"profit_ratio":-0.010332172683800555,"profit_abs":-9.33325052,"exit_reason":"exit_signal","initial_stop_loss_abs":2244.7,"initial_stop_loss_ratio":-0.1,"stop_loss_abs":2244.7,"stop_loss_ratio":-0.1,"min_rate":2465.6,"max_rate":2507.78,"is_open":false,"enter_tag":"","leverage":1.0,"is_short":false,"open_timestamp":1747761300000,"close_timestamp":1747765800000,"orders":[{"amount":0.362,"safe_price":2494.11,"ft_order_side":"buy","order_filled_timestamp":1747761300000,"ft_is_entry":true,"ft_order_tag":"","cost":903.31925391},{"amount":0.362,"safe_price":2470.81,"ft_order_side":"sell","order_filled_timestamp":1747765800000,"ft_is_entry":false,"ft_order_tag":"exit_signal","cost":894.88043661}],"funding_fees":0.0},{"pair":"ETH/USDT:USDT","stake_amount":892.71812,"max_stake_amount":892.71812,"amount":0.359,"open_date":"2025-05-20 19:45:00+00:00","close_date":"2025-05-21 17:30:00+00:00","open_rate":2486.68,"close_rate":2476.71,"fee_open":0.0005,"fee_close":0.0005,"trade_duration":1305,"profit_ratio":-0.005144412398526807,"profit_abs":-4.59480642,"exit_reason":"exit_signal","initial_stop_loss_abs":2238.02,"initial_stop_loss_ratio":-0.1,"stop_loss_abs":2238.02,"stop_loss_ratio":-0.1,"min_rate":2455.36,"max_rate":2615.46,"is_open":false,"enter_tag":"","leverage":1.0,"is_short":false,"open_timestamp":1747770300000,"close_timestamp":1747848600000,"orders":[{"amount":0.359,"safe_price":2486.68,"ft_order_side":"buy","order_filled_timestamp":1747770300000,"ft_is_entry":true,"ft_order_tag":"","cost":893.1644790599998},{"amount":0.359,"safe_price":2476.71,"ft_order_side":"sell","order_filled_timestamp":1747848600000,"ft_is_entry":false,"ft_order_tag":"exit_signal","cost":889.5834594449999}],"funding_fees":-0.12464791396599999},{"pair":"ETH/USDT:USDT","stake_amount":889.10463,"max_stake_amount":889.10463,"amount":0.353,"open_date":"2025-05-21 22:30:00+00:00","close_date":"2025-05-24 18:15:00+00:00","open_rate":2518.71,"close_rate":2561.57,"fee_open":0.0005,"fee_close":0.0005,"trade_duration":4065,"profit_ratio":0.015412353630993624,"profit_abs":13.71004657,"exit_reason":"exit_signal","initial_stop_loss_abs":2266.84,"initial_stop_loss_ratio":-0.1,"stop_loss_abs":2266.84,"stop_loss_ratio":-0.1,"min_rate":2497.0,"max_rate":2734.3,"is_open":false,"enter_tag":"","leverage":1.0,"is_short":false,"open_timestamp":1747866600000,"close_timestamp":1748110500000,"orders":[{"amount":0.353,"safe_price":2518.71,"ft_order_side":"buy","order_filled_timestamp":1747866600000,"ft_is_entry":true,"ft_order_tag":"","cost":889.5491823149998},{"amount":0.353,"safe_price":2561.57,"ft_order_side":"sell","order_filled_timestamp":1748110500000,"ft_is_entry":false,"ft_order_tag":"exit_signal","cost":904.6863271049999}],"funding_fees":-0.522864005795341},{"pair":"ETH/USDT:USDT","stake_amount":901.21152,"max_stake_amount":901.21152,"amount":0.352,"open_date":"2025-05-24 18:30:00+00:00","close_date":"2025-05-24 19:45:00+00:00","open_rate":2560.26,"close_rate":2550.78,"fee_open":0.0005,"fee_close":0.0005,"trade_duration":75,"profit_ratio":-0.004698548290945573,"profit_abs":-4.23650304,"exit_reason":"exit_signal","initial_stop_loss_abs":2304.24,"initial_stop_loss_ratio":-0.1,"stop_loss_abs":2304.24,"stop_loss_ratio":-0.1,"min_rate":2543.32,"max_rate":2560.37,"is_open":false,"enter_tag":"","leverage":1.0,"is_short":false,"open_timestamp":1748111400000,"close_timestamp":1748115900000,"orders":[{"amount":0.352,"safe_price":2560.26,"ft_order_side":"buy","order_filled_timestamp":1748111400000,"ft_is_entry":true,"ft_order_tag":"","cost":901.66212576},{"amount":0.352,"safe_price":2550.78,"ft_order_side":"sell","order_filled_timestamp":1748115900000,"ft_is_entry":false,"ft_order_tag":"exit_signal","cost":898.32349728}],"funding_fees":0.0},{"pair":"ETH/USDT:USDT","stake_amount":898.77568,"max_stake_amount":898.77568,"amount":0.352,"open_date":"2025-05-24 20:00:00+00:00","close_date":"2025-05-24 20:30:00+00:00","open_rate":2553.34,"close_rate":2551.83,"fee_open":0.0005,"fee_close":0.0005,"trade_duration":30,"profit_ratio":-0.0015902914310819086,"profit_abs":-1.43002992,"exit_reason":"exit_signal","initial_stop_loss_abs":2298.01,"initial_stop_loss_ratio":-0.1,"stop_loss_abs":2298.01,"stop_loss_ratio":-0.1,"min_rate":2548.46,"max_rate":2555.47,"is_open":false,"enter_tag":"","leverage":1.0,"is_short":false,"open_timestamp":1748116800000,"close_timestamp":1748118600000,"orders":[{"amount":0.352,"safe_price":2553.34,"ft_order_side":"buy","order_filled_timestamp":1748116800000,"ft_is_entry":true,"ft_order_tag":"","cost":899.22506784},{"amount":0.352,"safe_price":2551.83,"ft_order_side":"sell","order_filled_timestamp":1748118600000,"ft_is_entry":false,"ft_order_tag":"exit_signal","cost":898.6932820799999}],"funding_fees":0.0},{"pair":"ETH/USDT:USDT","stake_amount":896.51232,"max_stake_amount":896.51232,"amount":0.352,"open_date":"2025-05-24 21:15:00+00:00","close_date":"2025-05-25 08:15:00+00:00","open_rate":2546.91,"close_rate":2482.25,"fee_open":0.0005,"fee_close":0.0005,"trade_duration":660,"profit_ratio":-0.026458405665497897,"profit_abs":-23.73214679,"exit_reason":"exit_signal","initial_stop_loss_abs":2292.22,"initial_stop_loss_ratio":-0.1,"stop_loss_abs":2292.22,"stop_loss_ratio":-0.1,"min_rate":2473.36,"max_rate":2547.35,"is_open":false,"enter_tag":"","leverage":1.0,"is_short":false,"open_timestamp":1748121300000,"close_timestamp":1748160900000,"orders":[{"amount":0.352,"safe_price":2546.91,"ft_order_side":"buy","order_filled_timestamp":1748121300000,"ft_is_entry":true,"ft_order_tag":"","cost":896.9605761599998},{"amount":0.352,"safe_price":2482.25,"ft_order_side":"sell","order_filled_timestamp":1748160900000,"ft_is_entry":false,"ft_order_tag":"exit_signal","cost":874.1888759999999}],"funding_fees":-0.0866946346464},{"pair":"ETH/USDT:USDT","stake_amount":872.10513,"max_stake_amount":872.10513,"amount":0.351,"open_date":"2025-05-25 08:45:00+00:00","close_date":"2025-05-25 09:00:00+00:00","open_rate":2484.63,"close_rate":2476.49,"fee_open":0.0005,"fee_close":0.0005,"trade_duration":15,"profit_ratio":-0.004272367464698202,"profit_abs":-3.72781656,"exit_reason":"exit_signal","initial_stop_loss_abs":2236.17,"initial_stop_loss_ratio":-0.1,"stop_loss_abs":2236.17,"stop_loss_ratio":-0.1,"min_rate":2457.6,"max_rate":2485.0,"is_open":false,"enter_tag":"","leverage":1.0,"is_short":false,"open_timestamp":1748162700000,"close_timestamp":1748163600000,"orders":[{"amount":0.351,"safe_price":2484.63,"ft_order_side":"buy","order_filled_timestamp":1748162700000,"ft_is_entry":true,"ft_order_tag":"","cost":872.541182565},{"amount":0.351,"safe_price":2476.49,"ft_order_side":"sell","order_filled_timestamp":1748163600000,"ft_is_entry":false,"ft_order_tag":"exit_signal","cost":869.6826139949998}],"funding_fees":0.0},{"pair":"ETH/USDT:USDT","stake_amount":867.9816,"max_stake_amount":867.9816,"amount":0.348,"open_date":"2025-05-25 10:00:00+00:00","close_date":"2025-05-25 19:00:00+00:00","open_rate":2494.2,"close_rate":2514.89,"fee_open":0.0005,"fee_close":0.0005,"trade_duration":540,"profit_ratio":0.007202072689918362,"profit_abs":6.25439221,"exit_reason":"exit_signal","initial_stop_loss_abs":2244.78,"initial_stop_loss_ratio":-0.1,"stop_loss_abs":2244.78,"stop_loss_ratio":-0.1,"min_rate":2478.0,"max_rate":2524.99,"is_open":false,"enter_tag":"","leverage":1.0,"is_short":false,"open_timestamp":1748167200000,"close_timestamp":1748199600000,"orders":[{"amount":0.348,"safe_price":2494.2,"ft_order_side":"buy","order_filled_timestamp":1748167200000,"ft_is_entry":true,"ft_order_tag":"","cost":868.4155907999998},{"amount":0.348,"safe_price":2514.89,"ft_order_side":"sell","order_filled_timestamp":1748199600000,"ft_is_entry":false,"ft_order_tag":"exit_signal","cost":875.6193108599999}],"funding_fees":-0.07414612893719999},{"pair":"ETH/USDT:USDT","stake_amount":874.5441,"max_stake_amount":874.5441,"amount":0.347,"open_date":"2025-05-25 19:30:00+00:00","close_date":"2025-05-25 21:00:00+00:00","open_rate":2520.3,"close_rate":2522.66,"fee_open":0.0005,"fee_close":0.0005,"trade_duration":90,"profit_ratio":-6.403971763275209e-05,"profit_abs":-0.05603356,"exit_reason":"exit_signal","initial_stop_loss_abs":2268.28,"initial_stop_loss_ratio":-0.1,"stop_loss_abs":2268.28,"stop_loss_ratio":-0.1,"min_rate":2509.69,"max_rate":2537.0,"is_open":false,"enter_tag":"","leverage":1.0,"is_short":false,"open_timestamp":1748201400000,"close_timestamp":1748206800000,"orders":[{"amount":0.347,"safe_price":2520.3,"ft_order_side":"buy","order_filled_timestamp":1748201400000,"ft_is_entry":true,"ft_order_tag":"","cost":874.9813720499999},{"amount":0.347,"safe_price":2522.66,"ft_order_side":"sell","order_filled_timestamp":1748206800000,"ft_is_entry":false,"ft_order_tag":"exit_signal","cost":875.8007015099998}],"funding_fees":0.0},{"pair":"ETH/USDT:USDT","stake_amount":875.3454,"max_stake_amount":875.3454,"amount":0.346,"open_date":"2025-05-25 21:15:00+00:00","close_date":"2025-05-29 02:30:00+00:00","open_rate":2529.9,"close_rate":2745.51,"fee_open":0.0005,"fee_close":0.0005,"trade_duration":4635,"profit_ratio":0.08333844291484899,"profit_abs":72.98639761,"exit_reason":"exit_signal","initial_stop_loss_abs":2276.92,"initial_stop_loss_ratio":-0.1,"stop_loss_abs":2276.92,"stop_loss_ratio":-0.1,"min_rate":2506.08,"max_rate":2788.88,"is_open":false,"enter_tag":"","leverage":1.0,"is_short":false,"open_timestamp":1748207700000,"close_timestamp":1748485800000,"orders":[{"amount":0.346,"safe_price":2529.9,"ft_order_side":"buy","order_filled_timestamp":1748207700000,"ft_is_entry":true,"ft_order_tag":"","cost":875.7830726999999},{"amount":0.346,"safe_price":2745.51,"ft_order_side":"sell","order_filled_timestamp":1748485800000,"ft_is_entry":false,"ft_order_tag":"exit_signal","cost":950.4214332299999}],"funding_fees":-0.702016458205579},{"pair":"ETH/USDT:USDT","stake_amount":946.58432,"max_stake_amount":946.58432,"amount":0.368,"open_date":"2025-05-30 01:00:00+00:00","close_date":"2025-05-31 12:00:00+00:00","open_rate":2572.24,"close_rate":2518.6,"fee_open":0.0005,"fee_close":0.0005,"trade_duration":2100,"profit_ratio":-0.02210348090889263,"profit_abs":-20.93326985,"exit_reason":"exit_signal","initial_stop_loss_abs":2315.02,"initial_stop_loss_ratio":-0.1,"stop_loss_abs":2315.02,"stop_loss_ratio":-0.1,"min_rate":2474.0,"max_rate":2648.42,"is_open":false,"enter_tag":"","leverage":1.0,"is_short":false,"open_timestamp":1748566800000,"close_timestamp":1748692800000,"orders":[{"amount":0.368,"safe_price":2572.24,"ft_order_side":"buy","order_filled_timestamp":1748566800000,"ft_is_entry":true,"ft_order_tag":"","cost":947.0576121599998},{"amount":0.368,"safe_price":2518.6,"ft_order_side":"sell","order_filled_timestamp":1748692800000,"ft_is_entry":false,"ft_order_tag":"exit_signal","cost":927.3082223999999}],"funding_fees":-0.2570352941604966},{"pair":"SOL/USDT:USDT","stake_amount":927.7995,"max_stake_amount":927.7995,"amount":6.07,"open_date":"2025-05-31 12:00:00+00:00","close_date":"2025-06-03 01:45:00+00:00","open_rate":152.85,"close_rate":160.98,"fee_open":0.0005,"fee_close":0.0005,"trade_duration":3705,"profit_ratio":0.05229495980674639,"profit_abs":48.54349718,"exit_reason":"exit_signal","initial_stop_loss_abs":137.57,"initial_stop_loss_ratio":-0.1,"stop_loss_abs":137.57,"stop_loss_ratio":-0.1,"min_rate":150.48,"max_rate":162.16,"is_open":false,"enter_tag":"","leverage":1.0,"is_short":false,"open_timestamp":1748692800000,"close_timestamp":1748915100000,"orders":[{"amount":6.07,"safe_price":152.85,"ft_order_side":"buy","order_filled_timestamp":1748692800000,"ft_is_entry":true,"ft_order_tag":"","cost":928.26339975},{"amount":6.07,"safe_price":160.98,"ft_order_side":"sell","order_filled_timestamp":1748915100000,"ft_is_entry":false,"ft_order_tag":"exit_signal","cost":977.6371743}],"funding_fees":0.14687122839799555},{"pair":"ETH/USDT:USDT","stake_amount":973.75125,"max_stake_amount":973.75125,"amount":0.375,"open_date":"2025-06-03 03:15:00+00:00","close_date":"2025-06-05 20:30:00+00:00","open_rate":2596.67,"close_rate":2472.41,"fee_open":0.0005,"fee_close":0.0005,"trade_duration":3915,"profit_ratio":-0.049295247072362804,"profit_abs":-48.02530911,"exit_reason":"exit_signal","initial_stop_loss_abs":2337.01,"initial_stop_loss_ratio":-0.1,"stop_loss_abs":2337.01,"stop_loss_ratio":-0.1,"min_rate":2402.55,"max_rate":2679.64,"is_open":false,"enter_tag":"","leverage":1.0,"is_short":false,"open_timestamp":1748920500000,"close_timestamp":1749155400000,"orders":[{"amount":0.375,"safe_price":2596.67,"ft_order_side":"buy","order_filled_timestamp":1748920500000,"ft_is_entry":true,"ft_order_tag":"","cost":974.238125625},{"amount":0.375,"safe_price":2472.41,"ft_order_side":"sell","order_filled_timestamp":1749155400000,"ft_is_entry":false,"ft_order_tag":"exit_signal","cost":927.6173268749999}],"funding_fees":-0.47735661237278976},{"pair":"SUI/USDT:USDT","stake_amount":928.4625,"max_stake_amount":928.4625,"amount":315.0,"open_date":"2025-06-05 20:30:00+00:00","close_date":"2025-06-07 01:00:00+00:00","open_rate":2.9475,"close_rate":3.2335,"fee_open":0.0005,"fee_close":0.0005,"trade_duration":1710,"profit_ratio":0.09596729537542846,"profit_abs":89.146586,"exit_reason":"exit_signal","initial_stop_loss_abs":2.6528,"initial_stop_loss_ratio":-0.1,"stop_loss_abs":2.6528,"stop_loss_ratio":-0.1,"min_rate":2.8801,"max_rate":3.2399,"is_open":false,"enter_tag":"","leverage":1.0,"is_short":false,"open_timestamp":1749155400000,"close_timestamp":1749258000000,"orders":[{"amount":315.0,"safe_price":2.9475,"ft_order_side":"buy","order_filled_timestamp":1749155400000,"ft_is_entry":true,"ft_order_tag":"","cost":928.9267312499999},{"amount":315.0,"safe_price":3.2335,"ft_order_side":"sell","order_filled_timestamp":1749258000000,"ft_is_entry":false,"ft_order_tag":"exit_signal","cost":1019.0617762499999}],"funding_fees":0.030093500988652502},{"pair":"SOL/USDT:USDT","stake_amount":1016.6292,"max_stake_amount":1016.6292,"amount":6.84,"open_date":"2025-06-07 01:00:00+00:00","close_date":"2025-06-09 23:45:00+00:00","open_rate":148.63,"close_rate":161.52,"fee_open":0.0005,"fee_close":0.0005,"trade_duration":4245,"profit_ratio":0.0854540574036163,"profit_abs":86.91852756,"exit_reason":"exit_signal","initial_stop_loss_abs":133.77,"initial_stop_loss_ratio":-0.1,"stop_loss_abs":133.77,"stop_loss_ratio":-0.1,"min_rate":147.29,"max_rate":161.7,"is_open":false,"enter_tag":"","leverage":1.0,"is_short":false,"open_timestamp":1749258000000,"close_timestamp":1749512700000,"orders":[{"amount":6.84,"safe_price":148.63,"ft_order_side":"buy","order_filled_timestamp":1749258000000,"ft_is_entry":true,"ft_order_tag":"","cost":1017.1375145999999},{"amount":6.84,"safe_price":161.52,"ft_order_side":"sell","order_filled_timestamp":1749512700000,"ft_is_entry":false,"ft_order_tag":"exit_signal","cost":1105.3491984}],"funding_fees":-0.1883594394443088},{"pair":"SOL/USDT:USDT","stake_amount":1102.68,"max_stake_amount":1102.68,"amount":7.2,"open_date":"2025-06-12 21:00:00+00:00","close_date":"2025-06-13 00:45:00+00:00","open_rate":153.15,"close_rate":144.89,"fee_open":0.0005,"fee_close":0.0005,"trade_duration":225,"profit_ratio":-0.05486268342413115,"profit_abs":-60.52623175,"exit_reason":"exit_signal","initial_stop_loss_abs":137.84,"initial_stop_loss_ratio":-0.1,"stop_loss_abs":137.84,"stop_loss_ratio":-0.1,"min_rate":142.03,"max_rate":153.59,"is_open":false,"enter_tag":"","leverage":1.0,"is_short":false,"open_timestamp":1749762000000,"close_timestamp":1749775500000,"orders":[{"amount":7.2,"safe_price":153.15,"ft_order_side":"buy","order_filled_timestamp":1749762000000,"ft_is_entry":true,"ft_order_tag":"","cost":1103.23134},{"amount":7.2,"safe_price":144.89,"ft_order_side":"sell","order_filled_timestamp":1749775500000,"ft_is_entry":false,"ft_order_tag":"exit_signal","cost":1043.7296039999999}],"funding_fees":0.018712253939555522},{"pair":"ETH/USDT:USDT","stake_amount":1041.24726,"max_stake_amount":1041.24726,"amount":0.414,"open_date":"2025-06-13 05:45:00+00:00","close_date":"2025-06-15 03:45:00+00:00","open_rate":2515.09,"close_rate":2531.61,"fee_open":0.0005,"fee_close":0.0005,"trade_duration":2760,"profit_ratio":0.005463121401063805,"profit_abs":5.69130442,"exit_reason":"exit_signal","initial_stop_loss_abs":2263.59,"initial_stop_loss_ratio":-0.1,"stop_loss_abs":2263.59,"stop_loss_ratio":-0.1,"min_rate":2486.68,"max_rate":2585.0,"is_open":false,"enter_tag":"","leverage":1.0,"is_short":false,"open_timestamp":1749793500000,"close_timestamp":1749959100000,"orders":[{"amount":0.414,"safe_price":2515.09,"ft_order_side":"buy","order_filled_timestamp":1749793500000,"ft_is_entry":true,"ft_order_tag":"","cost":1041.7678836300001},{"amount":0.414,"safe_price":2531.61,"ft_order_side":"sell","order_filled_timestamp":1749959100000,"ft_is_entry":false,"ft_order_tag":"exit_signal","cost":1048.61058327}],"funding_fees":-0.10330867628667441},{"pair":"SOL/USDT:USDT","stake_amount":1047.583,"max_stake_amount":1047.583,"amount":7.19,"open_date":"2025-06-15 03:45:00+00:00","close_date":"2025-06-15 08:15:00+00:00","open_rate":145.7,"close_rate":145.21,"fee_open":0.0005,"fee_close":0.0005,"trade_duration":270,"profit_ratio":-0.004432577383981201,"profit_abs":-4.64581446,"exit_reason":"exit_signal","initial_stop_loss_abs":131.13,"initial_stop_loss_ratio":-0.1,"stop_loss_abs":131.13,"stop_loss_ratio":-0.1,"min_rate":145.12,"max_rate":148.06,"is_open":false,"enter_tag":"","leverage":1.0,"is_short":false,"open_timestamp":1749959100000,"close_timestamp":1749975300000,"orders":[{"amount":7.19,"safe_price":145.7,"ft_order_side":"buy","order_filled_timestamp":1749959100000,"ft_is_entry":true,"ft_order_tag":"","cost":1048.1067915},{"amount":7.19,"safe_price":145.21,"ft_order_side":"sell","order_filled_timestamp":1749975300000,"ft_is_entry":false,"ft_order_tag":"exit_signal","cost":1044.5819299500001}],"funding_fees":-0.076893014972},{"pair":"ETH/USDT:USDT","stake_amount":1043.80578,"max_stake_amount":1043.80578,"amount":0.414,"open_date":"2025-06-15 08:15:00+00:00","close_date":"2025-06-17 16:45:00+00:00","open_rate":2521.27,"close_rate":2484.07,"fee_open":0.0005,"fee_close":0.0005,"trade_duration":3390,"profit_ratio":-0.01614111945529603,"profit_abs":-16.85661788,"exit_reason":"exit_signal","initial_stop_loss_abs":2269.15,"initial_stop_loss_ratio":-0.1,"stop_loss_abs":2269.15,"stop_loss_ratio":-0.1,"min_rate":2458.0,"max_rate":2680.0,"is_open":false,"enter_tag":"","leverage":1.0,"is_short":false,"open_timestamp":1749975300000,"close_timestamp":1750178700000,"orders":[{"amount":0.414,"safe_price":2521.27,"ft_order_side":"buy","order_filled_timestamp":1749975300000,"ft_is_entry":true,"ft_order_tag":"","cost":1044.3276828899998},{"amount":0.414,"safe_price":2484.07,"ft_order_side":"sell","order_filled_timestamp":1750178700000,"ft_is_entry":false,"ft_order_tag":"exit_signal","cost":1028.91918249}],"funding_fees":-0.41971250029228374},{"pair":"SOL/USDT:USDT","stake_amount":1026.9009,"max_stake_amount":1026.9009,"amount":6.99,"open_date":"2025-06-17 16:45:00+00:00","close_date":"2025-06-18 11:00:00+00:00","open_rate":146.91,"close_rate":145.63,"fee_open":0.0005,"fee_close":0.0005,"trade_duration":1095,"profit_ratio":-0.009752175590706437,"profit_abs":-10.01952515,"exit_reason":"exit_signal","initial_stop_loss_abs":132.22,"initial_stop_loss_ratio":-0.1,"stop_loss_abs":132.22,"stop_loss_ratio":-0.1,"min_rate":145.27,"max_rate":150.35,"is_open":false,"enter_tag":"","leverage":1.0,"is_short":false,"open_timestamp":1750178700000,"close_timestamp":1750244400000,"orders":[{"amount":6.99,"safe_price":146.91,"ft_order_side":"buy","order_filled_timestamp":1750178700000,"ft_is_entry":true,"ft_order_tag":"","cost":1027.41435045},{"amount":6.99,"safe_price":145.63,"ft_order_side":"sell","order_filled_timestamp":1750244400000,"ft_is_entry":false,"ft_order_tag":"exit_signal","cost":1018.46267685}],"funding_fees":-0.04989784671504852},{"pair":"ETH/USDT:USDT","stake_amount":1015.0173,"max_stake_amount":1015.0173,"amount":0.407,"open_date":"2025-06-18 11:00:00+00:00","close_date":"2025-06-18 13:15:00+00:00","open_rate":2493.9,"close_rate":2481.96,"fee_open":0.0005,"fee_close":0.0005,"trade_duration":135,"profit_ratio":-0.0057823969045189905,"profit_abs":-5.87216751,"exit_reason":"exit_signal","initial_stop_loss_abs":2244.51,"initial_stop_loss_ratio":-0.1,"stop_loss_abs":2244.51,"stop_loss_ratio":-0.1,"min_rate":2466.75,"max_rate":2515.79,"is_open":false,"enter_tag":"","leverage":1.0,"is_short":false,"open_timestamp":1750244400000,"close_timestamp":1750252500000,"orders":[{"amount":0.407,"safe_price":2493.9,"ft_order_side":"buy","order_filled_timestamp":1750244400000,"ft_is_entry":true,"ft_order_tag":"","cost":1015.52480865},{"amount":0.407,"safe_price":2481.96,"ft_order_side":"sell","order_filled_timestamp":1750252500000,"ft_is_entry":false,"ft_order_tag":"exit_signal","cost":1010.6627988599998}],"funding_fees":0.0},{"pair":"ETH/USDT:USDT","stake_amount":1011.4764,"max_stake_amount":1011.4764,"amount":0.407,"open_date":"2025-06-18 13:45:00+00:00","close_date":"2025-06-18 17:30:00+00:00","open_rate":2485.2,"close_rate":2480.97,"fee_open":0.0005,"fee_close":0.0005,"trade_duration":225,"profit_ratio":-0.0027234579801005427,"profit_abs":-2.75609083,"exit_reason":"exit_signal","initial_stop_loss_abs":2236.68,"initial_stop_loss_ratio":-0.1,"stop_loss_abs":2236.68,"stop_loss_ratio":-0.1,"min_rate":2465.0,"max_rate":2537.99,"is_open":false,"enter_tag":"","leverage":1.0,"is_short":false,"open_timestamp":1750254300000,"close_timestamp":1750267800000,"orders":[{"amount":0.407,"safe_price":2485.2,"ft_order_side":"buy","order_filled_timestamp":1750254300000,"ft_is_entry":true,"ft_order_tag":"","cost":1011.9821381999999},{"amount":0.407,"safe_price":2480.97,"ft_order_side":"sell","order_filled_timestamp":1750267800000,"ft_is_entry":false,"ft_order_tag":"exit_signal","cost":1010.2596673949998}],"funding_fees":-0.023865233750424434},{"pair":"ETH/USDT:USDT","stake_amount":1008.64035,"max_stake_amount":1008.64035,"amount":0.405,"open_date":"2025-06-18 17:45:00+00:00","close_date":"2025-06-18 19:00:00+00:00","open_rate":2490.47,"close_rate":2474.2,"fee_open":0.0005,"fee_close":0.0005,"trade_duration":75,"profit_ratio":-0.00752587404408822,"profit_abs":-7.59469568,"exit_reason":"exit_signal","initial_stop_loss_abs":2241.43,"initial_stop_loss_ratio":-0.1,"stop_loss_abs":2241.43,"stop_loss_ratio":-0.1,"min_rate":2470.0,"max_rate":2520.09,"is_open":false,"enter_tag":"","leverage":1.0,"is_short":false,"open_timestamp":1750268700000,"close_timestamp":1750273200000,"orders":[{"amount":0.405,"safe_price":2490.47,"ft_order_side":"buy","order_filled_timestamp":1750268700000,"ft_is_entry":true,"ft_order_tag":"","cost":1009.144670175},{"amount":0.405,"safe_price":2474.2,"ft_order_side":"sell","order_filled_timestamp":1750273200000,"ft_is_entry":false,"ft_order_tag":"exit_signal","cost":1002.5520255}],"funding_fees":0.0},{"pair":"ETH/USDT:USDT","stake_amount":999.31944,"max_stake_amount":999.31944,"amount":0.399,"open_date":"2025-06-18 19:15:00+00:00","close_date":"2025-06-19 07:45:00+00:00","open_rate":2504.56,"close_rate":2521.47,"fee_open":0.0005,"fee_close":0.0005,"trade_duration":750,"profit_ratio":0.0056910183868196604,"profit_abs":5.68998888,"exit_reason":"exit_signal","initial_stop_loss_abs":2254.11,"initial_stop_loss_ratio":-0.1,"stop_loss_abs":2254.11,"stop_loss_ratio":-0.1,"min_rate":2481.5,"max_rate":2546.29,"is_open":false,"enter_tag":"","leverage":1.0,"is_short":false,"open_timestamp":1750274100000,"close_timestamp":1750319100000,"orders":[{"amount":0.399,"safe_price":2504.56,"ft_order_side":"buy","order_filled_timestamp":1750274100000,"ft_is_entry":true,"ft_order_tag":"","cost":999.8190997199999},{"amount":0.399,"safe_price":2521.47,"ft_order_side":"sell","order_filled_timestamp":1750319100000,"ft_is_entry":false,"ft_order_tag":"exit_signal","cost":1006.5695632649999}],"funding_fees":-0.05440813913077085},{"pair":"ETH/USDT:USDT","stake_amount":1004.50644,"max_stake_amount":1004.50644,"amount":0.399,"open_date":"2025-06-19 08:00:00+00:00","close_date":"2025-06-20 17:00:00+00:00","open_rate":2517.56,"close_rate":2481.64,"fee_open":0.0005,"fee_close":0.0005,"trade_duration":1980,"profit_ratio":-0.015547045379218078,"profit_abs":-15.62491576,"exit_reason":"exit_signal","initial_stop_loss_abs":2265.81,"initial_stop_loss_ratio":-0.1,"stop_loss_abs":2265.81,"stop_loss_ratio":-0.1,"min_rate":2474.7,"max_rate":2568.56,"is_open":false,"enter_tag":"","leverage":1.0,"is_short":false,"open_timestamp":1750320000000,"close_timestamp":1750438800000,"orders":[{"amount":0.399,"safe_price":2517.56,"ft_order_side":"buy","order_filled_timestamp":1750320000000,"ft_is_entry":true,"ft_order_tag":"","cost":1005.0086932199999},{"amount":0.399,"safe_price":2481.64,"ft_order_side":"sell","order_filled_timestamp":1750438800000,"ft_is_entry":false,"ft_order_tag":"exit_signal","cost":990.6694471799999}],"funding_fees":-0.29549536228777207},{"pair":"SUI/USDT:USDT","stake_amount":991.33312,"max_stake_amount":991.33312,"amount":347.3,"open_date":"2025-06-24 05:45:00+00:00","close_date":"2025-06-24 07:15:00+00:00","open_rate":2.8544,"close_rate":2.8409,"fee_open":0.0005,"fee_close":0.0005,"trade_duration":90,"profit_ratio":-0.00572431343689029,"profit_abs":-5.67753885,"exit_reason":"exit_signal","initial_stop_loss_abs":2.569,"initial_stop_loss_ratio":-0.1,"stop_loss_abs":2.569,"stop_loss_ratio":-0.1,"min_rate":2.839,"max_rate":2.91,"is_open":false,"enter_tag":"","leverage":1.0,"is_short":false,"open_timestamp":1750743900000,"close_timestamp":1750749300000,"orders":[{"amount":347.3,"safe_price":2.8544,"ft_order_side":"buy","order_filled_timestamp":1750743900000,"ft_is_entry":true,"ft_order_tag":"","cost":991.8287865599999},{"amount":347.3,"safe_price":2.8409,"ft_order_side":"sell","order_filled_timestamp":1750749300000,"ft_is_entry":false,"ft_order_tag":"exit_signal","cost":987.137892285}],"funding_fees":0.0},{"pair":"SOL/USDT:USDT","stake_amount":985.272,"max_stake_amount":985.272,"amount":6.73,"open_date":"2025-06-24 17:00:00+00:00","close_date":"2025-06-24 17:15:00+00:00","open_rate":146.4,"close_rate":144.81,"fee_open":0.0005,"fee_close":0.0005,"trade_duration":15,"profit_ratio":-0.011849300759456338,"profit_abs":-11.68062165,"exit_reason":"exit_signal","initial_stop_loss_abs":131.77,"initial_stop_loss_ratio":-0.1,"stop_loss_abs":131.77,"stop_loss_ratio":-0.1,"min_rate":143.85,"max_rate":146.56,"is_open":false,"enter_tag":"","leverage":1.0,"is_short":false,"open_timestamp":1750784400000,"close_timestamp":1750785300000,"orders":[{"amount":6.73,"safe_price":146.4,"ft_order_side":"buy","order_filled_timestamp":1750784400000,"ft_is_entry":true,"ft_order_tag":"","cost":985.764636},{"amount":6.73,"safe_price":144.81,"ft_order_side":"sell","order_filled_timestamp":1750785300000,"ft_is_entry":false,"ft_order_tag":"exit_signal","cost":975.05858565}],"funding_fees":0.0},{"pair":"SOL/USDT:USDT","stake_amount":974.1444,"max_stake_amount":974.1444,"amount":6.68,"open_date":"2025-06-25 00:00:00+00:00","close_date":"2025-06-25 00:45:00+00:00","open_rate":145.83,"close_rate":145.18,"fee_open":0.0005,"fee_close":0.0005,"trade_duration":45,"profit_ratio":-0.00543884719629927,"profit_abs":-5.30087165,"exit_reason":"exit_signal","initial_stop_loss_abs":131.25,"initial_stop_loss_ratio":-0.1,"stop_loss_abs":131.25,"stop_loss_ratio":-0.1,"min_rate":144.95,"max_rate":146.34,"is_open":false,"enter_tag":"","leverage":1.0,"is_short":false,"open_timestamp":1750809600000,"close_timestamp":1750812300000,"orders":[{"amount":6.68,"safe_price":145.83,"ft_order_side":"buy","order_filled_timestamp":1750809600000,"ft_is_entry":true,"ft_order_tag":"","cost":974.6314722},{"amount":6.68,"safe_price":145.18,"ft_order_side":"sell","order_filled_timestamp":1750812300000,"ft_is_entry":false,"ft_order_tag":"exit_signal","cost":970.2873012}],"funding_fees":0.013101753662141119},{"pair":"SOL/USDT:USDT","stake_amount":968.1789,"max_stake_amount":968.1789,"amount":6.63,"open_date":"2025-06-25 01:00:00+00:00","close_date":"2025-06-25 01:30:00+00:00","open_rate":146.03,"close_rate":145.26,"fee_open":0.0005,"fee_close":0.0005,"trade_duration":30,"profit_ratio":-0.0062671191282397554,"profit_abs":-6.07072635,"exit_reason":"exit_signal","initial_stop_loss_abs":131.43,"initial_stop_loss_ratio":-0.1,"stop_loss_abs":131.43,"stop_loss_ratio":-0.1,"min_rate":145.01,"max_rate":146.13,"is_open":false,"enter_tag":"","leverage":1.0,"is_short":false,"open_timestamp":1750813200000,"close_timestamp":1750815000000,"orders":[{"amount":6.63,"safe_price":146.03,"ft_order_side":"buy","order_filled_timestamp":1750813200000,"ft_is_entry":true,"ft_order_tag":"","cost":968.6629894499999},{"amount":6.63,"safe_price":145.26,"ft_order_side":"sell","order_filled_timestamp":1750815000000,"ft_is_entry":false,"ft_order_tag":"exit_signal","cost":963.5553368999998}],"funding_fees":0.0},{"pair":"SOL/USDT:USDT","stake_amount":962.6672,"max_stake_amount":962.6672,"amount":6.59,"open_date":"2025-06-25 01:45:00+00:00","close_date":"2025-06-25 04:00:00+00:00","open_rate":146.08,"close_rate":145.44,"fee_open":0.0005,"fee_close":0.0005,"trade_duration":135,"profit_ratio":-0.005376282286020189,"profit_abs":-5.1781584,"exit_reason":"exit_signal","initial_stop_loss_abs":131.48,"initial_stop_loss_ratio":-0.1,"stop_loss_abs":131.48,"stop_loss_ratio":-0.1,"min_rate":145.12,"max_rate":146.92,"is_open":false,"enter_tag":"","leverage":1.0,"is_short":false,"open_timestamp":1750815900000,"close_timestamp":1750824000000,"orders":[{"amount":6.59,"safe_price":146.08,"ft_order_side":"buy","order_filled_timestamp":1750815900000,"ft_is_entry":true,"ft_order_tag":"","cost":963.1485336000001},{"amount":6.59,"safe_price":145.44,"ft_order_side":"sell","order_filled_timestamp":1750824000000,"ft_is_entry":false,"ft_order_tag":"exit_signal","cost":958.9288247999999}],"funding_fees":0.0},{"pair":"SOL/USDT:USDT","stake_amount":956.8895,"max_stake_amount":956.8895,"amount":6.55,"open_date":"2025-06-25 06:30:00+00:00","close_date":"2025-06-25 08:45:00+00:00","open_rate":146.09,"close_rate":145.3,"fee_open":0.0005,"fee_close":0.0005,"trade_duration":135,"profit_ratio":-0.006502259099165436,"profit_abs":-6.22505443,"exit_reason":"exit_signal","initial_stop_loss_abs":131.49,"initial_stop_loss_ratio":-0.1,"stop_loss_abs":131.49,"stop_loss_ratio":-0.1,"min_rate":144.94,"max_rate":147.61,"is_open":false,"enter_tag":"","leverage":1.0,"is_short":false,"open_timestamp":1750833000000,"close_timestamp":1750841100000,"orders":[{"amount":6.55,"safe_price":146.09,"ft_order_side":"buy","order_filled_timestamp":1750833000000,"ft_is_entry":true,"ft_order_tag":"","cost":957.36794475},{"amount":6.55,"safe_price":145.3,"ft_order_side":"sell","order_filled_timestamp":1750841100000,"ft_is_entry":false,"ft_order_tag":"exit_signal","cost":952.1908575}],"funding_fees":-0.09625217616840001},{"pair":"SOL/USDT:USDT","stake_amount":950.616,"max_stake_amount":950.616,"amount":6.52,"open_date":"2025-06-25 09:00:00+00:00","close_date":"2025-06-25 09:45:00+00:00","open_rate":145.8,"close_rate":145.12,"fee_open":0.0005,"fee_close":0.0005,"trade_duration":45,"profit_ratio":-0.005658761839930515,"profit_abs":-5.3819992,"exit_reason":"exit_signal","initial_stop_loss_abs":131.23,"initial_stop_loss_ratio":-0.1,"stop_loss_abs":131.23,"stop_loss_ratio":-0.1,"min_rate":144.97,"max_rate":146.75,"is_open":false,"enter_tag":"","leverage":1.0,"is_short":false,"open_timestamp":1750842000000,"close_timestamp":1750844700000,"orders":[{"amount":6.52,"safe_price":145.8,"ft_order_side":"buy","order_filled_timestamp":1750842000000,"ft_is_entry":true,"ft_order_tag":"","cost":951.0913079999999},{"amount":6.52,"safe_price":145.12,"ft_order_side":"sell","order_filled_timestamp":1750844700000,"ft_is_entry":false,"ft_order_tag":"exit_signal","cost":946.6554911999999}],"funding_fees":0.0},{"pair":"SOL/USDT:USDT","stake_amount":945.267,"max_stake_amount":945.267,"amount":6.47,"open_date":"2025-06-25 10:30:00+00:00","close_date":"2025-06-25 10:45:00+00:00","open_rate":146.1,"close_rate":145.52,"fee_open":0.0005,"fee_close":0.0005,"trade_duration":15,"profit_ratio":-0.004965415991525114,"profit_abs":-4.6959907,"exit_reason":"exit_signal","initial_stop_loss_abs":131.49,"initial_stop_loss_ratio":-0.1,"stop_loss_abs":131.49,"stop_loss_ratio":-0.1,"min_rate":145.43,"max_rate":146.15,"is_open":false,"enter_tag":"","leverage":1.0,"is_short":false,"open_timestamp":1750847400000,"close_timestamp":1750848300000,"orders":[{"amount":6.47,"safe_price":146.1,"ft_order_side":"buy","order_filled_timestamp":1750847400000,"ft_is_entry":true,"ft_order_tag":"","cost":945.7396334999999},{"amount":6.47,"safe_price":145.52,"ft_order_side":"sell","order_filled_timestamp":1750848300000,"ft_is_entry":false,"ft_order_tag":"exit_signal","cost":941.9851572}],"funding_fees":0.0},{"pair":"SOL/USDT:USDT","stake_amount":940.539,"max_stake_amount":940.539,"amount":6.45,"open_date":"2025-06-25 11:00:00+00:00","close_date":"2025-06-25 11:15:00+00:00","open_rate":145.82,"close_rate":145.47,"fee_open":0.0005,"fee_close":0.0005,"trade_duration":15,"profit_ratio":-0.0033973206785717007,"profit_abs":-3.19691025,"exit_reason":"exit_signal","initial_stop_loss_abs":131.24,"initial_stop_loss_ratio":-0.1,"stop_loss_abs":131.24,"stop_loss_ratio":-0.1,"min_rate":145.1,"max_rate":145.92,"is_open":false,"enter_tag":"","leverage":1.0,"is_short":false,"open_timestamp":1750849200000,"close_timestamp":1750850100000,"orders":[{"amount":6.45,"safe_price":145.82,"ft_order_side":"buy","order_filled_timestamp":1750849200000,"ft_is_entry":true,"ft_order_tag":"","cost":941.0092695},{"amount":6.45,"safe_price":145.47,"ft_order_side":"sell","order_filled_timestamp":1750850100000,"ft_is_entry":false,"ft_order_tag":"exit_signal","cost":938.75064075}],"funding_fees":0.0},{"pair":"SOL/USDT:USDT","stake_amount":938.4368,"max_stake_amount":938.4368,"amount":6.44,"open_date":"2025-06-25 11:30:00+00:00","close_date":"2025-06-25 12:30:00+00:00","open_rate":145.72,"close_rate":145.49,"fee_open":0.0005,"fee_close":0.0005,"trade_duration":60,"profit_ratio":-0.002576292144896533,"profit_abs":-2.4188962,"exit_reason":"exit_signal","initial_stop_loss_abs":131.15,"initial_stop_loss_ratio":-0.1,"stop_loss_abs":131.15,"stop_loss_ratio":-0.1,"min_rate":145.37,"max_rate":146.32,"is_open":false,"enter_tag":"","leverage":1.0,"is_short":false,"open_timestamp":1750851000000,"close_timestamp":1750854600000,"orders":[{"amount":6.44,"safe_price":145.72,"ft_order_side":"buy","order_filled_timestamp":1750851000000,"ft_is_entry":true,"ft_order_tag":"","cost":938.9060184},{"amount":6.44,"safe_price":145.49,"ft_order_side":"sell","order_filled_timestamp":1750854600000,"ft_is_entry":false,"ft_order_tag":"exit_signal","cost":937.4240778000001}],"funding_fees":0.0},{"pair":"SOL/USDT:USDT","stake_amount":935.0908,"max_stake_amount":935.0908,"amount":6.41,"open_date":"2025-06-25 12:45:00+00:00","close_date":"2025-06-25 14:30:00+00:00","open_rate":145.88,"close_rate":145.28,"fee_open":0.0005,"fee_close":0.0005,"trade_duration":105,"profit_ratio":-0.005108358899793317,"profit_abs":-4.7791678,"exit_reason":"exit_signal","initial_stop_loss_abs":131.3,"initial_stop_loss_ratio":-0.1,"stop_loss_abs":131.3,"stop_loss_ratio":-0.1,"min_rate":144.64,"max_rate":147.93,"is_open":false,"enter_tag":"","leverage":1.0,"is_short":false,"open_timestamp":1750855500000,"close_timestamp":1750861800000,"orders":[{"amount":6.41,"safe_price":145.88,"ft_order_side":"buy","order_filled_timestamp":1750855500000,"ft_is_entry":true,"ft_order_tag":"","cost":935.5583453999999},{"amount":6.41,"safe_price":145.28,"ft_order_side":"sell","order_filled_timestamp":1750861800000,"ft_is_entry":false,"ft_order_tag":"exit_signal","cost":931.7104224}],"funding_fees":0.0},{"pair":"SOL/USDT:USDT","stake_amount":930.2678,"max_stake_amount":930.2678,"amount":6.38,"open_date":"2025-06-25 14:45:00+00:00","close_date":"2025-06-25 15:00:00+00:00","open_rate":145.81,"close_rate":145.57,"fee_open":0.0005,"fee_close":0.0005,"trade_duration":15,"profit_ratio":-0.0026438327369474853,"profit_abs":-2.4607022,"exit_reason":"exit_signal","initial_stop_loss_abs":131.23,"initial_stop_loss_ratio":-0.1,"stop_loss_abs":131.23,"stop_loss_ratio":-0.1,"min_rate":144.69,"max_rate":146.49,"is_open":false,"enter_tag":"","leverage":1.0,"is_short":false,"open_timestamp":1750862700000,"close_timestamp":1750863600000,"orders":[{"amount":6.38,"safe_price":145.81,"ft_order_side":"buy","order_filled_timestamp":1750862700000,"ft_is_entry":true,"ft_order_tag":"","cost":930.7329338999999},{"amount":6.38,"safe_price":145.57,"ft_order_side":"sell","order_filled_timestamp":1750863600000,"ft_is_entry":false,"ft_order_tag":"exit_signal","cost":929.2009682999999}],"funding_fees":0.0},{"pair":"SOL/USDT:USDT","stake_amount":929.0008,"max_stake_amount":929.0008,"amount":6.37,"open_date":"2025-06-26 02:15:00+00:00","close_date":"2025-06-26 02:30:00+00:00","open_rate":145.84,"close_rate":145.46,"fee_open":0.0005,"fee_close":0.0005,"trade_duration":15,"profit_ratio":-0.003602491129640884,"profit_abs":-3.3483905,"exit_reason":"exit_signal","initial_stop_loss_abs":131.26,"initial_stop_loss_ratio":-0.1,"stop_loss_abs":131.26,"stop_loss_ratio":-0.1,"min_rate":145.1,"max_rate":145.94,"is_open":false,"enter_tag":"","leverage":1.0,"is_short":false,"open_timestamp":1750904100000,"close_timestamp":1750905000000,"orders":[{"amount":6.37,"safe_price":145.84,"ft_order_side":"buy","order_filled_timestamp":1750904100000,"ft_is_entry":true,"ft_order_tag":"","cost":929.4653003999999},{"amount":6.37,"safe_price":145.46,"ft_order_side":"sell","order_filled_timestamp":1750905000000,"ft_is_entry":false,"ft_order_tag":"exit_signal","cost":927.0434901000001}],"funding_fees":0.0},{"pair":"SOL/USDT:USDT","stake_amount":925.1928,"max_stake_amount":925.1928,"amount":6.33,"open_date":"2025-06-26 03:00:00+00:00","close_date":"2025-06-26 04:15:00+00:00","open_rate":146.16,"close_rate":145.55,"fee_open":0.0005,"fee_close":0.0005,"trade_duration":75,"profit_ratio":-0.005168837310955907,"profit_abs":-4.78456215,"exit_reason":"exit_signal","initial_stop_loss_abs":131.55,"initial_stop_loss_ratio":-0.1,"stop_loss_abs":131.55,"stop_loss_ratio":-0.1,"min_rate":145.16,"max_rate":147.99,"is_open":false,"enter_tag":"","leverage":1.0,"is_short":false,"open_timestamp":1750906800000,"close_timestamp":1750911300000,"orders":[{"amount":6.33,"safe_price":146.16,"ft_order_side":"buy","order_filled_timestamp":1750906800000,"ft_is_entry":true,"ft_order_tag":"","cost":925.6553964},{"amount":6.33,"safe_price":145.55,"ft_order_side":"sell","order_filled_timestamp":1750911300000,"ft_is_entry":false,"ft_order_tag":"exit_signal","cost":921.7921657500001}],"funding_fees":0.0},{"pair":"ETH/USDT:USDT","stake_amount":919.82,"max_stake_amount":919.82,"amount":0.37,"open_date":"2025-06-26 07:00:00+00:00","close_date":"2025-06-26 09:15:00+00:00","open_rate":2486.0,"close_rate":2468.46,"fee_open":0.0005,"fee_close":0.0005,"trade_duration":135,"profit_ratio":-0.008128593907912214,"profit_abs":-7.48058167,"exit_reason":"exit_signal","initial_stop_loss_abs":2237.4,"initial_stop_loss_ratio":-0.1,"stop_loss_abs":2237.4,"stop_loss_ratio":-0.1,"min_rate":2466.0,"max_rate":2499.85,"is_open":false,"enter_tag":"","leverage":1.0,"is_short":false,"open_timestamp":1750921200000,"close_timestamp":1750929300000,"orders":[{"amount":0.37,"safe_price":2486.0,"ft_order_side":"buy","order_filled_timestamp":1750921200000,"ft_is_entry":true,"ft_order_tag":"","cost":920.2799099999999},{"amount":0.37,"safe_price":2468.46,"ft_order_side":"sell","order_filled_timestamp":1750929300000,"ft_is_entry":false,"ft_order_tag":"exit_signal","cost":913.7868650999999}],"funding_fees":-0.07420657380199924},{"pair":"SOL/USDT:USDT","stake_amount":912.8196,"max_stake_amount":912.8196,"amount":6.23,"open_date":"2025-06-28 08:00:00+00:00","close_date":"2025-07-01 19:45:00+00:00","open_rate":146.52,"close_rate":145.61,"fee_open":0.0005,"fee_close":0.0005,"trade_duration":5025,"profit_ratio":-0.007845040254116616,"profit_abs":-7.16468706,"exit_reason":"exit_signal","initial_stop_loss_abs":131.87,"initial_stop_loss_ratio":-0.1,"stop_loss_abs":131.87,"stop_loss_ratio":-0.1,"min_rate":145.23,"max_rate":160.0,"is_open":false,"enter_tag":"","leverage":1.0,"is_short":false,"open_timestamp":1751097600000,"close_timestamp":1751399100000,"orders":[{"amount":6.23,"safe_price":146.52,"ft_order_side":"buy","order_filled_timestamp":1751097600000,"ft_is_entry":true,"ft_order_tag":"","cost":913.2760098000001},{"amount":6.23,"safe_price":145.61,"ft_order_side":"sell","order_filled_timestamp":1751399100000,"ft_is_entry":false,"ft_order_tag":"exit_signal","cost":907.6038751500001}],"funding_fees":-0.5854021124993584},{"pair":"SOL/USDT:USDT","stake_amount":906.378,"max_stake_amount":906.378,"amount":6.2,"open_date":"2025-07-01 20:30:00+00:00","close_date":"2025-07-03 14:00:00+00:00","open_rate":146.19,"close_rate":154.48,"fee_open":0.0005,"fee_close":0.0005,"trade_duration":2490,"profit_ratio":0.055679814283493945,"profit_abs":50.49219219,"exit_reason":"force_exit","initial_stop_loss_abs":131.58,"initial_stop_loss_ratio":-0.1,"stop_loss_abs":131.58,"stop_loss_ratio":-0.1,"min_rate":145.64,"max_rate":156.33,"is_open":false,"enter_tag":"","leverage":1.0,"is_short":false,"open_timestamp":1751401800000,"close_timestamp":1751551200000,"orders":[{"amount":6.2,"safe_price":146.19,"ft_order_side":"buy","order_filled_timestamp":1751401800000,"ft_is_entry":true,"ft_order_tag":"","cost":906.831189},{"amount":6.2,"safe_price":154.48,"ft_order_side":"sell","order_filled_timestamp":1751551200000,"ft_is_entry":false,"ft_order_tag":"force_exit","cost":958.2548879999999}],"funding_fees":0.026269189356204033}],"locks":[],"best_pair":{"key":"SUI/USDT:USDT","trades":2,"profit_mean":0.04512149096926908,"profit_mean_pct":4.51,"profit_sum":0.09024298193853816,"profit_sum_pct":9.02,"profit_total_abs":83.46904715,"profit_total":0.08346904714999999,"profit_total_pct":8.35,"duration_avg":"15:00:00","wins":1,"draws":0,"losses":1,"winrate":0.5,"cagr":0.8397149415253624,"expectancy":41.734523575,"expectancy_ratio":7.350812504788056,"sortino":-100,"sharpe":0.7007156271448037,"calmar":637.3190065120459,"sqn":0.8803,"profit_factor":15.70162500957611,"max_drawdown_account":0.005212832618657282,"max_drawdown_abs":5.677538850000005},"worst_pair":{"key":"ETH/USDT:USDT","trades":30,"profit_mean":-0.0051437291130852865,"profit_mean_pct":-0.51,"profit_sum":-0.15431187339255859,"profit_sum_pct":-15.43,"profit_total_abs":-155.42860018000002,"profit_total":-0.15542860018000001,"profit_total_pct":-15.54,"duration_avg":"17:04:00","wins":5,"draws":0,"losses":25,"winrate":0.16666666666666666,"cagr":-0.7232225303062645,"expectancy":-5.1809533393333345,"expectancy_ratio":-0.4986274620807961,"sortino":-5.401562111025669,"sharpe":-3.261733965020086,"calmar":-39.80202744696417,"sqn":-1.471,"profit_factor":0.4016470455030447,"max_drawdown_account":0.15542860018,"max_drawdown_abs":155.42860018},"results_per_pair":[{"key":"SUI/USDT:USDT","trades":2,"profit_mean":0.04512149096926908,"profit_mean_pct":4.51,"profit_sum":0.09024298193853816,"profit_sum_pct":9.02,"profit_total_abs":83.46904715,"profit_total":0.08346904714999999,"profit_total_pct":8.35,"duration_avg":"15:00:00","wins":1,"draws":0,"losses":1,"winrate":0.5,"cagr":0.8397149415253624,"expectancy":41.734523575,"expectancy_ratio":7.350812504788056,"sortino":-100,"sharpe":0.7007156271448037,"calmar":637.3190065120459,"sqn":0.8803,"profit_factor":15.70162500957611,"max_drawdown_account":0.005212832618657282,"max_drawdown_abs":5.677538850000005},{"key":"SOL/USDT:USDT","trades":20,"profit_mean":0.0023990617819739384,"profit_mean_pct":0.24,"profit_sum":0.047981235639478766,"profit_sum_pct":4.8,"profit_total_abs":38.07590703,"profit_total":0.03807590703,"profit_total_pct":3.81,"duration_avg":"14:48:00","wins":3,"draws":0,"losses":17,"winrate":0.15,"cagr":0.32864472845819415,"expectancy":1.9037953514999995,"expectancy_ratio":0.2188591484267428,"sortino":1.150955961344675,"sharpe":0.5256881221467237,"calmar":11.636532535417372,"sqn":0.2879,"profit_factor":1.2574813510902858,"max_drawdown_account":0.13023624452245464,"max_drawdown_abs":147.87830989999998},{"key":"ETH/USDT:USDT","trades":30,"profit_mean":-0.0051437291130852865,"profit_mean_pct":-0.51,"profit_sum":-0.15431187339255859,"profit_sum_pct":-15.43,"profit_total_abs":-155.42860018000002,"profit_total":-0.15542860018000001,"profit_total_pct":-15.54,"duration_avg":"17:04:00","wins":5,"draws":0,"losses":25,"winrate":0.16666666666666666,"cagr":-0.7232225303062645,"expectancy":-5.1809533393333345,"expectancy_ratio":-0.4986274620807961,"sortino":-5.401562111025669,"sharpe":-3.261733965020086,"calmar":-39.80202744696417,"sqn":-1.471,"profit_factor":0.4016470455030447,"max_drawdown_account":0.15542860018,"max_drawdown_abs":155.42860018},{"key":"TOTAL","trades":52,"profit_mean":-0.0003093779964334935,"profit_mean_pct":-0.03,"profit_sum":-0.016087655814541663,"profit_sum_pct":-1.61,"profit_total_abs":-33.88364600000001,"profit_total":-0.03388364600000001,"profit_total_pct":-3.39,"duration_avg":"16:07:00","wins":9,"draws":0,"losses":43,"winrate":0.17307692307692307,"cagr":-0.2305838127282691,"expectancy":-0.6516085769230786,"expectancy_ratio":-0.06779105958257003,"sortino":-1.1167212442514414,"sharpe":-0.51079819034008,"calmar":-7.573923644323349,"sqn":-0.1762,"profit_factor":0.9180201139931713,"max_drawdown_account":0.17806329604418725,"max_drawdown_abs":198.35962478000002}],"results_per_enter_tag":[{"key":"","trades":52,"profit_mean":-0.0003093779964334935,"profit_mean_pct":-0.03,"profit_sum":-0.016087655814541663,"profit_sum_pct":-1.61,"profit_total_abs":-33.88364600000001,"profit_total":-0.03388364600000001,"profit_total_pct":-3.39,"duration_avg":"16:07:00","wins":9,"draws":0,"losses":43,"winrate":0.17307692307692307,"cagr":-0.2305838127282691,"expectancy":-0.6516085769230786,"expectancy_ratio":-0.06779105958257003,"sortino":-1.1167212442514414,"sharpe":-0.51079819034008,"calmar":-7.573923644323349,"sqn":-0.1762,"profit_factor":0.9180201139931713,"max_drawdown_account":0.17806329604418725,"max_drawdown_abs":198.35962478000002},{"key":"TOTAL","trades":52,"profit_mean":-0.0003093779964334935,"profit_mean_pct":-0.03,"profit_sum":-0.016087655814541663,"profit_sum_pct":-1.61,"profit_total_abs":-33.88364600000001,"profit_total":-0.03388364600000001,"profit_total_pct":-3.39,"duration_avg":"16:07:00","wins":9,"draws":0,"losses":43,"winrate":0.17307692307692307,"cagr":-0.2305838127282691,"expectancy":-0.6516085769230786,"expectancy_ratio":-0.06779105958257003,"sortino":-1.1167212442514414,"sharpe":-0.51079819034008,"calmar":-7.573923644323349,"sqn":-0.1762,"profit_factor":0.9180201139931713,"max_drawdown_account":0.17806329604418725,"max_drawdown_abs":198.35962478000002}],"exit_reason_summary":[{"key":"force_exit","trades":1,"profit_mean":0.055679814283493945,"profit_mean_pct":5.57,"profit_sum":0.055679814283493945,"profit_sum_pct":5.57,"profit_total_abs":50.49219219,"profit_total":0.05049219219,"profit_total_pct":5.05,"duration_avg":"1 day, 17:30:00","wins":1,"draws":0,"losses":0,"winrate":1.0,"cagr":0.45436909071274045,"expectancy":50.49219219,"expectancy_ratio":100.0,"sortino":-100,"sharpe":-100,"calmar":-100,"sqn":-100.0,"profit_factor":0.0,"max_drawdown_account":0.0,"max_drawdown_abs":0.0},{"key":"exit_signal","trades":51,"profit_mean":-0.0014072052960399139,"profit_mean_pct":-0.14,"profit_sum":-0.07176747009803561,"profit_sum_pct":-7.18,"profit_total_abs":-84.37583819000001,"profit_total":-0.08437583819000001,"profit_total_pct":-8.44,"duration_avg":"15:37:00","wins":8,"draws":0,"losses":43,"winrate":0.1568627450980392,"cagr":-0.488445927468361,"expectancy":-1.654428199803922,"expectancy_ratio":-0.1721208784537399,"sortino":-2.7808191305119605,"sharpe":-1.3087459266065897,"calmar":-18.860312608532205,"sqn":-0.4559,"profit_factor":0.7958566325316109,"max_drawdown_account":0.17806329604418725,"max_drawdown_abs":198.35962478000002},{"key":"TOTAL","trades":52,"profit_mean":-0.0003093779964334935,"profit_mean_pct":-0.03,"profit_sum":-0.016087655814541663,"profit_sum_pct":-1.61,"profit_total_abs":-33.88364600000001,"profit_total":-0.03388364600000001,"profit_total_pct":-3.39,"duration_avg":"16:07:00","wins":9,"draws":0,"losses":43,"winrate":0.17307692307692307,"cagr":-0.2305838127282691,"expectancy":-0.6516085769230786,"expectancy_ratio":-0.06779105958257003,"sortino":-1.1167212442514414,"sharpe":-0.51079819034008,"calmar":-7.573923644323349,"sqn":-0.1762,"profit_factor":0.9180201139931713,"max_drawdown_account":0.17806329604418725,"max_drawdown_abs":198.35962478000002}],"mix_tag_stats":[{"key":["","force_exit"],"trades":1,"profit_mean":0.055679814283493945,"profit_mean_pct":5.57,"profit_sum":0.055679814283493945,"profit_sum_pct":5.57,"profit_total_abs":50.49219219,"profit_total":0.05049219219,"profit_total_pct":5.05,"duration_avg":"1 day, 17:30:00","wins":1,"draws":0,"losses":0,"winrate":1.0,"cagr":0.45436909071274045,"expectancy":50.49219219,"expectancy_ratio":100.0,"sortino":-100,"sharpe":-100,"calmar":-100,"sqn":-100.0,"profit_factor":0.0,"max_drawdown_account":0.0,"max_drawdown_abs":0.0},{"key":["","exit_signal"],"trades":51,"profit_mean":-0.0014072052960399139,"profit_mean_pct":-0.14,"profit_sum":-0.07176747009803561,"profit_sum_pct":-7.18,"profit_total_abs":-84.37583819000001,"profit_total":-0.08437583819000001,"profit_total_pct":-8.44,"duration_avg":"15:37:00","wins":8,"draws":0,"losses":43,"winrate":0.1568627450980392,"cagr":-0.488445927468361,"expectancy":-1.654428199803922,"expectancy_ratio":-0.1721208784537399,"sortino":-2.7808191305119605,"sharpe":-1.3087459266065897,"calmar":-18.860312608532205,"sqn":-0.4559,"profit_factor":0.7958566325316109,"max_drawdown_account":0.17806329604418725,"max_drawdown_abs":198.35962478000002},{"key":"TOTAL","trades":52,"profit_mean":-0.0003093779964334935,"profit_mean_pct":-0.03,"profit_sum":-0.016087655814541663,"profit_sum_pct":-1.61,"profit_total_abs":-33.88364600000001,"profit_total":-0.03388364600000001,"profit_total_pct":-3.39,"duration_avg":"16:07:00","wins":9,"draws":0,"losses":43,"winrate":0.17307692307692307,"cagr":-0.2305838127282691,"expectancy":-0.6516085769230786,"expectancy_ratio":-0.06779105958257003,"sortino":-1.1167212442514414,"sharpe":-0.51079819034008,"calmar":-7.573923644323349,"sqn":-0.1762,"profit_factor":0.9180201139931713,"max_drawdown_account":0.17806329604418725,"max_drawdown_abs":198.35962478000002}],"left_open_trades":[{"key":"SOL/USDT:USDT","trades":1,"profit_mean":0.055679814283493945,"profit_mean_pct":5.57,"profit_sum":0.055679814283493945,"profit_sum_pct":5.57,"profit_total_abs":50.49219219,"profit_total":0.05049219219,"profit_total_pct":5.05,"duration_avg":"1 day, 17:30:00","wins":1,"draws":0,"losses":0,"winrate":1.0,"cagr":0.45436909071274045,"expectancy":50.49219219,"expectancy_ratio":100.0,"sortino":-100,"sharpe":-100,"calmar":-100,"sqn":-100.0,"profit_factor":0.0,"max_drawdown_account":0.0,"max_drawdown_abs":0.0},{"key":"TOTAL","trades":1,"profit_mean":0.055679814283493945,"profit_mean_pct":5.57,"profit_sum":0.055679814283493945,"profit_sum_pct":5.57,"profit_total_abs":50.49219219,"profit_total":0.05049219219,"profit_total_pct":5.05,"duration_avg":"1 day, 17:30:00","wins":1,"draws":0,"losses":0,"winrate":1.0,"cagr":0.45436909071274045,"expectancy":50.49219219,"expectancy_ratio":100.0,"sortino":-100,"sharpe":-100,"calmar":-100,"sqn":-100.0,"profit_factor":0.0,"max_drawdown_account":0.0,"max_drawdown_abs":0.0}],"total_trades":52,"trade_count_long":52,"trade_count_short":0,"total_volume":98849.733796815,"avg_stake_amount":949.8122823076922,"profit_mean":-0.0003093779964334935,"profit_median":-0.005156624854741357,"profit_total":-0.03388364600000001,"profit_total_long":-0.03388364600000001,"profit_total_short":0.0,"profit_total_abs":-33.88364600000001,"profit_total_long_abs":-33.88364600000001,"profit_total_short_abs":0.0,"cagr":-0.2305838127282691,"expectancy":-0.6516085769230786,"expectancy_ratio":-0.06779105958257003,"sortino":-1.1167212442514414,"sharpe":-0.51079819034008,"calmar":-7.573923644323349,"sqn":-0.1762,"profit_factor":0.9180201139931713,"backtest_start":"2025-05-16 00:00:00","backtest_start_ts":1747353600000,"backtest_end":"2025-07-03 14:00:00","backtest_end_ts":1751551200000,"backtest_days":48,"backtest_run_start_ts":1751553585,"backtest_run_end_ts":1751553586,"trades_per_day":1.08,"market_change":-0.10059978247388068,"pairlist":["SOL/USDT:USDT","ETH/USDT:USDT","SUI/USDT:USDT"],"stake_amount":"unlimited","stake_currency":"USDT","stake_currency_decimals":3,"starting_balance":1000,"dry_run_wallet":1000,"final_balance":966.116354,"rejected_signals":1566,"timedout_entry_orders":0,"timedout_exit_orders":0,"canceled_trade_entries":0,"canceled_entry_orders":0,"replaced_entry_orders":0,"max_open_trades":1,"max_open_trades_setting":1,"timeframe":"15m","timeframe_detail":"","timerange":"","enable_protections":false,"strategy_name":"GridBotSample","stoploss":-0.1,"trailing_stop":false,"trailing_stop_positive":null,"trailing_stop_positive_offset":0.0,"trailing_only_offset_is_reached":false,"use_custom_stoploss":false,"minimal_roi":{},"use_exit_signal":true,"exit_profit_only":false,"exit_profit_offset":0.0,"ignore_roi_if_entry_signal":false,"trading_mode":"futures","margin_mode":"isolated","periodic_breakdown":{"day":[{"date":"17/05/2025","date_ts":1747440000000,"profit_abs":-68.41589092,"wins":0,"draws":0,"losses":7,"trades":7,"profit_factor":0.0},{"date":"18/05/2025","date_ts":1747526400000,"profit_abs":-6.24792387,"wins":0,"draws":0,"losses":1,"trades":1,"profit_factor":0.0},{"date":"19/05/2025","date_ts":1747612800000,"profit_abs":0.0,"wins":0,"draws":0,"losses":0,"trades":0,"profit_factor":0.0},{"date":"20/05/2025","date_ts":1747699200000,"profit_abs":-22.1759305,"wins":0,"draws":0,"losses":3,"trades":3,"profit_factor":0.0},{"date":"21/05/2025","date_ts":1747785600000,"profit_abs":-4.59480642,"wins":0,"draws":0,"losses":1,"trades":1,"profit_factor":0.0},{"date":"22/05/2025","date_ts":1747872000000,"profit_abs":0.0,"wins":0,"draws":0,"losses":0,"trades":0,"profit_factor":0.0},{"date":"23/05/2025","date_ts":1747958400000,"profit_abs":0.0,"wins":0,"draws":0,"losses":0,"trades":0,"profit_factor":0.0},{"date":"24/05/2025","date_ts":1748044800000,"profit_abs":8.04351361,"wins":1,"draws":0,"losses":2,"trades":3,"profit_factor":2.41947707},{"date":"25/05/2025","date_ts":1748131200000,"profit_abs":-21.2616047,"wins":1,"draws":0,"losses":3,"trades":4,"profit_factor":0.22730022},{"date":"26/05/2025","date_ts":1748217600000,"profit_abs":0.0,"wins":0,"draws":0,"losses":0,"trades":0,"profit_factor":0.0},{"date":"27/05/2025","date_ts":1748304000000,"profit_abs":0.0,"wins":0,"draws":0,"losses":0,"trades":0,"profit_factor":0.0},{"date":"28/05/2025","date_ts":1748390400000,"profit_abs":0.0,"wins":0,"draws":0,"losses":0,"trades":0,"profit_factor":0.0},{"date":"29/05/2025","date_ts":1748476800000,"profit_abs":72.98639761,"wins":1,"draws":0,"losses":0,"trades":1,"profit_factor":0.0},{"date":"30/05/2025","date_ts":1748563200000,"profit_abs":0.0,"wins":0,"draws":0,"losses":0,"trades":0,"profit_factor":0.0},{"date":"31/05/2025","date_ts":1748649600000,"profit_abs":-20.93326985,"wins":0,"draws":0,"losses":1,"trades":1,"profit_factor":0.0},{"date":"01/06/2025","date_ts":1748736000000,"profit_abs":0.0,"wins":0,"draws":0,"losses":0,"trades":0,"profit_factor":0.0},{"date":"02/06/2025","date_ts":1748822400000,"profit_abs":0.0,"wins":0,"draws":0,"losses":0,"trades":0,"profit_factor":0.0},{"date":"03/06/2025","date_ts":1748908800000,"profit_abs":48.54349718,"wins":1,"draws":0,"losses":0,"trades":1,"profit_factor":0.0},{"date":"04/06/2025","date_ts":1748995200000,"profit_abs":0.0,"wins":0,"draws":0,"losses":0,"trades":0,"profit_factor":0.0},{"date":"05/06/2025","date_ts":1749081600000,"profit_abs":-48.02530911,"wins":0,"draws":0,"losses":1,"trades":1,"profit_factor":0.0},{"date":"06/06/2025","date_ts":1749168000000,"profit_abs":0.0,"wins":0,"draws":0,"losses":0,"trades":0,"profit_factor":0.0},{"date":"07/06/2025","date_ts":1749254400000,"profit_abs":89.146586,"wins":1,"draws":0,"losses":0,"trades":1,"profit_factor":0.0},{"date":"08/06/2025","date_ts":1749340800000,"profit_abs":0.0,"wins":0,"draws":0,"losses":0,"trades":0,"profit_factor":0.0},{"date":"09/06/2025","date_ts":1749427200000,"profit_abs":86.91852756,"wins":1,"draws":0,"losses":0,"trades":1,"profit_factor":0.0},{"date":"10/06/2025","date_ts":1749513600000,"profit_abs":0.0,"wins":0,"draws":0,"losses":0,"trades":0,"profit_factor":0.0},{"date":"11/06/2025","date_ts":1749600000000,"profit_abs":0.0,"wins":0,"draws":0,"losses":0,"trades":0,"profit_factor":0.0},{"date":"12/06/2025","date_ts":1749686400000,"profit_abs":0.0,"wins":0,"draws":0,"losses":0,"trades":0,"profit_factor":0.0},{"date":"13/06/2025","date_ts":1749772800000,"profit_abs":-60.52623175,"wins":0,"draws":0,"losses":1,"trades":1,"profit_factor":0.0},{"date":"14/06/2025","date_ts":1749859200000,"profit_abs":0.0,"wins":0,"draws":0,"losses":0,"trades":0,"profit_factor":0.0},{"date":"15/06/2025","date_ts":1749945600000,"profit_abs":1.04548996,"wins":1,"draws":0,"losses":1,"trades":2,"profit_factor":1.22503911},{"date":"16/06/2025","date_ts":1750032000000,"profit_abs":0.0,"wins":0,"draws":0,"losses":0,"trades":0,"profit_factor":0.0},{"date":"17/06/2025","date_ts":1750118400000,"profit_abs":-16.85661788,"wins":0,"draws":0,"losses":1,"trades":1,"profit_factor":0.0},{"date":"18/06/2025","date_ts":1750204800000,"profit_abs":-26.24247917,"wins":0,"draws":0,"losses":4,"trades":4,"profit_factor":0.0},{"date":"19/06/2025","date_ts":1750291200000,"profit_abs":5.68998888,"wins":1,"draws":0,"losses":0,"trades":1,"profit_factor":0.0},{"date":"20/06/2025","date_ts":1750377600000,"profit_abs":-15.62491576,"wins":0,"draws":0,"losses":1,"trades":1,"profit_factor":0.0},{"date":"21/06/2025","date_ts":1750464000000,"profit_abs":0.0,"wins":0,"draws":0,"losses":0,"trades":0,"profit_factor":0.0},{"date":"22/06/2025","date_ts":1750550400000,"profit_abs":0.0,"wins":0,"draws":0,"losses":0,"trades":0,"profit_factor":0.0},{"date":"23/06/2025","date_ts":1750636800000,"profit_abs":0.0,"wins":0,"draws":0,"losses":0,"trades":0,"profit_factor":0.0},{"date":"24/06/2025","date_ts":1750723200000,"profit_abs":-17.3581605,"wins":0,"draws":0,"losses":2,"trades":2,"profit_factor":0.0},{"date":"25/06/2025","date_ts":1750809600000,"profit_abs":-45.70847718,"wins":0,"draws":0,"losses":10,"trades":10,"profit_factor":0.0},{"date":"26/06/2025","date_ts":1750896000000,"profit_abs":-15.61353432,"wins":0,"draws":0,"losses":3,"trades":3,"profit_factor":0.0},{"date":"27/06/2025","date_ts":1750982400000,"profit_abs":0.0,"wins":0,"draws":0,"losses":0,"trades":0,"profit_factor":0.0},{"date":"28/06/2025","date_ts":1751068800000,"profit_abs":0.0,"wins":0,"draws":0,"losses":0,"trades":0,"profit_factor":0.0},{"date":"29/06/2025","date_ts":1751155200000,"profit_abs":0.0,"wins":0,"draws":0,"losses":0,"trades":0,"profit_factor":0.0},{"date":"30/06/2025","date_ts":1751241600000,"profit_abs":0.0,"wins":0,"draws":0,"losses":0,"trades":0,"profit_factor":0.0},{"date":"01/07/2025","date_ts":1751328000000,"profit_abs":-7.16468706,"wins":0,"draws":0,"losses":1,"trades":1,"profit_factor":0.0},{"date":"02/07/2025","date_ts":1751414400000,"profit_abs":0.0,"wins":0,"draws":0,"losses":0,"trades":0,"profit_factor":0.0},{"date":"03/07/2025","date_ts":1751500800000,"profit_abs":50.49219219,"wins":1,"draws":0,"losses":0,"trades":1,"profit_factor":0.0}],"week":[{"date":"19/05/2025","date_ts":1747612800000,"profit_abs":-74.66381479,"wins":0,"draws":0,"losses":8,"trades":8,"profit_factor":0.0},{"date":"26/05/2025","date_ts":1748217600000,"profit_abs":-39.98882801,"wins":2,"draws":0,"losses":9,"trades":11,"profit_factor":0.33300002},{"date":"02/06/2025","date_ts":1748822400000,"profit_abs":52.05312776,"wins":1,"draws":0,"losses":1,"trades":2,"profit_factor":3.48662192},{"date":"09/06/2025","date_ts":1749427200000,"profit_abs":176.58330163,"wins":3,"draws":0,"losses":1,"trades":4,"profit_factor":4.67688006},{"date":"16/06/2025","date_ts":1750032000000,"profit_abs":-59.48074179,"wins":1,"draws":0,"losses":2,"trades":3,"profit_factor":0.08732739},{"date":"23/06/2025","date_ts":1750636800000,"profit_abs":-53.03402393,"wins":1,"draws":0,"losses":6,"trades":7,"profit_factor":0.09689373},{"date":"30/06/2025","date_ts":1751241600000,"profit_abs":-78.680172,"wins":0,"draws":0,"losses":15,"trades":15,"profit_factor":0.0},{"date":"07/07/2025","date_ts":1751846400000,"profit_abs":43.32750513,"wins":1,"draws":0,"losses":1,"trades":2,"profit_factor":7.04736882}],"month":[{"date":"31/05/2025","date_ts":1748649600000,"profit_abs":-62.59951504,"wins":3,"draws":0,"losses":18,"trades":21,"profit_factor":0.59756108},{"date":"30/06/2025","date_ts":1751241600000,"profit_abs":-14.61163609,"wins":5,"draws":0,"losses":24,"trades":29,"profit_factor":0.94169375},{"date":"31/07/2025","date_ts":1753920000000,"profit_abs":43.32750513,"wins":1,"draws":0,"losses":1,"trades":2,"profit_factor":7.04736882}],"year":[{"date":"31/12/2025","date_ts":1767139200000,"profit_abs":-33.883646,"wins":9,"draws":0,"losses":43,"trades":52,"profit_factor":0.91802011}]},"backtest_best_day":0.09596729537542846,"backtest_worst_day":-0.07077499288050282,"backtest_best_day_abs":89.146586,"backtest_worst_day_abs":-68.41589092,"winning_days":8,"draw_days":25,"losing_days":15,"daily_profit":[["2025-05-17",-68.41589092],["2025-05-18",-6.24792387],["2025-05-19",0.0],["2025-05-20",-22.1759305],["2025-05-21",-4.59480642],["2025-05-22",0.0],["2025-05-23",0.0],["2025-05-24",8.04351361],["2025-05-25",-21.2616047],["2025-05-26",0.0],["2025-05-27",0.0],["2025-05-28",0.0],["2025-05-29",72.98639761],["2025-05-30",0.0],["2025-05-31",-20.93326985],["2025-06-01",0.0],["2025-06-02",0.0],["2025-06-03",48.54349718],["2025-06-04",0.0],["2025-06-05",-48.02530911],["2025-06-06",0.0],["2025-06-07",89.146586],["2025-06-08",0.0],["2025-06-09",86.91852756],["2025-06-10",0.0],["2025-06-11",0.0],["2025-06-12",0.0],["2025-06-13",-60.52623175],["2025-06-14",0.0],["2025-06-15",1.04548996],["2025-06-16",0.0],["2025-06-17",-16.85661788],["2025-06-18",-26.24247917],["2025-06-19",5.68998888],["2025-06-20",-15.62491576],["2025-06-21",0.0],["2025-06-22",0.0],["2025-06-23",0.0],["2025-06-24",-17.3581605],["2025-06-25",-45.70847718],["2025-06-26",-15.61353432],["2025-06-27",0.0],["2025-06-28",0.0],["2025-06-29",0.0],["2025-06-30",0.0],["2025-07-01",-7.16468706],["2025-07-02",0.0],["2025-07-03",50.49219219]],"wins":9,"losses":43,"draws":0,"winrate":0.17307692307692307,"holding_avg":"16:07:00","holding_avg_s":58020.0,"winner_holding_min":"0d 09:00","winner_holding_min_s":32400.0,"winner_holding_max":"3d 05:15","winner_holding_max_s":278100.0,"winner_holding_avg":"1d 22:07","winner_holding_avg_s":166020.0,"loser_holding_min":"0d 00:15","loser_holding_min_s":900.0,"loser_holding_max":"3d 11:45","loser_holding_max_s":301500.0,"loser_holding_avg":"0d 09:50","loser_holding_avg_s":35400.0,"max_consecutive_wins":2,"max_consecutive_losses":17,"max_drawdown_account":0.17806329604418725,"max_relative_drawdown":0.17806329604418725,"max_drawdown_abs":198.35962478000002,"drawdown_start":"2025-06-09 23:45:00","drawdown_start_ts":1749512700000.0,"drawdown_end":"2025-07-01 19:45:00","drawdown_end_ts":1751399100000.0,"max_drawdown_low":-84.37583819,"max_drawdown_high":113.98378659000002,"csum_min":879.14899855,"csum_max":1113.98378659}},"strategy_comparison":[{"key":"GridBotSample","trades":52,"profit_mean":-0.0003093779964334935,"profit_mean_pct":-0.03,"profit_sum":-0.016087655814541663,"profit_sum_pct":-1.61,"profit_total_abs":-33.88364600000001,"profit_total":-0.03388364600000001,"profit_total_pct":-3.39,"duration_avg":"16:07:00","wins":9,"draws":0,"losses":43,"winrate":0.17307692307692307,"cagr":-0.2305838127282691,"expectancy":-0.6516085769230786,"expectancy_ratio":-0.06779105958257003,"sortino":-1.1167212442514414,"sharpe":-0.51079819034008,"calmar":-7.573923644323349,"sqn":-0.1762,"profit_factor":0.9180201139931713,"max_drawdown_account":0.17806329604418725,"max_drawdown_abs":"198.36"}]}