{"strategy":{"SimpleGrid":{"trades":[{"pair":"SOL/USDT:USDT","stake_amount":65.4166,"max_stake_amount":65.4166,"amount":0.46,"open_date":"2025-06-05 20:45:00+00:00","close_date":"2025-06-21 21:45:00+00:00","open_rate":142.21,"close_rate":133.85,"fee_open":0.0005,"fee_close":0.0005,"trade_duration":23100,"profit_ratio":-0.061084192084578534,"profit_abs":-3.99791812,"exit_reason":"exit_signal","initial_stop_loss_abs":127.99,"initial_stop_loss_ratio":-0.1,"stop_loss_abs":127.99,"stop_loss_ratio":-0.1,"min_rate":130.46,"max_rate":168.3,"is_open":false,"enter_tag":"","leverage":1.0,"is_short":false,"open_timestamp":1749156300000,"close_timestamp":1750542300000,"orders":[{"amount":0.46,"safe_price":142.21,"ft_order_side":"buy","order_filled_timestamp":1749156300000,"ft_is_entry":true,"ft_order_tag":"","cost":65.4493083},{"amount":0.46,"safe_price":133.85,"ft_order_side":"sell","order_filled_timestamp":1750542300000,"ft_is_entry":false,"ft_order_tag":"exit_signal","cost":61.60178549999999}],"funding_fees":-0.08882431622653152},{"pair":"ETH/USDT:USDT","stake_amount":65.64402,"max_stake_amount":65.64402,"amount":0.027,"open_date":"2025-05-18 19:45:00+00:00","close_date":"2025-06-21 22:00:00+00:00","open_rate":2431.26,"close_rate":2280.35,"fee_open":0.0005,"fee_close":0.0005,"trade_duration":49095,"profit_ratio":-0.06918594836378004,"profit_abs":-4.5439146,"exit_reason":"exit_signal","initial_stop_loss_abs":2188.14,"initial_stop_loss_ratio":-0.1,"stop_loss_abs":2188.14,"stop_loss_ratio":-0.1,"min_rate":2230.0,"max_rate":2879.0,"is_open":false,"enter_tag":"","leverage":1.0,"is_short":false,"open_timestamp":1747597500000,"close_timestamp":1750543200000,"orders":[{"amount":0.027,"safe_price":2431.26,"ft_order_side":"buy","order_filled_timestamp":1747597500000,"ft_is_entry":true,"ft_order_tag":"","cost":65.67684201},{"amount":0.027,"safe_price":2280.35,"ft_order_side":"sell","order_filled_timestamp":1750543200000,"ft_is_entry":false,"ft_order_tag":"exit_signal","cost":61.60023472499999}],"funding_fees":-0.40573786306771165},{"pair":"SOL/USDT:USDT","stake_amount":64.1973,"max_stake_amount":64.1973,"amount":0.47,"open_date":"2025-06-22 00:45:00+00:00","close_date":"2025-06-22 01:45:00+00:00","open_rate":136.59,"close_rate":135.67,"fee_open":0.0005,"fee_close":0.0005,"trade_duration":60,"profit_ratio":-0.0077282538904791705,"profit_abs":-0.4963811,"exit_reason":"exit_signal","initial_stop_loss_abs":122.94,"initial_stop_loss_ratio":-0.1,"stop_loss_abs":122.94,"stop_loss_ratio":-0.1,"min_rate":134.78,"max_rate":137.17,"is_open":false,"enter_tag":"","leverage":1.0,"is_short":false,"open_timestamp":1750553100000,"close_timestamp":1750556700000,"orders":[{"amount":0.47,"safe_price":136.59,"ft_order_side":"buy","order_filled_timestamp":1750553100000,"ft_is_entry":true,"ft_order_tag":"","cost":64.22939865},{"amount":0.47,"safe_price":135.67,"ft_order_side":"sell","order_filled_timestamp":1750556700000,"ft_is_entry":false,"ft_order_tag":"exit_signal","cost":63.79678244999999}],"funding_fees":0.0},{"pair":"SUI/USDT:USDT","stake_amount":65.84232,"max_stake_amount":65.84232,"amount":25.1,"open_date":"2025-06-21 15:30:00+00:00","close_date":"2025-06-22 13:30:00+00:00","open_rate":2.6232,"close_rate":2.4279,"fee_open":0.0005,"fee_close":0.0005,"trade_duration":1320,"profit_ratio":-0.07555066702392622,"profit_abs":-4.97691841,"exit_reason":"exit_signal","initial_stop_loss_abs":2.3609,"initial_stop_loss_ratio":-0.1,"stop_loss_abs":2.3609,"stop_loss_ratio":-0.1,"min_rate":2.4055,"max_rate":2.6511,"is_open":false,"enter_tag":"","leverage":1.0,"is_short":false,"open_timestamp":1750519800000,"close_timestamp":1750599000000,"orders":[{"amount":25.1,"safe_price":2.6232,"ft_order_side":"buy","order_filled_timestamp":1750519800000,"ft_is_entry":true,"ft_order_tag":"","cost":65.87524116000002},{"amount":25.1,"safe_price":2.4279,"ft_order_side":"sell","order_filled_timestamp":1750599000000,"ft_is_entry":false,"ft_order_tag":"exit_signal","cost":60.970760145}],"funding_fees":-0.011497109843500001},{"pair":"SUI/USDT:USDT","stake_amount":64.88958,"max_stake_amount":64.88958,"amount":25.8,"open_date":"2025-06-23 06:00:00+00:00","close_date":"2025-06-23 06:45:00+00:00","open_rate":2.5151,"close_rate":2.4979,"fee_open":0.0005,"fee_close":0.0005,"trade_duration":45,"profit_ratio":-0.00783135925973636,"profit_abs":-0.5084277,"exit_reason":"exit_signal","initial_stop_loss_abs":2.2636,"initial_stop_loss_ratio":-0.1,"stop_loss_abs":2.2636,"stop_loss_ratio":-0.1,"min_rate":2.4892,"max_rate":2.5239,"is_open":false,"enter_tag":"","leverage":1.0,"is_short":false,"open_timestamp":1750658400000,"close_timestamp":1750661100000,"orders":[{"amount":25.8,"safe_price":2.5151,"ft_order_side":"buy","order_filled_timestamp":1750658400000,"ft_is_entry":true,"ft_order_tag":"","cost":64.92202479},{"amount":25.8,"safe_price":2.4979,"ft_order_side":"sell","order_filled_timestamp":1750661100000,"ft_is_entry":false,"ft_order_tag":"exit_signal","cost":64.47804291}],"funding_fees":0.0},{"pair":"SUI/USDT:USDT","stake_amount":64.96182,"max_stake_amount":64.96182,"amount":25.8,"open_date":"2025-06-23 07:15:00+00:00","close_date":"2025-06-23 08:30:00+00:00","open_rate":2.5179,"close_rate":2.5043,"fee_open":0.0005,"fee_close":0.0005,"trade_duration":75,"profit_ratio":-0.0063854454035083795,"profit_abs":-0.41501756,"exit_reason":"exit_signal","initial_stop_loss_abs":2.2662,"initial_stop_loss_ratio":-0.1,"stop_loss_abs":2.2662,"stop_loss_ratio":-0.1,"min_rate":2.494,"max_rate":2.5219,"is_open":false,"enter_tag":"","leverage":1.0,"is_short":false,"open_timestamp":1750662900000,"close_timestamp":1750667400000,"orders":[{"amount":25.8,"safe_price":2.5179,"ft_order_side":"buy","order_filled_timestamp":1750662900000,"ft_is_entry":true,"ft_order_tag":"","cost":64.99430090999999},{"amount":25.8,"safe_price":2.5043,"ft_order_side":"sell","order_filled_timestamp":1750667400000,"ft_is_entry":false,"ft_order_tag":"exit_signal","cost":64.64324547000001}],"funding_fees":0.0006488184000000001},{"pair":"SUI/USDT:USDT","stake_amount":64.91049,"max_stake_amount":64.91049,"amount":25.7,"open_date":"2025-06-23 13:00:00+00:00","close_date":"2025-06-23 13:30:00+00:00","open_rate":2.5257,"close_rate":2.4875,"fee_open":0.0005,"fee_close":0.0005,"trade_duration":30,"profit_ratio":-0.01610890322348823,"profit_abs":-1.04615962,"exit_reason":"exit_signal","initial_stop_loss_abs":2.2732,"initial_stop_loss_ratio":-0.1,"stop_loss_abs":2.2732,"stop_loss_ratio":-0.1,"min_rate":2.4647,"max_rate":2.5573,"is_open":false,"enter_tag":"","leverage":1.0,"is_short":false,"open_timestamp":1750683600000,"close_timestamp":1750685400000,"orders":[{"amount":25.7,"safe_price":2.5257,"ft_order_side":"buy","order_filled_timestamp":1750683600000,"ft_is_entry":true,"ft_order_tag":"","cost":64.94294524499999},{"amount":25.7,"safe_price":2.4875,"ft_order_side":"sell","order_filled_timestamp":1750685400000,"ft_is_entry":false,"ft_order_tag":"exit_signal","cost":63.96071437499999}],"funding_fees":0.0},{"pair":"SOL/USDT:USDT","stake_amount":64.249,"max_stake_amount":64.249,"amount":0.47,"open_date":"2025-06-23 14:15:00+00:00","close_date":"2025-06-23 14:45:00+00:00","open_rate":136.7,"close_rate":135.18,"fee_open":0.0005,"fee_close":0.0005,"trade_duration":30,"profit_ratio":-0.01210762577745509,"profit_abs":-0.7782918,"exit_reason":"exit_signal","initial_stop_loss_abs":123.03,"initial_stop_loss_ratio":-0.1,"stop_loss_abs":123.03,"stop_loss_ratio":-0.1,"min_rate":134.48,"max_rate":136.82,"is_open":false,"enter_tag":"","leverage":1.0,"is_short":false,"open_timestamp":1750688100000,"close_timestamp":1750689900000,"orders":[{"amount":0.47,"safe_price":136.7,"ft_order_side":"buy","order_filled_timestamp":1750688100000,"ft_is_entry":true,"ft_order_tag":"","cost":64.28112449999999},{"amount":0.47,"safe_price":135.18,"ft_order_side":"sell","order_filled_timestamp":1750689900000,"ft_is_entry":false,"ft_order_tag":"exit_signal","cost":63.566367299999996}],"funding_fees":0.0},{"pair":"SUI/USDT:USDT","stake_amount":64.78275,"max_stake_amount":64.78275,"amount":25.5,"open_date":"2025-06-23 13:45:00+00:00","close_date":"2025-06-23 15:45:00+00:00","open_rate":2.5405,"close_rate":2.495,"fee_open":0.0005,"fee_close":0.0005,"trade_duration":120,"profit_ratio":-0.018891459526651385,"profit_abs":-1.22445262,"exit_reason":"exit_signal","initial_stop_loss_abs":2.2865,"initial_stop_loss_ratio":-0.1,"stop_loss_abs":2.2865,"stop_loss_ratio":-0.1,"min_rate":2.4704,"max_rate":2.5775,"is_open":false,"enter_tag":"","leverage":1.0,"is_short":false,"open_timestamp":1750686300000,"close_timestamp":1750693500000,"orders":[{"amount":25.5,"safe_price":2.5405,"ft_order_side":"buy","order_filled_timestamp":1750686300000,"ft_is_entry":true,"ft_order_tag":"","cost":64.81514137500001},{"amount":25.5,"safe_price":2.495,"ft_order_side":"sell","order_filled_timestamp":1750693500000,"ft_is_entry":false,"ft_order_tag":"exit_signal","cost":63.65431125}],"funding_fees":0.0},{"pair":"SOL/USDT:USDT","stake_amount":64.3054,"max_stake_amount":64.3054,"amount":0.47,"open_date":"2025-06-23 17:45:00+00:00","close_date":"2025-06-26 14:45:00+00:00","open_rate":136.82,"close_rate":143.26,"fee_open":0.0005,"fee_close":0.0005,"trade_duration":4140,"profit_ratio":0.045752619060998256,"profit_abs":2.94361154,"exit_reason":"force_exit","initial_stop_loss_abs":123.14,"initial_stop_loss_ratio":-0.1,"stop_loss_abs":123.14,"stop_loss_ratio":-0.1,"min_rate":136.04,"max_rate":147.99,"is_open":false,"enter_tag":"","leverage":1.0,"is_short":false,"open_timestamp":1750700700000,"close_timestamp":1750949100000,"orders":[{"amount":0.47,"safe_price":136.82,"ft_order_side":"buy","order_filled_timestamp":1750700700000,"ft_is_entry":true,"ft_order_tag":"","cost":64.33755269999999},{"amount":0.47,"safe_price":143.26,"ft_order_side":"sell","order_filled_timestamp":1750949100000,"ft_is_entry":false,"ft_order_tag":"force_exit","cost":67.36586609999998}],"funding_fees":-0.017369661194956098},{"pair":"ETH/USDT:USDT","stake_amount":63.7254,"max_stake_amount":63.7254,"amount":0.027,"open_date":"2025-06-23 20:30:00+00:00","close_date":"2025-06-26 14:45:00+00:00","open_rate":2360.2,"close_rate":2448.32,"fee_open":0.0005,"fee_close":0.0005,"trade_duration":3975,"profit_ratio":0.036229002974432906,"profit_abs":2.30986206,"exit_reason":"force_exit","initial_stop_loss_abs":2124.18,"initial_stop_loss_ratio":-0.1,"stop_loss_abs":2124.18,"stop_loss_ratio":-0.1,"min_rate":2331.0,"max_rate":2520.0,"is_open":false,"enter_tag":"","leverage":1.0,"is_short":false,"open_timestamp":1750710600000,"close_timestamp":1750949100000,"orders":[{"amount":0.027,"safe_price":2360.2,"ft_order_side":"buy","order_filled_timestamp":1750710600000,"ft_is_entry":true,"ft_order_tag":"","cost":63.75726269999999},{"amount":0.027,"safe_price":2448.32,"ft_order_side":"sell","order_filled_timestamp":1750949100000,"ft_is_entry":false,"ft_order_tag":"force_exit","cost":66.13769232}],"funding_fees":-0.004462921771056367},{"pair":"SUI/USDT:USDT","stake_amount":64.80255,"max_stake_amount":64.80255,"amount":25.7,"open_date":"2025-06-23 17:30:00+00:00","close_date":"2025-06-26 14:45:00+00:00","open_rate":2.5215,"close_rate":2.6541,"fee_open":0.0005,"fee_close":0.0005,"trade_duration":4155,"profit_ratio":0.05142127809827678,"profit_abs":3.33389606,"exit_reason":"force_exit","initial_stop_loss_abs":2.2694,"initial_stop_loss_ratio":-0.1,"stop_loss_abs":2.2694,"stop_loss_ratio":-0.1,"min_rate":2.513,"max_rate":2.91,"is_open":false,"enter_tag":"","leverage":1.0,"is_short":false,"open_timestamp":1750699800000,"close_timestamp":1750949100000,"orders":[{"amount":25.7,"safe_price":2.5215,"ft_order_side":"buy","order_filled_timestamp":1750699800000,"ft_is_entry":true,"ft_order_tag":"","cost":64.834951275},{"amount":25.7,"safe_price":2.6541,"ft_order_side":"sell","order_filled_timestamp":1750949100000,"ft_is_entry":false,"ft_order_tag":"force_exit","cost":68.244475185}],"funding_fees":-0.0074174815740303}],"locks":[],"best_pair":{"key":"ETH/USDT:USDT","trades":2,"profit_mean":-0.01647847269467357,"profit_mean_pct":-1.65,"profit_sum":-0.03295694538934714,"profit_sum_pct":-3.3,"profit_total_abs":-2.23405254,"profit_total":-0.00223405254,"profit_total_pct":-0.22,"duration_avg":"18 days, 10:15:00","wins":1,"draws":0,"losses":1,"winrate":0.5,"cagr":-0.01971385540242243,"expectancy":-1.11702627,"expectancy_ratio":-0.24582906333670973,"sortino":-100,"sharpe":-0.30377778106910325,"calmar":-22.910037368638186,"sqn":-0.326,"profit_factor":0.5083418733265805,"max_drawdown_account":0.004543914599999994,"max_drawdown_abs":4.5439146},"worst_pair":{"key":"SUI/USDT:USDT","trades":6,"profit_mean":-0.012224426056505635,"profit_mean_pct":-1.22,"profit_sum":-0.07334655633903381,"profit_sum_pct":-7.33,"profit_total_abs":-4.837079849999999,"profit_total":-0.004837079849999999,"profit_total_pct":-0.48,"duration_avg":"15:58:00","wins":1,"draws":0,"losses":5,"winrate":0.16666666666666666,"cagr":-0.042247889872645494,"expectancy":-0.8061799749999999,"expectancy_ratio":-0.4933192704762239,"sortino":-1.3262606805456496,"sharpe":-0.9331007362311873,"calmar":-27.584931011511916,"sqn":-0.7463,"profit_factor":0.4080168754285313,"max_drawdown_account":0.008170975910000038,"max_drawdown_abs":8.17097591},"results_per_pair":[{"key":"ETH/USDT:USDT","trades":2,"profit_mean":-0.01647847269467357,"profit_mean_pct":-1.65,"profit_sum":-0.03295694538934714,"profit_sum_pct":-3.3,"profit_total_abs":-2.23405254,"profit_total":-0.00223405254,"profit_total_pct":-0.22,"duration_avg":"18 days, 10:15:00","wins":1,"draws":0,"losses":1,"winrate":0.5,"cagr":-0.01971385540242243,"expectancy":-1.11702627,"expectancy_ratio":-0.24582906333670973,"sortino":-100,"sharpe":-0.30377778106910325,"calmar":-22.910037368638186,"sqn":-0.326,"profit_factor":0.5083418733265805,"max_drawdown_account":0.004543914599999994,"max_drawdown_abs":4.5439146},{"key":"SOL/USDT:USDT","trades":4,"profit_mean":-0.008791863172878632,"profit_mean_pct":-0.88,"profit_sum":-0.03516745269151453,"profit_sum_pct":-3.52,"profit_total_abs":-2.32897948,"profit_total":-0.00232897948,"profit_total_pct":-0.23,"duration_avg":"4 days, 17:52:00","wins":1,"draws":0,"losses":3,"winrate":0.25,"cagr":-0.020543819721427492,"expectancy":-0.58224487,"expectancy_ratio":-0.33128581438884286,"sortino":-0.6832458265841225,"sharpe":-0.44172397986973594,"calmar":-20.58278568131821,"sqn":-0.4105,"profit_factor":0.5582855808148761,"max_drawdown_account":0.0052725910200000494,"max_drawdown_abs":5.27259102},{"key":"SUI/USDT:USDT","trades":6,"profit_mean":-0.012224426056505635,"profit_mean_pct":-1.22,"profit_sum":-0.07334655633903381,"profit_sum_pct":-7.33,"profit_total_abs":-4.837079849999999,"profit_total":-0.004837079849999999,"profit_total_pct":-0.48,"duration_avg":"15:58:00","wins":1,"draws":0,"losses":5,"winrate":0.16666666666666666,"cagr":-0.042247889872645494,"expectancy":-0.8061799749999999,"expectancy_ratio":-0.4933192704762239,"sortino":-1.3262606805456496,"sharpe":-0.9331007362311873,"calmar":-27.584931011511916,"sqn":-0.7463,"profit_factor":0.4080168754285313,"max_drawdown_account":0.008170975910000038,"max_drawdown_abs":8.17097591},{"key":"TOTAL","trades":12,"profit_mean":-0.011789246201657956,"profit_mean_pct":-1.18,"profit_sum":-0.14147095441989546,"profit_sum_pct":-14.15,"profit_total_abs":-9.40011187,"profit_total":-0.00940011187,"profit_total_pct":-0.94,"duration_avg":"4 days, 23:39:00","wins":3,"draws":0,"losses":9,"winrate":0.25,"cagr":-0.08064204190527735,"expectancy":-0.7833426558333335,"expectancy_ratio":-0.3919439133678433,"sortino":-2.426519955105854,"sharpe":-1.6652238906550514,"calmar":-24.351473010790198,"sqn":-0.9877,"profit_factor":0.4774081155095424,"max_drawdown_account":0.017987481529999967,"max_drawdown_abs":17.987481530000004}],"results_per_enter_tag":[{"key":"","trades":12,"profit_mean":-0.011789246201657956,"profit_mean_pct":-1.18,"profit_sum":-0.14147095441989546,"profit_sum_pct":-14.15,"profit_total_abs":-9.40011187,"profit_total":-0.00940011187,"profit_total_pct":-0.94,"duration_avg":"4 days, 23:39:00","wins":3,"draws":0,"losses":9,"winrate":0.25,"cagr":-0.08064204190527735,"expectancy":-0.7833426558333335,"expectancy_ratio":-0.3919439133678433,"sortino":-2.426519955105854,"sharpe":-1.6652238906550514,"calmar":-24.351473010790198,"sqn":-0.9877,"profit_factor":0.4774081155095424,"max_drawdown_account":0.017987481529999967,"max_drawdown_abs":17.987481530000004},{"key":"TOTAL","trades":12,"profit_mean":-0.011789246201657956,"profit_mean_pct":-1.18,"profit_sum":-0.14147095441989546,"profit_sum_pct":-14.15,"profit_total_abs":-9.40011187,"profit_total":-0.00940011187,"profit_total_pct":-0.94,"duration_avg":"4 days, 23:39:00","wins":3,"draws":0,"losses":9,"winrate":0.25,"cagr":-0.08064204190527735,"expectancy":-0.7833426558333335,"expectancy_ratio":-0.3919439133678433,"sortino":-2.426519955105854,"sharpe":-1.6652238906550514,"calmar":-24.351473010790198,"sqn":-0.9877,"profit_factor":0.4774081155095424,"max_drawdown_account":0.017987481529999967,"max_drawdown_abs":17.987481530000004}],"exit_reason_summary":[{"key":"force_exit","trades":3,"profit_mean":0.04446763337790265,"profit_mean_pct":4.45,"profit_sum":0.13340290013370795,"profit_sum_pct":13.34,"profit_total_abs":8.58736966,"profit_total":0.00858736966,"profit_total_pct":0.86,"duration_avg":"2 days, 20:10:00","wins":3,"draws":0,"losses":0,"winrate":1.0,"cagr":0.07909438398480773,"expectancy":2.8624565533333333,"expectancy_ratio":100.0,"sortino":-100,"sharpe":9.482669199158545,"calmar":-100,"sqn":9.5932,"profit_factor":0.0,"max_drawdown_account":0.0,"max_drawdown_abs":0.0},{"key":"exit_signal","trades":9,"profit_mean":-0.030541539394844823,"profit_mean_pct":-3.05,"profit_sum":-0.2748738545536034,"profit_sum_pct":-27.49,"profit_total_abs":-17.98748153,"profit_total":-0.017987481530000002,"profit_total_pct":-1.8,"duration_avg":"5 days, 16:48:00","wins":0,"draws":0,"losses":9,"winrate":0.0,"cagr":-0.14921017408344817,"expectancy":-1.998609058888889,"expectancy_ratio":-1.0,"sortino":-4.643240790988904,"sharpe":-4.643240790988904,"calmar":-46.597495547665446,"sqn":-3.1316,"profit_factor":0.0,"max_drawdown_account":0.017987481529999967,"max_drawdown_abs":17.987481530000004},{"key":"TOTAL","trades":12,"profit_mean":-0.011789246201657956,"profit_mean_pct":-1.18,"profit_sum":-0.14147095441989546,"profit_sum_pct":-14.15,"profit_total_abs":-9.40011187,"profit_total":-0.00940011187,"profit_total_pct":-0.94,"duration_avg":"4 days, 23:39:00","wins":3,"draws":0,"losses":9,"winrate":0.25,"cagr":-0.08064204190527735,"expectancy":-0.7833426558333335,"expectancy_ratio":-0.3919439133678433,"sortino":-2.426519955105854,"sharpe":-1.6652238906550514,"calmar":-24.351473010790198,"sqn":-0.9877,"profit_factor":0.4774081155095424,"max_drawdown_account":0.017987481529999967,"max_drawdown_abs":17.987481530000004}],"mix_tag_stats":[{"key":["","force_exit"],"trades":3,"profit_mean":0.04446763337790265,"profit_mean_pct":4.45,"profit_sum":0.13340290013370795,"profit_sum_pct":13.34,"profit_total_abs":8.58736966,"profit_total":0.00858736966,"profit_total_pct":0.86,"duration_avg":"2 days, 20:10:00","wins":3,"draws":0,"losses":0,"winrate":1.0,"cagr":0.07909438398480773,"expectancy":2.8624565533333333,"expectancy_ratio":100.0,"sortino":-100,"sharpe":9.482669199158545,"calmar":-100,"sqn":9.5932,"profit_factor":0.0,"max_drawdown_account":0.0,"max_drawdown_abs":0.0},{"key":["","exit_signal"],"trades":9,"profit_mean":-0.030541539394844823,"profit_mean_pct":-3.05,"profit_sum":-0.2748738545536034,"profit_sum_pct":-27.49,"profit_total_abs":-17.98748153,"profit_total":-0.017987481530000002,"profit_total_pct":-1.8,"duration_avg":"5 days, 16:48:00","wins":0,"draws":0,"losses":9,"winrate":0.0,"cagr":-0.14921017408344817,"expectancy":-1.998609058888889,"expectancy_ratio":-1.0,"sortino":-4.643240790988904,"sharpe":-4.643240790988904,"calmar":-46.597495547665446,"sqn":-3.1316,"profit_factor":0.0,"max_drawdown_account":0.017987481529999967,"max_drawdown_abs":17.987481530000004},{"key":"TOTAL","trades":12,"profit_mean":-0.011789246201657956,"profit_mean_pct":-1.18,"profit_sum":-0.14147095441989546,"profit_sum_pct":-14.15,"profit_total_abs":-9.40011187,"profit_total":-0.00940011187,"profit_total_pct":-0.94,"duration_avg":"4 days, 23:39:00","wins":3,"draws":0,"losses":9,"winrate":0.25,"cagr":-0.08064204190527735,"expectancy":-0.7833426558333335,"expectancy_ratio":-0.3919439133678433,"sortino":-2.426519955105854,"sharpe":-1.6652238906550514,"calmar":-24.351473010790198,"sqn":-0.9877,"profit_factor":0.4774081155095424,"max_drawdown_account":0.017987481529999967,"max_drawdown_abs":17.987481530000004}],"left_open_trades":[{"key":"SUI/USDT:USDT","trades":1,"profit_mean":0.05142127809827678,"profit_mean_pct":5.14,"profit_sum":0.05142127809827678,"profit_sum_pct":5.14,"profit_total_abs":3.33389606,"profit_total":0.00333389606,"profit_total_pct":0.33,"duration_avg":"2 days, 21:15:00","wins":1,"draws":0,"losses":0,"winrate":1.0,"cagr":0.030073790956893554,"expectancy":3.33389606,"expectancy_ratio":100.0,"sortino":-100,"sharpe":-100,"calmar":-100,"sqn":-100.0,"profit_factor":0.0,"max_drawdown_account":0.0,"max_drawdown_abs":0.0},{"key":"SOL/USDT:USDT","trades":1,"profit_mean":0.045752619060998256,"profit_mean_pct":4.58,"profit_sum":0.045752619060998256,"profit_sum_pct":4.58,"profit_total_abs":2.94361154,"profit_total":0.00294361154,"profit_total_pct":0.29,"duration_avg":"2 days, 21:00:00","wins":1,"draws":0,"losses":0,"winrate":1.0,"cagr":0.02651218580440151,"expectancy":2.94361154,"expectancy_ratio":100.0,"sortino":-100,"sharpe":-100,"calmar":-100,"sqn":-100.0,"profit_factor":0.0,"max_drawdown_account":0.0,"max_drawdown_abs":0.0},{"key":"ETH/USDT:USDT","trades":1,"profit_mean":0.036229002974432906,"profit_mean_pct":3.62,"profit_sum":0.036229002974432906,"profit_sum_pct":3.62,"profit_total_abs":2.30986206,"profit_total":0.00230986206,"profit_total_pct":0.23,"duration_avg":"2 days, 18:15:00","wins":1,"draws":0,"losses":0,"winrate":1.0,"cagr":0.02075208449513677,"expectancy":2.30986206,"expectancy_ratio":100.0,"sortino":-100,"sharpe":-100,"calmar":-100,"sqn":-100.0,"profit_factor":0.0,"max_drawdown_account":0.0,"max_drawdown_abs":0.0},{"key":"TOTAL","trades":3,"profit_mean":0.04446763337790265,"profit_mean_pct":4.45,"profit_sum":0.13340290013370795,"profit_sum_pct":13.34,"profit_total_abs":8.58736966,"profit_total":0.00858736966,"profit_total_pct":0.86,"duration_avg":"2 days, 20:10:00","wins":3,"draws":0,"losses":0,"winrate":1.0,"cagr":0.07909438398480773,"expectancy":2.8624565533333333,"expectancy_ratio":100.0,"sortino":-100,"sharpe":9.482669199158545,"calmar":-100,"sqn":9.5932,"profit_factor":0.0,"max_drawdown_account":0.0,"max_drawdown_abs":0.0}],"total_trades":12,"trade_count_long":12,"trade_count_short":0,"total_volume":1548.1363713449998,"avg_stake_amount":64.8106025,"profit_mean":-0.011789246201657956,"profit_median":-0.009969492518595725,"profit_total":-0.00940011187,"profit_total_long":-0.00940011187,"profit_total_short":0.0,"profit_total_abs":-9.40011187,"profit_total_long_abs":-9.40011187,"profit_total_short_abs":0.0,"cagr":-0.08064204190527735,"expectancy":-0.7833426558333335,"expectancy_ratio":-0.3919439133678433,"sortino":-2.426519955105854,"sharpe":-1.6652238906550514,"calmar":-24.351473010790198,"sqn":-0.9877,"profit_factor":0.4774081155095424,"backtest_start":"2025-05-16 00:00:00","backtest_start_ts":1747353600000,"backtest_end":"2025-06-26 14:45:00","backtest_end_ts":1750949100000,"backtest_days":41,"backtest_run_start_ts":1750951858,"backtest_run_end_ts":1750951858,"trades_per_day":0.29,"market_change":-0.17586645138119364,"pairlist":["SOL/USDT:USDT","ETH/USDT:USDT","SUI/USDT:USDT"],"stake_amount":"unlimited","stake_currency":"USDT","stake_currency_decimals":3,"starting_balance":1000,"dry_run_wallet":1000,"final_balance":990.59988813,"rejected_signals":0,"timedout_entry_orders":0,"timedout_exit_orders":0,"canceled_trade_entries":0,"canceled_entry_orders":0,"replaced_entry_orders":0,"max_open_trades":3,"max_open_trades_setting":15,"timeframe":"15m","timeframe_detail":"","timerange":"","enable_protections":false,"strategy_name":"SimpleGrid","stoploss":-0.1,"trailing_stop":false,"trailing_stop_positive":null,"trailing_stop_positive_offset":0.0,"trailing_only_offset_is_reached":false,"use_custom_stoploss":false,"minimal_roi":{},"use_exit_signal":true,"exit_profit_only":false,"exit_profit_offset":0.0,"ignore_roi_if_entry_signal":false,"trading_mode":"futures","margin_mode":"isolated","periodic_breakdown":{"day":[{"date":"21/06/2025","date_ts":1750464000000,"profit_abs":-8.54183272,"wins":0,"draws":0,"losses":2,"trades":2,"profit_factor":0.0},{"date":"22/06/2025","date_ts":1750550400000,"profit_abs":-5.47329951,"wins":0,"draws":0,"losses":2,"trades":2,"profit_factor":0.0},{"date":"23/06/2025","date_ts":1750636800000,"profit_abs":-3.9723493,"wins":0,"draws":0,"losses":5,"trades":5,"profit_factor":0.0},{"date":"24/06/2025","date_ts":1750723200000,"profit_abs":0.0,"wins":0,"draws":0,"losses":0,"trades":0,"profit_factor":0.0},{"date":"25/06/2025","date_ts":1750809600000,"profit_abs":0.0,"wins":0,"draws":0,"losses":0,"trades":0,"profit_factor":0.0},{"date":"26/06/2025","date_ts":1750896000000,"profit_abs":8.58736966,"wins":3,"draws":0,"losses":0,"trades":3,"profit_factor":0.0}],"week":[{"date":"23/06/2025","date_ts":1750636800000,"profit_abs":-17.98748153,"wins":0,"draws":0,"losses":9,"trades":9,"profit_factor":0.0},{"date":"30/06/2025","date_ts":1751241600000,"profit_abs":8.58736966,"wins":3,"draws":0,"losses":0,"trades":3,"profit_factor":0.0}],"month":[{"date":"30/06/2025","date_ts":1751241600000,"profit_abs":-9.40011187,"wins":3,"draws":0,"losses":9,"trades":12,"profit_factor":0.47740812}],"year":[{"date":"31/12/2025","date_ts":1767139200000,"profit_abs":-9.40011187,"wins":3,"draws":0,"losses":9,"trades":12,"profit_factor":0.47740812}]},"backtest_best_day":0.13340290013370795,"backtest_worst_day":-0.13027014044835858,"backtest_best_day_abs":8.58736966,"backtest_worst_day_abs":-8.54183272,"winning_days":1,"draw_days":2,"losing_days":3,"daily_profit":[["2025-06-21",-8.54183272],["2025-06-22",-5.47329951],["2025-06-23",-3.9723493],["2025-06-24",0.0],["2025-06-25",0.0],["2025-06-26",8.58736966]],"wins":3,"losses":9,"draws":0,"winrate":0.25,"holding_avg":"4 days, 23:39:00","holding_avg_s":430740.0,"winner_holding_min":"2d 18:15","winner_holding_min_s":238500.0,"winner_holding_max":"2d 21:15","winner_holding_max_s":249300.0,"winner_holding_avg":"2d 20:10","winner_holding_avg_s":245400.0,"loser_holding_min":"0d 00:30","loser_holding_min_s":1800.0,"loser_holding_max":"34d 02:15","loser_holding_max_s":2945700.0,"loser_holding_avg":"5d 16:48","loser_holding_avg_s":492480.0,"max_consecutive_wins":3,"max_consecutive_losses":9,"max_drawdown_account":0.017987481529999967,"max_relative_drawdown":0.017987481529999967,"max_drawdown_abs":17.987481530000004,"drawdown_start":"2025-06-21 21:45:00","drawdown_start_ts":1750542300000.0,"drawdown_end":"2025-06-23 15:45:00","drawdown_end_ts":1750693500000.0,"max_drawdown_low":-17.987481530000004,"max_drawdown_high":-3.99791812,"csum_min":982.01251847,"csum_max":996.00208188}},"strategy_comparison":[{"key":"SimpleGrid","trades":12,"profit_mean":-0.011789246201657956,"profit_mean_pct":-1.18,"profit_sum":-0.14147095441989546,"profit_sum_pct":-14.15,"profit_total_abs":-9.40011187,"profit_total":-0.00940011187,"profit_total_pct":-0.94,"duration_avg":"4 days, 23:39:00","wins":3,"draws":0,"losses":9,"winrate":0.25,"cagr":-0.08064204190527735,"expectancy":-0.7833426558333335,"expectancy_ratio":-0.3919439133678433,"sortino":-2.426519955105854,"sharpe":-1.6652238906550514,"calmar":-24.351473010790198,"sqn":-0.9877,"profit_factor":0.4774081155095424,"max_drawdown_account":0.017987481529999967,"max_drawdown_abs":"17.987"}]}