{"strategy":{"SimpleGrid":{"trades":[{"pair":"SOL/USDT:USDT","stake_amount":197.6719,"max_stake_amount":197.6719,"amount":1.39,"open_date":"2025-06-05 20:45:00+00:00","close_date":"2025-06-21 21:45:00+00:00","open_rate":142.21,"close_rate":133.85,"fee_open":0.0005,"fee_close":0.0005,"trade_duration":23100,"profit_ratio":-0.061084192016427605,"profit_abs":-12.08066561,"exit_reason":"exit_signal","initial_stop_loss_abs":127.99,"initial_stop_loss_ratio":-0.1,"stop_loss_abs":127.99,"stop_loss_ratio":-0.1,"min_rate":130.46,"max_rate":168.3,"is_open":false,"enter_tag":"","leverage":1.0,"is_short":false,"open_timestamp":1749156300000,"close_timestamp":1750542300000,"orders":[{"amount":1.39,"safe_price":142.21,"ft_order_side":"buy","order_filled_timestamp":1749156300000,"ft_is_entry":true,"ft_order_tag":"","cost":197.77073595},{"amount":1.39,"safe_price":133.85,"ft_order_side":"sell","order_filled_timestamp":1750542300000,"ft_is_entry":false,"ft_order_tag":"exit_signal","cost":186.14452574999996}],"funding_fees":-0.2684039120758235},{"pair":"ETH/USDT:USDT","stake_amount":196.93206,"max_stake_amount":196.93206,"amount":0.081,"open_date":"2025-05-18 19:45:00+00:00","close_date":"2025-06-21 22:00:00+00:00","open_rate":2431.26,"close_rate":2280.35,"fee_open":0.0005,"fee_close":0.0005,"trade_duration":49095,"profit_ratio":-0.06918594831302649,"profit_abs":-13.63174379,"exit_reason":"exit_signal","initial_stop_loss_abs":2188.14,"initial_stop_loss_ratio":-0.1,"stop_loss_abs":2188.14,"stop_loss_ratio":-0.1,"min_rate":2230.0,"max_rate":2879.0,"is_open":false,"enter_tag":"","leverage":1.0,"is_short":false,"open_timestamp":1747597500000,"close_timestamp":1750543200000,"orders":[{"amount":0.081,"safe_price":2431.26,"ft_order_side":"buy","order_filled_timestamp":1747597500000,"ft_is_entry":true,"ft_order_tag":"","cost":197.03052603000003},{"amount":0.081,"safe_price":2280.35,"ft_order_side":"sell","order_filled_timestamp":1750543200000,"ft_is_entry":false,"ft_order_tag":"exit_signal","cost":184.800704175}],"funding_fees":-1.217213589203135},{"pair":"SOL/USDT:USDT","stake_amount":192.5919,"max_stake_amount":192.5919,"amount":1.41,"open_date":"2025-06-22 00:45:00+00:00","close_date":"2025-06-22 01:45:00+00:00","open_rate":136.59,"close_rate":135.67,"fee_open":0.0005,"fee_close":0.0005,"trade_duration":60,"profit_ratio":-0.00772825389047917,"profit_abs":-1.4891433,"exit_reason":"exit_signal","initial_stop_loss_abs":122.94,"initial_stop_loss_ratio":-0.1,"stop_loss_abs":122.94,"stop_loss_ratio":-0.1,"min_rate":134.78,"max_rate":137.17,"is_open":false,"enter_tag":"","leverage":1.0,"is_short":false,"open_timestamp":1750553100000,"close_timestamp":1750556700000,"orders":[{"amount":1.41,"safe_price":136.59,"ft_order_side":"buy","order_filled_timestamp":1750553100000,"ft_is_entry":true,"ft_order_tag":"","cost":192.68819594999997},{"amount":1.41,"safe_price":135.67,"ft_order_side":"sell","order_filled_timestamp":1750556700000,"ft_is_entry":false,"ft_order_tag":"exit_signal","cost":191.39034734999996}],"funding_fees":0.0},{"pair":"SUI/USDT:USDT","stake_amount":197.78928,"max_stake_amount":197.78928,"amount":75.4,"open_date":"2025-06-21 15:30:00+00:00","close_date":"2025-06-22 13:30:00+00:00","open_rate":2.6232,"close_rate":2.4279,"fee_open":0.0005,"fee_close":0.0005,"trade_duration":1320,"profit_ratio":-0.07555066707345318,"profit_abs":-14.9505836,"exit_reason":"exit_signal","initial_stop_loss_abs":2.3609,"initial_stop_loss_ratio":-0.1,"stop_loss_abs":2.3609,"stop_loss_ratio":-0.1,"min_rate":2.4055,"max_rate":2.6511,"is_open":false,"enter_tag":"","leverage":1.0,"is_short":false,"open_timestamp":1750519800000,"close_timestamp":1750599000000,"orders":[{"amount":75.4,"safe_price":2.6232,"ft_order_side":"buy","order_filled_timestamp":1750519800000,"ft_is_entry":true,"ft_order_tag":"","cost":197.88817464000002},{"amount":75.4,"safe_price":2.4279,"ft_order_side":"sell","order_filled_timestamp":1750599000000,"ft_is_entry":false,"ft_order_tag":"exit_signal","cost":183.15519183}],"funding_fees":-0.034537134749000005},{"pair":"SUI/USDT:USDT","stake_amount":189.63854,"max_stake_amount":189.63854,"amount":75.4,"open_date":"2025-06-23 06:00:00+00:00","close_date":"2025-06-23 06:45:00+00:00","open_rate":2.5151,"close_rate":2.4979,"fee_open":0.0005,"fee_close":0.0005,"trade_duration":45,"profit_ratio":-0.00783135925973636,"profit_abs":-1.4858701,"exit_reason":"exit_signal","initial_stop_loss_abs":2.2636,"initial_stop_loss_ratio":-0.1,"stop_loss_abs":2.2636,"stop_loss_ratio":-0.1,"min_rate":2.4892,"max_rate":2.5239,"is_open":false,"enter_tag":"","leverage":1.0,"is_short":false,"open_timestamp":1750658400000,"close_timestamp":1750661100000,"orders":[{"amount":75.4,"safe_price":2.5151,"ft_order_side":"buy","order_filled_timestamp":1750658400000,"ft_is_entry":true,"ft_order_tag":"","cost":189.73335927},{"amount":75.4,"safe_price":2.4979,"ft_order_side":"sell","order_filled_timestamp":1750661100000,"ft_is_entry":false,"ft_order_tag":"exit_signal","cost":188.43583083000001}],"funding_fees":0.0},{"pair":"SUI/USDT:USDT","stake_amount":189.34608,"max_stake_amount":189.34608,"amount":75.2,"open_date":"2025-06-23 07:15:00+00:00","close_date":"2025-06-23 08:30:00+00:00","open_rate":2.5179,"close_rate":2.5043,"fee_open":0.0005,"fee_close":0.0005,"trade_duration":75,"profit_ratio":-0.006385445426014444,"profit_abs":-1.20966359,"exit_reason":"exit_signal","initial_stop_loss_abs":2.2662,"initial_stop_loss_ratio":-0.1,"stop_loss_abs":2.2662,"stop_loss_ratio":-0.1,"min_rate":2.494,"max_rate":2.5219,"is_open":false,"enter_tag":"","leverage":1.0,"is_short":false,"open_timestamp":1750662900000,"close_timestamp":1750667400000,"orders":[{"amount":75.2,"safe_price":2.5179,"ft_order_side":"buy","order_filled_timestamp":1750662900000,"ft_is_entry":true,"ft_order_tag":"","cost":189.44075304},{"amount":75.2,"safe_price":2.5043,"ft_order_side":"sell","order_filled_timestamp":1750667400000,"ft_is_entry":false,"ft_order_tag":"exit_signal","cost":188.41752168}],"funding_fees":0.0018911296000000003},{"pair":"SUI/USDT:USDT","stake_amount":188.92236,"max_stake_amount":188.92236,"amount":74.8,"open_date":"2025-06-23 13:00:00+00:00","close_date":"2025-06-23 13:30:00+00:00","open_rate":2.5257,"close_rate":2.4875,"fee_open":0.0005,"fee_close":0.0005,"trade_duration":30,"profit_ratio":-0.01610890322348823,"profit_abs":-3.04485368,"exit_reason":"exit_signal","initial_stop_loss_abs":2.2732,"initial_stop_loss_ratio":-0.1,"stop_loss_abs":2.2732,"stop_loss_ratio":-0.1,"min_rate":2.4647,"max_rate":2.5573,"is_open":false,"enter_tag":"","leverage":1.0,"is_short":false,"open_timestamp":1750683600000,"close_timestamp":1750685400000,"orders":[{"amount":74.8,"safe_price":2.5257,"ft_order_side":"buy","order_filled_timestamp":1750683600000,"ft_is_entry":true,"ft_order_tag":"","cost":189.01682118},{"amount":74.8,"safe_price":2.4875,"ft_order_side":"sell","order_filled_timestamp":1750685400000,"ft_is_entry":false,"ft_order_tag":"exit_signal","cost":186.15803249999996}],"funding_fees":0.0},{"pair":"SOL/USDT:USDT","stake_amount":187.279,"max_stake_amount":187.279,"amount":1.37,"open_date":"2025-06-23 14:15:00+00:00","close_date":"2025-06-23 14:45:00+00:00","open_rate":136.7,"close_rate":135.18,"fee_open":0.0005,"fee_close":0.0005,"trade_duration":30,"profit_ratio":-0.012107625777455092,"profit_abs":-2.2686378,"exit_reason":"exit_signal","initial_stop_loss_abs":123.03,"initial_stop_loss_ratio":-0.1,"stop_loss_abs":123.03,"stop_loss_ratio":-0.1,"min_rate":134.48,"max_rate":136.82,"is_open":false,"enter_tag":"","leverage":1.0,"is_short":false,"open_timestamp":1750688100000,"close_timestamp":1750689900000,"orders":[{"amount":1.37,"safe_price":136.7,"ft_order_side":"buy","order_filled_timestamp":1750688100000,"ft_is_entry":true,"ft_order_tag":"","cost":187.3726395},{"amount":1.37,"safe_price":135.18,"ft_order_side":"sell","order_filled_timestamp":1750689900000,"ft_is_entry":false,"ft_order_tag":"exit_signal","cost":185.2891983}],"funding_fees":0.0},{"pair":"SUI/USDT:USDT","stake_amount":188.5051,"max_stake_amount":188.5051,"amount":74.2,"open_date":"2025-06-23 13:45:00+00:00","close_date":"2025-06-23 15:45:00+00:00","open_rate":2.5405,"close_rate":2.495,"fee_open":0.0005,"fee_close":0.0005,"trade_duration":120,"profit_ratio":-0.01889145960379385,"profit_abs":-3.56291705,"exit_reason":"exit_signal","initial_stop_loss_abs":2.2865,"initial_stop_loss_ratio":-0.1,"stop_loss_abs":2.2865,"stop_loss_ratio":-0.1,"min_rate":2.4704,"max_rate":2.5775,"is_open":false,"enter_tag":"","leverage":1.0,"is_short":false,"open_timestamp":1750686300000,"close_timestamp":1750693500000,"orders":[{"amount":74.2,"safe_price":2.5405,"ft_order_side":"buy","order_filled_timestamp":1750686300000,"ft_is_entry":true,"ft_order_tag":"","cost":188.59935255000002},{"amount":74.2,"safe_price":2.495,"ft_order_side":"sell","order_filled_timestamp":1750693500000,"ft_is_entry":false,"ft_order_tag":"exit_signal","cost":185.2215645}],"funding_fees":0.0},{"pair":"SOL/USDT:USDT","stake_amount":186.0752,"max_stake_amount":186.0752,"amount":1.36,"open_date":"2025-06-23 17:45:00+00:00","close_date":"2025-06-26 14:45:00+00:00","open_rate":136.82,"close_rate":143.26,"fee_open":0.0005,"fee_close":0.0005,"trade_duration":4140,"profit_ratio":0.04575261902785505,"profit_abs":8.51768445,"exit_reason":"force_exit","initial_stop_loss_abs":123.14,"initial_stop_loss_ratio":-0.1,"stop_loss_abs":123.14,"stop_loss_ratio":-0.1,"min_rate":136.04,"max_rate":147.99,"is_open":false,"enter_tag":"","leverage":1.0,"is_short":false,"open_timestamp":1750700700000,"close_timestamp":1750949100000,"orders":[{"amount":1.36,"safe_price":136.82,"ft_order_side":"buy","order_filled_timestamp":1750700700000,"ft_is_entry":true,"ft_order_tag":"","cost":186.1682376},{"amount":1.36,"safe_price":143.26,"ft_order_side":"sell","order_filled_timestamp":1750949100000,"ft_is_entry":false,"ft_order_tag":"force_exit","cost":194.93101679999998}],"funding_fees":-0.050261147287532545},{"pair":"ETH/USDT:USDT","stake_amount":186.4558,"max_stake_amount":186.4558,"amount":0.079,"open_date":"2025-06-23 20:30:00+00:00","close_date":"2025-06-26 14:45:00+00:00","open_rate":2360.2,"close_rate":2448.32,"fee_open":0.0005,"fee_close":0.0005,"trade_duration":3975,"profit_ratio":0.036229002938696096,"profit_abs":6.75848528,"exit_reason":"force_exit","initial_stop_loss_abs":2124.18,"initial_stop_loss_ratio":-0.1,"stop_loss_abs":2124.18,"stop_loss_ratio":-0.1,"min_rate":2331.0,"max_rate":2520.0,"is_open":false,"enter_tag":"","leverage":1.0,"is_short":false,"open_timestamp":1750710600000,"close_timestamp":1750949100000,"orders":[{"amount":0.079,"safe_price":2360.2,"ft_order_side":"buy","order_filled_timestamp":1750710600000,"ft_is_entry":true,"ft_order_tag":"","cost":186.54902789999997},{"amount":0.079,"safe_price":2448.32,"ft_order_side":"sell","order_filled_timestamp":1750949100000,"ft_is_entry":false,"ft_order_tag":"force_exit","cost":193.51398864}],"funding_fees":-0.013058178515313075},{"pair":"SUI/USDT:USDT","stake_amount":187.34745,"max_stake_amount":187.34745,"amount":74.3,"open_date":"2025-06-23 17:30:00+00:00","close_date":"2025-06-26 14:45:00+00:00","open_rate":2.5215,"close_rate":2.6541,"fee_open":0.0005,"fee_close":0.0005,"trade_duration":4155,"profit_ratio":0.05142127809765402,"profit_abs":9.63846215,"exit_reason":"force_exit","initial_stop_loss_abs":2.2694,"initial_stop_loss_ratio":-0.1,"stop_loss_abs":2.2694,"stop_loss_ratio":-0.1,"min_rate":2.513,"max_rate":2.91,"is_open":false,"enter_tag":"","leverage":1.0,"is_short":false,"open_timestamp":1750699800000,"close_timestamp":1750949100000,"orders":[{"amount":74.3,"safe_price":2.5215,"ft_order_side":"buy","order_filled_timestamp":1750699800000,"ft_is_entry":true,"ft_order_tag":"","cost":187.441123725},{"amount":74.3,"safe_price":2.6541,"ft_order_side":"sell","order_filled_timestamp":1750949100000,"ft_is_entry":false,"ft_order_tag":"force_exit","cost":197.298229815}],"funding_fees":-0.0214443144338697}],"locks":[],"best_pair":{"key":"ETH/USDT:USDT","trades":2,"profit_mean":-0.016478472687165197,"profit_mean_pct":-1.65,"profit_sum":-0.032956945374330394,"profit_sum_pct":-3.3,"profit_total_abs":-6.873258509999999,"profit_total":-0.00687325851,"profit_total_pct":-0.69,"duration_avg":"18 days, 10:15:00","wins":1,"draws":0,"losses":1,"winrate":0.5,"cagr":-0.059553029716761574,"expectancy":-3.4366292549999997,"expectancy_ratio":-0.25210488899601,"sortino":-100,"sharpe":-0.31414716501532464,"calmar":-23.494912885072544,"sqn":-0.3371,"profit_factor":0.49579022200797984,"max_drawdown_account":0.013631743789999973,"max_drawdown_abs":13.63174379},"worst_pair":{"key":"SUI/USDT:USDT","trades":6,"profit_mean":-0.012224426081472006,"profit_mean_pct":-1.22,"profit_sum":-0.07334655648883204,"profit_sum_pct":-7.33,"profit_total_abs":-14.615425869999997,"profit_total":-0.014615425869999997,"profit_total_pct":-1.46,"duration_avg":"15:58:00","wins":1,"draws":0,"losses":5,"winrate":0.16666666666666666,"cagr":-0.12284637672544074,"expectancy":-2.4359043116666665,"expectancy_ratio":-0.5021677987582848,"sortino":-1.3279621755158737,"sharpe":-0.9529420904754994,"calmar":-28.079714120184132,"sqn":-0.7621,"profit_factor":0.3973986414900584,"max_drawdown_account":0.024253888019999975,"max_drawdown_abs":24.253888019999998},"results_per_pair":[{"key":"ETH/USDT:USDT","trades":2,"profit_mean":-0.016478472687165197,"profit_mean_pct":-1.65,"profit_sum":-0.032956945374330394,"profit_sum_pct":-3.3,"profit_total_abs":-6.873258509999999,"profit_total":-0.00687325851,"profit_total_pct":-0.69,"duration_avg":"18 days, 10:15:00","wins":1,"draws":0,"losses":1,"winrate":0.5,"cagr":-0.059553029716761574,"expectancy":-3.4366292549999997,"expectancy_ratio":-0.25210488899601,"sortino":-100,"sharpe":-0.31414716501532464,"calmar":-23.494912885072544,"sqn":-0.3371,"profit_factor":0.49579022200797984,"max_drawdown_account":0.013631743789999973,"max_drawdown_abs":13.63174379},{"key":"SOL/USDT:USDT","trades":4,"profit_mean":-0.008791863164126704,"profit_mean_pct":-0.88,"profit_sum":-0.035167452656506816,"profit_sum_pct":-3.52,"profit_total_abs":-7.32076226,"profit_total":-0.0073207622600000005,"profit_total_pct":-0.73,"duration_avg":"4 days, 17:52:00","wins":1,"draws":0,"losses":3,"winrate":0.25,"cagr":-0.06331887269728687,"expectancy":-1.8301905650000005,"expectancy_ratio":-0.346660994953084,"sortino":-0.7077838774511892,"sharpe":-0.46807020415434347,"calmar":-21.53804555850081,"sqn":-0.435,"profit_factor":0.5377853400625546,"max_drawdown_account":0.01583844670999997,"max_drawdown_abs":15.838446710000001},{"key":"SUI/USDT:USDT","trades":6,"profit_mean":-0.012224426081472006,"profit_mean_pct":-1.22,"profit_sum":-0.07334655648883204,"profit_sum_pct":-7.33,"profit_total_abs":-14.615425869999997,"profit_total":-0.014615425869999997,"profit_total_pct":-1.46,"duration_avg":"15:58:00","wins":1,"draws":0,"losses":5,"winrate":0.16666666666666666,"cagr":-0.12284637672544074,"expectancy":-2.4359043116666665,"expectancy_ratio":-0.5021677987582848,"sortino":-1.3279621755158737,"sharpe":-0.9529420904754994,"calmar":-28.079714120184132,"sqn":-0.7621,"profit_factor":0.3973986414900584,"max_drawdown_account":0.024253888019999975,"max_drawdown_abs":24.253888019999998},{"key":"TOTAL","trades":12,"profit_mean":-0.011789246209972438,"profit_mean_pct":-1.18,"profit_sum":-0.14147095451966926,"profit_sum_pct":-14.15,"profit_total_abs":-28.809446639999997,"profit_total":-0.028809446639999996,"profit_total_pct":-2.88,"duration_avg":"4 days, 23:39:00","wins":3,"draws":0,"losses":9,"winrate":0.25,"cagr":-0.22913445412719258,"expectancy":-2.4007872199999998,"expectancy_ratio":-0.4021862370697763,"sortino":-2.4619743820919417,"sharpe":-1.720886424208797,"calmar":-24.98782852158823,"sqn":-1.0207,"profit_factor":0.4637516839069649,"max_drawdown_account":0.05372407852000004,"max_drawdown_abs":53.72407852}],"results_per_enter_tag":[{"key":"","trades":12,"profit_mean":-0.011789246209972438,"profit_mean_pct":-1.18,"profit_sum":-0.14147095451966926,"profit_sum_pct":-14.15,"profit_total_abs":-28.809446639999997,"profit_total":-0.028809446639999996,"profit_total_pct":-2.88,"duration_avg":"4 days, 23:39:00","wins":3,"draws":0,"losses":9,"winrate":0.25,"cagr":-0.22913445412719258,"expectancy":-2.4007872199999998,"expectancy_ratio":-0.4021862370697763,"sortino":-2.4619743820919417,"sharpe":-1.720886424208797,"calmar":-24.98782852158823,"sqn":-1.0207,"profit_factor":0.4637516839069649,"max_drawdown_account":0.05372407852000004,"max_drawdown_abs":53.72407852},{"key":"TOTAL","trades":12,"profit_mean":-0.011789246209972438,"profit_mean_pct":-1.18,"profit_sum":-0.14147095451966926,"profit_sum_pct":-14.15,"profit_total_abs":-28.809446639999997,"profit_total":-0.028809446639999996,"profit_total_pct":-2.88,"duration_avg":"4 days, 23:39:00","wins":3,"draws":0,"losses":9,"winrate":0.25,"cagr":-0.22913445412719258,"expectancy":-2.4007872199999998,"expectancy_ratio":-0.4021862370697763,"sortino":-2.4619743820919417,"sharpe":-1.720886424208797,"calmar":-24.98782852158823,"sqn":-1.0207,"profit_factor":0.4637516839069649,"max_drawdown_account":0.05372407852000004,"max_drawdown_abs":53.72407852}],"exit_reason_summary":[{"key":"force_exit","trades":3,"profit_mean":0.04446763335473505,"profit_mean_pct":4.45,"profit_sum":0.13340290006420516,"profit_sum_pct":13.34,"profit_total_abs":24.91463188,"profit_total":0.024914631880000003,"profit_total_pct":2.49,"duration_avg":"2 days, 20:10:00","wins":3,"draws":0,"losses":0,"winrate":1.0,"cagr":0.2449346004586075,"expectancy":8.304877293333334,"expectancy_ratio":100.0,"sortino":-100,"sharpe":9.79434969085497,"calmar":-100,"sqn":9.9085,"profit_factor":0.0,"max_drawdown_account":0.0,"max_drawdown_abs":0.0},{"key":"exit_signal","trades":9,"profit_mean":-0.030541539398208268,"profit_mean_pct":-3.05,"profit_sum":-0.2748738545838744,"profit_sum_pct":-27.49,"profit_total_abs":-53.72407852,"profit_total":-0.053724078519999996,"profit_total_pct":-5.37,"duration_avg":"5 days, 16:48:00","wins":0,"draws":0,"losses":9,"winrate":0.0,"cagr":-0.38835443342747644,"expectancy":-5.969342057777777,"expectancy_ratio":-1.0,"sortino":-4.591108835602958,"sharpe":-4.591108835602958,"calmar":-46.59749554766532,"sqn":-3.0964,"profit_factor":0.0,"max_drawdown_account":0.05372407852000004,"max_drawdown_abs":53.72407852},{"key":"TOTAL","trades":12,"profit_mean":-0.011789246209972438,"profit_mean_pct":-1.18,"profit_sum":-0.14147095451966926,"profit_sum_pct":-14.15,"profit_total_abs":-28.809446639999997,"profit_total":-0.028809446639999996,"profit_total_pct":-2.88,"duration_avg":"4 days, 23:39:00","wins":3,"draws":0,"losses":9,"winrate":0.25,"cagr":-0.22913445412719258,"expectancy":-2.4007872199999998,"expectancy_ratio":-0.4021862370697763,"sortino":-2.4619743820919417,"sharpe":-1.720886424208797,"calmar":-24.98782852158823,"sqn":-1.0207,"profit_factor":0.4637516839069649,"max_drawdown_account":0.05372407852000004,"max_drawdown_abs":53.72407852}],"mix_tag_stats":[{"key":["","force_exit"],"trades":3,"profit_mean":0.04446763335473505,"profit_mean_pct":4.45,"profit_sum":0.13340290006420516,"profit_sum_pct":13.34,"profit_total_abs":24.91463188,"profit_total":0.024914631880000003,"profit_total_pct":2.49,"duration_avg":"2 days, 20:10:00","wins":3,"draws":0,"losses":0,"winrate":1.0,"cagr":0.2449346004586075,"expectancy":8.304877293333334,"expectancy_ratio":100.0,"sortino":-100,"sharpe":9.79434969085497,"calmar":-100,"sqn":9.9085,"profit_factor":0.0,"max_drawdown_account":0.0,"max_drawdown_abs":0.0},{"key":["","exit_signal"],"trades":9,"profit_mean":-0.030541539398208268,"profit_mean_pct":-3.05,"profit_sum":-0.2748738545838744,"profit_sum_pct":-27.49,"profit_total_abs":-53.72407852,"profit_total":-0.053724078519999996,"profit_total_pct":-5.37,"duration_avg":"5 days, 16:48:00","wins":0,"draws":0,"losses":9,"winrate":0.0,"cagr":-0.38835443342747644,"expectancy":-5.969342057777777,"expectancy_ratio":-1.0,"sortino":-4.591108835602958,"sharpe":-4.591108835602958,"calmar":-46.59749554766532,"sqn":-3.0964,"profit_factor":0.0,"max_drawdown_account":0.05372407852000004,"max_drawdown_abs":53.72407852},{"key":"TOTAL","trades":12,"profit_mean":-0.011789246209972438,"profit_mean_pct":-1.18,"profit_sum":-0.14147095451966926,"profit_sum_pct":-14.15,"profit_total_abs":-28.809446639999997,"profit_total":-0.028809446639999996,"profit_total_pct":-2.88,"duration_avg":"4 days, 23:39:00","wins":3,"draws":0,"losses":9,"winrate":0.25,"cagr":-0.22913445412719258,"expectancy":-2.4007872199999998,"expectancy_ratio":-0.4021862370697763,"sortino":-2.4619743820919417,"sharpe":-1.720886424208797,"calmar":-24.98782852158823,"sqn":-1.0207,"profit_factor":0.4637516839069649,"max_drawdown_account":0.05372407852000004,"max_drawdown_abs":53.72407852}],"left_open_trades":[{"key":"SUI/USDT:USDT","trades":1,"profit_mean":0.05142127809765402,"profit_mean_pct":5.14,"profit_sum":0.05142127809765402,"profit_sum_pct":5.14,"profit_total_abs":9.63846215,"profit_total":0.00963846215,"profit_total_pct":0.96,"duration_avg":"2 days, 21:15:00","wins":1,"draws":0,"losses":0,"winrate":1.0,"cagr":0.08914713122974272,"expectancy":9.63846215,"expectancy_ratio":100.0,"sortino":-100,"sharpe":-100,"calmar":-100,"sqn":-100.0,"profit_factor":0.0,"max_drawdown_account":0.0,"max_drawdown_abs":0.0},{"key":"SOL/USDT:USDT","trades":1,"profit_mean":0.04575261902785505,"profit_mean_pct":4.58,"profit_sum":0.04575261902785505,"profit_sum_pct":4.58,"profit_total_abs":8.51768445,"profit_total":0.00851768445,"profit_total_pct":0.85,"duration_avg":"2 days, 21:00:00","wins":1,"draws":0,"losses":0,"winrate":1.0,"cagr":0.07843082891851139,"expectancy":8.51768445,"expectancy_ratio":100.0,"sortino":-100,"sharpe":-100,"calmar":-100,"sqn":-100.0,"profit_factor":0.0,"max_drawdown_account":0.0,"max_drawdown_abs":0.0},{"key":"ETH/USDT:USDT","trades":1,"profit_mean":0.036229002938696096,"profit_mean_pct":3.62,"profit_sum":0.036229002938696096,"profit_sum_pct":3.62,"profit_total_abs":6.75848528,"profit_total":0.0067584852800000005,"profit_total_pct":0.68,"duration_avg":"2 days, 18:15:00","wins":1,"draws":0,"losses":0,"winrate":1.0,"cagr":0.06179895359583076,"expectancy":6.75848528,"expectancy_ratio":100.0,"sortino":-100,"sharpe":-100,"calmar":-100,"sqn":-100.0,"profit_factor":0.0,"max_drawdown_account":0.0,"max_drawdown_abs":0.0},{"key":"TOTAL","trades":3,"profit_mean":0.04446763335473505,"profit_mean_pct":4.45,"profit_sum":0.13340290006420516,"profit_sum_pct":13.34,"profit_total_abs":24.91463188,"profit_total":0.024914631880000003,"profit_total_pct":2.49,"duration_avg":"2 days, 20:10:00","wins":3,"draws":0,"losses":0,"winrate":1.0,"cagr":0.2449346004586075,"expectancy":8.304877293333334,"expectancy_ratio":100.0,"sortino":-100,"sharpe":9.79434969085497,"calmar":-100,"sqn":9.9085,"profit_factor":0.0,"max_drawdown_account":0.0,"max_drawdown_abs":0.0}],"total_trades":12,"trade_count_long":12,"trade_count_short":0,"total_volume":4554.455099504999,"avg_stake_amount":190.7128891666667,"profit_mean":-0.011789246209972438,"profit_median":-0.009969492518595725,"profit_total":-0.028809446639999996,"profit_total_long":-0.028809446639999996,"profit_total_short":0.0,"profit_total_abs":-28.809446639999997,"profit_total_long_abs":-28.809446639999997,"profit_total_short_abs":0.0,"cagr":-0.22913445412719258,"expectancy":-2.4007872199999998,"expectancy_ratio":-0.4021862370697763,"sortino":-2.4619743820919417,"sharpe":-1.720886424208797,"calmar":-24.98782852158823,"sqn":-1.0207,"profit_factor":0.4637516839069649,"backtest_start":"2025-05-16 00:00:00","backtest_start_ts":1747353600000,"backtest_end":"2025-06-26 14:45:00","backtest_end_ts":1750949100000,"backtest_days":41,"backtest_run_start_ts":1750951843,"backtest_run_end_ts":1750951843,"trades_per_day":0.29,"market_change":-0.17586645138119364,"pairlist":["SOL/USDT:USDT","ETH/USDT:USDT","SUI/USDT:USDT"],"stake_amount":"unlimited","stake_currency":"USDT","stake_currency_decimals":3,"starting_balance":1000,"dry_run_wallet":1000,"final_balance":971.19055336,"rejected_signals":0,"timedout_entry_orders":0,"timedout_exit_orders":0,"canceled_trade_entries":0,"canceled_entry_orders":0,"replaced_entry_orders":0,"max_open_trades":3,"max_open_trades_setting":5,"timeframe":"15m","timeframe_detail":"","timerange":"","enable_protections":false,"strategy_name":"SimpleGrid","stoploss":-0.1,"trailing_stop":false,"trailing_stop_positive":null,"trailing_stop_positive_offset":0.0,"trailing_only_offset_is_reached":false,"use_custom_stoploss":false,"minimal_roi":{},"use_exit_signal":true,"exit_profit_only":false,"exit_profit_offset":0.0,"ignore_roi_if_entry_signal":false,"trading_mode":"futures","margin_mode":"isolated","periodic_breakdown":{"day":[{"date":"21/06/2025","date_ts":1750464000000,"profit_abs":-25.7124094,"wins":0,"draws":0,"losses":2,"trades":2,"profit_factor":0.0},{"date":"22/06/2025","date_ts":1750550400000,"profit_abs":-16.4397269,"wins":0,"draws":0,"losses":2,"trades":2,"profit_factor":0.0},{"date":"23/06/2025","date_ts":1750636800000,"profit_abs":-11.57194222,"wins":0,"draws":0,"losses":5,"trades":5,"profit_factor":0.0},{"date":"24/06/2025","date_ts":1750723200000,"profit_abs":0.0,"wins":0,"draws":0,"losses":0,"trades":0,"profit_factor":0.0},{"date":"25/06/2025","date_ts":1750809600000,"profit_abs":0.0,"wins":0,"draws":0,"losses":0,"trades":0,"profit_factor":0.0},{"date":"26/06/2025","date_ts":1750896000000,"profit_abs":24.91463188,"wins":3,"draws":0,"losses":0,"trades":3,"profit_factor":0.0}],"week":[{"date":"23/06/2025","date_ts":1750636800000,"profit_abs":-53.72407852,"wins":0,"draws":0,"losses":9,"trades":9,"profit_factor":0.0},{"date":"30/06/2025","date_ts":1751241600000,"profit_abs":24.91463188,"wins":3,"draws":0,"losses":0,"trades":3,"profit_factor":0.0}],"month":[{"date":"30/06/2025","date_ts":1751241600000,"profit_abs":-28.80944664,"wins":3,"draws":0,"losses":9,"trades":12,"profit_factor":0.46375168}],"year":[{"date":"31/12/2025","date_ts":1767139200000,"profit_abs":-28.80944664,"wins":3,"draws":0,"losses":9,"trades":12,"profit_factor":0.46375168}]},"backtest_best_day":0.13340290006420516,"backtest_worst_day":-0.1302701403294541,"backtest_best_day_abs":24.91463188,"backtest_worst_day_abs":-25.7124094,"winning_days":1,"draw_days":2,"losing_days":3,"daily_profit":[["2025-06-21",-25.7124094],["2025-06-22",-16.4397269],["2025-06-23",-11.57194222],["2025-06-24",0.0],["2025-06-25",0.0],["2025-06-26",24.91463188]],"wins":3,"losses":9,"draws":0,"winrate":0.25,"holding_avg":"4 days, 23:39:00","holding_avg_s":430740.0,"winner_holding_min":"2d 18:15","winner_holding_min_s":238500.0,"winner_holding_max":"2d 21:15","winner_holding_max_s":249300.0,"winner_holding_avg":"2d 20:10","winner_holding_avg_s":245400.0,"loser_holding_min":"0d 00:30","loser_holding_min_s":1800.0,"loser_holding_max":"34d 02:15","loser_holding_max_s":2945700.0,"loser_holding_avg":"5d 16:48","loser_holding_avg_s":492480.0,"max_consecutive_wins":3,"max_consecutive_losses":9,"max_drawdown_account":0.05372407852000004,"max_relative_drawdown":0.05372407852000004,"max_drawdown_abs":53.72407852,"drawdown_start":"2025-06-21 21:45:00","drawdown_start_ts":1750542300000.0,"drawdown_end":"2025-06-23 15:45:00","drawdown_end_ts":1750693500000.0,"max_drawdown_low":-53.72407852,"max_drawdown_high":-12.08066561,"csum_min":946.27592148,"csum_max":987.91933439}},"strategy_comparison":[{"key":"SimpleGrid","trades":12,"profit_mean":-0.011789246209972438,"profit_mean_pct":-1.18,"profit_sum":-0.14147095451966926,"profit_sum_pct":-14.15,"profit_total_abs":-28.809446639999997,"profit_total":-0.028809446639999996,"profit_total_pct":-2.88,"duration_avg":"4 days, 23:39:00","wins":3,"draws":0,"losses":9,"winrate":0.25,"cagr":-0.22913445412719258,"expectancy":-2.4007872199999998,"expectancy_ratio":-0.4021862370697763,"sortino":-2.4619743820919417,"sharpe":-1.720886424208797,"calmar":-24.98782852158823,"sqn":-1.0207,"profit_factor":0.4637516839069649,"max_drawdown_account":0.05372407852000004,"max_drawdown_abs":"53.724"}]}