{"strategy":{"SimpleGrid":{"trades":[{"pair":"ETH/USDT:USDT","stake_amount":989.18658,"max_stake_amount":989.18658,"amount":0.411,"open_date":"2025-05-18 20:00:00+00:00","close_date":"2025-05-18 23:00:00+00:00","open_rate":2406.78,"close_rate":2453.61,"fee_open":0.0005,"fee_close":0.0005,"trade_duration":180,"profit_ratio":0.01843858441738066,"profit_abs":18.24831986,"exit_reason":"exit_signal","initial_stop_loss_abs":2166.11,"initial_stop_loss_ratio":-0.1,"stop_loss_abs":2166.11,"stop_loss_ratio":-0.1,"min_rate":2312.62,"max_rate":2455.6,"is_open":false,"enter_tag":"","leverage":1.0,"is_short":false,"open_timestamp":1747598400000,"close_timestamp":1747609200000,"orders":[{"amount":0.411,"safe_price":2406.78,"ft_order_side":"buy","order_filled_timestamp":1747598400000,"ft_is_entry":true,"ft_order_tag":"","cost":989.68117329},{"amount":0.411,"safe_price":2453.61,"ft_order_side":"sell","order_filled_timestamp":1747609200000,"ft_is_entry":false,"ft_order_tag":"exit_signal","cost":1008.937926855}],"funding_fees":0.0},{"pair":"ETH/USDT:USDT","stake_amount":1005.97446,"max_stake_amount":1005.97446,"amount":0.414,"open_date":"2025-05-19 01:15:00+00:00","close_date":"2025-05-19 15:15:00+00:00","open_rate":2429.89,"close_rate":2453.69,"fee_open":0.0005,"fee_close":0.0005,"trade_duration":840,"profit_ratio":0.008720847371351188,"profit_abs":8.7773362,"exit_reason":"exit_signal","initial_stop_loss_abs":2186.91,"initial_stop_loss_ratio":-0.1,"stop_loss_abs":2186.91,"stop_loss_ratio":-0.1,"min_rate":2346.99,"max_rate":2459.48,"is_open":false,"enter_tag":"","leverage":1.0,"is_short":false,"open_timestamp":1747617300000,"close_timestamp":1747667700000,"orders":[{"amount":0.414,"safe_price":2429.89,"ft_order_side":"buy","order_filled_timestamp":1747617300000,"ft_is_entry":true,"ft_order_tag":"","cost":1006.4774472299998},{"amount":0.414,"safe_price":2453.69,"ft_order_side":"sell","order_filled_timestamp":1747667700000,"ft_is_entry":false,"ft_order_tag":"exit_signal","cost":1016.3355738299998}],"funding_fees":-0.0649627417998565},{"pair":"SOL/USDT:USDT","stake_amount":1016.368,"max_stake_amount":1016.368,"amount":6.95,"open_date":"2025-06-05 19:30:00+00:00","close_date":"2025-06-06 11:45:00+00:00","open_rate":146.24,"close_rate":149.36,"fee_open":0.0005,"fee_close":0.0005,"trade_duration":975,"profit_ratio":0.02049243250838098,"profit_abs":20.83826657,"exit_reason":"exit_signal","initial_stop_loss_abs":131.62,"initial_stop_loss_ratio":-0.1,"stop_loss_abs":131.62,"stop_loss_ratio":-0.1,"min_rate":141.43,"max_rate":149.55,"is_open":false,"enter_tag":"","leverage":1.0,"is_short":false,"open_timestamp":1749151800000,"close_timestamp":1749210300000,"orders":[{"amount":6.95,"safe_price":146.24,"ft_order_side":"buy","order_filled_timestamp":1749151800000,"ft_is_entry":true,"ft_order_tag":"","cost":1016.876184},{"amount":6.95,"safe_price":149.36,"ft_order_side":"sell","order_filled_timestamp":1749210300000,"ft_is_entry":false,"ft_order_tag":"exit_signal","cost":1038.571026}],"funding_fees":0.18147656685311242},{"pair":"SOL/USDT:USDT","stake_amount":1036.0768,"max_stake_amount":1036.0768,"amount":7.04,"open_date":"2025-06-07 00:15:00+00:00","close_date":"2025-06-07 03:45:00+00:00","open_rate":147.17,"close_rate":149.16,"fee_open":0.0005,"fee_close":0.0005,"trade_duration":210,"profit_ratio":0.012508762266281413,"profit_abs":12.9665184,"exit_reason":"exit_signal","initial_stop_loss_abs":132.46,"initial_stop_loss_ratio":-0.1,"stop_loss_abs":132.46,"stop_loss_ratio":-0.1,"min_rate":146.84,"max_rate":149.65,"is_open":false,"enter_tag":"","leverage":1.0,"is_short":false,"open_timestamp":1749255300000,"close_timestamp":1749267900000,"orders":[{"amount":7.04,"safe_price":147.17,"ft_order_side":"buy","order_filled_timestamp":1749255300000,"ft_is_entry":true,"ft_order_tag":"","cost":1036.5948383999998},{"amount":7.04,"safe_price":149.16,"ft_order_side":"sell","order_filled_timestamp":1749267900000,"ft_is_entry":false,"ft_order_tag":"exit_signal","cost":1050.6114432}],"funding_fees":0.0},{"pair":"SOL/USDT:USDT","stake_amount":1049.948,"max_stake_amount":1049.948,"amount":7.1,"open_date":"2025-06-13 00:15:00+00:00","close_date":"2025-06-15 15:00:00+00:00","open_rate":147.88,"close_rate":151.84,"fee_open":0.0005,"fee_close":0.0005,"trade_duration":3765,"profit_ratio":0.02569061861462035,"profit_abs":26.98730054,"exit_reason":"exit_signal","initial_stop_loss_abs":133.1,"initial_stop_loss_ratio":-0.1,"stop_loss_abs":133.1,"stop_loss_ratio":-0.1,"min_rate":140.73,"max_rate":152.63,"is_open":false,"enter_tag":"","leverage":1.0,"is_short":false,"open_timestamp":1749773700000,"close_timestamp":1749999600000,"orders":[{"amount":7.1,"safe_price":147.88,"ft_order_side":"buy","order_filled_timestamp":1749773700000,"ft_is_entry":true,"ft_order_tag":"","cost":1050.4729739999998},{"amount":7.1,"safe_price":151.84,"ft_order_side":"sell","order_filled_timestamp":1749999600000,"ft_is_entry":false,"ft_order_tag":"exit_signal","cost":1078.603032}],"funding_fees":-0.06469346499931969},{"pair":"SOL/USDT:USDT","stake_amount":1076.385,"max_stake_amount":1076.385,"amount":7.3,"open_date":"2025-06-17 15:30:00+00:00","close_date":"2025-06-17 19:30:00+00:00","open_rate":147.45,"close_rate":149.4,"fee_open":0.0005,"fee_close":0.0005,"trade_duration":240,"profit_ratio":0.012158874032235128,"profit_abs":13.09417344,"exit_reason":"exit_signal","initial_stop_loss_abs":132.71,"initial_stop_loss_ratio":-0.1,"stop_loss_abs":132.71,"stop_loss_ratio":-0.1,"min_rate":145.55,"max_rate":149.99,"is_open":false,"enter_tag":"","leverage":1.0,"is_short":false,"open_timestamp":1750174200000,"close_timestamp":1750188600000,"orders":[{"amount":7.3,"safe_price":147.45,"ft_order_side":"buy","order_filled_timestamp":1750174200000,"ft_is_entry":true,"ft_order_tag":"","cost":1076.9231925},{"amount":7.3,"safe_price":149.4,"ft_order_side":"sell","order_filled_timestamp":1750188600000,"ft_is_entry":false,"ft_order_tag":"exit_signal","cost":1091.16531}],"funding_fees":-0.0573240603},{"pair":"SOL/USDT:USDT","stake_amount":1088.55,"max_stake_amount":1088.55,"amount":7.38,"open_date":"2025-06-17 21:15:00+00:00","close_date":"2025-06-20 17:30:00+00:00","open_rate":147.5,"close_rate":137.56,"fee_open":0.0005,"fee_close":0.0005,"trade_duration":4095,"profit_ratio":-0.06852374467765888,"profit_abs":-74.62881803,"exit_reason":"exit_signal","initial_stop_loss_abs":132.75,"initial_stop_loss_ratio":-0.1,"stop_loss_abs":132.75,"stop_loss_ratio":-0.1,"min_rate":135.57,"max_rate":149.2,"is_open":false,"enter_tag":"","leverage":1.0,"is_short":false,"open_timestamp":1750194900000,"close_timestamp":1750440600000,"orders":[{"amount":7.38,"safe_price":147.5,"ft_order_side":"buy","order_filled_timestamp":1750194900000,"ft_is_entry":true,"ft_order_tag":"","cost":1089.094275},{"amount":7.38,"safe_price":137.56,"ft_order_side":"sell","order_filled_timestamp":1750440600000,"ft_is_entry":false,"ft_order_tag":"exit_signal","cost":1015.7003963999999}],"funding_fees":-0.21974663329909583},{"pair":"ETH/USDT:USDT","stake_amount":1014.825,"max_stake_amount":1014.825,"amount":0.42,"open_date":"2025-06-20 17:30:00+00:00","close_date":"2025-06-21 22:00:00+00:00","open_rate":2416.25,"close_rate":2280.35,"fee_open":0.0005,"fee_close":0.0005,"trade_duration":1710,"profit_ratio":-0.05717418991585674,"profit_abs":-58.05080818,"exit_reason":"exit_signal","initial_stop_loss_abs":2174.63,"initial_stop_loss_ratio":-0.1,"stop_loss_abs":2174.63,"stop_loss_ratio":-0.1,"min_rate":2230.0,"max_rate":2447.96,"is_open":false,"enter_tag":"","leverage":1.0,"is_short":false,"open_timestamp":1750440600000,"close_timestamp":1750543200000,"orders":[{"amount":0.42,"safe_price":2416.25,"ft_order_side":"buy","order_filled_timestamp":1750440600000,"ft_is_entry":true,"ft_order_tag":"","cost":1015.3324124999999},{"amount":0.42,"safe_price":2280.35,"ft_order_side":"sell","order_filled_timestamp":1750543200000,"ft_is_entry":false,"ft_order_tag":"exit_signal","cost":958.2258734999999}],"funding_fees":0.013477817225011731},{"pair":"SUI/USDT:USDT","stake_amount":958.4208,"max_stake_amount":958.4208,"amount":372.0,"open_date":"2025-06-22 00:30:00+00:00","close_date":"2025-06-22 02:30:00+00:00","open_rate":2.5764,"close_rate":2.5424,"fee_open":0.0005,"fee_close":0.0005,"trade_duration":120,"profit_ratio":-0.014183018721969552,"profit_abs":-13.6000968,"exit_reason":"exit_signal","initial_stop_loss_abs":2.3188,"initial_stop_loss_ratio":-0.1,"stop_loss_abs":2.3188,"stop_loss_ratio":-0.1,"min_rate":2.5282,"max_rate":2.6153,"is_open":false,"enter_tag":"","leverage":1.0,"is_short":false,"open_timestamp":1750552200000,"close_timestamp":1750559400000,"orders":[{"amount":372.0,"safe_price":2.5764,"ft_order_side":"buy","order_filled_timestamp":1750552200000,"ft_is_entry":true,"ft_order_tag":"","cost":958.9000103999999},{"amount":372.0,"safe_price":2.5424,"ft_order_side":"sell","order_filled_timestamp":1750559400000,"ft_is_entry":false,"ft_order_tag":"exit_signal","cost":946.2456864000001}],"funding_fees":0.0},{"pair":"SUI/USDT:USDT","stake_amount":945.02352,"max_stake_amount":945.02352,"amount":366.8,"open_date":"2025-06-22 04:15:00+00:00","close_date":"2025-06-22 09:45:00+00:00","open_rate":2.5764,"close_rate":2.5557,"fee_open":0.0005,"fee_close":0.0005,"trade_duration":330,"profit_ratio":-0.009064340634033927,"profit_abs":-8.5702981,"exit_reason":"exit_signal","initial_stop_loss_abs":2.3188,"initial_stop_loss_ratio":-0.1,"stop_loss_abs":2.3188,"stop_loss_ratio":-0.1,"min_rate":2.5301,"max_rate":2.5998,"is_open":false,"enter_tag":"","leverage":1.0,"is_short":false,"open_timestamp":1750565700000,"close_timestamp":1750585500000,"orders":[{"amount":366.8,"safe_price":2.5764,"ft_order_side":"buy","order_filled_timestamp":1750565700000,"ft_is_entry":true,"ft_order_tag":"","cost":945.49603176},{"amount":366.8,"safe_price":2.5557,"ft_order_side":"sell","order_filled_timestamp":1750585500000,"ft_is_entry":false,"ft_order_tag":"exit_signal","cost":937.8994753799999}],"funding_fees":-0.036310955184},{"pair":"SUI/USDT:USDT","stake_amount":936.5037,"max_stake_amount":936.5037,"amount":363.0,"open_date":"2025-06-23 18:45:00+00:00","close_date":"2025-06-23 20:45:00+00:00","open_rate":2.5799,"close_rate":2.7185,"fee_open":0.0005,"fee_close":0.0005,"trade_duration":120,"profit_ratio":0.0526698161055524,"profit_abs":49.3501404,"exit_reason":"exit_signal","initial_stop_loss_abs":2.322,"initial_stop_loss_ratio":-0.1,"stop_loss_abs":2.322,"stop_loss_ratio":-0.1,"min_rate":2.5682,"max_rate":2.7375,"is_open":false,"enter_tag":"","leverage":1.0,"is_short":false,"open_timestamp":1750704300000,"close_timestamp":1750711500000,"orders":[{"amount":363.0,"safe_price":2.5799,"ft_order_side":"buy","order_filled_timestamp":1750704300000,"ft_is_entry":true,"ft_order_tag":"","cost":936.97195185},{"amount":363.0,"safe_price":2.7185,"ft_order_side":"sell","order_filled_timestamp":1750711500000,"ft_is_entry":false,"ft_order_tag":"exit_signal","cost":987.30890775}],"funding_fees":0.0},{"pair":"ETH/USDT:USDT","stake_amount":983.25722,"max_stake_amount":983.25722,"amount":0.418,"open_date":"2025-06-23 20:45:00+00:00","close_date":"2025-06-24 16:45:00+00:00","open_rate":2352.29,"close_rate":2469.58,"fee_open":0.0005,"fee_close":0.0005,"trade_duration":1200,"profit_ratio":0.04877410282898527,"profit_abs":47.9814675,"exit_reason":"exit_signal","initial_stop_loss_abs":2117.07,"initial_stop_loss_ratio":-0.1,"stop_loss_abs":2117.07,"stop_loss_ratio":-0.1,"min_rate":2331.0,"max_rate":2481.28,"is_open":false,"enter_tag":"","leverage":1.0,"is_short":false,"open_timestamp":1750711500000,"close_timestamp":1750783500000,"orders":[{"amount":0.418,"safe_price":2352.29,"ft_order_side":"buy","order_filled_timestamp":1750711500000,"ft_is_entry":true,"ft_order_tag":"","cost":983.7488486099999},{"amount":0.418,"safe_price":2469.58,"ft_order_side":"sell","order_filled_timestamp":1750783500000,"ft_is_entry":false,"ft_order_tag":"exit_signal","cost":1032.8005822199998}],"funding_fees":-0.03798166771222633},{"pair":"SOL/USDT:USDT","stake_amount":1031.595,"max_stake_amount":1031.595,"amount":7.09,"open_date":"2025-06-24 16:45:00+00:00","close_date":"2025-06-26 18:45:00+00:00","open_rate":145.5,"close_rate":141.43,"fee_open":0.0005,"fee_close":0.0005,"trade_duration":3000,"profit_ratio":-0.029072571823375387,"profit_abs":-30.00611529,"exit_reason":"exit_signal","initial_stop_loss_abs":130.96,"initial_stop_loss_ratio":-0.1,"stop_loss_abs":130.96,"stop_loss_ratio":-0.1,"min_rate":140.8,"max_rate":147.99,"is_open":false,"enter_tag":"","leverage":1.0,"is_short":false,"open_timestamp":1750783500000,"close_timestamp":1750963500000,"orders":[{"amount":7.09,"safe_price":145.5,"ft_order_side":"buy","order_filled_timestamp":1750783500000,"ft_is_entry":true,"ft_order_tag":"","cost":1032.1107975},{"amount":7.09,"safe_price":141.43,"ft_order_side":"sell","order_filled_timestamp":1750963500000,"ft_is_entry":false,"ft_order_tag":"exit_signal","cost":1003.2400693499999}],"funding_fees":-0.13264843906293672},{"pair":"ETH/USDT:USDT","stake_amount":1001.5663,"max_stake_amount":1001.5663,"amount":0.413,"open_date":"2025-06-26 18:45:00+00:00","close_date":"2025-06-26 20:45:00+00:00","open_rate":2425.1,"close_rate":2455.66,"fee_open":0.0005,"fee_close":0.0005,"trade_duration":120,"profit_ratio":0.01158944670998796,"profit_abs":11.61340306,"exit_reason":"exit_signal","initial_stop_loss_abs":2182.59,"initial_stop_loss_ratio":-0.1,"stop_loss_abs":2182.59,"stop_loss_ratio":-0.1,"min_rate":2419.64,"max_rate":2456.58,"is_open":false,"enter_tag":"","leverage":1.0,"is_short":false,"open_timestamp":1750963500000,"close_timestamp":1750970700000,"orders":[{"amount":0.413,"safe_price":2425.1,"ft_order_side":"buy","order_filled_timestamp":1750963500000,"ft_is_entry":true,"ft_order_tag":"","cost":1002.0670831499999},{"amount":0.413,"safe_price":2455.66,"ft_order_side":"sell","order_filled_timestamp":1750970700000,"ft_is_entry":false,"ft_order_tag":"exit_signal","cost":1014.6946737899999}],"funding_fees":0.0},{"pair":"SOL/USDT:USDT","stake_amount":1013.79,"max_stake_amount":1013.79,"amount":7.05,"open_date":"2025-06-26 20:45:00+00:00","close_date":"2025-06-26 21:30:00+00:00","open_rate":143.8,"close_rate":141.2,"fee_open":0.0005,"fee_close":0.0005,"trade_duration":45,"profit_ratio":-0.01906209621197746,"profit_abs":-19.334625,"exit_reason":"exit_signal","initial_stop_loss_abs":129.43,"initial_stop_loss_ratio":-0.1,"stop_loss_abs":129.43,"stop_loss_ratio":-0.1,"min_rate":139.2,"max_rate":143.89,"is_open":false,"enter_tag":"","leverage":1.0,"is_short":false,"open_timestamp":1750970700000,"close_timestamp":1750973400000,"orders":[{"amount":7.05,"safe_price":143.8,"ft_order_side":"buy","order_filled_timestamp":1750970700000,"ft_is_entry":true,"ft_order_tag":"","cost":1014.2968950000001},{"amount":7.05,"safe_price":141.2,"ft_order_side":"sell","order_filled_timestamp":1750973400000,"ft_is_entry":false,"ft_order_tag":"exit_signal","cost":995.9577299999999}],"funding_fees":0.0},{"pair":"ETH/USDT:USDT","stake_amount":994.5288,"max_stake_amount":994.5288,"amount":0.41,"open_date":"2025-06-26 21:30:00+00:00","close_date":"2025-06-27 07:15:00+00:00","open_rate":2425.68,"close_rate":2451.12,"fee_open":0.0005,"fee_close":0.0005,"trade_duration":585,"profit_ratio":0.009474026638371947,"profit_abs":9.42690344,"exit_reason":"exit_signal","initial_stop_loss_abs":2183.12,"initial_stop_loss_ratio":-0.1,"stop_loss_abs":2183.12,"stop_loss_ratio":-0.1,"min_rate":2377.0,"max_rate":2458.88,"is_open":false,"enter_tag":"","leverage":1.0,"is_short":false,"open_timestamp":1750973400000,"close_timestamp":1751008500000,"orders":[{"amount":0.41,"safe_price":2425.68,"ft_order_side":"buy","order_filled_timestamp":1750973400000,"ft_is_entry":true,"ft_order_tag":"","cost":995.0260643999998},{"amount":0.41,"safe_price":2451.12,"ft_order_side":"sell","order_filled_timestamp":1751008500000,"ft_is_entry":false,"ft_order_tag":"exit_signal","cost":1005.4616795999998}],"funding_fees":-0.003752559726999999},{"pair":"SUI/USDT:USDT","stake_amount":1004.80011,"max_stake_amount":1004.80011,"amount":379.7,"open_date":"2025-06-27 07:15:00+00:00","close_date":"2025-06-27 15:45:00+00:00","open_rate":2.6463,"close_rate":2.7272,"fee_open":0.0005,"fee_close":0.0005,"trade_duration":510,"profit_ratio":0.02960022687934201,"profit_abs":29.75718238,"exit_reason":"exit_signal","initial_stop_loss_abs":2.3817,"initial_stop_loss_ratio":-0.1,"stop_loss_abs":2.3817,"stop_loss_ratio":-0.1,"min_rate":2.6112,"max_rate":2.7456,"is_open":false,"enter_tag":"","leverage":1.0,"is_short":false,"open_timestamp":1751008500000,"close_timestamp":1751039100000,"orders":[{"amount":379.7,"safe_price":2.6463,"ft_order_side":"buy","order_filled_timestamp":1751008500000,"ft_is_entry":true,"ft_order_tag":"","cost":1005.302510055},{"amount":379.7,"safe_price":2.7272,"ft_order_side":"sell","order_filled_timestamp":1751039100000,"ft_is_entry":false,"ft_order_tag":"exit_signal","cost":1036.03559892}],"funding_fees":0.05961135212470032},{"pair":"SOL/USDT:USDT","stake_amount":1033.1209,"max_stake_amount":1033.1209,"amount":7.21,"open_date":"2025-06-27 15:45:00+00:00","close_date":"2025-06-27 18:00:00+00:00","open_rate":143.29,"close_rate":141.47,"fee_open":0.0005,"fee_close":0.0005,"trade_duration":135,"profit_ratio":-0.013705704148756792,"profit_abs":-14.16672923,"exit_reason":"exit_signal","initial_stop_loss_abs":128.97,"initial_stop_loss_ratio":-0.1,"stop_loss_abs":128.97,"stop_loss_ratio":-0.1,"min_rate":140.73,"max_rate":145.0,"is_open":false,"enter_tag":"","leverage":1.0,"is_short":false,"open_timestamp":1751039100000,"close_timestamp":1751047200000,"orders":[{"amount":7.21,"safe_price":143.29,"ft_order_side":"buy","order_filled_timestamp":1751039100000,"ft_is_entry":true,"ft_order_tag":"","cost":1033.63746045},{"amount":7.21,"safe_price":141.47,"ft_order_side":"sell","order_filled_timestamp":1751047200000,"ft_is_entry":false,"ft_order_tag":"exit_signal","cost":1020.5086993499999}],"funding_fees":-0.01796942532},{"pair":"ETH/USDT:USDT","stake_amount":1019.07976,"max_stake_amount":1019.07976,"amount":0.424,"open_date":"2025-06-27 18:00:00+00:00","close_date":"2025-06-29 09:45:00+00:00","open_rate":2403.49,"close_rate":2452.56,"fee_open":0.0005,"fee_close":0.0005,"trade_duration":2385,"profit_ratio":0.019112445003388615,"profit_abs":19.48684442,"exit_reason":"exit_signal","initial_stop_loss_abs":2163.15,"initial_stop_loss_ratio":-0.1,"stop_loss_abs":2163.15,"stop_loss_ratio":-0.1,"min_rate":2387.01,"max_rate":2457.91,"is_open":false,"enter_tag":"","leverage":1.0,"is_short":false,"open_timestamp":1751047200000,"close_timestamp":1751190300000,"orders":[{"amount":0.424,"safe_price":2403.49,"ft_order_side":"buy","order_filled_timestamp":1751047200000,"ft_is_entry":true,"ft_order_tag":"","cost":1019.5892998799998},{"amount":0.424,"safe_price":2452.56,"ft_order_side":"sell","order_filled_timestamp":1751190300000,"ft_is_entry":false,"ft_order_tag":"exit_signal","cost":1040.40538272}],"funding_fees":-0.2893529782630854},{"pair":"ETH/USDT:USDT","stake_amount":1039.23105,"max_stake_amount":1039.23105,"amount":0.429,"open_date":"2025-06-29 21:15:00+00:00","close_date":"2025-06-29 22:30:00+00:00","open_rate":2422.45,"close_rate":2478.0,"fee_open":0.0005,"fee_close":0.0005,"trade_duration":75,"profit_ratio":0.021908909737026066,"profit_abs":22.77980348,"exit_reason":"exit_signal","initial_stop_loss_abs":2180.21,"initial_stop_loss_ratio":-0.1,"stop_loss_abs":2180.21,"stop_loss_ratio":-0.1,"min_rate":2421.51,"max_rate":2494.28,"is_open":false,"enter_tag":"","leverage":1.0,"is_short":false,"open_timestamp":1751231700000,"close_timestamp":1751236200000,"orders":[{"amount":0.429,"safe_price":2422.45,"ft_order_side":"buy","order_filled_timestamp":1751231700000,"ft_is_entry":true,"ft_order_tag":"","cost":1039.7506655249997},{"amount":0.429,"safe_price":2478.0,"ft_order_side":"sell","order_filled_timestamp":1751236200000,"ft_is_entry":false,"ft_order_tag":"exit_signal","cost":1063.5935309999998}],"funding_fees":0.0}],"locks":[],"best_pair":{"key":"ETH/USDT:USDT","trades":8,"profit_mean":0.01010552159882937,"profit_mean_pct":1.01,"profit_sum":0.08084417279063497,"profit_sum_pct":8.08,"profit_total_abs":80.26326978,"profit_total":0.08026326978000001,"profit_total_pct":8.03,"duration_avg":"14:47:00","wins":7,"draws":0,"losses":1,"winrate":0.875,"cagr":0.845228547165219,"expectancy":10.0329087225,"expectancy_ratio":0.172829785442274,"sortino":-100,"sharpe":1.1786500225791934,"calmar":58.976428796386344,"sqn":0.9385,"profit_factor":2.382638283538191,"max_drawdown_account":0.056523230785394035,"max_drawdown_abs":58.05080818},"worst_pair":{"key":"SOL/USDT:USDT","trades":8,"profit_mean":-0.007439178680031331,"profit_mean_pct":-0.74,"profit_sum":-0.05951342944025065,"profit_sum_pct":-5.95,"profit_total_abs":-64.2500286,"profit_total":-0.0642500286,"profit_total_pct":-6.43,"duration_avg":"1 day, 1:58:00","wins":4,"draws":0,"losses":4,"winrate":0.5,"cagr":-0.4095821740900746,"expectancy":-8.031253575,"expectancy_ratio":-0.23256028426543596,"sortino":-1.1191856801293687,"sharpe":-0.8422406505275617,"calmar":-20.744951850905338,"sqn":-0.6707,"profit_factor":0.5348794314691281,"max_drawdown_account":0.1286321399484743,"max_drawdown_abs":138.13628755000002},"results_per_pair":[{"key":"ETH/USDT:USDT","trades":8,"profit_mean":0.01010552159882937,"profit_mean_pct":1.01,"profit_sum":0.08084417279063497,"profit_sum_pct":8.08,"profit_total_abs":80.26326978,"profit_total":0.08026326978000001,"profit_total_pct":8.03,"duration_avg":"14:47:00","wins":7,"draws":0,"losses":1,"winrate":0.875,"cagr":0.845228547165219,"expectancy":10.0329087225,"expectancy_ratio":0.172829785442274,"sortino":-100,"sharpe":1.1786500225791934,"calmar":58.976428796386344,"sqn":0.9385,"profit_factor":2.382638283538191,"max_drawdown_account":0.056523230785394035,"max_drawdown_abs":58.05080818},{"key":"SUI/USDT:USDT","trades":4,"profit_mean":0.014755670907222733,"profit_mean_pct":1.48,"profit_sum":0.05902268362889093,"profit_sum_pct":5.9,"profit_total_abs":56.93692788,"profit_total":0.05693692788,"profit_total_pct":5.69,"duration_avg":"4:30:00","wins":2,"draws":0,"losses":2,"winrate":0.5,"cagr":0.551758584670397,"expectancy":14.234231970000002,"expectancy_ratio":1.2840756363793955,"sortino":9.402904436818481,"sharpe":0.8987939303822385,"calmar":106.66187211787957,"sqn":0.9371,"profit_factor":3.568151272758791,"max_drawdown_account":0.02217039490000002,"max_drawdown_abs":22.170394899999998},{"key":"SOL/USDT:USDT","trades":8,"profit_mean":-0.007439178680031331,"profit_mean_pct":-0.74,"profit_sum":-0.05951342944025065,"profit_sum_pct":-5.95,"profit_total_abs":-64.2500286,"profit_total":-0.0642500286,"profit_total_pct":-6.43,"duration_avg":"1 day, 1:58:00","wins":4,"draws":0,"losses":4,"winrate":0.5,"cagr":-0.4095821740900746,"expectancy":-8.031253575,"expectancy_ratio":-0.23256028426543596,"sortino":-1.1191856801293687,"sharpe":-0.8422406505275617,"calmar":-20.744951850905338,"sqn":-0.6707,"profit_factor":0.5348794314691281,"max_drawdown_account":0.1286321399484743,"max_drawdown_abs":138.13628755000002},{"key":"TOTAL","trades":20,"profit_mean":0.004017671348963762,"profit_mean_pct":0.4,"profit_sum":0.08035342697927524,"profit_sum_pct":8.04,"profit_total_abs":72.95016906,"profit_total":0.07295016905999999,"profit_total_pct":7.3,"duration_avg":"17:12:00","wins":13,"draws":0,"losses":7,"winrate":0.65,"cagr":0.7484052488128619,"expectancy":3.647508453000002,"expectancy_ratio":0.11693008147938544,"sortino":1.2900333471148357,"sharpe":0.9813400770595386,"calmar":21.540521150856947,"sqn":0.515,"profit_factor":1.334085947083958,"max_drawdown_account":0.14065614060375892,"max_drawdown_abs":154.85002111}],"results_per_enter_tag":[{"key":"","trades":20,"profit_mean":0.004017671348963762,"profit_mean_pct":0.4,"profit_sum":0.08035342697927524,"profit_sum_pct":8.04,"profit_total_abs":72.95016906,"profit_total":0.07295016905999999,"profit_total_pct":7.3,"duration_avg":"17:12:00","wins":13,"draws":0,"losses":7,"winrate":0.65,"cagr":0.7484052488128619,"expectancy":3.647508453000002,"expectancy_ratio":0.11693008147938544,"sortino":1.2900333471148357,"sharpe":0.9813400770595386,"calmar":21.540521150856947,"sqn":0.515,"profit_factor":1.334085947083958,"max_drawdown_account":0.14065614060375892,"max_drawdown_abs":154.85002111},{"key":"TOTAL","trades":20,"profit_mean":0.004017671348963762,"profit_mean_pct":0.4,"profit_sum":0.08035342697927524,"profit_sum_pct":8.04,"profit_total_abs":72.95016906,"profit_total":0.07295016905999999,"profit_total_pct":7.3,"duration_avg":"17:12:00","wins":13,"draws":0,"losses":7,"winrate":0.65,"cagr":0.7484052488128619,"expectancy":3.647508453000002,"expectancy_ratio":0.11693008147938544,"sortino":1.2900333471148357,"sharpe":0.9813400770595386,"calmar":21.540521150856947,"sqn":0.515,"profit_factor":1.334085947083958,"max_drawdown_account":0.14065614060375892,"max_drawdown_abs":154.85002111}],"exit_reason_summary":[{"key":"exit_signal","trades":20,"profit_mean":0.004017671348963762,"profit_mean_pct":0.4,"profit_sum":0.08035342697927524,"profit_sum_pct":8.04,"profit_total_abs":72.95016906,"profit_total":0.07295016905999999,"profit_total_pct":7.3,"duration_avg":"17:12:00","wins":13,"draws":0,"losses":7,"winrate":0.65,"cagr":0.7484052488128619,"expectancy":3.647508453000002,"expectancy_ratio":0.11693008147938544,"sortino":1.2900333471148357,"sharpe":0.9813400770595386,"calmar":21.540521150856947,"sqn":0.515,"profit_factor":1.334085947083958,"max_drawdown_account":0.14065614060375892,"max_drawdown_abs":154.85002111},{"key":"TOTAL","trades":20,"profit_mean":0.004017671348963762,"profit_mean_pct":0.4,"profit_sum":0.08035342697927524,"profit_sum_pct":8.04,"profit_total_abs":72.95016906,"profit_total":0.07295016905999999,"profit_total_pct":7.3,"duration_avg":"17:12:00","wins":13,"draws":0,"losses":7,"winrate":0.65,"cagr":0.7484052488128619,"expectancy":3.647508453000002,"expectancy_ratio":0.11693008147938544,"sortino":1.2900333471148357,"sharpe":0.9813400770595386,"calmar":21.540521150856947,"sqn":0.515,"profit_factor":1.334085947083958,"max_drawdown_account":0.14065614060375892,"max_drawdown_abs":154.85002111}],"mix_tag_stats":[{"key":["","exit_signal"],"trades":20,"profit_mean":0.004017671348963762,"profit_mean_pct":0.4,"profit_sum":0.08035342697927524,"profit_sum_pct":8.04,"profit_total_abs":72.95016906,"profit_total":0.07295016905999999,"profit_total_pct":7.3,"duration_avg":"17:12:00","wins":13,"draws":0,"losses":7,"winrate":0.65,"cagr":0.7484052488128619,"expectancy":3.647508453000002,"expectancy_ratio":0.11693008147938544,"sortino":1.2900333471148357,"sharpe":0.9813400770595386,"calmar":21.540521150856947,"sqn":0.515,"profit_factor":1.334085947083958,"max_drawdown_account":0.14065614060375892,"max_drawdown_abs":154.85002111},{"key":"TOTAL","trades":20,"profit_mean":0.004017671348963762,"profit_mean_pct":0.4,"profit_sum":0.08035342697927524,"profit_sum_pct":8.04,"profit_total_abs":72.95016906,"profit_total":0.07295016905999999,"profit_total_pct":7.3,"duration_avg":"17:12:00","wins":13,"draws":0,"losses":7,"winrate":0.65,"cagr":0.7484052488128619,"expectancy":3.647508453000002,"expectancy_ratio":0.11693008147938544,"sortino":1.2900333471148357,"sharpe":0.9813400770595386,"calmar":21.540521150856947,"sqn":0.515,"profit_factor":1.334085947083958,"max_drawdown_account":0.14065614060375892,"max_drawdown_abs":154.85002111}],"left_open_trades":[{"key":"TOTAL","trades":0,"profit_mean":0.0,"profit_mean_pct":0.0,"profit_sum":0.0,"profit_sum_pct":0.0,"profit_total_abs":0.0,"profit_total":0.0,"profit_total_pct":0.0,"duration_avg":"0:00","wins":0,"draws":0,"losses":0,"winrate":0.0,"cagr":0.0,"expectancy":0.0,"expectancy_ratio":100.0,"sortino":0,"sharpe":0,"calmar":0,"sqn":0.0,"profit_factor":0.0,"max_drawdown_account":0.0,"max_drawdown_abs":0.0}],"total_trades":20,"trade_count_long":20,"trade_count_short":0,"total_volume":40590.652713765,"avg_stake_amount":1011.9115499999998,"profit_mean":0.004017671348963762,"profit_median":0.011874160371111544,"profit_total":0.07295016905999999,"profit_total_long":0.07295016905999999,"profit_total_short":0.0,"profit_total_abs":72.95016906,"profit_total_long_abs":72.95016906,"profit_total_short_abs":0.0,"cagr":0.7484052488128619,"expectancy":3.647508453000002,"expectancy_ratio":0.11693008147938544,"sortino":1.2900333471148357,"sharpe":0.9813400770595386,"calmar":21.540521150856947,"sqn":0.515,"profit_factor":1.334085947083958,"backtest_start":"2025-05-16 00:00:00","backtest_start_ts":1747353600000,"backtest_end":"2025-07-01 12:45:00","backtest_end_ts":1751373900000,"backtest_days":46,"backtest_run_start_ts":1751377608,"backtest_run_end_ts":1751377608,"trades_per_day":0.43,"market_change":-0.1620128748369255,"pairlist":["SOL/USDT:USDT","ETH/USDT:USDT","SUI/USDT:USDT"],"stake_amount":"unlimited","stake_currency":"USDT","stake_currency_decimals":3,"starting_balance":1000,"dry_run_wallet":1000,"final_balance":1072.95016906,"rejected_signals":310,"timedout_entry_orders":0,"timedout_exit_orders":0,"canceled_trade_entries":0,"canceled_entry_orders":0,"replaced_entry_orders":0,"max_open_trades":1,"max_open_trades_setting":1,"timeframe":"15m","timeframe_detail":"","timerange":"","enable_protections":false,"strategy_name":"SimpleGrid","stoploss":-0.1,"trailing_stop":false,"trailing_stop_positive":null,"trailing_stop_positive_offset":0.0,"trailing_only_offset_is_reached":false,"use_custom_stoploss":false,"minimal_roi":{},"use_exit_signal":true,"exit_profit_only":false,"exit_profit_offset":0.0,"ignore_roi_if_entry_signal":false,"trading_mode":"futures","margin_mode":"isolated","periodic_breakdown":{"day":[{"date":"18/05/2025","date_ts":1747526400000,"profit_abs":18.24831986,"wins":1,"draws":0,"losses":0,"trades":1,"profit_factor":0.0},{"date":"19/05/2025","date_ts":1747612800000,"profit_abs":8.7773362,"wins":1,"draws":0,"losses":0,"trades":1,"profit_factor":0.0},{"date":"20/05/2025","date_ts":1747699200000,"profit_abs":0.0,"wins":0,"draws":0,"losses":0,"trades":0,"profit_factor":0.0},{"date":"21/05/2025","date_ts":1747785600000,"profit_abs":0.0,"wins":0,"draws":0,"losses":0,"trades":0,"profit_factor":0.0},{"date":"22/05/2025","date_ts":1747872000000,"profit_abs":0.0,"wins":0,"draws":0,"losses":0,"trades":0,"profit_factor":0.0},{"date":"23/05/2025","date_ts":1747958400000,"profit_abs":0.0,"wins":0,"draws":0,"losses":0,"trades":0,"profit_factor":0.0},{"date":"24/05/2025","date_ts":1748044800000,"profit_abs":0.0,"wins":0,"draws":0,"losses":0,"trades":0,"profit_factor":0.0},{"date":"25/05/2025","date_ts":1748131200000,"profit_abs":0.0,"wins":0,"draws":0,"losses":0,"trades":0,"profit_factor":0.0},{"date":"26/05/2025","date_ts":1748217600000,"profit_abs":0.0,"wins":0,"draws":0,"losses":0,"trades":0,"profit_factor":0.0},{"date":"27/05/2025","date_ts":1748304000000,"profit_abs":0.0,"wins":0,"draws":0,"losses":0,"trades":0,"profit_factor":0.0},{"date":"28/05/2025","date_ts":1748390400000,"profit_abs":0.0,"wins":0,"draws":0,"losses":0,"trades":0,"profit_factor":0.0},{"date":"29/05/2025","date_ts":1748476800000,"profit_abs":0.0,"wins":0,"draws":0,"losses":0,"trades":0,"profit_factor":0.0},{"date":"30/05/2025","date_ts":1748563200000,"profit_abs":0.0,"wins":0,"draws":0,"losses":0,"trades":0,"profit_factor":0.0},{"date":"31/05/2025","date_ts":1748649600000,"profit_abs":0.0,"wins":0,"draws":0,"losses":0,"trades":0,"profit_factor":0.0},{"date":"01/06/2025","date_ts":1748736000000,"profit_abs":0.0,"wins":0,"draws":0,"losses":0,"trades":0,"profit_factor":0.0},{"date":"02/06/2025","date_ts":1748822400000,"profit_abs":0.0,"wins":0,"draws":0,"losses":0,"trades":0,"profit_factor":0.0},{"date":"03/06/2025","date_ts":1748908800000,"profit_abs":0.0,"wins":0,"draws":0,"losses":0,"trades":0,"profit_factor":0.0},{"date":"04/06/2025","date_ts":1748995200000,"profit_abs":0.0,"wins":0,"draws":0,"losses":0,"trades":0,"profit_factor":0.0},{"date":"05/06/2025","date_ts":1749081600000,"profit_abs":0.0,"wins":0,"draws":0,"losses":0,"trades":0,"profit_factor":0.0},{"date":"06/06/2025","date_ts":1749168000000,"profit_abs":20.83826657,"wins":1,"draws":0,"losses":0,"trades":1,"profit_factor":0.0},{"date":"07/06/2025","date_ts":1749254400000,"profit_abs":12.9665184,"wins":1,"draws":0,"losses":0,"trades":1,"profit_factor":0.0},{"date":"08/06/2025","date_ts":1749340800000,"profit_abs":0.0,"wins":0,"draws":0,"losses":0,"trades":0,"profit_factor":0.0},{"date":"09/06/2025","date_ts":1749427200000,"profit_abs":0.0,"wins":0,"draws":0,"losses":0,"trades":0,"profit_factor":0.0},{"date":"10/06/2025","date_ts":1749513600000,"profit_abs":0.0,"wins":0,"draws":0,"losses":0,"trades":0,"profit_factor":0.0},{"date":"11/06/2025","date_ts":1749600000000,"profit_abs":0.0,"wins":0,"draws":0,"losses":0,"trades":0,"profit_factor":0.0},{"date":"12/06/2025","date_ts":1749686400000,"profit_abs":0.0,"wins":0,"draws":0,"losses":0,"trades":0,"profit_factor":0.0},{"date":"13/06/2025","date_ts":1749772800000,"profit_abs":0.0,"wins":0,"draws":0,"losses":0,"trades":0,"profit_factor":0.0},{"date":"14/06/2025","date_ts":1749859200000,"profit_abs":0.0,"wins":0,"draws":0,"losses":0,"trades":0,"profit_factor":0.0},{"date":"15/06/2025","date_ts":1749945600000,"profit_abs":26.98730054,"wins":1,"draws":0,"losses":0,"trades":1,"profit_factor":0.0},{"date":"16/06/2025","date_ts":1750032000000,"profit_abs":0.0,"wins":0,"draws":0,"losses":0,"trades":0,"profit_factor":0.0},{"date":"17/06/2025","date_ts":1750118400000,"profit_abs":13.09417344,"wins":1,"draws":0,"losses":0,"trades":1,"profit_factor":0.0},{"date":"18/06/2025","date_ts":1750204800000,"profit_abs":0.0,"wins":0,"draws":0,"losses":0,"trades":0,"profit_factor":0.0},{"date":"19/06/2025","date_ts":1750291200000,"profit_abs":0.0,"wins":0,"draws":0,"losses":0,"trades":0,"profit_factor":0.0},{"date":"20/06/2025","date_ts":1750377600000,"profit_abs":-74.62881803,"wins":0,"draws":0,"losses":1,"trades":1,"profit_factor":0.0},{"date":"21/06/2025","date_ts":1750464000000,"profit_abs":-58.05080818,"wins":0,"draws":0,"losses":1,"trades":1,"profit_factor":0.0},{"date":"22/06/2025","date_ts":1750550400000,"profit_abs":-22.1703949,"wins":0,"draws":0,"losses":2,"trades":2,"profit_factor":0.0},{"date":"23/06/2025","date_ts":1750636800000,"profit_abs":49.3501404,"wins":1,"draws":0,"losses":0,"trades":1,"profit_factor":0.0},{"date":"24/06/2025","date_ts":1750723200000,"profit_abs":47.9814675,"wins":1,"draws":0,"losses":0,"trades":1,"profit_factor":0.0},{"date":"25/06/2025","date_ts":1750809600000,"profit_abs":0.0,"wins":0,"draws":0,"losses":0,"trades":0,"profit_factor":0.0},{"date":"26/06/2025","date_ts":1750896000000,"profit_abs":-37.72733723,"wins":1,"draws":0,"losses":2,"trades":3,"profit_factor":0.23537148},{"date":"27/06/2025","date_ts":1750982400000,"profit_abs":25.01735659,"wins":2,"draws":0,"losses":1,"trades":3,"profit_factor":2.76592325},{"date":"28/06/2025","date_ts":1751068800000,"profit_abs":0.0,"wins":0,"draws":0,"losses":0,"trades":0,"profit_factor":0.0},{"date":"29/06/2025","date_ts":1751155200000,"profit_abs":42.2666479,"wins":2,"draws":0,"losses":0,"trades":2,"profit_factor":0.0}],"week":[{"date":"19/05/2025","date_ts":1747612800000,"profit_abs":27.02565606,"wins":2,"draws":0,"losses":0,"trades":2,"profit_factor":0.0},{"date":"26/05/2025","date_ts":1748217600000,"profit_abs":0.0,"wins":0,"draws":0,"losses":0,"trades":0,"profit_factor":0.0},{"date":"02/06/2025","date_ts":1748822400000,"profit_abs":0.0,"wins":0,"draws":0,"losses":0,"trades":0,"profit_factor":0.0},{"date":"09/06/2025","date_ts":1749427200000,"profit_abs":33.80478497,"wins":2,"draws":0,"losses":0,"trades":2,"profit_factor":0.0},{"date":"16/06/2025","date_ts":1750032000000,"profit_abs":26.98730054,"wins":1,"draws":0,"losses":0,"trades":1,"profit_factor":0.0},{"date":"23/06/2025","date_ts":1750636800000,"profit_abs":-92.40570727,"wins":2,"draws":0,"losses":4,"trades":6,"profit_factor":0.40325673},{"date":"30/06/2025","date_ts":1751241600000,"profit_abs":77.53813476,"wins":6,"draws":0,"losses":3,"trades":9,"profit_factor":2.22092937}],"month":[{"date":"31/05/2025","date_ts":1748649600000,"profit_abs":27.02565606,"wins":2,"draws":0,"losses":0,"trades":2,"profit_factor":0.0},{"date":"30/06/2025","date_ts":1751241600000,"profit_abs":45.924513,"wins":11,"draws":0,"losses":7,"trades":18,"profit_factor":1.21031801}],"year":[{"date":"31/12/2025","date_ts":1767139200000,"profit_abs":72.95016906,"wins":13,"draws":0,"losses":7,"trades":20,"profit_factor":1.33408595}]},"backtest_best_day":0.0526698161055524,"backtest_worst_day":-0.06852374467765888,"backtest_best_day_abs":49.3501404,"backtest_worst_day_abs":-74.62881803,"winning_days":10,"draw_days":29,"losing_days":4,"daily_profit":[["2025-05-18",18.24831986],["2025-05-19",8.7773362],["2025-05-20",0.0],["2025-05-21",0.0],["2025-05-22",0.0],["2025-05-23",0.0],["2025-05-24",0.0],["2025-05-25",0.0],["2025-05-26",0.0],["2025-05-27",0.0],["2025-05-28",0.0],["2025-05-29",0.0],["2025-05-30",0.0],["2025-05-31",0.0],["2025-06-01",0.0],["2025-06-02",0.0],["2025-06-03",0.0],["2025-06-04",0.0],["2025-06-05",0.0],["2025-06-06",20.83826657],["2025-06-07",12.9665184],["2025-06-08",0.0],["2025-06-09",0.0],["2025-06-10",0.0],["2025-06-11",0.0],["2025-06-12",0.0],["2025-06-13",0.0],["2025-06-14",0.0],["2025-06-15",26.98730054],["2025-06-16",0.0],["2025-06-17",13.09417344],["2025-06-18",0.0],["2025-06-19",0.0],["2025-06-20",-74.62881803],["2025-06-21",-58.05080818],["2025-06-22",-22.1703949],["2025-06-23",49.3501404],["2025-06-24",47.9814675],["2025-06-25",0.0],["2025-06-26",-37.72733723],["2025-06-27",25.01735659],["2025-06-28",0.0],["2025-06-29",42.2666479]],"wins":13,"losses":7,"draws":0,"winrate":0.65,"holding_avg":"17:12:00","holding_avg_s":61920.0,"winner_holding_min":"0d 01:15","winner_holding_min_s":4500.0,"winner_holding_max":"2d 14:45","winner_holding_max_s":225900.0,"winner_holding_avg":"0d 14:22","winner_holding_avg_s":51720.0,"loser_holding_min":"0d 00:45","loser_holding_min_s":2700.0,"loser_holding_max":"2d 20:15","loser_holding_max_s":245700.0,"loser_holding_avg":"0d 22:28","loser_holding_avg_s":80880.0,"max_consecutive_wins":6,"max_consecutive_losses":4,"max_drawdown_account":0.14065614060375892,"max_relative_drawdown":0.14065614060375892,"max_drawdown_abs":154.85002111,"drawdown_start":"2025-06-17 19:30:00","drawdown_start_ts":1750188600000.0,"drawdown_end":"2025-06-22 09:45:00","drawdown_end_ts":1750585500000.0,"max_drawdown_low":-53.9381061,"max_drawdown_high":100.91191501,"csum_min":946.0618939,"csum_max":1100.91191501}},"strategy_comparison":[{"key":"SimpleGrid","trades":20,"profit_mean":0.004017671348963762,"profit_mean_pct":0.4,"profit_sum":0.08035342697927524,"profit_sum_pct":8.04,"profit_total_abs":72.95016906,"profit_total":0.07295016905999999,"profit_total_pct":7.3,"duration_avg":"17:12:00","wins":13,"draws":0,"losses":7,"winrate":0.65,"cagr":0.7484052488128619,"expectancy":3.647508453000002,"expectancy_ratio":0.11693008147938544,"sortino":1.2900333471148357,"sharpe":0.9813400770595386,"calmar":21.540521150856947,"sqn":0.515,"profit_factor":1.334085947083958,"max_drawdown_account":0.14065614060375892,"max_drawdown_abs":"154.85"}]}