{"strategy":{"GridBotSample":{"trades":[{"pair":"ETH/USDT:USDT","stake_amount":329.90232,"max_stake_amount":329.90232,"amount":0.132,"open_date":"2025-05-17 00:30:00+00:00","close_date":"2025-05-18 04:30:00+00:00","open_rate":2499.26,"close_rate":2481.15,"fee_open":0.0005,"fee_close":0.0005,"trade_duration":1680,"profit_ratio":-0.008295868325195625,"profit_abs":-2.73819462,"exit_reason":"exit_signal","initial_stop_loss_abs":2249.34,"initial_stop_loss_ratio":-0.1,"stop_loss_abs":2249.34,"stop_loss_ratio":-0.1,"min_rate":2442.65,"max_rate":2512.33,"is_open":false,"enter_tag":"","leverage":1.0,"is_short":false,"open_timestamp":1747441800000,"close_timestamp":1747542600000,"orders":[{"amount":0.132,"safe_price":2499.26,"ft_order_side":"buy","order_filled_timestamp":1747441800000,"ft_is_entry":true,"ft_order_tag":"","cost":330.06727116},{"amount":0.132,"safe_price":2481.15,"ft_order_side":"sell","order_filled_timestamp":1747542600000,"ft_is_entry":false,"ft_order_tag":"exit_signal","cost":327.6755559}],"funding_fees":-0.018967562114686816},{"pair":"ETH/USDT:USDT","stake_amount":328.27872,"max_stake_amount":328.27872,"amount":0.132,"open_date":"2025-05-18 04:45:00+00:00","close_date":"2025-05-18 20:00:00+00:00","open_rate":2486.96,"close_rate":2406.78,"fee_open":0.0005,"fee_close":0.0005,"trade_duration":915,"profit_ratio":-0.0332582650184123,"profit_abs":-10.92343966,"exit_reason":"exit_signal","initial_stop_loss_abs":2238.27,"initial_stop_loss_ratio":-0.1,"stop_loss_abs":2238.27,"stop_loss_ratio":-0.1,"min_rate":2312.62,"max_rate":2587.52,"is_open":false,"enter_tag":"","leverage":1.0,"is_short":false,"open_timestamp":1747543500000,"close_timestamp":1747598400000,"orders":[{"amount":0.132,"safe_price":2486.96,"ft_order_side":"buy","order_filled_timestamp":1747543500000,"ft_is_entry":true,"ft_order_tag":"","cost":328.44285936},{"amount":0.132,"safe_price":2406.78,"ft_order_side":"sell","order_filled_timestamp":1747598400000,"ft_is_entry":false,"ft_order_tag":"exit_signal","cost":317.85380748}],"funding_fees":-0.016692816592667043},{"pair":"ETH/USDT:USDT","stake_amount":323.47861,"max_stake_amount":323.47861,"amount":0.133,"open_date":"2025-05-19 13:45:00+00:00","close_date":"2025-05-22 03:45:00+00:00","open_rate":2432.17,"close_rate":2634.82,"fee_open":0.0005,"fee_close":0.0005,"trade_duration":3720,"profit_ratio":0.08182421986896206,"profit_abs":26.4816191,"exit_reason":"exit_signal","initial_stop_loss_abs":2188.96,"initial_stop_loss_ratio":-0.1,"stop_loss_abs":2188.96,"stop_loss_ratio":-0.1,"min_rate":2416.4,"max_rate":2647.25,"is_open":false,"enter_tag":"","leverage":1.0,"is_short":false,"open_timestamp":1747662300000,"close_timestamp":1747885500000,"orders":[{"amount":0.133,"safe_price":2432.17,"ft_order_side":"buy","order_filled_timestamp":1747662300000,"ft_is_entry":true,"ft_order_tag":"","cost":323.640349305},{"amount":0.133,"safe_price":2634.82,"ft_order_side":"sell","order_filled_timestamp":1747885500000,"ft_is_entry":false,"ft_order_tag":"exit_signal","cost":350.60627553000006}],"funding_fees":-0.1338760659079377},{"pair":"ETH/USDT:USDT","stake_amount":331.84272,"max_stake_amount":331.84272,"amount":0.132,"open_date":"2025-05-23 23:45:00+00:00","close_date":"2025-05-24 18:15:00+00:00","open_rate":2513.96,"close_rate":2561.57,"fee_open":0.0005,"fee_close":0.0005,"trade_duration":1110,"profit_ratio":0.017757117272159905,"profit_abs":5.89551638,"exit_reason":"exit_signal","initial_stop_loss_abs":2262.57,"initial_stop_loss_ratio":-0.1,"stop_loss_abs":2262.57,"stop_loss_ratio":-0.1,"min_rate":2505.01,"max_rate":2574.5,"is_open":false,"enter_tag":"","leverage":1.0,"is_short":false,"open_timestamp":1748043900000,"close_timestamp":1748110500000,"orders":[{"amount":0.132,"safe_price":2513.96,"ft_order_side":"buy","order_filled_timestamp":1748043900000,"ft_is_entry":true,"ft_order_tag":"","cost":332.00864136},{"amount":0.132,"safe_price":2561.57,"ft_order_side":"sell","order_filled_timestamp":1748110500000,"ft_is_entry":false,"ft_order_tag":"exit_signal","cost":338.29630362}],"funding_fees":-0.05401863559288796},{"pair":"ETH/USDT:USDT","stake_amount":335.7319,"max_stake_amount":335.7319,"amount":0.133,"open_date":"2025-05-24 23:00:00+00:00","close_date":"2025-05-25 19:00:00+00:00","open_rate":2524.3,"close_rate":2514.89,"fee_open":0.0005,"fee_close":0.0005,"trade_duration":1200,"profit_ratio":-0.00490542279879192,"profit_abs":-1.64773037,"exit_reason":"exit_signal","initial_stop_loss_abs":2271.88,"initial_stop_loss_ratio":-0.1,"stop_loss_abs":2271.88,"stop_loss_ratio":-0.1,"min_rate":2457.6,"max_rate":2538.38,"is_open":false,"enter_tag":"","leverage":1.0,"is_short":false,"open_timestamp":1748127600000,"close_timestamp":1748199600000,"orders":[{"amount":0.133,"safe_price":2524.3,"ft_order_side":"buy","order_filled_timestamp":1748127600000,"ft_is_entry":true,"ft_order_tag":"","cost":335.89976595},{"amount":0.133,"safe_price":2514.89,"ft_order_side":"sell","order_filled_timestamp":1748199600000,"ft_is_entry":false,"ft_order_tag":"exit_signal","cost":334.64761018499996}],"funding_fees":-0.0610942368918},{"pair":"ETH/USDT:USDT","stake_amount":335.1999,"max_stake_amount":335.1999,"amount":0.133,"open_date":"2025-05-25 19:30:00+00:00","close_date":"2025-05-25 21:00:00+00:00","open_rate":2520.3,"close_rate":2522.66,"fee_open":0.0005,"fee_close":0.0005,"trade_duration":90,"profit_ratio":-6.403971763275208e-05,"profit_abs":-0.02147684,"exit_reason":"exit_signal","initial_stop_loss_abs":2268.28,"initial_stop_loss_ratio":-0.1,"stop_loss_abs":2268.28,"stop_loss_ratio":-0.1,"min_rate":2509.69,"max_rate":2537.0,"is_open":false,"enter_tag":"","leverage":1.0,"is_short":false,"open_timestamp":1748201400000,"close_timestamp":1748206800000,"orders":[{"amount":0.133,"safe_price":2520.3,"ft_order_side":"buy","order_filled_timestamp":1748201400000,"ft_is_entry":true,"ft_order_tag":"","cost":335.36749994999997},{"amount":0.133,"safe_price":2522.66,"ft_order_side":"sell","order_filled_timestamp":1748206800000,"ft_is_entry":false,"ft_order_tag":"exit_signal","cost":335.68153688999996}],"funding_fees":0.0},{"pair":"ETH/USDT:USDT","stake_amount":335.21719,"max_stake_amount":335.21719,"amount":0.133,"open_date":"2025-05-25 21:30:00+00:00","close_date":"2025-05-27 08:30:00+00:00","open_rate":2520.43,"close_rate":2637.32,"fee_open":0.0005,"fee_close":0.0005,"trade_duration":2100,"profit_ratio":0.045052745274380676,"profit_abs":15.1100059,"exit_reason":"exit_signal","initial_stop_loss_abs":2268.39,"initial_stop_loss_ratio":-0.1,"stop_loss_abs":2268.39,"stop_loss_ratio":-0.1,"min_rate":2506.08,"max_rate":2643.44,"is_open":false,"enter_tag":"","leverage":1.0,"is_short":false,"open_timestamp":1748208600000,"close_timestamp":1748334600000,"orders":[{"amount":0.133,"safe_price":2520.43,"ft_order_side":"buy","order_filled_timestamp":1748208600000,"ft_is_entry":true,"ft_order_tag":"","cost":335.384798595},{"amount":0.133,"safe_price":2637.32,"ft_order_side":"sell","order_filled_timestamp":1748334600000,"ft_is_entry":false,"ft_order_tag":"exit_signal","cost":350.93894178}],"funding_fees":-0.09337372328036676},{"pair":"ETH/USDT:USDT","stake_amount":338.15838,"max_stake_amount":338.15838,"amount":0.134,"open_date":"2025-05-30 22:45:00+00:00","close_date":"2025-05-31 12:00:00+00:00","open_rate":2523.57,"close_rate":2518.6,"fee_open":0.0005,"fee_close":0.0005,"trade_duration":795,"profit_ratio":-0.0030813079804277764,"profit_abs":-1.0424911,"exit_reason":"exit_signal","initial_stop_loss_abs":2271.22,"initial_stop_loss_ratio":-0.1,"stop_loss_abs":2271.22,"stop_loss_ratio":-0.1,"min_rate":2474.0,"max_rate":2543.45,"is_open":false,"enter_tag":"","leverage":1.0,"is_short":false,"open_timestamp":1748645100000,"close_timestamp":1748692800000,"orders":[{"amount":0.134,"safe_price":2523.57,"ft_order_side":"buy","order_filled_timestamp":1748645100000,"ft_is_entry":true,"ft_order_tag":"","cost":338.32745919},{"amount":0.134,"safe_price":2518.6,"ft_order_side":"sell","order_filled_timestamp":1748692800000,"ft_is_entry":false,"ft_order_tag":"exit_signal","cost":337.6611462}],"funding_fees":-0.038685714326192715},{"pair":"ETH/USDT:USDT","stake_amount":338.35268,"max_stake_amount":338.35268,"amount":0.134,"open_date":"2025-05-31 12:30:00+00:00","close_date":"2025-05-31 19:00:00+00:00","open_rate":2525.02,"close_rate":2538.82,"fee_open":0.0005,"fee_close":0.0005,"trade_duration":390,"profit_ratio":0.004432855344184421,"profit_abs":1.50061842,"exit_reason":"exit_signal","initial_stop_loss_abs":2272.52,"initial_stop_loss_ratio":-0.1,"stop_loss_abs":2272.52,"stop_loss_ratio":-0.1,"min_rate":2521.05,"max_rate":2550.0,"is_open":false,"enter_tag":"","leverage":1.0,"is_short":false,"open_timestamp":1748694600000,"close_timestamp":1748718000000,"orders":[{"amount":0.134,"safe_price":2525.02,"ft_order_side":"buy","order_filled_timestamp":1748694600000,"ft_is_entry":true,"ft_order_tag":"","cost":338.52185634},{"amount":0.134,"safe_price":2538.82,"ft_order_side":"sell","order_filled_timestamp":1748718000000,"ft_is_entry":false,"ft_order_tag":"exit_signal","cost":340.37198094}],"funding_fees":-0.009304303993668803},{"pair":"ETH/USDT:USDT","stake_amount":340.1622,"max_stake_amount":340.1622,"amount":0.135,"open_date":"2025-06-01 00:15:00+00:00","close_date":"2025-06-01 05:45:00+00:00","open_rate":2519.72,"close_rate":2515.81,"fee_open":0.0005,"fee_close":0.0005,"trade_duration":330,"profit_ratio":-0.0025497089702902122,"profit_abs":-0.86774827,"exit_reason":"exit_signal","initial_stop_loss_abs":2267.75,"initial_stop_loss_ratio":-0.1,"stop_loss_abs":2267.75,"stop_loss_ratio":-0.1,"min_rate":2488.52,"max_rate":2529.67,"is_open":false,"enter_tag":"","leverage":1.0,"is_short":false,"open_timestamp":1748736900000,"close_timestamp":1748756700000,"orders":[{"amount":0.135,"safe_price":2519.72,"ft_order_side":"buy","order_filled_timestamp":1748736900000,"ft_is_entry":true,"ft_order_tag":"","cost":340.3322811},{"amount":0.135,"safe_price":2515.81,"ft_order_side":"sell","order_filled_timestamp":1748756700000,"ft_is_entry":false,"ft_order_tag":"exit_signal","cost":339.80416717500003}],"funding_fees":0.0},{"pair":"ETH/USDT:USDT","stake_amount":339.8571,"max_stake_amount":339.8571,"amount":0.135,"open_date":"2025-06-01 06:00:00+00:00","close_date":"2025-06-03 01:45:00+00:00","open_rate":2517.46,"close_rate":2636.84,"fee_open":0.0005,"fee_close":0.0005,"trade_duration":2625,"profit_ratio":0.046110916025884255,"profit_abs":15.67895776,"exit_reason":"exit_signal","initial_stop_loss_abs":2265.72,"initial_stop_loss_ratio":-0.1,"stop_loss_abs":2265.72,"stop_loss_ratio":-0.1,"min_rate":2465.0,"max_rate":2649.0,"is_open":false,"enter_tag":"","leverage":1.0,"is_short":false,"open_timestamp":1748757600000,"close_timestamp":1748915100000,"orders":[{"amount":0.135,"safe_price":2517.46,"ft_order_side":"buy","order_filled_timestamp":1748757600000,"ft_is_entry":true,"ft_order_tag":"","cost":340.02702855},{"amount":0.135,"safe_price":2636.84,"ft_order_side":"sell","order_filled_timestamp":1748915100000,"ft_is_entry":false,"ft_order_tag":"exit_signal","cost":356.1513867}],"funding_fees":-0.08942698555263923},{"pair":"ETH/USDT:USDT","stake_amount":343.26309,"max_stake_amount":343.26309,"amount":0.137,"open_date":"2025-06-05 20:15:00+00:00","close_date":"2025-06-05 20:45:00+00:00","open_rate":2505.57,"close_rate":2417.7,"fee_open":0.0005,"fee_close":0.0005,"trade_duration":30,"profit_ratio":-0.03603431223938857,"profit_abs":-12.37543399,"exit_reason":"exit_signal","initial_stop_loss_abs":2255.02,"initial_stop_loss_ratio":-0.1,"stop_loss_abs":2255.02,"stop_loss_ratio":-0.1,"min_rate":2392.32,"max_rate":2506.53,"is_open":false,"enter_tag":"","leverage":1.0,"is_short":false,"open_timestamp":1749154500000,"close_timestamp":1749156300000,"orders":[{"amount":0.137,"safe_price":2505.57,"ft_order_side":"buy","order_filled_timestamp":1749154500000,"ft_is_entry":true,"ft_order_tag":"","cost":343.434721545},{"amount":0.137,"safe_price":2417.7,"ft_order_side":"sell","order_filled_timestamp":1749156300000,"ft_is_entry":false,"ft_order_tag":"exit_signal","cost":331.39051244999996}],"funding_fees":0.0},{"pair":"ETH/USDT:USDT","stake_amount":341.45829,"max_stake_amount":341.45829,"amount":0.141,"open_date":"2025-06-06 01:30:00+00:00","close_date":"2025-06-06 01:45:00+00:00","open_rate":2421.69,"close_rate":2418.63,"fee_open":0.0005,"fee_close":0.0005,"trade_duration":15,"profit_ratio":-0.0022618176931627596,"profit_abs":-0.77270256,"exit_reason":"exit_signal","initial_stop_loss_abs":2179.53,"initial_stop_loss_ratio":-0.1,"stop_loss_abs":2179.53,"stop_loss_ratio":-0.1,"min_rate":2415.47,"max_rate":2427.89,"is_open":false,"enter_tag":"","leverage":1.0,"is_short":false,"open_timestamp":1749173400000,"close_timestamp":1749174300000,"orders":[{"amount":0.141,"safe_price":2421.69,"ft_order_side":"buy","order_filled_timestamp":1749173400000,"ft_is_entry":true,"ft_order_tag":"","cost":341.629019145},{"amount":0.141,"safe_price":2418.63,"ft_order_side":"sell","order_filled_timestamp":1749174300000,"ft_is_entry":false,"ft_order_tag":"exit_signal","cost":341.1973434149999}],"funding_fees":0.0},{"pair":"ETH/USDT:USDT","stake_amount":340.83,"max_stake_amount":340.83,"amount":0.14,"open_date":"2025-06-06 03:00:00+00:00","close_date":"2025-06-07 08:45:00+00:00","open_rate":2434.5,"close_rate":2485.35,"fee_open":0.0005,"fee_close":0.0005,"trade_duration":1785,"profit_ratio":0.019668409025250015,"profit_abs":6.70693564,"exit_reason":"exit_signal","initial_stop_loss_abs":2191.05,"initial_stop_loss_ratio":-0.1,"stop_loss_abs":2191.05,"stop_loss_ratio":-0.1,"min_rate":2427.12,"max_rate":2529.67,"is_open":false,"enter_tag":"","leverage":1.0,"is_short":false,"open_timestamp":1749178800000,"close_timestamp":1749285900000,"orders":[{"amount":0.14,"safe_price":2434.5,"ft_order_side":"buy","order_filled_timestamp":1749178800000,"ft_is_entry":true,"ft_order_tag":"","cost":341.00041500000003},{"amount":0.14,"safe_price":2485.35,"ft_order_side":"sell","order_filled_timestamp":1749285900000,"ft_is_entry":false,"ft_order_tag":"exit_signal","cost":348.1229745}],"funding_fees":-0.0676748583296006},{"pair":"ETH/USDT:USDT","stake_amount":342.60294,"max_stake_amount":342.60294,"amount":0.138,"open_date":"2025-06-07 09:00:00+00:00","close_date":"2025-06-07 10:00:00+00:00","open_rate":2482.63,"close_rate":2485.01,"fee_open":0.0005,"fee_close":0.0005,"trade_duration":60,"profit_ratio":-4.179765649413283e-05,"profit_abs":-0.01432716,"exit_reason":"exit_signal","initial_stop_loss_abs":2234.37,"initial_stop_loss_ratio":-0.1,"stop_loss_abs":2234.37,"stop_loss_ratio":-0.1,"min_rate":2481.91,"max_rate":2489.36,"is_open":false,"enter_tag":"","leverage":1.0,"is_short":false,"open_timestamp":1749286800000,"close_timestamp":1749290400000,"orders":[{"amount":0.138,"safe_price":2482.63,"ft_order_side":"buy","order_filled_timestamp":1749286800000,"ft_is_entry":true,"ft_order_tag":"","cost":342.77424147000005},{"amount":0.138,"safe_price":2485.01,"ft_order_side":"sell","order_filled_timestamp":1749290400000,"ft_is_entry":false,"ft_order_tag":"exit_signal","cost":343.10284569000004}],"funding_fees":0.0},{"pair":"ETH/USDT:USDT","stake_amount":343.42128,"max_stake_amount":343.42128,"amount":0.138,"open_date":"2025-06-07 10:15:00+00:00","close_date":"2025-06-07 20:00:00+00:00","open_rate":2488.56,"close_rate":2515.78,"fee_open":0.0005,"fee_close":0.0005,"trade_duration":585,"profit_ratio":0.009859303892346714,"profit_abs":3.38758771,"exit_reason":"exit_signal","initial_stop_loss_abs":2239.71,"initial_stop_loss_ratio":-0.1,"stop_loss_abs":2239.71,"stop_loss_ratio":-0.1,"min_rate":2487.11,"max_rate":2524.9,"is_open":false,"enter_tag":"","leverage":1.0,"is_short":false,"open_timestamp":1749291300000,"close_timestamp":1749326400000,"orders":[{"amount":0.138,"safe_price":2488.56,"ft_order_side":"buy","order_filled_timestamp":1749291300000,"ft_is_entry":true,"ft_order_tag":"","cost":343.59299064},{"amount":0.138,"safe_price":2515.78,"ft_order_side":"sell","order_filled_timestamp":1749326400000,"ft_is_entry":false,"ft_order_tag":"exit_signal","cost":347.35122882}],"funding_fees":-0.02347282624486334},{"pair":"ETH/USDT:USDT","stake_amount":343.23,"max_stake_amount":343.23,"amount":0.136,"open_date":"2025-06-07 20:15:00+00:00","close_date":"2025-06-07 21:00:00+00:00","open_rate":2523.75,"close_rate":2520.75,"fee_open":0.0005,"fee_close":0.0005,"trade_duration":45,"profit_ratio":-0.0021870194174829377,"profit_abs":-0.751026,"exit_reason":"exit_signal","initial_stop_loss_abs":2271.38,"initial_stop_loss_ratio":-0.1,"stop_loss_abs":2271.38,"stop_loss_ratio":-0.1,"min_rate":2517.28,"max_rate":2524.12,"is_open":false,"enter_tag":"","leverage":1.0,"is_short":false,"open_timestamp":1749327300000,"close_timestamp":1749330000000,"orders":[{"amount":0.136,"safe_price":2523.75,"ft_order_side":"buy","order_filled_timestamp":1749327300000,"ft_is_entry":true,"ft_order_tag":"","cost":343.401615},{"amount":0.136,"safe_price":2520.75,"ft_order_side":"sell","order_filled_timestamp":1749330000000,"ft_is_entry":false,"ft_order_tag":"exit_signal","cost":342.993411}],"funding_fees":0.0},{"pair":"ETH/USDT:USDT","stake_amount":342.55544,"max_stake_amount":342.55544,"amount":0.136,"open_date":"2025-06-07 21:15:00+00:00","close_date":"2025-06-07 21:30:00+00:00","open_rate":2518.79,"close_rate":2519.35,"fee_open":0.0005,"fee_close":0.0005,"trade_duration":15,"profit_ratio":-0.0007773934923208122,"profit_abs":-0.26643352,"exit_reason":"exit_signal","initial_stop_loss_abs":2266.92,"initial_stop_loss_ratio":-0.1,"stop_loss_abs":2266.92,"stop_loss_ratio":-0.1,"min_rate":2517.22,"max_rate":2522.38,"is_open":false,"enter_tag":"","leverage":1.0,"is_short":false,"open_timestamp":1749330900000,"close_timestamp":1749331800000,"orders":[{"amount":0.136,"safe_price":2518.79,"ft_order_side":"buy","order_filled_timestamp":1749330900000,"ft_is_entry":true,"ft_order_tag":"","cost":342.72671772},{"amount":0.136,"safe_price":2519.35,"ft_order_side":"sell","order_filled_timestamp":1749331800000,"ft_is_entry":false,"ft_order_tag":"exit_signal","cost":342.8029158}],"funding_fees":0.0},{"pair":"ETH/USDT:USDT","stake_amount":342.62752,"max_stake_amount":342.62752,"amount":0.136,"open_date":"2025-06-07 22:15:00+00:00","close_date":"2025-06-07 22:30:00+00:00","open_rate":2519.32,"close_rate":2522.73,"fee_open":0.0005,"fee_close":0.0005,"trade_duration":15,"profit_ratio":0.0003526867307974706,"profit_abs":0.1209006,"exit_reason":"exit_signal","initial_stop_loss_abs":2267.39,"initial_stop_loss_ratio":-0.1,"stop_loss_abs":2267.39,"stop_loss_ratio":-0.1,"min_rate":2518.68,"max_rate":2545.0,"is_open":false,"enter_tag":"","leverage":1.0,"is_short":false,"open_timestamp":1749334500000,"close_timestamp":1749335400000,"orders":[{"amount":0.136,"safe_price":2519.32,"ft_order_side":"buy","order_filled_timestamp":1749334500000,"ft_is_entry":true,"ft_order_tag":"","cost":342.79883376000004},{"amount":0.136,"safe_price":2522.73,"ft_order_side":"sell","order_filled_timestamp":1749335400000,"ft_is_entry":false,"ft_order_tag":"exit_signal","cost":343.26282564}],"funding_fees":0.0},{"pair":"ETH/USDT:USDT","stake_amount":343.42856,"max_stake_amount":343.42856,"amount":0.136,"open_date":"2025-06-07 23:30:00+00:00","close_date":"2025-06-08 02:30:00+00:00","open_rate":2525.21,"close_rate":2512.84,"fee_open":0.0005,"fee_close":0.0005,"trade_duration":180,"profit_ratio":-0.005993096351028908,"profit_abs":-2.05922955,"exit_reason":"exit_signal","initial_stop_loss_abs":2272.69,"initial_stop_loss_ratio":-0.1,"stop_loss_abs":2272.69,"stop_loss_ratio":-0.1,"min_rate":2510.02,"max_rate":2528.1,"is_open":false,"enter_tag":"","leverage":1.0,"is_short":false,"open_timestamp":1749339000000,"close_timestamp":1749349800000,"orders":[{"amount":0.136,"safe_price":2525.21,"ft_order_side":"buy","order_filled_timestamp":1749339000000,"ft_is_entry":true,"ft_order_tag":"","cost":343.60027428},{"amount":0.136,"safe_price":2512.84,"ft_order_side":"sell","order_filled_timestamp":1749349800000,"ft_is_entry":false,"ft_order_tag":"exit_signal","cost":341.91711312}],"funding_fees":-0.034322153689952006},{"pair":"ETH/USDT:USDT","stake_amount":341.86456,"max_stake_amount":341.86456,"amount":0.136,"open_date":"2025-06-08 02:45:00+00:00","close_date":"2025-06-08 03:30:00+00:00","open_rate":2513.71,"close_rate":2509.63,"fee_open":0.0005,"fee_close":0.0005,"trade_duration":45,"profit_ratio":-0.002620976887586059,"profit_abs":-0.89646712,"exit_reason":"exit_signal","initial_stop_loss_abs":2262.34,"initial_stop_loss_ratio":-0.1,"stop_loss_abs":2262.34,"stop_loss_ratio":-0.1,"min_rate":2507.25,"max_rate":2515.0,"is_open":false,"enter_tag":"","leverage":1.0,"is_short":false,"open_timestamp":1749350700000,"close_timestamp":1749353400000,"orders":[{"amount":0.136,"safe_price":2513.71,"ft_order_side":"buy","order_filled_timestamp":1749350700000,"ft_is_entry":true,"ft_order_tag":"","cost":342.03549228},{"amount":0.136,"safe_price":2509.63,"ft_order_side":"sell","order_filled_timestamp":1749353400000,"ft_is_entry":false,"ft_order_tag":"exit_signal","cost":341.48033484}],"funding_fees":0.0},{"pair":"ETH/USDT:USDT","stake_amount":341.13288,"max_stake_amount":341.13288,"amount":0.136,"open_date":"2025-06-08 04:15:00+00:00","close_date":"2025-06-08 04:30:00+00:00","open_rate":2508.33,"close_rate":2510.66,"fee_open":0.0005,"fee_close":0.0005,"trade_duration":15,"profit_ratio":-7.152380163348695e-05,"profit_abs":-0.02441132,"exit_reason":"exit_signal","initial_stop_loss_abs":2257.5,"initial_stop_loss_ratio":-0.1,"stop_loss_abs":2257.5,"stop_loss_ratio":-0.1,"min_rate":2507.96,"max_rate":2517.55,"is_open":false,"enter_tag":"","leverage":1.0,"is_short":false,"open_timestamp":1749356100000,"close_timestamp":1749357000000,"orders":[{"amount":0.136,"safe_price":2508.33,"ft_order_side":"buy","order_filled_timestamp":1749356100000,"ft_is_entry":true,"ft_order_tag":"","cost":341.30344643999996},{"amount":0.136,"safe_price":2510.66,"ft_order_side":"sell","order_filled_timestamp":1749357000000,"ft_is_entry":false,"ft_order_tag":"exit_signal","cost":341.62048488}],"funding_fees":0.0},{"pair":"ETH/USDT:USDT","stake_amount":342.33648,"max_stake_amount":342.33648,"amount":0.136,"open_date":"2025-06-08 04:45:00+00:00","close_date":"2025-06-08 06:15:00+00:00","open_rate":2517.18,"close_rate":2511.88,"fee_open":0.0005,"fee_close":0.0005,"trade_duration":90,"profit_ratio":-0.0031029265637166083,"profit_abs":-1.06277608,"exit_reason":"exit_signal","initial_stop_loss_abs":2265.47,"initial_stop_loss_ratio":-0.1,"stop_loss_abs":2265.47,"stop_loss_ratio":-0.1,"min_rate":2507.69,"max_rate":2519.03,"is_open":false,"enter_tag":"","leverage":1.0,"is_short":false,"open_timestamp":1749357900000,"close_timestamp":1749363300000,"orders":[{"amount":0.136,"safe_price":2517.18,"ft_order_side":"buy","order_filled_timestamp":1749357900000,"ft_is_entry":true,"ft_order_tag":"","cost":342.50764824},{"amount":0.136,"safe_price":2511.88,"ft_order_side":"sell","order_filled_timestamp":1749363300000,"ft_is_entry":false,"ft_order_tag":"exit_signal","cost":341.78648784000006}],"funding_fees":0.0},{"pair":"ETH/USDT:USDT","stake_amount":341.78432,"max_stake_amount":341.78432,"amount":0.136,"open_date":"2025-06-08 06:30:00+00:00","close_date":"2025-06-08 06:45:00+00:00","open_rate":2513.12,"close_rate":2515.23,"fee_open":0.0005,"fee_close":0.0005,"trade_duration":15,"profit_ratio":-0.00016074561242330386,"profit_abs":-0.0549678,"exit_reason":"exit_signal","initial_stop_loss_abs":2261.81,"initial_stop_loss_ratio":-0.1,"stop_loss_abs":2261.81,"stop_loss_ratio":-0.1,"min_rate":2511.5,"max_rate":2516.4,"is_open":false,"enter_tag":"","leverage":1.0,"is_short":false,"open_timestamp":1749364200000,"close_timestamp":1749365100000,"orders":[{"amount":0.136,"safe_price":2513.12,"ft_order_side":"buy","order_filled_timestamp":1749364200000,"ft_is_entry":true,"ft_order_tag":"","cost":341.95521216000003},{"amount":0.136,"safe_price":2515.23,"ft_order_side":"sell","order_filled_timestamp":1749365100000,"ft_is_entry":false,"ft_order_tag":"exit_signal","cost":342.24231563999996}],"funding_fees":0.0},{"pair":"ETH/USDT:USDT","stake_amount":341.83056,"max_stake_amount":341.83056,"amount":0.136,"open_date":"2025-06-08 08:00:00+00:00","close_date":"2025-06-08 08:30:00+00:00","open_rate":2513.46,"close_rate":2514.25,"fee_open":0.0005,"fee_close":0.0005,"trade_duration":30,"profit_ratio":-0.0007806826557733672,"profit_abs":-0.26699462,"exit_reason":"exit_signal","initial_stop_loss_abs":2262.12,"initial_stop_loss_ratio":-0.1,"stop_loss_abs":2262.12,"stop_loss_ratio":-0.1,"min_rate":2513.39,"max_rate":2520.19,"is_open":false,"enter_tag":"","leverage":1.0,"is_short":false,"open_timestamp":1749369600000,"close_timestamp":1749371400000,"orders":[{"amount":0.136,"safe_price":2513.46,"ft_order_side":"buy","order_filled_timestamp":1749369600000,"ft_is_entry":true,"ft_order_tag":"","cost":342.00147528},{"amount":0.136,"safe_price":2514.25,"ft_order_side":"sell","order_filled_timestamp":1749371400000,"ft_is_entry":false,"ft_order_tag":"exit_signal","cost":342.108969}],"funding_fees":-0.032550340080749314},{"pair":"ETH/USDT:USDT","stake_amount":342.04,"max_stake_amount":342.04,"amount":0.136,"open_date":"2025-06-08 08:45:00+00:00","close_date":"2025-06-08 20:30:00+00:00","open_rate":2515.0,"close_rate":2533.99,"fee_open":0.0005,"fee_close":0.0005,"trade_duration":705,"profit_ratio":0.006496751974848735,"profit_abs":2.22326012,"exit_reason":"exit_signal","initial_stop_loss_abs":2263.5,"initial_stop_loss_ratio":-0.1,"stop_loss_abs":2263.5,"stop_loss_ratio":-0.1,"min_rate":2483.28,"max_rate":2539.68,"is_open":false,"enter_tag":"","leverage":1.0,"is_short":false,"open_timestamp":1749372300000,"close_timestamp":1749414600000,"orders":[{"amount":0.136,"safe_price":2515.0,"ft_order_side":"buy","order_filled_timestamp":1749372300000,"ft_is_entry":true,"ft_order_tag":"","cost":342.21102},{"amount":0.136,"safe_price":2533.99,"ft_order_side":"sell","order_filled_timestamp":1749414600000,"ft_is_entry":false,"ft_order_tag":"exit_signal","cost":344.79495132}],"funding_fees":-0.01604856081378377},{"pair":"ETH/USDT:USDT","stake_amount":342.60168,"max_stake_amount":342.60168,"amount":0.136,"open_date":"2025-06-08 22:15:00+00:00","close_date":"2025-06-09 21:30:00+00:00","open_rate":2519.13,"close_rate":2638.76,"fee_open":0.0005,"fee_close":0.0005,"trade_duration":1395,"profit_ratio":0.046313565179777604,"profit_abs":15.87503879,"exit_reason":"exit_signal","initial_stop_loss_abs":2267.22,"initial_stop_loss_ratio":-0.1,"stop_loss_abs":2267.22,"stop_loss_ratio":-0.1,"min_rate":2475.83,"max_rate":2639.88,"is_open":false,"enter_tag":"","leverage":1.0,"is_short":false,"open_timestamp":1749420900000,"close_timestamp":1749504600000,"orders":[{"amount":0.136,"safe_price":2519.13,"ft_order_side":"buy","order_filled_timestamp":1749420900000,"ft_is_entry":true,"ft_order_tag":"","cost":342.77298084},{"amount":0.136,"safe_price":2638.76,"ft_order_side":"sell","order_filled_timestamp":1749504600000,"ft_is_entry":false,"ft_order_tag":"exit_signal","cost":359.05079568}],"funding_fees":-0.04390468745668605},{"pair":"ETH/USDT:USDT","stake_amount":347.08242,"max_stake_amount":347.08242,"amount":0.138,"open_date":"2025-06-13 05:45:00+00:00","close_date":"2025-06-15 03:45:00+00:00","open_rate":2515.09,"close_rate":2531.61,"fee_open":0.0005,"fee_close":0.0005,"trade_duration":2760,"profit_ratio":0.005463121391464737,"profit_abs":1.89710147,"exit_reason":"exit_signal","initial_stop_loss_abs":2263.59,"initial_stop_loss_ratio":-0.1,"stop_loss_abs":2263.59,"stop_loss_ratio":-0.1,"min_rate":2486.68,"max_rate":2585.0,"is_open":false,"enter_tag":"","leverage":1.0,"is_short":false,"open_timestamp":1749793500000,"close_timestamp":1749959100000,"orders":[{"amount":0.138,"safe_price":2515.09,"ft_order_side":"buy","order_filled_timestamp":1749793500000,"ft_is_entry":true,"ft_order_tag":"","cost":347.25596121000007},{"amount":0.138,"safe_price":2531.61,"ft_order_side":"sell","order_filled_timestamp":1749959100000,"ft_is_entry":false,"ft_order_tag":"exit_signal","cost":349.53686109}],"funding_fees":-0.03443622542889148},{"pair":"ETH/USDT:USDT","stake_amount":348.45138,"max_stake_amount":348.45138,"amount":0.138,"open_date":"2025-06-15 07:45:00+00:00","close_date":"2025-06-16 14:00:00+00:00","open_rate":2525.01,"close_rate":2638.33,"fee_open":0.0005,"fee_close":0.0005,"trade_duration":1815,"profit_ratio":0.04353771094913978,"profit_abs":15.17836085,"exit_reason":"exit_signal","initial_stop_loss_abs":2272.51,"initial_stop_loss_ratio":-0.1,"stop_loss_abs":2272.51,"stop_loss_ratio":-0.1,"min_rate":2490.38,"max_rate":2644.7,"is_open":false,"enter_tag":"","leverage":1.0,"is_short":false,"open_timestamp":1749973500000,"close_timestamp":1750082400000,"orders":[{"amount":0.138,"safe_price":2525.01,"ft_order_side":"buy","order_filled_timestamp":1749973500000,"ft_is_entry":true,"ft_order_tag":"","cost":348.62560569000004},{"amount":0.138,"safe_price":2638.33,"ft_order_side":"sell","order_filled_timestamp":1750082400000,"ft_is_entry":false,"ft_order_tag":"exit_signal","cost":364.27158477}],"funding_fees":-0.10352868932398696},{"pair":"ETH/USDT:USDT","stake_amount":352.8266,"max_stake_amount":352.8266,"amount":0.14,"open_date":"2025-06-17 15:15:00+00:00","close_date":"2025-06-18 06:30:00+00:00","open_rate":2520.19,"close_rate":2532.0,"fee_open":0.0005,"fee_close":0.0005,"trade_duration":915,"profit_ratio":0.003626911306028786,"profit_abs":1.28031062,"exit_reason":"force_exit","initial_stop_loss_abs":2268.18,"initial_stop_loss_ratio":-0.1,"stop_loss_abs":2268.18,"stop_loss_ratio":-0.1,"min_rate":2451.97,"max_rate":2545.1,"is_open":false,"enter_tag":"","leverage":1.0,"is_short":false,"open_timestamp":1750173300000,"close_timestamp":1750228200000,"orders":[{"amount":0.14,"safe_price":2520.19,"ft_order_side":"buy","order_filled_timestamp":1750173300000,"ft_is_entry":true,"ft_order_tag":"","cost":353.0030133},{"amount":0.14,"safe_price":2532.0,"ft_order_side":"sell","order_filled_timestamp":1750228200000,"ft_is_entry":false,"ft_order_tag":"force_exit","cost":354.65724}],"funding_fees":-0.019436084817292948}],"locks":[],"best_pair":{"key":"ETH/USDT:USDT","trades":30,"profit_mean":0.007476980301782121,"profit_mean_pct":0.75,"profit_sum":0.22430940905346364,"profit_sum_pct":22.43,"profit_total_abs":75.55036278,"profit_total":0.07555036278,"profit_total_pct":7.56,"duration_avg":"14:09:00","wins":13,"draws":0,"losses":17,"winrate":0.43333333333333335,"cagr":1.237975239327096,"expectancy":2.5183454259999998,"expectancy_ratio":1.1963351869000065,"sortino":12.251477590783885,"sharpe":5.550050480265459,"calmar":320.1594987025254,"sqn":1.7208,"profit_factor":3.111179741588247,"max_drawdown_account":0.013661634280000045,"max_drawdown_abs":13.66163428},"worst_pair":{"key":"ETH/USDT:USDT","trades":30,"profit_mean":0.007476980301782121,"profit_mean_pct":0.75,"profit_sum":0.22430940905346364,"profit_sum_pct":22.43,"profit_total_abs":75.55036278,"profit_total":0.07555036278,"profit_total_pct":7.56,"duration_avg":"14:09:00","wins":13,"draws":0,"losses":17,"winrate":0.43333333333333335,"cagr":1.237975239327096,"expectancy":2.5183454259999998,"expectancy_ratio":1.1963351869000065,"sortino":12.251477590783885,"sharpe":5.550050480265459,"calmar":320.1594987025254,"sqn":1.7208,"profit_factor":3.111179741588247,"max_drawdown_account":0.013661634280000045,"max_drawdown_abs":13.66163428},"results_per_pair":[{"key":"ETH/USDT:USDT","trades":30,"profit_mean":0.007476980301782121,"profit_mean_pct":0.75,"profit_sum":0.22430940905346364,"profit_sum_pct":22.43,"profit_total_abs":75.55036278,"profit_total":0.07555036278,"profit_total_pct":7.56,"duration_avg":"14:09:00","wins":13,"draws":0,"losses":17,"winrate":0.43333333333333335,"cagr":1.237975239327096,"expectancy":2.5183454259999998,"expectancy_ratio":1.1963351869000065,"sortino":12.251477590783885,"sharpe":5.550050480265459,"calmar":320.1594987025254,"sqn":1.7208,"profit_factor":3.111179741588247,"max_drawdown_account":0.013661634280000045,"max_drawdown_abs":13.66163428},{"key":"TOTAL","trades":30,"profit_mean":0.007476980301782121,"profit_mean_pct":0.75,"profit_sum":0.22430940905346364,"profit_sum_pct":22.43,"profit_total_abs":75.55036278,"profit_total":0.07555036278,"profit_total_pct":7.56,"duration_avg":"14:09:00","wins":13,"draws":0,"losses":17,"winrate":0.43333333333333335,"cagr":1.237975239327096,"expectancy":2.5183454259999998,"expectancy_ratio":1.1963351869000065,"sortino":12.251477590783885,"sharpe":5.550050480265459,"calmar":320.1594987025254,"sqn":1.7208,"profit_factor":3.111179741588247,"max_drawdown_account":0.013661634280000045,"max_drawdown_abs":13.66163428}],"results_per_enter_tag":[{"key":"","trades":30,"profit_mean":0.007476980301782121,"profit_mean_pct":0.75,"profit_sum":0.22430940905346364,"profit_sum_pct":22.43,"profit_total_abs":75.55036278,"profit_total":0.07555036278,"profit_total_pct":7.56,"duration_avg":"14:09:00","wins":13,"draws":0,"losses":17,"winrate":0.43333333333333335,"cagr":1.237975239327096,"expectancy":2.5183454259999998,"expectancy_ratio":1.1963351869000065,"sortino":12.251477590783885,"sharpe":5.550050480265459,"calmar":320.1594987025254,"sqn":1.7208,"profit_factor":3.111179741588247,"max_drawdown_account":0.013661634280000045,"max_drawdown_abs":13.66163428},{"key":"TOTAL","trades":30,"profit_mean":0.007476980301782121,"profit_mean_pct":0.75,"profit_sum":0.22430940905346364,"profit_sum_pct":22.43,"profit_total_abs":75.55036278,"profit_total":0.07555036278,"profit_total_pct":7.56,"duration_avg":"14:09:00","wins":13,"draws":0,"losses":17,"winrate":0.43333333333333335,"cagr":1.237975239327096,"expectancy":2.5183454259999998,"expectancy_ratio":1.1963351869000065,"sortino":12.251477590783885,"sharpe":5.550050480265459,"calmar":320.1594987025254,"sqn":1.7208,"profit_factor":3.111179741588247,"max_drawdown_account":0.013661634280000045,"max_drawdown_abs":13.66163428}],"exit_reason_summary":[{"key":"exit_signal","trades":29,"profit_mean":0.007609741301635684,"profit_mean_pct":0.76,"profit_sum":0.22068249774743484,"profit_sum_pct":22.07,"profit_total_abs":74.27005216,"profit_total":0.07427005216,"profit_total_pct":7.43,"duration_avg":"14:07:00","wins":12,"draws":0,"losses":17,"winrate":0.41379310344827586,"cagr":1.208685208588947,"expectancy":2.561036281379311,"expectancy_ratio":1.2166153962477169,"sortino":12.043858510041034,"sharpe":5.3665767903447525,"calmar":314.7339310255528,"sqn":1.6914,"profit_factor":3.0754027347755173,"max_drawdown_account":0.013661634280000045,"max_drawdown_abs":13.66163428},{"key":"force_exit","trades":1,"profit_mean":0.003626911306028786,"profit_mean_pct":0.36,"profit_sum":0.003626911306028786,"profit_sum_pct":0.36,"profit_total_abs":1.28031062,"profit_total":0.0012803106200000001,"profit_total_pct":0.13,"duration_avg":"15:15:00","wins":1,"draws":0,"losses":0,"winrate":1.0,"cagr":0.014252566848992565,"expectancy":1.28031062,"expectancy_ratio":100.0,"sortino":-100,"sharpe":-100,"calmar":-100,"sqn":-100.0,"profit_factor":0.0,"max_drawdown_account":0.0,"max_drawdown_abs":0.0},{"key":"TOTAL","trades":30,"profit_mean":0.007476980301782121,"profit_mean_pct":0.75,"profit_sum":0.22430940905346364,"profit_sum_pct":22.43,"profit_total_abs":75.55036278,"profit_total":0.07555036278,"profit_total_pct":7.56,"duration_avg":"14:09:00","wins":13,"draws":0,"losses":17,"winrate":0.43333333333333335,"cagr":1.237975239327096,"expectancy":2.5183454259999998,"expectancy_ratio":1.1963351869000065,"sortino":12.251477590783885,"sharpe":5.550050480265459,"calmar":320.1594987025254,"sqn":1.7208,"profit_factor":3.111179741588247,"max_drawdown_account":0.013661634280000045,"max_drawdown_abs":13.66163428}],"mix_tag_stats":[{"key":["","exit_signal"],"trades":29,"profit_mean":0.007609741301635684,"profit_mean_pct":0.76,"profit_sum":0.22068249774743484,"profit_sum_pct":22.07,"profit_total_abs":74.27005216,"profit_total":0.07427005216,"profit_total_pct":7.43,"duration_avg":"14:07:00","wins":12,"draws":0,"losses":17,"winrate":0.41379310344827586,"cagr":1.208685208588947,"expectancy":2.561036281379311,"expectancy_ratio":1.2166153962477169,"sortino":12.043858510041034,"sharpe":5.3665767903447525,"calmar":314.7339310255528,"sqn":1.6914,"profit_factor":3.0754027347755173,"max_drawdown_account":0.013661634280000045,"max_drawdown_abs":13.66163428},{"key":["","force_exit"],"trades":1,"profit_mean":0.003626911306028786,"profit_mean_pct":0.36,"profit_sum":0.003626911306028786,"profit_sum_pct":0.36,"profit_total_abs":1.28031062,"profit_total":0.0012803106200000001,"profit_total_pct":0.13,"duration_avg":"15:15:00","wins":1,"draws":0,"losses":0,"winrate":1.0,"cagr":0.014252566848992565,"expectancy":1.28031062,"expectancy_ratio":100.0,"sortino":-100,"sharpe":-100,"calmar":-100,"sqn":-100.0,"profit_factor":0.0,"max_drawdown_account":0.0,"max_drawdown_abs":0.0},{"key":"TOTAL","trades":30,"profit_mean":0.007476980301782121,"profit_mean_pct":0.75,"profit_sum":0.22430940905346364,"profit_sum_pct":22.43,"profit_total_abs":75.55036278,"profit_total":0.07555036278,"profit_total_pct":7.56,"duration_avg":"14:09:00","wins":13,"draws":0,"losses":17,"winrate":0.43333333333333335,"cagr":1.237975239327096,"expectancy":2.5183454259999998,"expectancy_ratio":1.1963351869000065,"sortino":12.251477590783885,"sharpe":5.550050480265459,"calmar":320.1594987025254,"sqn":1.7208,"profit_factor":3.111179741588247,"max_drawdown_account":0.013661634280000045,"max_drawdown_abs":13.66163428}],"left_open_trades":[{"key":"ETH/USDT:USDT","trades":1,"profit_mean":0.003626911306028786,"profit_mean_pct":0.36,"profit_sum":0.003626911306028786,"profit_sum_pct":0.36,"profit_total_abs":1.28031062,"profit_total":0.0012803106200000001,"profit_total_pct":0.13,"duration_avg":"15:15:00","wins":1,"draws":0,"losses":0,"winrate":1.0,"cagr":0.014252566848992565,"expectancy":1.28031062,"expectancy_ratio":100.0,"sortino":-100,"sharpe":-100,"calmar":-100,"sqn":-100.0,"profit_factor":0.0,"max_drawdown_account":0.0,"max_drawdown_abs":0.0},{"key":"TOTAL","trades":1,"profit_mean":0.003626911306028786,"profit_mean_pct":0.36,"profit_sum":0.003626911306028786,"profit_sum_pct":0.36,"profit_total_abs":1.28031062,"profit_total":0.0012803106200000001,"profit_total_pct":0.13,"duration_avg":"15:15:00","wins":1,"draws":0,"losses":0,"winrate":1.0,"cagr":0.014252566848992565,"expectancy":1.28031062,"expectancy_ratio":100.0,"sortino":-100,"sharpe":-100,"calmar":-100,"sqn":-100.0,"profit_factor":0.0,"max_drawdown_account":0.0,"max_drawdown_abs":0.0}],"total_trades":30,"trade_count_long":30,"trade_count_short":0,"total_volume":20500.030402755,"avg_stake_amount":340.0516573333334,"profit_mean":0.007476980301782121,"profit_median":-6.778175963311952e-05,"profit_total":0.07555036278,"profit_total_long":0.07555036278,"profit_total_short":0.0,"profit_total_abs":75.55036278,"profit_total_long_abs":75.55036278,"profit_total_short_abs":0.0,"cagr":1.237975239327096,"expectancy":2.5183454259999998,"expectancy_ratio":1.1963351869000065,"sortino":12.251477590783885,"sharpe":5.550050480265459,"calmar":320.1594987025254,"sqn":1.7208,"profit_factor":3.111179741588247,"backtest_start":"2025-05-16 00:00:00","backtest_start_ts":1747353600000,"backtest_end":"2025-06-18 06:30:00","backtest_end_ts":1750228200000,"backtest_days":33,"backtest_run_start_ts":1750232717,"backtest_run_end_ts":1750232717,"trades_per_day":0.91,"market_change":-0.011224126392742607,"pairlist":["ETH/USDT:USDT"],"stake_amount":"unlimited","stake_currency":"USDT","stake_currency_decimals":3,"starting_balance":1000,"dry_run_wallet":1000,"final_balance":1075.55036278,"rejected_signals":0,"timedout_entry_orders":0,"timedout_exit_orders":0,"canceled_trade_entries":0,"canceled_entry_orders":0,"replaced_entry_orders":0,"max_open_trades":1,"max_open_trades_setting":3,"timeframe":"15m","timeframe_detail":"","timerange":"","enable_protections":false,"strategy_name":"GridBotSample","stoploss":-0.1,"trailing_stop":false,"trailing_stop_positive":null,"trailing_stop_positive_offset":0.0,"trailing_only_offset_is_reached":false,"use_custom_stoploss":false,"minimal_roi":{},"use_exit_signal":true,"exit_profit_only":false,"exit_profit_offset":0.0,"ignore_roi_if_entry_signal":false,"trading_mode":"futures","margin_mode":"isolated","periodic_breakdown":{"day":[{"date":"18/05/2025","date_ts":1747526400000,"profit_abs":-13.66163428,"wins":0,"draws":0,"losses":2,"trades":2,"profit_factor":0.0},{"date":"19/05/2025","date_ts":1747612800000,"profit_abs":0.0,"wins":0,"draws":0,"losses":0,"trades":0,"profit_factor":0.0},{"date":"20/05/2025","date_ts":1747699200000,"profit_abs":0.0,"wins":0,"draws":0,"losses":0,"trades":0,"profit_factor":0.0},{"date":"21/05/2025","date_ts":1747785600000,"profit_abs":0.0,"wins":0,"draws":0,"losses":0,"trades":0,"profit_factor":0.0},{"date":"22/05/2025","date_ts":1747872000000,"profit_abs":26.4816191,"wins":1,"draws":0,"losses":0,"trades":1,"profit_factor":0.0},{"date":"23/05/2025","date_ts":1747958400000,"profit_abs":0.0,"wins":0,"draws":0,"losses":0,"trades":0,"profit_factor":0.0},{"date":"24/05/2025","date_ts":1748044800000,"profit_abs":5.89551638,"wins":1,"draws":0,"losses":0,"trades":1,"profit_factor":0.0},{"date":"25/05/2025","date_ts":1748131200000,"profit_abs":-1.66920721,"wins":0,"draws":0,"losses":2,"trades":2,"profit_factor":0.0},{"date":"26/05/2025","date_ts":1748217600000,"profit_abs":0.0,"wins":0,"draws":0,"losses":0,"trades":0,"profit_factor":0.0},{"date":"27/05/2025","date_ts":1748304000000,"profit_abs":15.1100059,"wins":1,"draws":0,"losses":0,"trades":1,"profit_factor":0.0},{"date":"28/05/2025","date_ts":1748390400000,"profit_abs":0.0,"wins":0,"draws":0,"losses":0,"trades":0,"profit_factor":0.0},{"date":"29/05/2025","date_ts":1748476800000,"profit_abs":0.0,"wins":0,"draws":0,"losses":0,"trades":0,"profit_factor":0.0},{"date":"30/05/2025","date_ts":1748563200000,"profit_abs":0.0,"wins":0,"draws":0,"losses":0,"trades":0,"profit_factor":0.0},{"date":"31/05/2025","date_ts":1748649600000,"profit_abs":0.45812732,"wins":1,"draws":0,"losses":1,"trades":2,"profit_factor":1.43945442},{"date":"01/06/2025","date_ts":1748736000000,"profit_abs":-0.86774827,"wins":0,"draws":0,"losses":1,"trades":1,"profit_factor":0.0},{"date":"02/06/2025","date_ts":1748822400000,"profit_abs":0.0,"wins":0,"draws":0,"losses":0,"trades":0,"profit_factor":0.0},{"date":"03/06/2025","date_ts":1748908800000,"profit_abs":15.67895776,"wins":1,"draws":0,"losses":0,"trades":1,"profit_factor":0.0},{"date":"04/06/2025","date_ts":1748995200000,"profit_abs":0.0,"wins":0,"draws":0,"losses":0,"trades":0,"profit_factor":0.0},{"date":"05/06/2025","date_ts":1749081600000,"profit_abs":-12.37543399,"wins":0,"draws":0,"losses":1,"trades":1,"profit_factor":0.0},{"date":"06/06/2025","date_ts":1749168000000,"profit_abs":-0.77270256,"wins":0,"draws":0,"losses":1,"trades":1,"profit_factor":0.0},{"date":"07/06/2025","date_ts":1749254400000,"profit_abs":9.18363727,"wins":3,"draws":0,"losses":3,"trades":6,"profit_factor":9.90071315},{"date":"08/06/2025","date_ts":1749340800000,"profit_abs":-2.14158637,"wins":1,"draws":0,"losses":6,"trades":7,"profit_factor":0.50935586},{"date":"09/06/2025","date_ts":1749427200000,"profit_abs":15.87503879,"wins":1,"draws":0,"losses":0,"trades":1,"profit_factor":0.0},{"date":"10/06/2025","date_ts":1749513600000,"profit_abs":0.0,"wins":0,"draws":0,"losses":0,"trades":0,"profit_factor":0.0},{"date":"11/06/2025","date_ts":1749600000000,"profit_abs":0.0,"wins":0,"draws":0,"losses":0,"trades":0,"profit_factor":0.0},{"date":"12/06/2025","date_ts":1749686400000,"profit_abs":0.0,"wins":0,"draws":0,"losses":0,"trades":0,"profit_factor":0.0},{"date":"13/06/2025","date_ts":1749772800000,"profit_abs":0.0,"wins":0,"draws":0,"losses":0,"trades":0,"profit_factor":0.0},{"date":"14/06/2025","date_ts":1749859200000,"profit_abs":0.0,"wins":0,"draws":0,"losses":0,"trades":0,"profit_factor":0.0},{"date":"15/06/2025","date_ts":1749945600000,"profit_abs":1.89710147,"wins":1,"draws":0,"losses":0,"trades":1,"profit_factor":0.0},{"date":"16/06/2025","date_ts":1750032000000,"profit_abs":15.17836085,"wins":1,"draws":0,"losses":0,"trades":1,"profit_factor":0.0},{"date":"17/06/2025","date_ts":1750118400000,"profit_abs":0.0,"wins":0,"draws":0,"losses":0,"trades":0,"profit_factor":0.0},{"date":"18/06/2025","date_ts":1750204800000,"profit_abs":1.28031062,"wins":1,"draws":0,"losses":0,"trades":1,"profit_factor":0.0}],"week":[{"date":"19/05/2025","date_ts":1747612800000,"profit_abs":-13.66163428,"wins":0,"draws":0,"losses":2,"trades":2,"profit_factor":0.0},{"date":"26/05/2025","date_ts":1748217600000,"profit_abs":30.70792827,"wins":2,"draws":0,"losses":2,"trades":4,"profit_factor":19.39671437},{"date":"02/06/2025","date_ts":1748822400000,"profit_abs":14.70038495,"wins":2,"draws":0,"losses":2,"trades":4,"profit_factor":8.69557218},{"date":"09/06/2025","date_ts":1749427200000,"profit_abs":25.4479109,"wins":6,"draws":0,"losses":11,"trades":17,"profit_factor":2.37224195},{"date":"16/06/2025","date_ts":1750032000000,"profit_abs":17.07546232,"wins":2,"draws":0,"losses":0,"trades":2,"profit_factor":0.0},{"date":"23/06/2025","date_ts":1750636800000,"profit_abs":1.28031062,"wins":1,"draws":0,"losses":0,"trades":1,"profit_factor":0.0}],"month":[{"date":"31/05/2025","date_ts":1748649600000,"profit_abs":32.61442721,"wins":4,"draws":0,"losses":5,"trades":9,"profit_factor":2.99192358},{"date":"30/06/2025","date_ts":1751241600000,"profit_abs":42.93593557,"wins":9,"draws":0,"losses":12,"trades":21,"profit_factor":3.2117654}],"year":[{"date":"31/12/2025","date_ts":1767139200000,"profit_abs":75.55036278,"wins":13,"draws":0,"losses":17,"trades":30,"profit_factor":3.11117974}]},"backtest_best_day":0.08182421986896206,"backtest_worst_day":-0.04155413334360793,"backtest_best_day_abs":26.4816191,"backtest_worst_day_abs":-13.66163428,"winning_days":10,"draw_days":16,"losing_days":6,"daily_profit":[["2025-05-18",-13.66163428],["2025-05-19",0.0],["2025-05-20",0.0],["2025-05-21",0.0],["2025-05-22",26.4816191],["2025-05-23",0.0],["2025-05-24",5.89551638],["2025-05-25",-1.66920721],["2025-05-26",0.0],["2025-05-27",15.1100059],["2025-05-28",0.0],["2025-05-29",0.0],["2025-05-30",0.0],["2025-05-31",0.45812732],["2025-06-01",-0.86774827],["2025-06-02",0.0],["2025-06-03",15.67895776],["2025-06-04",0.0],["2025-06-05",-12.37543399],["2025-06-06",-0.77270256],["2025-06-07",9.18363727],["2025-06-08",-2.14158637],["2025-06-09",15.87503879],["2025-06-10",0.0],["2025-06-11",0.0],["2025-06-12",0.0],["2025-06-13",0.0],["2025-06-14",0.0],["2025-06-15",1.89710147],["2025-06-16",15.17836085],["2025-06-17",0.0],["2025-06-18",1.28031062]],"wins":13,"losses":17,"draws":0,"winrate":0.43333333333333335,"holding_avg":"14:09:00","holding_avg_s":50940.0,"winner_holding_min":"0d 00:15","winner_holding_min_s":900.0,"winner_holding_max":"2d 14:00","winner_holding_max_s":223200.0,"winner_holding_avg":"1d 01:32","winner_holding_avg_s":91920.0,"loser_holding_min":"0d 00:15","loser_holding_min_s":900.0,"loser_holding_max":"1d 04:00","loser_holding_max_s":100800.0,"loser_holding_avg":"0d 05:26","loser_holding_avg_s":19560.0,"max_consecutive_wins":5,"max_consecutive_losses":6,"max_drawdown_account":0.013661634280000045,"max_relative_drawdown":0.013661634280000045,"max_drawdown_abs":13.66163428,"drawdown_start":"2025-05-18 04:30:00","drawdown_start_ts":1747542600000.0,"drawdown_end":"2025-05-18 20:00:00","drawdown_end_ts":1747598400000.0,"max_drawdown_low":-13.66163428,"max_drawdown_high":-2.73819462,"csum_min":986.33836572,"csum_max":1075.55036278}},"strategy_comparison":[{"key":"GridBotSample","trades":30,"profit_mean":0.007476980301782121,"profit_mean_pct":0.75,"profit_sum":0.22430940905346364,"profit_sum_pct":22.43,"profit_total_abs":75.55036278,"profit_total":0.07555036278,"profit_total_pct":7.56,"duration_avg":"14:09:00","wins":13,"draws":0,"losses":17,"winrate":0.43333333333333335,"cagr":1.237975239327096,"expectancy":2.5183454259999998,"expectancy_ratio":1.1963351869000065,"sortino":12.251477590783885,"sharpe":5.550050480265459,"calmar":320.1594987025254,"sqn":1.7208,"profit_factor":3.111179741588247,"max_drawdown_account":0.013661634280000045,"max_drawdown_abs":"13.662"}]}