{"strategy":{"GridBotSample":{"trades":[{"pair":"ETH/USDT:USDT","stake_amount":989.52282,"max_stake_amount":989.52282,"amount":0.407,"open_date":"2025-05-18 19:45:00+00:00","close_date":"2025-05-20 00:15:00+00:00","open_rate":2431.26,"close_rate":2542.35,"fee_open":0.0005,"fee_close":0.0005,"trade_duration":1710,"profit_ratio":0.044456944085089586,"profit_abs":44.01315626,"exit_reason":"exit_signal","initial_stop_loss_abs":2188.14,"initial_stop_loss_ratio":-0.1,"stop_loss_abs":2188.14,"stop_loss_ratio":-0.1,"min_rate":2312.62,"max_rate":2563.33,"is_open":false,"enter_tag":"","leverage":1.0,"is_short":false,"open_timestamp":1747597500000,"close_timestamp":1747700100000,"orders":[{"amount":0.407,"safe_price":2431.26,"ft_order_side":"buy","order_filled_timestamp":1747597500000,"ft_is_entry":true,"ft_order_tag":"","cost":990.0175814099999},{"amount":0.407,"safe_price":2542.35,"ft_order_side":"sell","order_filled_timestamp":1747700100000,"ft_is_entry":false,"ft_order_tag":"exit_signal","cost":1035.2538182249998}],"funding_fees":-0.18834410496277304},{"pair":"SOL/USDT:USDT","stake_amount":1033.3225,"max_stake_amount":1033.3225,"amount":6.85,"open_date":"2025-06-01 10:45:00+00:00","close_date":"2025-06-02 01:15:00+00:00","open_rate":150.85,"close_rate":158.76,"fee_open":0.0005,"fee_close":0.0005,"trade_duration":870,"profit_ratio":0.05138247650221714,"profit_abs":53.12121641,"exit_reason":"exit_signal","initial_stop_loss_abs":135.77,"initial_stop_loss_ratio":-0.1,"stop_loss_abs":135.77,"stop_loss_ratio":-0.1,"min_rate":150.51,"max_rate":158.84,"is_open":false,"enter_tag":"","leverage":1.0,"is_short":false,"open_timestamp":1748774700000,"close_timestamp":1748826900000,"orders":[{"amount":6.85,"safe_price":150.85,"ft_order_side":"buy","order_filled_timestamp":1748774700000,"ft_is_entry":true,"ft_order_tag":"","cost":1033.83916125},{"amount":6.85,"safe_price":158.76,"ft_order_side":"sell","order_filled_timestamp":1748826900000,"ft_is_entry":false,"ft_order_tag":"exit_signal","cost":1088.0497529999998}],"funding_fees":-0.0018693389699999952},{"pair":"SOL/USDT:USDT","stake_amount":1084.8772,"max_stake_amount":1084.8772,"amount":7.22,"open_date":"2025-06-05 14:00:00+00:00","close_date":"2025-06-05 20:45:00+00:00","open_rate":150.26,"close_rate":142.21,"fee_open":0.0005,"fee_close":0.0005,"trade_duration":405,"profit_ratio":-0.05451369954602919,"profit_abs":-59.17024006,"exit_reason":"exit_signal","initial_stop_loss_abs":135.24,"initial_stop_loss_ratio":-0.1,"stop_loss_abs":135.24,"stop_loss_ratio":-0.1,"min_rate":141.43,"max_rate":151.64,"is_open":false,"enter_tag":"","leverage":1.0,"is_short":false,"open_timestamp":1749132000000,"close_timestamp":1749156300000,"orders":[{"amount":7.22,"safe_price":150.26,"ft_order_side":"buy","order_filled_timestamp":1749132000000,"ft_is_entry":true,"ft_order_tag":"","cost":1085.4196385999999},{"amount":7.22,"safe_price":142.21,"ft_order_side":"sell","order_filled_timestamp":1749156300000,"ft_is_entry":false,"ft_order_tag":"exit_signal","cost":1027.2695781}],"funding_fees":0.0065766431279999996},{"pair":"ETH/USDT:USDT","stake_amount":1027.5225,"max_stake_amount":1027.5225,"amount":0.425,"open_date":"2025-06-05 20:45:00+00:00","close_date":"2025-06-07 08:45:00+00:00","open_rate":2417.7,"close_rate":2485.35,"fee_open":0.0005,"fee_close":0.0005,"trade_duration":2160,"profit_ratio":0.026765274560007647,"profit_abs":27.51567279,"exit_reason":"exit_signal","initial_stop_loss_abs":2175.93,"initial_stop_loss_ratio":-0.1,"stop_loss_abs":2175.93,"stop_loss_ratio":-0.1,"min_rate":2379.62,"max_rate":2529.67,"is_open":false,"enter_tag":"","leverage":1.0,"is_short":false,"open_timestamp":1749156300000,"close_timestamp":1749285900000,"orders":[{"amount":0.425,"safe_price":2417.7,"ft_order_side":"buy","order_filled_timestamp":1749156300000,"ft_is_entry":true,"ft_order_tag":"","cost":1028.0362612499998},{"amount":0.425,"safe_price":2485.35,"ft_order_side":"sell","order_filled_timestamp":1749285900000,"ft_is_entry":false,"ft_order_tag":"exit_signal","cost":1056.8018868749998}],"funding_fees":-0.19367908608781204},{"pair":"SOL/USDT:USDT","stake_amount":1054.3988,"max_stake_amount":1054.3988,"amount":6.98,"open_date":"2025-06-07 15:15:00+00:00","close_date":"2025-06-09 21:30:00+00:00","open_rate":151.06,"close_rate":159.5,"fee_open":0.0005,"fee_close":0.0005,"trade_duration":3255,"profit_ratio":0.05464738824598923,"profit_abs":57.64895066,"exit_reason":"exit_signal","initial_stop_loss_abs":135.96,"initial_stop_loss_ratio":-0.1,"stop_loss_abs":135.96,"stop_loss_ratio":-0.1,"min_rate":147.59,"max_rate":159.68,"is_open":false,"enter_tag":"","leverage":1.0,"is_short":false,"open_timestamp":1749309300000,"close_timestamp":1749504600000,"orders":[{"amount":6.98,"safe_price":151.06,"ft_order_side":"buy","order_filled_timestamp":1749309300000,"ft_is_entry":true,"ft_order_tag":"","cost":1054.9259994000001},{"amount":6.98,"safe_price":159.5,"ft_order_side":"sell","order_filled_timestamp":1749504600000,"ft_is_entry":false,"ft_order_tag":"exit_signal","cost":1113.866655}],"funding_fees":-0.1783949354573632},{"pair":"SOL/USDT:USDT","stake_amount":1110.5788,"max_stake_amount":1110.5788,"amount":7.51,"open_date":"2025-06-13 00:15:00+00:00","close_date":"2025-06-13 01:15:00+00:00","open_rate":147.88,"close_rate":142.87,"fee_open":0.0005,"fee_close":0.0005,"trade_duration":60,"profit_ratio":-0.0348444590255589,"profit_abs":-38.71686625,"exit_reason":"exit_signal","initial_stop_loss_abs":133.1,"initial_stop_loss_ratio":-0.1,"stop_loss_abs":133.1,"stop_loss_ratio":-0.1,"min_rate":142.03,"max_rate":148.47,"is_open":false,"enter_tag":"","leverage":1.0,"is_short":false,"open_timestamp":1749773700000,"close_timestamp":1749777300000,"orders":[{"amount":7.51,"safe_price":147.88,"ft_order_side":"buy","order_filled_timestamp":1749773700000,"ft_is_entry":true,"ft_order_tag":"","cost":1111.1340894},{"amount":7.51,"safe_price":142.87,"ft_order_side":"sell","order_filled_timestamp":1749777300000,"ft_is_entry":false,"ft_order_tag":"exit_signal","cost":1073.49017685}],"funding_fees":0.0},{"pair":"SOL/USDT:USDT","stake_amount":1073.4126,"max_stake_amount":1073.4126,"amount":7.41,"open_date":"2025-06-13 07:00:00+00:00","close_date":"2025-06-13 07:15:00+00:00","open_rate":144.86,"close_rate":144.42,"fee_open":0.0005,"fee_close":0.0005,"trade_duration":15,"profit_ratio":-0.004033879787981199,"profit_abs":-4.3321824,"exit_reason":"exit_signal","initial_stop_loss_abs":130.38,"initial_stop_loss_ratio":-0.1,"stop_loss_abs":130.38,"stop_loss_ratio":-0.1,"min_rate":144.11,"max_rate":145.06,"is_open":false,"enter_tag":"","leverage":1.0,"is_short":false,"open_timestamp":1749798000000,"close_timestamp":1749798900000,"orders":[{"amount":7.41,"safe_price":144.86,"ft_order_side":"buy","order_filled_timestamp":1749798000000,"ft_is_entry":true,"ft_order_tag":"","cost":1073.9493063},{"amount":7.41,"safe_price":144.42,"ft_order_side":"sell","order_filled_timestamp":1749798900000,"ft_is_entry":false,"ft_order_tag":"exit_signal","cost":1070.6872761}],"funding_fees":0.0},{"pair":"SOL/USDT:USDT","stake_amount":1068.1341,"max_stake_amount":1068.1341,"amount":7.37,"open_date":"2025-06-13 07:30:00+00:00","close_date":"2025-06-13 09:45:00+00:00","open_rate":144.93,"close_rate":144.54,"fee_open":0.0005,"fee_close":0.0005,"trade_duration":135,"profit_ratio":-0.0035951173511657936,"profit_abs":-3.84198747,"exit_reason":"exit_signal","initial_stop_loss_abs":130.44,"initial_stop_loss_ratio":-0.1,"stop_loss_abs":130.44,"stop_loss_ratio":-0.1,"min_rate":144.23,"max_rate":146.61,"is_open":false,"enter_tag":"","leverage":1.0,"is_short":false,"open_timestamp":1749799800000,"close_timestamp":1749807900000,"orders":[{"amount":7.37,"safe_price":144.93,"ft_order_side":"buy","order_filled_timestamp":1749799800000,"ft_is_entry":true,"ft_order_tag":"","cost":1068.66816705},{"amount":7.37,"safe_price":144.54,"ft_order_side":"sell","order_filled_timestamp":1749807900000,"ft_is_entry":false,"ft_order_tag":"exit_signal","cost":1065.7924299}],"funding_fees":0.09900948369387141},{"pair":"SOL/USDT:USDT","stake_amount":1064.8448,"max_stake_amount":1064.8448,"amount":7.36,"open_date":"2025-06-13 10:00:00+00:00","close_date":"2025-06-13 10:15:00+00:00","open_rate":144.68,"close_rate":144.17,"fee_open":0.0005,"fee_close":0.0005,"trade_duration":15,"profit_ratio":-0.00452099772618529,"profit_abs":-4.816568,"exit_reason":"exit_signal","initial_stop_loss_abs":130.22,"initial_stop_loss_ratio":-0.1,"stop_loss_abs":130.22,"stop_loss_ratio":-0.1,"min_rate":143.55,"max_rate":144.88,"is_open":false,"enter_tag":"","leverage":1.0,"is_short":false,"open_timestamp":1749808800000,"close_timestamp":1749809700000,"orders":[{"amount":7.36,"safe_price":144.68,"ft_order_side":"buy","order_filled_timestamp":1749808800000,"ft_is_entry":true,"ft_order_tag":"","cost":1065.3772224},{"amount":7.36,"safe_price":144.17,"ft_order_side":"sell","order_filled_timestamp":1749809700000,"ft_is_entry":false,"ft_order_tag":"exit_signal","cost":1061.6217455999997}],"funding_fees":0.0},{"pair":"SOL/USDT:USDT","stake_amount":1059.2921,"max_stake_amount":1059.2921,"amount":7.31,"open_date":"2025-06-13 11:00:00+00:00","close_date":"2025-06-13 11:30:00+00:00","open_rate":144.91,"close_rate":144.44,"fee_open":0.0005,"fee_close":0.0005,"trade_duration":30,"profit_ratio":-0.004239650928796867,"profit_abs":-4.49327425,"exit_reason":"exit_signal","initial_stop_loss_abs":130.42,"initial_stop_loss_ratio":-0.1,"stop_loss_abs":130.42,"stop_loss_ratio":-0.1,"min_rate":144.15,"max_rate":145.67,"is_open":false,"enter_tag":"","leverage":1.0,"is_short":false,"open_timestamp":1749812400000,"close_timestamp":1749814200000,"orders":[{"amount":7.31,"safe_price":144.91,"ft_order_side":"buy","order_filled_timestamp":1749812400000,"ft_is_entry":true,"ft_order_tag":"","cost":1059.8217460499998},{"amount":7.31,"safe_price":144.44,"ft_order_side":"sell","order_filled_timestamp":1749814200000,"ft_is_entry":false,"ft_order_tag":"exit_signal","cost":1056.3843281999998}],"funding_fees":0.0},{"pair":"SOL/USDT:USDT","stake_amount":1055.8184,"max_stake_amount":1055.8184,"amount":7.28,"open_date":"2025-06-13 11:45:00+00:00","close_date":"2025-06-13 14:30:00+00:00","open_rate":145.03,"close_rate":144.02,"fee_open":0.0005,"fee_close":0.0005,"trade_duration":165,"profit_ratio":-0.007956616051761749,"profit_abs":-8.404942,"exit_reason":"exit_signal","initial_stop_loss_abs":130.53,"initial_stop_loss_ratio":-0.1,"stop_loss_abs":130.53,"stop_loss_ratio":-0.1,"min_rate":143.83,"max_rate":146.41,"is_open":false,"enter_tag":"","leverage":1.0,"is_short":false,"open_timestamp":1749815100000,"close_timestamp":1749825000000,"orders":[{"amount":7.28,"safe_price":145.03,"ft_order_side":"buy","order_filled_timestamp":1749815100000,"ft_is_entry":true,"ft_order_tag":"","cost":1056.3463092},{"amount":7.28,"safe_price":144.02,"ft_order_side":"sell","order_filled_timestamp":1749825000000,"ft_is_entry":false,"ft_order_tag":"exit_signal","cost":1048.9898328000002}],"funding_fees":0.0},{"pair":"SOL/USDT:USDT","stake_amount":1046.7478,"max_stake_amount":1046.7478,"amount":7.21,"open_date":"2025-06-13 14:45:00+00:00","close_date":"2025-06-14 15:45:00+00:00","open_rate":145.18,"close_rate":143.93,"fee_open":0.0005,"fee_close":0.0005,"trade_duration":1500,"profit_ratio":-0.009724682435470595,"profit_abs":-10.18437959,"exit_reason":"exit_signal","initial_stop_loss_abs":130.67,"initial_stop_loss_ratio":-0.1,"stop_loss_abs":130.67,"stop_loss_ratio":-0.1,"min_rate":143.71,"max_rate":148.87,"is_open":false,"enter_tag":"","leverage":1.0,"is_short":false,"open_timestamp":1749825900000,"close_timestamp":1749915900000,"orders":[{"amount":7.21,"safe_price":145.18,"ft_order_side":"buy","order_filled_timestamp":1749825900000,"ft_is_entry":true,"ft_order_tag":"","cost":1047.2711739000001},{"amount":7.21,"safe_price":143.93,"ft_order_side":"sell","order_filled_timestamp":1749915900000,"ft_is_entry":false,"ft_order_tag":"exit_signal","cost":1038.25416765}],"funding_fees":-0.129638041589},{"pair":"SOL/USDT:USDT","stake_amount":1037.126,"max_stake_amount":1037.126,"amount":7.16,"open_date":"2025-06-14 23:45:00+00:00","close_date":"2025-06-15 00:00:00+00:00","open_rate":144.85,"close_rate":144.55,"fee_open":0.0005,"fee_close":0.0005,"trade_duration":15,"profit_ratio":-0.0030310322553099523,"profit_abs":-3.14513414,"exit_reason":"exit_signal","initial_stop_loss_abs":130.37,"initial_stop_loss_ratio":-0.1,"stop_loss_abs":130.37,"stop_loss_ratio":-0.1,"min_rate":144.49,"max_rate":144.94,"is_open":false,"enter_tag":"","leverage":1.0,"is_short":false,"open_timestamp":1749944700000,"close_timestamp":1749945600000,"orders":[{"amount":7.16,"safe_price":144.85,"ft_order_side":"buy","order_filled_timestamp":1749944700000,"ft_is_entry":true,"ft_order_tag":"","cost":1037.6445629999998},{"amount":7.16,"safe_price":144.55,"ft_order_side":"sell","order_filled_timestamp":1749945600000,"ft_is_entry":false,"ft_order_tag":"exit_signal","cost":1035.495489}],"funding_fees":0.03891786496},{"pair":"SOL/USDT:USDT","stake_amount":1034.586,"max_stake_amount":1034.586,"amount":7.14,"open_date":"2025-06-15 00:15:00+00:00","close_date":"2025-06-15 10:00:00+00:00","open_rate":144.9,"close_rate":144.28,"fee_open":0.0005,"fee_close":0.0005,"trade_duration":585,"profit_ratio":-0.005347805313184334,"profit_abs":-5.53553089,"exit_reason":"exit_signal","initial_stop_loss_abs":130.41,"initial_stop_loss_ratio":-0.1,"stop_loss_abs":130.41,"stop_loss_ratio":-0.1,"min_rate":144.15,"max_rate":148.06,"is_open":false,"enter_tag":"","leverage":1.0,"is_short":false,"open_timestamp":1749946500000,"close_timestamp":1749981600000,"orders":[{"amount":7.14,"safe_price":144.9,"ft_order_side":"buy","order_filled_timestamp":1749946500000,"ft_is_entry":true,"ft_order_tag":"","cost":1035.103293},{"amount":7.14,"safe_price":144.28,"ft_order_side":"sell","order_filled_timestamp":1749981600000,"ft_is_entry":false,"ft_order_tag":"exit_signal","cost":1030.6742796}],"funding_fees":-0.076358293032},{"pair":"SOL/USDT:USDT","stake_amount":1028.0868,"max_stake_amount":1028.0868,"amount":7.08,"open_date":"2025-06-15 10:15:00+00:00","close_date":"2025-06-16 18:30:00+00:00","open_rate":145.21,"close_rate":157.88,"fee_open":0.0005,"fee_close":0.0005,"trade_duration":1935,"profit_ratio":0.08586913752476123,"profit_abs":88.32506728,"exit_reason":"exit_signal","initial_stop_loss_abs":130.69,"initial_stop_loss_ratio":-0.1,"stop_loss_abs":130.69,"stop_loss_ratio":-0.1,"min_rate":144.59,"max_rate":158.15,"is_open":false,"enter_tag":"","leverage":1.0,"is_short":false,"open_timestamp":1749982500000,"close_timestamp":1750098600000,"orders":[{"amount":7.08,"safe_price":145.21,"ft_order_side":"buy","order_filled_timestamp":1749982500000,"ft_is_entry":true,"ft_order_tag":"","cost":1028.6008434},{"amount":7.08,"safe_price":157.88,"ft_order_side":"sell","order_filled_timestamp":1750098600000,"ft_is_entry":false,"ft_order_tag":"exit_signal","cost":1118.3492952000001}],"funding_fees":-0.30559412252448},{"pair":"SOL/USDT:USDT","stake_amount":1116.4647,"max_stake_amount":1116.4647,"amount":7.41,"open_date":"2025-06-17 00:00:00+00:00","close_date":"2025-06-18 13:30:00+00:00","open_rate":150.67,"close_rate":143.92,"fee_open":0.0005,"fee_close":0.0005,"trade_duration":2250,"profit_ratio":-0.04596526056271883,"profit_abs":-51.34425014,"exit_reason":"exit_signal","initial_stop_loss_abs":135.61,"initial_stop_loss_ratio":-0.1,"stop_loss_abs":135.61,"stop_loss_ratio":-0.1,"min_rate":143.69,"max_rate":154.29,"is_open":false,"enter_tag":"","leverage":1.0,"is_short":false,"open_timestamp":1750118400000,"close_timestamp":1750253400000,"orders":[{"amount":7.41,"safe_price":150.67,"ft_order_side":"buy","order_filled_timestamp":1750118400000,"ft_is_entry":true,"ft_order_tag":"","cost":1117.02293235},{"amount":7.41,"safe_price":143.92,"ft_order_side":"sell","order_filled_timestamp":1750253400000,"ft_is_entry":false,"ft_order_tag":"exit_signal","cost":1066.9804235999998}],"funding_fees":-0.23529418882116437},{"pair":"SUI/USDT:USDT","stake_amount":1065.77205,"max_stake_amount":1065.77205,"amount":391.9,"open_date":"2025-06-18 13:30:00+00:00","close_date":"2025-06-20 17:30:00+00:00","open_rate":2.7195,"close_rate":2.6809,"fee_open":0.0005,"fee_close":0.0005,"trade_duration":3120,"profit_ratio":-0.01555018964069697,"profit_abs":-16.58124397,"exit_reason":"exit_signal","initial_stop_loss_abs":2.4476,"initial_stop_loss_ratio":-0.1,"stop_loss_abs":2.4476,"stop_loss_ratio":-0.1,"min_rate":2.6474,"max_rate":2.887,"is_open":false,"enter_tag":"","leverage":1.0,"is_short":false,"open_timestamp":1750253400000,"close_timestamp":1750440600000,"orders":[{"amount":391.9,"safe_price":2.7195,"ft_order_side":"buy","order_filled_timestamp":1750253400000,"ft_is_entry":true,"ft_order_tag":"","cost":1066.304936025},{"amount":391.9,"safe_price":2.6809,"ft_order_side":"sell","order_filled_timestamp":1750440600000,"ft_is_entry":false,"ft_order_tag":"exit_signal","cost":1051.1700323549996}],"funding_fees":-0.39569558885061734},{"pair":"ETH/USDT:USDT","stake_amount":1048.6525,"max_stake_amount":1048.6525,"amount":0.434,"open_date":"2025-06-20 17:30:00+00:00","close_date":"2025-06-21 06:15:00+00:00","open_rate":2416.25,"close_rate":2422.24,"fee_open":0.0005,"fee_close":0.0005,"trade_duration":765,"profit_ratio":0.0015267217783728666,"profit_abs":1.60180111,"exit_reason":"exit_signal","initial_stop_loss_abs":2174.63,"initial_stop_loss_ratio":-0.1,"stop_loss_abs":2174.63,"stop_loss_ratio":-0.1,"min_rate":2363.88,"max_rate":2437.2,"is_open":false,"enter_tag":"","leverage":1.0,"is_short":false,"open_timestamp":1750440600000,"close_timestamp":1750486500000,"orders":[{"amount":0.434,"safe_price":2416.25,"ft_order_side":"buy","order_filled_timestamp":1750440600000,"ft_is_entry":true,"ft_order_tag":"","cost":1049.1768262499997},{"amount":0.434,"safe_price":2422.24,"ft_order_side":"sell","order_filled_timestamp":1750486500000,"ft_is_entry":false,"ft_order_tag":"exit_signal","cost":1051.77778608}],"funding_fees":0.052093435337999996},{"pair":"SUI/USDT:USDT","stake_amount":1050.896,"max_stake_amount":1050.896,"amount":385.0,"open_date":"2025-06-21 06:15:00+00:00","close_date":"2025-06-21 13:45:00+00:00","open_rate":2.7296,"close_rate":2.6676,"fee_open":0.0005,"fee_close":0.0005,"trade_duration":450,"profit_ratio":-0.02379004148867239,"profit_abs":-25.01335987,"exit_reason":"exit_signal","initial_stop_loss_abs":2.4567,"initial_stop_loss_ratio":-0.1,"stop_loss_abs":2.4567,"stop_loss_ratio":-0.1,"min_rate":2.655,"max_rate":2.7538,"is_open":false,"enter_tag":"","leverage":1.0,"is_short":false,"open_timestamp":1750486500000,"close_timestamp":1750513500000,"orders":[{"amount":385.0,"safe_price":2.7296,"ft_order_side":"buy","order_filled_timestamp":1750486500000,"ft_is_entry":true,"ft_order_tag":"","cost":1051.4214479999998},{"amount":385.0,"safe_price":2.6676,"ft_order_side":"sell","order_filled_timestamp":1750513500000,"ft_is_entry":false,"ft_order_tag":"exit_signal","cost":1027.539513}],"funding_fees":-0.10439886764999999},{"pair":"ETH/USDT:USDT","stake_amount":1025.99172,"max_stake_amount":1025.99172,"amount":0.422,"open_date":"2025-06-21 13:45:00+00:00","close_date":"2025-06-21 21:45:00+00:00","open_rate":2431.26,"close_rate":2297.51,"fee_open":0.0005,"fee_close":0.0005,"trade_duration":480,"profit_ratio":-0.05600704650619548,"profit_abs":-57.49149736,"exit_reason":"exit_signal","initial_stop_loss_abs":2188.14,"initial_stop_loss_ratio":-0.1,"stop_loss_abs":2188.14,"stop_loss_ratio":-0.1,"min_rate":2230.0,"max_rate":2434.3,"is_open":false,"enter_tag":"","leverage":1.0,"is_short":false,"open_timestamp":1750513500000,"close_timestamp":1750542300000,"orders":[{"amount":0.422,"safe_price":2431.26,"ft_order_side":"buy","order_filled_timestamp":1750513500000,"ft_is_entry":true,"ft_order_tag":"","cost":1026.50471586},{"amount":0.422,"safe_price":2297.51,"ft_order_side":"sell","order_filled_timestamp":1750542300000,"ft_is_entry":false,"ft_order_tag":"exit_signal","cost":970.03399461}],"funding_fees":-0.051226887958538574},{"pair":"SOL/USDT:USDT","stake_amount":968.043,"max_stake_amount":968.043,"amount":6.69,"open_date":"2025-06-23 23:45:00+00:00","close_date":"2025-06-24 00:00:00+00:00","open_rate":144.7,"close_rate":144.41,"fee_open":0.0005,"fee_close":0.0005,"trade_duration":15,"profit_ratio":-0.0030878074164294236,"profit_abs":-2.99062492,"exit_reason":"exit_signal","initial_stop_loss_abs":130.23,"initial_stop_loss_ratio":-0.1,"stop_loss_abs":130.23,"stop_loss_ratio":-0.1,"min_rate":144.13,"max_rate":144.81,"is_open":false,"enter_tag":"","leverage":1.0,"is_short":false,"open_timestamp":1750722300000,"close_timestamp":1750723200000,"orders":[{"amount":6.69,"safe_price":144.7,"ft_order_side":"buy","order_filled_timestamp":1750722300000,"ft_is_entry":true,"ft_order_tag":"","cost":968.5270214999999},{"amount":6.69,"safe_price":144.41,"ft_order_side":"sell","order_filled_timestamp":1750723200000,"ft_is_entry":false,"ft_order_tag":"exit_signal","cost":966.5859514499999}],"funding_fees":-0.083451968502},{"pair":"ETH/USDT:USDT","stake_amount":964.94635,"max_stake_amount":964.94635,"amount":0.401,"open_date":"2025-06-24 01:15:00+00:00","close_date":"2025-06-25 19:00:00+00:00","open_rate":2406.35,"close_rate":2417.39,"fee_open":0.0005,"fee_close":0.0005,"trade_duration":2505,"profit_ratio":0.003564095619896655,"profit_abs":3.44088064,"exit_reason":"exit_signal","initial_stop_loss_abs":2165.72,"initial_stop_loss_ratio":-0.1,"stop_loss_abs":2165.72,"stop_loss_ratio":-0.1,"min_rate":2374.9,"max_rate":2481.28,"is_open":false,"enter_tag":"","leverage":1.0,"is_short":false,"open_timestamp":1750727700000,"close_timestamp":1750878000000,"orders":[{"amount":0.401,"safe_price":2406.35,"ft_order_side":"buy","order_filled_timestamp":1750727700000,"ft_is_entry":true,"ft_order_tag":"","cost":965.428823175},{"amount":0.401,"safe_price":2417.39,"ft_order_side":"sell","order_filled_timestamp":1750878000000,"ft_is_entry":false,"ft_order_tag":"exit_signal","cost":969.8580766949999}],"funding_fees":-0.018999488160933456},{"pair":"SUI/USDT:USDT","stake_amount":969.61515,"max_stake_amount":969.61515,"amount":353.5,"open_date":"2025-06-25 19:00:00+00:00","close_date":"2025-06-26 09:15:00+00:00","open_rate":2.7429,"close_rate":2.6729,"fee_open":0.0005,"fee_close":0.0005,"trade_duration":855,"profit_ratio":-0.02646377827309122,"profit_abs":-25.67251018,"exit_reason":"exit_signal","initial_stop_loss_abs":2.4687,"initial_stop_loss_ratio":-0.1,"stop_loss_abs":2.4687,"stop_loss_ratio":-0.1,"min_rate":2.6668,"max_rate":2.8055,"is_open":false,"enter_tag":"","leverage":1.0,"is_short":false,"open_timestamp":1750878000000,"close_timestamp":1750929300000,"orders":[{"amount":353.5,"safe_price":2.7429,"ft_order_side":"buy","order_filled_timestamp":1750878000000,"ft_is_entry":true,"ft_order_tag":"","cost":970.0999575750001},{"amount":353.5,"safe_price":2.6729,"ft_order_side":"sell","order_filled_timestamp":1750929300000,"ft_is_entry":false,"ft_order_tag":"exit_signal","cost":945.3425850749999}],"funding_fees":0.029732472292991998},{"pair":"ETH/USDT:USDT","stake_amount":942.87492,"max_stake_amount":942.87492,"amount":0.388,"open_date":"2025-06-26 13:15:00+00:00","close_date":"2025-06-27 23:00:00+00:00","open_rate":2430.09,"close_rate":2421.3,"fee_open":0.0005,"fee_close":0.0005,"trade_duration":2025,"profit_ratio":-0.0046865428853765006,"profit_abs":-4.42103316,"exit_reason":"exit_signal","initial_stop_loss_abs":2187.09,"initial_stop_loss_ratio":-0.1,"stop_loss_abs":2187.09,"stop_loss_ratio":-0.1,"min_rate":2377.0,"max_rate":2463.38,"is_open":false,"enter_tag":"","leverage":1.0,"is_short":false,"open_timestamp":1750943700000,"close_timestamp":1751065200000,"orders":[{"amount":0.388,"safe_price":2430.09,"ft_order_side":"buy","order_filled_timestamp":1750943700000,"ft_is_entry":true,"ft_order_tag":"","cost":943.34635746},{"amount":0.388,"safe_price":2421.3,"ft_order_side":"sell","order_filled_timestamp":1751065200000,"ft_is_entry":false,"ft_order_tag":"exit_signal","cost":939.9341322}],"funding_fees":-0.06934350418922666},{"pair":"SUI/USDT:USDT","stake_amount":939.75431,"max_stake_amount":939.75431,"amount":346.3,"open_date":"2025-06-27 23:00:00+00:00","close_date":"2025-06-28 04:45:00+00:00","open_rate":2.7137,"close_rate":2.6857,"fee_open":0.0005,"fee_close":0.0005,"trade_duration":345,"profit_ratio":-0.011295332246381812,"profit_abs":-10.62014458,"exit_reason":"exit_signal","initial_stop_loss_abs":2.4424,"initial_stop_loss_ratio":-0.1,"stop_loss_abs":2.4424,"stop_loss_ratio":-0.1,"min_rate":2.6785,"max_rate":2.7259,"is_open":false,"enter_tag":"","leverage":1.0,"is_short":false,"open_timestamp":1751065200000,"close_timestamp":1751085900000,"orders":[{"amount":346.3,"safe_price":2.7137,"ft_order_side":"buy","order_filled_timestamp":1751065200000,"ft_is_entry":true,"ft_order_tag":"","cost":940.2241871549999},{"amount":346.3,"safe_price":2.6857,"ft_order_side":"sell","order_filled_timestamp":1751085900000,"ft_is_entry":false,"ft_order_tag":"exit_signal","cost":930.5229389550001}],"funding_fees":0.0111615312345},{"pair":"SUI/USDT:USDT","stake_amount":929.27617,"max_stake_amount":929.27617,"amount":345.7,"open_date":"2025-06-28 05:00:00+00:00","close_date":"2025-06-29 14:45:00+00:00","open_rate":2.6881,"close_rate":2.8054,"fee_open":0.0005,"fee_close":0.0005,"trade_duration":2025,"profit_ratio":0.04245157444610263,"profit_abs":39.46896113,"exit_reason":"force_exit","initial_stop_loss_abs":2.4193,"initial_stop_loss_ratio":-0.1,"stop_loss_abs":2.4193,"stop_loss_ratio":-0.1,"min_rate":2.6881,"max_rate":2.8431,"is_open":false,"enter_tag":"","leverage":1.0,"is_short":false,"open_timestamp":1751086800000,"close_timestamp":1751208300000,"orders":[{"amount":345.7,"safe_price":2.6881,"ft_order_side":"buy","order_filled_timestamp":1751086800000,"ft_is_entry":true,"ft_order_tag":"","cost":929.7408080849999},{"amount":345.7,"safe_price":2.8054,"ft_order_side":"sell","order_filled_timestamp":1751208300000,"ft_is_entry":false,"ft_order_tag":"force_exit","cost":970.31169339}],"funding_fees":-0.1320973967986}],"locks":[],"best_pair":{"key":"ETH/USDT:USDT","trades":6,"profit_mean":0.002603241108632461,"profit_mean_pct":0.26,"profit_sum":0.015619446651794766,"profit_sum_pct":1.56,"profit_total_abs":14.658980279999998,"profit_total":0.014658980279999997,"profit_total_pct":1.47,"duration_avg":"1 day, 2:48:00","wins":4,"draws":0,"losses":2,"winrate":0.6666666666666666,"cagr":0.12830920440640803,"expectancy":2.4431633799999997,"expectancy_ratio":0.0789230664448699,"sortino":0.2398692767481629,"sharpe":0.20131749976614435,"calmar":11.68166530532234,"sqn":0.1728,"profit_factor":1.23676919933461,"max_drawdown_account":0.05448698251328644,"max_drawdown_abs":58.47164988},"worst_pair":{"key":"SUI/USDT:USDT","trades":5,"profit_mean":-0.00692955344054795,"profit_mean_pct":-0.69,"profit_sum":-0.03464776720273975,"profit_sum_pct":-3.46,"profit_total_abs":-38.41829747,"profit_total":-0.03841829747,"profit_total_pct":-3.84,"duration_avg":"22:39:00","wins":1,"draws":0,"losses":4,"winrate":0.2,"cagr":-0.2774586290209924,"expectancy":-7.683659494,"expectancy_ratio":-0.39460418210174364,"sortino":-2.672316102461685,"sharpe":-0.6885050568236725,"calmar":-21.417336118227883,"sqn":-0.6343,"profit_factor":0.5067447723728205,"max_drawdown_account":0.0778872586,"max_drawdown_abs":77.8872586},"results_per_pair":[{"key":"ETH/USDT:USDT","trades":6,"profit_mean":0.002603241108632461,"profit_mean_pct":0.26,"profit_sum":0.015619446651794766,"profit_sum_pct":1.56,"profit_total_abs":14.658980279999998,"profit_total":0.014658980279999997,"profit_total_pct":1.47,"duration_avg":"1 day, 2:48:00","wins":4,"draws":0,"losses":2,"winrate":0.6666666666666666,"cagr":0.12830920440640803,"expectancy":2.4431633799999997,"expectancy_ratio":0.0789230664448699,"sortino":0.2398692767481629,"sharpe":0.20131749976614435,"calmar":11.68166530532234,"sqn":0.1728,"profit_factor":1.23676919933461,"max_drawdown_account":0.05448698251328644,"max_drawdown_abs":58.47164988},{"key":"SOL/USDT:USDT","trades":15,"profit_mean":0.0007358662581583644,"profit_mean_pct":0.07,"profit_sum":0.011037993872375466,"profit_sum_pct":1.1,"profit_total_abs":2.1192542399999983,"profit_total":0.0021192542399999983,"profit_total_pct":0.21,"duration_avg":"12:30:00","wins":3,"draws":0,"losses":12,"winrate":0.2,"cagr":0.017716686190323516,"expectancy":0.14128361600000083,"expectancy_ratio":0.008607158045631946,"sortino":0.04647747654688709,"sharpe":0.02409157333165767,"calmar":1.1401876714802244,"sqn":0.0138,"profit_factor":1.0107589475570398,"max_drawdown_account":0.08070500628572556,"max_drawdown_abs":84.99215439},{"key":"SUI/USDT:USDT","trades":5,"profit_mean":-0.00692955344054795,"profit_mean_pct":-0.69,"profit_sum":-0.03464776720273975,"profit_sum_pct":-3.46,"profit_total_abs":-38.41829747,"profit_total":-0.03841829747,"profit_total_pct":-3.84,"duration_avg":"22:39:00","wins":1,"draws":0,"losses":4,"winrate":0.2,"cagr":-0.2774586290209924,"expectancy":-7.683659494,"expectancy_ratio":-0.39460418210174364,"sortino":-2.672316102461685,"sharpe":-0.6885050568236725,"calmar":-21.417336118227883,"sqn":-0.6343,"profit_factor":0.5067447723728205,"max_drawdown_account":0.0778872586,"max_drawdown_abs":77.8872586},{"key":"TOTAL","trades":26,"profit_mean":-0.00030732025686805816,"profit_mean_pct":-0.03,"profit_sum":-0.007990326678569512,"profit_sum_pct":-0.8,"profit_total_abs":-21.640062950000008,"profit_total":-0.021640062950000007,"profit_total_pct":-2.16,"duration_avg":"17:45:00","wins":8,"draws":0,"losses":18,"winrate":0.3076923076923077,"cagr":-0.165969237590731,"expectancy":-0.8323101134615349,"expectancy_ratio":-0.04448533241141828,"sortino":-0.4894636977088392,"sharpe":-0.27155218202072695,"calmar":-5.6050784940822,"sqn":-0.1203,"profit_factor":0.9357434087390624,"max_drawdown_account":0.16763726883480715,"max_drawdown_abs":189.09198243}],"results_per_enter_tag":[{"key":"","trades":26,"profit_mean":-0.00030732025686805816,"profit_mean_pct":-0.03,"profit_sum":-0.007990326678569512,"profit_sum_pct":-0.8,"profit_total_abs":-21.640062950000008,"profit_total":-0.021640062950000007,"profit_total_pct":-2.16,"duration_avg":"17:45:00","wins":8,"draws":0,"losses":18,"winrate":0.3076923076923077,"cagr":-0.165969237590731,"expectancy":-0.8323101134615349,"expectancy_ratio":-0.04448533241141828,"sortino":-0.4894636977088392,"sharpe":-0.27155218202072695,"calmar":-5.6050784940822,"sqn":-0.1203,"profit_factor":0.9357434087390624,"max_drawdown_account":0.16763726883480715,"max_drawdown_abs":189.09198243},{"key":"TOTAL","trades":26,"profit_mean":-0.00030732025686805816,"profit_mean_pct":-0.03,"profit_sum":-0.007990326678569512,"profit_sum_pct":-0.8,"profit_total_abs":-21.640062950000008,"profit_total":-0.021640062950000007,"profit_total_pct":-2.16,"duration_avg":"17:45:00","wins":8,"draws":0,"losses":18,"winrate":0.3076923076923077,"cagr":-0.165969237590731,"expectancy":-0.8323101134615349,"expectancy_ratio":-0.04448533241141828,"sortino":-0.4894636977088392,"sharpe":-0.27155218202072695,"calmar":-5.6050784940822,"sqn":-0.1203,"profit_factor":0.9357434087390624,"max_drawdown_account":0.16763726883480715,"max_drawdown_abs":189.09198243}],"exit_reason_summary":[{"key":"force_exit","trades":1,"profit_mean":0.04245157444610263,"profit_mean_pct":4.25,"profit_sum":0.04245157444610263,"profit_sum_pct":4.25,"profit_total_abs":39.46896113,"profit_total":0.039468961129999994,"profit_total_pct":3.95,"duration_avg":"1 day, 9:45:00","wins":1,"draws":0,"losses":0,"winrate":1.0,"cagr":0.37866657729154984,"expectancy":39.46896113,"expectancy_ratio":100.0,"sortino":-100,"sharpe":-100,"calmar":-100,"sqn":-100.0,"profit_factor":0.0,"max_drawdown_account":0.0,"max_drawdown_abs":0.0},{"key":"exit_signal","trades":25,"profit_mean":-0.0020176760449868857,"profit_mean_pct":-0.2,"profit_sum":-0.050441901124672145,"profit_sum_pct":-5.04,"profit_total_abs":-61.109024080000005,"profit_total":-0.061109024080000005,"profit_total_pct":-6.11,"duration_avg":"17:07:00","wins":7,"draws":0,"losses":18,"winrate":0.28,"cagr":-0.40730625338089055,"expectancy":-2.444360963199996,"expectancy_ratio":-0.13064626780661082,"sortino":-1.3821886266544021,"sharpe":-0.7732112115747931,"calmar":-15.828090586268797,"sqn":-0.349,"profit_factor":0.8185468502685959,"max_drawdown_account":0.16763726883480715,"max_drawdown_abs":189.09198243},{"key":"TOTAL","trades":26,"profit_mean":-0.00030732025686805816,"profit_mean_pct":-0.03,"profit_sum":-0.007990326678569512,"profit_sum_pct":-0.8,"profit_total_abs":-21.640062950000008,"profit_total":-0.021640062950000007,"profit_total_pct":-2.16,"duration_avg":"17:45:00","wins":8,"draws":0,"losses":18,"winrate":0.3076923076923077,"cagr":-0.165969237590731,"expectancy":-0.8323101134615349,"expectancy_ratio":-0.04448533241141828,"sortino":-0.4894636977088392,"sharpe":-0.27155218202072695,"calmar":-5.6050784940822,"sqn":-0.1203,"profit_factor":0.9357434087390624,"max_drawdown_account":0.16763726883480715,"max_drawdown_abs":189.09198243}],"mix_tag_stats":[{"key":["","force_exit"],"trades":1,"profit_mean":0.04245157444610263,"profit_mean_pct":4.25,"profit_sum":0.04245157444610263,"profit_sum_pct":4.25,"profit_total_abs":39.46896113,"profit_total":0.039468961129999994,"profit_total_pct":3.95,"duration_avg":"1 day, 9:45:00","wins":1,"draws":0,"losses":0,"winrate":1.0,"cagr":0.37866657729154984,"expectancy":39.46896113,"expectancy_ratio":100.0,"sortino":-100,"sharpe":-100,"calmar":-100,"sqn":-100.0,"profit_factor":0.0,"max_drawdown_account":0.0,"max_drawdown_abs":0.0},{"key":["","exit_signal"],"trades":25,"profit_mean":-0.0020176760449868857,"profit_mean_pct":-0.2,"profit_sum":-0.050441901124672145,"profit_sum_pct":-5.04,"profit_total_abs":-61.109024080000005,"profit_total":-0.061109024080000005,"profit_total_pct":-6.11,"duration_avg":"17:07:00","wins":7,"draws":0,"losses":18,"winrate":0.28,"cagr":-0.40730625338089055,"expectancy":-2.444360963199996,"expectancy_ratio":-0.13064626780661082,"sortino":-1.3821886266544021,"sharpe":-0.7732112115747931,"calmar":-15.828090586268797,"sqn":-0.349,"profit_factor":0.8185468502685959,"max_drawdown_account":0.16763726883480715,"max_drawdown_abs":189.09198243},{"key":"TOTAL","trades":26,"profit_mean":-0.00030732025686805816,"profit_mean_pct":-0.03,"profit_sum":-0.007990326678569512,"profit_sum_pct":-0.8,"profit_total_abs":-21.640062950000008,"profit_total":-0.021640062950000007,"profit_total_pct":-2.16,"duration_avg":"17:45:00","wins":8,"draws":0,"losses":18,"winrate":0.3076923076923077,"cagr":-0.165969237590731,"expectancy":-0.8323101134615349,"expectancy_ratio":-0.04448533241141828,"sortino":-0.4894636977088392,"sharpe":-0.27155218202072695,"calmar":-5.6050784940822,"sqn":-0.1203,"profit_factor":0.9357434087390624,"max_drawdown_account":0.16763726883480715,"max_drawdown_abs":189.09198243}],"left_open_trades":[{"key":"SUI/USDT:USDT","trades":1,"profit_mean":0.04245157444610263,"profit_mean_pct":4.25,"profit_sum":0.04245157444610263,"profit_sum_pct":4.25,"profit_total_abs":39.46896113,"profit_total":0.039468961129999994,"profit_total_pct":3.95,"duration_avg":"1 day, 9:45:00","wins":1,"draws":0,"losses":0,"winrate":1.0,"cagr":0.37866657729154984,"expectancy":39.46896113,"expectancy_ratio":100.0,"sortino":-100,"sharpe":-100,"calmar":-100,"sqn":-100.0,"profit_factor":0.0,"max_drawdown_account":0.0,"max_drawdown_abs":0.0},{"key":"TOTAL","trades":1,"profit_mean":0.04245157444610263,"profit_mean_pct":4.25,"profit_sum":0.04245157444610263,"profit_sum_pct":4.25,"profit_total_abs":39.46896113,"profit_total":0.039468961129999994,"profit_total_pct":3.95,"duration_avg":"1 day, 9:45:00","wins":1,"draws":0,"losses":0,"winrate":1.0,"cagr":0.37866657729154984,"expectancy":39.46896113,"expectancy_ratio":100.0,"sortino":-100,"sharpe":-100,"calmar":-100,"sqn":-100.0,"profit_factor":0.0,"max_drawdown_account":0.0,"max_drawdown_abs":0.0}],"total_trades":26,"trade_count_long":26,"trade_count_short":0,"total_volume":53614.991208554995,"avg_stake_amount":1030.4060803846155,"profit_mean":-0.00030732025686805816,"profit_median":-0.004380324327491079,"profit_total":-0.021640062950000007,"profit_total_long":-0.021640062950000007,"profit_total_short":0.0,"profit_total_abs":-21.640062950000008,"profit_total_long_abs":-21.640062950000008,"profit_total_short_abs":0.0,"cagr":-0.165969237590731,"expectancy":-0.8323101134615349,"expectancy_ratio":-0.04448533241141828,"sortino":-0.4894636977088392,"sharpe":-0.27155218202072695,"calmar":-5.6050784940822,"sqn":-0.1203,"profit_factor":0.9357434087390624,"backtest_start":"2025-05-16 00:00:00","backtest_start_ts":1747353600000,"backtest_end":"2025-06-29 14:45:00","backtest_end_ts":1751208300000,"backtest_days":44,"backtest_run_start_ts":1751209571,"backtest_run_end_ts":1751209571,"trades_per_day":0.59,"market_change":-0.14632870052723476,"pairlist":["SOL/USDT:USDT","ETH/USDT:USDT","SUI/USDT:USDT"],"stake_amount":"unlimited","stake_currency":"USDT","stake_currency_decimals":3,"starting_balance":1000,"dry_run_wallet":1000,"final_balance":978.35993705,"rejected_signals":864,"timedout_entry_orders":0,"timedout_exit_orders":0,"canceled_trade_entries":0,"canceled_entry_orders":0,"replaced_entry_orders":0,"max_open_trades":1,"max_open_trades_setting":1,"timeframe":"15m","timeframe_detail":"","timerange":"","enable_protections":false,"strategy_name":"GridBotSample","stoploss":-0.1,"trailing_stop":false,"trailing_stop_positive":null,"trailing_stop_positive_offset":0.0,"trailing_only_offset_is_reached":false,"use_custom_stoploss":false,"minimal_roi":{},"use_exit_signal":true,"exit_profit_only":false,"exit_profit_offset":0.0,"ignore_roi_if_entry_signal":false,"trading_mode":"futures","margin_mode":"isolated","periodic_breakdown":{"day":[{"date":"20/05/2025","date_ts":1747699200000,"profit_abs":44.01315626,"wins":1,"draws":0,"losses":0,"trades":1,"profit_factor":0.0},{"date":"21/05/2025","date_ts":1747785600000,"profit_abs":0.0,"wins":0,"draws":0,"losses":0,"trades":0,"profit_factor":0.0},{"date":"22/05/2025","date_ts":1747872000000,"profit_abs":0.0,"wins":0,"draws":0,"losses":0,"trades":0,"profit_factor":0.0},{"date":"23/05/2025","date_ts":1747958400000,"profit_abs":0.0,"wins":0,"draws":0,"losses":0,"trades":0,"profit_factor":0.0},{"date":"24/05/2025","date_ts":1748044800000,"profit_abs":0.0,"wins":0,"draws":0,"losses":0,"trades":0,"profit_factor":0.0},{"date":"25/05/2025","date_ts":1748131200000,"profit_abs":0.0,"wins":0,"draws":0,"losses":0,"trades":0,"profit_factor":0.0},{"date":"26/05/2025","date_ts":1748217600000,"profit_abs":0.0,"wins":0,"draws":0,"losses":0,"trades":0,"profit_factor":0.0},{"date":"27/05/2025","date_ts":1748304000000,"profit_abs":0.0,"wins":0,"draws":0,"losses":0,"trades":0,"profit_factor":0.0},{"date":"28/05/2025","date_ts":1748390400000,"profit_abs":0.0,"wins":0,"draws":0,"losses":0,"trades":0,"profit_factor":0.0},{"date":"29/05/2025","date_ts":1748476800000,"profit_abs":0.0,"wins":0,"draws":0,"losses":0,"trades":0,"profit_factor":0.0},{"date":"30/05/2025","date_ts":1748563200000,"profit_abs":0.0,"wins":0,"draws":0,"losses":0,"trades":0,"profit_factor":0.0},{"date":"31/05/2025","date_ts":1748649600000,"profit_abs":0.0,"wins":0,"draws":0,"losses":0,"trades":0,"profit_factor":0.0},{"date":"01/06/2025","date_ts":1748736000000,"profit_abs":0.0,"wins":0,"draws":0,"losses":0,"trades":0,"profit_factor":0.0},{"date":"02/06/2025","date_ts":1748822400000,"profit_abs":53.12121641,"wins":1,"draws":0,"losses":0,"trades":1,"profit_factor":0.0},{"date":"03/06/2025","date_ts":1748908800000,"profit_abs":0.0,"wins":0,"draws":0,"losses":0,"trades":0,"profit_factor":0.0},{"date":"04/06/2025","date_ts":1748995200000,"profit_abs":0.0,"wins":0,"draws":0,"losses":0,"trades":0,"profit_factor":0.0},{"date":"05/06/2025","date_ts":1749081600000,"profit_abs":-59.17024006,"wins":0,"draws":0,"losses":1,"trades":1,"profit_factor":0.0},{"date":"06/06/2025","date_ts":1749168000000,"profit_abs":0.0,"wins":0,"draws":0,"losses":0,"trades":0,"profit_factor":0.0},{"date":"07/06/2025","date_ts":1749254400000,"profit_abs":27.51567279,"wins":1,"draws":0,"losses":0,"trades":1,"profit_factor":0.0},{"date":"08/06/2025","date_ts":1749340800000,"profit_abs":0.0,"wins":0,"draws":0,"losses":0,"trades":0,"profit_factor":0.0},{"date":"09/06/2025","date_ts":1749427200000,"profit_abs":57.64895066,"wins":1,"draws":0,"losses":0,"trades":1,"profit_factor":0.0},{"date":"10/06/2025","date_ts":1749513600000,"profit_abs":0.0,"wins":0,"draws":0,"losses":0,"trades":0,"profit_factor":0.0},{"date":"11/06/2025","date_ts":1749600000000,"profit_abs":0.0,"wins":0,"draws":0,"losses":0,"trades":0,"profit_factor":0.0},{"date":"12/06/2025","date_ts":1749686400000,"profit_abs":0.0,"wins":0,"draws":0,"losses":0,"trades":0,"profit_factor":0.0},{"date":"13/06/2025","date_ts":1749772800000,"profit_abs":-64.60582037,"wins":0,"draws":0,"losses":6,"trades":6,"profit_factor":0.0},{"date":"14/06/2025","date_ts":1749859200000,"profit_abs":-10.18437959,"wins":0,"draws":0,"losses":1,"trades":1,"profit_factor":0.0},{"date":"15/06/2025","date_ts":1749945600000,"profit_abs":-8.68066503,"wins":0,"draws":0,"losses":2,"trades":2,"profit_factor":0.0},{"date":"16/06/2025","date_ts":1750032000000,"profit_abs":88.32506728,"wins":1,"draws":0,"losses":0,"trades":1,"profit_factor":0.0},{"date":"17/06/2025","date_ts":1750118400000,"profit_abs":0.0,"wins":0,"draws":0,"losses":0,"trades":0,"profit_factor":0.0},{"date":"18/06/2025","date_ts":1750204800000,"profit_abs":-51.34425014,"wins":0,"draws":0,"losses":1,"trades":1,"profit_factor":0.0},{"date":"19/06/2025","date_ts":1750291200000,"profit_abs":0.0,"wins":0,"draws":0,"losses":0,"trades":0,"profit_factor":0.0},{"date":"20/06/2025","date_ts":1750377600000,"profit_abs":-16.58124397,"wins":0,"draws":0,"losses":1,"trades":1,"profit_factor":0.0},{"date":"21/06/2025","date_ts":1750464000000,"profit_abs":-80.90305612,"wins":1,"draws":0,"losses":2,"trades":3,"profit_factor":0.01941463},{"date":"22/06/2025","date_ts":1750550400000,"profit_abs":0.0,"wins":0,"draws":0,"losses":0,"trades":0,"profit_factor":0.0},{"date":"23/06/2025","date_ts":1750636800000,"profit_abs":0.0,"wins":0,"draws":0,"losses":0,"trades":0,"profit_factor":0.0},{"date":"24/06/2025","date_ts":1750723200000,"profit_abs":-2.99062492,"wins":0,"draws":0,"losses":1,"trades":1,"profit_factor":0.0},{"date":"25/06/2025","date_ts":1750809600000,"profit_abs":3.44088064,"wins":1,"draws":0,"losses":0,"trades":1,"profit_factor":0.0},{"date":"26/06/2025","date_ts":1750896000000,"profit_abs":-25.67251018,"wins":0,"draws":0,"losses":1,"trades":1,"profit_factor":0.0},{"date":"27/06/2025","date_ts":1750982400000,"profit_abs":-4.42103316,"wins":0,"draws":0,"losses":1,"trades":1,"profit_factor":0.0},{"date":"28/06/2025","date_ts":1751068800000,"profit_abs":-10.62014458,"wins":0,"draws":0,"losses":1,"trades":1,"profit_factor":0.0},{"date":"29/06/2025","date_ts":1751155200000,"profit_abs":39.46896113,"wins":1,"draws":0,"losses":0,"trades":1,"profit_factor":0.0}],"week":[{"date":"26/05/2025","date_ts":1748217600000,"profit_abs":44.01315626,"wins":1,"draws":0,"losses":0,"trades":1,"profit_factor":0.0},{"date":"02/06/2025","date_ts":1748822400000,"profit_abs":53.12121641,"wins":1,"draws":0,"losses":0,"trades":1,"profit_factor":0.0},{"date":"09/06/2025","date_ts":1749427200000,"profit_abs":25.99438339,"wins":2,"draws":0,"losses":1,"trades":3,"profit_factor":1.43931516},{"date":"16/06/2025","date_ts":1750032000000,"profit_abs":4.85420229,"wins":1,"draws":0,"losses":9,"trades":10,"profit_factor":1.05815445},{"date":"23/06/2025","date_ts":1750636800000,"profit_abs":-148.82855023,"wins":1,"draws":0,"losses":4,"trades":5,"profit_factor":0.01064812},{"date":"30/06/2025","date_ts":1751241600000,"profit_abs":-0.79447107,"wins":2,"draws":0,"losses":4,"trades":6,"profit_factor":0.98182168}],"month":[{"date":"31/05/2025","date_ts":1748649600000,"profit_abs":44.01315626,"wins":1,"draws":0,"losses":0,"trades":1,"profit_factor":0.0},{"date":"30/06/2025","date_ts":1751241600000,"profit_abs":-65.65321921,"wins":7,"draws":0,"losses":18,"trades":25,"profit_factor":0.80505361}],"year":[{"date":"31/12/2025","date_ts":1767139200000,"profit_abs":-21.64006295,"wins":8,"draws":0,"losses":18,"trades":26,"profit_factor":0.93574341}]},"backtest_best_day":0.08586913752476123,"backtest_worst_day":-0.078270366216495,"backtest_best_day_abs":88.32506728,"backtest_worst_day_abs":-80.90305612,"winning_days":7,"draw_days":23,"losing_days":11,"daily_profit":[["2025-05-20",44.01315626],["2025-05-21",0.0],["2025-05-22",0.0],["2025-05-23",0.0],["2025-05-24",0.0],["2025-05-25",0.0],["2025-05-26",0.0],["2025-05-27",0.0],["2025-05-28",0.0],["2025-05-29",0.0],["2025-05-30",0.0],["2025-05-31",0.0],["2025-06-01",0.0],["2025-06-02",53.12121641],["2025-06-03",0.0],["2025-06-04",0.0],["2025-06-05",-59.17024006],["2025-06-06",0.0],["2025-06-07",27.51567279],["2025-06-08",0.0],["2025-06-09",57.64895066],["2025-06-10",0.0],["2025-06-11",0.0],["2025-06-12",0.0],["2025-06-13",-64.60582037],["2025-06-14",-10.18437959],["2025-06-15",-8.68066503],["2025-06-16",88.32506728],["2025-06-17",0.0],["2025-06-18",-51.34425014],["2025-06-19",0.0],["2025-06-20",-16.58124397],["2025-06-21",-80.90305612],["2025-06-22",0.0],["2025-06-23",0.0],["2025-06-24",-2.99062492],["2025-06-25",3.44088064],["2025-06-26",-25.67251018],["2025-06-27",-4.42103316],["2025-06-28",-10.62014458],["2025-06-29",39.46896113]],"wins":8,"losses":18,"draws":0,"winrate":0.3076923076923077,"holding_avg":"17:45:00","holding_avg_s":63900.0,"winner_holding_min":"0d 12:45","winner_holding_min_s":45900.0,"winner_holding_max":"2d 06:15","winner_holding_max_s":195300.0,"winner_holding_avg":"1d 07:43","winner_holding_avg_s":114180.0,"loser_holding_min":"0d 00:15","loser_holding_min_s":900.0,"loser_holding_max":"2d 04:00","loser_holding_max_s":187200.0,"loser_holding_avg":"0d 11:32","loser_holding_avg_s":41520.0,"max_consecutive_wins":2,"max_consecutive_losses":9,"max_drawdown_account":0.16763726883480715,"max_relative_drawdown":0.16763726883480715,"max_drawdown_abs":189.09198243,"drawdown_start":"2025-06-16 18:30:00","drawdown_start_ts":1750098600000.0,"drawdown_end":"2025-06-28 04:45:00","drawdown_end_ts":1751085900000.0,"max_drawdown_low":-61.10902408000002,"max_drawdown_high":127.98295834999999,"csum_min":938.89097592,"csum_max":1127.98295835}},"strategy_comparison":[{"key":"GridBotSample","trades":26,"profit_mean":-0.00030732025686805816,"profit_mean_pct":-0.03,"profit_sum":-0.007990326678569512,"profit_sum_pct":-0.8,"profit_total_abs":-21.640062950000008,"profit_total":-0.021640062950000007,"profit_total_pct":-2.16,"duration_avg":"17:45:00","wins":8,"draws":0,"losses":18,"winrate":0.3076923076923077,"cagr":-0.165969237590731,"expectancy":-0.8323101134615349,"expectancy_ratio":-0.04448533241141828,"sortino":-0.4894636977088392,"sharpe":-0.27155218202072695,"calmar":-5.6050784940822,"sqn":-0.1203,"profit_factor":0.9357434087390624,"max_drawdown_account":0.16763726883480715,"max_drawdown_abs":"189.092"}]}