{"strategy":{"GridBotSample":{"trades":[{"pair":"ETH/USDT:USDT","stake_amount":329.36576,"max_stake_amount":329.36576,"amount":0.128,"open_date":"2025-05-16 05:00:00+00:00","close_date":"2025-05-17 02:15:00+00:00","open_rate":2573.17,"close_rate":2456.2,"fee_open":0.0005,"fee_close":0.0005,"trade_duration":1275,"profit_ratio":-0.0466102607873265,"profit_abs":-15.35949988,"exit_reason":"exit_signal","initial_stop_loss_abs":2315.86,"initial_stop_loss_ratio":-0.1,"stop_loss_abs":2315.86,"stop_loss_ratio":-0.1,"min_rate":2450.62,"max_rate":2648.68,"is_open":false,"enter_tag":"","leverage":1.0,"is_short":false,"open_timestamp":1747371600000,"close_timestamp":1747448100000,"orders":[{"amount":0.128,"safe_price":2573.17,"ft_order_side":"buy","order_filled_timestamp":1747371600000,"ft_is_entry":true,"ft_order_tag":"","cost":329.53044288},{"amount":0.128,"safe_price":2456.2,"ft_order_side":"sell","order_filled_timestamp":1747448100000,"ft_is_entry":false,"ft_order_tag":"exit_signal","cost":314.5507968}],"funding_fees":-0.06546019827892426},{"pair":"ETH/USDT:USDT","stake_amount":322.647,"max_stake_amount":322.647,"amount":0.13,"open_date":"2025-05-17 02:30:00+00:00","close_date":"2025-05-17 13:30:00+00:00","open_rate":2481.9,"close_rate":2468.48,"fee_open":0.0005,"fee_close":0.0005,"trade_duration":660,"profit_ratio":-0.006382350175056748,"profit_abs":-2.06027576,"exit_reason":"exit_signal","initial_stop_loss_abs":2233.71,"initial_stop_loss_ratio":-0.1,"stop_loss_abs":2233.71,"stop_loss_ratio":-0.1,"min_rate":2451.59,"max_rate":2512.33,"is_open":false,"enter_tag":"","leverage":1.0,"is_short":false,"open_timestamp":1747449000000,"close_timestamp":1747488600000,"orders":[{"amount":0.13,"safe_price":2481.9,"ft_order_side":"buy","order_filled_timestamp":1747449000000,"ft_is_entry":true,"ft_order_tag":"","cost":322.80832350000003},{"amount":0.13,"safe_price":2468.48,"ft_order_side":"sell","order_filled_timestamp":1747488600000,"ft_is_entry":false,"ft_order_tag":"exit_signal","cost":321.06285119999995}],"funding_fees":0.0060989428500000005},{"pair":"ETH/USDT:USDT","stake_amount":322.2687,"max_stake_amount":322.2687,"amount":0.13,"open_date":"2025-05-17 14:30:00+00:00","close_date":"2025-05-17 16:30:00+00:00","open_rate":2478.99,"close_rate":2466.7,"fee_open":0.0005,"fee_close":0.0005,"trade_duration":120,"profit_ratio":-0.005975533293574078,"profit_abs":-1.92669021,"exit_reason":"exit_signal","initial_stop_loss_abs":2231.1,"initial_stop_loss_ratio":-0.1,"stop_loss_abs":2231.1,"stop_loss_ratio":-0.1,"min_rate":2450.25,"max_rate":2484.97,"is_open":false,"enter_tag":"","leverage":1.0,"is_short":false,"open_timestamp":1747492200000,"close_timestamp":1747499400000,"orders":[{"amount":0.13,"safe_price":2478.99,"ft_order_side":"buy","order_filled_timestamp":1747492200000,"ft_is_entry":true,"ft_order_tag":"","cost":322.42983434999996},{"amount":0.13,"safe_price":2466.7,"ft_order_side":"sell","order_filled_timestamp":1747499400000,"ft_is_entry":false,"ft_order_tag":"exit_signal","cost":320.83133549999997}],"funding_fees":-0.00752036063791883},{"pair":"ETH/USDT:USDT","stake_amount":321.2326,"max_stake_amount":321.2326,"amount":0.13,"open_date":"2025-05-17 17:15:00+00:00","close_date":"2025-05-17 18:00:00+00:00","open_rate":2471.02,"close_rate":2469.1,"fee_open":0.0005,"fee_close":0.0005,"trade_duration":45,"profit_ratio":-0.0017757306970265382,"profit_abs":-0.5707078,"exit_reason":"exit_signal","initial_stop_loss_abs":2223.92,"initial_stop_loss_ratio":-0.1,"stop_loss_abs":2223.92,"stop_loss_ratio":-0.1,"min_rate":2462.66,"max_rate":2482.55,"is_open":false,"enter_tag":"","leverage":1.0,"is_short":false,"open_timestamp":1747502100000,"close_timestamp":1747504800000,"orders":[{"amount":0.13,"safe_price":2471.02,"ft_order_side":"buy","order_filled_timestamp":1747502100000,"ft_is_entry":true,"ft_order_tag":"","cost":321.39321629999995},{"amount":0.13,"safe_price":2469.1,"ft_order_side":"sell","order_filled_timestamp":1747504800000,"ft_is_entry":false,"ft_order_tag":"exit_signal","cost":321.1434915}],"funding_fees":0.0},{"pair":"ETH/USDT:USDT","stake_amount":322.1686,"max_stake_amount":322.1686,"amount":0.13,"open_date":"2025-05-17 18:15:00+00:00","close_date":"2025-05-17 19:00:00+00:00","open_rate":2478.22,"close_rate":2465.94,"fee_open":0.0005,"fee_close":0.0005,"trade_duration":45,"profit_ratio":-0.0059497169929130225,"profit_abs":-1.9177704,"exit_reason":"exit_signal","initial_stop_loss_abs":2230.4,"initial_stop_loss_ratio":-0.1,"stop_loss_abs":2230.4,"stop_loss_ratio":-0.1,"min_rate":2460.66,"max_rate":2488.0,"is_open":false,"enter_tag":"","leverage":1.0,"is_short":false,"open_timestamp":1747505700000,"close_timestamp":1747508400000,"orders":[{"amount":0.13,"safe_price":2478.22,"ft_order_side":"buy","order_filled_timestamp":1747505700000,"ft_is_entry":true,"ft_order_tag":"","cost":322.32968429999994},{"amount":0.13,"safe_price":2465.94,"ft_order_side":"sell","order_filled_timestamp":1747508400000,"ft_is_entry":false,"ft_order_tag":"exit_signal","cost":320.7324861}],"funding_fees":0.0},{"pair":"ETH/USDT:USDT","stake_amount":321.6304,"max_stake_amount":321.6304,"amount":0.13,"open_date":"2025-05-17 19:15:00+00:00","close_date":"2025-05-17 20:00:00+00:00","open_rate":2474.08,"close_rate":2468.9,"fee_open":0.0005,"fee_close":0.0005,"trade_duration":45,"profit_ratio":-0.0030911151486275874,"profit_abs":-0.9946937,"exit_reason":"exit_signal","initial_stop_loss_abs":2226.68,"initial_stop_loss_ratio":-0.1,"stop_loss_abs":2226.68,"stop_loss_ratio":-0.1,"min_rate":2463.23,"max_rate":2479.44,"is_open":false,"enter_tag":"","leverage":1.0,"is_short":false,"open_timestamp":1747509300000,"close_timestamp":1747512000000,"orders":[{"amount":0.13,"safe_price":2474.08,"ft_order_side":"buy","order_filled_timestamp":1747509300000,"ft_is_entry":true,"ft_order_tag":"","cost":321.7912152},{"amount":0.13,"safe_price":2468.9,"ft_order_side":"sell","order_filled_timestamp":1747512000000,"ft_is_entry":false,"ft_order_tag":"exit_signal","cost":321.11747850000006}],"funding_fees":0.0},{"pair":"ETH/USDT:USDT","stake_amount":321.4822,"max_stake_amount":321.4822,"amount":0.13,"open_date":"2025-05-17 20:30:00+00:00","close_date":"2025-05-17 22:15:00+00:00","open_rate":2472.94,"close_rate":2468.19,"fee_open":0.0005,"fee_close":0.0005,"trade_duration":105,"profit_ratio":-0.002918371057016802,"profit_abs":-0.93867345,"exit_reason":"exit_signal","initial_stop_loss_abs":2225.65,"initial_stop_loss_ratio":-0.1,"stop_loss_abs":2225.65,"stop_loss_ratio":-0.1,"min_rate":2456.0,"max_rate":2495.55,"is_open":false,"enter_tag":"","leverage":1.0,"is_short":false,"open_timestamp":1747513800000,"close_timestamp":1747520100000,"orders":[{"amount":0.13,"safe_price":2472.94,"ft_order_side":"buy","order_filled_timestamp":1747513800000,"ft_is_entry":true,"ft_order_tag":"","cost":321.64294110000003},{"amount":0.13,"safe_price":2468.19,"ft_order_side":"sell","order_filled_timestamp":1747520100000,"ft_is_entry":false,"ft_order_tag":"exit_signal","cost":321.02513235000004}],"funding_fees":0.0},{"pair":"ETH/USDT:USDT","stake_amount":321.6473,"max_stake_amount":321.6473,"amount":0.13,"open_date":"2025-05-17 23:30:00+00:00","close_date":"2025-05-18 03:30:00+00:00","open_rate":2474.21,"close_rate":2467.56,"fee_open":0.0005,"fee_close":0.0005,"trade_duration":240,"profit_ratio":-0.0037381710453908857,"profit_abs":-1.20297381,"exit_reason":"exit_signal","initial_stop_loss_abs":2226.79,"initial_stop_loss_ratio":-0.1,"stop_loss_abs":2226.79,"stop_loss_ratio":-0.1,"min_rate":2466.74,"max_rate":2486.78,"is_open":false,"enter_tag":"","leverage":1.0,"is_short":false,"open_timestamp":1747524600000,"close_timestamp":1747539000000,"orders":[{"amount":0.13,"safe_price":2474.21,"ft_order_side":"buy","order_filled_timestamp":1747524600000,"ft_is_entry":true,"ft_order_tag":"","cost":321.80812365},{"amount":0.13,"safe_price":2467.56,"ft_order_side":"sell","order_filled_timestamp":1747539000000,"ft_is_entry":false,"ft_order_tag":"exit_signal","cost":320.9431914}],"funding_fees":-0.017258757022000002},{"pair":"ETH/USDT:USDT","stake_amount":319.80132,"max_stake_amount":319.80132,"amount":0.129,"open_date":"2025-05-18 03:45:00+00:00","close_date":"2025-05-18 04:30:00+00:00","open_rate":2479.08,"close_rate":2481.15,"fee_open":0.0005,"fee_close":0.0005,"trade_duration":45,"profit_ratio":-0.0001653476314750599,"profit_abs":-0.05290483,"exit_reason":"exit_signal","initial_stop_loss_abs":2231.18,"initial_stop_loss_ratio":-0.1,"stop_loss_abs":2231.18,"stop_loss_ratio":-0.1,"min_rate":2475.14,"max_rate":2487.82,"is_open":false,"enter_tag":"","leverage":1.0,"is_short":false,"open_timestamp":1747539900000,"close_timestamp":1747542600000,"orders":[{"amount":0.129,"safe_price":2479.08,"ft_order_side":"buy","order_filled_timestamp":1747539900000,"ft_is_entry":true,"ft_order_tag":"","cost":319.96122066},{"amount":0.129,"safe_price":2481.15,"ft_order_side":"sell","order_filled_timestamp":1747542600000,"ft_is_entry":false,"ft_order_tag":"exit_signal","cost":320.228384175}],"funding_fees":0.0},{"pair":"ETH/USDT:USDT","stake_amount":320.81784,"max_stake_amount":320.81784,"amount":0.129,"open_date":"2025-05-18 04:45:00+00:00","close_date":"2025-05-18 18:45:00+00:00","open_rate":2486.96,"close_rate":2470.73,"fee_open":0.0005,"fee_close":0.0005,"trade_duration":840,"profit_ratio":-0.007569841408803957,"profit_abs":-2.42975444,"exit_reason":"exit_signal","initial_stop_loss_abs":2238.27,"initial_stop_loss_ratio":-0.1,"stop_loss_abs":2238.27,"stop_loss_ratio":-0.1,"min_rate":2448.77,"max_rate":2587.52,"is_open":false,"enter_tag":"","leverage":1.0,"is_short":false,"open_timestamp":1747543500000,"close_timestamp":1747593900000,"orders":[{"amount":0.129,"safe_price":2486.96,"ft_order_side":"buy","order_filled_timestamp":1747543500000,"ft_is_entry":true,"ft_order_tag":"","cost":320.97824892},{"amount":0.129,"safe_price":2470.73,"ft_order_side":"sell","order_filled_timestamp":1747593900000,"ft_is_entry":false,"ft_order_tag":"exit_signal","cost":318.883532085}],"funding_fees":-0.016313434397379156},{"pair":"ETH/USDT:USDT","stake_amount":318.74094,"max_stake_amount":318.74094,"amount":0.129,"open_date":"2025-05-19 16:30:00+00:00","close_date":"2025-05-20 14:15:00+00:00","open_rate":2470.86,"close_rate":2469.17,"fee_open":0.0005,"fee_close":0.0005,"trade_duration":1305,"profit_ratio":-0.0018343965834897856,"profit_abs":-0.58498964,"exit_reason":"exit_signal","initial_stop_loss_abs":2223.78,"initial_stop_loss_ratio":-0.1,"stop_loss_abs":2223.78,"stop_loss_ratio":-0.1,"min_rate":2462.27,"max_rate":2588.0,"is_open":false,"enter_tag":"","leverage":1.0,"is_short":false,"open_timestamp":1747672200000,"close_timestamp":1747750500000,"orders":[{"amount":0.129,"safe_price":2470.86,"ft_order_side":"buy","order_filled_timestamp":1747672200000,"ft_is_entry":true,"ft_order_tag":"","cost":318.90031047},{"amount":0.129,"safe_price":2469.17,"ft_order_side":"sell","order_filled_timestamp":1747750500000,"ft_is_entry":false,"ft_order_tag":"exit_signal","cost":318.682191465}],"funding_fees":-0.04834770410101602},{"pair":"ETH/USDT:USDT","stake_amount":318.9138,"max_stake_amount":318.9138,"amount":0.129,"open_date":"2025-05-20 14:30:00+00:00","close_date":"2025-05-20 15:00:00+00:00","open_rate":2472.2,"close_rate":2467.66,"fee_open":0.0005,"fee_close":0.0005,"trade_duration":30,"profit_ratio":-0.0028340857481622427,"profit_abs":-0.90428097,"exit_reason":"exit_signal","initial_stop_loss_abs":2224.98,"initial_stop_loss_ratio":-0.1,"stop_loss_abs":2224.98,"stop_loss_ratio":-0.1,"min_rate":2465.15,"max_rate":2483.0,"is_open":false,"enter_tag":"","leverage":1.0,"is_short":false,"open_timestamp":1747751400000,"close_timestamp":1747753200000,"orders":[{"amount":0.129,"safe_price":2472.2,"ft_order_side":"buy","order_filled_timestamp":1747751400000,"ft_is_entry":true,"ft_order_tag":"","cost":319.0732569},{"amount":0.129,"safe_price":2467.66,"ft_order_side":"sell","order_filled_timestamp":1747753200000,"ft_is_entry":false,"ft_order_tag":"exit_signal","cost":318.48730406999994}],"funding_fees":0.0},{"pair":"ETH/USDT:USDT","stake_amount":319.41432,"max_stake_amount":319.41432,"amount":0.129,"open_date":"2025-05-20 15:15:00+00:00","close_date":"2025-05-20 18:30:00+00:00","open_rate":2476.08,"close_rate":2470.81,"fee_open":0.0005,"fee_close":0.0005,"trade_duration":195,"profit_ratio":-0.0031374964946635055,"profit_abs":-1.00266239,"exit_reason":"exit_signal","initial_stop_loss_abs":2228.48,"initial_stop_loss_ratio":-0.1,"stop_loss_abs":2228.48,"stop_loss_ratio":-0.1,"min_rate":2465.6,"max_rate":2507.78,"is_open":false,"enter_tag":"","leverage":1.0,"is_short":false,"open_timestamp":1747754100000,"close_timestamp":1747765800000,"orders":[{"amount":0.129,"safe_price":2476.08,"ft_order_side":"buy","order_filled_timestamp":1747754100000,"ft_is_entry":true,"ft_order_tag":"","cost":319.57402715999996},{"amount":0.129,"safe_price":2470.81,"ft_order_side":"sell","order_filled_timestamp":1747765800000,"ft_is_entry":false,"ft_order_tag":"exit_signal","cost":318.893857245}],"funding_fees":-0.003757981044},{"pair":"ETH/USDT:USDT","stake_amount":319.85421,"max_stake_amount":319.85421,"amount":0.129,"open_date":"2025-05-20 19:30:00+00:00","close_date":"2025-05-21 19:15:00+00:00","open_rate":2479.49,"close_rate":2470.37,"fee_open":0.0005,"fee_close":0.0005,"trade_duration":1425,"profit_ratio":-0.004813961982856195,"profit_abs":-1.54053589,"exit_reason":"exit_signal","initial_stop_loss_abs":2231.55,"initial_stop_loss_ratio":-0.1,"stop_loss_abs":2231.55,"stop_loss_ratio":-0.1,"min_rate":2450.72,"max_rate":2615.46,"is_open":false,"enter_tag":"","leverage":1.0,"is_short":false,"open_timestamp":1747769400000,"close_timestamp":1747854900000,"orders":[{"amount":0.129,"safe_price":2479.49,"ft_order_side":"buy","order_filled_timestamp":1747769400000,"ft_is_entry":true,"ft_order_tag":"","cost":320.014137105},{"amount":0.129,"safe_price":2470.37,"ft_order_side":"sell","order_filled_timestamp":1747854900000,"ft_is_entry":false,"ft_order_tag":"exit_signal","cost":318.837068865}],"funding_fees":-0.044789918946},{"pair":"ETH/USDT:USDT","stake_amount":317.35746,"max_stake_amount":317.35746,"amount":0.126,"open_date":"2025-05-21 22:30:00+00:00","close_date":"2025-05-23 02:30:00+00:00","open_rate":2518.71,"close_rate":2722.0,"fee_open":0.0005,"fee_close":0.0005,"trade_duration":1680,"profit_ratio":0.0793043407516749,"profit_abs":25.18040806,"exit_reason":"exit_signal","initial_stop_loss_abs":2266.84,"initial_stop_loss_ratio":-0.1,"stop_loss_abs":2266.84,"stop_loss_ratio":-0.1,"min_rate":2515.5,"max_rate":2734.3,"is_open":false,"enter_tag":"","leverage":1.0,"is_short":false,"open_timestamp":1747866600000,"close_timestamp":1747967400000,"orders":[{"amount":0.126,"safe_price":2518.71,"ft_order_side":"buy","order_filled_timestamp":1747866600000,"ft_is_entry":true,"ft_order_tag":"","cost":317.51613872999997},{"amount":0.126,"safe_price":2722.0,"ft_order_side":"sell","order_filled_timestamp":1747967400000,"ft_is_entry":false,"ft_order_tag":"exit_signal","cost":343.14348599999994}],"funding_fees":-0.1039672133766},{"pair":"ETH/USDT:USDT","stake_amount":325.452,"max_stake_amount":325.452,"amount":0.12,"open_date":"2025-05-23 02:45:00+00:00","close_date":"2025-05-24 18:15:00+00:00","open_rate":2712.1,"close_rate":2561.57,"fee_open":0.0005,"fee_close":0.0005,"trade_duration":2370,"profit_ratio":-0.05668892241685653,"profit_abs":-18.45874794,"exit_reason":"exit_signal","initial_stop_loss_abs":2440.89,"initial_stop_loss_ratio":-0.1,"stop_loss_abs":2440.89,"stop_loss_ratio":-0.1,"min_rate":2497.0,"max_rate":2730.13,"is_open":false,"enter_tag":"","leverage":1.0,"is_short":false,"open_timestamp":1747968300000,"close_timestamp":1748110500000,"orders":[{"amount":0.12,"safe_price":2712.1,"ft_order_side":"buy","order_filled_timestamp":1747968300000,"ft_is_entry":true,"ft_order_tag":"","cost":325.61472599999996},{"amount":0.12,"safe_price":2561.57,"ft_order_side":"sell","order_filled_timestamp":1748110500000,"ft_is_entry":false,"ft_order_tag":"exit_signal","cost":307.54209419999995}],"funding_fees":-0.07872774425542471},{"pair":"ETH/USDT:USDT","stake_amount":320.0325,"max_stake_amount":320.0325,"amount":0.125,"open_date":"2025-05-24 18:30:00+00:00","close_date":"2025-05-24 19:45:00+00:00","open_rate":2560.26,"close_rate":2550.78,"fee_open":0.0005,"fee_close":0.0005,"trade_duration":75,"profit_ratio":-0.004698548290945573,"profit_abs":-1.50444,"exit_reason":"exit_signal","initial_stop_loss_abs":2304.24,"initial_stop_loss_ratio":-0.1,"stop_loss_abs":2304.24,"stop_loss_ratio":-0.1,"min_rate":2543.32,"max_rate":2560.37,"is_open":false,"enter_tag":"","leverage":1.0,"is_short":false,"open_timestamp":1748111400000,"close_timestamp":1748115900000,"orders":[{"amount":0.125,"safe_price":2560.26,"ft_order_side":"buy","order_filled_timestamp":1748111400000,"ft_is_entry":true,"ft_order_tag":"","cost":320.19251625},{"amount":0.125,"safe_price":2550.78,"ft_order_side":"sell","order_filled_timestamp":1748115900000,"ft_is_entry":false,"ft_order_tag":"exit_signal","cost":319.00692375}],"funding_fees":0.0},{"pair":"ETH/USDT:USDT","stake_amount":319.1675,"max_stake_amount":319.1675,"amount":0.125,"open_date":"2025-05-24 20:00:00+00:00","close_date":"2025-05-24 20:30:00+00:00","open_rate":2553.34,"close_rate":2551.83,"fee_open":0.0005,"fee_close":0.0005,"trade_duration":30,"profit_ratio":-0.001590291415423982,"profit_abs":-0.50782312,"exit_reason":"exit_signal","initial_stop_loss_abs":2298.01,"initial_stop_loss_ratio":-0.1,"stop_loss_abs":2298.01,"stop_loss_ratio":-0.1,"min_rate":2548.46,"max_rate":2555.47,"is_open":false,"enter_tag":"","leverage":1.0,"is_short":false,"open_timestamp":1748116800000,"close_timestamp":1748118600000,"orders":[{"amount":0.125,"safe_price":2553.34,"ft_order_side":"buy","order_filled_timestamp":1748116800000,"ft_is_entry":true,"ft_order_tag":"","cost":319.32708375},{"amount":0.125,"safe_price":2551.83,"ft_order_side":"sell","order_filled_timestamp":1748118600000,"ft_is_entry":false,"ft_order_tag":"exit_signal","cost":319.13823937499996}],"funding_fees":0.0},{"pair":"ETH/USDT:USDT","stake_amount":320.91066,"max_stake_amount":320.91066,"amount":0.126,"open_date":"2025-05-24 21:15:00+00:00","close_date":"2025-05-25 19:00:00+00:00","open_rate":2546.91,"close_rate":2514.89,"fee_open":0.0005,"fee_close":0.0005,"trade_duration":1305,"profit_ratio":-0.013739299299677056,"profit_abs":-4.41129215,"exit_reason":"exit_signal","initial_stop_loss_abs":2292.22,"initial_stop_loss_ratio":-0.1,"stop_loss_abs":2292.22,"stop_loss_ratio":-0.1,"min_rate":2457.6,"max_rate":2547.35,"is_open":false,"enter_tag":"","leverage":1.0,"is_short":false,"open_timestamp":1748121300000,"close_timestamp":1748199600000,"orders":[{"amount":0.126,"safe_price":2546.91,"ft_order_side":"buy","order_filled_timestamp":1748121300000,"ft_is_entry":true,"ft_order_tag":"","cost":321.07111533},{"amount":0.126,"safe_price":2514.89,"ft_order_side":"sell","order_filled_timestamp":1748199600000,"ft_is_entry":false,"ft_order_tag":"exit_signal","cost":317.03457806999995}],"funding_fees":-0.0578787507396},{"pair":"ETH/USDT:USDT","stake_amount":317.5578,"max_stake_amount":317.5578,"amount":0.126,"open_date":"2025-05-25 19:30:00+00:00","close_date":"2025-05-25 21:00:00+00:00","open_rate":2520.3,"close_rate":2522.66,"fee_open":0.0005,"fee_close":0.0005,"trade_duration":90,"profit_ratio":-6.403971763275209e-05,"profit_abs":-0.02034648,"exit_reason":"exit_signal","initial_stop_loss_abs":2268.28,"initial_stop_loss_ratio":-0.1,"stop_loss_abs":2268.28,"stop_loss_ratio":-0.1,"min_rate":2509.69,"max_rate":2537.0,"is_open":false,"enter_tag":"","leverage":1.0,"is_short":false,"open_timestamp":1748201400000,"close_timestamp":1748206800000,"orders":[{"amount":0.126,"safe_price":2520.3,"ft_order_side":"buy","order_filled_timestamp":1748201400000,"ft_is_entry":true,"ft_order_tag":"","cost":317.7165789},{"amount":0.126,"safe_price":2522.66,"ft_order_side":"sell","order_filled_timestamp":1748206800000,"ft_is_entry":false,"ft_order_tag":"exit_signal","cost":318.01408757999997}],"funding_fees":0.0},{"pair":"ETH/USDT:USDT","stake_amount":318.7674,"max_stake_amount":318.7674,"amount":0.126,"open_date":"2025-05-25 21:15:00+00:00","close_date":"2025-05-29 01:00:00+00:00","open_rate":2529.9,"close_rate":2721.21,"fee_open":0.0005,"fee_close":0.0005,"trade_duration":4545,"profit_ratio":0.073742920513452,"profit_abs":23.51859246,"exit_reason":"exit_signal","initial_stop_loss_abs":2276.92,"initial_stop_loss_ratio":-0.1,"stop_loss_abs":2276.92,"stop_loss_ratio":-0.1,"min_rate":2506.08,"max_rate":2722.53,"is_open":false,"enter_tag":"","leverage":1.0,"is_short":false,"open_timestamp":1748207700000,"close_timestamp":1748480400000,"orders":[{"amount":0.126,"safe_price":2529.9,"ft_order_side":"buy","order_filled_timestamp":1748207700000,"ft_is_entry":true,"ft_order_tag":"","cost":318.9267837},{"amount":0.126,"safe_price":2721.21,"ft_order_side":"sell","order_filled_timestamp":1748480400000,"ft_is_entry":false,"ft_order_tag":"exit_signal","cost":343.04389623}],"funding_fees":-0.2556476119476964},{"pair":"ETH/USDT:USDT","stake_amount":325.2492,"max_stake_amount":325.2492,"amount":0.12,"open_date":"2025-05-29 01:15:00+00:00","close_date":"2025-05-29 02:30:00+00:00","open_rate":2710.41,"close_rate":2745.51,"fee_open":0.0005,"fee_close":0.0005,"trade_duration":75,"profit_ratio":0.011937626436209103,"profit_abs":3.8846448,"exit_reason":"exit_signal","initial_stop_loss_abs":2439.37,"initial_stop_loss_ratio":-0.1,"stop_loss_abs":2439.37,"stop_loss_ratio":-0.1,"min_rate":2697.0,"max_rate":2788.88,"is_open":false,"enter_tag":"","leverage":1.0,"is_short":false,"open_timestamp":1748481300000,"close_timestamp":1748485800000,"orders":[{"amount":0.12,"safe_price":2710.41,"ft_order_side":"buy","order_filled_timestamp":1748481300000,"ft_is_entry":true,"ft_order_tag":"","cost":325.41182459999993},{"amount":0.12,"safe_price":2745.51,"ft_order_side":"sell","order_filled_timestamp":1748485800000,"ft_is_entry":false,"ft_order_tag":"exit_signal","cost":329.6259306}],"funding_fees":0.0},{"pair":"ETH/USDT:USDT","stake_amount":326.3916,"max_stake_amount":326.3916,"amount":0.12,"open_date":"2025-05-29 08:30:00+00:00","close_date":"2025-05-29 09:00:00+00:00","open_rate":2719.93,"close_rate":2721.92,"fee_open":0.0005,"fee_close":0.0005,"trade_duration":30,"profit_ratio":-0.0002685950447768619,"profit_abs":-0.087711,"exit_reason":"exit_signal","initial_stop_loss_abs":2447.94,"initial_stop_loss_ratio":-0.1,"stop_loss_abs":2447.94,"stop_loss_ratio":-0.1,"min_rate":2713.86,"max_rate":2726.3,"is_open":false,"enter_tag":"","leverage":1.0,"is_short":false,"open_timestamp":1748507400000,"close_timestamp":1748509200000,"orders":[{"amount":0.12,"safe_price":2719.93,"ft_order_side":"buy","order_filled_timestamp":1748507400000,"ft_is_entry":true,"ft_order_tag":"","cost":326.55479579999997},{"amount":0.12,"safe_price":2721.92,"ft_order_side":"sell","order_filled_timestamp":1748509200000,"ft_is_entry":false,"ft_order_tag":"exit_signal","cost":326.7937152}],"funding_fees":0.0},{"pair":"ETH/USDT:USDT","stake_amount":326.2788,"max_stake_amount":326.2788,"amount":0.12,"open_date":"2025-05-29 09:15:00+00:00","close_date":"2025-05-29 09:45:00+00:00","open_rate":2718.99,"close_rate":2725.01,"fee_open":0.0005,"fee_close":0.0005,"trade_duration":30,"profit_ratio":0.0012123442249099687,"profit_abs":0.39576,"exit_reason":"exit_signal","initial_stop_loss_abs":2447.1,"initial_stop_loss_ratio":-0.1,"stop_loss_abs":2447.1,"stop_loss_ratio":-0.1,"min_rate":2716.4,"max_rate":2738.5,"is_open":false,"enter_tag":"","leverage":1.0,"is_short":false,"open_timestamp":1748510100000,"close_timestamp":1748511900000,"orders":[{"amount":0.12,"safe_price":2718.99,"ft_order_side":"buy","order_filled_timestamp":1748510100000,"ft_is_entry":true,"ft_order_tag":"","cost":326.44193939999997},{"amount":0.12,"safe_price":2725.01,"ft_order_side":"sell","order_filled_timestamp":1748511900000,"ft_is_entry":false,"ft_order_tag":"exit_signal","cost":327.1647006}],"funding_fees":0.0},{"pair":"ETH/USDT:USDT","stake_amount":328.67351,"max_stake_amount":328.67351,"amount":0.121,"open_date":"2025-05-29 11:45:00+00:00","close_date":"2025-05-29 21:45:00+00:00","open_rate":2716.31,"close_rate":2653.99,"fee_open":0.0005,"fee_close":0.0005,"trade_duration":600,"profit_ratio":-0.02400036521915341,"profit_abs":-7.89222842,"exit_reason":"exit_signal","initial_stop_loss_abs":2444.68,"initial_stop_loss_ratio":-0.1,"stop_loss_abs":2444.68,"stop_loss_ratio":-0.1,"min_rate":2620.26,"max_rate":2718.09,"is_open":false,"enter_tag":"","leverage":1.0,"is_short":false,"open_timestamp":1748519100000,"close_timestamp":1748555100000,"orders":[{"amount":0.121,"safe_price":2716.31,"ft_order_side":"buy","order_filled_timestamp":1748519100000,"ft_is_entry":true,"ft_order_tag":"","cost":328.83784675499993},{"amount":0.121,"safe_price":2653.99,"ft_order_side":"sell","order_filled_timestamp":1748555100000,"ft_is_entry":false,"ft_order_tag":"exit_signal","cost":321.29335639499993}],"funding_fees":-0.026605270004499998},{"pair":"ETH/USDT:USDT","stake_amount":324.45778,"max_stake_amount":324.45778,"amount":0.122,"open_date":"2025-05-29 22:00:00+00:00","close_date":"2025-05-31 12:00:00+00:00","open_rate":2659.49,"close_rate":2518.6,"fee_open":0.0005,"fee_close":0.0005,"trade_duration":2280,"profit_ratio":-0.05425929304304998,"profit_abs":-17.61365219,"exit_reason":"exit_signal","initial_stop_loss_abs":2393.55,"initial_stop_loss_ratio":-0.1,"stop_loss_abs":2393.55,"stop_loss_ratio":-0.1,"min_rate":2474.0,"max_rate":2667.97,"is_open":false,"enter_tag":"","leverage":1.0,"is_short":false,"open_timestamp":1748556000000,"close_timestamp":1748692800000,"orders":[{"amount":0.122,"safe_price":2659.49,"ft_order_side":"buy","order_filled_timestamp":1748556000000,"ft_is_entry":true,"ft_order_tag":"","cost":324.62000888999995},{"amount":0.122,"safe_price":2518.6,"ft_order_side":"sell","order_filled_timestamp":1748692800000,"ft_is_entry":false,"ft_order_tag":"exit_signal","cost":307.42283459999993}],"funding_fees":-0.10920870436418309},{"pair":"ETH/USDT:USDT","stake_amount":318.70314,"max_stake_amount":318.70314,"amount":0.126,"open_date":"2025-05-31 12:15:00+00:00","close_date":"2025-05-31 19:00:00+00:00","open_rate":2529.39,"close_rate":2538.82,"fee_open":0.0005,"fee_close":0.0005,"trade_duration":405,"profit_ratio":0.0026975074608647552,"profit_abs":0.86013395,"exit_reason":"exit_signal","initial_stop_loss_abs":2276.46,"initial_stop_loss_ratio":-0.1,"stop_loss_abs":2276.46,"stop_loss_ratio":-0.1,"min_rate":2521.05,"max_rate":2550.0,"is_open":false,"enter_tag":"","leverage":1.0,"is_short":false,"open_timestamp":1748693700000,"close_timestamp":1748718000000,"orders":[{"amount":0.126,"safe_price":2529.39,"ft_order_side":"buy","order_filled_timestamp":1748693700000,"ft_is_entry":true,"ft_order_tag":"","cost":318.8624915699999},{"amount":0.126,"safe_price":2538.82,"ft_order_side":"sell","order_filled_timestamp":1748718000000,"ft_is_entry":false,"ft_order_tag":"exit_signal","cost":320.05126566}],"funding_fees":-0.00874882315822589},{"pair":"ETH/USDT:USDT","stake_amount":319.6998,"max_stake_amount":319.6998,"amount":0.126,"open_date":"2025-05-31 19:15:00+00:00","close_date":"2025-05-31 19:30:00+00:00","open_rate":2537.3,"close_rate":2540.23,"fee_open":0.0005,"fee_close":0.0005,"trade_duration":15,"profit_ratio":0.00015411637577734995,"profit_abs":0.04929561,"exit_reason":"exit_signal","initial_stop_loss_abs":2283.57,"initial_stop_loss_ratio":-0.1,"stop_loss_abs":2283.57,"stop_loss_ratio":-0.1,"min_rate":2536.48,"max_rate":2541.57,"is_open":false,"enter_tag":"","leverage":1.0,"is_short":false,"open_timestamp":1748718900000,"close_timestamp":1748719800000,"orders":[{"amount":0.126,"safe_price":2537.3,"ft_order_side":"buy","order_filled_timestamp":1748718900000,"ft_is_entry":true,"ft_order_tag":"","cost":319.8596499},{"amount":0.126,"safe_price":2540.23,"ft_order_side":"sell","order_filled_timestamp":1748719800000,"ft_is_entry":false,"ft_order_tag":"exit_signal","cost":320.22901449}],"funding_fees":0.0},{"pair":"ETH/USDT:USDT","stake_amount":319.14792,"max_stake_amount":319.14792,"amount":0.126,"open_date":"2025-05-31 20:15:00+00:00","close_date":"2025-05-31 20:30:00+00:00","open_rate":2532.92,"close_rate":2538.67,"fee_open":0.0005,"fee_close":0.0005,"trade_duration":15,"profit_ratio":0.001268338005404701,"profit_abs":0.40498983,"exit_reason":"exit_signal","initial_stop_loss_abs":2279.63,"initial_stop_loss_ratio":-0.1,"stop_loss_abs":2279.63,"stop_loss_ratio":-0.1,"min_rate":2531.22,"max_rate":2540.33,"is_open":false,"enter_tag":"","leverage":1.0,"is_short":false,"open_timestamp":1748722500000,"close_timestamp":1748723400000,"orders":[{"amount":0.126,"safe_price":2532.92,"ft_order_side":"buy","order_filled_timestamp":1748722500000,"ft_is_entry":true,"ft_order_tag":"","cost":319.30749396},{"amount":0.126,"safe_price":2538.67,"ft_order_side":"sell","order_filled_timestamp":1748723400000,"ft_is_entry":false,"ft_order_tag":"exit_signal","cost":320.03235621}],"funding_fees":0.0},{"pair":"ETH/USDT:USDT","stake_amount":320.01984,"max_stake_amount":320.01984,"amount":0.126,"open_date":"2025-05-31 21:15:00+00:00","close_date":"2025-05-31 22:00:00+00:00","open_rate":2539.84,"close_rate":2542.31,"fee_open":0.0005,"fee_close":0.0005,"trade_duration":45,"profit_ratio":-2.7970061208528912e-05,"profit_abs":-0.00895545,"exit_reason":"exit_signal","initial_stop_loss_abs":2285.86,"initial_stop_loss_ratio":-0.1,"stop_loss_abs":2285.86,"stop_loss_ratio":-0.1,"min_rate":2535.05,"max_rate":2545.72,"is_open":false,"enter_tag":"","leverage":1.0,"is_short":false,"open_timestamp":1748726100000,"close_timestamp":1748728800000,"orders":[{"amount":0.126,"safe_price":2539.84,"ft_order_side":"buy","order_filled_timestamp":1748726100000,"ft_is_entry":true,"ft_order_tag":"","cost":320.17984992000004},{"amount":0.126,"safe_price":2542.31,"ft_order_side":"sell","order_filled_timestamp":1748728800000,"ft_is_entry":false,"ft_order_tag":"exit_signal","cost":320.49122552999995}],"funding_fees":0.0},{"pair":"ETH/USDT:USDT","stake_amount":320.04,"max_stake_amount":320.04,"amount":0.126,"open_date":"2025-05-31 22:15:00+00:00","close_date":"2025-05-31 22:30:00+00:00","open_rate":2540.0,"close_rate":2535.52,"fee_open":0.0005,"fee_close":0.0005,"trade_duration":15,"profit_ratio":-0.0027615168793555978,"profit_abs":-0.88423776,"exit_reason":"exit_signal","initial_stop_loss_abs":2286.0,"initial_stop_loss_ratio":-0.1,"stop_loss_abs":2286.0,"stop_loss_ratio":-0.1,"min_rate":2533.36,"max_rate":2540.36,"is_open":false,"enter_tag":"","leverage":1.0,"is_short":false,"open_timestamp":1748729700000,"close_timestamp":1748730600000,"orders":[{"amount":0.126,"safe_price":2540.0,"ft_order_side":"buy","order_filled_timestamp":1748729700000,"ft_is_entry":true,"ft_order_tag":"","cost":320.20002},{"amount":0.126,"safe_price":2535.52,"ft_order_side":"sell","order_filled_timestamp":1748730600000,"ft_is_entry":false,"ft_order_tag":"exit_signal","cost":319.63525776}],"funding_fees":0.0},{"pair":"ETH/USDT:USDT","stake_amount":318.7359,"max_stake_amount":318.7359,"amount":0.126,"open_date":"2025-05-31 23:00:00+00:00","close_date":"2025-06-01 05:45:00+00:00","open_rate":2529.65,"close_rate":2515.81,"fee_open":0.0005,"fee_close":0.0005,"trade_duration":405,"profit_ratio":-0.00654023082063109,"profit_abs":-2.08564866,"exit_reason":"exit_signal","initial_stop_loss_abs":2276.69,"initial_stop_loss_ratio":-0.1,"stop_loss_abs":2276.69,"stop_loss_ratio":-0.1,"min_rate":2488.52,"max_rate":2548.63,"is_open":false,"enter_tag":"","leverage":1.0,"is_short":false,"open_timestamp":1748732400000,"close_timestamp":1748756700000,"orders":[{"amount":0.126,"safe_price":2529.65,"ft_order_side":"buy","order_filled_timestamp":1748732400000,"ft_is_entry":true,"ft_order_tag":"","cost":318.89526795},{"amount":0.126,"safe_price":2515.81,"ft_order_side":"sell","order_filled_timestamp":1748756700000,"ft_is_entry":false,"ft_order_tag":"exit_signal","cost":317.15055602999996}],"funding_fees":-0.023944683168},{"pair":"ETH/USDT:USDT","stake_amount":319.71742,"max_stake_amount":319.71742,"amount":0.127,"open_date":"2025-06-01 06:00:00+00:00","close_date":"2025-06-05 20:45:00+00:00","open_rate":2517.46,"close_rate":2417.7,"fee_open":0.0005,"fee_close":0.0005,"trade_duration":6645,"profit_ratio":-0.04135553201324157,"profit_abs":-13.22869504,"exit_reason":"exit_signal","initial_stop_loss_abs":2265.72,"initial_stop_loss_ratio":-0.1,"stop_loss_abs":2265.72,"stop_loss_ratio":-0.1,"min_rate":2392.32,"max_rate":2679.64,"is_open":false,"enter_tag":"","leverage":1.0,"is_short":false,"open_timestamp":1748757600000,"close_timestamp":1749156300000,"orders":[{"amount":0.127,"safe_price":2517.46,"ft_order_side":"buy","order_filled_timestamp":1748757600000,"ft_is_entry":true,"ft_order_tag":"","cost":319.87727871},{"amount":0.127,"safe_price":2417.7,"ft_order_side":"sell","order_filled_timestamp":1749156300000,"ft_is_entry":false,"ft_order_tag":"exit_signal","cost":307.20142394999993}],"funding_fees":-0.24579238135458614},{"pair":"ETH/USDT:USDT","stake_amount":314.00877,"max_stake_amount":314.00877,"amount":0.127,"open_date":"2025-06-06 09:30:00+00:00","close_date":"2025-06-06 10:00:00+00:00","open_rate":2472.51,"close_rate":2467.52,"fee_open":0.0005,"fee_close":0.0005,"trade_duration":30,"profit_ratio":-0.0030156750901801452,"profit_abs":-0.9474219,"exit_reason":"exit_signal","initial_stop_loss_abs":2225.26,"initial_stop_loss_ratio":-0.1,"stop_loss_abs":2225.26,"stop_loss_ratio":-0.1,"min_rate":2466.66,"max_rate":2478.75,"is_open":false,"enter_tag":"","leverage":1.0,"is_short":false,"open_timestamp":1749202200000,"close_timestamp":1749204000000,"orders":[{"amount":0.127,"safe_price":2472.51,"ft_order_side":"buy","order_filled_timestamp":1749202200000,"ft_is_entry":true,"ft_order_tag":"","cost":314.165774385},{"amount":0.127,"safe_price":2467.52,"ft_order_side":"sell","order_filled_timestamp":1749204000000,"ft_is_entry":false,"ft_order_tag":"exit_signal","cost":313.53172752}],"funding_fees":0.0},{"pair":"ETH/USDT:USDT","stake_amount":314.69711,"max_stake_amount":314.69711,"amount":0.127,"open_date":"2025-06-06 10:15:00+00:00","close_date":"2025-06-07 00:15:00+00:00","open_rate":2477.93,"close_rate":2462.93,"fee_open":0.0005,"fee_close":0.0005,"trade_duration":840,"profit_ratio":-0.007160904439300325,"profit_abs":-2.25464269,"exit_reason":"exit_signal","initial_stop_loss_abs":2230.14,"initial_stop_loss_ratio":-0.1,"stop_loss_abs":2230.14,"stop_loss_ratio":-0.1,"min_rate":2455.85,"max_rate":2529.67,"is_open":false,"enter_tag":"","leverage":1.0,"is_short":false,"open_timestamp":1749204900000,"close_timestamp":1749255300000,"orders":[{"amount":0.127,"safe_price":2477.93,"ft_order_side":"buy","order_filled_timestamp":1749204900000,"ft_is_entry":true,"ft_order_tag":"","cost":314.854458555},{"amount":0.127,"safe_price":2462.93,"ft_order_side":"sell","order_filled_timestamp":1749255300000,"ft_is_entry":false,"ft_order_tag":"exit_signal","cost":312.94850605499994}],"funding_fees":-0.03589807529685197},{"pair":"ETH/USDT:USDT","stake_amount":314.02655,"max_stake_amount":314.02655,"amount":0.127,"open_date":"2025-06-07 00:45:00+00:00","close_date":"2025-06-07 01:30:00+00:00","open_rate":2472.65,"close_rate":2470.08,"fee_open":0.0005,"fee_close":0.0005,"trade_duration":45,"profit_ratio":-0.0020378320982997965,"profit_abs":-0.64025335,"exit_reason":"exit_signal","initial_stop_loss_abs":2225.39,"initial_stop_loss_ratio":-0.1,"stop_loss_abs":2225.39,"stop_loss_ratio":-0.1,"min_rate":2465.09,"max_rate":2482.6,"is_open":false,"enter_tag":"","leverage":1.0,"is_short":false,"open_timestamp":1749257100000,"close_timestamp":1749259800000,"orders":[{"amount":0.127,"safe_price":2472.65,"ft_order_side":"buy","order_filled_timestamp":1749257100000,"ft_is_entry":true,"ft_order_tag":"","cost":314.18356327500004},{"amount":0.127,"safe_price":2470.08,"ft_order_side":"sell","order_filled_timestamp":1749259800000,"ft_is_entry":false,"ft_order_tag":"exit_signal","cost":313.85701007999995}],"funding_fees":0.0},{"pair":"ETH/USDT:USDT","stake_amount":314.00242,"max_stake_amount":314.00242,"amount":0.127,"open_date":"2025-06-07 02:30:00+00:00","close_date":"2025-06-07 08:45:00+00:00","open_rate":2472.46,"close_rate":2485.35,"fee_open":0.0005,"fee_close":0.0005,"trade_duration":375,"profit_ratio":0.004153795849807422,"profit_abs":1.3049541,"exit_reason":"exit_signal","initial_stop_loss_abs":2225.22,"initial_stop_loss_ratio":-0.1,"stop_loss_abs":2225.22,"stop_loss_ratio":-0.1,"min_rate":2469.51,"max_rate":2501.15,"is_open":false,"enter_tag":"","leverage":1.0,"is_short":false,"open_timestamp":1749263400000,"close_timestamp":1749285900000,"orders":[{"amount":0.127,"safe_price":2472.46,"ft_order_side":"buy","order_filled_timestamp":1749263400000,"ft_is_entry":true,"ft_order_tag":"","cost":314.15942121},{"amount":0.127,"safe_price":2485.35,"ft_order_side":"sell","order_filled_timestamp":1749285900000,"ft_is_entry":false,"ft_order_tag":"exit_signal","cost":315.797269725}],"funding_fees":-0.0172549639152},{"pair":"ETH/USDT:USDT","stake_amount":312.81138,"max_stake_amount":312.81138,"amount":0.126,"open_date":"2025-06-07 09:00:00+00:00","close_date":"2025-06-07 10:00:00+00:00","open_rate":2482.63,"close_rate":2485.01,"fee_open":0.0005,"fee_close":0.0005,"trade_duration":60,"profit_ratio":-4.1797656494132825e-05,"profit_abs":-0.01308132,"exit_reason":"exit_signal","initial_stop_loss_abs":2234.37,"initial_stop_loss_ratio":-0.1,"stop_loss_abs":2234.37,"stop_loss_ratio":-0.1,"min_rate":2481.91,"max_rate":2489.36,"is_open":false,"enter_tag":"","leverage":1.0,"is_short":false,"open_timestamp":1749286800000,"close_timestamp":1749290400000,"orders":[{"amount":0.126,"safe_price":2482.63,"ft_order_side":"buy","order_filled_timestamp":1749286800000,"ft_is_entry":true,"ft_order_tag":"","cost":312.96778569},{"amount":0.126,"safe_price":2485.01,"ft_order_side":"sell","order_filled_timestamp":1749290400000,"ft_is_entry":false,"ft_order_tag":"exit_signal","cost":313.26781563}],"funding_fees":0.0},{"pair":"ETH/USDT:USDT","stake_amount":313.55856,"max_stake_amount":313.55856,"amount":0.126,"open_date":"2025-06-07 10:15:00+00:00","close_date":"2025-06-07 20:00:00+00:00","open_rate":2488.56,"close_rate":2515.78,"fee_open":0.0005,"fee_close":0.0005,"trade_duration":585,"profit_ratio":0.009859303906205858,"profit_abs":3.09301487,"exit_reason":"exit_signal","initial_stop_loss_abs":2239.71,"initial_stop_loss_ratio":-0.1,"stop_loss_abs":2239.71,"stop_loss_ratio":-0.1,"min_rate":2487.11,"max_rate":2524.9,"is_open":false,"enter_tag":"","leverage":1.0,"is_short":false,"open_timestamp":1749291300000,"close_timestamp":1749326400000,"orders":[{"amount":0.126,"safe_price":2488.56,"ft_order_side":"buy","order_filled_timestamp":1749291300000,"ft_is_entry":true,"ft_order_tag":"","cost":313.71533927999997},{"amount":0.126,"safe_price":2515.78,"ft_order_side":"sell","order_filled_timestamp":1749326400000,"ft_is_entry":false,"ft_order_tag":"exit_signal","cost":317.14677414}],"funding_fees":-0.021431710919223048},{"pair":"ETH/USDT:USDT","stake_amount":315.46875,"max_stake_amount":315.46875,"amount":0.125,"open_date":"2025-06-07 20:15:00+00:00","close_date":"2025-06-07 21:00:00+00:00","open_rate":2523.75,"close_rate":2520.75,"fee_open":0.0005,"fee_close":0.0005,"trade_duration":45,"profit_ratio":-0.0021870194174829372,"profit_abs":-0.69028125,"exit_reason":"exit_signal","initial_stop_loss_abs":2271.38,"initial_stop_loss_ratio":-0.1,"stop_loss_abs":2271.38,"stop_loss_ratio":-0.1,"min_rate":2517.28,"max_rate":2524.12,"is_open":false,"enter_tag":"","leverage":1.0,"is_short":false,"open_timestamp":1749327300000,"close_timestamp":1749330000000,"orders":[{"amount":0.125,"safe_price":2523.75,"ft_order_side":"buy","order_filled_timestamp":1749327300000,"ft_is_entry":true,"ft_order_tag":"","cost":315.62648437499996},{"amount":0.125,"safe_price":2520.75,"ft_order_side":"sell","order_filled_timestamp":1749330000000,"ft_is_entry":false,"ft_order_tag":"exit_signal","cost":315.251296875}],"funding_fees":0.0},{"pair":"ETH/USDT:USDT","stake_amount":314.84875,"max_stake_amount":314.84875,"amount":0.125,"open_date":"2025-06-07 21:15:00+00:00","close_date":"2025-06-07 21:30:00+00:00","open_rate":2518.79,"close_rate":2519.35,"fee_open":0.0005,"fee_close":0.0005,"trade_duration":15,"profit_ratio":-0.0007773934923208123,"profit_abs":-0.24488375,"exit_reason":"exit_signal","initial_stop_loss_abs":2266.92,"initial_stop_loss_ratio":-0.1,"stop_loss_abs":2266.92,"stop_loss_ratio":-0.1,"min_rate":2517.22,"max_rate":2522.38,"is_open":false,"enter_tag":"","leverage":1.0,"is_short":false,"open_timestamp":1749330900000,"close_timestamp":1749331800000,"orders":[{"amount":0.125,"safe_price":2518.79,"ft_order_side":"buy","order_filled_timestamp":1749330900000,"ft_is_entry":true,"ft_order_tag":"","cost":315.006174375},{"amount":0.125,"safe_price":2519.35,"ft_order_side":"sell","order_filled_timestamp":1749331800000,"ft_is_entry":false,"ft_order_tag":"exit_signal","cost":315.07620937499996}],"funding_fees":0.0},{"pair":"ETH/USDT:USDT","stake_amount":314.915,"max_stake_amount":314.915,"amount":0.125,"open_date":"2025-06-07 22:15:00+00:00","close_date":"2025-06-07 22:30:00+00:00","open_rate":2519.32,"close_rate":2522.73,"fee_open":0.0005,"fee_close":0.0005,"trade_duration":15,"profit_ratio":0.00035268674666683617,"profit_abs":0.11112188,"exit_reason":"exit_signal","initial_stop_loss_abs":2267.39,"initial_stop_loss_ratio":-0.1,"stop_loss_abs":2267.39,"stop_loss_ratio":-0.1,"min_rate":2518.68,"max_rate":2545.0,"is_open":false,"enter_tag":"","leverage":1.0,"is_short":false,"open_timestamp":1749334500000,"close_timestamp":1749335400000,"orders":[{"amount":0.125,"safe_price":2519.32,"ft_order_side":"buy","order_filled_timestamp":1749334500000,"ft_is_entry":true,"ft_order_tag":"","cost":315.0724575},{"amount":0.125,"safe_price":2522.73,"ft_order_side":"sell","order_filled_timestamp":1749335400000,"ft_is_entry":false,"ft_order_tag":"exit_signal","cost":315.498920625}],"funding_fees":0.0},{"pair":"ETH/USDT:USDT","stake_amount":314.27924,"max_stake_amount":314.27924,"amount":0.124,"open_date":"2025-06-07 22:45:00+00:00","close_date":"2025-06-08 02:30:00+00:00","open_rate":2534.51,"close_rate":2512.84,"fee_open":0.0005,"fee_close":0.0005,"trade_duration":225,"profit_ratio":-0.009640453924776046,"profit_abs":-3.03130943,"exit_reason":"exit_signal","initial_stop_loss_abs":2281.06,"initial_stop_loss_ratio":-0.1,"stop_loss_abs":2281.06,"stop_loss_ratio":-0.1,"min_rate":2510.02,"max_rate":2541.46,"is_open":false,"enter_tag":"","leverage":1.0,"is_short":false,"open_timestamp":1749336300000,"close_timestamp":1749349800000,"orders":[{"amount":0.124,"safe_price":2534.51,"ft_order_side":"buy","order_filled_timestamp":1749336300000,"ft_is_entry":true,"ft_order_tag":"","cost":314.43637962},{"amount":0.124,"safe_price":2512.84,"ft_order_side":"sell","order_filled_timestamp":1749349800000,"ft_is_entry":false,"ft_order_tag":"exit_signal","cost":311.74795608}],"funding_fees":-0.031293728364368},{"pair":"ETH/USDT:USDT","stake_amount":314.21375,"max_stake_amount":314.21375,"amount":0.125,"open_date":"2025-06-08 02:45:00+00:00","close_date":"2025-06-08 03:30:00+00:00","open_rate":2513.71,"close_rate":2509.63,"fee_open":0.0005,"fee_close":0.0005,"trade_duration":45,"profit_ratio":-0.002620976887586059,"profit_abs":-0.82395875,"exit_reason":"exit_signal","initial_stop_loss_abs":2262.34,"initial_stop_loss_ratio":-0.1,"stop_loss_abs":2262.34,"stop_loss_ratio":-0.1,"min_rate":2507.25,"max_rate":2515.0,"is_open":false,"enter_tag":"","leverage":1.0,"is_short":false,"open_timestamp":1749350700000,"close_timestamp":1749353400000,"orders":[{"amount":0.125,"safe_price":2513.71,"ft_order_side":"buy","order_filled_timestamp":1749350700000,"ft_is_entry":true,"ft_order_tag":"","cost":314.370856875},{"amount":0.125,"safe_price":2509.63,"ft_order_side":"sell","order_filled_timestamp":1749353400000,"ft_is_entry":false,"ft_order_tag":"exit_signal","cost":313.860601875}],"funding_fees":0.0},{"pair":"ETH/USDT:USDT","stake_amount":313.54125,"max_stake_amount":313.54125,"amount":0.125,"open_date":"2025-06-08 04:15:00+00:00","close_date":"2025-06-08 04:30:00+00:00","open_rate":2508.33,"close_rate":2510.66,"fee_open":0.0005,"fee_close":0.0005,"trade_duration":15,"profit_ratio":-7.152381757238254e-05,"profit_abs":-0.02243688,"exit_reason":"exit_signal","initial_stop_loss_abs":2257.5,"initial_stop_loss_ratio":-0.1,"stop_loss_abs":2257.5,"stop_loss_ratio":-0.1,"min_rate":2507.96,"max_rate":2517.55,"is_open":false,"enter_tag":"","leverage":1.0,"is_short":false,"open_timestamp":1749356100000,"close_timestamp":1749357000000,"orders":[{"amount":0.125,"safe_price":2508.33,"ft_order_side":"buy","order_filled_timestamp":1749356100000,"ft_is_entry":true,"ft_order_tag":"","cost":313.69802062499997},{"amount":0.125,"safe_price":2510.66,"ft_order_side":"sell","order_filled_timestamp":1749357000000,"ft_is_entry":false,"ft_order_tag":"exit_signal","cost":313.98941625}],"funding_fees":0.0},{"pair":"ETH/USDT:USDT","stake_amount":312.13032,"max_stake_amount":312.13032,"amount":0.124,"open_date":"2025-06-08 04:45:00+00:00","close_date":"2025-06-08 06:15:00+00:00","open_rate":2517.18,"close_rate":2511.88,"fee_open":0.0005,"fee_close":0.0005,"trade_duration":90,"profit_ratio":-0.003102926563716608,"profit_abs":-0.96900172,"exit_reason":"exit_signal","initial_stop_loss_abs":2265.47,"initial_stop_loss_ratio":-0.1,"stop_loss_abs":2265.47,"stop_loss_ratio":-0.1,"min_rate":2507.69,"max_rate":2519.03,"is_open":false,"enter_tag":"","leverage":1.0,"is_short":false,"open_timestamp":1749357900000,"close_timestamp":1749363300000,"orders":[{"amount":0.124,"safe_price":2517.18,"ft_order_side":"buy","order_filled_timestamp":1749357900000,"ft_is_entry":true,"ft_order_tag":"","cost":312.28638515999995},{"amount":0.124,"safe_price":2511.88,"ft_order_side":"sell","order_filled_timestamp":1749363300000,"ft_is_entry":false,"ft_order_tag":"exit_signal","cost":311.62885656}],"funding_fees":0.0},{"pair":"ETH/USDT:USDT","stake_amount":311.62688,"max_stake_amount":311.62688,"amount":0.124,"open_date":"2025-06-08 06:30:00+00:00","close_date":"2025-06-08 06:45:00+00:00","open_rate":2513.12,"close_rate":2515.23,"fee_open":0.0005,"fee_close":0.0005,"trade_duration":15,"profit_ratio":-0.00016074561242330386,"profit_abs":-0.0501177,"exit_reason":"exit_signal","initial_stop_loss_abs":2261.81,"initial_stop_loss_ratio":-0.1,"stop_loss_abs":2261.81,"stop_loss_ratio":-0.1,"min_rate":2511.5,"max_rate":2516.4,"is_open":false,"enter_tag":"","leverage":1.0,"is_short":false,"open_timestamp":1749364200000,"close_timestamp":1749365100000,"orders":[{"amount":0.124,"safe_price":2513.12,"ft_order_side":"buy","order_filled_timestamp":1749364200000,"ft_is_entry":true,"ft_order_tag":"","cost":311.78269343999995},{"amount":0.124,"safe_price":2515.23,"ft_order_side":"sell","order_filled_timestamp":1749365100000,"ft_is_entry":false,"ft_order_tag":"exit_signal","cost":312.04446426}],"funding_fees":0.0},{"pair":"ETH/USDT:USDT","stake_amount":311.66904,"max_stake_amount":311.66904,"amount":0.124,"open_date":"2025-06-08 08:00:00+00:00","close_date":"2025-06-08 08:30:00+00:00","open_rate":2513.46,"close_rate":2514.25,"fee_open":0.0005,"fee_close":0.0005,"trade_duration":30,"profit_ratio":-0.0007806826520005105,"profit_abs":-0.24343627,"exit_reason":"exit_signal","initial_stop_loss_abs":2262.12,"initial_stop_loss_ratio":-0.1,"stop_loss_abs":2262.12,"stop_loss_ratio":-0.1,"min_rate":2513.39,"max_rate":2520.19,"is_open":false,"enter_tag":"","leverage":1.0,"is_short":false,"open_timestamp":1749369600000,"close_timestamp":1749371400000,"orders":[{"amount":0.124,"safe_price":2513.46,"ft_order_side":"buy","order_filled_timestamp":1749369600000,"ft_is_entry":true,"ft_order_tag":"","cost":311.82487452},{"amount":0.124,"safe_price":2514.25,"ft_order_side":"sell","order_filled_timestamp":1749371400000,"ft_is_entry":false,"ft_order_tag":"exit_signal","cost":311.92288349999995}],"funding_fees":-0.02967825125009496},{"pair":"ETH/USDT:USDT","stake_amount":311.86,"max_stake_amount":311.86,"amount":0.124,"open_date":"2025-06-08 08:45:00+00:00","close_date":"2025-06-08 20:30:00+00:00","open_rate":2515.0,"close_rate":2533.99,"fee_open":0.0005,"fee_close":0.0005,"trade_duration":705,"profit_ratio":0.006496751976734008,"profit_abs":2.02709011,"exit_reason":"exit_signal","initial_stop_loss_abs":2263.5,"initial_stop_loss_ratio":-0.1,"stop_loss_abs":2263.5,"stop_loss_ratio":-0.1,"min_rate":2483.28,"max_rate":2539.68,"is_open":false,"enter_tag":"","leverage":1.0,"is_short":false,"open_timestamp":1749372300000,"close_timestamp":1749414600000,"orders":[{"amount":0.124,"safe_price":2515.0,"ft_order_side":"buy","order_filled_timestamp":1749372300000,"ft_is_entry":true,"ft_order_tag":"","cost":312.01592999999997},{"amount":0.124,"safe_price":2533.99,"ft_order_side":"sell","order_filled_timestamp":1749414600000,"ft_is_entry":false,"ft_order_tag":"exit_signal","cost":314.3718673799999}],"funding_fees":-0.014632511330214613},{"pair":"ETH/USDT:USDT","stake_amount":313.70016,"max_stake_amount":313.70016,"amount":0.124,"open_date":"2025-06-08 21:00:00+00:00","close_date":"2025-06-08 21:30:00+00:00","open_rate":2529.84,"close_rate":2533.04,"fee_open":0.0005,"fee_close":0.0005,"trade_duration":30,"profit_ratio":0.000264137608329567,"profit_abs":0.08290144,"exit_reason":"exit_signal","initial_stop_loss_abs":2276.86,"initial_stop_loss_ratio":-0.1,"stop_loss_abs":2276.86,"stop_loss_ratio":-0.1,"min_rate":2529.84,"max_rate":2535.47,"is_open":false,"enter_tag":"","leverage":1.0,"is_short":false,"open_timestamp":1749416400000,"close_timestamp":1749418200000,"orders":[{"amount":0.124,"safe_price":2529.84,"ft_order_side":"buy","order_filled_timestamp":1749416400000,"ft_is_entry":true,"ft_order_tag":"","cost":313.85701008},{"amount":0.124,"safe_price":2533.04,"ft_order_side":"sell","order_filled_timestamp":1749418200000,"ft_is_entry":false,"ft_order_tag":"exit_signal","cost":314.2540084799999}],"funding_fees":0.0},{"pair":"ETH/USDT:USDT","stake_amount":312.05715,"max_stake_amount":312.05715,"amount":0.123,"open_date":"2025-06-08 22:00:00+00:00","close_date":"2025-06-10 11:30:00+00:00","open_rate":2537.05,"close_rate":2759.51,"fee_open":0.0005,"fee_close":0.0005,"trade_duration":2250,"profit_ratio":0.08625919777928452,"profit_abs":26.93125832,"exit_reason":"exit_signal","initial_stop_loss_abs":2283.35,"initial_stop_loss_ratio":-0.1,"stop_loss_abs":2283.35,"stop_loss_ratio":-0.1,"min_rate":2475.83,"max_rate":2798.72,"is_open":false,"enter_tag":"","leverage":1.0,"is_short":false,"open_timestamp":1749420000000,"close_timestamp":1749555000000,"orders":[{"amount":0.123,"safe_price":2537.05,"ft_order_side":"buy","order_filled_timestamp":1749420000000,"ft_is_entry":true,"ft_order_tag":"","cost":312.21317857500003},{"amount":0.123,"safe_price":2759.51,"ft_order_side":"sell","order_filled_timestamp":1749555000000,"ft_is_entry":false,"ft_order_tag":"exit_signal","cost":339.589439865}],"funding_fees":-0.10558324306615466},{"pair":"ETH/USDT:USDT","stake_amount":320.96,"max_stake_amount":320.96,"amount":0.118,"open_date":"2025-06-10 13:45:00+00:00","close_date":"2025-06-10 14:00:00+00:00","open_rate":2720.0,"close_rate":2742.6,"fee_open":0.0005,"fee_close":0.0005,"trade_duration":15,"profit_ratio":0.007301018608342888,"profit_abs":2.3445066,"exit_reason":"exit_signal","initial_stop_loss_abs":2448.0,"initial_stop_loss_ratio":-0.1,"stop_loss_abs":2448.0,"stop_loss_ratio":-0.1,"min_rate":2717.0,"max_rate":2753.66,"is_open":false,"enter_tag":"","leverage":1.0,"is_short":false,"open_timestamp":1749563100000,"close_timestamp":1749564000000,"orders":[{"amount":0.118,"safe_price":2720.0,"ft_order_side":"buy","order_filled_timestamp":1749563100000,"ft_is_entry":true,"ft_order_tag":"","cost":321.12048},{"amount":0.118,"safe_price":2742.6,"ft_order_side":"sell","order_filled_timestamp":1749564000000,"ft_is_entry":false,"ft_order_tag":"exit_signal","cost":323.7886133999999}],"funding_fees":0.0},{"pair":"ETH/USDT:USDT","stake_amount":323.26112,"max_stake_amount":323.26112,"amount":0.119,"open_date":"2025-06-10 15:45:00+00:00","close_date":"2025-06-10 16:00:00+00:00","open_rate":2716.48,"close_rate":2731.84,"fee_open":0.0005,"fee_close":0.0005,"trade_duration":15,"profit_ratio":0.004548709629896853,"profit_abs":1.47115618,"exit_reason":"exit_signal","initial_stop_loss_abs":2444.84,"initial_stop_loss_ratio":-0.1,"stop_loss_abs":2444.84,"stop_loss_ratio":-0.1,"min_rate":2714.41,"max_rate":2745.34,"is_open":false,"enter_tag":"","leverage":1.0,"is_short":false,"open_timestamp":1749570300000,"close_timestamp":1749571200000,"orders":[{"amount":0.119,"safe_price":2716.48,"ft_order_side":"buy","order_filled_timestamp":1749570300000,"ft_is_entry":true,"ft_order_tag":"","cost":323.42275056},{"amount":0.119,"safe_price":2731.84,"ft_order_side":"sell","order_filled_timestamp":1749571200000,"ft_is_entry":false,"ft_order_tag":"exit_signal","cost":325.25150448}],"funding_fees":-0.032508777},{"pair":"ETH/USDT:USDT","stake_amount":323.32419,"max_stake_amount":323.32419,"amount":0.119,"open_date":"2025-06-12 12:15:00+00:00","close_date":"2025-06-12 12:30:00+00:00","open_rate":2717.01,"close_rate":2723.63,"fee_open":0.0005,"fee_close":0.0005,"trade_duration":15,"profit_ratio":0.0014345663558223134,"profit_abs":0.46406192,"exit_reason":"exit_signal","initial_stop_loss_abs":2445.31,"initial_stop_loss_ratio":-0.1,"stop_loss_abs":2445.31,"stop_loss_ratio":-0.1,"min_rate":2714.06,"max_rate":2744.87,"is_open":false,"enter_tag":"","leverage":1.0,"is_short":false,"open_timestamp":1749730500000,"close_timestamp":1749731400000,"orders":[{"amount":0.119,"safe_price":2717.01,"ft_order_side":"buy","order_filled_timestamp":1749730500000,"ft_is_entry":true,"ft_order_tag":"","cost":323.485852095},{"amount":0.119,"safe_price":2723.63,"ft_order_side":"sell","order_filled_timestamp":1749731400000,"ft_is_entry":false,"ft_order_tag":"exit_signal","cost":324.274025985}],"funding_fees":0.0},{"pair":"ETH/USDT:USDT","stake_amount":323.47056,"max_stake_amount":323.47056,"amount":0.119,"open_date":"2025-06-12 16:00:00+00:00","close_date":"2025-06-12 16:15:00+00:00","open_rate":2718.24,"close_rate":2728.59,"fee_open":0.0005,"fee_close":0.0005,"trade_duration":15,"profit_ratio":0.00275100131533449,"profit_abs":0.89031287,"exit_reason":"exit_signal","initial_stop_loss_abs":2446.42,"initial_stop_loss_ratio":-0.1,"stop_loss_abs":2446.42,"stop_loss_ratio":-0.1,"min_rate":2713.32,"max_rate":2744.43,"is_open":false,"enter_tag":"","leverage":1.0,"is_short":false,"open_timestamp":1749744000000,"close_timestamp":1749744900000,"orders":[{"amount":0.119,"safe_price":2718.24,"ft_order_side":"buy","order_filled_timestamp":1749744000000,"ft_is_entry":true,"ft_order_tag":"","cost":323.63229527999994},{"amount":0.119,"safe_price":2728.59,"ft_order_side":"sell","order_filled_timestamp":1749744900000,"ft_is_entry":false,"ft_order_tag":"exit_signal","cost":324.86456110499995}],"funding_fees":-0.017250748427499997},{"pair":"ETH/USDT:USDT","stake_amount":323.1744,"max_stake_amount":323.1744,"amount":0.12,"open_date":"2025-06-12 20:00:00+00:00","close_date":"2025-06-13 02:45:00+00:00","open_rate":2693.12,"close_rate":2450.82,"fee_open":0.0005,"fee_close":0.0005,"trade_duration":405,"profit_ratio":-0.09086612348481574,"profit_abs":-29.38028774,"exit_reason":"exit_signal","initial_stop_loss_abs":2423.81,"initial_stop_loss_ratio":-0.1,"stop_loss_abs":2423.81,"stop_loss_ratio":-0.1,"min_rate":2433.8,"max_rate":2702.38,"is_open":false,"enter_tag":"","leverage":1.0,"is_short":false,"open_timestamp":1749758400000,"close_timestamp":1749782700000,"orders":[{"amount":0.12,"safe_price":2693.12,"ft_order_side":"buy","order_filled_timestamp":1749758400000,"ft_is_entry":true,"ft_order_tag":"","cost":323.3359872},{"amount":0.12,"safe_price":2450.82,"ft_order_side":"sell","order_filled_timestamp":1749782700000,"ft_is_entry":false,"ft_order_tag":"exit_signal","cost":294.2454492}],"funding_fees":0.004348658795269824},{"pair":"ETH/USDT:USDT","stake_amount":314.38625,"max_stake_amount":314.38625,"amount":0.125,"open_date":"2025-06-13 05:45:00+00:00","close_date":"2025-06-15 03:45:00+00:00","open_rate":2515.09,"close_rate":2531.61,"fee_open":0.0005,"fee_close":0.0005,"trade_duration":2760,"profit_ratio":0.005463121414732876,"profit_abs":1.71838902,"exit_reason":"exit_signal","initial_stop_loss_abs":2263.59,"initial_stop_loss_ratio":-0.1,"stop_loss_abs":2263.59,"stop_loss_ratio":-0.1,"min_rate":2486.68,"max_rate":2585.0,"is_open":false,"enter_tag":"","leverage":1.0,"is_short":false,"open_timestamp":1749793500000,"close_timestamp":1749959100000,"orders":[{"amount":0.125,"safe_price":2515.09,"ft_order_side":"buy","order_filled_timestamp":1749793500000,"ft_is_entry":true,"ft_order_tag":"","cost":314.543443125},{"amount":0.125,"safe_price":2531.61,"ft_order_side":"sell","order_filled_timestamp":1749959100000,"ft_is_entry":false,"ft_order_tag":"exit_signal","cost":316.609475625}],"funding_fees":-0.031192233178343725},{"pair":"ETH/USDT:USDT","stake_amount":314.03124,"max_stake_amount":314.03124,"amount":0.124,"open_date":"2025-06-15 04:15:00+00:00","close_date":"2025-06-16 05:15:00+00:00","open_rate":2532.51,"close_rate":2573.61,"fee_open":0.0005,"fee_close":0.0005,"trade_duration":1500,"profit_ratio":0.015057070229008453,"profit_abs":4.73075463,"exit_reason":"force_exit","initial_stop_loss_abs":2279.26,"initial_stop_loss_ratio":-0.1,"stop_loss_abs":2279.26,"stop_loss_ratio":-0.1,"min_rate":2490.38,"max_rate":2597.53,"is_open":false,"enter_tag":"","leverage":1.0,"is_short":false,"open_timestamp":1749960900000,"close_timestamp":1750050900000,"orders":[{"amount":0.124,"safe_price":2532.51,"ft_order_side":"buy","order_filled_timestamp":1749960900000,"ft_is_entry":true,"ft_order_tag":"","cost":314.18825562},{"amount":0.124,"safe_price":2573.61,"ft_order_side":"sell","order_filled_timestamp":1750050900000,"ft_is_entry":false,"ft_order_tag":"force_exit","cost":319.28720381999995}],"funding_fees":-0.04906593283393097}],"locks":[],"best_pair":{"key":"ETH/USDT:USDT","trades":58,"profit_mean":-0.0019137324692559616,"profit_mean_pct":-0.19,"profit_sum":-0.11099648321684577,"profit_sum_pct":-11.1,"profit_total_abs":-38.03795747999998,"profit_total":-0.03803795747999998,"profit_total_pct":-3.8,"duration_avg":"10:41:00","wins":19,"draws":0,"losses":39,"winrate":0.3275862068965517,"cagr":-0.366570513011086,"expectancy":-0.6558268531034483,"expectancy_ratio":-0.18601457951884282,"sortino":-3.6909580247706386,"sharpe":-2.8189347335055417,"calmar":-47.533039138712304,"sqn":-0.5954,"profit_factor":0.7233629330232594,"max_drawdown_account":0.04931810083000005,"max_drawdown_abs":49.31810082999999},"worst_pair":{"key":"ETH/USDT:USDT","trades":58,"profit_mean":-0.0019137324692559616,"profit_mean_pct":-0.19,"profit_sum":-0.11099648321684577,"profit_sum_pct":-11.1,"profit_total_abs":-38.03795747999998,"profit_total":-0.03803795747999998,"profit_total_pct":-3.8,"duration_avg":"10:41:00","wins":19,"draws":0,"losses":39,"winrate":0.3275862068965517,"cagr":-0.366570513011086,"expectancy":-0.6558268531034483,"expectancy_ratio":-0.18601457951884282,"sortino":-3.6909580247706386,"sharpe":-2.8189347335055417,"calmar":-47.533039138712304,"sqn":-0.5954,"profit_factor":0.7233629330232594,"max_drawdown_account":0.04931810083000005,"max_drawdown_abs":49.31810082999999},"results_per_pair":[{"key":"ETH/USDT:USDT","trades":58,"profit_mean":-0.0019137324692559616,"profit_mean_pct":-0.19,"profit_sum":-0.11099648321684577,"profit_sum_pct":-11.1,"profit_total_abs":-38.03795747999998,"profit_total":-0.03803795747999998,"profit_total_pct":-3.8,"duration_avg":"10:41:00","wins":19,"draws":0,"losses":39,"winrate":0.3275862068965517,"cagr":-0.366570513011086,"expectancy":-0.6558268531034483,"expectancy_ratio":-0.18601457951884282,"sortino":-3.6909580247706386,"sharpe":-2.8189347335055417,"calmar":-47.533039138712304,"sqn":-0.5954,"profit_factor":0.7233629330232594,"max_drawdown_account":0.04931810083000005,"max_drawdown_abs":49.31810082999999},{"key":"TOTAL","trades":58,"profit_mean":-0.0019137324692559616,"profit_mean_pct":-0.19,"profit_sum":-0.11099648321684577,"profit_sum_pct":-11.1,"profit_total_abs":-38.03795747999998,"profit_total":-0.03803795747999998,"profit_total_pct":-3.8,"duration_avg":"10:41:00","wins":19,"draws":0,"losses":39,"winrate":0.3275862068965517,"cagr":-0.366570513011086,"expectancy":-0.6558268531034483,"expectancy_ratio":-0.18601457951884282,"sortino":-3.6909580247706386,"sharpe":-2.8189347335055417,"calmar":-47.533039138712304,"sqn":-0.5954,"profit_factor":0.7233629330232594,"max_drawdown_account":0.04931810083000005,"max_drawdown_abs":49.31810082999999}],"results_per_enter_tag":[{"key":"","trades":58,"profit_mean":-0.0019137324692559616,"profit_mean_pct":-0.19,"profit_sum":-0.11099648321684577,"profit_sum_pct":-11.1,"profit_total_abs":-38.03795747999998,"profit_total":-0.03803795747999998,"profit_total_pct":-3.8,"duration_avg":"10:41:00","wins":19,"draws":0,"losses":39,"winrate":0.3275862068965517,"cagr":-0.366570513011086,"expectancy":-0.6558268531034483,"expectancy_ratio":-0.18601457951884282,"sortino":-3.6909580247706386,"sharpe":-2.8189347335055417,"calmar":-47.533039138712304,"sqn":-0.5954,"profit_factor":0.7233629330232594,"max_drawdown_account":0.04931810083000005,"max_drawdown_abs":49.31810082999999},{"key":"TOTAL","trades":58,"profit_mean":-0.0019137324692559616,"profit_mean_pct":-0.19,"profit_sum":-0.11099648321684577,"profit_sum_pct":-11.1,"profit_total_abs":-38.03795747999998,"profit_total":-0.03803795747999998,"profit_total_pct":-3.8,"duration_avg":"10:41:00","wins":19,"draws":0,"losses":39,"winrate":0.3275862068965517,"cagr":-0.366570513011086,"expectancy":-0.6558268531034483,"expectancy_ratio":-0.18601457951884282,"sortino":-3.6909580247706386,"sharpe":-2.8189347335055417,"calmar":-47.533039138712304,"sqn":-0.5954,"profit_factor":0.7233629330232594,"max_drawdown_account":0.04931810083000005,"max_drawdown_abs":49.31810082999999}],"exit_reason_summary":[{"key":"force_exit","trades":1,"profit_mean":0.015057070229008453,"profit_mean_pct":1.51,"profit_sum":0.015057070229008453,"profit_sum_pct":1.51,"profit_total_abs":4.73075463,"profit_total":0.004730754629999999,"profit_total_pct":0.47,"duration_avg":"1 day, 1:00:00","wins":1,"draws":0,"losses":0,"winrate":1.0,"cagr":0.057142466096533395,"expectancy":4.73075463,"expectancy_ratio":100.0,"sortino":-100,"sharpe":-100,"calmar":-100,"sqn":-100.0,"profit_factor":0.0,"max_drawdown_account":0.0,"max_drawdown_abs":0.0},{"key":"exit_signal","trades":57,"profit_mean":-0.002211465849927267,"profit_mean_pct":-0.22,"profit_sum":-0.12605355344585423,"profit_sum_pct":-12.61,"profit_total_abs":-42.76871210999998,"profit_total":-0.04276871210999998,"profit_total_pct":-4.28,"duration_avg":"10:26:00","wins":18,"draws":0,"losses":39,"winrate":0.3157894736842105,"cagr":-0.40229190860727526,"expectancy":-0.7503282826315787,"expectancy_ratio":-0.21281836712592328,"sortino":-4.149999937680926,"sharpe":-3.1537095858987345,"calmar":-53.44469054906124,"sqn":-0.6718,"profit_factor":0.6889577711236506,"max_drawdown_account":0.04931810083000005,"max_drawdown_abs":49.31810082999999},{"key":"TOTAL","trades":58,"profit_mean":-0.0019137324692559616,"profit_mean_pct":-0.19,"profit_sum":-0.11099648321684577,"profit_sum_pct":-11.1,"profit_total_abs":-38.03795747999998,"profit_total":-0.03803795747999998,"profit_total_pct":-3.8,"duration_avg":"10:41:00","wins":19,"draws":0,"losses":39,"winrate":0.3275862068965517,"cagr":-0.366570513011086,"expectancy":-0.6558268531034483,"expectancy_ratio":-0.18601457951884282,"sortino":-3.6909580247706386,"sharpe":-2.8189347335055417,"calmar":-47.533039138712304,"sqn":-0.5954,"profit_factor":0.7233629330232594,"max_drawdown_account":0.04931810083000005,"max_drawdown_abs":49.31810082999999}],"mix_tag_stats":[{"key":["","force_exit"],"trades":1,"profit_mean":0.015057070229008453,"profit_mean_pct":1.51,"profit_sum":0.015057070229008453,"profit_sum_pct":1.51,"profit_total_abs":4.73075463,"profit_total":0.004730754629999999,"profit_total_pct":0.47,"duration_avg":"1 day, 1:00:00","wins":1,"draws":0,"losses":0,"winrate":1.0,"cagr":0.057142466096533395,"expectancy":4.73075463,"expectancy_ratio":100.0,"sortino":-100,"sharpe":-100,"calmar":-100,"sqn":-100.0,"profit_factor":0.0,"max_drawdown_account":0.0,"max_drawdown_abs":0.0},{"key":["","exit_signal"],"trades":57,"profit_mean":-0.002211465849927267,"profit_mean_pct":-0.22,"profit_sum":-0.12605355344585423,"profit_sum_pct":-12.61,"profit_total_abs":-42.76871210999998,"profit_total":-0.04276871210999998,"profit_total_pct":-4.28,"duration_avg":"10:26:00","wins":18,"draws":0,"losses":39,"winrate":0.3157894736842105,"cagr":-0.40229190860727526,"expectancy":-0.7503282826315787,"expectancy_ratio":-0.21281836712592328,"sortino":-4.149999937680926,"sharpe":-3.1537095858987345,"calmar":-53.44469054906124,"sqn":-0.6718,"profit_factor":0.6889577711236506,"max_drawdown_account":0.04931810083000005,"max_drawdown_abs":49.31810082999999},{"key":"TOTAL","trades":58,"profit_mean":-0.0019137324692559616,"profit_mean_pct":-0.19,"profit_sum":-0.11099648321684577,"profit_sum_pct":-11.1,"profit_total_abs":-38.03795747999998,"profit_total":-0.03803795747999998,"profit_total_pct":-3.8,"duration_avg":"10:41:00","wins":19,"draws":0,"losses":39,"winrate":0.3275862068965517,"cagr":-0.366570513011086,"expectancy":-0.6558268531034483,"expectancy_ratio":-0.18601457951884282,"sortino":-3.6909580247706386,"sharpe":-2.8189347335055417,"calmar":-47.533039138712304,"sqn":-0.5954,"profit_factor":0.7233629330232594,"max_drawdown_account":0.04931810083000005,"max_drawdown_abs":49.31810082999999}],"left_open_trades":[{"key":"ETH/USDT:USDT","trades":1,"profit_mean":0.015057070229008453,"profit_mean_pct":1.51,"profit_sum":0.015057070229008453,"profit_sum_pct":1.51,"profit_total_abs":4.73075463,"profit_total":0.004730754629999999,"profit_total_pct":0.47,"duration_avg":"1 day, 1:00:00","wins":1,"draws":0,"losses":0,"winrate":1.0,"cagr":0.057142466096533395,"expectancy":4.73075463,"expectancy_ratio":100.0,"sortino":-100,"sharpe":-100,"calmar":-100,"sqn":-100.0,"profit_factor":0.0,"max_drawdown_account":0.0,"max_drawdown_abs":0.0},{"key":"TOTAL","trades":1,"profit_mean":0.015057070229008453,"profit_mean_pct":1.51,"profit_sum":0.015057070229008453,"profit_sum_pct":1.51,"profit_total_abs":4.73075463,"profit_total":0.004730754629999999,"profit_total_pct":0.47,"duration_avg":"1 day, 1:00:00","wins":1,"draws":0,"losses":0,"winrate":1.0,"cagr":0.057142466096533395,"expectancy":4.73075463,"expectancy_ratio":100.0,"sortino":-100,"sharpe":-100,"calmar":-100,"sqn":-100.0,"profit_factor":0.0,"max_drawdown_account":0.0,"max_drawdown_abs":0.0}],"total_trades":58,"trade_count_long":58,"trade_count_short":0,"total_volume":36985.154145404995,"avg_stake_amount":318.8339320689655,"profit_mean":-0.0019137324692559616,"profit_median":-0.00168301105622526,"profit_total":-0.03803795747999998,"profit_total_long":-0.03803795747999998,"profit_total_short":0.0,"profit_total_abs":-38.03795747999998,"profit_total_long_abs":-38.03795747999998,"profit_total_short_abs":0.0,"cagr":-0.366570513011086,"expectancy":-0.6558268531034483,"expectancy_ratio":-0.18601457951884282,"sortino":-3.6909580247706386,"sharpe":-2.8189347335055417,"calmar":-47.533039138712304,"sqn":-0.5954,"profit_factor":0.7233629330232594,"backtest_start":"2025-05-16 00:00:00","backtest_start_ts":1747353600000,"backtest_end":"2025-06-16 05:15:00","backtest_end_ts":1750050900000,"backtest_days":31,"backtest_run_start_ts":1750052204,"backtest_run_end_ts":1750052204,"trades_per_day":1.87,"market_change":0.01592432715902022,"pairlist":["ETH/USDT:USDT"],"stake_amount":"unlimited","stake_currency":"USDT","stake_currency_decimals":3,"starting_balance":1000,"dry_run_wallet":1000,"final_balance":961.9620425200001,"rejected_signals":0,"timedout_entry_orders":0,"timedout_exit_orders":0,"canceled_trade_entries":0,"canceled_entry_orders":0,"replaced_entry_orders":0,"max_open_trades":1,"max_open_trades_setting":3,"timeframe":"15m","timeframe_detail":"","timerange":"","enable_protections":false,"strategy_name":"GridBotSample","stoploss":-0.1,"trailing_stop":false,"trailing_stop_positive":null,"trailing_stop_positive_offset":0.0,"trailing_only_offset_is_reached":false,"use_custom_stoploss":false,"minimal_roi":{},"use_exit_signal":true,"exit_profit_only":false,"exit_profit_offset":0.0,"ignore_roi_if_entry_signal":false,"trading_mode":"futures","margin_mode":"isolated","periodic_breakdown":{"day":[{"date":"17/05/2025","date_ts":1747440000000,"profit_abs":-23.7683112,"wins":0,"draws":0,"losses":7,"trades":7,"profit_factor":0.0},{"date":"18/05/2025","date_ts":1747526400000,"profit_abs":-3.68563308,"wins":0,"draws":0,"losses":3,"trades":3,"profit_factor":0.0},{"date":"19/05/2025","date_ts":1747612800000,"profit_abs":0.0,"wins":0,"draws":0,"losses":0,"trades":0,"profit_factor":0.0},{"date":"20/05/2025","date_ts":1747699200000,"profit_abs":-2.491933,"wins":0,"draws":0,"losses":3,"trades":3,"profit_factor":0.0},{"date":"21/05/2025","date_ts":1747785600000,"profit_abs":-1.54053589,"wins":0,"draws":0,"losses":1,"trades":1,"profit_factor":0.0},{"date":"22/05/2025","date_ts":1747872000000,"profit_abs":0.0,"wins":0,"draws":0,"losses":0,"trades":0,"profit_factor":0.0},{"date":"23/05/2025","date_ts":1747958400000,"profit_abs":25.18040806,"wins":1,"draws":0,"losses":0,"trades":1,"profit_factor":0.0},{"date":"24/05/2025","date_ts":1748044800000,"profit_abs":-20.47101106,"wins":0,"draws":0,"losses":3,"trades":3,"profit_factor":0.0},{"date":"25/05/2025","date_ts":1748131200000,"profit_abs":-4.43163863,"wins":0,"draws":0,"losses":2,"trades":2,"profit_factor":0.0},{"date":"26/05/2025","date_ts":1748217600000,"profit_abs":0.0,"wins":0,"draws":0,"losses":0,"trades":0,"profit_factor":0.0},{"date":"27/05/2025","date_ts":1748304000000,"profit_abs":0.0,"wins":0,"draws":0,"losses":0,"trades":0,"profit_factor":0.0},{"date":"28/05/2025","date_ts":1748390400000,"profit_abs":0.0,"wins":0,"draws":0,"losses":0,"trades":0,"profit_factor":0.0},{"date":"29/05/2025","date_ts":1748476800000,"profit_abs":19.81905784,"wins":3,"draws":0,"losses":2,"trades":5,"profit_factor":3.48361006},{"date":"30/05/2025","date_ts":1748563200000,"profit_abs":0.0,"wins":0,"draws":0,"losses":0,"trades":0,"profit_factor":0.0},{"date":"31/05/2025","date_ts":1748649600000,"profit_abs":-17.19242601,"wins":3,"draws":0,"losses":3,"trades":6,"profit_factor":0.07102342},{"date":"01/06/2025","date_ts":1748736000000,"profit_abs":-2.08564866,"wins":0,"draws":0,"losses":1,"trades":1,"profit_factor":0.0},{"date":"02/06/2025","date_ts":1748822400000,"profit_abs":0.0,"wins":0,"draws":0,"losses":0,"trades":0,"profit_factor":0.0},{"date":"03/06/2025","date_ts":1748908800000,"profit_abs":0.0,"wins":0,"draws":0,"losses":0,"trades":0,"profit_factor":0.0},{"date":"04/06/2025","date_ts":1748995200000,"profit_abs":0.0,"wins":0,"draws":0,"losses":0,"trades":0,"profit_factor":0.0},{"date":"05/06/2025","date_ts":1749081600000,"profit_abs":-13.22869504,"wins":0,"draws":0,"losses":1,"trades":1,"profit_factor":0.0},{"date":"06/06/2025","date_ts":1749168000000,"profit_abs":-0.9474219,"wins":0,"draws":0,"losses":1,"trades":1,"profit_factor":0.0},{"date":"07/06/2025","date_ts":1749254400000,"profit_abs":0.66594849,"wins":3,"draws":0,"losses":5,"trades":8,"profit_factor":1.17328229},{"date":"08/06/2025","date_ts":1749340800000,"profit_abs":-3.0302692,"wins":2,"draws":0,"losses":6,"trades":8,"profit_factor":0.41048337},{"date":"09/06/2025","date_ts":1749427200000,"profit_abs":0.0,"wins":0,"draws":0,"losses":0,"trades":0,"profit_factor":0.0},{"date":"10/06/2025","date_ts":1749513600000,"profit_abs":30.7469211,"wins":3,"draws":0,"losses":0,"trades":3,"profit_factor":0.0},{"date":"11/06/2025","date_ts":1749600000000,"profit_abs":0.0,"wins":0,"draws":0,"losses":0,"trades":0,"profit_factor":0.0},{"date":"12/06/2025","date_ts":1749686400000,"profit_abs":1.35437479,"wins":2,"draws":0,"losses":0,"trades":2,"profit_factor":0.0},{"date":"13/06/2025","date_ts":1749772800000,"profit_abs":-29.38028774,"wins":0,"draws":0,"losses":1,"trades":1,"profit_factor":0.0},{"date":"14/06/2025","date_ts":1749859200000,"profit_abs":0.0,"wins":0,"draws":0,"losses":0,"trades":0,"profit_factor":0.0},{"date":"15/06/2025","date_ts":1749945600000,"profit_abs":1.71838902,"wins":1,"draws":0,"losses":0,"trades":1,"profit_factor":0.0},{"date":"16/06/2025","date_ts":1750032000000,"profit_abs":4.73075463,"wins":1,"draws":0,"losses":0,"trades":1,"profit_factor":0.0}],"week":[{"date":"19/05/2025","date_ts":1747612800000,"profit_abs":-27.45394428,"wins":0,"draws":0,"losses":10,"trades":10,"profit_factor":0.0},{"date":"26/05/2025","date_ts":1748217600000,"profit_abs":-3.75471052,"wins":1,"draws":0,"losses":9,"trades":10,"profit_factor":0.87023691},{"date":"02/06/2025","date_ts":1748822400000,"profit_abs":0.54098317,"wins":6,"draws":0,"losses":6,"trades":12,"profit_factor":1.01893375},{"date":"09/06/2025","date_ts":1749427200000,"profit_abs":-16.54043765,"wins":5,"draws":0,"losses":13,"trades":18,"profit_factor":0.28580395},{"date":"16/06/2025","date_ts":1750032000000,"profit_abs":9.1701518,"wins":7,"draws":0,"losses":1,"trades":8,"profit_factor":1.3121192}],"month":[{"date":"31/05/2025","date_ts":1748649600000,"profit_abs":-28.58202297,"wins":7,"draws":0,"losses":24,"trades":31,"profit_factor":0.65512241},{"date":"30/06/2025","date_ts":1751241600000,"profit_abs":-9.45593451,"wins":12,"draws":0,"losses":15,"trades":27,"profit_factor":0.82689509}],"year":[{"date":"31/12/2025","date_ts":1767139200000,"profit_abs":-38.03795748,"wins":19,"draws":0,"losses":39,"trades":58,"profit_factor":0.72336293}]},"backtest_best_day":0.09810892601752426,"backtest_worst_day":-0.09086612348481574,"backtest_best_day_abs":30.7469211,"backtest_worst_day_abs":-29.38028774,"winning_days":7,"draw_days":12,"losing_days":12,"daily_profit":[["2025-05-17",-23.7683112],["2025-05-18",-3.68563308],["2025-05-19",0.0],["2025-05-20",-2.491933],["2025-05-21",-1.54053589],["2025-05-22",0.0],["2025-05-23",25.18040806],["2025-05-24",-20.47101106],["2025-05-25",-4.43163863],["2025-05-26",0.0],["2025-05-27",0.0],["2025-05-28",0.0],["2025-05-29",19.81905784],["2025-05-30",0.0],["2025-05-31",-17.19242601],["2025-06-01",-2.08564866],["2025-06-02",0.0],["2025-06-03",0.0],["2025-06-04",0.0],["2025-06-05",-13.22869504],["2025-06-06",-0.9474219],["2025-06-07",0.66594849],["2025-06-08",-3.0302692],["2025-06-09",0.0],["2025-06-10",30.7469211],["2025-06-11",0.0],["2025-06-12",1.35437479],["2025-06-13",-29.38028774],["2025-06-14",0.0],["2025-06-15",1.71838902],["2025-06-16",4.73075463]],"wins":19,"losses":39,"draws":0,"winrate":0.3275862068965517,"holding_avg":"10:41:00","holding_avg_s":38460.0,"winner_holding_min":"0d 00:15","winner_holding_min_s":900.0,"winner_holding_max":"3d 03:45","winner_holding_max_s":272700.0,"winner_holding_avg":"0d 13:12","winner_holding_avg_s":47520.0,"loser_holding_min":"0d 00:15","loser_holding_min_s":900.0,"loser_holding_max":"4d 14:45","loser_holding_max_s":398700.0,"loser_holding_avg":"0d 09:27","loser_holding_avg_s":34020.0,"max_consecutive_wins":7,"max_consecutive_losses":14,"max_drawdown_account":0.04931810083000005,"max_relative_drawdown":0.04931810083000005,"max_drawdown_abs":49.31810082999999,"drawdown_start":"2025-05-17 02:15:00","drawdown_start_ts":1747448100000.0,"drawdown_end":"2025-06-08 08:30:00","drawdown_end_ts":1749371400000.0,"max_drawdown_low":-49.31810082999999,"max_drawdown_high":-15.35949988,"csum_min":950.68189917,"csum_max":996.50263146}},"strategy_comparison":[{"key":"GridBotSample","trades":58,"profit_mean":-0.0019137324692559616,"profit_mean_pct":-0.19,"profit_sum":-0.11099648321684577,"profit_sum_pct":-11.1,"profit_total_abs":-38.03795747999998,"profit_total":-0.03803795747999998,"profit_total_pct":-3.8,"duration_avg":"10:41:00","wins":19,"draws":0,"losses":39,"winrate":0.3275862068965517,"cagr":-0.366570513011086,"expectancy":-0.6558268531034483,"expectancy_ratio":-0.18601457951884282,"sortino":-3.6909580247706386,"sharpe":-2.8189347335055417,"calmar":-47.533039138712304,"sqn":-0.5954,"profit_factor":0.7233629330232594,"max_drawdown_account":0.04931810083000005,"max_drawdown_abs":"49.318"}]}