{"strategy":{"SampleStrategy":{"trades":[{"pair":"ETH/USDT:USDT","stake_amount":329.37403,"max_stake_amount":329.37403,"amount":0.137,"open_date":"2025-05-18 21:15:00+00:00","close_date":"2025-05-18 22:30:00+00:00","open_rate":2404.19,"close_rate":2430.64931965983,"fee_open":0.0005,"fee_close":0.0005,"trade_duration":75,"profit_ratio":0.009995002498750625,"profit_abs":3.2937403,"exit_reason":"roi","initial_stop_loss_abs":2163.78,"initial_stop_loss_ratio":-0.1,"stop_loss_abs":2163.78,"stop_loss_ratio":-0.1,"min_rate":2374.55,"max_rate":2438.0,"is_open":false,"enter_tag":"","leverage":1.0,"is_short":false,"open_timestamp":1747602900000,"close_timestamp":1747607400000,"orders":[{"amount":0.137,"safe_price":2404.19,"ft_order_side":"buy","order_filled_timestamp":1747602900000,"ft_is_entry":true,"ft_order_tag":"","cost":329.538717015},{"amount":0.137,"safe_price":2430.64931965983,"ft_order_side":"sell","order_filled_timestamp":1747607400000,"ft_is_entry":false,"ft_order_tag":"roi","cost":333.1654562717934}],"funding_fees":0.0},{"pair":"ETH/USDT:USDT","stake_amount":329.47824,"max_stake_amount":329.47824,"amount":0.133,"open_date":"2025-05-20 14:45:00+00:00","close_date":"2025-05-20 17:45:00+00:00","open_rate":2477.28,"close_rate":2504.5437118559284,"fee_open":0.0005,"fee_close":0.0005,"trade_duration":180,"profit_ratio":0.009983248843294825,"profit_abs":3.29090789,"exit_reason":"roi","initial_stop_loss_abs":2229.56,"initial_stop_loss_ratio":-0.1,"stop_loss_abs":2229.56,"stop_loss_ratio":-0.1,"min_rate":2466.6,"max_rate":2507.78,"is_open":false,"enter_tag":"","leverage":1.0,"is_short":false,"open_timestamp":1747752300000,"close_timestamp":1747763100000,"orders":[{"amount":0.133,"safe_price":2477.28,"ft_order_side":"buy","order_filled_timestamp":1747752300000,"ft_is_entry":true,"ft_order_tag":"","cost":329.64297912},{"amount":0.133,"safe_price":2504.5437118559284,"ft_order_side":"sell","order_filled_timestamp":1747763100000,"ft_is_entry":false,"ft_order_tag":"roi","cost":333.2708658336769}],"funding_fees":-0.003874507588},{"pair":"ETH/USDT:USDT","stake_amount":331.88475,"max_stake_amount":331.88475,"amount":0.129,"open_date":"2025-05-23 13:45:00+00:00","close_date":"2025-05-27 06:00:00+00:00","open_rate":2572.75,"close_rate":2601.064407203601,"fee_open":0.0005,"fee_close":0.0005,"trade_duration":5295,"profit_ratio":0.0094933189190282,"profit_abs":3.15226312,"exit_reason":"roi","initial_stop_loss_abs":2315.48,"initial_stop_loss_ratio":-0.1,"stop_loss_abs":2315.48,"stop_loss_ratio":-0.1,"min_rate":2457.6,"max_rate":2607.69,"is_open":false,"enter_tag":"","leverage":1.0,"is_short":false,"open_timestamp":1748007900000,"close_timestamp":1748325600000,"orders":[{"amount":0.129,"safe_price":2572.75,"ft_order_side":"buy","order_filled_timestamp":1748007900000,"ft_is_entry":true,"ft_order_tag":"","cost":332.050692375},{"amount":0.129,"safe_price":2601.064407203601,"ft_order_side":"sell","order_filled_timestamp":1748325600000,"ft_is_entry":false,"ft_order_tag":"roi","cost":335.70507718352917}],"funding_fees":-0.16658437830923956},{"pair":"ETH/USDT:USDT","stake_amount":331.97976,"max_stake_amount":331.97976,"amount":0.126,"open_date":"2025-05-28 02:45:00+00:00","close_date":"2025-05-28 12:15:00+00:00","open_rate":2634.76,"close_rate":2663.756858429215,"fee_open":0.0005,"fee_close":0.0005,"trade_duration":570,"profit_ratio":0.009895029700628123,"profit_abs":3.28659206,"exit_reason":"roi","initial_stop_loss_abs":2371.29,"initial_stop_loss_ratio":-0.1,"stop_loss_abs":2371.29,"stop_loss_ratio":-0.1,"min_rate":2606.0,"max_rate":2682.13,"is_open":false,"enter_tag":"","leverage":1.0,"is_short":false,"open_timestamp":1748400300000,"close_timestamp":1748434500000,"orders":[{"amount":0.126,"safe_price":2634.76,"ft_order_side":"buy","order_filled_timestamp":1748400300000,"ft_is_entry":true,"ft_order_tag":"","cost":332.14574988000004},{"amount":0.126,"safe_price":2663.756858429215,"ft_order_side":"sell","order_filled_timestamp":1748434500000,"ft_is_entry":false,"ft_order_tag":"roi","cost":335.8011808441621}],"funding_fees":-0.03320553600000001},{"pair":"ETH/USDT:USDT","stake_amount":333.875,"max_stake_amount":333.875,"amount":0.125,"open_date":"2025-05-29 15:00:00+00:00","close_date":"2025-06-05 20:30:00+00:00","open_rate":2671.0,"close_rate":2403.9,"fee_open":0.0005,"fee_close":0.0005,"trade_duration":10410,"profit_ratio":-0.10213812111540635,"profit_abs":-34.11841587,"exit_reason":"stop_loss","initial_stop_loss_abs":2403.9,"initial_stop_loss_ratio":-0.1,"stop_loss_abs":2403.9,"stop_loss_ratio":-0.1,"min_rate":2402.55,"max_rate":2679.64,"is_open":false,"enter_tag":"","leverage":1.0,"is_short":false,"open_timestamp":1748530800000,"close_timestamp":1749155400000,"orders":[{"amount":0.125,"safe_price":2671.0,"ft_order_side":"buy","order_filled_timestamp":1748530800000,"ft_is_entry":true,"ft_order_tag":"","cost":334.04193749999996},{"amount":0.125,"safe_price":2403.9,"ft_order_side":"sell","order_filled_timestamp":1749155400000,"ft_is_entry":false,"ft_order_tag":"stop_loss","cost":300.63774374999997}],"funding_fees":-0.41373461661538197},{"pair":"ETH/USDT:USDT","stake_amount":322.38535,"max_stake_amount":322.38535,"amount":0.133,"open_date":"2025-06-05 22:45:00+00:00","close_date":"2025-06-06 03:45:00+00:00","open_rate":2423.95,"close_rate":2450.6267883941964,"fee_open":0.0005,"fee_close":0.0005,"trade_duration":300,"profit_ratio":0.010006414650217114,"profit_abs":3.22753445,"exit_reason":"roi","initial_stop_loss_abs":2181.56,"initial_stop_loss_ratio":-0.1,"stop_loss_abs":2181.56,"stop_loss_ratio":-0.1,"min_rate":2379.62,"max_rate":2455.83,"is_open":false,"enter_tag":"","leverage":1.0,"is_short":false,"open_timestamp":1749163500000,"close_timestamp":1749181500000,"orders":[{"amount":0.133,"safe_price":2423.95,"ft_order_side":"buy","order_filled_timestamp":1749163500000,"ft_is_entry":true,"ft_order_tag":"","cost":322.546542675},{"amount":0.133,"safe_price":2450.6267883941964,"ft_order_side":"sell","order_filled_timestamp":1749181500000,"ft_is_entry":false,"ft_order_tag":"roi","cost":326.0963295378563}],"funding_fees":0.0036809543550523245},{"pair":"ETH/USDT:USDT","stake_amount":322.54128,"max_stake_amount":322.54128,"amount":0.129,"open_date":"2025-06-08 10:45:00+00:00","close_date":"2025-06-08 16:45:00+00:00","open_rate":2500.32,"close_rate":2527.8372786393197,"fee_open":0.0005,"fee_close":0.0005,"trade_duration":360,"profit_ratio":0.009947830482385059,"profit_abs":3.21019027,"exit_reason":"roi","initial_stop_loss_abs":2250.29,"initial_stop_loss_ratio":-0.1,"stop_loss_abs":2250.29,"stop_loss_ratio":-0.1,"min_rate":2498.27,"max_rate":2528.97,"is_open":false,"enter_tag":"","leverage":1.0,"is_short":false,"open_timestamp":1749379500000,"close_timestamp":1749401100000,"orders":[{"amount":0.129,"safe_price":2500.32,"ft_order_side":"buy","order_filled_timestamp":1749379500000,"ft_is_entry":true,"ft_order_tag":"","cost":322.70255064},{"amount":0.129,"safe_price":2527.8372786393197,"ft_order_side":"sell","order_filled_timestamp":1749401100000,"ft_is_entry":false,"ft_order_tag":"roi","cost":326.2540544489445}],"funding_fees":-0.01522253194836843},{"pair":"ETH/USDT:USDT","stake_amount":324.31138,"max_stake_amount":324.31138,"amount":0.122,"open_date":"2025-06-12 21:30:00+00:00","close_date":"2025-06-15 16:00:00+00:00","open_rate":2658.29,"close_rate":2540.8,"fee_open":0.0005,"fee_close":0.0005,"trade_duration":3990,"profit_ratio":-0.045313763227973286,"profit_abs":-14.70311697,"exit_reason":"force_exit","initial_stop_loss_abs":2392.47,"initial_stop_loss_ratio":-0.1,"stop_loss_abs":2392.47,"stop_loss_ratio":-0.1,"min_rate":2433.8,"max_rate":2658.8,"is_open":false,"enter_tag":"","leverage":1.0,"is_short":false,"open_timestamp":1749763800000,"close_timestamp":1750003200000,"orders":[{"amount":0.122,"safe_price":2658.29,"ft_order_side":"buy","order_filled_timestamp":1749763800000,"ft_is_entry":true,"ft_order_tag":"","cost":324.47353568999995},{"amount":0.122,"safe_price":2540.8,"ft_order_side":"sell","order_filled_timestamp":1750003200000,"ft_is_entry":false,"ft_order_tag":"force_exit","cost":310.13258879999995}],"funding_fees":-0.05219247571275274}],"locks":[],"best_pair":{"key":"ETH/USDT:USDT","trades":8,"profit_mean":-0.011016379906134459,"profit_mean_pct":-1.1,"profit_sum":-0.08813103924907567,"profit_sum_pct":-8.81,"profit_total_abs":-29.360304749999997,"profit_total":-0.029360304749999996,"profit_total_pct":-2.94,"duration_avg":"1 day, 20:08:00","wins":6,"draws":0,"losses":2,"winrate":0.75,"cagr":-0.3219020764419426,"expectancy":-3.6700380937500006,"expectancy_ratio":-0.15034505802091902,"sortino":-2.063644454282654,"sharpe":-1.5504230278952682,"calmar":-47.88158374244166,"sqn":-0.7515,"profit_factor":0.39861976791632414,"max_drawdown_account":0.0418389188197537,"max_drawdown_abs":42.38380812},"worst_pair":{"key":"ETH/USDT:USDT","trades":8,"profit_mean":-0.011016379906134459,"profit_mean_pct":-1.1,"profit_sum":-0.08813103924907567,"profit_sum_pct":-8.81,"profit_total_abs":-29.360304749999997,"profit_total":-0.029360304749999996,"profit_total_pct":-2.94,"duration_avg":"1 day, 20:08:00","wins":6,"draws":0,"losses":2,"winrate":0.75,"cagr":-0.3219020764419426,"expectancy":-3.6700380937500006,"expectancy_ratio":-0.15034505802091902,"sortino":-2.063644454282654,"sharpe":-1.5504230278952682,"calmar":-47.88158374244166,"sqn":-0.7515,"profit_factor":0.39861976791632414,"max_drawdown_account":0.0418389188197537,"max_drawdown_abs":42.38380812},"results_per_pair":[{"key":"ETH/USDT:USDT","trades":8,"profit_mean":-0.011016379906134459,"profit_mean_pct":-1.1,"profit_sum":-0.08813103924907567,"profit_sum_pct":-8.81,"profit_total_abs":-29.360304749999997,"profit_total":-0.029360304749999996,"profit_total_pct":-2.94,"duration_avg":"1 day, 20:08:00","wins":6,"draws":0,"losses":2,"winrate":0.75,"cagr":-0.3219020764419426,"expectancy":-3.6700380937500006,"expectancy_ratio":-0.15034505802091902,"sortino":-2.063644454282654,"sharpe":-1.5504230278952682,"calmar":-47.88158374244166,"sqn":-0.7515,"profit_factor":0.39861976791632414,"max_drawdown_account":0.0418389188197537,"max_drawdown_abs":42.38380812},{"key":"TOTAL","trades":8,"profit_mean":-0.011016379906134459,"profit_mean_pct":-1.1,"profit_sum":-0.08813103924907567,"profit_sum_pct":-8.81,"profit_total_abs":-29.360304749999997,"profit_total":-0.029360304749999996,"profit_total_pct":-2.94,"duration_avg":"1 day, 20:08:00","wins":6,"draws":0,"losses":2,"winrate":0.75,"cagr":-0.3219020764419426,"expectancy":-3.6700380937500006,"expectancy_ratio":-0.15034505802091902,"sortino":-2.063644454282654,"sharpe":-1.5504230278952682,"calmar":-47.88158374244166,"sqn":-0.7515,"profit_factor":0.39861976791632414,"max_drawdown_account":0.0418389188197537,"max_drawdown_abs":42.38380812}],"results_per_enter_tag":[{"key":"","trades":8,"profit_mean":-0.011016379906134459,"profit_mean_pct":-1.1,"profit_sum":-0.08813103924907567,"profit_sum_pct":-8.81,"profit_total_abs":-29.360304749999997,"profit_total":-0.029360304749999996,"profit_total_pct":-2.94,"duration_avg":"1 day, 20:08:00","wins":6,"draws":0,"losses":2,"winrate":0.75,"cagr":-0.3219020764419426,"expectancy":-3.6700380937500006,"expectancy_ratio":-0.15034505802091902,"sortino":-2.063644454282654,"sharpe":-1.5504230278952682,"calmar":-47.88158374244166,"sqn":-0.7515,"profit_factor":0.39861976791632414,"max_drawdown_account":0.0418389188197537,"max_drawdown_abs":42.38380812},{"key":"TOTAL","trades":8,"profit_mean":-0.011016379906134459,"profit_mean_pct":-1.1,"profit_sum":-0.08813103924907567,"profit_sum_pct":-8.81,"profit_total_abs":-29.360304749999997,"profit_total":-0.029360304749999996,"profit_total_pct":-2.94,"duration_avg":"1 day, 20:08:00","wins":6,"draws":0,"losses":2,"winrate":0.75,"cagr":-0.3219020764419426,"expectancy":-3.6700380937500006,"expectancy_ratio":-0.15034505802091902,"sortino":-2.063644454282654,"sharpe":-1.5504230278952682,"calmar":-47.88158374244166,"sqn":-0.7515,"profit_factor":0.39861976791632414,"max_drawdown_account":0.0418389188197537,"max_drawdown_abs":42.38380812}],"exit_reason_summary":[{"key":"roi","trades":6,"profit_mean":0.009886807515717326,"profit_mean_pct":0.99,"profit_sum":0.05932084509430395,"profit_sum_pct":5.93,"profit_total_abs":19.46122809,"profit_total":0.019461228089999998,"profit_total_pct":1.95,"duration_avg":"18:50:00","wins":6,"draws":0,"losses":0,"winrate":1.0,"cagr":0.28563660358019316,"expectancy":3.243538015,"expectancy_ratio":100.0,"sortino":-100,"sharpe":254.6317429658448,"calmar":-100,"sqn":139.0778,"profit_factor":0.0,"max_drawdown_account":0.0,"max_drawdown_abs":0.0},{"key":"force_exit","trades":1,"profit_mean":-0.045313763227973286,"profit_mean_pct":-4.53,"profit_sum":-0.045313763227973286,"profit_sum_pct":-4.53,"profit_total_abs":-14.70311697,"profit_total":-0.01470311697,"profit_total_pct":-1.47,"duration_avg":"2 days, 18:30:00","wins":0,"draws":0,"losses":1,"winrate":0.0,"cagr":-0.1755911036175638,"expectancy":-14.70311697,"expectancy_ratio":-1.0,"sortino":-100,"sharpe":-100,"calmar":-68.23204705193858,"sqn":-100.0,"profit_factor":0.0,"max_drawdown_account":0.014703116969999996,"max_drawdown_abs":14.70311697},{"key":"stop_loss","trades":1,"profit_mean":-0.10213812111540635,"profit_mean_pct":-10.21,"profit_sum":-0.10213812111540635,"profit_sum_pct":-10.21,"profit_total_abs":-34.11841587,"profit_total":-0.03411841587,"profit_total_pct":-3.41,"duration_avg":"7 days, 5:30:00","wins":0,"draws":0,"losses":1,"winrate":0.0,"cagr":-0.3639780826538146,"expectancy":-34.11841587,"expectancy_ratio":-1.0,"sortino":-100,"sharpe":-100,"calmar":-68.2320470519385,"sqn":-100.0,"profit_factor":0.0,"max_drawdown_account":0.034118415870000036,"max_drawdown_abs":34.11841587},{"key":"TOTAL","trades":8,"profit_mean":-0.011016379906134459,"profit_mean_pct":-1.1,"profit_sum":-0.08813103924907567,"profit_sum_pct":-8.81,"profit_total_abs":-29.360304749999997,"profit_total":-0.029360304749999996,"profit_total_pct":-2.94,"duration_avg":"1 day, 20:08:00","wins":6,"draws":0,"losses":2,"winrate":0.75,"cagr":-0.3219020764419426,"expectancy":-3.6700380937500006,"expectancy_ratio":-0.15034505802091902,"sortino":-2.063644454282654,"sharpe":-1.5504230278952682,"calmar":-47.88158374244166,"sqn":-0.7515,"profit_factor":0.39861976791632414,"max_drawdown_account":0.0418389188197537,"max_drawdown_abs":42.38380812}],"mix_tag_stats":[{"key":["","roi"],"trades":6,"profit_mean":0.009886807515717326,"profit_mean_pct":0.99,"profit_sum":0.05932084509430395,"profit_sum_pct":5.93,"profit_total_abs":19.46122809,"profit_total":0.019461228089999998,"profit_total_pct":1.95,"duration_avg":"18:50:00","wins":6,"draws":0,"losses":0,"winrate":1.0,"cagr":0.28563660358019316,"expectancy":3.243538015,"expectancy_ratio":100.0,"sortino":-100,"sharpe":254.6317429658448,"calmar":-100,"sqn":139.0778,"profit_factor":0.0,"max_drawdown_account":0.0,"max_drawdown_abs":0.0},{"key":["","force_exit"],"trades":1,"profit_mean":-0.045313763227973286,"profit_mean_pct":-4.53,"profit_sum":-0.045313763227973286,"profit_sum_pct":-4.53,"profit_total_abs":-14.70311697,"profit_total":-0.01470311697,"profit_total_pct":-1.47,"duration_avg":"2 days, 18:30:00","wins":0,"draws":0,"losses":1,"winrate":0.0,"cagr":-0.1755911036175638,"expectancy":-14.70311697,"expectancy_ratio":-1.0,"sortino":-100,"sharpe":-100,"calmar":-68.23204705193858,"sqn":-100.0,"profit_factor":0.0,"max_drawdown_account":0.014703116969999996,"max_drawdown_abs":14.70311697},{"key":["","stop_loss"],"trades":1,"profit_mean":-0.10213812111540635,"profit_mean_pct":-10.21,"profit_sum":-0.10213812111540635,"profit_sum_pct":-10.21,"profit_total_abs":-34.11841587,"profit_total":-0.03411841587,"profit_total_pct":-3.41,"duration_avg":"7 days, 5:30:00","wins":0,"draws":0,"losses":1,"winrate":0.0,"cagr":-0.3639780826538146,"expectancy":-34.11841587,"expectancy_ratio":-1.0,"sortino":-100,"sharpe":-100,"calmar":-68.2320470519385,"sqn":-100.0,"profit_factor":0.0,"max_drawdown_account":0.034118415870000036,"max_drawdown_abs":34.11841587},{"key":"TOTAL","trades":8,"profit_mean":-0.011016379906134459,"profit_mean_pct":-1.1,"profit_sum":-0.08813103924907567,"profit_sum_pct":-8.81,"profit_total_abs":-29.360304749999997,"profit_total":-0.029360304749999996,"profit_total_pct":-2.94,"duration_avg":"1 day, 20:08:00","wins":6,"draws":0,"losses":2,"winrate":0.75,"cagr":-0.3219020764419426,"expectancy":-3.6700380937500006,"expectancy_ratio":-0.15034505802091902,"sortino":-2.063644454282654,"sharpe":-1.5504230278952682,"calmar":-47.88158374244166,"sqn":-0.7515,"profit_factor":0.39861976791632414,"max_drawdown_account":0.0418389188197537,"max_drawdown_abs":42.38380812}],"left_open_trades":[{"key":"ETH/USDT:USDT","trades":1,"profit_mean":-0.045313763227973286,"profit_mean_pct":-4.53,"profit_sum":-0.045313763227973286,"profit_sum_pct":-4.53,"profit_total_abs":-14.70311697,"profit_total":-0.01470311697,"profit_total_pct":-1.47,"duration_avg":"2 days, 18:30:00","wins":0,"draws":0,"losses":1,"winrate":0.0,"cagr":-0.1755911036175638,"expectancy":-14.70311697,"expectancy_ratio":-1.0,"sortino":-100,"sharpe":-100,"calmar":-68.23204705193858,"sqn":-100.0,"profit_factor":0.0,"max_drawdown_account":0.014703116969999996,"max_drawdown_abs":14.70311697},{"key":"TOTAL","trades":1,"profit_mean":-0.045313763227973286,"profit_mean_pct":-4.53,"profit_sum":-0.045313763227973286,"profit_sum_pct":-4.53,"profit_total_abs":-14.70311697,"profit_total":-0.01470311697,"profit_total_pct":-1.47,"duration_avg":"2 days, 18:30:00","wins":0,"draws":0,"losses":1,"winrate":0.0,"cagr":-0.1755911036175638,"expectancy":-14.70311697,"expectancy_ratio":-1.0,"sortino":-100,"sharpe":-100,"calmar":-68.23204705193858,"sqn":-100.0,"profit_factor":0.0,"max_drawdown_account":0.014703116969999996,"max_drawdown_abs":14.70311697}],"total_trades":8,"trade_count_long":8,"trade_count_short":0,"total_volume":5228.206001564962,"avg_stake_amount":328.22872375000003,"profit_mean":-0.011016379906134459,"profit_median":0.00992143009150659,"profit_total":-0.029360304749999996,"profit_total_long":-0.029360304749999996,"profit_total_short":0.0,"profit_total_abs":-29.360304749999997,"profit_total_long_abs":-29.360304749999997,"profit_total_short_abs":0.0,"cagr":-0.3219020764419426,"expectancy":-3.6700380937500006,"expectancy_ratio":-0.15034505802091902,"sortino":-2.063644454282654,"sharpe":-1.5504230278952682,"calmar":-47.88158374244166,"sqn":-0.7515,"profit_factor":0.39861976791632414,"backtest_start":"2025-05-18 02:00:00","backtest_start_ts":1747533600000,"backtest_end":"2025-06-15 16:00:00","backtest_end_ts":1750003200000,"backtest_days":28,"backtest_run_start_ts":1750005185,"backtest_run_end_ts":1750005185,"trades_per_day":0.29,"market_change":0.023160005799062574,"pairlist":["ETH/USDT:USDT"],"stake_amount":"unlimited","stake_currency":"USDT","stake_currency_decimals":3,"starting_balance":1000,"dry_run_wallet":1000,"final_balance":970.63969525,"rejected_signals":0,"timedout_entry_orders":0,"timedout_exit_orders":0,"canceled_trade_entries":0,"canceled_entry_orders":0,"replaced_entry_orders":0,"max_open_trades":1,"max_open_trades_setting":3,"timeframe":"15m","timeframe_detail":"","timerange":"","enable_protections":false,"strategy_name":"SampleStrategy","stoploss":-0.1,"trailing_stop":false,"trailing_stop_positive":null,"trailing_stop_positive_offset":0.0,"trailing_only_offset_is_reached":false,"use_custom_stoploss":false,"minimal_roi":{"60":0.01,"30":0.02,"0":0.04},"use_exit_signal":true,"exit_profit_only":false,"exit_profit_offset":0.0,"ignore_roi_if_entry_signal":false,"trading_mode":"futures","margin_mode":"isolated","periodic_breakdown":{"day":[{"date":"18/05/2025","date_ts":1747526400000,"profit_abs":3.2937403,"wins":1,"draws":0,"losses":0,"trades":1,"profit_factor":0.0},{"date":"19/05/2025","date_ts":1747612800000,"profit_abs":0.0,"wins":0,"draws":0,"losses":0,"trades":0,"profit_factor":0.0},{"date":"20/05/2025","date_ts":1747699200000,"profit_abs":3.29090789,"wins":1,"draws":0,"losses":0,"trades":1,"profit_factor":0.0},{"date":"21/05/2025","date_ts":1747785600000,"profit_abs":0.0,"wins":0,"draws":0,"losses":0,"trades":0,"profit_factor":0.0},{"date":"22/05/2025","date_ts":1747872000000,"profit_abs":0.0,"wins":0,"draws":0,"losses":0,"trades":0,"profit_factor":0.0},{"date":"23/05/2025","date_ts":1747958400000,"profit_abs":0.0,"wins":0,"draws":0,"losses":0,"trades":0,"profit_factor":0.0},{"date":"24/05/2025","date_ts":1748044800000,"profit_abs":0.0,"wins":0,"draws":0,"losses":0,"trades":0,"profit_factor":0.0},{"date":"25/05/2025","date_ts":1748131200000,"profit_abs":0.0,"wins":0,"draws":0,"losses":0,"trades":0,"profit_factor":0.0},{"date":"26/05/2025","date_ts":1748217600000,"profit_abs":0.0,"wins":0,"draws":0,"losses":0,"trades":0,"profit_factor":0.0},{"date":"27/05/2025","date_ts":1748304000000,"profit_abs":3.15226312,"wins":1,"draws":0,"losses":0,"trades":1,"profit_factor":0.0},{"date":"28/05/2025","date_ts":1748390400000,"profit_abs":3.28659206,"wins":1,"draws":0,"losses":0,"trades":1,"profit_factor":0.0},{"date":"29/05/2025","date_ts":1748476800000,"profit_abs":0.0,"wins":0,"draws":0,"losses":0,"trades":0,"profit_factor":0.0},{"date":"30/05/2025","date_ts":1748563200000,"profit_abs":0.0,"wins":0,"draws":0,"losses":0,"trades":0,"profit_factor":0.0},{"date":"31/05/2025","date_ts":1748649600000,"profit_abs":0.0,"wins":0,"draws":0,"losses":0,"trades":0,"profit_factor":0.0},{"date":"01/06/2025","date_ts":1748736000000,"profit_abs":0.0,"wins":0,"draws":0,"losses":0,"trades":0,"profit_factor":0.0},{"date":"02/06/2025","date_ts":1748822400000,"profit_abs":0.0,"wins":0,"draws":0,"losses":0,"trades":0,"profit_factor":0.0},{"date":"03/06/2025","date_ts":1748908800000,"profit_abs":0.0,"wins":0,"draws":0,"losses":0,"trades":0,"profit_factor":0.0},{"date":"04/06/2025","date_ts":1748995200000,"profit_abs":0.0,"wins":0,"draws":0,"losses":0,"trades":0,"profit_factor":0.0},{"date":"05/06/2025","date_ts":1749081600000,"profit_abs":-34.11841587,"wins":0,"draws":0,"losses":1,"trades":1,"profit_factor":0.0},{"date":"06/06/2025","date_ts":1749168000000,"profit_abs":3.22753445,"wins":1,"draws":0,"losses":0,"trades":1,"profit_factor":0.0},{"date":"07/06/2025","date_ts":1749254400000,"profit_abs":0.0,"wins":0,"draws":0,"losses":0,"trades":0,"profit_factor":0.0},{"date":"08/06/2025","date_ts":1749340800000,"profit_abs":3.21019027,"wins":1,"draws":0,"losses":0,"trades":1,"profit_factor":0.0},{"date":"09/06/2025","date_ts":1749427200000,"profit_abs":0.0,"wins":0,"draws":0,"losses":0,"trades":0,"profit_factor":0.0},{"date":"10/06/2025","date_ts":1749513600000,"profit_abs":0.0,"wins":0,"draws":0,"losses":0,"trades":0,"profit_factor":0.0},{"date":"11/06/2025","date_ts":1749600000000,"profit_abs":0.0,"wins":0,"draws":0,"losses":0,"trades":0,"profit_factor":0.0},{"date":"12/06/2025","date_ts":1749686400000,"profit_abs":0.0,"wins":0,"draws":0,"losses":0,"trades":0,"profit_factor":0.0},{"date":"13/06/2025","date_ts":1749772800000,"profit_abs":0.0,"wins":0,"draws":0,"losses":0,"trades":0,"profit_factor":0.0},{"date":"14/06/2025","date_ts":1749859200000,"profit_abs":0.0,"wins":0,"draws":0,"losses":0,"trades":0,"profit_factor":0.0},{"date":"15/06/2025","date_ts":1749945600000,"profit_abs":-14.70311697,"wins":0,"draws":0,"losses":1,"trades":1,"profit_factor":0.0}],"week":[{"date":"19/05/2025","date_ts":1747612800000,"profit_abs":3.2937403,"wins":1,"draws":0,"losses":0,"trades":1,"profit_factor":0.0},{"date":"26/05/2025","date_ts":1748217600000,"profit_abs":3.29090789,"wins":1,"draws":0,"losses":0,"trades":1,"profit_factor":0.0},{"date":"02/06/2025","date_ts":1748822400000,"profit_abs":6.43885518,"wins":2,"draws":0,"losses":0,"trades":2,"profit_factor":0.0},{"date":"09/06/2025","date_ts":1749427200000,"profit_abs":-27.68069115,"wins":2,"draws":0,"losses":1,"trades":3,"profit_factor":0.18868768},{"date":"16/06/2025","date_ts":1750032000000,"profit_abs":-14.70311697,"wins":0,"draws":0,"losses":1,"trades":1,"profit_factor":0.0}],"month":[{"date":"31/05/2025","date_ts":1748649600000,"profit_abs":13.02350337,"wins":4,"draws":0,"losses":0,"trades":4,"profit_factor":0.0},{"date":"30/06/2025","date_ts":1751241600000,"profit_abs":-42.38380812,"wins":2,"draws":0,"losses":2,"trades":4,"profit_factor":0.1318624}],"year":[{"date":"31/12/2025","date_ts":1767139200000,"profit_abs":-29.36030475,"wins":6,"draws":0,"losses":2,"trades":8,"profit_factor":0.39861977}]},"backtest_best_day":0.010006414650217114,"backtest_worst_day":-0.10213812111540635,"backtest_best_day_abs":3.2937403,"backtest_worst_day_abs":-34.11841587,"winning_days":6,"draw_days":21,"losing_days":2,"daily_profit":[["2025-05-18",3.2937403],["2025-05-19",0.0],["2025-05-20",3.29090789],["2025-05-21",0.0],["2025-05-22",0.0],["2025-05-23",0.0],["2025-05-24",0.0],["2025-05-25",0.0],["2025-05-26",0.0],["2025-05-27",3.15226312],["2025-05-28",3.28659206],["2025-05-29",0.0],["2025-05-30",0.0],["2025-05-31",0.0],["2025-06-01",0.0],["2025-06-02",0.0],["2025-06-03",0.0],["2025-06-04",0.0],["2025-06-05",-34.11841587],["2025-06-06",3.22753445],["2025-06-07",0.0],["2025-06-08",3.21019027],["2025-06-09",0.0],["2025-06-10",0.0],["2025-06-11",0.0],["2025-06-12",0.0],["2025-06-13",0.0],["2025-06-14",0.0],["2025-06-15",-14.70311697]],"wins":6,"losses":2,"draws":0,"winrate":0.75,"holding_avg":"1 day, 20:08:00","holding_avg_s":158880.0,"winner_holding_min":"0d 01:15","winner_holding_min_s":4500.0,"winner_holding_max":"3d 16:15","winner_holding_max_s":317700.0,"winner_holding_avg":"0d 18:50","winner_holding_avg_s":67800.0,"loser_holding_min":"2d 18:30","loser_holding_min_s":239400.0,"loser_holding_max":"7d 05:30","loser_holding_max_s":624600.0,"loser_holding_avg":"5d 00:00","loser_holding_avg_s":432000.0,"max_consecutive_wins":4,"max_consecutive_losses":1,"max_drawdown_account":0.0418389188197537,"max_relative_drawdown":0.0418389188197537,"max_drawdown_abs":42.38380812,"drawdown_start":"2025-05-28 12:15:00","drawdown_start_ts":1748434500000.0,"drawdown_end":"2025-06-15 16:00:00","drawdown_end_ts":1750003200000.0,"max_drawdown_low":-29.360304749999997,"max_drawdown_high":13.02350337,"csum_min":970.63969525,"csum_max":1013.02350337}},"strategy_comparison":[{"key":"SampleStrategy","trades":8,"profit_mean":-0.011016379906134459,"profit_mean_pct":-1.1,"profit_sum":-0.08813103924907567,"profit_sum_pct":-8.81,"profit_total_abs":-29.360304749999997,"profit_total":-0.029360304749999996,"profit_total_pct":-2.94,"duration_avg":"1 day, 20:08:00","wins":6,"draws":0,"losses":2,"winrate":0.75,"cagr":-0.3219020764419426,"expectancy":-3.6700380937500006,"expectancy_ratio":-0.15034505802091902,"sortino":-2.063644454282654,"sharpe":-1.5504230278952682,"calmar":-47.88158374244166,"sqn":-0.7515,"profit_factor":0.39861976791632414,"max_drawdown_account":0.0418389188197537,"max_drawdown_abs":"42.384"}]}