{"strategy":{"SimpleGrid":{"trades":[{"pair":"ETH/USDT:USDT","stake_amount":989.10492,"max_stake_amount":989.10492,"amount":0.402,"open_date":"2025-05-17 14:00:00+00:00","close_date":"2025-05-17 15:00:00+00:00","open_rate":2460.46,"close_rate":2481.41,"fee_open":0.0005,"fee_close":0.0005,"trade_duration":60,"profit_ratio":0.0075066573262550585,"profit_abs":7.42858413,"exit_reason":"exit_signal","initial_stop_loss_abs":2214.42,"initial_stop_loss_ratio":-0.1,"stop_loss_abs":2214.42,"stop_loss_ratio":-0.1,"min_rate":2459.92,"max_rate":2484.97,"is_open":false,"enter_tag":"","leverage":1.0,"is_short":false,"open_timestamp":1747490400000,"close_timestamp":1747494000000,"orders":[{"amount":0.402,"safe_price":2460.46,"ft_order_side":"buy","order_filled_timestamp":1747490400000,"ft_is_entry":true,"ft_order_tag":"","cost":989.59947246},{"amount":0.402,"safe_price":2481.41,"ft_order_side":"sell","order_filled_timestamp":1747494000000,"ft_is_entry":false,"ft_order_tag":"exit_signal","cost":998.02558341}],"funding_fees":0.0},{"pair":"ETH/USDT:USDT","stake_amount":996.53468,"max_stake_amount":996.53468,"amount":0.404,"open_date":"2025-05-17 17:00:00+00:00","close_date":"2025-05-17 18:30:00+00:00","open_rate":2466.67,"close_rate":2482.19,"fee_open":0.0005,"fee_close":0.0005,"trade_duration":90,"profit_ratio":0.005286094400451872,"profit_abs":5.27041028,"exit_reason":"exit_signal","initial_stop_loss_abs":2220.01,"initial_stop_loss_ratio":-0.1,"stop_loss_abs":2220.01,"stop_loss_ratio":-0.1,"min_rate":2462.66,"max_rate":2488.0,"is_open":false,"enter_tag":"","leverage":1.0,"is_short":false,"open_timestamp":1747501200000,"close_timestamp":1747506600000,"orders":[{"amount":0.404,"safe_price":2466.67,"ft_order_side":"buy","order_filled_timestamp":1747501200000,"ft_is_entry":true,"ft_order_tag":"","cost":997.0329473400001},{"amount":0.404,"safe_price":2482.19,"ft_order_side":"sell","order_filled_timestamp":1747506600000,"ft_is_entry":false,"ft_order_tag":"exit_signal","cost":1003.30616238}],"funding_fees":0.0},{"pair":"ETH/USDT:USDT","stake_amount":1000.42924,"max_stake_amount":1000.42924,"amount":0.404,"open_date":"2025-05-18 18:30:00+00:00","close_date":"2025-05-19 00:00:00+00:00","open_rate":2476.31,"close_rate":2496.98,"fee_open":0.0005,"fee_close":0.0005,"trade_duration":330,"profit_ratio":0.007388885426303871,"profit_abs":7.39575306,"exit_reason":"exit_signal","initial_stop_loss_abs":2228.68,"initial_stop_loss_ratio":-0.1,"stop_loss_abs":2228.68,"stop_loss_ratio":-0.1,"min_rate":2312.62,"max_rate":2513.38,"is_open":false,"enter_tag":"","leverage":1.0,"is_short":false,"open_timestamp":1747593000000,"close_timestamp":1747612800000,"orders":[{"amount":0.404,"safe_price":2476.31,"ft_order_side":"buy","order_filled_timestamp":1747593000000,"ft_is_entry":true,"ft_order_tag":"","cost":1000.92945462},{"amount":0.404,"safe_price":2496.98,"ft_order_side":"sell","order_filled_timestamp":1747612800000,"ft_is_entry":false,"ft_order_tag":"exit_signal","cost":1009.28430996}],"funding_fees":0.04967763577999999},{"pair":"ETH/USDT:USDT","stake_amount":1008.78967,"max_stake_amount":1008.78967,"amount":0.413,"open_date":"2025-05-19 00:45:00+00:00","close_date":"2025-05-19 17:00:00+00:00","open_rate":2442.59,"close_rate":2509.0,"fee_open":0.0005,"fee_close":0.0005,"trade_duration":975,"profit_ratio":0.02600484237890649,"profit_abs":26.24653307,"exit_reason":"exit_signal","initial_stop_loss_abs":2198.34,"initial_stop_loss_ratio":-0.1,"stop_loss_abs":2198.34,"stop_loss_ratio":-0.1,"min_rate":2346.99,"max_rate":2546.97,"is_open":false,"enter_tag":"","leverage":1.0,"is_short":false,"open_timestamp":1747615500000,"close_timestamp":1747674000000,"orders":[{"amount":0.413,"safe_price":2442.59,"ft_order_side":"buy","order_filled_timestamp":1747615500000,"ft_is_entry":true,"ft_order_tag":"","cost":1009.294064835},{"amount":0.413,"safe_price":2509.0,"ft_order_side":"sell","order_filled_timestamp":1747674000000,"ft_is_entry":false,"ft_order_tag":"exit_signal","cost":1036.7351084999998}],"funding_fees":-0.1582935946950697},{"pair":"ETH/USDT:USDT","stake_amount":1034.62162,"max_stake_amount":1034.62162,"amount":0.422,"open_date":"2025-05-20 19:00:00+00:00","close_date":"2025-05-20 19:30:00+00:00","open_rate":2451.71,"close_rate":2479.49,"fee_open":0.0005,"fee_close":0.0005,"trade_duration":30,"profit_ratio":0.0103200415732029,"profit_abs":10.6826768,"exit_reason":"exit_signal","initial_stop_loss_abs":2206.54,"initial_stop_loss_ratio":-0.1,"stop_loss_abs":2206.54,"stop_loss_ratio":-0.1,"min_rate":2446.19,"max_rate":2490.21,"is_open":false,"enter_tag":"","leverage":1.0,"is_short":false,"open_timestamp":1747767600000,"close_timestamp":1747769400000,"orders":[{"amount":0.422,"safe_price":2451.71,"ft_order_side":"buy","order_filled_timestamp":1747767600000,"ft_is_entry":true,"ft_order_tag":"","cost":1035.13893081},{"amount":0.422,"safe_price":2479.49,"ft_order_side":"sell","order_filled_timestamp":1747769400000,"ft_is_entry":false,"ft_order_tag":"exit_signal","cost":1046.8679523899998}],"funding_fees":0.0},{"pair":"SOL/USDT:USDT","stake_amount":1045.8096,"max_stake_amount":1045.8096,"amount":6.96,"open_date":"2025-06-05 14:00:00+00:00","close_date":"2025-06-05 21:00:00+00:00","open_rate":150.26,"close_rate":141.74,"fee_open":0.0005,"fee_close":0.0005,"trade_duration":420,"profit_ratio":-0.05763848481561576,"profit_abs":-60.30902019,"exit_reason":"exit_signal","initial_stop_loss_abs":135.24,"initial_stop_loss_ratio":-0.1,"stop_loss_abs":135.24,"stop_loss_ratio":-0.1,"min_rate":141.43,"max_rate":151.64,"is_open":false,"enter_tag":"","leverage":1.0,"is_short":false,"open_timestamp":1749132000000,"close_timestamp":1749157200000,"orders":[{"amount":6.96,"safe_price":150.26,"ft_order_side":"buy","order_filled_timestamp":1749132000000,"ft_is_entry":true,"ft_order_tag":"","cost":1046.3325047999997},{"amount":6.96,"safe_price":141.74,"ft_order_side":"sell","order_filled_timestamp":1749157200000,"ft_is_entry":false,"ft_order_tag":"exit_signal","cost":987.0036551999999}],"funding_fees":0.0063398111039999995},{"pair":"ETH/USDT:USDT","stake_amount":985.38483,"max_stake_amount":985.38483,"amount":0.411,"open_date":"2025-06-05 21:00:00+00:00","close_date":"2025-06-06 10:30:00+00:00","open_rate":2397.53,"close_rate":2479.73,"fee_open":0.0005,"fee_close":0.0005,"trade_duration":810,"profit_ratio":0.03323601381004714,"profit_abs":32.76663895,"exit_reason":"exit_signal","initial_stop_loss_abs":2157.78,"initial_stop_loss_ratio":-0.1,"stop_loss_abs":2157.78,"stop_loss_ratio":-0.1,"min_rate":2379.62,"max_rate":2486.53,"is_open":false,"enter_tag":"","leverage":1.0,"is_short":false,"open_timestamp":1749157200000,"close_timestamp":1749205800000,"orders":[{"amount":0.411,"safe_price":2397.53,"ft_order_side":"buy","order_filled_timestamp":1749157200000,"ft_is_entry":true,"ft_order_tag":"","cost":985.877522415},{"amount":0.411,"safe_price":2479.73,"ft_order_side":"sell","order_filled_timestamp":1749205800000,"ft_is_entry":false,"ft_order_tag":"exit_signal","cost":1019.6786145149998}],"funding_fees":-0.015284115463832288},{"pair":"SOL/USDT:USDT","stake_amount":1018.3895,"max_stake_amount":1018.3895,"amount":6.85,"open_date":"2025-06-06 11:30:00+00:00","close_date":"2025-06-07 07:00:00+00:00","open_rate":148.67,"close_rate":152.04,"fee_open":0.0005,"fee_close":0.0005,"trade_duration":1170,"profit_ratio":0.021597845000085568,"profit_abs":22.00601608,"exit_reason":"exit_signal","initial_stop_loss_abs":133.81,"initial_stop_loss_ratio":-0.1,"stop_loss_abs":133.81,"stop_loss_ratio":-0.1,"min_rate":146.84,"max_rate":152.56,"is_open":false,"enter_tag":"","leverage":1.0,"is_short":false,"open_timestamp":1749209400000,"close_timestamp":1749279600000,"orders":[{"amount":6.85,"safe_price":148.67,"ft_order_side":"buy","order_filled_timestamp":1749209400000,"ft_is_entry":true,"ft_order_tag":"","cost":1018.8986947499998},{"amount":6.85,"safe_price":152.04,"ft_order_side":"sell","order_filled_timestamp":1749279600000,"ft_is_entry":false,"ft_order_tag":"exit_signal","cost":1041.994737}],"funding_fees":-0.04855216528112076},{"pair":"SOL/USDT:USDT","stake_amount":1040.0978,"max_stake_amount":1040.0978,"amount":6.94,"open_date":"2025-06-07 23:45:00+00:00","close_date":"2025-06-08 16:45:00+00:00","open_rate":149.87,"close_rate":151.96,"fee_open":0.0005,"fee_close":0.0005,"trade_duration":1020,"profit_ratio":0.012917574721795645,"profit_abs":13.44225882,"exit_reason":"exit_signal","initial_stop_loss_abs":134.89,"initial_stop_loss_ratio":-0.1,"stop_loss_abs":134.89,"stop_loss_ratio":-0.1,"min_rate":147.59,"max_rate":152.16,"is_open":false,"enter_tag":"","leverage":1.0,"is_short":false,"open_timestamp":1749339900000,"close_timestamp":1749401100000,"orders":[{"amount":6.94,"safe_price":149.87,"ft_order_side":"buy","order_filled_timestamp":1749339900000,"ft_is_entry":true,"ft_order_tag":"","cost":1040.6178489},{"amount":6.94,"safe_price":151.96,"ft_order_side":"sell","order_filled_timestamp":1749401100000,"ft_is_entry":false,"ft_order_tag":"exit_signal","cost":1055.1297012000002}],"funding_fees":-0.014991075262000003},{"pair":"SOL/USDT:USDT","stake_amount":1054.1485,"max_stake_amount":1054.1485,"amount":7.03,"open_date":"2025-06-09 05:45:00+00:00","close_date":"2025-06-09 09:30:00+00:00","open_rate":149.95,"close_rate":151.94,"fee_open":0.0005,"fee_close":0.0005,"trade_duration":225,"profit_ratio":0.012229541524342363,"profit_abs":12.89819873,"exit_reason":"exit_signal","initial_stop_loss_abs":134.96,"initial_stop_loss_ratio":-0.1,"stop_loss_abs":134.96,"stop_loss_ratio":-0.1,"min_rate":149.5,"max_rate":153.79,"is_open":false,"enter_tag":"","leverage":1.0,"is_short":false,"open_timestamp":1749447900000,"close_timestamp":1749461400000,"orders":[{"amount":7.03,"safe_price":149.95,"ft_order_side":"buy","order_filled_timestamp":1749447900000,"ft_is_entry":true,"ft_order_tag":"","cost":1054.67557425},{"amount":7.03,"safe_price":151.94,"ft_order_side":"sell","order_filled_timestamp":1749461400000,"ft_is_entry":false,"ft_order_tag":"exit_signal","cost":1068.6722691}],"funding_fees":-0.030357924576000003},{"pair":"SOL/USDT:USDT","stake_amount":1066.2148,"max_stake_amount":1066.2148,"amount":7.21,"open_date":"2025-06-13 00:15:00+00:00","close_date":"2025-06-13 01:45:00+00:00","open_rate":147.88,"close_rate":143.34,"fee_open":0.0005,"fee_close":0.0005,"trade_duration":90,"profit_ratio":-0.03166938305259056,"profit_abs":-33.7832481,"exit_reason":"exit_signal","initial_stop_loss_abs":133.1,"initial_stop_loss_ratio":-0.1,"stop_loss_abs":133.1,"stop_loss_ratio":-0.1,"min_rate":140.74,"max_rate":148.47,"is_open":false,"enter_tag":"","leverage":1.0,"is_short":false,"open_timestamp":1749773700000,"close_timestamp":1749779100000,"orders":[{"amount":7.21,"safe_price":147.88,"ft_order_side":"buy","order_filled_timestamp":1749773700000,"ft_is_entry":true,"ft_order_tag":"","cost":1066.7479073999998},{"amount":7.21,"safe_price":143.34,"ft_order_side":"sell","order_filled_timestamp":1749779100000,"ft_is_entry":false,"ft_order_tag":"exit_signal","cost":1033.9981407}],"funding_fees":0.0},{"pair":"ETH/USDT:USDT","stake_amount":1031.79522,"max_stake_amount":1031.79522,"amount":0.421,"open_date":"2025-06-13 02:45:00+00:00","close_date":"2025-06-13 03:15:00+00:00","open_rate":2450.82,"close_rate":2492.33,"fee_open":0.0005,"fee_close":0.0005,"trade_duration":30,"profit_ratio":0.015920759390880737,"profit_abs":16.43517692,"exit_reason":"exit_signal","initial_stop_loss_abs":2205.74,"initial_stop_loss_ratio":-0.1,"stop_loss_abs":2205.74,"stop_loss_ratio":-0.1,"min_rate":2445.22,"max_rate":2505.25,"is_open":false,"enter_tag":"","leverage":1.0,"is_short":false,"open_timestamp":1749782700000,"close_timestamp":1749784500000,"orders":[{"amount":0.421,"safe_price":2450.82,"ft_order_side":"buy","order_filled_timestamp":1749782700000,"ft_is_entry":true,"ft_order_tag":"","cost":1032.3111176099999},{"amount":0.421,"safe_price":2492.33,"ft_order_side":"sell","order_filled_timestamp":1749784500000,"ft_is_entry":false,"ft_order_tag":"exit_signal","cost":1049.7955654649998}],"funding_fees":0.0},{"pair":"SOL/USDT:USDT","stake_amount":1048.7125,"max_stake_amount":1048.7125,"amount":7.25,"open_date":"2025-06-13 04:00:00+00:00","close_date":"2025-06-13 04:30:00+00:00","open_rate":144.65,"close_rate":143.96,"fee_open":0.0005,"fee_close":0.0005,"trade_duration":30,"profit_ratio":-0.005764867307099993,"profit_abs":-6.04871125,"exit_reason":"exit_signal","initial_stop_loss_abs":130.19,"initial_stop_loss_ratio":-0.1,"stop_loss_abs":130.19,"stop_loss_ratio":-0.1,"min_rate":143.36,"max_rate":144.67,"is_open":false,"enter_tag":"","leverage":1.0,"is_short":false,"open_timestamp":1749787200000,"close_timestamp":1749789000000,"orders":[{"amount":7.25,"safe_price":144.65,"ft_order_side":"buy","order_filled_timestamp":1749787200000,"ft_is_entry":true,"ft_order_tag":"","cost":1049.23685625},{"amount":7.25,"safe_price":143.96,"ft_order_side":"sell","order_filled_timestamp":1749789000000,"ft_is_entry":false,"ft_order_tag":"exit_signal","cost":1044.231855}],"funding_fees":0.0},{"pair":"SOL/USDT:USDT","stake_amount":1042.6381,"max_stake_amount":1042.6381,"amount":7.21,"open_date":"2025-06-13 04:45:00+00:00","close_date":"2025-06-13 05:15:00+00:00","open_rate":144.61,"close_rate":143.82,"fee_open":0.0005,"fee_close":0.0005,"trade_duration":30,"profit_ratio":-0.006457009376509449,"profit_abs":-6.73569015,"exit_reason":"exit_signal","initial_stop_loss_abs":130.15,"initial_stop_loss_ratio":-0.1,"stop_loss_abs":130.15,"stop_loss_ratio":-0.1,"min_rate":143.56,"max_rate":144.61,"is_open":false,"enter_tag":"","leverage":1.0,"is_short":false,"open_timestamp":1749789900000,"close_timestamp":1749791700000,"orders":[{"amount":7.21,"safe_price":144.61,"ft_order_side":"buy","order_filled_timestamp":1749789900000,"ft_is_entry":true,"ft_order_tag":"","cost":1043.15941905},{"amount":7.21,"safe_price":143.82,"ft_order_side":"sell","order_filled_timestamp":1749791700000,"ft_is_entry":false,"ft_order_tag":"exit_signal","cost":1037.4606711}],"funding_fees":0.0},{"pair":"SOL/USDT:USDT","stake_amount":1037.1976,"max_stake_amount":1037.1976,"amount":7.16,"open_date":"2025-06-13 07:00:00+00:00","close_date":"2025-06-13 10:30:00+00:00","open_rate":144.86,"close_rate":144.06,"fee_open":0.0005,"fee_close":0.0005,"trade_duration":210,"profit_ratio":-0.006423861637419396,"profit_abs":-6.66614528,"exit_reason":"exit_signal","initial_stop_loss_abs":130.38,"initial_stop_loss_ratio":-0.1,"stop_loss_abs":130.38,"stop_loss_ratio":-0.1,"min_rate":143.55,"max_rate":146.61,"is_open":false,"enter_tag":"","leverage":1.0,"is_short":false,"open_timestamp":1749798000000,"close_timestamp":1749810600000,"orders":[{"amount":7.16,"safe_price":144.86,"ft_order_side":"buy","order_filled_timestamp":1749798000000,"ft_is_entry":true,"ft_order_tag":"","cost":1037.7161988},{"amount":7.16,"safe_price":144.06,"ft_order_side":"sell","order_filled_timestamp":1749810600000,"ft_is_entry":false,"ft_order_tag":"exit_signal","cost":1031.9853348000001}],"funding_fees":0.09618831794411388},{"pair":"SOL/USDT:USDT","stake_amount":1029.572,"max_stake_amount":1029.572,"amount":7.13,"open_date":"2025-06-13 10:45:00+00:00","close_date":"2025-06-14 16:45:00+00:00","open_rate":144.4,"close_rate":143.74,"fee_open":0.0005,"fee_close":0.0005,"trade_duration":1800,"profit_ratio":-0.005685224526314815,"profit_abs":-5.85627466,"exit_reason":"exit_signal","initial_stop_loss_abs":129.96,"initial_stop_loss_ratio":-0.1,"stop_loss_abs":129.96,"stop_loss_ratio":-0.1,"min_rate":142.84,"max_rate":148.87,"is_open":false,"enter_tag":"","leverage":1.0,"is_short":false,"open_timestamp":1749811500000,"close_timestamp":1749919500000,"orders":[{"amount":7.13,"safe_price":144.4,"ft_order_side":"buy","order_filled_timestamp":1749811500000,"ft_is_entry":true,"ft_order_tag":"","cost":1030.086786},{"amount":7.13,"safe_price":143.74,"ft_order_side":"sell","order_filled_timestamp":1749919500000,"ft_is_entry":false,"ft_order_tag":"exit_signal","cost":1025.3786331000001}],"funding_fees":-0.12325556456990801},{"pair":"SOL/USDT:USDT","stake_amount":1023.9378,"max_stake_amount":1023.9378,"amount":7.09,"open_date":"2025-06-14 18:00:00+00:00","close_date":"2025-06-14 18:45:00+00:00","open_rate":144.42,"close_rate":143.4,"fee_open":0.0005,"fee_close":0.0005,"trade_duration":45,"profit_ratio":-0.008055174739177981,"profit_abs":-8.2521219,"exit_reason":"exit_signal","initial_stop_loss_abs":129.98,"initial_stop_loss_ratio":-0.1,"stop_loss_abs":129.98,"stop_loss_ratio":-0.1,"min_rate":143.0,"max_rate":145.08,"is_open":false,"enter_tag":"","leverage":1.0,"is_short":false,"open_timestamp":1749924000000,"close_timestamp":1749926700000,"orders":[{"amount":7.09,"safe_price":144.42,"ft_order_side":"buy","order_filled_timestamp":1749924000000,"ft_is_entry":true,"ft_order_tag":"","cost":1024.4497689},{"amount":7.09,"safe_price":143.4,"ft_order_side":"sell","order_filled_timestamp":1749926700000,"ft_is_entry":false,"ft_order_tag":"exit_signal","cost":1017.214353}],"funding_fees":0.0},{"pair":"SOL/USDT:USDT","stake_amount":1015.7647,"max_stake_amount":1015.7647,"amount":7.03,"open_date":"2025-06-14 22:00:00+00:00","close_date":"2025-06-15 15:15:00+00:00","open_rate":144.49,"close_rate":152.06,"fee_open":0.0005,"fee_close":0.0005,"trade_duration":1035,"profit_ratio":0.05130292502769102,"profit_abs":52.1377561,"exit_reason":"exit_signal","initial_stop_loss_abs":130.05,"initial_stop_loss_ratio":-0.1,"stop_loss_abs":130.05,"stop_loss_ratio":-0.1,"min_rate":143.89,"max_rate":152.63,"is_open":false,"enter_tag":"","leverage":1.0,"is_short":false,"open_timestamp":1749938400000,"close_timestamp":1750000500000,"orders":[{"amount":7.03,"safe_price":144.49,"ft_order_side":"buy","order_filled_timestamp":1749938400000,"ft_is_entry":true,"ft_order_tag":"","cost":1016.27258235},{"amount":7.03,"safe_price":152.06,"ft_order_side":"sell","order_filled_timestamp":1750000500000,"ft_is_entry":false,"ft_order_tag":"exit_signal","cost":1069.5162909}],"funding_fees":-0.036970649083999996},{"pair":"SOL/USDT:USDT","stake_amount":1067.6276,"max_stake_amount":1067.6276,"amount":7.16,"open_date":"2025-06-15 20:45:00+00:00","close_date":"2025-06-15 22:30:00+00:00","open_rate":149.11,"close_rate":151.73,"fee_open":0.0005,"fee_close":0.0005,"trade_duration":105,"profit_ratio":0.01655385840712532,"profit_abs":17.6821928,"exit_reason":"exit_signal","initial_stop_loss_abs":134.2,"initial_stop_loss_ratio":-0.1,"stop_loss_abs":134.2,"stop_loss_ratio":-0.1,"min_rate":148.07,"max_rate":152.5,"is_open":false,"enter_tag":"","leverage":1.0,"is_short":false,"open_timestamp":1750020300000,"close_timestamp":1750026600000,"orders":[{"amount":7.16,"safe_price":149.11,"ft_order_side":"buy","order_filled_timestamp":1750020300000,"ft_is_entry":true,"ft_order_tag":"","cost":1068.1614138},{"amount":7.16,"safe_price":151.73,"ft_order_side":"sell","order_filled_timestamp":1750026600000,"ft_is_entry":false,"ft_order_tag":"exit_signal","cost":1086.9299933999998}],"funding_fees":0.0},{"pair":"SOL/USDT:USDT","stake_amount":1084.634,"max_stake_amount":1084.634,"amount":7.3,"open_date":"2025-06-17 00:15:00+00:00","close_date":"2025-06-17 03:00:00+00:00","open_rate":148.58,"close_rate":153.17,"fee_open":0.0005,"fee_close":0.0005,"trade_duration":165,"profit_ratio":0.029862071252703168,"profit_abs":32.4056125,"exit_reason":"exit_signal","initial_stop_loss_abs":133.73,"initial_stop_loss_ratio":-0.1,"stop_loss_abs":133.73,"stop_loss_ratio":-0.1,"min_rate":147.41,"max_rate":153.75,"is_open":false,"enter_tag":"","leverage":1.0,"is_short":false,"open_timestamp":1750119300000,"close_timestamp":1750129200000,"orders":[{"amount":7.3,"safe_price":148.58,"ft_order_side":"buy","order_filled_timestamp":1750119300000,"ft_is_entry":true,"ft_order_tag":"","cost":1085.176317},{"amount":7.3,"safe_price":153.17,"ft_order_side":"sell","order_filled_timestamp":1750129200000,"ft_is_entry":false,"ft_order_tag":"exit_signal","cost":1118.7000704999998}],"funding_fees":0.0},{"pair":"SOL/USDT:USDT","stake_amount":1117.4373,"max_stake_amount":1117.4373,"amount":7.47,"open_date":"2025-06-17 13:00:00+00:00","close_date":"2025-06-19 15:00:00+00:00","open_rate":149.59,"close_rate":143.09,"fee_open":0.0005,"fee_close":0.0005,"trade_duration":3000,"profit_ratio":-0.04454088397392523,"profit_abs":-49.79653095,"exit_reason":"exit_signal","initial_stop_loss_abs":134.64,"initial_stop_loss_ratio":-0.1,"stop_loss_abs":134.64,"stop_loss_ratio":-0.1,"min_rate":142.84,"max_rate":150.71,"is_open":false,"enter_tag":"","leverage":1.0,"is_short":false,"open_timestamp":1750165200000,"close_timestamp":1750345200000,"orders":[{"amount":7.47,"safe_price":149.59,"ft_order_side":"buy","order_filled_timestamp":1750165200000,"ft_is_entry":true,"ft_order_tag":"","cost":1117.99601865},{"amount":7.47,"safe_price":143.09,"ft_order_side":"sell","order_filled_timestamp":1750345200000,"ft_is_entry":false,"ft_order_tag":"exit_signal","cost":1069.41674115}],"funding_fees":-0.14837114839584126},{"pair":"SOL/USDT:USDT","stake_amount":1067.4708,"max_stake_amount":1067.4708,"amount":7.37,"open_date":"2025-06-19 17:45:00+00:00","close_date":"2025-06-20 15:30:00+00:00","open_rate":144.84,"close_rate":143.39,"fee_open":0.0005,"fee_close":0.0005,"trade_duration":1305,"profit_ratio":-0.011098311465091932,"profit_abs":-11.85304698,"exit_reason":"exit_signal","initial_stop_loss_abs":130.36,"initial_stop_loss_ratio":-0.1,"stop_loss_abs":130.36,"stop_loss_ratio":-0.1,"min_rate":143.11,"max_rate":148.75,"is_open":false,"enter_tag":"","leverage":1.0,"is_short":false,"open_timestamp":1750355100000,"close_timestamp":1750433400000,"orders":[{"amount":7.37,"safe_price":144.84,"ft_order_side":"buy","order_filled_timestamp":1750355100000,"ft_is_entry":true,"ft_order_tag":"","cost":1068.0045354},{"amount":7.37,"safe_price":143.39,"ft_order_side":"sell","order_filled_timestamp":1750433400000,"ft_is_entry":false,"ft_order_tag":"exit_signal","cost":1057.3126921499997}],"funding_fees":-0.10441942697769349},{"pair":"SUI/USDT:USDT","stake_amount":1056.71916,"max_stake_amount":1056.71916,"amount":385.2,"open_date":"2025-06-20 16:15:00+00:00","close_date":"2025-06-21 15:45:00+00:00","open_rate":2.7433,"close_rate":2.6228,"fee_open":0.0005,"fee_close":0.0005,"trade_duration":1410,"profit_ratio":-0.0450640242021347,"profit_abs":-47.64382781,"exit_reason":"exit_signal","initial_stop_loss_abs":2.469,"initial_stop_loss_ratio":-0.1,"stop_loss_abs":2.469,"stop_loss_ratio":-0.1,"min_rate":2.6116,"max_rate":2.7794,"is_open":false,"enter_tag":"","leverage":1.0,"is_short":false,"open_timestamp":1750436100000,"close_timestamp":1750520700000,"orders":[{"amount":385.2,"safe_price":2.7433,"ft_order_side":"buy","order_filled_timestamp":1750436100000,"ft_is_entry":true,"ft_order_tag":"","cost":1057.24751958},{"amount":385.2,"safe_price":2.6228,"ft_order_side":"sell","order_filled_timestamp":1750520700000,"ft_is_entry":false,"ft_order_tag":"exit_signal","cost":1010.8077112799998}],"funding_fees":-0.19371695481},{"pair":"ETH/USDT:USDT","stake_amount":1008.52701,"max_stake_amount":1008.52701,"amount":0.417,"open_date":"2025-06-21 15:45:00+00:00","close_date":"2025-06-21 21:45:00+00:00","open_rate":2418.53,"close_rate":2297.51,"fee_open":0.0005,"fee_close":0.0005,"trade_duration":360,"profit_ratio":-0.051038313303323805,"profit_abs":-51.49925427,"exit_reason":"exit_signal","initial_stop_loss_abs":2176.68,"initial_stop_loss_ratio":-0.1,"stop_loss_abs":2176.68,"stop_loss_ratio":-0.1,"min_rate":2230.0,"max_rate":2427.39,"is_open":false,"enter_tag":"","leverage":1.0,"is_short":false,"open_timestamp":1750520700000,"close_timestamp":1750542300000,"orders":[{"amount":0.417,"safe_price":2418.53,"ft_order_side":"buy","order_filled_timestamp":1750520700000,"ft_is_entry":true,"ft_order_tag":"","cost":1009.031273505},{"amount":0.417,"safe_price":2297.51,"ft_order_side":"sell","order_filled_timestamp":1750542300000,"ft_is_entry":false,"ft_order_tag":"exit_signal","cost":958.540700835}],"funding_fees":-0.050619934309740724},{"pair":"SUI/USDT:USDT","stake_amount":958.59582,"max_stake_amount":958.59582,"amount":358.3,"open_date":"2025-06-23 20:15:00+00:00","close_date":"2025-06-23 22:30:00+00:00","open_rate":2.6754,"close_rate":2.845,"fee_open":0.0005,"fee_close":0.0005,"trade_duration":135,"profit_ratio":0.06232952896355889,"profit_abs":59.77870034,"exit_reason":"exit_signal","initial_stop_loss_abs":2.4079,"initial_stop_loss_ratio":-0.1,"stop_loss_abs":2.4079,"stop_loss_ratio":-0.1,"min_rate":2.6754,"max_rate":2.855,"is_open":false,"enter_tag":"","leverage":1.0,"is_short":false,"open_timestamp":1750709700000,"close_timestamp":1750717800000,"orders":[{"amount":358.3,"safe_price":2.6754,"ft_order_side":"buy","order_filled_timestamp":1750709700000,"ft_is_entry":true,"ft_order_tag":"","cost":959.0751179099999},{"amount":358.3,"safe_price":2.845,"ft_order_side":"sell","order_filled_timestamp":1750717800000,"ft_is_entry":false,"ft_order_tag":"exit_signal","cost":1019.8731817500001}],"funding_fees":0.0},{"pair":"SOL/USDT:USDT","stake_amount":1017.202,"max_stake_amount":1017.202,"amount":6.95,"open_date":"2025-06-23 22:30:00+00:00","close_date":"2025-06-24 00:30:00+00:00","open_rate":146.36,"close_rate":143.49,"fee_open":0.0005,"fee_close":0.0005,"trade_duration":120,"profit_ratio":-0.02067427023883384,"profit_abs":-21.04042399,"exit_reason":"exit_signal","initial_stop_loss_abs":131.73,"initial_stop_loss_ratio":-0.1,"stop_loss_abs":131.73,"stop_loss_ratio":-0.1,"min_rate":143.04,"max_rate":146.67,"is_open":false,"enter_tag":"","leverage":1.0,"is_short":false,"open_timestamp":1750717800000,"close_timestamp":1750725000000,"orders":[{"amount":6.95,"safe_price":146.36,"ft_order_side":"buy","order_filled_timestamp":1750717800000,"ft_is_entry":true,"ft_order_tag":"","cost":1017.7106010000001},{"amount":6.95,"safe_price":143.49,"ft_order_side":"sell","order_filled_timestamp":1750725000000,"ft_is_entry":false,"ft_order_tag":"exit_signal","cost":997.7541277500001}],"funding_fees":-0.08669524381},{"pair":"ETH/USDT:USDT","stake_amount":996.9628,"max_stake_amount":996.9628,"amount":0.415,"open_date":"2025-06-24 00:30:00+00:00","close_date":"2025-06-26 03:00:00+00:00","open_rate":2402.32,"close_rate":2492.2,"fee_open":0.0005,"fee_close":0.0005,"trade_duration":3030,"profit_ratio":0.0363294973406273,"profit_abs":36.23726697,"exit_reason":"exit_signal","initial_stop_loss_abs":2162.09,"initial_stop_loss_ratio":-0.1,"stop_loss_abs":2162.09,"stop_loss_ratio":-0.1,"min_rate":2374.9,"max_rate":2520.0,"is_open":false,"enter_tag":"","leverage":1.0,"is_short":false,"open_timestamp":1750725000000,"close_timestamp":1750906800000,"orders":[{"amount":0.415,"safe_price":2402.32,"ft_order_side":"buy","order_filled_timestamp":1750725000000,"ft_is_entry":true,"ft_order_tag":"","cost":997.4612814},{"amount":0.415,"safe_price":2492.2,"ft_order_side":"sell","order_filled_timestamp":1750906800000,"ft_is_entry":false,"ft_order_tag":"exit_signal","cost":1034.7801315}],"funding_fees":-0.04732012750562564},{"pair":"SOL/USDT:USDT","stake_amount":1031.8896,"max_stake_amount":1031.8896,"amount":7.06,"open_date":"2025-06-26 03:00:00+00:00","close_date":"2025-06-26 09:45:00+00:00","open_rate":146.16,"close_rate":143.9,"fee_open":0.0005,"fee_close":0.0005,"trade_duration":405,"profit_ratio":-0.016467832234757677,"profit_abs":-17.00148131,"exit_reason":"exit_signal","initial_stop_loss_abs":131.55,"initial_stop_loss_ratio":-0.1,"stop_loss_abs":131.55,"stop_loss_ratio":-0.1,"min_rate":143.52,"max_rate":147.99,"is_open":false,"enter_tag":"","leverage":1.0,"is_short":false,"open_timestamp":1750906800000,"close_timestamp":1750931100000,"orders":[{"amount":7.06,"safe_price":146.16,"ft_order_side":"buy","order_filled_timestamp":1750906800000,"ft_is_entry":true,"ft_order_tag":"","cost":1032.4055448},{"amount":7.06,"safe_price":143.9,"ft_order_side":"sell","order_filled_timestamp":1750931100000,"ft_is_entry":false,"ft_order_tag":"exit_signal","cost":1016.4419669999999}],"funding_fees":-0.02196951023165613},{"pair":"SUI/USDT:USDT","stake_amount":1016.06382,"max_stake_amount":1016.06382,"amount":379.1,"open_date":"2025-06-26 10:15:00+00:00","close_date":"2025-06-26 13:15:00+00:00","open_rate":2.6802,"close_rate":2.6227,"fee_open":0.0005,"fee_close":0.0005,"trade_duration":180,"profit_ratio":-0.02243168021734567,"profit_abs":-22.8034147,"exit_reason":"exit_signal","initial_stop_loss_abs":2.4122,"initial_stop_loss_ratio":-0.1,"stop_loss_abs":2.4122,"stop_loss_ratio":-0.1,"min_rate":2.6187,"max_rate":2.6849,"is_open":false,"enter_tag":"","leverage":1.0,"is_short":false,"open_timestamp":1750932900000,"close_timestamp":1750943700000,"orders":[{"amount":379.1,"safe_price":2.6802,"ft_order_side":"buy","order_filled_timestamp":1750932900000,"ft_is_entry":true,"ft_order_tag":"","cost":1016.5718519100001},{"amount":379.1,"safe_price":2.6227,"ft_order_side":"sell","order_filled_timestamp":1750943700000,"ft_is_entry":false,"ft_order_tag":"exit_signal","cost":994.762702785}],"funding_fees":0.0},{"pair":"ETH/USDT:USDT","stake_amount":991.47672,"max_stake_amount":991.47672,"amount":0.408,"open_date":"2025-06-26 13:15:00+00:00","close_date":"2025-06-29 22:45:00+00:00","open_rate":2430.09,"close_rate":2491.96,"fee_open":0.0005,"fee_close":0.0005,"trade_duration":4890,"profit_ratio":0.024080398935159807,"profit_abs":23.88709253,"exit_reason":"exit_signal","initial_stop_loss_abs":2187.09,"initial_stop_loss_ratio":-0.1,"stop_loss_abs":2187.09,"stop_loss_ratio":-0.1,"min_rate":2377.0,"max_rate":2509.84,"is_open":false,"enter_tag":"","leverage":1.0,"is_short":false,"open_timestamp":1750943700000,"close_timestamp":1751237100000,"orders":[{"amount":0.408,"safe_price":2430.09,"ft_order_side":"buy","order_filled_timestamp":1750943700000,"ft_is_entry":true,"ft_order_tag":"","cost":991.9724583599999},{"amount":0.408,"safe_price":2491.96,"ft_order_side":"sell","order_filled_timestamp":1751237100000,"ft_is_entry":false,"ft_order_tag":"exit_signal","cost":1017.2280398399998}],"funding_fees":-0.3517692739889319},{"pair":"SOL/USDT:USDT","stake_amount":1016.5688,"max_stake_amount":1016.5688,"amount":6.76,"open_date":"2025-06-30 07:00:00+00:00","close_date":"2025-06-30 14:00:00+00:00","open_rate":150.38,"close_rate":150.82,"fee_open":0.0005,"fee_close":0.0005,"trade_duration":420,"profit_ratio":0.0019234962914871864,"profit_abs":1.956344,"exit_reason":"force_exit","initial_stop_loss_abs":135.35,"initial_stop_loss_ratio":-0.1,"stop_loss_abs":135.35,"stop_loss_ratio":-0.1,"min_rate":149.36,"max_rate":151.71,"is_open":false,"enter_tag":"","leverage":1.0,"is_short":false,"open_timestamp":1751266800000,"close_timestamp":1751292000000,"orders":[{"amount":6.76,"safe_price":150.38,"ft_order_side":"buy","order_filled_timestamp":1751266800000,"ft_is_entry":true,"ft_order_tag":"","cost":1017.0770843999999},{"amount":6.76,"safe_price":150.82,"ft_order_side":"sell","order_filled_timestamp":1751292000000,"ft_is_entry":false,"ft_order_tag":"force_exit","cost":1020.0529715999999}],"funding_fees":0.0}],"locks":[],"best_pair":{"key":"ETH/USDT:USDT","trades":10,"profit_mean":0.011503487727851137,"profit_mean_pct":1.15,"profit_sum":0.11503487727851136,"profit_sum_pct":11.5,"profit_total_abs":114.85087843999999,"profit_total":0.11485087843999998,"profit_total_pct":11.49,"duration_avg":"17:40:00","wins":9,"draws":0,"losses":1,"winrate":0.9,"cagr":1.4153526710598392,"expectancy":11.485087843999999,"expectancy_ratio":0.22301464374194713,"sortino":-100,"sharpe":2.0789171172747394,"calmar":104.7396388209674,"sqn":1.469,"profit_factor":3.2301464374194713,"max_drawdown_account":0.0465540177395809,"max_drawdown_abs":51.49925427},"worst_pair":{"key":"SOL/USDT:USDT","trades":18,"profit_mean":-0.0037826661745614643,"profit_mean_pct":-0.38,"profit_sum":-0.06808799114210635,"profit_sum_pct":-6.81,"profit_total_abs":-74.81431573,"profit_total":-0.07481431573,"profit_total_pct":-7.48,"duration_avg":"10:44:00","wins":7,"draws":0,"losses":11,"winrate":0.3888888888888889,"cagr":-0.4677950748870582,"expectancy":-4.156350873888888,"expectancy_ratio":-0.20110547058062744,"sortino":-1.741159884029413,"sharpe":-1.1835221133723264,"calmar":-32.591367890860404,"sqn":-0.6385,"profit_factor":0.670918320868064,"max_drawdown_account":0.09745767310601632,"max_drawdown_abs":99.69148322999999},"results_per_pair":[{"key":"ETH/USDT:USDT","trades":10,"profit_mean":0.011503487727851137,"profit_mean_pct":1.15,"profit_sum":0.11503487727851136,"profit_sum_pct":11.5,"profit_total_abs":114.85087843999999,"profit_total":0.11485087843999998,"profit_total_pct":11.49,"duration_avg":"17:40:00","wins":9,"draws":0,"losses":1,"winrate":0.9,"cagr":1.4153526710598392,"expectancy":11.485087843999999,"expectancy_ratio":0.22301464374194713,"sortino":-100,"sharpe":2.0789171172747394,"calmar":104.7396388209674,"sqn":1.469,"profit_factor":3.2301464374194713,"max_drawdown_account":0.0465540177395809,"max_drawdown_abs":51.49925427},{"key":"SUI/USDT:USDT","trades":3,"profit_mean":-0.001722058485307161,"profit_mean_pct":-0.17,"profit_sum":-0.005166175455921483,"profit_sum_pct":-0.52,"profit_total_abs":-10.668542169999998,"profit_total":-0.010668542169999998,"profit_total_pct":-1.07,"duration_avg":"9:35:00","wins":1,"draws":0,"losses":2,"winrate":0.3333333333333333,"cagr":-0.08332165294990801,"expectancy":-3.556180723333334,"expectancy_ratio":-0.100960111329511,"sortino":-0.36467851546187935,"sharpe":-0.09863992879619492,"calmar":-9.506756061394025,"sqn":-0.1095,"profit_factor":0.8485598330057335,"max_drawdown_account":0.04764382780999995,"max_drawdown_abs":47.64382781},{"key":"SOL/USDT:USDT","trades":18,"profit_mean":-0.0037826661745614643,"profit_mean_pct":-0.38,"profit_sum":-0.06808799114210635,"profit_sum_pct":-6.81,"profit_total_abs":-74.81431573,"profit_total":-0.07481431573,"profit_total_pct":-7.48,"duration_avg":"10:44:00","wins":7,"draws":0,"losses":11,"winrate":0.3888888888888889,"cagr":-0.4677950748870582,"expectancy":-4.156350873888888,"expectancy_ratio":-0.20110547058062744,"sortino":-1.741159884029413,"sharpe":-1.1835221133723264,"calmar":-32.591367890860404,"sqn":-0.6385,"profit_factor":0.670918320868064,"max_drawdown_account":0.09745767310601632,"max_drawdown_abs":99.69148322999999},{"key":"TOTAL","trades":31,"profit_mean":0.0013477648606607588,"profit_mean_pct":0.13,"profit_sum":0.04178071068048352,"profit_sum_pct":4.18,"profit_total_abs":29.368020539999993,"profit_total":0.029368020539999994,"profit_total_pct":2.94,"duration_avg":"12:52:00","wins":17,"draws":0,"losses":14,"winrate":0.5483870967741935,"cagr":0.26462602851459605,"expectancy":0.9473555012903212,"expectancy_ratio":0.037971335327006805,"sortino":0.6541079637723219,"sharpe":0.4270012604743057,"calmar":8.755736914108063,"sqn":0.1777,"profit_factor":1.084079385366944,"max_drawdown_account":0.14240193476958832,"max_drawdown_abs":160.79266001000002}],"results_per_enter_tag":[{"key":"","trades":31,"profit_mean":0.0013477648606607588,"profit_mean_pct":0.13,"profit_sum":0.04178071068048352,"profit_sum_pct":4.18,"profit_total_abs":29.368020539999993,"profit_total":0.029368020539999994,"profit_total_pct":2.94,"duration_avg":"12:52:00","wins":17,"draws":0,"losses":14,"winrate":0.5483870967741935,"cagr":0.26462602851459605,"expectancy":0.9473555012903212,"expectancy_ratio":0.037971335327006805,"sortino":0.6541079637723219,"sharpe":0.4270012604743057,"calmar":8.755736914108063,"sqn":0.1777,"profit_factor":1.084079385366944,"max_drawdown_account":0.14240193476958832,"max_drawdown_abs":160.79266001000002},{"key":"TOTAL","trades":31,"profit_mean":0.0013477648606607588,"profit_mean_pct":0.13,"profit_sum":0.04178071068048352,"profit_sum_pct":4.18,"profit_total_abs":29.368020539999993,"profit_total":0.029368020539999994,"profit_total_pct":2.94,"duration_avg":"12:52:00","wins":17,"draws":0,"losses":14,"winrate":0.5483870967741935,"cagr":0.26462602851459605,"expectancy":0.9473555012903212,"expectancy_ratio":0.037971335327006805,"sortino":0.6541079637723219,"sharpe":0.4270012604743057,"calmar":8.755736914108063,"sqn":0.1777,"profit_factor":1.084079385366944,"max_drawdown_account":0.14240193476958832,"max_drawdown_abs":160.79266001000002}],"exit_reason_summary":[{"key":"exit_signal","trades":30,"profit_mean":0.0013285738129665446,"profit_mean_pct":0.13,"profit_sum":0.03985721438899634,"profit_sum_pct":3.99,"profit_total_abs":27.41167653999999,"profit_total":0.027411676539999992,"profit_total_pct":2.74,"duration_avg":"13:04:00","wins":16,"draws":0,"losses":14,"winrate":0.5333333333333333,"cagr":0.24526253338613047,"expectancy":0.9137225513333309,"expectancy_ratio":0.036623279587515434,"sortino":0.6105347107321563,"sharpe":0.3920834432923835,"calmar":8.172475493606012,"sqn":0.1658,"profit_factor":1.0784784562589618,"max_drawdown_account":0.14240193476958832,"max_drawdown_abs":160.79266001000002},{"key":"force_exit","trades":1,"profit_mean":0.0019234962914871864,"profit_mean_pct":0.19,"profit_sum":0.0019234962914871864,"profit_sum_pct":0.19,"profit_total_abs":1.956344,"profit_total":0.001956344,"profit_total_pct":0.2,"duration_avg":"7:00:00","wins":1,"draws":0,"losses":0,"winrate":1.0,"cagr":0.015978941443373085,"expectancy":1.956344,"expectancy_ratio":100.0,"sortino":-100,"sharpe":-100,"calmar":-100,"sqn":-100.0,"profit_factor":0.0,"max_drawdown_account":0.0,"max_drawdown_abs":0.0},{"key":"TOTAL","trades":31,"profit_mean":0.0013477648606607588,"profit_mean_pct":0.13,"profit_sum":0.04178071068048352,"profit_sum_pct":4.18,"profit_total_abs":29.368020539999993,"profit_total":0.029368020539999994,"profit_total_pct":2.94,"duration_avg":"12:52:00","wins":17,"draws":0,"losses":14,"winrate":0.5483870967741935,"cagr":0.26462602851459605,"expectancy":0.9473555012903212,"expectancy_ratio":0.037971335327006805,"sortino":0.6541079637723219,"sharpe":0.4270012604743057,"calmar":8.755736914108063,"sqn":0.1777,"profit_factor":1.084079385366944,"max_drawdown_account":0.14240193476958832,"max_drawdown_abs":160.79266001000002}],"mix_tag_stats":[{"key":["","exit_signal"],"trades":30,"profit_mean":0.0013285738129665446,"profit_mean_pct":0.13,"profit_sum":0.03985721438899634,"profit_sum_pct":3.99,"profit_total_abs":27.41167653999999,"profit_total":0.027411676539999992,"profit_total_pct":2.74,"duration_avg":"13:04:00","wins":16,"draws":0,"losses":14,"winrate":0.5333333333333333,"cagr":0.24526253338613047,"expectancy":0.9137225513333309,"expectancy_ratio":0.036623279587515434,"sortino":0.6105347107321563,"sharpe":0.3920834432923835,"calmar":8.172475493606012,"sqn":0.1658,"profit_factor":1.0784784562589618,"max_drawdown_account":0.14240193476958832,"max_drawdown_abs":160.79266001000002},{"key":["","force_exit"],"trades":1,"profit_mean":0.0019234962914871864,"profit_mean_pct":0.19,"profit_sum":0.0019234962914871864,"profit_sum_pct":0.19,"profit_total_abs":1.956344,"profit_total":0.001956344,"profit_total_pct":0.2,"duration_avg":"7:00:00","wins":1,"draws":0,"losses":0,"winrate":1.0,"cagr":0.015978941443373085,"expectancy":1.956344,"expectancy_ratio":100.0,"sortino":-100,"sharpe":-100,"calmar":-100,"sqn":-100.0,"profit_factor":0.0,"max_drawdown_account":0.0,"max_drawdown_abs":0.0},{"key":"TOTAL","trades":31,"profit_mean":0.0013477648606607588,"profit_mean_pct":0.13,"profit_sum":0.04178071068048352,"profit_sum_pct":4.18,"profit_total_abs":29.368020539999993,"profit_total":0.029368020539999994,"profit_total_pct":2.94,"duration_avg":"12:52:00","wins":17,"draws":0,"losses":14,"winrate":0.5483870967741935,"cagr":0.26462602851459605,"expectancy":0.9473555012903212,"expectancy_ratio":0.037971335327006805,"sortino":0.6541079637723219,"sharpe":0.4270012604743057,"calmar":8.755736914108063,"sqn":0.1777,"profit_factor":1.084079385366944,"max_drawdown_account":0.14240193476958832,"max_drawdown_abs":160.79266001000002}],"left_open_trades":[{"key":"SOL/USDT:USDT","trades":1,"profit_mean":0.0019234962914871864,"profit_mean_pct":0.19,"profit_sum":0.0019234962914871864,"profit_sum_pct":0.19,"profit_total_abs":1.956344,"profit_total":0.001956344,"profit_total_pct":0.2,"duration_avg":"7:00:00","wins":1,"draws":0,"losses":0,"winrate":1.0,"cagr":0.015978941443373085,"expectancy":1.956344,"expectancy_ratio":100.0,"sortino":-100,"sharpe":-100,"calmar":-100,"sqn":-100.0,"profit_factor":0.0,"max_drawdown_account":0.0,"max_drawdown_abs":0.0},{"key":"TOTAL","trades":1,"profit_mean":0.0019234962914871864,"profit_mean_pct":0.19,"profit_sum":0.0019234962914871864,"profit_sum_pct":0.19,"profit_total_abs":1.956344,"profit_total":0.001956344,"profit_total_pct":0.2,"duration_avg":"7:00:00","wins":1,"draws":0,"losses":0,"winrate":1.0,"cagr":0.015978941443373085,"expectancy":1.956344,"expectancy_ratio":100.0,"sortino":-100,"sharpe":-100,"calmar":-100,"sqn":-100.0,"profit_factor":0.0,"max_drawdown_account":0.0,"max_drawdown_abs":0.0}],"total_trades":31,"trade_count_long":31,"trade_count_short":0,"total_volume":63895.148638515,"avg_stake_amount":1029.042532580645,"profit_mean":0.0013477648606607588,"profit_median":0.005286094400451872,"profit_total":0.029368020539999994,"profit_total_long":0.029368020539999994,"profit_total_short":0.0,"profit_total_abs":29.368020539999993,"profit_total_long_abs":29.368020539999993,"profit_total_short_abs":0.0,"cagr":0.26462602851459605,"expectancy":0.9473555012903212,"expectancy_ratio":0.037971335327006805,"sortino":0.6541079637723219,"sharpe":0.4270012604743057,"calmar":8.755736914108063,"sqn":0.1777,"profit_factor":1.084079385366944,"backtest_start":"2025-05-16 00:00:00","backtest_start_ts":1747353600000,"backtest_end":"2025-06-30 14:00:00","backtest_end_ts":1751292000000,"backtest_days":45,"backtest_run_start_ts":1751294311,"backtest_run_end_ts":1751294311,"trades_per_day":0.69,"market_change":-0.14757316878033763,"pairlist":["SOL/USDT:USDT","ETH/USDT:USDT","SUI/USDT:USDT"],"stake_amount":"unlimited","stake_currency":"USDT","stake_currency_decimals":3,"starting_balance":1000,"dry_run_wallet":1000,"final_balance":1029.36802054,"rejected_signals":415,"timedout_entry_orders":0,"timedout_exit_orders":0,"canceled_trade_entries":0,"canceled_entry_orders":0,"replaced_entry_orders":0,"max_open_trades":1,"max_open_trades_setting":1,"timeframe":"15m","timeframe_detail":"","timerange":"","enable_protections":false,"strategy_name":"SimpleGrid","stoploss":-0.1,"trailing_stop":false,"trailing_stop_positive":null,"trailing_stop_positive_offset":0.0,"trailing_only_offset_is_reached":false,"use_custom_stoploss":false,"minimal_roi":{},"use_exit_signal":true,"exit_profit_only":false,"exit_profit_offset":0.0,"ignore_roi_if_entry_signal":false,"trading_mode":"futures","margin_mode":"isolated","periodic_breakdown":{"day":[{"date":"17/05/2025","date_ts":1747440000000,"profit_abs":12.69899441,"wins":2,"draws":0,"losses":0,"trades":2,"profit_factor":0.0},{"date":"18/05/2025","date_ts":1747526400000,"profit_abs":0.0,"wins":0,"draws":0,"losses":0,"trades":0,"profit_factor":0.0},{"date":"19/05/2025","date_ts":1747612800000,"profit_abs":33.64228613,"wins":2,"draws":0,"losses":0,"trades":2,"profit_factor":0.0},{"date":"20/05/2025","date_ts":1747699200000,"profit_abs":10.6826768,"wins":1,"draws":0,"losses":0,"trades":1,"profit_factor":0.0},{"date":"21/05/2025","date_ts":1747785600000,"profit_abs":0.0,"wins":0,"draws":0,"losses":0,"trades":0,"profit_factor":0.0},{"date":"22/05/2025","date_ts":1747872000000,"profit_abs":0.0,"wins":0,"draws":0,"losses":0,"trades":0,"profit_factor":0.0},{"date":"23/05/2025","date_ts":1747958400000,"profit_abs":0.0,"wins":0,"draws":0,"losses":0,"trades":0,"profit_factor":0.0},{"date":"24/05/2025","date_ts":1748044800000,"profit_abs":0.0,"wins":0,"draws":0,"losses":0,"trades":0,"profit_factor":0.0},{"date":"25/05/2025","date_ts":1748131200000,"profit_abs":0.0,"wins":0,"draws":0,"losses":0,"trades":0,"profit_factor":0.0},{"date":"26/05/2025","date_ts":1748217600000,"profit_abs":0.0,"wins":0,"draws":0,"losses":0,"trades":0,"profit_factor":0.0},{"date":"27/05/2025","date_ts":1748304000000,"profit_abs":0.0,"wins":0,"draws":0,"losses":0,"trades":0,"profit_factor":0.0},{"date":"28/05/2025","date_ts":1748390400000,"profit_abs":0.0,"wins":0,"draws":0,"losses":0,"trades":0,"profit_factor":0.0},{"date":"29/05/2025","date_ts":1748476800000,"profit_abs":0.0,"wins":0,"draws":0,"losses":0,"trades":0,"profit_factor":0.0},{"date":"30/05/2025","date_ts":1748563200000,"profit_abs":0.0,"wins":0,"draws":0,"losses":0,"trades":0,"profit_factor":0.0},{"date":"31/05/2025","date_ts":1748649600000,"profit_abs":0.0,"wins":0,"draws":0,"losses":0,"trades":0,"profit_factor":0.0},{"date":"01/06/2025","date_ts":1748736000000,"profit_abs":0.0,"wins":0,"draws":0,"losses":0,"trades":0,"profit_factor":0.0},{"date":"02/06/2025","date_ts":1748822400000,"profit_abs":0.0,"wins":0,"draws":0,"losses":0,"trades":0,"profit_factor":0.0},{"date":"03/06/2025","date_ts":1748908800000,"profit_abs":0.0,"wins":0,"draws":0,"losses":0,"trades":0,"profit_factor":0.0},{"date":"04/06/2025","date_ts":1748995200000,"profit_abs":0.0,"wins":0,"draws":0,"losses":0,"trades":0,"profit_factor":0.0},{"date":"05/06/2025","date_ts":1749081600000,"profit_abs":-60.30902019,"wins":0,"draws":0,"losses":1,"trades":1,"profit_factor":0.0},{"date":"06/06/2025","date_ts":1749168000000,"profit_abs":32.76663895,"wins":1,"draws":0,"losses":0,"trades":1,"profit_factor":0.0},{"date":"07/06/2025","date_ts":1749254400000,"profit_abs":22.00601608,"wins":1,"draws":0,"losses":0,"trades":1,"profit_factor":0.0},{"date":"08/06/2025","date_ts":1749340800000,"profit_abs":13.44225882,"wins":1,"draws":0,"losses":0,"trades":1,"profit_factor":0.0},{"date":"09/06/2025","date_ts":1749427200000,"profit_abs":12.89819873,"wins":1,"draws":0,"losses":0,"trades":1,"profit_factor":0.0},{"date":"10/06/2025","date_ts":1749513600000,"profit_abs":0.0,"wins":0,"draws":0,"losses":0,"trades":0,"profit_factor":0.0},{"date":"11/06/2025","date_ts":1749600000000,"profit_abs":0.0,"wins":0,"draws":0,"losses":0,"trades":0,"profit_factor":0.0},{"date":"12/06/2025","date_ts":1749686400000,"profit_abs":0.0,"wins":0,"draws":0,"losses":0,"trades":0,"profit_factor":0.0},{"date":"13/06/2025","date_ts":1749772800000,"profit_abs":-36.79861786,"wins":1,"draws":0,"losses":4,"trades":5,"profit_factor":0.30873578},{"date":"14/06/2025","date_ts":1749859200000,"profit_abs":-14.10839656,"wins":0,"draws":0,"losses":2,"trades":2,"profit_factor":0.0},{"date":"15/06/2025","date_ts":1749945600000,"profit_abs":69.8199489,"wins":2,"draws":0,"losses":0,"trades":2,"profit_factor":0.0},{"date":"16/06/2025","date_ts":1750032000000,"profit_abs":0.0,"wins":0,"draws":0,"losses":0,"trades":0,"profit_factor":0.0},{"date":"17/06/2025","date_ts":1750118400000,"profit_abs":32.4056125,"wins":1,"draws":0,"losses":0,"trades":1,"profit_factor":0.0},{"date":"18/06/2025","date_ts":1750204800000,"profit_abs":0.0,"wins":0,"draws":0,"losses":0,"trades":0,"profit_factor":0.0},{"date":"19/06/2025","date_ts":1750291200000,"profit_abs":-49.79653095,"wins":0,"draws":0,"losses":1,"trades":1,"profit_factor":0.0},{"date":"20/06/2025","date_ts":1750377600000,"profit_abs":-11.85304698,"wins":0,"draws":0,"losses":1,"trades":1,"profit_factor":0.0},{"date":"21/06/2025","date_ts":1750464000000,"profit_abs":-99.14308208,"wins":0,"draws":0,"losses":2,"trades":2,"profit_factor":0.0},{"date":"22/06/2025","date_ts":1750550400000,"profit_abs":0.0,"wins":0,"draws":0,"losses":0,"trades":0,"profit_factor":0.0},{"date":"23/06/2025","date_ts":1750636800000,"profit_abs":59.77870034,"wins":1,"draws":0,"losses":0,"trades":1,"profit_factor":0.0},{"date":"24/06/2025","date_ts":1750723200000,"profit_abs":-21.04042399,"wins":0,"draws":0,"losses":1,"trades":1,"profit_factor":0.0},{"date":"25/06/2025","date_ts":1750809600000,"profit_abs":0.0,"wins":0,"draws":0,"losses":0,"trades":0,"profit_factor":0.0},{"date":"26/06/2025","date_ts":1750896000000,"profit_abs":-3.56762904,"wins":1,"draws":0,"losses":2,"trades":3,"profit_factor":0.91037211},{"date":"27/06/2025","date_ts":1750982400000,"profit_abs":0.0,"wins":0,"draws":0,"losses":0,"trades":0,"profit_factor":0.0},{"date":"28/06/2025","date_ts":1751068800000,"profit_abs":0.0,"wins":0,"draws":0,"losses":0,"trades":0,"profit_factor":0.0},{"date":"29/06/2025","date_ts":1751155200000,"profit_abs":23.88709253,"wins":1,"draws":0,"losses":0,"trades":1,"profit_factor":0.0},{"date":"30/06/2025","date_ts":1751241600000,"profit_abs":1.956344,"wins":1,"draws":0,"losses":0,"trades":1,"profit_factor":0.0}],"week":[{"date":"19/05/2025","date_ts":1747612800000,"profit_abs":46.34128054,"wins":4,"draws":0,"losses":0,"trades":4,"profit_factor":0.0},{"date":"26/05/2025","date_ts":1748217600000,"profit_abs":10.6826768,"wins":1,"draws":0,"losses":0,"trades":1,"profit_factor":0.0},{"date":"02/06/2025","date_ts":1748822400000,"profit_abs":0.0,"wins":0,"draws":0,"losses":0,"trades":0,"profit_factor":0.0},{"date":"09/06/2025","date_ts":1749427200000,"profit_abs":20.80409239,"wins":4,"draws":0,"losses":1,"trades":5,"profit_factor":1.34495822},{"date":"16/06/2025","date_ts":1750032000000,"profit_abs":18.91293448,"wins":3,"draws":0,"losses":6,"trades":9,"profit_factor":1.28084822},{"date":"23/06/2025","date_ts":1750636800000,"profit_abs":-68.60834717,"wins":2,"draws":0,"losses":4,"trades":6,"profit_factor":0.5733117},{"date":"30/06/2025","date_ts":1751241600000,"profit_abs":1.2353835,"wins":3,"draws":0,"losses":3,"trades":6,"profit_factor":1.02030367}],"month":[{"date":"31/05/2025","date_ts":1748649600000,"profit_abs":57.02395734,"wins":5,"draws":0,"losses":0,"trades":5,"profit_factor":0.0},{"date":"30/06/2025","date_ts":1751241600000,"profit_abs":-27.6559368,"wins":12,"draws":0,"losses":14,"trades":26,"profit_factor":0.92082224}],"year":[{"date":"31/12/2025","date_ts":1767139200000,"profit_abs":29.36802054,"wins":17,"draws":0,"losses":14,"trades":31,"profit_factor":1.08407939}]},"backtest_best_day":0.06785678343481634,"backtest_worst_day":-0.0961023375054585,"backtest_best_day_abs":69.8199489,"backtest_worst_day_abs":-99.14308208,"winning_days":12,"draw_days":25,"losing_days":8,"daily_profit":[["2025-05-17",12.69899441],["2025-05-18",0.0],["2025-05-19",33.64228613],["2025-05-20",10.6826768],["2025-05-21",0.0],["2025-05-22",0.0],["2025-05-23",0.0],["2025-05-24",0.0],["2025-05-25",0.0],["2025-05-26",0.0],["2025-05-27",0.0],["2025-05-28",0.0],["2025-05-29",0.0],["2025-05-30",0.0],["2025-05-31",0.0],["2025-06-01",0.0],["2025-06-02",0.0],["2025-06-03",0.0],["2025-06-04",0.0],["2025-06-05",-60.30902019],["2025-06-06",32.76663895],["2025-06-07",22.00601608],["2025-06-08",13.44225882],["2025-06-09",12.89819873],["2025-06-10",0.0],["2025-06-11",0.0],["2025-06-12",0.0],["2025-06-13",-36.79861786],["2025-06-14",-14.10839656],["2025-06-15",69.8199489],["2025-06-16",0.0],["2025-06-17",32.4056125],["2025-06-18",0.0],["2025-06-19",-49.79653095],["2025-06-20",-11.85304698],["2025-06-21",-99.14308208],["2025-06-22",0.0],["2025-06-23",59.77870034],["2025-06-24",-21.04042399],["2025-06-25",0.0],["2025-06-26",-3.56762904],["2025-06-27",0.0],["2025-06-28",0.0],["2025-06-29",23.88709253],["2025-06-30",1.956344]],"wins":17,"losses":14,"draws":0,"winrate":0.5483870967741935,"holding_avg":"12:52:00","holding_avg_s":46320.0,"winner_holding_min":"0d 00:30","winner_holding_min_s":1800.0,"winner_holding_max":"3d 09:30","winner_holding_max_s":293400.0,"winner_holding_avg":"0d 14:14","winner_holding_avg_s":51240.0,"loser_holding_min":"0d 00:30","loser_holding_min_s":1800.0,"loser_holding_max":"2d 02:00","loser_holding_max_s":180000.0,"loser_holding_avg":"0d 11:12","loser_holding_avg_s":40320.0,"max_consecutive_wins":5,"max_consecutive_losses":5,"max_drawdown_account":0.14240193476958832,"max_relative_drawdown":0.14240193476958832,"max_drawdown_abs":160.79266001000002,"drawdown_start":"2025-06-17 03:00:00","drawdown_start_ts":1750129200000.0,"drawdown_end":"2025-06-21 21:45:00","drawdown_end_ts":1750542300000.0,"max_drawdown_low":-31.646063300000023,"max_drawdown_high":129.14659670999998,"csum_min":968.3539367,"csum_max":1129.14659671}},"strategy_comparison":[{"key":"SimpleGrid","trades":31,"profit_mean":0.0013477648606607588,"profit_mean_pct":0.13,"profit_sum":0.04178071068048352,"profit_sum_pct":4.18,"profit_total_abs":29.368020539999993,"profit_total":0.029368020539999994,"profit_total_pct":2.94,"duration_avg":"12:52:00","wins":17,"draws":0,"losses":14,"winrate":0.5483870967741935,"cagr":0.26462602851459605,"expectancy":0.9473555012903212,"expectancy_ratio":0.037971335327006805,"sortino":0.6541079637723219,"sharpe":0.4270012604743057,"calmar":8.755736914108063,"sqn":0.1777,"profit_factor":1.084079385366944,"max_drawdown_account":0.14240193476958832,"max_drawdown_abs":"160.793"}]}