{"strategy":{"SimpleGrid":{"trades":[{"pair":"ETH/USDT:USDT","stake_amount":989.52282,"max_stake_amount":989.52282,"amount":0.407,"open_date":"2025-05-18 19:45:00+00:00","close_date":"2025-05-20 02:15:00+00:00","open_rate":2431.26,"close_rate":2560.3,"fee_open":0.0005,"fee_close":0.0005,"trade_duration":1830,"profit_ratio":0.051832567828660255,"profit_abs":51.31515344,"exit_reason":"exit_signal","initial_stop_loss_abs":2188.14,"initial_stop_loss_ratio":-0.1,"stop_loss_abs":2188.14,"stop_loss_ratio":-0.1,"min_rate":2312.62,"max_rate":2582.55,"is_open":false,"enter_tag":"","leverage":1.0,"is_short":false,"open_timestamp":1747597500000,"close_timestamp":1747707300000,"orders":[{"amount":0.407,"safe_price":2431.26,"ft_order_side":"buy","order_filled_timestamp":1747597500000,"ft_is_entry":true,"ft_order_tag":"","cost":990.0175814099999},{"amount":0.407,"safe_price":2560.3,"ft_order_side":"sell","order_filled_timestamp":1747707300000,"ft_is_entry":false,"ft_order_tag":"exit_signal","cost":1042.5631210499998}],"funding_fees":-0.18834410496277304},{"pair":"SOL/USDT:USDT","stake_amount":1039.5551,"max_stake_amount":1039.5551,"amount":7.31,"open_date":"2025-06-05 20:45:00+00:00","close_date":"2025-06-06 12:15:00+00:00","open_rate":142.21,"close_rate":149.66,"fee_open":0.0005,"fee_close":0.0005,"trade_duration":930,"profit_ratio":0.05151897531283659,"profit_abs":53.58359194,"exit_reason":"exit_signal","initial_stop_loss_abs":127.99,"initial_stop_loss_ratio":-0.1,"stop_loss_abs":127.99,"stop_loss_ratio":-0.1,"min_rate":141.43,"max_rate":150.59,"is_open":false,"enter_tag":"","leverage":1.0,"is_short":false,"open_timestamp":1749156300000,"close_timestamp":1749212100000,"orders":[{"amount":7.31,"safe_price":142.21,"ft_order_side":"buy","order_filled_timestamp":1749156300000,"ft_is_entry":true,"ft_order_tag":"","cost":1040.0748775499999},{"amount":7.31,"safe_price":149.66,"ft_order_side":"sell","order_filled_timestamp":1749212100000,"ft_is_entry":false,"ft_order_tag":"exit_signal","cost":1094.5616072999999}],"funding_fees":0.19087679189874124},{"pair":"SOL/USDT:USDT","stake_amount":1092.9555,"max_stake_amount":1092.9555,"amount":7.65,"open_date":"2025-06-13 01:15:00+00:00","close_date":"2025-06-15 15:00:00+00:00","open_rate":142.87,"close_rate":151.84,"fee_open":0.0005,"fee_close":0.0005,"trade_duration":3705,"profit_ratio":0.06165835150909493,"profit_abs":67.42352932,"exit_reason":"exit_signal","initial_stop_loss_abs":128.59,"initial_stop_loss_ratio":-0.1,"stop_loss_abs":128.59,"stop_loss_ratio":-0.1,"min_rate":140.73,"max_rate":152.63,"is_open":false,"enter_tag":"","leverage":1.0,"is_short":false,"open_timestamp":1749777300000,"close_timestamp":1749999600000,"orders":[{"amount":7.65,"safe_price":142.87,"ft_order_side":"buy","order_filled_timestamp":1749777300000,"ft_is_entry":true,"ft_order_tag":"","cost":1093.50197775},{"amount":7.65,"safe_price":151.84,"ft_order_side":"sell","order_filled_timestamp":1749999600000,"ft_is_entry":false,"ft_order_tag":"exit_signal","cost":1162.156788}],"funding_fees":-0.06970493059785852},{"pair":"SOL/USDT:USDT","stake_amount":1159.2924,"max_stake_amount":1159.2924,"amount":8.12,"open_date":"2025-06-20 16:00:00+00:00","close_date":"2025-06-21 21:30:00+00:00","open_rate":142.77,"close_rate":135.22,"fee_open":0.0005,"fee_close":0.0005,"trade_duration":1770,"profit_ratio":-0.053745067056518214,"profit_abs":-62.3374009,"exit_reason":"exit_signal","initial_stop_loss_abs":128.5,"initial_stop_loss_ratio":-0.1,"stop_loss_abs":128.5,"stop_loss_ratio":-0.1,"min_rate":130.46,"max_rate":142.92,"is_open":false,"enter_tag":"","leverage":1.0,"is_short":false,"open_timestamp":1750435200000,"close_timestamp":1750541400000,"orders":[{"amount":8.12,"safe_price":142.77,"ft_order_side":"buy","order_filled_timestamp":1750435200000,"ft_is_entry":true,"ft_order_tag":"","cost":1159.8720461999999},{"amount":8.12,"safe_price":135.22,"ft_order_side":"sell","order_filled_timestamp":1750541400000,"ft_is_entry":false,"ft_order_tag":"exit_signal","cost":1098.5353931999998}],"funding_fees":0.09723849976400002},{"pair":"ETH/USDT:USDT","stake_amount":1096.68146,"max_stake_amount":1096.68146,"amount":0.469,"open_date":"2025-06-21 21:30:00+00:00","close_date":"2025-06-21 21:45:00+00:00","open_rate":2338.34,"close_rate":2297.51,"fee_open":0.0005,"fee_close":0.0005,"trade_duration":15,"profit_ratio":-0.01844315275299349,"profit_abs":-20.23637682,"exit_reason":"exit_signal","initial_stop_loss_abs":2104.51,"initial_stop_loss_ratio":-0.1,"stop_loss_abs":2104.51,"stop_loss_ratio":-0.1,"min_rate":2230.0,"max_rate":2338.68,"is_open":false,"enter_tag":"","leverage":1.0,"is_short":false,"open_timestamp":1750541400000,"close_timestamp":1750542300000,"orders":[{"amount":0.469,"safe_price":2338.34,"ft_order_side":"buy","order_filled_timestamp":1750541400000,"ft_is_entry":true,"ft_order_tag":"","cost":1097.2298007299999},{"amount":0.469,"safe_price":2297.51,"ft_order_side":"sell","order_filled_timestamp":1750542300000,"ft_is_entry":false,"ft_order_tag":"exit_signal","cost":1078.0709560950002}],"funding_fees":0.0},{"pair":"SUI/USDT:USDT","stake_amount":1078.78771,"max_stake_amount":1078.78771,"amount":427.7,"open_date":"2025-06-21 21:45:00+00:00","close_date":"2025-06-22 12:45:00+00:00","open_rate":2.5223,"close_rate":2.5113,"fee_open":0.0005,"fee_close":0.0005,"trade_duration":900,"profit_ratio":-0.005497235322645154,"profit_abs":-5.93331508,"exit_reason":"exit_signal","initial_stop_loss_abs":2.2701,"initial_stop_loss_ratio":-0.1,"stop_loss_abs":2.2701,"stop_loss_ratio":-0.1,"min_rate":2.5036,"max_rate":2.6153,"is_open":false,"enter_tag":"","leverage":1.0,"is_short":false,"open_timestamp":1750542300000,"close_timestamp":1750596300000,"orders":[{"amount":427.7,"safe_price":2.5223,"ft_order_side":"buy","order_filled_timestamp":1750542300000,"ft_is_entry":true,"ft_order_tag":"","cost":1079.327103855},{"amount":427.7,"safe_price":2.5113,"ft_order_side":"sell","order_filled_timestamp":1750596300000,"ft_is_entry":false,"ft_order_tag":"exit_signal","cost":1074.6200515049998}],"funding_fees":-0.15217972443310002},{"pair":"SUI/USDT:USDT","stake_amount":1072.72464,"max_stake_amount":1072.72464,"amount":423.6,"open_date":"2025-06-22 13:00:00+00:00","close_date":"2025-06-22 13:15:00+00:00","open_rate":2.5324,"close_rate":2.513,"fee_open":0.0005,"fee_close":0.0005,"trade_duration":15,"profit_ratio":-0.008652560467515412,"profit_abs":-9.28645572,"exit_reason":"exit_signal","initial_stop_loss_abs":2.2792,"initial_stop_loss_ratio":-0.1,"stop_loss_abs":2.2792,"stop_loss_ratio":-0.1,"min_rate":2.4137,"max_rate":2.5437,"is_open":false,"enter_tag":"","leverage":1.0,"is_short":false,"open_timestamp":1750597200000,"close_timestamp":1750598100000,"orders":[{"amount":423.6,"safe_price":2.5324,"ft_order_side":"buy","order_filled_timestamp":1750597200000,"ft_is_entry":true,"ft_order_tag":"","cost":1073.26100232},{"amount":423.6,"safe_price":2.513,"ft_order_side":"sell","order_filled_timestamp":1750598100000,"ft_is_entry":false,"ft_order_tag":"exit_signal","cost":1065.0390534}],"funding_fees":0.0},{"pair":"SUI/USDT:USDT","stake_amount":1063.63579,"max_stake_amount":1063.63579,"amount":422.9,"open_date":"2025-06-23 06:00:00+00:00","close_date":"2025-06-23 06:30:00+00:00","open_rate":2.5151,"close_rate":2.5037,"fee_open":0.0005,"fee_close":0.0005,"trade_duration":30,"profit_ratio":-0.005527592849434294,"profit_abs":-5.88228526,"exit_reason":"exit_signal","initial_stop_loss_abs":2.2636,"initial_stop_loss_ratio":-0.1,"stop_loss_abs":2.2636,"stop_loss_ratio":-0.1,"min_rate":2.4973,"max_rate":2.5239,"is_open":false,"enter_tag":"","leverage":1.0,"is_short":false,"open_timestamp":1750658400000,"close_timestamp":1750660200000,"orders":[{"amount":422.9,"safe_price":2.5151,"ft_order_side":"buy","order_filled_timestamp":1750658400000,"ft_is_entry":true,"ft_order_tag":"","cost":1064.1676078949997},{"amount":422.9,"safe_price":2.5037,"ft_order_side":"sell","order_filled_timestamp":1750660200000,"ft_is_entry":false,"ft_order_tag":"exit_signal","cost":1059.3441373649998}],"funding_fees":0.0},{"pair":"SUI/USDT:USDT","stake_amount":1057.76979,"max_stake_amount":1057.76979,"amount":420.1,"open_date":"2025-06-23 07:15:00+00:00","close_date":"2025-06-23 07:30:00+00:00","open_rate":2.5179,"close_rate":2.5071,"fee_open":0.0005,"fee_close":0.0005,"trade_duration":15,"profit_ratio":-0.005284501797713083,"profit_abs":-5.59258125,"exit_reason":"exit_signal","initial_stop_loss_abs":2.2662,"initial_stop_loss_ratio":-0.1,"stop_loss_abs":2.2662,"stop_loss_ratio":-0.1,"min_rate":2.5024,"max_rate":2.5182,"is_open":false,"enter_tag":"","leverage":1.0,"is_short":false,"open_timestamp":1750662900000,"close_timestamp":1750663800000,"orders":[{"amount":420.1,"safe_price":2.5179,"ft_order_side":"buy","order_filled_timestamp":1750662900000,"ft_is_entry":true,"ft_order_tag":"","cost":1058.298674895},{"amount":420.1,"safe_price":2.5071,"ft_order_side":"sell","order_filled_timestamp":1750663800000,"ft_is_entry":false,"ft_order_tag":"exit_signal","cost":1053.759326355}],"funding_fees":0.0},{"pair":"SUI/USDT:USDT","stake_amount":1052.3601,"max_stake_amount":1052.3601,"amount":418.5,"open_date":"2025-06-23 08:00:00+00:00","close_date":"2025-06-23 08:15:00+00:00","open_rate":2.5146,"close_rate":2.5098,"fee_open":0.0005,"fee_close":0.0005,"trade_duration":15,"profit_ratio":-0.0028964488547188376,"profit_abs":-3.04963126,"exit_reason":"exit_signal","initial_stop_loss_abs":2.2632,"initial_stop_loss_ratio":-0.1,"stop_loss_abs":2.2632,"stop_loss_ratio":-0.1,"min_rate":2.5014,"max_rate":2.5219,"is_open":false,"enter_tag":"","leverage":1.0,"is_short":false,"open_timestamp":1750665600000,"close_timestamp":1750666500000,"orders":[{"amount":418.5,"safe_price":2.5146,"ft_order_side":"buy","order_filled_timestamp":1750665600000,"ft_is_entry":true,"ft_order_tag":"","cost":1052.88628005},{"amount":418.5,"safe_price":2.5098,"ft_order_side":"sell","order_filled_timestamp":1750666500000,"ft_is_entry":false,"ft_order_tag":"exit_signal","cost":1050.8764756499997}],"funding_fees":0.010524438000000002},{"pair":"SUI/USDT:USDT","stake_amount":1049.17578,"max_stake_amount":1049.17578,"amount":415.4,"open_date":"2025-06-23 13:00:00+00:00","close_date":"2025-06-23 13:15:00+00:00","open_rate":2.5257,"close_rate":2.5048,"fee_open":0.0005,"fee_close":0.0005,"trade_duration":15,"profit_ratio":-0.009266163133344045,"profit_abs":-9.72669485,"exit_reason":"exit_signal","initial_stop_loss_abs":2.2732,"initial_stop_loss_ratio":-0.1,"stop_loss_abs":2.2732,"stop_loss_ratio":-0.1,"min_rate":2.4852,"max_rate":2.5257,"is_open":false,"enter_tag":"","leverage":1.0,"is_short":false,"open_timestamp":1750683600000,"close_timestamp":1750684500000,"orders":[{"amount":415.4,"safe_price":2.5257,"ft_order_side":"buy","order_filled_timestamp":1750683600000,"ft_is_entry":true,"ft_order_tag":"","cost":1049.70036789},{"amount":415.4,"safe_price":2.5048,"ft_order_side":"sell","order_filled_timestamp":1750684500000,"ft_is_entry":false,"ft_order_tag":"exit_signal","cost":1041.0141669599998}],"funding_fees":0.0},{"pair":"SUI/USDT:USDT","stake_amount":1039.5726,"max_stake_amount":1039.5726,"amount":409.2,"open_date":"2025-06-23 13:45:00+00:00","close_date":"2025-06-23 15:00:00+00:00","open_rate":2.5405,"close_rate":2.5083,"fee_open":0.0005,"fee_close":0.0005,"trade_duration":75,"profit_ratio":-0.01366150225418682,"profit_abs":-14.20922448,"exit_reason":"exit_signal","initial_stop_loss_abs":2.2865,"initial_stop_loss_ratio":-0.1,"stop_loss_abs":2.2865,"stop_loss_ratio":-0.1,"min_rate":2.505,"max_rate":2.5775,"is_open":false,"enter_tag":"","leverage":1.0,"is_short":false,"open_timestamp":1750686300000,"close_timestamp":1750690800000,"orders":[{"amount":409.2,"safe_price":2.5405,"ft_order_side":"buy","order_filled_timestamp":1750686300000,"ft_is_entry":true,"ft_order_tag":"","cost":1040.0923862999998},{"amount":409.2,"safe_price":2.5083,"ft_order_side":"sell","order_filled_timestamp":1750690800000,"ft_is_entry":false,"ft_order_tag":"exit_signal","cost":1026.90955818}],"funding_fees":0.0},{"pair":"SUI/USDT:USDT","stake_amount":1025.57539,"max_stake_amount":1025.57539,"amount":406.7,"open_date":"2025-06-23 15:15:00+00:00","close_date":"2025-06-23 15:30:00+00:00","open_rate":2.5217,"close_rate":2.4929,"fee_open":0.0005,"fee_close":0.0005,"trade_duration":15,"profit_ratio":-0.012408951966099672,"profit_abs":-12.73267891,"exit_reason":"exit_signal","initial_stop_loss_abs":2.2696,"initial_stop_loss_ratio":-0.1,"stop_loss_abs":2.2696,"stop_loss_ratio":-0.1,"min_rate":2.4885,"max_rate":2.5232,"is_open":false,"enter_tag":"","leverage":1.0,"is_short":false,"open_timestamp":1750691700000,"close_timestamp":1750692600000,"orders":[{"amount":406.7,"safe_price":2.5217,"ft_order_side":"buy","order_filled_timestamp":1750691700000,"ft_is_entry":true,"ft_order_tag":"","cost":1026.088177695},{"amount":406.7,"safe_price":2.4929,"ft_order_side":"sell","order_filled_timestamp":1750692600000,"ft_is_entry":false,"ft_order_tag":"exit_signal","cost":1014.3693612149999}],"funding_fees":0.0},{"pair":"SUI/USDT:USDT","stake_amount":1012.88655,"max_stake_amount":1012.88655,"amount":401.7,"open_date":"2025-06-23 17:30:00+00:00","close_date":"2025-06-23 22:15:00+00:00","open_rate":2.5215,"close_rate":2.7983,"fee_open":0.0005,"fee_close":0.0005,"trade_duration":285,"profit_ratio":0.10866670571119358,"profit_abs":110.12207817,"exit_reason":"exit_signal","initial_stop_loss_abs":2.2694,"initial_stop_loss_ratio":-0.1,"stop_loss_abs":2.2694,"stop_loss_ratio":-0.1,"min_rate":2.513,"max_rate":2.855,"is_open":false,"enter_tag":"","leverage":1.0,"is_short":false,"open_timestamp":1750699800000,"close_timestamp":1750716900000,"orders":[{"amount":401.7,"safe_price":2.5215,"ft_order_side":"buy","order_filled_timestamp":1750699800000,"ft_is_entry":true,"ft_order_tag":"","cost":1013.392993275},{"amount":401.7,"safe_price":2.7983,"ft_order_side":"sell","order_filled_timestamp":1750716900000,"ft_is_entry":false,"ft_order_tag":"exit_signal","cost":1124.6391485549998}],"funding_fees":0.0},{"pair":"ETH/USDT:USDT","stake_amount":1122.1076,"max_stake_amount":1122.1076,"amount":0.467,"open_date":"2025-06-23 22:15:00+00:00","close_date":"2025-06-26 14:45:00+00:00","open_rate":2402.8,"close_rate":2448.32,"fee_open":0.0005,"fee_close":0.0005,"trade_duration":3870,"profit_ratio":0.017857371711717425,"profit_abs":20.04791146,"exit_reason":"force_exit","initial_stop_loss_abs":2162.53,"initial_stop_loss_ratio":-0.1,"stop_loss_abs":2162.53,"stop_loss_ratio":-0.1,"min_rate":2374.9,"max_rate":2520.0,"is_open":false,"enter_tag":"","leverage":1.0,"is_short":false,"open_timestamp":1750716900000,"close_timestamp":1750949100000,"orders":[{"amount":0.467,"safe_price":2402.8,"ft_order_side":"buy","order_filled_timestamp":1750716900000,"ft_is_entry":true,"ft_order_tag":"","cost":1122.6686538},{"amount":0.467,"safe_price":2448.32,"ft_order_side":"sell","order_filled_timestamp":1750949100000,"ft_is_entry":false,"ft_order_tag":"force_exit","cost":1143.93712272}],"funding_fees":-0.07719201729938235}],"locks":[],"best_pair":{"key":"SOL/USDT:USDT","trades":3,"profit_mean":0.01981075325513777,"profit_mean_pct":1.98,"profit_sum":0.0594322597654133,"profit_sum_pct":5.94,"profit_total_abs":58.66972035999999,"profit_total":0.05866972035999999,"profit_total_pct":5.87,"duration_avg":"1 day, 11:35:00","wins":2,"draws":0,"losses":1,"winrate":0.6666666666666666,"cagr":0.66122618470039,"expectancy":19.55657345333333,"expectancy_ratio":0.3137213481952106,"sortino":-100,"sharpe":0.4698747966272248,"calmar":49.16276205901953,"sqn":0.4753,"profit_factor":1.9411640445856317,"max_drawdown_account":0.05560838973969547,"max_drawdown_abs":62.3374009},"worst_pair":{"key":"SUI/USDT:USDT","trades":9,"profit_mean":0.005052416562837362,"profit_mean_pct":0.51,"profit_sum":0.04547174906553626,"profit_sum_pct":4.55,"profit_total_abs":43.70921136,"profit_total":0.04370921136,"profit_total_pct":4.37,"duration_avg":"2:32:00","wins":1,"draws":0,"losses":8,"winrate":0.1111111111111111,"cagr":0.4635346592344247,"expectancy":4.856579039999999,"expectancy_ratio":0.5850166418979195,"sortino":5.651097103194738,"sharpe":0.5449940923171538,"calmar":30.667849161917022,"sqn":0.3676,"profit_factor":1.6581437221351596,"max_drawdown_account":0.06641286680999997,"max_drawdown_abs":66.41286681},"results_per_pair":[{"key":"SOL/USDT:USDT","trades":3,"profit_mean":0.01981075325513777,"profit_mean_pct":1.98,"profit_sum":0.0594322597654133,"profit_sum_pct":5.94,"profit_total_abs":58.66972035999999,"profit_total":0.05866972035999999,"profit_total_pct":5.87,"duration_avg":"1 day, 11:35:00","wins":2,"draws":0,"losses":1,"winrate":0.6666666666666666,"cagr":0.66122618470039,"expectancy":19.55657345333333,"expectancy_ratio":0.3137213481952106,"sortino":-100,"sharpe":0.4698747966272248,"calmar":49.16276205901953,"sqn":0.4753,"profit_factor":1.9411640445856317,"max_drawdown_account":0.05560838973969547,"max_drawdown_abs":62.3374009},{"key":"ETH/USDT:USDT","trades":3,"profit_mean":0.017082262262461397,"profit_mean_pct":1.71,"profit_sum":0.05124678678738419,"profit_sum_pct":5.12,"profit_total_abs":51.12668808000001,"profit_total":0.05112668808000001,"profit_total_pct":5.11,"duration_avg":"1 day, 7:45:00","wins":2,"draws":0,"losses":1,"winrate":0.6666666666666666,"cagr":0.5587730103282844,"expectancy":17.042229360000004,"expectancy_ratio":0.8421581349066813,"sortino":-100,"sharpe":0.8134304536213172,"calmar":123.76857838505495,"sqn":0.8229,"profit_factor":3.5264744047200445,"max_drawdown_account":0.019248630397635302,"max_drawdown_abs":20.23637682},{"key":"SUI/USDT:USDT","trades":9,"profit_mean":0.005052416562837362,"profit_mean_pct":0.51,"profit_sum":0.04547174906553626,"profit_sum_pct":4.55,"profit_total_abs":43.70921136,"profit_total":0.04370921136,"profit_total_pct":4.37,"duration_avg":"2:32:00","wins":1,"draws":0,"losses":8,"winrate":0.1111111111111111,"cagr":0.4635346592344247,"expectancy":4.856579039999999,"expectancy_ratio":0.5850166418979195,"sortino":5.651097103194738,"sharpe":0.5449940923171538,"calmar":30.667849161917022,"sqn":0.3676,"profit_factor":1.6581437221351596,"max_drawdown_account":0.06641286680999997,"max_drawdown_abs":66.41286681},{"key":"TOTAL","trades":15,"profit_mean":0.01041005304122225,"profit_mean_pct":1.04,"profit_sum":0.15615079561833375,"profit_sum_pct":15.62,"profit_total_abs":153.5056198,"profit_total":0.1535056198,"profit_total_pct":15.35,"duration_avg":"14:59:00","wins":5,"draws":0,"losses":10,"winrate":0.3333333333333333,"cagr":2.5655516221904655,"expectancy":10.233707986666666,"expectancy_ratio":0.6868876078758861,"sortino":4.328375734695156,"sharpe":1.7194474141703875,"calmar":56.284204561639214,"sqn":0.9204,"profit_factor":2.030331411813829,"max_drawdown_account":0.12708676423309107,"max_drawdown_abs":148.98664453}],"results_per_enter_tag":[{"key":"","trades":15,"profit_mean":0.01041005304122225,"profit_mean_pct":1.04,"profit_sum":0.15615079561833375,"profit_sum_pct":15.62,"profit_total_abs":153.5056198,"profit_total":0.1535056198,"profit_total_pct":15.35,"duration_avg":"14:59:00","wins":5,"draws":0,"losses":10,"winrate":0.3333333333333333,"cagr":2.5655516221904655,"expectancy":10.233707986666666,"expectancy_ratio":0.6868876078758861,"sortino":4.328375734695156,"sharpe":1.7194474141703875,"calmar":56.284204561639214,"sqn":0.9204,"profit_factor":2.030331411813829,"max_drawdown_account":0.12708676423309107,"max_drawdown_abs":148.98664453},{"key":"TOTAL","trades":15,"profit_mean":0.01041005304122225,"profit_mean_pct":1.04,"profit_sum":0.15615079561833375,"profit_sum_pct":15.62,"profit_total_abs":153.5056198,"profit_total":0.1535056198,"profit_total_pct":15.35,"duration_avg":"14:59:00","wins":5,"draws":0,"losses":10,"winrate":0.3333333333333333,"cagr":2.5655516221904655,"expectancy":10.233707986666666,"expectancy_ratio":0.6868876078758861,"sortino":4.328375734695156,"sharpe":1.7194474141703875,"calmar":56.284204561639214,"sqn":0.9204,"profit_factor":2.030331411813829,"max_drawdown_account":0.12708676423309107,"max_drawdown_abs":148.98664453}],"exit_reason_summary":[{"key":"exit_signal","trades":14,"profit_mean":0.009878101707615453,"profit_mean_pct":0.99,"profit_sum":0.13829342390661634,"profit_sum_pct":13.83,"profit_total_abs":133.45770834,"profit_total":0.13345770834,"profit_total_pct":13.35,"duration_avg":"11:27:00","wins":4,"draws":0,"losses":10,"winrate":0.2857142857142857,"cagr":2.0502823860421935,"expectancy":9.53269345285714,"expectancy_ratio":0.6398354351109394,"sortino":3.7630876780895495,"sharpe":1.4470770254281544,"calmar":48.93345902464572,"sqn":0.7998,"profit_factor":1.8957696091553151,"max_drawdown_account":0.12708676423309107,"max_drawdown_abs":148.98664453},{"key":"force_exit","trades":1,"profit_mean":0.017857371711717425,"profit_mean_pct":1.79,"profit_sum":0.017857371711717425,"profit_sum_pct":1.79,"profit_total_abs":20.04791146,"profit_total":0.02004791146,"profit_total_pct":2.0,"duration_avg":"2 days, 16:30:00","wins":1,"draws":0,"losses":0,"winrate":1.0,"cagr":0.1932847966829907,"expectancy":20.04791146,"expectancy_ratio":100.0,"sortino":-100,"sharpe":-100,"calmar":-100,"sqn":-100.0,"profit_factor":0.0,"max_drawdown_account":0.0,"max_drawdown_abs":0.0},{"key":"TOTAL","trades":15,"profit_mean":0.01041005304122225,"profit_mean_pct":1.04,"profit_sum":0.15615079561833375,"profit_sum_pct":15.62,"profit_total_abs":153.5056198,"profit_total":0.1535056198,"profit_total_pct":15.35,"duration_avg":"14:59:00","wins":5,"draws":0,"losses":10,"winrate":0.3333333333333333,"cagr":2.5655516221904655,"expectancy":10.233707986666666,"expectancy_ratio":0.6868876078758861,"sortino":4.328375734695156,"sharpe":1.7194474141703875,"calmar":56.284204561639214,"sqn":0.9204,"profit_factor":2.030331411813829,"max_drawdown_account":0.12708676423309107,"max_drawdown_abs":148.98664453}],"mix_tag_stats":[{"key":["","exit_signal"],"trades":14,"profit_mean":0.009878101707615453,"profit_mean_pct":0.99,"profit_sum":0.13829342390661634,"profit_sum_pct":13.83,"profit_total_abs":133.45770834,"profit_total":0.13345770834,"profit_total_pct":13.35,"duration_avg":"11:27:00","wins":4,"draws":0,"losses":10,"winrate":0.2857142857142857,"cagr":2.0502823860421935,"expectancy":9.53269345285714,"expectancy_ratio":0.6398354351109394,"sortino":3.7630876780895495,"sharpe":1.4470770254281544,"calmar":48.93345902464572,"sqn":0.7998,"profit_factor":1.8957696091553151,"max_drawdown_account":0.12708676423309107,"max_drawdown_abs":148.98664453},{"key":["","force_exit"],"trades":1,"profit_mean":0.017857371711717425,"profit_mean_pct":1.79,"profit_sum":0.017857371711717425,"profit_sum_pct":1.79,"profit_total_abs":20.04791146,"profit_total":0.02004791146,"profit_total_pct":2.0,"duration_avg":"2 days, 16:30:00","wins":1,"draws":0,"losses":0,"winrate":1.0,"cagr":0.1932847966829907,"expectancy":20.04791146,"expectancy_ratio":100.0,"sortino":-100,"sharpe":-100,"calmar":-100,"sqn":-100.0,"profit_factor":0.0,"max_drawdown_account":0.0,"max_drawdown_abs":0.0},{"key":"TOTAL","trades":15,"profit_mean":0.01041005304122225,"profit_mean_pct":1.04,"profit_sum":0.15615079561833375,"profit_sum_pct":15.62,"profit_total_abs":153.5056198,"profit_total":0.1535056198,"profit_total_pct":15.35,"duration_avg":"14:59:00","wins":5,"draws":0,"losses":10,"winrate":0.3333333333333333,"cagr":2.5655516221904655,"expectancy":10.233707986666666,"expectancy_ratio":0.6868876078758861,"sortino":4.328375734695156,"sharpe":1.7194474141703875,"calmar":56.284204561639214,"sqn":0.9204,"profit_factor":2.030331411813829,"max_drawdown_account":0.12708676423309107,"max_drawdown_abs":148.98664453}],"left_open_trades":[{"key":"ETH/USDT:USDT","trades":1,"profit_mean":0.017857371711717425,"profit_mean_pct":1.79,"profit_sum":0.017857371711717425,"profit_sum_pct":1.79,"profit_total_abs":20.04791146,"profit_total":0.02004791146,"profit_total_pct":2.0,"duration_avg":"2 days, 16:30:00","wins":1,"draws":0,"losses":0,"winrate":1.0,"cagr":0.1932847966829907,"expectancy":20.04791146,"expectancy_ratio":100.0,"sortino":-100,"sharpe":-100,"calmar":-100,"sqn":-100.0,"profit_factor":0.0,"max_drawdown_account":0.0,"max_drawdown_abs":0.0},{"key":"TOTAL","trades":1,"profit_mean":0.017857371711717425,"profit_mean_pct":1.79,"profit_sum":0.017857371711717425,"profit_sum_pct":1.79,"profit_total_abs":20.04791146,"profit_total":0.02004791146,"profit_total_pct":2.0,"duration_avg":"2 days, 16:30:00","wins":1,"draws":0,"losses":0,"winrate":1.0,"cagr":0.1932847966829907,"expectancy":20.04791146,"expectancy_ratio":100.0,"sortino":-100,"sharpe":-100,"calmar":-100,"sqn":-100.0,"profit_factor":0.0,"max_drawdown_account":0.0,"max_drawdown_abs":0.0}],"total_trades":15,"trade_count_long":15,"trade_count_short":0,"total_volume":32090.975799164997,"avg_stake_amount":1063.506882,"profit_mean":0.01041005304122225,"profit_median":-0.005497235322645154,"profit_total":0.1535056198,"profit_total_long":0.1535056198,"profit_total_short":0.0,"profit_total_abs":153.5056198,"profit_total_long_abs":153.5056198,"profit_total_short_abs":0.0,"cagr":2.5655516221904655,"expectancy":10.233707986666666,"expectancy_ratio":0.6868876078758861,"sortino":4.328375734695156,"sharpe":1.7194474141703875,"calmar":56.284204561639214,"sqn":0.9204,"profit_factor":2.030331411813829,"backtest_start":"2025-05-16 00:00:00","backtest_start_ts":1747353600000,"backtest_end":"2025-06-26 14:45:00","backtest_end_ts":1750949100000,"backtest_days":41,"backtest_run_start_ts":1750950610,"backtest_run_end_ts":1750950610,"trades_per_day":0.37,"market_change":-0.17586645138119364,"pairlist":["SOL/USDT:USDT","ETH/USDT:USDT","SUI/USDT:USDT"],"stake_amount":"unlimited","stake_currency":"USDT","stake_currency_decimals":3,"starting_balance":1000,"dry_run_wallet":1000,"final_balance":1153.5056198,"rejected_signals":216,"timedout_entry_orders":0,"timedout_exit_orders":0,"canceled_trade_entries":0,"canceled_entry_orders":0,"replaced_entry_orders":0,"max_open_trades":1,"max_open_trades_setting":1,"timeframe":"15m","timeframe_detail":"","timerange":"","enable_protections":false,"strategy_name":"SimpleGrid","stoploss":-0.1,"trailing_stop":false,"trailing_stop_positive":null,"trailing_stop_positive_offset":0.0,"trailing_only_offset_is_reached":false,"use_custom_stoploss":false,"minimal_roi":{},"use_exit_signal":true,"exit_profit_only":false,"exit_profit_offset":0.0,"ignore_roi_if_entry_signal":false,"trading_mode":"futures","margin_mode":"isolated","periodic_breakdown":{"day":[{"date":"20/05/2025","date_ts":1747699200000,"profit_abs":51.31515344,"wins":1,"draws":0,"losses":0,"trades":1,"profit_factor":0.0},{"date":"21/05/2025","date_ts":1747785600000,"profit_abs":0.0,"wins":0,"draws":0,"losses":0,"trades":0,"profit_factor":0.0},{"date":"22/05/2025","date_ts":1747872000000,"profit_abs":0.0,"wins":0,"draws":0,"losses":0,"trades":0,"profit_factor":0.0},{"date":"23/05/2025","date_ts":1747958400000,"profit_abs":0.0,"wins":0,"draws":0,"losses":0,"trades":0,"profit_factor":0.0},{"date":"24/05/2025","date_ts":1748044800000,"profit_abs":0.0,"wins":0,"draws":0,"losses":0,"trades":0,"profit_factor":0.0},{"date":"25/05/2025","date_ts":1748131200000,"profit_abs":0.0,"wins":0,"draws":0,"losses":0,"trades":0,"profit_factor":0.0},{"date":"26/05/2025","date_ts":1748217600000,"profit_abs":0.0,"wins":0,"draws":0,"losses":0,"trades":0,"profit_factor":0.0},{"date":"27/05/2025","date_ts":1748304000000,"profit_abs":0.0,"wins":0,"draws":0,"losses":0,"trades":0,"profit_factor":0.0},{"date":"28/05/2025","date_ts":1748390400000,"profit_abs":0.0,"wins":0,"draws":0,"losses":0,"trades":0,"profit_factor":0.0},{"date":"29/05/2025","date_ts":1748476800000,"profit_abs":0.0,"wins":0,"draws":0,"losses":0,"trades":0,"profit_factor":0.0},{"date":"30/05/2025","date_ts":1748563200000,"profit_abs":0.0,"wins":0,"draws":0,"losses":0,"trades":0,"profit_factor":0.0},{"date":"31/05/2025","date_ts":1748649600000,"profit_abs":0.0,"wins":0,"draws":0,"losses":0,"trades":0,"profit_factor":0.0},{"date":"01/06/2025","date_ts":1748736000000,"profit_abs":0.0,"wins":0,"draws":0,"losses":0,"trades":0,"profit_factor":0.0},{"date":"02/06/2025","date_ts":1748822400000,"profit_abs":0.0,"wins":0,"draws":0,"losses":0,"trades":0,"profit_factor":0.0},{"date":"03/06/2025","date_ts":1748908800000,"profit_abs":0.0,"wins":0,"draws":0,"losses":0,"trades":0,"profit_factor":0.0},{"date":"04/06/2025","date_ts":1748995200000,"profit_abs":0.0,"wins":0,"draws":0,"losses":0,"trades":0,"profit_factor":0.0},{"date":"05/06/2025","date_ts":1749081600000,"profit_abs":0.0,"wins":0,"draws":0,"losses":0,"trades":0,"profit_factor":0.0},{"date":"06/06/2025","date_ts":1749168000000,"profit_abs":53.58359194,"wins":1,"draws":0,"losses":0,"trades":1,"profit_factor":0.0},{"date":"07/06/2025","date_ts":1749254400000,"profit_abs":0.0,"wins":0,"draws":0,"losses":0,"trades":0,"profit_factor":0.0},{"date":"08/06/2025","date_ts":1749340800000,"profit_abs":0.0,"wins":0,"draws":0,"losses":0,"trades":0,"profit_factor":0.0},{"date":"09/06/2025","date_ts":1749427200000,"profit_abs":0.0,"wins":0,"draws":0,"losses":0,"trades":0,"profit_factor":0.0},{"date":"10/06/2025","date_ts":1749513600000,"profit_abs":0.0,"wins":0,"draws":0,"losses":0,"trades":0,"profit_factor":0.0},{"date":"11/06/2025","date_ts":1749600000000,"profit_abs":0.0,"wins":0,"draws":0,"losses":0,"trades":0,"profit_factor":0.0},{"date":"12/06/2025","date_ts":1749686400000,"profit_abs":0.0,"wins":0,"draws":0,"losses":0,"trades":0,"profit_factor":0.0},{"date":"13/06/2025","date_ts":1749772800000,"profit_abs":0.0,"wins":0,"draws":0,"losses":0,"trades":0,"profit_factor":0.0},{"date":"14/06/2025","date_ts":1749859200000,"profit_abs":0.0,"wins":0,"draws":0,"losses":0,"trades":0,"profit_factor":0.0},{"date":"15/06/2025","date_ts":1749945600000,"profit_abs":67.42352932,"wins":1,"draws":0,"losses":0,"trades":1,"profit_factor":0.0},{"date":"16/06/2025","date_ts":1750032000000,"profit_abs":0.0,"wins":0,"draws":0,"losses":0,"trades":0,"profit_factor":0.0},{"date":"17/06/2025","date_ts":1750118400000,"profit_abs":0.0,"wins":0,"draws":0,"losses":0,"trades":0,"profit_factor":0.0},{"date":"18/06/2025","date_ts":1750204800000,"profit_abs":0.0,"wins":0,"draws":0,"losses":0,"trades":0,"profit_factor":0.0},{"date":"19/06/2025","date_ts":1750291200000,"profit_abs":0.0,"wins":0,"draws":0,"losses":0,"trades":0,"profit_factor":0.0},{"date":"20/06/2025","date_ts":1750377600000,"profit_abs":0.0,"wins":0,"draws":0,"losses":0,"trades":0,"profit_factor":0.0},{"date":"21/06/2025","date_ts":1750464000000,"profit_abs":-82.57377772,"wins":0,"draws":0,"losses":2,"trades":2,"profit_factor":0.0},{"date":"22/06/2025","date_ts":1750550400000,"profit_abs":-15.2197708,"wins":0,"draws":0,"losses":2,"trades":2,"profit_factor":0.0},{"date":"23/06/2025","date_ts":1750636800000,"profit_abs":58.92898216,"wins":1,"draws":0,"losses":6,"trades":7,"profit_factor":2.1511119},{"date":"24/06/2025","date_ts":1750723200000,"profit_abs":0.0,"wins":0,"draws":0,"losses":0,"trades":0,"profit_factor":0.0},{"date":"25/06/2025","date_ts":1750809600000,"profit_abs":0.0,"wins":0,"draws":0,"losses":0,"trades":0,"profit_factor":0.0},{"date":"26/06/2025","date_ts":1750896000000,"profit_abs":20.04791146,"wins":1,"draws":0,"losses":0,"trades":1,"profit_factor":0.0}],"week":[{"date":"26/05/2025","date_ts":1748217600000,"profit_abs":51.31515344,"wins":1,"draws":0,"losses":0,"trades":1,"profit_factor":0.0},{"date":"02/06/2025","date_ts":1748822400000,"profit_abs":0.0,"wins":0,"draws":0,"losses":0,"trades":0,"profit_factor":0.0},{"date":"09/06/2025","date_ts":1749427200000,"profit_abs":53.58359194,"wins":1,"draws":0,"losses":0,"trades":1,"profit_factor":0.0},{"date":"16/06/2025","date_ts":1750032000000,"profit_abs":67.42352932,"wins":1,"draws":0,"losses":0,"trades":1,"profit_factor":0.0},{"date":"23/06/2025","date_ts":1750636800000,"profit_abs":-38.86456636,"wins":1,"draws":0,"losses":10,"trades":11,"profit_factor":0.7391406},{"date":"30/06/2025","date_ts":1751241600000,"profit_abs":20.04791146,"wins":1,"draws":0,"losses":0,"trades":1,"profit_factor":0.0}],"month":[{"date":"31/05/2025","date_ts":1748649600000,"profit_abs":51.31515344,"wins":1,"draws":0,"losses":0,"trades":1,"profit_factor":0.0},{"date":"30/06/2025","date_ts":1751241600000,"profit_abs":102.19046636,"wins":4,"draws":0,"losses":10,"trades":14,"profit_factor":1.68590354}],"year":[{"date":"31/12/2025","date_ts":1767139200000,"profit_abs":153.5056198,"wins":5,"draws":0,"losses":10,"trades":15,"profit_factor":2.03033141}]},"backtest_best_day":0.06165835150909493,"backtest_worst_day":-0.0721882198095117,"backtest_best_day_abs":67.42352932,"backtest_worst_day_abs":-82.57377772,"winning_days":5,"draw_days":31,"losing_days":2,"daily_profit":[["2025-05-20",51.31515344],["2025-05-21",0.0],["2025-05-22",0.0],["2025-05-23",0.0],["2025-05-24",0.0],["2025-05-25",0.0],["2025-05-26",0.0],["2025-05-27",0.0],["2025-05-28",0.0],["2025-05-29",0.0],["2025-05-30",0.0],["2025-05-31",0.0],["2025-06-01",0.0],["2025-06-02",0.0],["2025-06-03",0.0],["2025-06-04",0.0],["2025-06-05",0.0],["2025-06-06",53.58359194],["2025-06-07",0.0],["2025-06-08",0.0],["2025-06-09",0.0],["2025-06-10",0.0],["2025-06-11",0.0],["2025-06-12",0.0],["2025-06-13",0.0],["2025-06-14",0.0],["2025-06-15",67.42352932],["2025-06-16",0.0],["2025-06-17",0.0],["2025-06-18",0.0],["2025-06-19",0.0],["2025-06-20",0.0],["2025-06-21",-82.57377772],["2025-06-22",-15.2197708],["2025-06-23",58.92898216],["2025-06-24",0.0],["2025-06-25",0.0],["2025-06-26",20.04791146]],"wins":5,"losses":10,"draws":0,"winrate":0.3333333333333333,"holding_avg":"14:59:00","holding_avg_s":53940.0,"winner_holding_min":"0d 04:45","winner_holding_min_s":17100.0,"winner_holding_max":"2d 16:30","winner_holding_max_s":232200.0,"winner_holding_avg":"1d 11:24","winner_holding_avg_s":127440.0,"loser_holding_min":"0d 00:15","loser_holding_min_s":900.0,"loser_holding_max":"1d 05:30","loser_holding_max_s":106200.0,"loser_holding_avg":"0d 04:46","loser_holding_avg_s":17160.0,"max_consecutive_wins":3,"max_consecutive_losses":10,"max_drawdown_account":0.12708676423309107,"max_relative_drawdown":0.12708676423309107,"max_drawdown_abs":148.98664453,"drawdown_start":"2025-06-15 15:00:00","drawdown_start_ts":1749999600000.0,"drawdown_end":"2025-06-23 15:30:00","drawdown_end_ts":1750692600000.0,"max_drawdown_low":23.335630170000005,"max_drawdown_high":172.3222747,"csum_min":1023.3356301700001,"csum_max":1172.3222747}},"strategy_comparison":[{"key":"SimpleGrid","trades":15,"profit_mean":0.01041005304122225,"profit_mean_pct":1.04,"profit_sum":0.15615079561833375,"profit_sum_pct":15.62,"profit_total_abs":153.5056198,"profit_total":0.1535056198,"profit_total_pct":15.35,"duration_avg":"14:59:00","wins":5,"draws":0,"losses":10,"winrate":0.3333333333333333,"cagr":2.5655516221904655,"expectancy":10.233707986666666,"expectancy_ratio":0.6868876078758861,"sortino":4.328375734695156,"sharpe":1.7194474141703875,"calmar":56.284204561639214,"sqn":0.9204,"profit_factor":2.030331411813829,"max_drawdown_account":0.12708676423309107,"max_drawdown_abs":"148.987"}]}