{"strategy":{"SimpleGrid":{"trades":[{"pair":"ETH/USDT:USDT","stake_amount":989.52282,"max_stake_amount":989.52282,"amount":0.407,"open_date":"2025-05-18 19:45:00+00:00","close_date":"2025-06-21 22:00:00+00:00","open_rate":2431.26,"close_rate":2280.35,"fee_open":0.0005,"fee_close":0.0005,"trade_duration":49095,"profit_ratio":-0.06918594833684448,"profit_abs":-68.49530524,"exit_reason":"exit_signal","initial_stop_loss_abs":2188.14,"initial_stop_loss_ratio":-0.1,"stop_loss_abs":2188.14,"stop_loss_ratio":-0.1,"min_rate":2230.0,"max_rate":2879.0,"is_open":false,"enter_tag":"","leverage":1.0,"is_short":false,"open_timestamp":1747597500000,"close_timestamp":1750543200000,"orders":[{"amount":0.407,"safe_price":2431.26,"ft_order_side":"buy","order_filled_timestamp":1747597500000,"ft_is_entry":true,"ft_order_tag":"","cost":990.0175814099999},{"amount":0.407,"safe_price":2280.35,"ft_order_side":"sell","order_filled_timestamp":1750543200000,"ft_is_entry":false,"ft_order_tag":"exit_signal","cost":928.5665012249998}],"funding_fees":-6.116122602539209},{"pair":"SUI/USDT:USDT","stake_amount":922.1823,"max_stake_amount":922.1823,"amount":366.6,"open_date":"2025-06-21 22:00:00+00:00","close_date":"2025-06-22 13:30:00+00:00","open_rate":2.5155,"close_rate":2.4279,"fee_open":0.0005,"fee_close":0.0005,"trade_duration":930,"profit_ratio":-0.035930160339283757,"profit_abs":-33.15072498,"exit_reason":"exit_signal","initial_stop_loss_abs":2.264,"initial_stop_loss_ratio":-0.1,"stop_loss_abs":2.264,"stop_loss_ratio":-0.1,"min_rate":2.4055,"max_rate":2.6153,"is_open":false,"enter_tag":"","leverage":1.0,"is_short":false,"open_timestamp":1750543200000,"close_timestamp":1750599000000,"orders":[{"amount":366.6,"safe_price":2.5155,"ft_order_side":"buy","order_filled_timestamp":1750543200000,"ft_is_entry":true,"ft_order_tag":"","cost":922.64339115},{"amount":366.6,"safe_price":2.4279,"ft_order_side":"sell","order_filled_timestamp":1750599000000,"ft_is_entry":false,"ft_order_tag":"exit_signal","cost":890.51317407}],"funding_fees":-0.13043976379980002},{"pair":"SUI/USDT:USDT","stake_amount":889.33936,"max_stake_amount":889.33936,"amount":353.6,"open_date":"2025-06-23 06:00:00+00:00","close_date":"2025-06-23 06:45:00+00:00","open_rate":2.5151,"close_rate":2.4979,"fee_open":0.0005,"fee_close":0.0005,"trade_duration":45,"profit_ratio":-0.007831359259736359,"profit_abs":-6.9682184,"exit_reason":"exit_signal","initial_stop_loss_abs":2.2636,"initial_stop_loss_ratio":-0.1,"stop_loss_abs":2.2636,"stop_loss_ratio":-0.1,"min_rate":2.4892,"max_rate":2.5239,"is_open":false,"enter_tag":"","leverage":1.0,"is_short":false,"open_timestamp":1750658400000,"close_timestamp":1750661100000,"orders":[{"amount":353.6,"safe_price":2.5151,"ft_order_side":"buy","order_filled_timestamp":1750658400000,"ft_is_entry":true,"ft_order_tag":"","cost":889.78402968},{"amount":353.6,"safe_price":2.4979,"ft_order_side":"sell","order_filled_timestamp":1750661100000,"ft_is_entry":false,"ft_order_tag":"exit_signal","cost":883.69906872}],"funding_fees":0.0},{"pair":"SUI/USDT:USDT","stake_amount":882.27216,"max_stake_amount":882.27216,"amount":350.4,"open_date":"2025-06-23 07:15:00+00:00","close_date":"2025-06-23 08:30:00+00:00","open_rate":2.5179,"close_rate":2.5043,"fee_open":0.0005,"fee_close":0.0005,"trade_duration":75,"profit_ratio":-0.006385445427219626,"profit_abs":-5.63651758,"exit_reason":"exit_signal","initial_stop_loss_abs":2.2662,"initial_stop_loss_ratio":-0.1,"stop_loss_abs":2.2662,"stop_loss_ratio":-0.1,"min_rate":2.494,"max_rate":2.5219,"is_open":false,"enter_tag":"","leverage":1.0,"is_short":false,"open_timestamp":1750662900000,"close_timestamp":1750667400000,"orders":[{"amount":350.4,"safe_price":2.5179,"ft_order_side":"buy","order_filled_timestamp":1750662900000,"ft_is_entry":true,"ft_order_tag":"","cost":882.71329608},{"amount":350.4,"safe_price":2.5043,"ft_order_side":"sell","order_filled_timestamp":1750667400000,"ft_is_entry":false,"ft_order_tag":"exit_signal","cost":877.9454733599999}],"funding_fees":0.008811859200000001},{"pair":"SUI/USDT:USDT","stake_amount":876.67047,"max_stake_amount":876.67047,"amount":347.1,"open_date":"2025-06-23 13:00:00+00:00","close_date":"2025-06-23 13:30:00+00:00","open_rate":2.5257,"close_rate":2.4875,"fee_open":0.0005,"fee_close":0.0005,"trade_duration":30,"profit_ratio":-0.01610890322348823,"profit_abs":-14.12926086,"exit_reason":"exit_signal","initial_stop_loss_abs":2.2732,"initial_stop_loss_ratio":-0.1,"stop_loss_abs":2.2732,"stop_loss_ratio":-0.1,"min_rate":2.4647,"max_rate":2.5573,"is_open":false,"enter_tag":"","leverage":1.0,"is_short":false,"open_timestamp":1750683600000,"close_timestamp":1750685400000,"orders":[{"amount":347.1,"safe_price":2.5257,"ft_order_side":"buy","order_filled_timestamp":1750683600000,"ft_is_entry":true,"ft_order_tag":"","cost":877.108805235},{"amount":347.1,"safe_price":2.4875,"ft_order_side":"sell","order_filled_timestamp":1750685400000,"ft_is_entry":false,"ft_order_tag":"exit_signal","cost":863.842955625}],"funding_fees":0.0},{"pair":"SUI/USDT:USDT","stake_amount":862.7538,"max_stake_amount":862.7538,"amount":339.6,"open_date":"2025-06-23 13:45:00+00:00","close_date":"2025-06-23 15:45:00+00:00","open_rate":2.5405,"close_rate":2.495,"fee_open":0.0005,"fee_close":0.0005,"trade_duration":120,"profit_ratio":-0.01889145960379385,"profit_abs":-16.3068279,"exit_reason":"exit_signal","initial_stop_loss_abs":2.2865,"initial_stop_loss_ratio":-0.1,"stop_loss_abs":2.2865,"stop_loss_ratio":-0.1,"min_rate":2.4704,"max_rate":2.5775,"is_open":false,"enter_tag":"","leverage":1.0,"is_short":false,"open_timestamp":1750686300000,"close_timestamp":1750693500000,"orders":[{"amount":339.6,"safe_price":2.5405,"ft_order_side":"buy","order_filled_timestamp":1750686300000,"ft_is_entry":true,"ft_order_tag":"","cost":863.1851769000001},{"amount":339.6,"safe_price":2.495,"ft_order_side":"sell","order_filled_timestamp":1750693500000,"ft_is_entry":false,"ft_order_tag":"exit_signal","cost":847.7256510000001}],"funding_fees":0.0},{"pair":"SUI/USDT:USDT","stake_amount":846.7197,"max_stake_amount":846.7197,"amount":335.8,"open_date":"2025-06-23 17:30:00+00:00","close_date":"2025-06-26 14:45:00+00:00","open_rate":2.5215,"close_rate":2.6541,"fee_open":0.0005,"fee_close":0.0005,"trade_duration":4155,"profit_ratio":0.051421278075173264,"profit_abs":43.56117885,"exit_reason":"force_exit","initial_stop_loss_abs":2.2694,"initial_stop_loss_ratio":-0.1,"stop_loss_abs":2.2694,"stop_loss_ratio":-0.1,"min_rate":2.513,"max_rate":2.91,"is_open":false,"enter_tag":"","leverage":1.0,"is_short":false,"open_timestamp":1750699800000,"close_timestamp":1750949100000,"orders":[{"amount":335.8,"safe_price":2.5215,"ft_order_side":"buy","order_filled_timestamp":1750699800000,"ft_is_entry":true,"ft_order_tag":"","cost":847.1430598500001},{"amount":335.8,"safe_price":2.6541,"ft_order_side":"sell","order_filled_timestamp":1750949100000,"ft_is_entry":false,"ft_order_tag":"force_exit","cost":891.69240339}],"funding_fees":-0.0969179109945282}],"locks":[],"best_pair":{"key":"SOL/USDT:USDT","trades":0,"profit_mean":0.0,"profit_mean_pct":0.0,"profit_sum":0.0,"profit_sum_pct":0.0,"profit_total_abs":0.0,"profit_total":0.0,"profit_total_pct":0.0,"duration_avg":"0:00","wins":0,"draws":0,"losses":0,"winrate":0.0,"cagr":0.0,"expectancy":0.0,"expectancy_ratio":100.0,"sortino":0,"sharpe":0,"calmar":0,"sqn":0.0,"profit_factor":0.0,"max_drawdown_account":0.0,"max_drawdown_abs":0.0},"worst_pair":{"key":"ETH/USDT:USDT","trades":1,"profit_mean":-0.06918594833684448,"profit_mean_pct":-6.92,"profit_sum":-0.06918594833684448,"profit_sum_pct":-6.92,"profit_total_abs":-68.49530524,"profit_total":-0.06849530524,"profit_total_pct":-6.85,"duration_avg":"34 days, 2:15:00","wins":0,"draws":0,"losses":1,"winrate":0.0,"cagr":-0.46829374497399556,"expectancy":-68.49530524,"expectancy_ratio":-1.0,"sortino":-100,"sharpe":-100,"calmar":-46.59749554766537,"sqn":-100.0,"profit_factor":0.0,"max_drawdown_account":0.06849530524,"max_drawdown_abs":68.49530524},"results_per_pair":[{"key":"SOL/USDT:USDT","trades":0,"profit_mean":0.0,"profit_mean_pct":0.0,"profit_sum":0.0,"profit_sum_pct":0.0,"profit_total_abs":0.0,"profit_total":0.0,"profit_total_pct":0.0,"duration_avg":"0:00","wins":0,"draws":0,"losses":0,"winrate":0.0,"cagr":0.0,"expectancy":0.0,"expectancy_ratio":100.0,"sortino":0,"sharpe":0,"calmar":0,"sqn":0.0,"profit_factor":0.0,"max_drawdown_account":0.0,"max_drawdown_abs":0.0},{"key":"SUI/USDT:USDT","trades":6,"profit_mean":-0.0056210082963914255,"profit_mean_pct":-0.56,"profit_sum":-0.03372604977834855,"profit_sum_pct":-3.37,"profit_total_abs":-32.63037087,"profit_total":-0.03263037087,"profit_total_pct":-3.26,"duration_avg":"14:52:00","wins":1,"draws":0,"losses":5,"winrate":0.16666666666666666,"cagr":-0.2557177687843919,"expectancy":-5.438395145000001,"expectancy_ratio":-0.3568896527886505,"sortino":-1.5457165241325075,"sharpe":-0.6420515972221765,"calmar":-19.95619680819237,"sqn":-0.5135,"profit_factor":0.5717324166536194,"max_drawdown_account":0.07619154972000002,"max_drawdown_abs":76.19154972},{"key":"ETH/USDT:USDT","trades":1,"profit_mean":-0.06918594833684448,"profit_mean_pct":-6.92,"profit_sum":-0.06918594833684448,"profit_sum_pct":-6.92,"profit_total_abs":-68.49530524,"profit_total":-0.06849530524,"profit_total_pct":-6.85,"duration_avg":"34 days, 2:15:00","wins":0,"draws":0,"losses":1,"winrate":0.0,"cagr":-0.46829374497399556,"expectancy":-68.49530524,"expectancy_ratio":-1.0,"sortino":-100,"sharpe":-100,"calmar":-46.59749554766537,"sqn":-100.0,"profit_factor":0.0,"max_drawdown_account":0.06849530524,"max_drawdown_abs":68.49530524},{"key":"TOTAL","trades":7,"profit_mean":-0.014701714016456147,"profit_mean_pct":-1.47,"profit_sum":-0.10291199811519303,"profit_sum_pct":-10.29,"profit_total_abs":-101.12567611,"profit_total":-0.10112567611,"profit_total_pct":-10.11,"duration_avg":"5 days, 9:39:00","wins":1,"draws":0,"losses":6,"winrate":0.14285714285714285,"cagr":-0.612913567856266,"expectancy":-14.44652515857143,"expectancy_ratio":-0.5990810359060733,"sortino":-2.1630922112967834,"sharpe":-1.5148821100769727,"calmar":-32.568288553878006,"sqn":-1.1376,"profit_factor":0.30107212477624784,"max_drawdown_account":0.14468685496,"max_drawdown_abs":144.68685496}],"results_per_enter_tag":[{"key":"","trades":7,"profit_mean":-0.014701714016456147,"profit_mean_pct":-1.47,"profit_sum":-0.10291199811519303,"profit_sum_pct":-10.29,"profit_total_abs":-101.12567611,"profit_total":-0.10112567611,"profit_total_pct":-10.11,"duration_avg":"5 days, 9:39:00","wins":1,"draws":0,"losses":6,"winrate":0.14285714285714285,"cagr":-0.612913567856266,"expectancy":-14.44652515857143,"expectancy_ratio":-0.5990810359060733,"sortino":-2.1630922112967834,"sharpe":-1.5148821100769727,"calmar":-32.568288553878006,"sqn":-1.1376,"profit_factor":0.30107212477624784,"max_drawdown_account":0.14468685496,"max_drawdown_abs":144.68685496},{"key":"TOTAL","trades":7,"profit_mean":-0.014701714016456147,"profit_mean_pct":-1.47,"profit_sum":-0.10291199811519303,"profit_sum_pct":-10.29,"profit_total_abs":-101.12567611,"profit_total":-0.10112567611,"profit_total_pct":-10.11,"duration_avg":"5 days, 9:39:00","wins":1,"draws":0,"losses":6,"winrate":0.14285714285714285,"cagr":-0.612913567856266,"expectancy":-14.44652515857143,"expectancy_ratio":-0.5990810359060733,"sortino":-2.1630922112967834,"sharpe":-1.5148821100769727,"calmar":-32.568288553878006,"sqn":-1.1376,"profit_factor":0.30107212477624784,"max_drawdown_account":0.14468685496,"max_drawdown_abs":144.68685496}],"exit_reason_summary":[{"key":"force_exit","trades":1,"profit_mean":0.051421278075173264,"profit_mean_pct":5.14,"profit_sum":0.051421278075173264,"profit_sum_pct":5.14,"profit_total_abs":43.56117885,"profit_total":0.04356117885,"profit_total_pct":4.36,"duration_avg":"2 days, 21:15:00","wins":1,"draws":0,"losses":0,"winrate":1.0,"cagr":0.46168774710806804,"expectancy":43.56117885,"expectancy_ratio":100.0,"sortino":-100,"sharpe":-100,"calmar":-100,"sqn":-100.0,"profit_factor":0.0,"max_drawdown_account":0.0,"max_drawdown_abs":0.0},{"key":"exit_signal","trades":6,"profit_mean":-0.025722212698394382,"profit_mean_pct":-2.57,"profit_sum":-0.1543332761903663,"profit_sum_pct":-15.43,"profit_total_abs":-144.68685496,"profit_total":-0.14468685496,"profit_total_pct":-14.47,"duration_avg":"5 days, 19:42:00","wins":0,"draws":0,"losses":6,"winrate":0.0,"cagr":-0.7512584956975146,"expectancy":-24.114475826666666,"expectancy_ratio":-1.0,"sortino":-3.0948718572775475,"sharpe":-3.0948718572775475,"calmar":-46.59749554766536,"sqn":-2.4752,"profit_factor":0.0,"max_drawdown_account":0.14468685496,"max_drawdown_abs":144.68685496},{"key":"TOTAL","trades":7,"profit_mean":-0.014701714016456147,"profit_mean_pct":-1.47,"profit_sum":-0.10291199811519303,"profit_sum_pct":-10.29,"profit_total_abs":-101.12567611,"profit_total":-0.10112567611,"profit_total_pct":-10.11,"duration_avg":"5 days, 9:39:00","wins":1,"draws":0,"losses":6,"winrate":0.14285714285714285,"cagr":-0.612913567856266,"expectancy":-14.44652515857143,"expectancy_ratio":-0.5990810359060733,"sortino":-2.1630922112967834,"sharpe":-1.5148821100769727,"calmar":-32.568288553878006,"sqn":-1.1376,"profit_factor":0.30107212477624784,"max_drawdown_account":0.14468685496,"max_drawdown_abs":144.68685496}],"mix_tag_stats":[{"key":["","force_exit"],"trades":1,"profit_mean":0.051421278075173264,"profit_mean_pct":5.14,"profit_sum":0.051421278075173264,"profit_sum_pct":5.14,"profit_total_abs":43.56117885,"profit_total":0.04356117885,"profit_total_pct":4.36,"duration_avg":"2 days, 21:15:00","wins":1,"draws":0,"losses":0,"winrate":1.0,"cagr":0.46168774710806804,"expectancy":43.56117885,"expectancy_ratio":100.0,"sortino":-100,"sharpe":-100,"calmar":-100,"sqn":-100.0,"profit_factor":0.0,"max_drawdown_account":0.0,"max_drawdown_abs":0.0},{"key":["","exit_signal"],"trades":6,"profit_mean":-0.025722212698394382,"profit_mean_pct":-2.57,"profit_sum":-0.1543332761903663,"profit_sum_pct":-15.43,"profit_total_abs":-144.68685496,"profit_total":-0.14468685496,"profit_total_pct":-14.47,"duration_avg":"5 days, 19:42:00","wins":0,"draws":0,"losses":6,"winrate":0.0,"cagr":-0.7512584956975146,"expectancy":-24.114475826666666,"expectancy_ratio":-1.0,"sortino":-3.0948718572775475,"sharpe":-3.0948718572775475,"calmar":-46.59749554766536,"sqn":-2.4752,"profit_factor":0.0,"max_drawdown_account":0.14468685496,"max_drawdown_abs":144.68685496},{"key":"TOTAL","trades":7,"profit_mean":-0.014701714016456147,"profit_mean_pct":-1.47,"profit_sum":-0.10291199811519303,"profit_sum_pct":-10.29,"profit_total_abs":-101.12567611,"profit_total":-0.10112567611,"profit_total_pct":-10.11,"duration_avg":"5 days, 9:39:00","wins":1,"draws":0,"losses":6,"winrate":0.14285714285714285,"cagr":-0.612913567856266,"expectancy":-14.44652515857143,"expectancy_ratio":-0.5990810359060733,"sortino":-2.1630922112967834,"sharpe":-1.5148821100769727,"calmar":-32.568288553878006,"sqn":-1.1376,"profit_factor":0.30107212477624784,"max_drawdown_account":0.14468685496,"max_drawdown_abs":144.68685496}],"left_open_trades":[{"key":"SUI/USDT:USDT","trades":1,"profit_mean":0.051421278075173264,"profit_mean_pct":5.14,"profit_sum":0.051421278075173264,"profit_sum_pct":5.14,"profit_total_abs":43.56117885,"profit_total":0.04356117885,"profit_total_pct":4.36,"duration_avg":"2 days, 21:15:00","wins":1,"draws":0,"losses":0,"winrate":1.0,"cagr":0.46168774710806804,"expectancy":43.56117885,"expectancy_ratio":100.0,"sortino":-100,"sharpe":-100,"calmar":-100,"sqn":-100.0,"profit_factor":0.0,"max_drawdown_account":0.0,"max_drawdown_abs":0.0},{"key":"TOTAL","trades":1,"profit_mean":0.051421278075173264,"profit_mean_pct":5.14,"profit_sum":0.051421278075173264,"profit_sum_pct":5.14,"profit_total_abs":43.56117885,"profit_total":0.04356117885,"profit_total_pct":4.36,"duration_avg":"2 days, 21:15:00","wins":1,"draws":0,"losses":0,"winrate":1.0,"cagr":0.46168774710806804,"expectancy":43.56117885,"expectancy_ratio":100.0,"sortino":-100,"sharpe":-100,"calmar":-100,"sqn":-100.0,"profit_factor":0.0,"max_drawdown_account":0.0,"max_drawdown_abs":0.0}],"total_trades":7,"trade_count_long":7,"trade_count_short":0,"total_volume":12456.580567695,"avg_stake_amount":895.63723,"profit_mean":-0.014701714016456147,"profit_median":-0.01610890322348823,"profit_total":-0.10112567611,"profit_total_long":-0.10112567611,"profit_total_short":0.0,"profit_total_abs":-101.12567611,"profit_total_long_abs":-101.12567611,"profit_total_short_abs":0.0,"cagr":-0.612913567856266,"expectancy":-14.44652515857143,"expectancy_ratio":-0.5990810359060733,"sortino":-2.1630922112967834,"sharpe":-1.5148821100769727,"calmar":-32.568288553878006,"sqn":-1.1376,"profit_factor":0.30107212477624784,"backtest_start":"2025-05-16 00:00:00","backtest_start_ts":1747353600000,"backtest_end":"2025-06-26 14:45:00","backtest_end_ts":1750949100000,"backtest_days":41,"backtest_run_start_ts":1750951811,"backtest_run_end_ts":1750951811,"trades_per_day":0.17,"market_change":-0.17586645138119364,"pairlist":["SOL/USDT:USDT","ETH/USDT:USDT","SUI/USDT:USDT"],"stake_amount":"unlimited","stake_currency":"USDT","stake_currency_decimals":3,"starting_balance":1000,"dry_run_wallet":1000,"final_balance":898.87432389,"rejected_signals":272,"timedout_entry_orders":0,"timedout_exit_orders":0,"canceled_trade_entries":0,"canceled_entry_orders":0,"replaced_entry_orders":0,"max_open_trades":1,"max_open_trades_setting":1,"timeframe":"15m","timeframe_detail":"","timerange":"","enable_protections":false,"strategy_name":"SimpleGrid","stoploss":-0.1,"trailing_stop":false,"trailing_stop_positive":null,"trailing_stop_positive_offset":0.0,"trailing_only_offset_is_reached":false,"use_custom_stoploss":false,"minimal_roi":{},"use_exit_signal":true,"exit_profit_only":false,"exit_profit_offset":0.0,"ignore_roi_if_entry_signal":false,"trading_mode":"futures","margin_mode":"isolated","periodic_breakdown":{"day":[{"date":"21/06/2025","date_ts":1750464000000,"profit_abs":-68.49530524,"wins":0,"draws":0,"losses":1,"trades":1,"profit_factor":0.0},{"date":"22/06/2025","date_ts":1750550400000,"profit_abs":-33.15072498,"wins":0,"draws":0,"losses":1,"trades":1,"profit_factor":0.0},{"date":"23/06/2025","date_ts":1750636800000,"profit_abs":-43.04082474,"wins":0,"draws":0,"losses":4,"trades":4,"profit_factor":0.0},{"date":"24/06/2025","date_ts":1750723200000,"profit_abs":0.0,"wins":0,"draws":0,"losses":0,"trades":0,"profit_factor":0.0},{"date":"25/06/2025","date_ts":1750809600000,"profit_abs":0.0,"wins":0,"draws":0,"losses":0,"trades":0,"profit_factor":0.0},{"date":"26/06/2025","date_ts":1750896000000,"profit_abs":43.56117885,"wins":1,"draws":0,"losses":0,"trades":1,"profit_factor":0.0}],"week":[{"date":"23/06/2025","date_ts":1750636800000,"profit_abs":-144.68685496,"wins":0,"draws":0,"losses":6,"trades":6,"profit_factor":0.0},{"date":"30/06/2025","date_ts":1751241600000,"profit_abs":43.56117885,"wins":1,"draws":0,"losses":0,"trades":1,"profit_factor":0.0}],"month":[{"date":"30/06/2025","date_ts":1751241600000,"profit_abs":-101.12567611,"wins":1,"draws":0,"losses":6,"trades":7,"profit_factor":0.30107212}],"year":[{"date":"31/12/2025","date_ts":1767139200000,"profit_abs":-101.12567611,"wins":1,"draws":0,"losses":6,"trades":7,"profit_factor":0.30107212}]},"backtest_best_day":0.051421278075173264,"backtest_worst_day":-0.06918594833684448,"backtest_best_day_abs":43.56117885,"backtest_worst_day_abs":-68.49530524,"winning_days":1,"draw_days":2,"losing_days":3,"daily_profit":[["2025-06-21",-68.49530524],["2025-06-22",-33.15072498],["2025-06-23",-43.04082474],["2025-06-24",0.0],["2025-06-25",0.0],["2025-06-26",43.56117885]],"wins":1,"losses":6,"draws":0,"winrate":0.14285714285714285,"holding_avg":"5 days, 9:39:00","holding_avg_s":466740.0,"winner_holding_min":"2d 21:15","winner_holding_min_s":249300.0,"winner_holding_max":"2d 21:15","winner_holding_max_s":249300.0,"winner_holding_avg":"2d 21:15","winner_holding_avg_s":249300.0,"loser_holding_min":"0d 00:30","loser_holding_min_s":1800.0,"loser_holding_max":"34d 02:15","loser_holding_max_s":2945700.0,"loser_holding_avg":"5d 19:42","loser_holding_avg_s":502920.0,"max_consecutive_wins":1,"max_consecutive_losses":6,"max_drawdown_account":0.14468685496,"max_relative_drawdown":0.14468685496,"max_drawdown_abs":144.68685496,"drawdown_start":"2025-06-21 22:00:00","drawdown_start_ts":1750543200000.0,"drawdown_end":"2025-06-23 15:45:00","drawdown_end_ts":1750693500000.0,"max_drawdown_low":-144.68685496,"max_drawdown_high":-68.49530524,"csum_min":855.31314504,"csum_max":931.50469476}},"strategy_comparison":[{"key":"SimpleGrid","trades":7,"profit_mean":-0.014701714016456147,"profit_mean_pct":-1.47,"profit_sum":-0.10291199811519303,"profit_sum_pct":-10.29,"profit_total_abs":-101.12567611,"profit_total":-0.10112567611,"profit_total_pct":-10.11,"duration_avg":"5 days, 9:39:00","wins":1,"draws":0,"losses":6,"winrate":0.14285714285714285,"cagr":-0.612913567856266,"expectancy":-14.44652515857143,"expectancy_ratio":-0.5990810359060733,"sortino":-2.1630922112967834,"sharpe":-1.5148821100769727,"calmar":-32.568288553878006,"sqn":-1.1376,"profit_factor":0.30107212477624784,"max_drawdown_account":0.14468685496,"max_drawdown_abs":"144.687"}]}