{"strategy":{"SimpleGridDCA":{"trades":[{"pair":"ETH/USDT:USDT","stake_amount":74.18083,"max_stake_amount":74.18083,"amount":0.031,"open_date":"2025-05-18 20:00:00+00:00","close_date":"2025-05-18 23:00:00+00:00","open_rate":2392.93,"close_rate":2453.61,"fee_open":0.0005,"fee_close":0.0005,"trade_duration":180,"profit_ratio":0.02433318826372023,"profit_abs":1.80595863,"exit_reason":"exit_signal","initial_stop_loss_abs":2153.64,"initial_stop_loss_ratio":-0.1,"stop_loss_abs":2153.64,"stop_loss_ratio":-0.1,"min_rate":2312.62,"max_rate":2455.6,"is_open":false,"enter_tag":"grid_level_-1","leverage":1.0,"is_short":false,"open_timestamp":1747598400000,"close_timestamp":1747609200000,"orders":[{"amount":0.031,"safe_price":2392.93,"ft_order_side":"buy","order_filled_timestamp":1747598400000,"ft_is_entry":true,"ft_order_tag":"grid_level_-1","cost":74.217920415},{"amount":0.031,"safe_price":2453.61,"ft_order_side":"sell","order_filled_timestamp":1747609200000,"ft_is_entry":false,"ft_order_tag":"exit_signal","cost":76.099940955}],"funding_fees":0.0},{"pair":"ETH/USDT:USDT","stake_amount":72.4773,"max_stake_amount":72.4773,"amount":0.03,"open_date":"2025-05-19 01:15:00+00:00","close_date":"2025-05-19 15:15:00+00:00","open_rate":2415.91,"close_rate":2453.69,"fee_open":0.0005,"fee_close":0.0005,"trade_duration":840,"profit_ratio":0.014557951103383367,"profit_abs":1.05564855,"exit_reason":"exit_signal","initial_stop_loss_abs":2174.32,"initial_stop_loss_ratio":-0.1,"stop_loss_abs":2174.32,"stop_loss_ratio":-0.1,"min_rate":2346.99,"max_rate":2459.48,"is_open":false,"enter_tag":"grid_level_-1","leverage":1.0,"is_short":false,"open_timestamp":1747617300000,"close_timestamp":1747667700000,"orders":[{"amount":0.03,"safe_price":2415.91,"ft_order_side":"buy","order_filled_timestamp":1747617300000,"ft_is_entry":true,"ft_order_tag":"grid_level_-1","cost":72.51353865},{"amount":0.03,"safe_price":2453.69,"ft_order_side":"sell","order_filled_timestamp":1747667700000,"ft_is_entry":false,"ft_order_tag":"exit_signal","cost":73.64750534999999}],"funding_fees":-0.0047074450579606165},{"pair":"SOL/USDT:USDT","stake_amount":73.2921,"max_stake_amount":73.2921,"amount":0.51,"open_date":"2025-06-05 20:15:00+00:00","close_date":"2025-06-06 04:00:00+00:00","open_rate":143.71,"close_rate":146.74,"fee_open":0.0005,"fee_close":0.0005,"trade_duration":465,"profit_ratio":0.02012850797957972,"profit_abs":1.47599825,"exit_reason":"dca_take_profit","initial_stop_loss_abs":129.34,"initial_stop_loss_ratio":-0.1,"stop_loss_abs":129.34,"stop_loss_ratio":-0.1,"min_rate":141.43,"max_rate":147.11,"is_open":false,"enter_tag":"grid_level_-2","leverage":1.0,"is_short":false,"open_timestamp":1749154500000,"close_timestamp":1749182400000,"orders":[{"amount":0.51,"safe_price":143.71,"ft_order_side":"buy","order_filled_timestamp":1749154500000,"ft_is_entry":true,"ft_order_tag":"grid_level_-2","cost":73.32874605},{"amount":0.51,"safe_price":146.74,"ft_order_side":"sell","order_filled_timestamp":1749182400000,"ft_is_entry":false,"ft_order_tag":"dca_take_profit","cost":74.87481869999999}],"funding_fees":0.004762995285666432},{"pair":"SOL/USDT:USDT","stake_amount":88.188,"max_stake_amount":88.188,"amount":0.6,"open_date":"2025-06-13 00:15:00+00:00","close_date":"2025-06-15 06:00:00+00:00","open_rate":146.98,"close_rate":147.28,"fee_open":0.0005,"fee_close":0.0005,"trade_duration":3225,"profit_ratio":0.001050316339539669,"profit_abs":0.09267161,"exit_reason":"dca_time_exit","initial_stop_loss_abs":132.29,"initial_stop_loss_ratio":-0.1,"stop_loss_abs":132.29,"stop_loss_ratio":-0.1,"min_rate":140.73,"max_rate":148.87,"is_open":false,"enter_tag":"grid_level_-1","leverage":1.0,"is_short":false,"open_timestamp":1749773700000,"close_timestamp":1749967200000,"orders":[{"amount":0.6,"safe_price":146.98,"ft_order_side":"buy","order_filled_timestamp":1749773700000,"ft_is_entry":true,"ft_order_tag":"grid_level_-1","cost":88.23209399999999},{"amount":0.6,"safe_price":147.28,"ft_order_side":"sell","order_filled_timestamp":1749967200000,"ft_is_entry":false,"ft_order_tag":"dca_time_exit","cost":88.412184}],"funding_fees":0.0009496098997757998},{"pair":"SOL/USDT:USDT","stake_amount":89.3955,"max_stake_amount":89.3955,"amount":0.61,"open_date":"2025-06-17 15:30:00+00:00","close_date":"2025-06-17 19:30:00+00:00","open_rate":146.55,"close_rate":149.4,"fee_open":0.0005,"fee_close":0.0005,"trade_duration":240,"profit_ratio":0.018374793452421677,"profit_abs":1.64344516,"exit_reason":"exit_signal","initial_stop_loss_abs":131.9,"initial_stop_loss_ratio":-0.1,"stop_loss_abs":131.9,"stop_loss_ratio":-0.1,"min_rate":145.55,"max_rate":149.99,"is_open":false,"enter_tag":"grid_level_-1","leverage":1.0,"is_short":false,"open_timestamp":1750174200000,"close_timestamp":1750188600000,"orders":[{"amount":0.61,"safe_price":146.55,"ft_order_side":"buy","order_filled_timestamp":1750174200000,"ft_is_entry":true,"ft_order_tag":"grid_level_-1","cost":89.44019775},{"amount":0.61,"safe_price":149.4,"ft_order_side":"sell","order_filled_timestamp":1750188600000,"ft_is_entry":false,"ft_order_tag":"exit_signal","cost":91.17956699999999}],"funding_fees":-0.00479009271},{"pair":"SOL/USDT:USDT","stake_amount":89.3589,"max_stake_amount":89.3589,"amount":0.61,"open_date":"2025-06-18 21:00:00+00:00","close_date":"2025-06-20 17:30:00+00:00","open_rate":146.49,"close_rate":137.56,"fee_open":0.0005,"fee_close":0.0005,"trade_duration":2670,"profit_ratio":-0.06207343413027073,"profit_abs":-5.5495872,"exit_reason":"exit_signal","initial_stop_loss_abs":131.85,"initial_stop_loss_ratio":-0.1,"stop_loss_abs":131.85,"stop_loss_ratio":-0.1,"min_rate":135.57,"max_rate":148.75,"is_open":false,"enter_tag":"grid_level_-1","leverage":1.0,"is_short":false,"open_timestamp":1750280400000,"close_timestamp":1750440600000,"orders":[{"amount":0.61,"safe_price":146.49,"ft_order_side":"buy","order_filled_timestamp":1750280400000,"ft_is_entry":true,"ft_order_tag":"grid_level_-1","cost":89.40357945},{"amount":0.61,"safe_price":137.56,"ft_order_side":"sell","order_filled_timestamp":1750440600000,"ft_is_entry":false,"ft_order_tag":"exit_signal","cost":83.95355579999999}],"funding_fees":-0.01565194553718223},{"pair":"ETH/USDT:USDT","stake_amount":88.88658,"max_stake_amount":88.88658,"amount":0.037,"open_date":"2025-06-20 17:30:00+00:00","close_date":"2025-06-21 22:00:00+00:00","open_rate":2402.34,"close_rate":2280.35,"fee_open":0.0005,"fee_close":0.0005,"trade_duration":1710,"profit_ratio":-0.05171505128196529,"profit_abs":-4.59907243,"exit_reason":"exit_signal","initial_stop_loss_abs":2162.11,"initial_stop_loss_ratio":-0.1,"stop_loss_abs":2162.11,"stop_loss_ratio":-0.1,"min_rate":2230.0,"max_rate":2447.96,"is_open":false,"enter_tag":"grid_level_-1","leverage":1.0,"is_short":false,"open_timestamp":1750440600000,"close_timestamp":1750543200000,"orders":[{"amount":0.037,"safe_price":2402.34,"ft_order_side":"buy","order_filled_timestamp":1750440600000,"ft_is_entry":true,"ft_order_tag":"grid_level_-1","cost":88.93102328999998},{"amount":0.037,"safe_price":2280.35,"ft_order_side":"sell","order_filled_timestamp":1750543200000,"ft_is_entry":false,"ft_order_tag":"exit_signal","cost":84.41513647499998}],"funding_fees":0.0011873315174415096},{"pair":"ETH/USDT:USDT","stake_amount":86.80752,"max_stake_amount":86.80752,"amount":0.036,"open_date":"2025-06-23 22:30:00+00:00","close_date":"2025-06-24 16:45:00+00:00","open_rate":2411.32,"close_rate":2469.58,"fee_open":0.0005,"fee_close":0.0005,"trade_duration":1095,"profit_ratio":0.02309972724693101,"profit_abs":2.00623265,"exit_reason":"exit_signal","initial_stop_loss_abs":2170.19,"initial_stop_loss_ratio":-0.1,"stop_loss_abs":2170.19,"stop_loss_ratio":-0.1,"min_rate":2374.9,"max_rate":2481.28,"is_open":false,"enter_tag":"grid_level_-1","leverage":1.0,"is_short":false,"open_timestamp":1750717800000,"close_timestamp":1750783500000,"orders":[{"amount":0.036,"safe_price":2411.32,"ft_order_side":"buy","order_filled_timestamp":1750717800000,"ft_is_entry":true,"ft_order_tag":"grid_level_-1","cost":86.85092375999999},{"amount":0.036,"safe_price":2469.58,"ft_order_side":"sell","order_filled_timestamp":1750783500000,"ft_is_entry":false,"ft_order_tag":"exit_signal","cost":88.94933243999999}],"funding_fees":-0.003271148415407052},{"pair":"SOL/USDT:USDT","stake_amount":87.912,"max_stake_amount":87.912,"amount":0.6,"open_date":"2025-06-25 13:30:00+00:00","close_date":"2025-06-26 14:00:00+00:00","open_rate":146.52,"close_rate":141.74,"fee_open":0.0005,"fee_close":0.0005,"trade_duration":1470,"profit_ratio":-0.03369148633891263,"profit_abs":-2.96336689,"exit_reason":"exit_signal","initial_stop_loss_abs":131.87,"initial_stop_loss_ratio":-0.1,"stop_loss_abs":131.87,"stop_loss_ratio":-0.1,"min_rate":141.3,"max_rate":147.99,"is_open":false,"enter_tag":"grid_level_-1","leverage":1.0,"is_short":false,"open_timestamp":1750858200000,"close_timestamp":1750946400000,"orders":[{"amount":0.6,"safe_price":146.52,"ft_order_side":"buy","order_filled_timestamp":1750858200000,"ft_is_entry":true,"ft_order_tag":"grid_level_-1","cost":87.955956},{"amount":0.6,"safe_price":141.74,"ft_order_side":"sell","order_filled_timestamp":1750946400000,"ft_is_entry":false,"ft_order_tag":"exit_signal","cost":85.08652199999999}],"funding_fees":-0.0088888921468263}],"locks":[],"best_pair":{"key":"ETH/USDT:USDT","trades":4,"profit_mean":0.0025689538330173293,"profit_mean_pct":0.26,"profit_sum":0.010275815332069317,"profit_sum_pct":1.03,"profit_total_abs":0.2687674000000002,"profit_total":0.0002687674000000002,"profit_total_pct":0.03,"duration_avg":"15:56:00","wins":3,"draws":0,"losses":1,"winrate":0.75,"cagr":0.002134599374817636,"expectancy":0.06719184999999994,"expectancy_ratio":0.014609869929793629,"sortino":-100,"sharpe":0.04108016253269807,"calmar":2.4340861586546043,"sqn":0.0428,"profit_factor":1.0584394797191745,"max_drawdown_account":0.004585949244714189,"max_drawdown_abs":4.59907243},"worst_pair":{"key":"SOL/USDT:USDT","trades":5,"profit_mean":-0.011242260539528457,"profit_mean_pct":-1.12,"profit_sum":-0.05621130269764229,"profit_sum_pct":-5.62,"profit_total_abs":-5.30083907,"profit_total":-0.0053008390700000005,"profit_total_pct":-0.53,"duration_avg":"1 day, 2:54:00","wins":3,"draws":0,"losses":2,"winrate":0.6,"cagr":-0.0412959749901084,"expectancy":-1.0601678140000002,"expectancy_ratio":-0.2490716625020587,"sortino":-1.7025414646757877,"sharpe":-0.7898329884572538,"calmar":-25.94452339038745,"sqn":-0.7607,"profit_factor":0.37732084374485325,"max_drawdown_account":0.008485697055034462,"max_drawdown_abs":8.512954090000001},"results_per_pair":[{"key":"ETH/USDT:USDT","trades":4,"profit_mean":0.0025689538330173293,"profit_mean_pct":0.26,"profit_sum":0.010275815332069317,"profit_sum_pct":1.03,"profit_total_abs":0.2687674000000002,"profit_total":0.0002687674000000002,"profit_total_pct":0.03,"duration_avg":"15:56:00","wins":3,"draws":0,"losses":1,"winrate":0.75,"cagr":0.002134599374817636,"expectancy":0.06719184999999994,"expectancy_ratio":0.014609869929793629,"sortino":-100,"sharpe":0.04108016253269807,"calmar":2.4340861586546043,"sqn":0.0428,"profit_factor":1.0584394797191745,"max_drawdown_account":0.004585949244714189,"max_drawdown_abs":4.59907243},{"key":"SUI/USDT:USDT","trades":0,"profit_mean":0.0,"profit_mean_pct":0.0,"profit_sum":0.0,"profit_sum_pct":0.0,"profit_total_abs":0.0,"profit_total":0.0,"profit_total_pct":0.0,"duration_avg":"0:00","wins":0,"draws":0,"losses":0,"winrate":0.0,"cagr":0.0,"expectancy":0.0,"expectancy_ratio":100.0,"sortino":0,"sharpe":0,"calmar":0,"sqn":0.0,"profit_factor":0.0,"max_drawdown_account":0.0,"max_drawdown_abs":0.0},{"key":"SOL/USDT:USDT","trades":5,"profit_mean":-0.011242260539528457,"profit_mean_pct":-1.12,"profit_sum":-0.05621130269764229,"profit_sum_pct":-5.62,"profit_total_abs":-5.30083907,"profit_total":-0.0053008390700000005,"profit_total_pct":-0.53,"duration_avg":"1 day, 2:54:00","wins":3,"draws":0,"losses":2,"winrate":0.6,"cagr":-0.0412959749901084,"expectancy":-1.0601678140000002,"expectancy_ratio":-0.2490716625020587,"sortino":-1.7025414646757877,"sharpe":-0.7898329884572538,"calmar":-25.94452339038745,"sqn":-0.7607,"profit_factor":0.37732084374485325,"max_drawdown_account":0.008485697055034462,"max_drawdown_abs":8.512954090000001},{"key":"TOTAL","trades":9,"profit_mean":-0.0051039430406192195,"profit_mean_pct":-0.51,"profit_sum":-0.04593548736557297,"profit_sum_pct":-4.59,"profit_total_abs":-5.0320716700000006,"profit_total":-0.005032071670000001,"profit_total_pct":-0.5,"duration_avg":"22:02:00","wins":6,"draws":0,"losses":3,"winrate":0.6666666666666666,"cagr":-0.03923861005261642,"expectancy":-0.5591190744444445,"expectancy_ratio":-0.12792509386514972,"sortino":-1.9566959021007784,"sharpe":-0.7430146827778166,"calmar":-18.932833508673614,"sqn":-0.5622,"profit_factor":0.6162247184045506,"max_drawdown_account":0.011038747583740509,"max_drawdown_abs":11.10579387}],"results_per_enter_tag":[{"key":"grid_level_-2","trades":1,"profit_mean":0.02012850797957972,"profit_mean_pct":2.01,"profit_sum":0.02012850797957972,"profit_sum_pct":2.01,"profit_total_abs":1.47599825,"profit_total":0.00147599825,"profit_total_pct":0.15,"duration_avg":"7:45:00","wins":1,"draws":0,"losses":0,"winrate":1.0,"cagr":0.011771839591240285,"expectancy":1.47599825,"expectancy_ratio":100.0,"sortino":-100,"sharpe":-100,"calmar":-100,"sqn":-100.0,"profit_factor":0.0,"max_drawdown_account":0.0,"max_drawdown_abs":0.0},{"key":"grid_level_-1","trades":8,"profit_mean":-0.008257999418144087,"profit_mean_pct":-0.83,"profit_sum":-0.0660639953451527,"profit_sum_pct":-6.61,"profit_total_abs":-6.508069920000001,"profit_total":-0.0065080699200000015,"profit_total_pct":-0.65,"duration_avg":"23:49:00","wins":5,"draws":0,"losses":3,"winrate":0.625,"cagr":-0.05048969093077238,"expectancy":-0.8135087400000001,"expectancy_ratio":-0.18612883494991594,"sortino":-2.5306304397388164,"sharpe":-0.9371775304160621,"calmar":-24.450254957669166,"sqn":-0.7463,"profit_factor":0.5036564401335576,"max_drawdown_account":0.011054966187194764,"max_drawdown_abs":11.10579387},{"key":"TOTAL","trades":9,"profit_mean":-0.0051039430406192195,"profit_mean_pct":-0.51,"profit_sum":-0.04593548736557297,"profit_sum_pct":-4.59,"profit_total_abs":-5.0320716700000006,"profit_total":-0.005032071670000001,"profit_total_pct":-0.5,"duration_avg":"22:02:00","wins":6,"draws":0,"losses":3,"winrate":0.6666666666666666,"cagr":-0.03923861005261642,"expectancy":-0.5591190744444445,"expectancy_ratio":-0.12792509386514972,"sortino":-1.9566959021007784,"sharpe":-0.7430146827778166,"calmar":-18.932833508673614,"sqn":-0.5622,"profit_factor":0.6162247184045506,"max_drawdown_account":0.011038747583740509,"max_drawdown_abs":11.10579387}],"exit_reason_summary":[{"key":"dca_take_profit","trades":1,"profit_mean":0.02012850797957972,"profit_mean_pct":2.01,"profit_sum":0.02012850797957972,"profit_sum_pct":2.01,"profit_total_abs":1.47599825,"profit_total":0.00147599825,"profit_total_pct":0.15,"duration_avg":"7:45:00","wins":1,"draws":0,"losses":0,"winrate":1.0,"cagr":0.011771839591240285,"expectancy":1.47599825,"expectancy_ratio":100.0,"sortino":-100,"sharpe":-100,"calmar":-100,"sqn":-100.0,"profit_factor":0.0,"max_drawdown_account":0.0,"max_drawdown_abs":0.0},{"key":"dca_time_exit","trades":1,"profit_mean":0.001050316339539669,"profit_mean_pct":0.11,"profit_sum":0.001050316339539669,"profit_sum_pct":0.11,"profit_total_abs":0.09267161,"profit_total":9.267161e-05,"profit_total_pct":0.01,"duration_avg":"2 days, 5:45:00","wins":1,"draws":0,"losses":0,"winrate":1.0,"cagr":0.0007355654050329452,"expectancy":0.09267161,"expectancy_ratio":100.0,"sortino":-100,"sharpe":-100,"calmar":-100,"sqn":-100.0,"profit_factor":0.0,"max_drawdown_account":0.0,"max_drawdown_abs":0.0},{"key":"exit_signal","trades":7,"profit_mean":-0.009587758812098909,"profit_mean_pct":-0.96,"profit_sum":-0.06711431168469237,"profit_sum_pct":-6.71,"profit_total_abs":-6.6007415300000005,"profit_total":-0.006600741530000001,"profit_total_pct":-0.66,"duration_avg":"19:32:00","wins":4,"draws":0,"losses":3,"winrate":0.5714285714285714,"cagr":-0.05119223992963884,"expectancy":-0.9429630757142858,"expectancy_ratio":-0.21574767430708774,"sortino":-2.5666653318110275,"sharpe":-0.8954689027673886,"calmar":-24.79612657793167,"sqn":-0.7545,"profit_factor":0.4965887599501286,"max_drawdown_account":0.011055986074066092,"max_drawdown_abs":11.10579387},{"key":"TOTAL","trades":9,"profit_mean":-0.0051039430406192195,"profit_mean_pct":-0.51,"profit_sum":-0.04593548736557297,"profit_sum_pct":-4.59,"profit_total_abs":-5.0320716700000006,"profit_total":-0.005032071670000001,"profit_total_pct":-0.5,"duration_avg":"22:02:00","wins":6,"draws":0,"losses":3,"winrate":0.6666666666666666,"cagr":-0.03923861005261642,"expectancy":-0.5591190744444445,"expectancy_ratio":-0.12792509386514972,"sortino":-1.9566959021007784,"sharpe":-0.7430146827778166,"calmar":-18.932833508673614,"sqn":-0.5622,"profit_factor":0.6162247184045506,"max_drawdown_account":0.011038747583740509,"max_drawdown_abs":11.10579387}],"mix_tag_stats":[{"key":["grid_level_-2","dca_take_profit"],"trades":1,"profit_mean":0.02012850797957972,"profit_mean_pct":2.01,"profit_sum":0.02012850797957972,"profit_sum_pct":2.01,"profit_total_abs":1.47599825,"profit_total":0.00147599825,"profit_total_pct":0.15,"duration_avg":"7:45:00","wins":1,"draws":0,"losses":0,"winrate":1.0,"cagr":0.011771839591240285,"expectancy":1.47599825,"expectancy_ratio":100.0,"sortino":-100,"sharpe":-100,"calmar":-100,"sqn":-100.0,"profit_factor":0.0,"max_drawdown_account":0.0,"max_drawdown_abs":0.0},{"key":["grid_level_-1","dca_time_exit"],"trades":1,"profit_mean":0.001050316339539669,"profit_mean_pct":0.11,"profit_sum":0.001050316339539669,"profit_sum_pct":0.11,"profit_total_abs":0.09267161,"profit_total":9.267161e-05,"profit_total_pct":0.01,"duration_avg":"2 days, 5:45:00","wins":1,"draws":0,"losses":0,"winrate":1.0,"cagr":0.0007355654050329452,"expectancy":0.09267161,"expectancy_ratio":100.0,"sortino":-100,"sharpe":-100,"calmar":-100,"sqn":-100.0,"profit_factor":0.0,"max_drawdown_account":0.0,"max_drawdown_abs":0.0},{"key":["grid_level_-1","exit_signal"],"trades":7,"profit_mean":-0.009587758812098909,"profit_mean_pct":-0.96,"profit_sum":-0.06711431168469237,"profit_sum_pct":-6.71,"profit_total_abs":-6.6007415300000005,"profit_total":-0.006600741530000001,"profit_total_pct":-0.66,"duration_avg":"19:32:00","wins":4,"draws":0,"losses":3,"winrate":0.5714285714285714,"cagr":-0.05119223992963884,"expectancy":-0.9429630757142858,"expectancy_ratio":-0.21574767430708774,"sortino":-2.5666653318110275,"sharpe":-0.8954689027673886,"calmar":-24.79612657793167,"sqn":-0.7545,"profit_factor":0.4965887599501286,"max_drawdown_account":0.011055986074066092,"max_drawdown_abs":11.10579387},{"key":"TOTAL","trades":9,"profit_mean":-0.0051039430406192195,"profit_mean_pct":-0.51,"profit_sum":-0.04593548736557297,"profit_sum_pct":-4.59,"profit_total_abs":-5.0320716700000006,"profit_total":-0.005032071670000001,"profit_total_pct":-0.5,"duration_avg":"22:02:00","wins":6,"draws":0,"losses":3,"winrate":0.6666666666666666,"cagr":-0.03923861005261642,"expectancy":-0.5591190744444445,"expectancy_ratio":-0.12792509386514972,"sortino":-1.9566959021007784,"sharpe":-0.7430146827778166,"calmar":-18.932833508673614,"sqn":-0.5622,"profit_factor":0.6162247184045506,"max_drawdown_account":0.011038747583740509,"max_drawdown_abs":11.10579387}],"left_open_trades":[{"key":"TOTAL","trades":0,"profit_mean":0.0,"profit_mean_pct":0.0,"profit_sum":0.0,"profit_sum_pct":0.0,"profit_total_abs":0.0,"profit_total":0.0,"profit_total_pct":0.0,"duration_avg":"0:00","wins":0,"draws":0,"losses":0,"winrate":0.0,"cagr":0.0,"expectancy":0.0,"expectancy_ratio":100.0,"sortino":0,"sharpe":0,"calmar":0,"sqn":0.0,"profit_factor":0.0,"max_drawdown_account":0.0,"max_drawdown_abs":0.0}],"total_trades":9,"trade_count_long":9,"trade_count_short":0,"total_volume":1497.492542085,"avg_stake_amount":83.38874777777778,"profit_mean":-0.0051039430406192195,"profit_median":0.014557951103383367,"profit_total":-0.005032071670000001,"profit_total_long":-0.005032071670000001,"profit_total_short":0.0,"profit_total_abs":-5.0320716700000006,"profit_total_long_abs":-5.0320716700000006,"profit_total_short_abs":0.0,"cagr":-0.03923861005261642,"expectancy":-0.5591190744444445,"expectancy_ratio":-0.12792509386514972,"sortino":-1.9566959021007784,"sharpe":-0.7430146827778166,"calmar":-18.932833508673614,"sqn":-0.5622,"profit_factor":0.6162247184045506,"backtest_start":"2025-05-16 00:00:00","backtest_start_ts":1747353600000,"backtest_end":"2025-07-01 12:45:00","backtest_end_ts":1751373900000,"backtest_days":46,"backtest_run_start_ts":1751377589,"backtest_run_end_ts":1751377589,"trades_per_day":0.2,"market_change":-0.1620128748369255,"pairlist":["SOL/USDT:USDT","ETH/USDT:USDT","SUI/USDT:USDT"],"stake_amount":"unlimited","stake_currency":"USDT","stake_currency_decimals":3,"starting_balance":1000,"dry_run_wallet":1000,"final_balance":994.96792833,"rejected_signals":173,"timedout_entry_orders":203,"timedout_exit_orders":0,"canceled_trade_entries":0,"canceled_entry_orders":0,"replaced_entry_orders":0,"max_open_trades":1,"max_open_trades_setting":1,"timeframe":"15m","timeframe_detail":"","timerange":"","enable_protections":false,"strategy_name":"SimpleGridDCA","stoploss":-0.1,"trailing_stop":false,"trailing_stop_positive":null,"trailing_stop_positive_offset":0.0,"trailing_only_offset_is_reached":false,"use_custom_stoploss":false,"minimal_roi":{},"use_exit_signal":true,"exit_profit_only":false,"exit_profit_offset":0.0,"ignore_roi_if_entry_signal":false,"trading_mode":"futures","margin_mode":"isolated","periodic_breakdown":{"day":[{"date":"18/05/2025","date_ts":1747526400000,"profit_abs":1.80595863,"wins":1,"draws":0,"losses":0,"trades":1,"profit_factor":0.0},{"date":"19/05/2025","date_ts":1747612800000,"profit_abs":1.05564855,"wins":1,"draws":0,"losses":0,"trades":1,"profit_factor":0.0},{"date":"20/05/2025","date_ts":1747699200000,"profit_abs":0.0,"wins":0,"draws":0,"losses":0,"trades":0,"profit_factor":0.0},{"date":"21/05/2025","date_ts":1747785600000,"profit_abs":0.0,"wins":0,"draws":0,"losses":0,"trades":0,"profit_factor":0.0},{"date":"22/05/2025","date_ts":1747872000000,"profit_abs":0.0,"wins":0,"draws":0,"losses":0,"trades":0,"profit_factor":0.0},{"date":"23/05/2025","date_ts":1747958400000,"profit_abs":0.0,"wins":0,"draws":0,"losses":0,"trades":0,"profit_factor":0.0},{"date":"24/05/2025","date_ts":1748044800000,"profit_abs":0.0,"wins":0,"draws":0,"losses":0,"trades":0,"profit_factor":0.0},{"date":"25/05/2025","date_ts":1748131200000,"profit_abs":0.0,"wins":0,"draws":0,"losses":0,"trades":0,"profit_factor":0.0},{"date":"26/05/2025","date_ts":1748217600000,"profit_abs":0.0,"wins":0,"draws":0,"losses":0,"trades":0,"profit_factor":0.0},{"date":"27/05/2025","date_ts":1748304000000,"profit_abs":0.0,"wins":0,"draws":0,"losses":0,"trades":0,"profit_factor":0.0},{"date":"28/05/2025","date_ts":1748390400000,"profit_abs":0.0,"wins":0,"draws":0,"losses":0,"trades":0,"profit_factor":0.0},{"date":"29/05/2025","date_ts":1748476800000,"profit_abs":0.0,"wins":0,"draws":0,"losses":0,"trades":0,"profit_factor":0.0},{"date":"30/05/2025","date_ts":1748563200000,"profit_abs":0.0,"wins":0,"draws":0,"losses":0,"trades":0,"profit_factor":0.0},{"date":"31/05/2025","date_ts":1748649600000,"profit_abs":0.0,"wins":0,"draws":0,"losses":0,"trades":0,"profit_factor":0.0},{"date":"01/06/2025","date_ts":1748736000000,"profit_abs":0.0,"wins":0,"draws":0,"losses":0,"trades":0,"profit_factor":0.0},{"date":"02/06/2025","date_ts":1748822400000,"profit_abs":0.0,"wins":0,"draws":0,"losses":0,"trades":0,"profit_factor":0.0},{"date":"03/06/2025","date_ts":1748908800000,"profit_abs":0.0,"wins":0,"draws":0,"losses":0,"trades":0,"profit_factor":0.0},{"date":"04/06/2025","date_ts":1748995200000,"profit_abs":0.0,"wins":0,"draws":0,"losses":0,"trades":0,"profit_factor":0.0},{"date":"05/06/2025","date_ts":1749081600000,"profit_abs":0.0,"wins":0,"draws":0,"losses":0,"trades":0,"profit_factor":0.0},{"date":"06/06/2025","date_ts":1749168000000,"profit_abs":1.47599825,"wins":1,"draws":0,"losses":0,"trades":1,"profit_factor":0.0},{"date":"07/06/2025","date_ts":1749254400000,"profit_abs":0.0,"wins":0,"draws":0,"losses":0,"trades":0,"profit_factor":0.0},{"date":"08/06/2025","date_ts":1749340800000,"profit_abs":0.0,"wins":0,"draws":0,"losses":0,"trades":0,"profit_factor":0.0},{"date":"09/06/2025","date_ts":1749427200000,"profit_abs":0.0,"wins":0,"draws":0,"losses":0,"trades":0,"profit_factor":0.0},{"date":"10/06/2025","date_ts":1749513600000,"profit_abs":0.0,"wins":0,"draws":0,"losses":0,"trades":0,"profit_factor":0.0},{"date":"11/06/2025","date_ts":1749600000000,"profit_abs":0.0,"wins":0,"draws":0,"losses":0,"trades":0,"profit_factor":0.0},{"date":"12/06/2025","date_ts":1749686400000,"profit_abs":0.0,"wins":0,"draws":0,"losses":0,"trades":0,"profit_factor":0.0},{"date":"13/06/2025","date_ts":1749772800000,"profit_abs":0.0,"wins":0,"draws":0,"losses":0,"trades":0,"profit_factor":0.0},{"date":"14/06/2025","date_ts":1749859200000,"profit_abs":0.0,"wins":0,"draws":0,"losses":0,"trades":0,"profit_factor":0.0},{"date":"15/06/2025","date_ts":1749945600000,"profit_abs":0.09267161,"wins":1,"draws":0,"losses":0,"trades":1,"profit_factor":0.0},{"date":"16/06/2025","date_ts":1750032000000,"profit_abs":0.0,"wins":0,"draws":0,"losses":0,"trades":0,"profit_factor":0.0},{"date":"17/06/2025","date_ts":1750118400000,"profit_abs":1.64344516,"wins":1,"draws":0,"losses":0,"trades":1,"profit_factor":0.0},{"date":"18/06/2025","date_ts":1750204800000,"profit_abs":0.0,"wins":0,"draws":0,"losses":0,"trades":0,"profit_factor":0.0},{"date":"19/06/2025","date_ts":1750291200000,"profit_abs":0.0,"wins":0,"draws":0,"losses":0,"trades":0,"profit_factor":0.0},{"date":"20/06/2025","date_ts":1750377600000,"profit_abs":-5.5495872,"wins":0,"draws":0,"losses":1,"trades":1,"profit_factor":0.0},{"date":"21/06/2025","date_ts":1750464000000,"profit_abs":-4.59907243,"wins":0,"draws":0,"losses":1,"trades":1,"profit_factor":0.0},{"date":"22/06/2025","date_ts":1750550400000,"profit_abs":0.0,"wins":0,"draws":0,"losses":0,"trades":0,"profit_factor":0.0},{"date":"23/06/2025","date_ts":1750636800000,"profit_abs":0.0,"wins":0,"draws":0,"losses":0,"trades":0,"profit_factor":0.0},{"date":"24/06/2025","date_ts":1750723200000,"profit_abs":2.00623265,"wins":1,"draws":0,"losses":0,"trades":1,"profit_factor":0.0},{"date":"25/06/2025","date_ts":1750809600000,"profit_abs":0.0,"wins":0,"draws":0,"losses":0,"trades":0,"profit_factor":0.0},{"date":"26/06/2025","date_ts":1750896000000,"profit_abs":-2.96336689,"wins":0,"draws":0,"losses":1,"trades":1,"profit_factor":0.0}],"week":[{"date":"19/05/2025","date_ts":1747612800000,"profit_abs":2.86160718,"wins":2,"draws":0,"losses":0,"trades":2,"profit_factor":0.0},{"date":"26/05/2025","date_ts":1748217600000,"profit_abs":0.0,"wins":0,"draws":0,"losses":0,"trades":0,"profit_factor":0.0},{"date":"02/06/2025","date_ts":1748822400000,"profit_abs":0.0,"wins":0,"draws":0,"losses":0,"trades":0,"profit_factor":0.0},{"date":"09/06/2025","date_ts":1749427200000,"profit_abs":1.47599825,"wins":1,"draws":0,"losses":0,"trades":1,"profit_factor":0.0},{"date":"16/06/2025","date_ts":1750032000000,"profit_abs":0.09267161,"wins":1,"draws":0,"losses":0,"trades":1,"profit_factor":0.0},{"date":"23/06/2025","date_ts":1750636800000,"profit_abs":-8.50521447,"wins":1,"draws":0,"losses":2,"trades":3,"profit_factor":0.16193716},{"date":"30/06/2025","date_ts":1751241600000,"profit_abs":-0.95713424,"wins":1,"draws":0,"losses":1,"trades":2,"profit_factor":0.67701123}],"month":[{"date":"31/05/2025","date_ts":1748649600000,"profit_abs":2.86160718,"wins":2,"draws":0,"losses":0,"trades":2,"profit_factor":0.0},{"date":"30/06/2025","date_ts":1751241600000,"profit_abs":-7.89367885,"wins":4,"draws":0,"losses":3,"trades":7,"profit_factor":0.39798178}],"year":[{"date":"31/12/2025","date_ts":1767139200000,"profit_abs":-5.03207167,"wins":6,"draws":0,"losses":3,"trades":9,"profit_factor":0.61622472}]},"backtest_best_day":0.02433318826372023,"backtest_worst_day":-0.06207343413027073,"backtest_best_day_abs":2.00623265,"backtest_worst_day_abs":-5.5495872,"winning_days":6,"draw_days":31,"losing_days":3,"daily_profit":[["2025-05-18",1.80595863],["2025-05-19",1.05564855],["2025-05-20",0.0],["2025-05-21",0.0],["2025-05-22",0.0],["2025-05-23",0.0],["2025-05-24",0.0],["2025-05-25",0.0],["2025-05-26",0.0],["2025-05-27",0.0],["2025-05-28",0.0],["2025-05-29",0.0],["2025-05-30",0.0],["2025-05-31",0.0],["2025-06-01",0.0],["2025-06-02",0.0],["2025-06-03",0.0],["2025-06-04",0.0],["2025-06-05",0.0],["2025-06-06",1.47599825],["2025-06-07",0.0],["2025-06-08",0.0],["2025-06-09",0.0],["2025-06-10",0.0],["2025-06-11",0.0],["2025-06-12",0.0],["2025-06-13",0.0],["2025-06-14",0.0],["2025-06-15",0.09267161],["2025-06-16",0.0],["2025-06-17",1.64344516],["2025-06-18",0.0],["2025-06-19",0.0],["2025-06-20",-5.5495872],["2025-06-21",-4.59907243],["2025-06-22",0.0],["2025-06-23",0.0],["2025-06-24",2.00623265],["2025-06-25",0.0],["2025-06-26",-2.96336689]],"wins":6,"losses":3,"draws":0,"winrate":0.6666666666666666,"holding_avg":"22:02:00","holding_avg_s":79320.0,"winner_holding_min":"0d 03:00","winner_holding_min_s":10800.0,"winner_holding_max":"2d 05:45","winner_holding_max_s":193500.0,"winner_holding_avg":"0d 16:48","winner_holding_avg_s":60480.0,"loser_holding_min":"1d 00:30","loser_holding_min_s":88200.0,"loser_holding_max":"1d 20:30","loser_holding_max_s":160200.0,"loser_holding_avg":"1d 08:30","loser_holding_avg_s":117000.0,"max_consecutive_wins":5,"max_consecutive_losses":2,"max_drawdown_account":0.011038747583740509,"max_relative_drawdown":0.011038747583740509,"max_drawdown_abs":11.10579387,"drawdown_start":"2025-06-17 19:30:00","drawdown_start_ts":1750188600000.0,"drawdown_end":"2025-06-26 14:00:00","drawdown_end_ts":1750946400000.0,"max_drawdown_low":-5.0320716700000006,"max_drawdown_high":6.0737222,"csum_min":994.96792833,"csum_max":1006.0737222}},"strategy_comparison":[{"key":"SimpleGridDCA","trades":9,"profit_mean":-0.0051039430406192195,"profit_mean_pct":-0.51,"profit_sum":-0.04593548736557297,"profit_sum_pct":-4.59,"profit_total_abs":-5.0320716700000006,"profit_total":-0.005032071670000001,"profit_total_pct":-0.5,"duration_avg":"22:02:00","wins":6,"draws":0,"losses":3,"winrate":0.6666666666666666,"cagr":-0.03923861005261642,"expectancy":-0.5591190744444445,"expectancy_ratio":-0.12792509386514972,"sortino":-1.9566959021007784,"sharpe":-0.7430146827778166,"calmar":-18.932833508673614,"sqn":-0.5622,"profit_factor":0.6162247184045506,"max_drawdown_account":0.011038747583740509,"max_drawdown_abs":"11.106"}]}