{"strategy":{"GridBotSample":{"trades":[{"pair":"ETH/USDT:USDT","stake_amount":65.71006,"max_stake_amount":65.71006,"amount":0.026,"open_date":"2025-05-17 00:15:00+00:00","close_date":"2025-05-18 04:30:00+00:00","open_rate":2527.31,"close_rate":2481.15,"fee_open":0.0005,"fee_close":0.0005,"trade_duration":1695,"profit_ratio":-0.01930255160454816,"profit_abs":-1.26900601,"exit_reason":"exit_signal","initial_stop_loss_abs":2274.58,"initial_stop_loss_ratio":-0.1,"stop_loss_abs":2274.58,"stop_loss_ratio":-0.1,"min_rate":2442.65,"max_rate":2527.31,"is_open":false,"enter_tag":"","leverage":1.0,"is_short":false,"open_timestamp":1747440900000,"close_timestamp":1747542600000,"orders":[{"amount":0.026,"safe_price":2527.31,"ft_order_side":"buy","order_filled_timestamp":1747440900000,"ft_is_entry":true,"ft_order_tag":"","cost":65.74291502999999},{"amount":0.026,"safe_price":2481.15,"ft_order_side":"sell","order_filled_timestamp":1747542600000,"ft_is_entry":false,"ft_order_tag":"exit_signal","cost":64.54215495}],"funding_fees":-0.003736034961983766},{"pair":"ETH/USDT:USDT","stake_amount":64.66096,"max_stake_amount":64.66096,"amount":0.026,"open_date":"2025-05-18 04:45:00+00:00","close_date":"2025-05-18 20:00:00+00:00","open_rate":2486.96,"close_rate":2406.78,"fee_open":0.0005,"fee_close":0.0005,"trade_duration":915,"profit_ratio":-0.03325826502309641,"profit_abs":-2.1515866,"exit_reason":"exit_signal","initial_stop_loss_abs":2238.27,"initial_stop_loss_ratio":-0.1,"stop_loss_abs":2238.27,"stop_loss_ratio":-0.1,"min_rate":2312.62,"max_rate":2587.52,"is_open":false,"enter_tag":"","leverage":1.0,"is_short":false,"open_timestamp":1747543500000,"close_timestamp":1747598400000,"orders":[{"amount":0.026,"safe_price":2486.96,"ft_order_side":"buy","order_filled_timestamp":1747543500000,"ft_is_entry":true,"ft_order_tag":"","cost":64.69329048},{"amount":0.026,"safe_price":2406.78,"ft_order_side":"sell","order_filled_timestamp":1747598400000,"ft_is_entry":false,"ft_order_tag":"exit_signal","cost":62.60756814}],"funding_fees":-0.0032879790258283563},{"pair":"ETH/USDT:USDT","stake_amount":65.66859,"max_stake_amount":65.66859,"amount":0.027,"open_date":"2025-05-19 13:45:00+00:00","close_date":"2025-05-22 03:45:00+00:00","open_rate":2432.17,"close_rate":2634.82,"fee_open":0.0005,"fee_close":0.0005,"trade_duration":3720,"profit_ratio":0.08182421991130444,"profit_abs":5.37596779,"exit_reason":"exit_signal","initial_stop_loss_abs":2188.96,"initial_stop_loss_ratio":-0.1,"stop_loss_abs":2188.96,"stop_loss_ratio":-0.1,"min_rate":2416.4,"max_rate":2647.25,"is_open":false,"enter_tag":"","leverage":1.0,"is_short":false,"open_timestamp":1747662300000,"close_timestamp":1747885500000,"orders":[{"amount":0.027,"safe_price":2432.17,"ft_order_side":"buy","order_filled_timestamp":1747662300000,"ft_is_entry":true,"ft_order_tag":"","cost":65.701424295},{"amount":0.027,"safe_price":2634.82,"ft_order_side":"sell","order_filled_timestamp":1747885500000,"ft_is_entry":false,"ft_order_tag":"exit_signal","cost":71.17571007}],"funding_fees":-0.02717784796627307},{"pair":"ETH/USDT:USDT","stake_amount":65.7449,"max_stake_amount":65.7449,"amount":0.026,"open_date":"2025-05-23 23:30:00+00:00","close_date":"2025-05-24 18:15:00+00:00","open_rate":2528.65,"close_rate":2561.57,"fee_open":0.0005,"fee_close":0.0005,"trade_duration":1125,"profit_ratio":0.011844534726259189,"profit_abs":0.77910711,"exit_reason":"exit_signal","initial_stop_loss_abs":2275.79,"initial_stop_loss_ratio":-0.1,"stop_loss_abs":2275.79,"stop_loss_ratio":-0.1,"min_rate":2502.1,"max_rate":2574.5,"is_open":false,"enter_tag":"","leverage":1.0,"is_short":false,"open_timestamp":1748043000000,"close_timestamp":1748110500000,"orders":[{"amount":0.026,"safe_price":2528.65,"ft_order_side":"buy","order_filled_timestamp":1748043000000,"ft_is_entry":true,"ft_order_tag":"","cost":65.77777245},{"amount":0.026,"safe_price":2561.57,"ft_order_side":"sell","order_filled_timestamp":1748110500000,"ft_is_entry":false,"ft_order_tag":"exit_signal","cost":66.63412041}],"funding_fees":-0.010640034283447628},{"pair":"ETH/USDT:USDT","stake_amount":65.6318,"max_stake_amount":65.6318,"amount":0.026,"open_date":"2025-05-24 23:00:00+00:00","close_date":"2025-05-25 19:00:00+00:00","open_rate":2524.3,"close_rate":2514.89,"fee_open":0.0005,"fee_close":0.0005,"trade_duration":1200,"profit_ratio":-0.004905422739250348,"profit_abs":-0.3221127,"exit_reason":"exit_signal","initial_stop_loss_abs":2271.88,"initial_stop_loss_ratio":-0.1,"stop_loss_abs":2271.88,"stop_loss_ratio":-0.1,"min_rate":2457.6,"max_rate":2538.38,"is_open":false,"enter_tag":"","leverage":1.0,"is_short":false,"open_timestamp":1748127600000,"close_timestamp":1748199600000,"orders":[{"amount":0.026,"safe_price":2524.3,"ft_order_side":"buy","order_filled_timestamp":1748127600000,"ft_is_entry":true,"ft_order_tag":"","cost":65.6646159},{"amount":0.026,"safe_price":2514.89,"ft_order_side":"sell","order_filled_timestamp":1748199600000,"ft_is_entry":false,"ft_order_tag":"exit_signal","cost":65.41983356999998}],"funding_fees":-0.0119432342796},{"pair":"ETH/USDT:USDT","stake_amount":65.5278,"max_stake_amount":65.5278,"amount":0.026,"open_date":"2025-05-25 19:30:00+00:00","close_date":"2025-05-25 21:00:00+00:00","open_rate":2520.3,"close_rate":2522.66,"fee_open":0.0005,"fee_close":0.0005,"trade_duration":90,"profit_ratio":-6.403971763275208e-05,"profit_abs":-0.00419848,"exit_reason":"exit_signal","initial_stop_loss_abs":2268.28,"initial_stop_loss_ratio":-0.1,"stop_loss_abs":2268.28,"stop_loss_ratio":-0.1,"min_rate":2509.69,"max_rate":2537.0,"is_open":false,"enter_tag":"","leverage":1.0,"is_short":false,"open_timestamp":1748201400000,"close_timestamp":1748206800000,"orders":[{"amount":0.026,"safe_price":2520.3,"ft_order_side":"buy","order_filled_timestamp":1748201400000,"ft_is_entry":true,"ft_order_tag":"","cost":65.56056389999999},{"amount":0.026,"safe_price":2522.66,"ft_order_side":"sell","order_filled_timestamp":1748206800000,"ft_is_entry":false,"ft_order_tag":"exit_signal","cost":65.62195458}],"funding_fees":0.0},{"pair":"ETH/USDT:USDT","stake_amount":65.53118,"max_stake_amount":65.53118,"amount":0.026,"open_date":"2025-05-25 21:30:00+00:00","close_date":"2025-05-27 08:30:00+00:00","open_rate":2520.43,"close_rate":2637.32,"fee_open":0.0005,"fee_close":0.0005,"trade_duration":2100,"profit_ratio":0.04505274527667425,"profit_abs":2.95383574,"exit_reason":"exit_signal","initial_stop_loss_abs":2268.39,"initial_stop_loss_ratio":-0.1,"stop_loss_abs":2268.39,"stop_loss_ratio":-0.1,"min_rate":2506.08,"max_rate":2643.44,"is_open":false,"enter_tag":"","leverage":1.0,"is_short":false,"open_timestamp":1748208600000,"close_timestamp":1748334600000,"orders":[{"amount":0.026,"safe_price":2520.43,"ft_order_side":"buy","order_filled_timestamp":1748208600000,"ft_is_entry":true,"ft_order_tag":"","cost":65.56394558999999},{"amount":0.026,"safe_price":2637.32,"ft_order_side":"sell","order_filled_timestamp":1748334600000,"ft_is_entry":false,"ft_order_tag":"exit_signal","cost":68.60460515999999}],"funding_fees":-0.018253509814207036},{"pair":"ETH/USDT:USDT","stake_amount":65.61282,"max_stake_amount":65.61282,"amount":0.026,"open_date":"2025-05-30 22:45:00+00:00","close_date":"2025-05-31 12:00:00+00:00","open_rate":2523.57,"close_rate":2518.6,"fee_open":0.0005,"fee_close":0.0005,"trade_duration":795,"profit_ratio":-0.0030813079417761013,"profit_abs":-0.20227439,"exit_reason":"exit_signal","initial_stop_loss_abs":2271.22,"initial_stop_loss_ratio":-0.1,"stop_loss_abs":2271.22,"stop_loss_ratio":-0.1,"min_rate":2474.0,"max_rate":2543.45,"is_open":false,"enter_tag":"","leverage":1.0,"is_short":false,"open_timestamp":1748645100000,"close_timestamp":1748692800000,"orders":[{"amount":0.026,"safe_price":2523.57,"ft_order_side":"buy","order_filled_timestamp":1748645100000,"ft_is_entry":true,"ft_order_tag":"","cost":65.64562640999999},{"amount":0.026,"safe_price":2518.6,"ft_order_side":"sell","order_filled_timestamp":1748692800000,"ft_is_entry":false,"ft_order_tag":"exit_signal","cost":65.51634179999999}],"funding_fees":-0.007506183376723959},{"pair":"ETH/USDT:USDT","stake_amount":65.76414,"max_stake_amount":65.76414,"amount":0.026,"open_date":"2025-05-31 12:15:00+00:00","close_date":"2025-05-31 19:00:00+00:00","open_rate":2529.39,"close_rate":2538.82,"fee_open":0.0005,"fee_close":0.0005,"trade_duration":405,"profit_ratio":0.002697507492226236,"profit_abs":0.17748796,"exit_reason":"exit_signal","initial_stop_loss_abs":2276.46,"initial_stop_loss_ratio":-0.1,"stop_loss_abs":2276.46,"stop_loss_ratio":-0.1,"min_rate":2521.05,"max_rate":2550.0,"is_open":false,"enter_tag":"","leverage":1.0,"is_short":false,"open_timestamp":1748693700000,"close_timestamp":1748718000000,"orders":[{"amount":0.026,"safe_price":2529.39,"ft_order_side":"buy","order_filled_timestamp":1748693700000,"ft_is_entry":true,"ft_order_tag":"","cost":65.79702207},{"amount":0.026,"safe_price":2538.82,"ft_order_side":"sell","order_filled_timestamp":1748718000000,"ft_is_entry":false,"ft_order_tag":"exit_signal","cost":66.04232466}],"funding_fees":-0.0018053127151894692},{"pair":"ETH/USDT:USDT","stake_amount":65.76596,"max_stake_amount":65.76596,"amount":0.026,"open_date":"2025-05-31 23:45:00+00:00","close_date":"2025-06-01 05:45:00+00:00","open_rate":2529.46,"close_rate":2515.81,"fee_open":0.0005,"fee_close":0.0005,"trade_duration":360,"profit_ratio":-0.00646560730755269,"profit_abs":-0.42542948,"exit_reason":"exit_signal","initial_stop_loss_abs":2276.52,"initial_stop_loss_ratio":-0.1,"stop_loss_abs":2276.52,"stop_loss_ratio":-0.1,"min_rate":2488.52,"max_rate":2530.45,"is_open":false,"enter_tag":"","leverage":1.0,"is_short":false,"open_timestamp":1748735100000,"close_timestamp":1748756700000,"orders":[{"amount":0.026,"safe_price":2529.46,"ft_order_side":"buy","order_filled_timestamp":1748735100000,"ft_is_entry":true,"ft_order_tag":"","cost":65.79884297999999},{"amount":0.026,"safe_price":2515.81,"ft_order_side":"sell","order_filled_timestamp":1748756700000,"ft_is_entry":false,"ft_order_tag":"exit_signal","cost":65.44376553}],"funding_fees":-0.004940966368},{"pair":"ETH/USDT:USDT","stake_amount":65.45396,"max_stake_amount":65.45396,"amount":0.026,"open_date":"2025-06-01 06:00:00+00:00","close_date":"2025-06-03 01:45:00+00:00","open_rate":2517.46,"close_rate":2636.84,"fee_open":0.0005,"fee_close":0.0005,"trade_duration":2625,"profit_ratio":0.04611091611524368,"profit_abs":3.01965113,"exit_reason":"exit_signal","initial_stop_loss_abs":2265.72,"initial_stop_loss_ratio":-0.1,"stop_loss_abs":2265.72,"stop_loss_ratio":-0.1,"min_rate":2465.0,"max_rate":2649.0,"is_open":false,"enter_tag":"","leverage":1.0,"is_short":false,"open_timestamp":1748757600000,"close_timestamp":1748915100000,"orders":[{"amount":0.026,"safe_price":2517.46,"ft_order_side":"buy","order_filled_timestamp":1748757600000,"ft_is_entry":true,"ft_order_tag":"","cost":65.48668697999999},{"amount":0.026,"safe_price":2636.84,"ft_order_side":"sell","order_filled_timestamp":1748915100000,"ft_is_entry":false,"ft_order_tag":"exit_signal","cost":68.59211891999999}],"funding_fees":-0.017222974995323107},{"pair":"ETH/USDT:USDT","stake_amount":65.73008,"max_stake_amount":65.73008,"amount":0.026,"open_date":"2025-06-05 20:00:00+00:00","close_date":"2025-06-05 20:45:00+00:00","open_rate":2528.08,"close_rate":2417.7,"fee_open":0.0005,"fee_close":0.0005,"trade_duration":45,"profit_ratio":-0.04461745346433773,"profit_abs":-2.93417514,"exit_reason":"exit_signal","initial_stop_loss_abs":2275.28,"initial_stop_loss_ratio":-0.1,"stop_loss_abs":2275.28,"stop_loss_ratio":-0.1,"min_rate":2392.32,"max_rate":2534.79,"is_open":false,"enter_tag":"","leverage":1.0,"is_short":false,"open_timestamp":1749153600000,"close_timestamp":1749156300000,"orders":[{"amount":0.026,"safe_price":2528.08,"ft_order_side":"buy","order_filled_timestamp":1749153600000,"ft_is_entry":true,"ft_order_tag":"","cost":65.76294503999999},{"amount":0.026,"safe_price":2417.7,"ft_order_side":"sell","order_filled_timestamp":1749156300000,"ft_is_entry":false,"ft_order_tag":"exit_signal","cost":62.891630099999986}],"funding_fees":0.0},{"pair":"ETH/USDT:USDT","stake_amount":65.7315,"max_stake_amount":65.7315,"amount":0.027,"open_date":"2025-06-06 03:00:00+00:00","close_date":"2025-06-07 08:45:00+00:00","open_rate":2434.5,"close_rate":2485.35,"fee_open":0.0005,"fee_close":0.0005,"trade_duration":1785,"profit_ratio":0.019668409103451287,"profit_abs":1.29348045,"exit_reason":"exit_signal","initial_stop_loss_abs":2191.05,"initial_stop_loss_ratio":-0.1,"stop_loss_abs":2191.05,"stop_loss_ratio":-0.1,"min_rate":2427.12,"max_rate":2529.67,"is_open":false,"enter_tag":"","leverage":1.0,"is_short":false,"open_timestamp":1749178800000,"close_timestamp":1749285900000,"orders":[{"amount":0.027,"safe_price":2434.5,"ft_order_side":"buy","order_filled_timestamp":1749178800000,"ft_is_entry":true,"ft_order_tag":"","cost":65.76436575},{"amount":0.027,"safe_price":2485.35,"ft_order_side":"sell","order_filled_timestamp":1749285900000,"ft_is_entry":false,"ft_order_tag":"exit_signal","cost":67.138002225}],"funding_fees":-0.013051579820708686},{"pair":"ETH/USDT:USDT","stake_amount":64.54838,"max_stake_amount":64.54838,"amount":0.026,"open_date":"2025-06-07 09:00:00+00:00","close_date":"2025-06-07 10:00:00+00:00","open_rate":2482.63,"close_rate":2485.01,"fee_open":0.0005,"fee_close":0.0005,"trade_duration":60,"profit_ratio":-4.1797656494132825e-05,"profit_abs":-0.00269932,"exit_reason":"exit_signal","initial_stop_loss_abs":2234.37,"initial_stop_loss_ratio":-0.1,"stop_loss_abs":2234.37,"stop_loss_ratio":-0.1,"min_rate":2481.91,"max_rate":2489.36,"is_open":false,"enter_tag":"","leverage":1.0,"is_short":false,"open_timestamp":1749286800000,"close_timestamp":1749290400000,"orders":[{"amount":0.026,"safe_price":2482.63,"ft_order_side":"buy","order_filled_timestamp":1749286800000,"ft_is_entry":true,"ft_order_tag":"","cost":64.58065418999999},{"amount":0.026,"safe_price":2485.01,"ft_order_side":"sell","order_filled_timestamp":1749290400000,"ft_is_entry":false,"ft_order_tag":"exit_signal","cost":64.64256513}],"funding_fees":0.0},{"pair":"ETH/USDT:USDT","stake_amount":64.70256,"max_stake_amount":64.70256,"amount":0.026,"open_date":"2025-06-07 10:15:00+00:00","close_date":"2025-06-07 20:00:00+00:00","open_rate":2488.56,"close_rate":2515.78,"fee_open":0.0005,"fee_close":0.0005,"trade_duration":585,"profit_ratio":0.0098593038498098,"profit_abs":0.63824116,"exit_reason":"exit_signal","initial_stop_loss_abs":2239.71,"initial_stop_loss_ratio":-0.1,"stop_loss_abs":2239.71,"stop_loss_ratio":-0.1,"min_rate":2487.11,"max_rate":2524.9,"is_open":false,"enter_tag":"","leverage":1.0,"is_short":false,"open_timestamp":1749291300000,"close_timestamp":1749326400000,"orders":[{"amount":0.026,"safe_price":2488.56,"ft_order_side":"buy","order_filled_timestamp":1749291300000,"ft_is_entry":true,"ft_order_tag":"","cost":64.73491127999999},{"amount":0.026,"safe_price":2515.78,"ft_order_side":"sell","order_filled_timestamp":1749326400000,"ft_is_entry":false,"ft_order_tag":"exit_signal","cost":65.44298513999999}],"funding_fees":-0.004422416538887295},{"pair":"ETH/USDT:USDT","stake_amount":65.6175,"max_stake_amount":65.6175,"amount":0.026,"open_date":"2025-06-07 20:15:00+00:00","close_date":"2025-06-07 21:00:00+00:00","open_rate":2523.75,"close_rate":2520.75,"fee_open":0.0005,"fee_close":0.0005,"trade_duration":45,"profit_ratio":-0.0021870194174829377,"profit_abs":-0.1435785,"exit_reason":"exit_signal","initial_stop_loss_abs":2271.38,"initial_stop_loss_ratio":-0.1,"stop_loss_abs":2271.38,"stop_loss_ratio":-0.1,"min_rate":2517.28,"max_rate":2524.12,"is_open":false,"enter_tag":"","leverage":1.0,"is_short":false,"open_timestamp":1749327300000,"close_timestamp":1749330000000,"orders":[{"amount":0.026,"safe_price":2523.75,"ft_order_side":"buy","order_filled_timestamp":1749327300000,"ft_is_entry":true,"ft_order_tag":"","cost":65.65030875},{"amount":0.026,"safe_price":2520.75,"ft_order_side":"sell","order_filled_timestamp":1749330000000,"ft_is_entry":false,"ft_order_tag":"exit_signal","cost":65.57226975}],"funding_fees":0.0},{"pair":"ETH/USDT:USDT","stake_amount":65.48854,"max_stake_amount":65.48854,"amount":0.026,"open_date":"2025-06-07 21:15:00+00:00","close_date":"2025-06-07 21:30:00+00:00","open_rate":2518.79,"close_rate":2519.35,"fee_open":0.0005,"fee_close":0.0005,"trade_duration":15,"profit_ratio":-0.0007773934923208123,"profit_abs":-0.05093582,"exit_reason":"exit_signal","initial_stop_loss_abs":2266.92,"initial_stop_loss_ratio":-0.1,"stop_loss_abs":2266.92,"stop_loss_ratio":-0.1,"min_rate":2517.22,"max_rate":2522.38,"is_open":false,"enter_tag":"","leverage":1.0,"is_short":false,"open_timestamp":1749330900000,"close_timestamp":1749331800000,"orders":[{"amount":0.026,"safe_price":2518.79,"ft_order_side":"buy","order_filled_timestamp":1749330900000,"ft_is_entry":true,"ft_order_tag":"","cost":65.52128427},{"amount":0.026,"safe_price":2519.35,"ft_order_side":"sell","order_filled_timestamp":1749331800000,"ft_is_entry":false,"ft_order_tag":"exit_signal","cost":65.53585154999999}],"funding_fees":0.0},{"pair":"ETH/USDT:USDT","stake_amount":65.50232,"max_stake_amount":65.50232,"amount":0.026,"open_date":"2025-06-07 22:15:00+00:00","close_date":"2025-06-07 22:30:00+00:00","open_rate":2519.32,"close_rate":2522.73,"fee_open":0.0005,"fee_close":0.0005,"trade_duration":15,"profit_ratio":0.0003526867307974706,"profit_abs":0.02311335,"exit_reason":"exit_signal","initial_stop_loss_abs":2267.39,"initial_stop_loss_ratio":-0.1,"stop_loss_abs":2267.39,"stop_loss_ratio":-0.1,"min_rate":2518.68,"max_rate":2545.0,"is_open":false,"enter_tag":"","leverage":1.0,"is_short":false,"open_timestamp":1749334500000,"close_timestamp":1749335400000,"orders":[{"amount":0.026,"safe_price":2519.32,"ft_order_side":"buy","order_filled_timestamp":1749334500000,"ft_is_entry":true,"ft_order_tag":"","cost":65.53507115999999},{"amount":0.026,"safe_price":2522.73,"ft_order_side":"sell","order_filled_timestamp":1749335400000,"ft_is_entry":false,"ft_order_tag":"exit_signal","cost":65.62377549}],"funding_fees":0.0},{"pair":"ETH/USDT:USDT","stake_amount":65.74308,"max_stake_amount":65.74308,"amount":0.026,"open_date":"2025-06-07 23:15:00+00:00","close_date":"2025-06-08 02:30:00+00:00","open_rate":2528.58,"close_rate":2512.84,"fee_open":0.0005,"fee_close":0.0005,"trade_duration":195,"profit_ratio":-0.007317872850646412,"profit_abs":-0.48134005,"exit_reason":"exit_signal","initial_stop_loss_abs":2275.73,"initial_stop_loss_ratio":-0.1,"stop_loss_abs":2275.73,"stop_loss_ratio":-0.1,"min_rate":2510.02,"max_rate":2528.97,"is_open":false,"enter_tag":"","leverage":1.0,"is_short":false,"open_timestamp":1749338100000,"close_timestamp":1749349800000,"orders":[{"amount":0.026,"safe_price":2528.58,"ft_order_side":"buy","order_filled_timestamp":1749338100000,"ft_is_entry":true,"ft_order_tag":"","cost":65.77595154},{"amount":0.026,"safe_price":2512.84,"ft_order_side":"sell","order_filled_timestamp":1749349800000,"ft_is_entry":false,"ft_order_tag":"exit_signal","cost":65.36650691999999}],"funding_fees":-0.006561588205432},{"pair":"ETH/USDT:USDT","stake_amount":65.35646,"max_stake_amount":65.35646,"amount":0.026,"open_date":"2025-06-08 02:45:00+00:00","close_date":"2025-06-08 03:30:00+00:00","open_rate":2513.71,"close_rate":2509.63,"fee_open":0.0005,"fee_close":0.0005,"trade_duration":45,"profit_ratio":-0.0026209768875860595,"profit_abs":-0.17138342,"exit_reason":"exit_signal","initial_stop_loss_abs":2262.34,"initial_stop_loss_ratio":-0.1,"stop_loss_abs":2262.34,"stop_loss_ratio":-0.1,"min_rate":2507.25,"max_rate":2515.0,"is_open":false,"enter_tag":"","leverage":1.0,"is_short":false,"open_timestamp":1749350700000,"close_timestamp":1749353400000,"orders":[{"amount":0.026,"safe_price":2513.71,"ft_order_side":"buy","order_filled_timestamp":1749350700000,"ft_is_entry":true,"ft_order_tag":"","cost":65.38913823},{"amount":0.026,"safe_price":2509.63,"ft_order_side":"sell","order_filled_timestamp":1749353400000,"ft_is_entry":false,"ft_order_tag":"exit_signal","cost":65.28300519}],"funding_fees":0.0},{"pair":"ETH/USDT:USDT","stake_amount":65.21658,"max_stake_amount":65.21658,"amount":0.026,"open_date":"2025-06-08 04:15:00+00:00","close_date":"2025-06-08 04:30:00+00:00","open_rate":2508.33,"close_rate":2510.66,"fee_open":0.0005,"fee_close":0.0005,"trade_duration":15,"profit_ratio":-7.152380163348695e-05,"profit_abs":-0.00466687,"exit_reason":"exit_signal","initial_stop_loss_abs":2257.5,"initial_stop_loss_ratio":-0.1,"stop_loss_abs":2257.5,"stop_loss_ratio":-0.1,"min_rate":2507.96,"max_rate":2517.55,"is_open":false,"enter_tag":"","leverage":1.0,"is_short":false,"open_timestamp":1749356100000,"close_timestamp":1749357000000,"orders":[{"amount":0.026,"safe_price":2508.33,"ft_order_side":"buy","order_filled_timestamp":1749356100000,"ft_is_entry":true,"ft_order_tag":"","cost":65.24918828999999},{"amount":0.026,"safe_price":2510.66,"ft_order_side":"sell","order_filled_timestamp":1749357000000,"ft_is_entry":false,"ft_order_tag":"exit_signal","cost":65.30979857999999}],"funding_fees":0.0},{"pair":"ETH/USDT:USDT","stake_amount":65.44668,"max_stake_amount":65.44668,"amount":0.026,"open_date":"2025-06-08 04:45:00+00:00","close_date":"2025-06-08 06:15:00+00:00","open_rate":2517.18,"close_rate":2511.88,"fee_open":0.0005,"fee_close":0.0005,"trade_duration":90,"profit_ratio":-0.003102926563716608,"profit_abs":-0.20317778,"exit_reason":"exit_signal","initial_stop_loss_abs":2265.47,"initial_stop_loss_ratio":-0.1,"stop_loss_abs":2265.47,"stop_loss_ratio":-0.1,"min_rate":2507.69,"max_rate":2519.03,"is_open":false,"enter_tag":"","leverage":1.0,"is_short":false,"open_timestamp":1749357900000,"close_timestamp":1749363300000,"orders":[{"amount":0.026,"safe_price":2517.18,"ft_order_side":"buy","order_filled_timestamp":1749357900000,"ft_is_entry":true,"ft_order_tag":"","cost":65.47940333999998},{"amount":0.026,"safe_price":2511.88,"ft_order_side":"sell","order_filled_timestamp":1749363300000,"ft_is_entry":false,"ft_order_tag":"exit_signal","cost":65.34153444}],"funding_fees":0.0},{"pair":"ETH/USDT:USDT","stake_amount":65.34112,"max_stake_amount":65.34112,"amount":0.026,"open_date":"2025-06-08 06:30:00+00:00","close_date":"2025-06-08 06:45:00+00:00","open_rate":2513.12,"close_rate":2515.23,"fee_open":0.0005,"fee_close":0.0005,"trade_duration":15,"profit_ratio":-0.00016074561242330384,"profit_abs":-0.01050855,"exit_reason":"exit_signal","initial_stop_loss_abs":2261.81,"initial_stop_loss_ratio":-0.1,"stop_loss_abs":2261.81,"stop_loss_ratio":-0.1,"min_rate":2511.5,"max_rate":2516.4,"is_open":false,"enter_tag":"","leverage":1.0,"is_short":false,"open_timestamp":1749364200000,"close_timestamp":1749365100000,"orders":[{"amount":0.026,"safe_price":2513.12,"ft_order_side":"buy","order_filled_timestamp":1749364200000,"ft_is_entry":true,"ft_order_tag":"","cost":65.37379055999999},{"amount":0.026,"safe_price":2515.23,"ft_order_side":"sell","order_filled_timestamp":1749365100000,"ft_is_entry":false,"ft_order_tag":"exit_signal","cost":65.42867799}],"funding_fees":0.0},{"pair":"ETH/USDT:USDT","stake_amount":65.34996,"max_stake_amount":65.34996,"amount":0.026,"open_date":"2025-06-08 08:00:00+00:00","close_date":"2025-06-08 08:30:00+00:00","open_rate":2513.46,"close_rate":2514.25,"fee_open":0.0005,"fee_close":0.0005,"trade_duration":30,"profit_ratio":-0.0007806826692685855,"profit_abs":-0.05104309,"exit_reason":"exit_signal","initial_stop_loss_abs":2262.12,"initial_stop_loss_ratio":-0.1,"stop_loss_abs":2262.12,"stop_loss_ratio":-0.1,"min_rate":2513.39,"max_rate":2520.19,"is_open":false,"enter_tag":"","leverage":1.0,"is_short":false,"open_timestamp":1749369600000,"close_timestamp":1749371400000,"orders":[{"amount":0.026,"safe_price":2513.46,"ft_order_side":"buy","order_filled_timestamp":1749369600000,"ft_is_entry":true,"ft_order_tag":"","cost":65.38263497999999},{"amount":0.026,"safe_price":2514.25,"ft_order_side":"sell","order_filled_timestamp":1749371400000,"ft_is_entry":false,"ft_order_tag":"exit_signal","cost":65.40318524999999}],"funding_fees":-0.006222859133084427},{"pair":"SOL/USDT:USDT","stake_amount":65.808,"max_stake_amount":65.808,"amount":0.45,"open_date":"2025-06-05 19:30:00+00:00","close_date":"2025-06-08 18:15:00+00:00","open_rate":146.24,"close_rate":153.83,"fee_open":0.0005,"fee_close":0.0005,"trade_duration":4245,"profit_ratio":0.050976018646402554,"profit_abs":3.35630715,"exit_reason":"exit_signal","initial_stop_loss_abs":131.62,"initial_stop_loss_ratio":-0.1,"stop_loss_abs":131.62,"stop_loss_ratio":-0.1,"min_rate":141.43,"max_rate":154.14,"is_open":false,"enter_tag":"","leverage":1.0,"is_short":false,"open_timestamp":1749151800000,"close_timestamp":1749406500000,"orders":[{"amount":0.45,"safe_price":146.24,"ft_order_side":"buy","order_filled_timestamp":1749151800000,"ft_is_entry":true,"ft_order_tag":"","cost":65.84090400000001},{"amount":0.45,"safe_price":153.83,"ft_order_side":"sell","order_filled_timestamp":1749406500000,"ft_is_entry":false,"ft_order_tag":"exit_signal","cost":69.25811175}],"funding_fees":0.008322899008530737},{"pair":"ETH/USDT:USDT","stake_amount":65.39,"max_stake_amount":65.39,"amount":0.026,"open_date":"2025-06-08 08:45:00+00:00","close_date":"2025-06-08 20:30:00+00:00","open_rate":2515.0,"close_rate":2533.99,"fee_open":0.0005,"fee_close":0.0005,"trade_duration":705,"profit_ratio":0.006496751929892218,"profit_abs":0.42503502,"exit_reason":"exit_signal","initial_stop_loss_abs":2263.5,"initial_stop_loss_ratio":-0.1,"stop_loss_abs":2263.5,"stop_loss_ratio":-0.1,"min_rate":2483.28,"max_rate":2539.68,"is_open":false,"enter_tag":"","leverage":1.0,"is_short":false,"open_timestamp":1749372300000,"close_timestamp":1749414600000,"orders":[{"amount":0.026,"safe_price":2515.0,"ft_order_side":"buy","order_filled_timestamp":1749372300000,"ft_is_entry":true,"ft_order_tag":"","cost":65.42269499999999},{"amount":0.026,"safe_price":2533.99,"ft_order_side":"sell","order_filled_timestamp":1749414600000,"ft_is_entry":false,"ft_order_tag":"exit_signal","cost":65.91668186999999}],"funding_fees":-0.003068107214399838},{"pair":"ETH/USDT:USDT","stake_amount":65.49738,"max_stake_amount":65.49738,"amount":0.026,"open_date":"2025-06-08 22:15:00+00:00","close_date":"2025-06-09 21:30:00+00:00","open_rate":2519.13,"close_rate":2638.76,"fee_open":0.0005,"fee_close":0.0005,"trade_duration":1395,"profit_ratio":0.04631356523588112,"profit_abs":3.03493389,"exit_reason":"exit_signal","initial_stop_loss_abs":2267.22,"initial_stop_loss_ratio":-0.1,"stop_loss_abs":2267.22,"stop_loss_ratio":-0.1,"min_rate":2475.83,"max_rate":2639.88,"is_open":false,"enter_tag":"","leverage":1.0,"is_short":false,"open_timestamp":1749420900000,"close_timestamp":1749504600000,"orders":[{"amount":0.026,"safe_price":2519.13,"ft_order_side":"buy","order_filled_timestamp":1749420900000,"ft_is_entry":true,"ft_order_tag":"","cost":65.53012869},{"amount":0.026,"safe_price":2638.76,"ft_order_side":"sell","order_filled_timestamp":1749504600000,"ft_is_entry":false,"ft_order_tag":"exit_signal","cost":68.64206388}],"funding_fees":-0.008393543190248803},{"pair":"SOL/USDT:USDT","stake_amount":65.5875,"max_stake_amount":65.5875,"amount":0.45,"open_date":"2025-06-13 00:30:00+00:00","close_date":"2025-06-13 02:45:00+00:00","open_rate":145.75,"close_rate":141.27,"fee_open":0.0005,"fee_close":0.0005,"trade_duration":135,"profit_ratio":-0.03170634236912418,"profit_abs":-2.0805795,"exit_reason":"exit_signal","initial_stop_loss_abs":131.18,"initial_stop_loss_ratio":-0.1,"stop_loss_abs":131.18,"stop_loss_ratio":-0.1,"min_rate":140.73,"max_rate":146.35,"is_open":false,"enter_tag":"","leverage":1.0,"is_short":false,"open_timestamp":1749774600000,"close_timestamp":1749782700000,"orders":[{"amount":0.45,"safe_price":145.75,"ft_order_side":"buy","order_filled_timestamp":1749774600000,"ft_is_entry":true,"ft_order_tag":"","cost":65.62029375},{"amount":0.45,"safe_price":141.27,"ft_order_side":"sell","order_filled_timestamp":1749782700000,"ft_is_entry":false,"ft_order_tag":"exit_signal","cost":63.603285750000005}],"funding_fees":0.0},{"pair":"ETH/USDT:USDT","stake_amount":65.39234,"max_stake_amount":65.39234,"amount":0.026,"open_date":"2025-06-13 05:45:00+00:00","close_date":"2025-06-15 03:45:00+00:00","open_rate":2515.09,"close_rate":2531.61,"fee_open":0.0005,"fee_close":0.0005,"trade_duration":2760,"profit_ratio":0.005463121473426004,"profit_abs":0.35742492,"exit_reason":"exit_signal","initial_stop_loss_abs":2263.59,"initial_stop_loss_ratio":-0.1,"stop_loss_abs":2263.59,"stop_loss_ratio":-0.1,"min_rate":2486.68,"max_rate":2585.0,"is_open":false,"enter_tag":"","leverage":1.0,"is_short":false,"open_timestamp":1749793500000,"close_timestamp":1749959100000,"orders":[{"amount":0.026,"safe_price":2515.09,"ft_order_side":"buy","order_filled_timestamp":1749793500000,"ft_is_entry":true,"ft_order_tag":"","cost":65.42503617},{"amount":0.026,"safe_price":2531.61,"ft_order_side":"sell","order_filled_timestamp":1749959100000,"ft_is_entry":false,"ft_order_tag":"exit_signal","cost":65.85477093}],"funding_fees":-0.0064879845010954946},{"pair":"SUI/USDT:USDT","stake_amount":66.65775,"max_stake_amount":66.65775,"amount":23.5,"open_date":"2025-06-14 17:00:00+00:00","close_date":"2025-06-15 04:45:00+00:00","open_rate":2.8365,"close_rate":3.0084,"fee_open":0.0005,"fee_close":0.0005,"trade_duration":705,"profit_ratio":0.05954536659158222,"profit_abs":3.97114474,"exit_reason":"exit_signal","initial_stop_loss_abs":2.5529,"initial_stop_loss_ratio":-0.1,"stop_loss_abs":2.5529,"stop_loss_ratio":-0.1,"min_rate":2.8034,"max_rate":3.0124,"is_open":false,"enter_tag":"","leverage":1.0,"is_short":false,"open_timestamp":1749920400000,"close_timestamp":1749962700000,"orders":[{"amount":23.5,"safe_price":2.8365,"ft_order_side":"buy","order_filled_timestamp":1749920400000,"ft_is_entry":true,"ft_order_tag":"","cost":66.691078875},{"amount":23.5,"safe_price":3.0084,"ft_order_side":"sell","order_filled_timestamp":1749962700000,"ft_is_entry":false,"ft_order_tag":"exit_signal","cost":70.7327487}],"funding_fees":0.00017231497199999998},{"pair":"SOL/USDT:USDT","stake_amount":66.0882,"max_stake_amount":66.0882,"amount":0.46,"open_date":"2025-06-13 05:45:00+00:00","close_date":"2025-06-16 01:45:00+00:00","open_rate":143.67,"close_rate":153.98,"fee_open":0.0005,"fee_close":0.0005,"trade_duration":4080,"profit_ratio":0.07042934783497215,"profit_abs":4.6568761,"exit_reason":"exit_signal","initial_stop_loss_abs":129.31,"initial_stop_loss_ratio":-0.1,"stop_loss_abs":129.31,"stop_loss_ratio":-0.1,"min_rate":141.87,"max_rate":156.72,"is_open":false,"enter_tag":"","leverage":1.0,"is_short":false,"open_timestamp":1749793500000,"close_timestamp":1750038300000,"orders":[{"amount":0.46,"safe_price":143.67,"ft_order_side":"buy","order_filled_timestamp":1749793500000,"ft_is_entry":true,"ft_order_tag":"","cost":66.1212441},{"amount":0.46,"safe_price":153.98,"ft_order_side":"sell","order_filled_timestamp":1750038300000,"ft_is_entry":false,"ft_order_tag":"exit_signal","cost":70.86621539999999}],"funding_fees":-0.017264404869505222},{"pair":"ETH/USDT:USDT","stake_amount":65.71474,"max_stake_amount":65.71474,"amount":0.026,"open_date":"2025-06-15 07:30:00+00:00","close_date":"2025-06-16 14:00:00+00:00","open_rate":2527.49,"close_rate":2638.33,"fee_open":0.0005,"fee_close":0.0005,"trade_duration":1830,"profit_ratio":0.042513780606611394,"profit_abs":2.79517893,"exit_reason":"exit_signal","initial_stop_loss_abs":2274.75,"initial_stop_loss_ratio":-0.1,"stop_loss_abs":2274.75,"stop_loss_ratio":-0.1,"min_rate":2490.38,"max_rate":2644.7,"is_open":false,"enter_tag":"","leverage":1.0,"is_short":false,"open_timestamp":1749972600000,"close_timestamp":1750082400000,"orders":[{"amount":0.026,"safe_price":2527.49,"ft_order_side":"buy","order_filled_timestamp":1749972600000,"ft_is_entry":true,"ft_order_tag":"","cost":65.74759737},{"amount":0.026,"safe_price":2638.33,"ft_order_side":"sell","order_filled_timestamp":1750082400000,"ft_is_entry":false,"ft_order_tag":"exit_signal","cost":68.63087828999998}],"funding_fees":-0.01950540523495406},{"pair":"SOL/USDT:USDT","stake_amount":66.3525,"max_stake_amount":66.3525,"amount":0.45,"open_date":"2025-06-17 15:30:00+00:00","close_date":"2025-06-18 07:30:00+00:00","open_rate":147.45,"close_rate":147.25,"fee_open":0.0005,"fee_close":0.0005,"trade_duration":960,"profit_ratio":-0.0024077659373094055,"profit_abs":-0.15984117,"exit_reason":"force_exit","initial_stop_loss_abs":132.71,"initial_stop_loss_ratio":-0.1,"stop_loss_abs":132.71,"stop_loss_ratio":-0.1,"min_rate":145.55,"max_rate":150.35,"is_open":false,"enter_tag":"","leverage":1.0,"is_short":false,"open_timestamp":1750174200000,"close_timestamp":1750231800000,"orders":[{"amount":0.45,"safe_price":147.45,"ft_order_side":"buy","order_filled_timestamp":1750174200000,"ft_is_entry":true,"ft_order_tag":"","cost":66.38567624999999},{"amount":0.45,"safe_price":147.25,"ft_order_side":"sell","order_filled_timestamp":1750231800000,"ft_is_entry":false,"ft_order_tag":"force_exit","cost":66.29563125}],"funding_fees":-0.00353367495},{"pair":"ETH/USDT:USDT","stake_amount":65.52494,"max_stake_amount":65.52494,"amount":0.026,"open_date":"2025-06-17 15:15:00+00:00","close_date":"2025-06-18 07:30:00+00:00","open_rate":2520.19,"close_rate":2524.21,"fee_open":0.0005,"fee_close":0.0005,"trade_duration":975,"profit_ratio":0.000538963976295065,"profit_abs":0.03533324,"exit_reason":"force_exit","initial_stop_loss_abs":2268.18,"initial_stop_loss_ratio":-0.1,"stop_loss_abs":2268.18,"stop_loss_ratio":-0.1,"min_rate":2451.97,"max_rate":2545.1,"is_open":false,"enter_tag":"","leverage":1.0,"is_short":false,"open_timestamp":1750173300000,"close_timestamp":1750231800000,"orders":[{"amount":0.026,"safe_price":2520.19,"ft_order_side":"buy","order_filled_timestamp":1750173300000,"ft_is_entry":true,"ft_order_tag":"","cost":65.55770247},{"amount":0.026,"safe_price":2524.21,"ft_order_side":"sell","order_filled_timestamp":1750231800000,"ft_is_entry":false,"ft_order_tag":"force_exit","cost":65.66227473}],"funding_fees":-0.003609558608925833},{"pair":"SUI/USDT:USDT","stake_amount":67.20135,"max_stake_amount":67.20135,"amount":23.7,"open_date":"2025-06-17 15:30:00+00:00","close_date":"2025-06-18 07:30:00+00:00","open_rate":2.8355,"close_rate":2.8614,"fee_open":0.0005,"fee_close":0.0005,"trade_duration":960,"profit_ratio":0.008024767990208688,"profit_abs":0.53954488,"exit_reason":"force_exit","initial_stop_loss_abs":2.552,"initial_stop_loss_ratio":-0.1,"stop_loss_abs":2.552,"stop_loss_ratio":-0.1,"min_rate":2.8001,"max_rate":2.9175,"is_open":false,"enter_tag":"","leverage":1.0,"is_short":false,"open_timestamp":1750174200000,"close_timestamp":1750231800000,"orders":[{"amount":23.7,"safe_price":2.8355,"ft_order_side":"buy","order_filled_timestamp":1750174200000,"ft_is_entry":true,"ft_order_tag":"","cost":67.23495067500001},{"amount":23.7,"safe_price":2.8614,"ft_order_side":"sell","order_filled_timestamp":1750231800000,"ft_is_entry":false,"ft_order_tag":"force_exit","cost":67.84908759}],"funding_fees":-0.0067768527972}],"locks":[],"best_pair":{"key":"ETH/USDT:USDT","trades":29,"profit_mean":0.0065510661957967455,"profit_mean_pct":0.66,"profit_sum":0.18998091967810563,"profit_sum_pct":19.0,"profit_total_abs":12.480674490000002,"profit_total":0.012480674490000001,"profit_total_pct":1.25,"duration_avg":"14:44:00","wins":13,"draws":0,"losses":16,"winrate":0.4482758620689655,"cagr":0.1470454758737234,"expectancy":0.4303680858620689,"expectancy_ratio":0.8170140527717333,"sortino":8.689293985647549,"sharpe":4.436329919806498,"calmar":211.23661317116188,"sqn":1.3982,"profit_factor":2.4808379706487673,"max_drawdown_account":0.0034205926099999716,"max_drawdown_abs":3.42059261},"worst_pair":{"key":"SUI/USDT:USDT","trades":2,"profit_mean":0.033785067290895456,"profit_mean_pct":3.38,"profit_sum":0.06757013458179091,"profit_sum_pct":6.76,"profit_total_abs":4.51068962,"profit_total":0.00451068962,"profit_total_pct":0.45,"duration_avg":"13:52:00","wins":2,"draws":0,"losses":0,"winrate":1.0,"cagr":0.05103855659921286,"expectancy":2.25534481,"expectancy_ratio":100.0,"sortino":-100,"sharpe":1.5219794583772424,"calmar":-100,"sqn":1.3145,"profit_factor":0.0,"max_drawdown_account":0.0,"max_drawdown_abs":0.0},"results_per_pair":[{"key":"ETH/USDT:USDT","trades":29,"profit_mean":0.0065510661957967455,"profit_mean_pct":0.66,"profit_sum":0.18998091967810563,"profit_sum_pct":19.0,"profit_total_abs":12.480674490000002,"profit_total":0.012480674490000001,"profit_total_pct":1.25,"duration_avg":"14:44:00","wins":13,"draws":0,"losses":16,"winrate":0.4482758620689655,"cagr":0.1470454758737234,"expectancy":0.4303680858620689,"expectancy_ratio":0.8170140527717333,"sortino":8.689293985647549,"sharpe":4.436329919806498,"calmar":211.23661317116188,"sqn":1.3982,"profit_factor":2.4808379706487673,"max_drawdown_account":0.0034205926099999716,"max_drawdown_abs":3.42059261},{"key":"SOL/USDT:USDT","trades":4,"profit_mean":0.021822814543735282,"profit_mean_pct":2.18,"profit_sum":0.08729125817494113,"profit_sum_pct":8.73,"profit_total_abs":5.77276258,"profit_total":0.00577276258,"profit_total_pct":0.58,"duration_avg":"1 day, 15:15:00","wins":2,"draws":0,"losses":2,"winrate":0.5,"cagr":0.06573708974180814,"expectancy":1.4431906450000003,"expectancy_ratio":1.2883211303348672,"sortino":3.479989881583697,"sharpe":1.2417624958654485,"calmar":161.17105868463116,"sqn":0.9288,"profit_factor":3.576642260669735,"max_drawdown_account":0.0020736197950554725,"max_drawdown_abs":2.0805795},{"key":"SUI/USDT:USDT","trades":2,"profit_mean":0.033785067290895456,"profit_mean_pct":3.38,"profit_sum":0.06757013458179091,"profit_sum_pct":6.76,"profit_total_abs":4.51068962,"profit_total":0.00451068962,"profit_total_pct":0.45,"duration_avg":"13:52:00","wins":2,"draws":0,"losses":0,"winrate":1.0,"cagr":0.05103855659921286,"expectancy":2.25534481,"expectancy_ratio":100.0,"sortino":-100,"sharpe":1.5219794583772424,"calmar":-100,"sqn":1.3145,"profit_factor":0.0,"max_drawdown_account":0.0,"max_drawdown_abs":0.0},{"key":"TOTAL","trades":35,"profit_mean":0.009852637498138217,"profit_mean_pct":0.99,"profit_sum":0.3448423124348376,"profit_sum_pct":34.48,"profit_total_abs":22.764126690000005,"profit_total":0.022764126690000004,"profit_total_pct":2.28,"duration_avg":"17:29:00","wins":17,"draws":0,"losses":18,"winrate":0.4857142857142857,"cagr":0.2826932477743882,"expectancy":0.6504036197142857,"expectancy_ratio":1.097363705774693,"sortino":15.198586050636349,"sharpe":7.092081109035477,"calmar":385.2850282769335,"sqn":2.0409,"profit_factor":3.1337627612285694,"max_drawdown_account":0.0034205926099999716,"max_drawdown_abs":3.42059261}],"results_per_enter_tag":[{"key":"","trades":35,"profit_mean":0.009852637498138217,"profit_mean_pct":0.99,"profit_sum":0.3448423124348376,"profit_sum_pct":34.48,"profit_total_abs":22.764126690000005,"profit_total":0.022764126690000004,"profit_total_pct":2.28,"duration_avg":"17:29:00","wins":17,"draws":0,"losses":18,"winrate":0.4857142857142857,"cagr":0.2826932477743882,"expectancy":0.6504036197142857,"expectancy_ratio":1.097363705774693,"sortino":15.198586050636349,"sharpe":7.092081109035477,"calmar":385.2850282769335,"sqn":2.0409,"profit_factor":3.1337627612285694,"max_drawdown_account":0.0034205926099999716,"max_drawdown_abs":3.42059261},{"key":"TOTAL","trades":35,"profit_mean":0.009852637498138217,"profit_mean_pct":0.99,"profit_sum":0.3448423124348376,"profit_sum_pct":34.48,"profit_total_abs":22.764126690000005,"profit_total":0.022764126690000004,"profit_total_pct":2.28,"duration_avg":"17:29:00","wins":17,"draws":0,"losses":18,"winrate":0.4857142857142857,"cagr":0.2826932477743882,"expectancy":0.6504036197142857,"expectancy_ratio":1.097363705774693,"sortino":15.198586050636349,"sharpe":7.092081109035477,"calmar":385.2850282769335,"sqn":2.0409,"profit_factor":3.1337627612285694,"max_drawdown_account":0.0034205926099999716,"max_drawdown_abs":3.42059261}],"exit_reason_summary":[{"key":"exit_signal","trades":32,"profit_mean":0.010583948325176352,"profit_mean_pct":1.06,"profit_sum":0.33868634640564327,"profit_sum_pct":33.87,"profit_total_abs":22.349089740000004,"profit_total":0.022349089740000005,"profit_total_pct":2.23,"duration_avg":"17:37:00","wins":15,"draws":0,"losses":17,"winrate":0.46875,"cagr":0.2769477631257715,"expectancy":0.698409054375,"expectancy_ratio":1.1298218411990937,"sortino":14.60853792619241,"sharpe":6.688776408131275,"calmar":378.26048807847434,"sqn":2.0102,"profit_factor":3.1267234657865295,"max_drawdown_account":0.0034205926099999716,"max_drawdown_abs":3.42059261},{"key":"force_exit","trades":3,"profit_mean":0.0020519886763981157,"profit_mean_pct":0.21,"profit_sum":0.006155966029194347,"profit_sum_pct":0.62,"profit_total_abs":0.41503695,"profit_total":0.00041503695000000003,"profit_total_pct":0.04,"duration_avg":"16:05:00","wins":2,"draws":0,"losses":1,"winrate":0.6666666666666666,"cagr":0.004600156223536267,"expectancy":0.13834565,"expectancy_ratio":0.8655195028915266,"sortino":-100,"sharpe":0.815429132730044,"calmar":150.3247898616463,"sqn":0.664,"profit_factor":3.59655850867458,"max_drawdown_account":0.0001598411700000497,"max_drawdown_abs":0.15984117},{"key":"TOTAL","trades":35,"profit_mean":0.009852637498138217,"profit_mean_pct":0.99,"profit_sum":0.3448423124348376,"profit_sum_pct":34.48,"profit_total_abs":22.764126690000005,"profit_total":0.022764126690000004,"profit_total_pct":2.28,"duration_avg":"17:29:00","wins":17,"draws":0,"losses":18,"winrate":0.4857142857142857,"cagr":0.2826932477743882,"expectancy":0.6504036197142857,"expectancy_ratio":1.097363705774693,"sortino":15.198586050636349,"sharpe":7.092081109035477,"calmar":385.2850282769335,"sqn":2.0409,"profit_factor":3.1337627612285694,"max_drawdown_account":0.0034205926099999716,"max_drawdown_abs":3.42059261}],"mix_tag_stats":[{"key":["","exit_signal"],"trades":32,"profit_mean":0.010583948325176352,"profit_mean_pct":1.06,"profit_sum":0.33868634640564327,"profit_sum_pct":33.87,"profit_total_abs":22.349089740000004,"profit_total":0.022349089740000005,"profit_total_pct":2.23,"duration_avg":"17:37:00","wins":15,"draws":0,"losses":17,"winrate":0.46875,"cagr":0.2769477631257715,"expectancy":0.698409054375,"expectancy_ratio":1.1298218411990937,"sortino":14.60853792619241,"sharpe":6.688776408131275,"calmar":378.26048807847434,"sqn":2.0102,"profit_factor":3.1267234657865295,"max_drawdown_account":0.0034205926099999716,"max_drawdown_abs":3.42059261},{"key":["","force_exit"],"trades":3,"profit_mean":0.0020519886763981157,"profit_mean_pct":0.21,"profit_sum":0.006155966029194347,"profit_sum_pct":0.62,"profit_total_abs":0.41503695,"profit_total":0.00041503695000000003,"profit_total_pct":0.04,"duration_avg":"16:05:00","wins":2,"draws":0,"losses":1,"winrate":0.6666666666666666,"cagr":0.004600156223536267,"expectancy":0.13834565,"expectancy_ratio":0.8655195028915266,"sortino":-100,"sharpe":0.815429132730044,"calmar":150.3247898616463,"sqn":0.664,"profit_factor":3.59655850867458,"max_drawdown_account":0.0001598411700000497,"max_drawdown_abs":0.15984117},{"key":"TOTAL","trades":35,"profit_mean":0.009852637498138217,"profit_mean_pct":0.99,"profit_sum":0.3448423124348376,"profit_sum_pct":34.48,"profit_total_abs":22.764126690000005,"profit_total":0.022764126690000004,"profit_total_pct":2.28,"duration_avg":"17:29:00","wins":17,"draws":0,"losses":18,"winrate":0.4857142857142857,"cagr":0.2826932477743882,"expectancy":0.6504036197142857,"expectancy_ratio":1.097363705774693,"sortino":15.198586050636349,"sharpe":7.092081109035477,"calmar":385.2850282769335,"sqn":2.0409,"profit_factor":3.1337627612285694,"max_drawdown_account":0.0034205926099999716,"max_drawdown_abs":3.42059261}],"left_open_trades":[{"key":"SUI/USDT:USDT","trades":1,"profit_mean":0.008024767990208688,"profit_mean_pct":0.8,"profit_sum":0.008024767990208688,"profit_sum_pct":0.8,"profit_total_abs":0.53954488,"profit_total":0.00053954488,"profit_total_pct":0.05,"duration_avg":"16:00:00","wins":1,"draws":0,"losses":0,"winrate":1.0,"cagr":0.005983916554476387,"expectancy":0.53954488,"expectancy_ratio":100.0,"sortino":-100,"sharpe":-100,"calmar":-100,"sqn":-100.0,"profit_factor":0.0,"max_drawdown_account":0.0,"max_drawdown_abs":0.0},{"key":"ETH/USDT:USDT","trades":1,"profit_mean":0.000538963976295065,"profit_mean_pct":0.05,"profit_sum":0.000538963976295065,"profit_sum_pct":0.05,"profit_total_abs":0.03533324,"profit_total":3.533324e-05,"profit_total_pct":0.0,"duration_avg":"16:15:00","wins":1,"draws":0,"losses":0,"winrate":1.0,"cagr":0.00039087651673330726,"expectancy":0.03533324,"expectancy_ratio":100.0,"sortino":-100,"sharpe":-100,"calmar":-100,"sqn":-100.0,"profit_factor":0.0,"max_drawdown_account":0.0,"max_drawdown_abs":0.0},{"key":"SOL/USDT:USDT","trades":1,"profit_mean":-0.0024077659373094055,"profit_mean_pct":-0.24,"profit_sum":-0.0024077659373094055,"profit_sum_pct":-0.24,"profit_total_abs":-0.15984117,"profit_total":-0.00015984117,"profit_total_pct":-0.02,"duration_avg":"16:00:00","wins":0,"draws":0,"losses":1,"winrate":0.0,"cagr":-0.0017665193881705177,"expectancy":-0.15984117,"expectancy_ratio":-1.0,"sortino":-100,"sharpe":-100,"calmar":-57.89385810465714,"sqn":-100.0,"profit_factor":0.0,"max_drawdown_account":0.0001598411700000497,"max_drawdown_abs":0.15984117},{"key":"TOTAL","trades":3,"profit_mean":0.0020519886763981157,"profit_mean_pct":0.21,"profit_sum":0.006155966029194347,"profit_sum_pct":0.62,"profit_total_abs":0.41503695,"profit_total":0.00041503695000000003,"profit_total_pct":0.04,"duration_avg":"16:05:00","wins":2,"draws":0,"losses":1,"winrate":0.6666666666666666,"cagr":0.004600156223536267,"expectancy":0.13834565,"expectancy_ratio":0.8655195028915266,"sortino":-100,"sharpe":0.815429132730044,"calmar":150.3247898616463,"sqn":0.664,"profit_factor":3.59655850867458,"max_drawdown_account":0.0001598411700000497,"max_drawdown_abs":0.15984117}],"total_trades":35,"trade_count_long":35,"trade_count_short":0,"total_volume":4619.701696499999,"avg_stake_amount":65.60176085714284,"profit_mean":0.009852637498138217,"profit_median":-4.1797656494132825e-05,"profit_total":0.022764126690000004,"profit_total_long":0.022764126690000004,"profit_total_short":0.0,"profit_total_abs":22.764126690000005,"profit_total_long_abs":22.764126690000005,"profit_total_short_abs":0.0,"cagr":0.2826932477743882,"expectancy":0.6504036197142857,"expectancy_ratio":1.097363705774693,"sortino":15.198586050636349,"sharpe":7.092081109035477,"calmar":385.2850282769335,"sqn":2.0409,"profit_factor":3.1337627612285694,"backtest_start":"2025-05-16 00:00:00","backtest_start_ts":1747353600000,"backtest_end":"2025-06-18 07:30:00","backtest_end_ts":1750231800000,"backtest_days":33,"backtest_run_start_ts":1750233719,"backtest_run_end_ts":1750233719,"trades_per_day":1.06,"market_change":-0.13696575106928824,"pairlist":["SOL/USDT:USDT","ETH/USDT:USDT","SUI/USDT:USDT"],"stake_amount":"unlimited","stake_currency":"USDT","stake_currency_decimals":3,"starting_balance":1000,"dry_run_wallet":1000,"final_balance":1022.76412669,"rejected_signals":0,"timedout_entry_orders":0,"timedout_exit_orders":0,"canceled_trade_entries":0,"canceled_entry_orders":0,"replaced_entry_orders":0,"max_open_trades":3,"max_open_trades_setting":15,"timeframe":"15m","timeframe_detail":"","timerange":"","enable_protections":false,"strategy_name":"GridBotSample","stoploss":-0.1,"trailing_stop":false,"trailing_stop_positive":null,"trailing_stop_positive_offset":0.0,"trailing_only_offset_is_reached":false,"use_custom_stoploss":false,"minimal_roi":{},"use_exit_signal":true,"exit_profit_only":false,"exit_profit_offset":0.0,"ignore_roi_if_entry_signal":false,"trading_mode":"futures","margin_mode":"isolated","periodic_breakdown":{"day":[{"date":"18/05/2025","date_ts":1747526400000,"profit_abs":-3.42059261,"wins":0,"draws":0,"losses":2,"trades":2,"profit_factor":0.0},{"date":"19/05/2025","date_ts":1747612800000,"profit_abs":0.0,"wins":0,"draws":0,"losses":0,"trades":0,"profit_factor":0.0},{"date":"20/05/2025","date_ts":1747699200000,"profit_abs":0.0,"wins":0,"draws":0,"losses":0,"trades":0,"profit_factor":0.0},{"date":"21/05/2025","date_ts":1747785600000,"profit_abs":0.0,"wins":0,"draws":0,"losses":0,"trades":0,"profit_factor":0.0},{"date":"22/05/2025","date_ts":1747872000000,"profit_abs":5.37596779,"wins":1,"draws":0,"losses":0,"trades":1,"profit_factor":0.0},{"date":"23/05/2025","date_ts":1747958400000,"profit_abs":0.0,"wins":0,"draws":0,"losses":0,"trades":0,"profit_factor":0.0},{"date":"24/05/2025","date_ts":1748044800000,"profit_abs":0.77910711,"wins":1,"draws":0,"losses":0,"trades":1,"profit_factor":0.0},{"date":"25/05/2025","date_ts":1748131200000,"profit_abs":-0.32631118,"wins":0,"draws":0,"losses":2,"trades":2,"profit_factor":0.0},{"date":"26/05/2025","date_ts":1748217600000,"profit_abs":0.0,"wins":0,"draws":0,"losses":0,"trades":0,"profit_factor":0.0},{"date":"27/05/2025","date_ts":1748304000000,"profit_abs":2.95383574,"wins":1,"draws":0,"losses":0,"trades":1,"profit_factor":0.0},{"date":"28/05/2025","date_ts":1748390400000,"profit_abs":0.0,"wins":0,"draws":0,"losses":0,"trades":0,"profit_factor":0.0},{"date":"29/05/2025","date_ts":1748476800000,"profit_abs":0.0,"wins":0,"draws":0,"losses":0,"trades":0,"profit_factor":0.0},{"date":"30/05/2025","date_ts":1748563200000,"profit_abs":0.0,"wins":0,"draws":0,"losses":0,"trades":0,"profit_factor":0.0},{"date":"31/05/2025","date_ts":1748649600000,"profit_abs":-0.02478643,"wins":1,"draws":0,"losses":1,"trades":2,"profit_factor":0.87746135},{"date":"01/06/2025","date_ts":1748736000000,"profit_abs":-0.42542948,"wins":0,"draws":0,"losses":1,"trades":1,"profit_factor":0.0},{"date":"02/06/2025","date_ts":1748822400000,"profit_abs":0.0,"wins":0,"draws":0,"losses":0,"trades":0,"profit_factor":0.0},{"date":"03/06/2025","date_ts":1748908800000,"profit_abs":3.01965113,"wins":1,"draws":0,"losses":0,"trades":1,"profit_factor":0.0},{"date":"04/06/2025","date_ts":1748995200000,"profit_abs":0.0,"wins":0,"draws":0,"losses":0,"trades":0,"profit_factor":0.0},{"date":"05/06/2025","date_ts":1749081600000,"profit_abs":-2.93417514,"wins":0,"draws":0,"losses":1,"trades":1,"profit_factor":0.0},{"date":"06/06/2025","date_ts":1749168000000,"profit_abs":0.0,"wins":0,"draws":0,"losses":0,"trades":0,"profit_factor":0.0},{"date":"07/06/2025","date_ts":1749254400000,"profit_abs":1.75762132,"wins":3,"draws":0,"losses":3,"trades":6,"profit_factor":9.91227057},{"date":"08/06/2025","date_ts":1749340800000,"profit_abs":2.85922241,"wins":2,"draws":0,"losses":6,"trades":8,"profit_factor":4.10070615},{"date":"09/06/2025","date_ts":1749427200000,"profit_abs":3.03493389,"wins":1,"draws":0,"losses":0,"trades":1,"profit_factor":0.0},{"date":"10/06/2025","date_ts":1749513600000,"profit_abs":0.0,"wins":0,"draws":0,"losses":0,"trades":0,"profit_factor":0.0},{"date":"11/06/2025","date_ts":1749600000000,"profit_abs":0.0,"wins":0,"draws":0,"losses":0,"trades":0,"profit_factor":0.0},{"date":"12/06/2025","date_ts":1749686400000,"profit_abs":0.0,"wins":0,"draws":0,"losses":0,"trades":0,"profit_factor":0.0},{"date":"13/06/2025","date_ts":1749772800000,"profit_abs":-2.0805795,"wins":0,"draws":0,"losses":1,"trades":1,"profit_factor":0.0},{"date":"14/06/2025","date_ts":1749859200000,"profit_abs":0.0,"wins":0,"draws":0,"losses":0,"trades":0,"profit_factor":0.0},{"date":"15/06/2025","date_ts":1749945600000,"profit_abs":4.32856966,"wins":2,"draws":0,"losses":0,"trades":2,"profit_factor":0.0},{"date":"16/06/2025","date_ts":1750032000000,"profit_abs":7.45205503,"wins":2,"draws":0,"losses":0,"trades":2,"profit_factor":0.0},{"date":"17/06/2025","date_ts":1750118400000,"profit_abs":0.0,"wins":0,"draws":0,"losses":0,"trades":0,"profit_factor":0.0},{"date":"18/06/2025","date_ts":1750204800000,"profit_abs":0.41503695,"wins":2,"draws":0,"losses":1,"trades":3,"profit_factor":3.59655851}],"week":[{"date":"19/05/2025","date_ts":1747612800000,"profit_abs":-3.42059261,"wins":0,"draws":0,"losses":2,"trades":2,"profit_factor":0.0},{"date":"26/05/2025","date_ts":1748217600000,"profit_abs":5.82876372,"wins":2,"draws":0,"losses":2,"trades":4,"profit_factor":18.86259276},{"date":"02/06/2025","date_ts":1748822400000,"profit_abs":2.50361983,"wins":2,"draws":0,"losses":2,"trades":4,"profit_factor":4.98853655},{"date":"09/06/2025","date_ts":1749427200000,"profit_abs":7.73725361,"wins":7,"draws":0,"losses":10,"trades":17,"profit_factor":2.9087794},{"date":"16/06/2025","date_ts":1750032000000,"profit_abs":9.70004519,"wins":4,"draws":0,"losses":1,"trades":5,"profit_factor":5.66218435},{"date":"23/06/2025","date_ts":1750636800000,"profit_abs":0.41503695,"wins":2,"draws":0,"losses":1,"trades":3,"profit_factor":3.59655851}],"month":[{"date":"31/05/2025","date_ts":1748649600000,"profit_abs":5.33722042,"wins":4,"draws":0,"losses":5,"trades":9,"profit_factor":2.35147623},{"date":"30/06/2025","date_ts":1751241600000,"profit_abs":17.42690627,"wins":13,"draws":0,"losses":13,"trades":26,"profit_factor":3.59353713}],"year":[{"date":"31/12/2025","date_ts":1767139200000,"profit_abs":22.76412669,"wins":17,"draws":0,"losses":18,"trades":35,"profit_factor":3.13376276}]},"backtest_best_day":0.11294312844158355,"backtest_worst_day":-0.05256081662764457,"backtest_best_day_abs":7.45205503,"backtest_worst_day_abs":-3.42059261,"winning_days":10,"draw_days":16,"losing_days":6,"daily_profit":[["2025-05-18",-3.42059261],["2025-05-19",0.0],["2025-05-20",0.0],["2025-05-21",0.0],["2025-05-22",5.37596779],["2025-05-23",0.0],["2025-05-24",0.77910711],["2025-05-25",-0.32631118],["2025-05-26",0.0],["2025-05-27",2.95383574],["2025-05-28",0.0],["2025-05-29",0.0],["2025-05-30",0.0],["2025-05-31",-0.02478643],["2025-06-01",-0.42542948],["2025-06-02",0.0],["2025-06-03",3.01965113],["2025-06-04",0.0],["2025-06-05",-2.93417514],["2025-06-06",0.0],["2025-06-07",1.75762132],["2025-06-08",2.85922241],["2025-06-09",3.03493389],["2025-06-10",0.0],["2025-06-11",0.0],["2025-06-12",0.0],["2025-06-13",-2.0805795],["2025-06-14",0.0],["2025-06-15",4.32856966],["2025-06-16",7.45205503],["2025-06-17",0.0],["2025-06-18",0.41503695]],"wins":17,"losses":18,"draws":0,"winrate":0.4857142857142857,"holding_avg":"17:29:00","holding_avg_s":62940.0,"winner_holding_min":"0d 00:15","winner_holding_min_s":900.0,"winner_holding_max":"2d 22:45","winner_holding_max_s":254700.0,"winner_holding_avg":"1d 05:26","winner_holding_avg_s":105960.0,"loser_holding_min":"0d 00:15","loser_holding_min_s":900.0,"loser_holding_max":"1d 04:15","loser_holding_max_s":101700.0,"loser_holding_avg":"0d 06:12","loser_holding_avg_s":22320.0,"max_consecutive_wins":4,"max_consecutive_losses":6,"max_drawdown_account":0.0034205926099999716,"max_relative_drawdown":0.0034205926099999716,"max_drawdown_abs":3.42059261,"drawdown_start":"2025-05-18 04:30:00","drawdown_start_ts":1747542600000.0,"drawdown_end":"2025-05-18 20:00:00","drawdown_end_ts":1747598400000.0,"max_drawdown_low":-3.42059261,"max_drawdown_high":-1.26900601,"csum_min":996.57940739,"csum_max":1022.76412669}},"strategy_comparison":[{"key":"GridBotSample","trades":35,"profit_mean":0.009852637498138217,"profit_mean_pct":0.99,"profit_sum":0.3448423124348376,"profit_sum_pct":34.48,"profit_total_abs":22.764126690000005,"profit_total":0.022764126690000004,"profit_total_pct":2.28,"duration_avg":"17:29:00","wins":17,"draws":0,"losses":18,"winrate":0.4857142857142857,"cagr":0.2826932477743882,"expectancy":0.6504036197142857,"expectancy_ratio":1.097363705774693,"sortino":15.198586050636349,"sharpe":7.092081109035477,"calmar":385.2850282769335,"sqn":2.0409,"profit_factor":3.1337627612285694,"max_drawdown_account":0.0034205926099999716,"max_drawdown_abs":"3.421"}]}