{"strategy":{"SimpleGrid":{"trades":[{"pair":"ETH/USDT:USDT","stake_amount":329.02968,"max_stake_amount":329.02968,"amount":0.139,"open_date":"2025-05-18 20:15:00+00:00","close_date":"2025-05-18 23:00:00+00:00","open_rate":2367.12,"close_rate":2453.61,"fee_open":0.0005,"fee_close":0.0005,"trade_duration":165,"profit_ratio":0.035502051503916485,"profit_abs":11.68706926,"exit_reason":"exit_signal","initial_stop_loss_abs":2130.41,"initial_stop_loss_ratio":-0.1,"stop_loss_abs":2130.41,"stop_loss_ratio":-0.1,"min_rate":2364.22,"max_rate":2455.6,"is_open":false,"enter_tag":"","leverage":1.0,"is_short":false,"open_timestamp":1747599300000,"close_timestamp":1747609200000,"orders":[{"amount":0.139,"safe_price":2367.12,"ft_order_side":"buy","order_filled_timestamp":1747599300000,"ft_is_entry":true,"ft_order_tag":"","cost":329.19419484},{"amount":0.139,"safe_price":2453.61,"ft_order_side":"sell","order_filled_timestamp":1747609200000,"ft_is_entry":false,"ft_order_tag":"exit_signal","cost":341.222315895}],"funding_fees":0.0},{"pair":"ETH/USDT:USDT","stake_amount":333.3498,"max_stake_amount":333.3498,"amount":0.139,"open_date":"2025-05-19 02:15:00+00:00","close_date":"2025-05-19 14:30:00+00:00","open_rate":2398.2,"close_rate":2433.2,"fee_open":0.0005,"fee_close":0.0005,"trade_duration":735,"profit_ratio":0.013514794258219116,"profit_abs":4.50740654,"exit_reason":"exit_signal","initial_stop_loss_abs":2158.38,"initial_stop_loss_ratio":-0.1,"stop_loss_abs":2158.38,"stop_loss_ratio":-0.1,"min_rate":2346.99,"max_rate":2448.47,"is_open":false,"enter_tag":"","leverage":1.0,"is_short":false,"open_timestamp":1747620900000,"close_timestamp":1747665000000,"orders":[{"amount":0.139,"safe_price":2398.2,"ft_order_side":"buy","order_filled_timestamp":1747620900000,"ft_is_entry":true,"ft_order_tag":"","cost":333.5164749},{"amount":0.139,"safe_price":2433.2,"ft_order_side":"sell","order_filled_timestamp":1747665000000,"ft_is_entry":false,"ft_order_tag":"exit_signal","cost":338.3839074}],"funding_fees":-0.02181116210188419},{"pair":"ETH/USDT:USDT","stake_amount":333.25667,"max_stake_amount":333.25667,"amount":0.139,"open_date":"2025-06-05 21:00:00+00:00","close_date":"2025-06-05 21:45:00+00:00","open_rate":2397.53,"close_rate":2440.47,"fee_open":0.0005,"fee_close":0.0005,"trade_duration":45,"profit_ratio":0.016892697745257576,"profit_abs":5.632419,"exit_reason":"exit_signal","initial_stop_loss_abs":2157.78,"initial_stop_loss_ratio":-0.1,"stop_loss_abs":2157.78,"stop_loss_ratio":-0.1,"min_rate":2390.0,"max_rate":2446.9,"is_open":false,"enter_tag":"","leverage":1.0,"is_short":false,"open_timestamp":1749157200000,"close_timestamp":1749159900000,"orders":[{"amount":0.139,"safe_price":2397.53,"ft_order_side":"buy","order_filled_timestamp":1749157200000,"ft_is_entry":true,"ft_order_tag":"","cost":333.423298335},{"amount":0.139,"safe_price":2440.47,"ft_order_side":"sell","order_filled_timestamp":1749159900000,"ft_is_entry":false,"ft_order_tag":"exit_signal","cost":339.394942665}],"funding_fees":0.0},{"pair":"ETH/USDT:USDT","stake_amount":334.83988,"max_stake_amount":334.83988,"amount":0.139,"open_date":"2025-06-06 00:30:00+00:00","close_date":"2025-06-06 03:00:00+00:00","open_rate":2408.92,"close_rate":2434.5,"fee_open":0.0005,"fee_close":0.0005,"trade_duration":150,"profit_ratio":0.009608752736362835,"profit_abs":3.21900231,"exit_reason":"exit_signal","initial_stop_loss_abs":2168.03,"initial_stop_loss_ratio":-0.1,"stop_loss_abs":2168.03,"stop_loss_ratio":-0.1,"min_rate":2402.04,"max_rate":2435.99,"is_open":false,"enter_tag":"","leverage":1.0,"is_short":false,"open_timestamp":1749169800000,"close_timestamp":1749178800000,"orders":[{"amount":0.139,"safe_price":2408.92,"ft_order_side":"buy","order_filled_timestamp":1749169800000,"ft_is_entry":true,"ft_order_tag":"","cost":335.00729994000005},{"amount":0.139,"safe_price":2434.5,"ft_order_side":"sell","order_filled_timestamp":1749178800000,"ft_is_entry":false,"ft_order_tag":"exit_signal","cost":338.56469775}],"funding_fees":0.0},{"pair":"SOL/USDT:USDT","stake_amount":337.6353,"max_stake_amount":337.6353,"amount":2.39,"open_date":"2025-06-13 02:45:00+00:00","close_date":"2025-06-13 03:15:00+00:00","open_rate":141.27,"close_rate":143.12,"fee_open":0.0005,"fee_close":0.0005,"trade_duration":30,"profit_ratio":0.012082901707637013,"profit_abs":4.08165395,"exit_reason":"exit_signal","initial_stop_loss_abs":127.15,"initial_stop_loss_ratio":-0.1,"stop_loss_abs":127.15,"stop_loss_ratio":-0.1,"min_rate":141.09,"max_rate":144.24,"is_open":false,"enter_tag":"","leverage":1.0,"is_short":false,"open_timestamp":1749782700000,"close_timestamp":1749784500000,"orders":[{"amount":2.39,"safe_price":141.27,"ft_order_side":"buy","order_filled_timestamp":1749782700000,"ft_is_entry":true,"ft_order_tag":"","cost":337.80411765},{"amount":2.39,"safe_price":143.12,"ft_order_side":"sell","order_filled_timestamp":1749784500000,"ft_is_entry":false,"ft_order_tag":"exit_signal","cost":342.22782839999996}],"funding_fees":0.0},{"pair":"ETH/USDT:USDT","stake_amount":337.2754,"max_stake_amount":337.2754,"amount":0.14,"open_date":"2025-06-20 17:45:00+00:00","close_date":"2025-06-21 09:00:00+00:00","open_rate":2409.11,"close_rate":2440.39,"fee_open":0.0005,"fee_close":0.0005,"trade_duration":915,"profit_ratio":0.012035246903993525,"profit_abs":4.06122231,"exit_reason":"exit_signal","initial_stop_loss_abs":2168.2,"initial_stop_loss_ratio":-0.1,"stop_loss_abs":2168.2,"stop_loss_ratio":-0.1,"min_rate":2380.0,"max_rate":2444.95,"is_open":false,"enter_tag":"","leverage":1.0,"is_short":false,"open_timestamp":1750441500000,"close_timestamp":1750496400000,"orders":[{"amount":0.14,"safe_price":2409.11,"ft_order_side":"buy","order_filled_timestamp":1750441500000,"ft_is_entry":true,"ft_order_tag":"","cost":337.4440377},{"amount":0.14,"safe_price":2440.39,"ft_order_side":"sell","order_filled_timestamp":1750496400000,"ft_is_entry":false,"ft_order_tag":"exit_signal","cost":341.8254273}],"funding_fees":0.021487307908010393},{"pair":"SOL/USDT:USDT","stake_amount":338.3976,"max_stake_amount":338.3976,"amount":2.46,"open_date":"2025-06-20 17:30:00+00:00","close_date":"2025-06-21 21:45:00+00:00","open_rate":137.56,"close_rate":133.85,"fee_open":0.0005,"fee_close":0.0005,"trade_duration":1695,"profit_ratio":-0.027840614358551213,"profit_abs":-9.42590768,"exit_reason":"exit_signal","initial_stop_loss_abs":123.81,"initial_stop_loss_ratio":-0.1,"stop_loss_abs":123.81,"stop_loss_ratio":-0.1,"min_rate":130.46,"max_rate":142.53,"is_open":false,"enter_tag":"","leverage":1.0,"is_short":false,"open_timestamp":1750440600000,"close_timestamp":1750542300000,"orders":[{"amount":2.46,"safe_price":137.56,"ft_order_side":"buy","order_filled_timestamp":1750440600000,"ft_is_entry":true,"ft_order_tag":"","cost":338.5667988},{"amount":2.46,"safe_price":133.85,"ft_order_side":"sell","order_filled_timestamp":1750542300000,"ft_is_entry":false,"ft_order_tag":"exit_signal","cost":329.43563549999993}],"funding_fees":0.034526620290000004},{"pair":"ETH/USDT:USDT","stake_amount":338.97105,"max_stake_amount":338.97105,"amount":0.141,"open_date":"2025-06-21 17:45:00+00:00","close_date":"2025-06-21 22:00:00+00:00","open_rate":2404.05,"close_rate":2280.35,"fee_open":0.0005,"fee_close":0.0005,"trade_duration":255,"profit_ratio":-0.052402907757660024,"profit_abs":-17.7719502,"exit_reason":"exit_signal","initial_stop_loss_abs":2163.65,"initial_stop_loss_ratio":-0.1,"stop_loss_abs":2163.65,"stop_loss_ratio":-0.1,"min_rate":2230.0,"max_rate":2410.9,"is_open":false,"enter_tag":"","leverage":1.0,"is_short":false,"open_timestamp":1750527900000,"close_timestamp":1750543200000,"orders":[{"amount":0.141,"safe_price":2404.05,"ft_order_side":"buy","order_filled_timestamp":1750527900000,"ft_is_entry":true,"ft_order_tag":"","cost":339.14053552499996},{"amount":0.141,"safe_price":2280.35,"ft_order_side":"sell","order_filled_timestamp":1750543200000,"ft_is_entry":false,"ft_order_tag":"exit_signal","cost":321.69011467499996}],"funding_fees":0.0},{"pair":"SOL/USDT:USDT","stake_amount":331.1324,"max_stake_amount":331.1324,"amount":2.44,"open_date":"2025-06-22 00:30:00+00:00","close_date":"2025-06-22 02:30:00+00:00","open_rate":135.71,"close_rate":134.11,"fee_open":0.0005,"fee_close":0.0005,"trade_duration":120,"profit_ratio":-0.012777562290993623,"profit_abs":-4.2331804,"exit_reason":"exit_signal","initial_stop_loss_abs":122.14,"initial_stop_loss_ratio":-0.1,"stop_loss_abs":122.14,"stop_loss_ratio":-0.1,"min_rate":133.09,"max_rate":137.52,"is_open":false,"enter_tag":"","leverage":1.0,"is_short":false,"open_timestamp":1750552200000,"close_timestamp":1750559400000,"orders":[{"amount":2.44,"safe_price":135.71,"ft_order_side":"buy","order_filled_timestamp":1750552200000,"ft_is_entry":true,"ft_order_tag":"","cost":331.2979662},{"amount":2.44,"safe_price":134.11,"ft_order_side":"sell","order_filled_timestamp":1750559400000,"ft_is_entry":false,"ft_order_tag":"exit_signal","cost":327.3920142}],"funding_fees":0.0},{"pair":"SOL/USDT:USDT","stake_amount":330.1398,"max_stake_amount":330.1398,"amount":2.43,"open_date":"2025-06-22 04:15:00+00:00","close_date":"2025-06-22 07:45:00+00:00","open_rate":135.86,"close_rate":134.83,"fee_open":0.0005,"fee_close":0.0005,"trade_duration":210,"profit_ratio":-0.008573256430815947,"profit_abs":-2.83178835,"exit_reason":"exit_signal","initial_stop_loss_abs":122.28,"initial_stop_loss_ratio":-0.1,"stop_loss_abs":122.28,"stop_loss_ratio":-0.1,"min_rate":134.55,"max_rate":136.44,"is_open":false,"enter_tag":"","leverage":1.0,"is_short":false,"open_timestamp":1750565700000,"close_timestamp":1750578300000,"orders":[{"amount":2.43,"safe_price":135.86,"ft_order_side":"buy","order_filled_timestamp":1750565700000,"ft_is_entry":true,"ft_order_tag":"","cost":330.3048699},{"amount":2.43,"safe_price":134.83,"ft_order_side":"sell","order_filled_timestamp":1750578300000,"ft_is_entry":false,"ft_order_tag":"exit_signal","cost":327.80071845000003}],"funding_fees":0.0},{"pair":"SUI/USDT:USDT","stake_amount":340.81248,"max_stake_amount":340.81248,"amount":130.8,"open_date":"2025-06-21 17:45:00+00:00","close_date":"2025-06-22 13:45:00+00:00","open_rate":2.6056,"close_rate":2.418,"fee_open":0.0005,"fee_close":0.0005,"trade_duration":1200,"profit_ratio":-0.07306279677175624,"profit_abs":-24.91316332,"exit_reason":"exit_signal","initial_stop_loss_abs":2.3451,"initial_stop_loss_ratio":-0.1,"stop_loss_abs":2.3451,"stop_loss_ratio":-0.1,"min_rate":2.4055,"max_rate":2.6302,"is_open":false,"enter_tag":"","leverage":1.0,"is_short":false,"open_timestamp":1750527900000,"close_timestamp":1750599900000,"orders":[{"amount":130.8,"safe_price":2.6056,"ft_order_side":"buy","order_filled_timestamp":1750527900000,"ft_is_entry":true,"ft_order_tag":"","cost":340.98288623999997},{"amount":130.8,"safe_price":2.418,"ft_order_side":"sell","order_filled_timestamp":1750599900000,"ft_is_entry":false,"ft_order_tag":"exit_signal","cost":316.43253720000007}],"funding_fees":-0.04653988299240001},{"pair":"SUI/USDT:USDT","stake_amount":321.17827,"max_stake_amount":321.17827,"amount":127.7,"open_date":"2025-06-23 06:00:00+00:00","close_date":"2025-06-23 11:00:00+00:00","open_rate":2.5151,"close_rate":2.4961,"fee_open":0.0005,"fee_close":0.0005,"trade_duration":300,"profit_ratio":-0.008536327437596322,"profit_abs":-2.74305372,"exit_reason":"exit_signal","initial_stop_loss_abs":2.2636,"initial_stop_loss_ratio":-0.1,"stop_loss_abs":2.2636,"stop_loss_ratio":-0.1,"min_rate":2.4829,"max_rate":2.5332,"is_open":false,"enter_tag":"","leverage":1.0,"is_short":false,"open_timestamp":1750658400000,"close_timestamp":1750676400000,"orders":[{"amount":127.7,"safe_price":2.5151,"ft_order_side":"buy","order_filled_timestamp":1750658400000,"ft_is_entry":true,"ft_order_tag":"","cost":321.338859135},{"amount":127.7,"safe_price":2.4961,"ft_order_side":"sell","order_filled_timestamp":1750676400000,"ft_is_entry":false,"ft_order_tag":"exit_signal","cost":318.911345985}],"funding_fees":0.0032113996000000004},{"pair":"SOL/USDT:USDT","stake_amount":319.647,"max_stake_amount":319.647,"amount":2.35,"open_date":"2025-06-23 13:45:00+00:00","close_date":"2025-06-23 15:00:00+00:00","open_rate":136.02,"close_rate":134.72,"fee_open":0.0005,"fee_close":0.0005,"trade_duration":75,"profit_ratio":-0.010547365634929926,"profit_abs":-3.3731195,"exit_reason":"exit_signal","initial_stop_loss_abs":122.42,"initial_stop_loss_ratio":-0.1,"stop_loss_abs":122.42,"stop_loss_ratio":-0.1,"min_rate":134.48,"max_rate":137.46,"is_open":false,"enter_tag":"","leverage":1.0,"is_short":false,"open_timestamp":1750686300000,"close_timestamp":1750690800000,"orders":[{"amount":2.35,"safe_price":136.02,"ft_order_side":"buy","order_filled_timestamp":1750686300000,"ft_is_entry":true,"ft_order_tag":"","cost":319.8068235},{"amount":2.35,"safe_price":134.72,"ft_order_side":"sell","order_filled_timestamp":1750690800000,"ft_is_entry":false,"ft_order_tag":"exit_signal","cost":316.750296}],"funding_fees":0.0},{"pair":"SUI/USDT:USDT","stake_amount":320.34822,"max_stake_amount":320.34822,"amount":127.7,"open_date":"2025-06-23 12:45:00+00:00","close_date":"2025-06-23 16:00:00+00:00","open_rate":2.5086,"close_rate":2.4748,"fee_open":0.0005,"fee_close":0.0005,"trade_duration":195,"profit_ratio":-0.014460985656460815,"profit_abs":-4.63486729,"exit_reason":"exit_signal","initial_stop_loss_abs":2.2578,"initial_stop_loss_ratio":-0.1,"stop_loss_abs":2.2578,"stop_loss_ratio":-0.1,"min_rate":2.439,"max_rate":2.5775,"is_open":false,"enter_tag":"","leverage":1.0,"is_short":false,"open_timestamp":1750682700000,"close_timestamp":1750694400000,"orders":[{"amount":127.7,"safe_price":2.5086,"ft_order_side":"buy","order_filled_timestamp":1750682700000,"ft_is_entry":true,"ft_order_tag":"","cost":320.50839411},{"amount":127.7,"safe_price":2.4748,"ft_order_side":"sell","order_filled_timestamp":1750694400000,"ft_is_entry":false,"ft_order_tag":"exit_signal","cost":316.18997598}],"funding_fees":-0.00041720486086224},{"pair":"SUI/USDT:USDT","stake_amount":317.709,"max_stake_amount":317.709,"amount":126.0,"open_date":"2025-06-23 17:30:00+00:00","close_date":"2025-06-23 20:15:00+00:00","open_rate":2.5215,"close_rate":2.6754,"fee_open":0.0005,"fee_close":0.0005,"trade_duration":165,"profit_ratio":0.059974593310126605,"profit_abs":19.0639953,"exit_reason":"exit_signal","initial_stop_loss_abs":2.2694,"initial_stop_loss_ratio":-0.1,"stop_loss_abs":2.2694,"stop_loss_ratio":-0.1,"min_rate":2.513,"max_rate":2.729,"is_open":false,"enter_tag":"","leverage":1.0,"is_short":false,"open_timestamp":1750699800000,"close_timestamp":1750709700000,"orders":[{"amount":126.0,"safe_price":2.5215,"ft_order_side":"buy","order_filled_timestamp":1750699800000,"ft_is_entry":true,"ft_order_tag":"","cost":317.86785449999996},{"amount":126.0,"safe_price":2.6754,"ft_order_side":"sell","order_filled_timestamp":1750709700000,"ft_is_entry":false,"ft_order_tag":"exit_signal","cost":337.26895019999995}],"funding_fees":0.0},{"pair":"SOL/USDT:USDT","stake_amount":317.0431,"max_stake_amount":317.0431,"amount":2.33,"open_date":"2025-06-23 17:30:00+00:00","close_date":"2025-06-23 22:30:00+00:00","open_rate":136.07,"close_rate":146.36,"fee_open":0.0005,"fee_close":0.0005,"trade_duration":300,"profit_ratio":0.07454775588614893,"profit_abs":23.64666905,"exit_reason":"exit_signal","initial_stop_loss_abs":122.47,"initial_stop_loss_ratio":-0.1,"stop_loss_abs":122.47,"stop_loss_ratio":-0.1,"min_rate":136.04,"max_rate":146.88,"is_open":false,"enter_tag":"","leverage":1.0,"is_short":false,"open_timestamp":1750699800000,"close_timestamp":1750717800000,"orders":[{"amount":2.33,"safe_price":136.07,"ft_order_side":"buy","order_filled_timestamp":1750699800000,"ft_is_entry":true,"ft_order_tag":"","cost":317.20162154999997},{"amount":2.33,"safe_price":146.36,"ft_order_side":"sell","order_filled_timestamp":1750717800000,"ft_is_entry":false,"ft_order_tag":"exit_signal","cost":341.1893094}],"funding_fees":0.0},{"pair":"ETH/USDT:USDT","stake_amount":315.6891,"max_stake_amount":315.6891,"amount":0.137,"open_date":"2025-06-23 19:00:00+00:00","close_date":"2025-06-24 14:45:00+00:00","open_rate":2304.3,"close_rate":2434.15,"fee_open":0.0005,"fee_close":0.0005,"trade_duration":1185,"profit_ratio":0.055260647288728065,"profit_abs":17.4539066,"exit_reason":"exit_signal","initial_stop_loss_abs":2073.88,"initial_stop_loss_ratio":-0.1,"stop_loss_abs":2073.88,"stop_loss_ratio":-0.1,"min_rate":2293.81,"max_rate":2450.0,"is_open":false,"enter_tag":"","leverage":1.0,"is_short":false,"open_timestamp":1750705200000,"close_timestamp":1750776300000,"orders":[{"amount":0.137,"safe_price":2304.3,"ft_order_side":"buy","order_filled_timestamp":1750705200000,"ft_is_entry":true,"ft_order_tag":"","cost":315.84694455000005},{"amount":0.137,"safe_price":2434.15,"ft_order_side":"sell","order_filled_timestamp":1750776300000,"ft_is_entry":false,"ft_order_tag":"exit_signal","cost":333.64528927500004}],"funding_fees":-0.01095957293829906},{"pair":"ETH/USDT:USDT","stake_amount":336.5404,"max_stake_amount":336.5404,"amount":0.14,"open_date":"2025-06-25 14:30:00+00:00","close_date":"2025-06-25 19:30:00+00:00","open_rate":2403.86,"close_rate":2434.58,"fee_open":0.0005,"fee_close":0.0005,"trade_duration":300,"profit_ratio":0.011755195159212743,"profit_abs":3.95807613,"exit_reason":"exit_signal","initial_stop_loss_abs":2163.48,"initial_stop_loss_ratio":-0.1,"stop_loss_abs":2163.48,"stop_loss_ratio":-0.1,"min_rate":2395.42,"max_rate":2443.62,"is_open":false,"enter_tag":"","leverage":1.0,"is_short":false,"open_timestamp":1750861800000,"close_timestamp":1750879800000,"orders":[{"amount":0.14,"safe_price":2403.86,"ft_order_side":"buy","order_filled_timestamp":1750861800000,"ft_is_entry":true,"ft_order_tag":"","cost":336.70867020000003},{"amount":0.14,"safe_price":2434.58,"ft_order_side":"sell","order_filled_timestamp":1750879800000,"ft_is_entry":false,"ft_order_tag":"exit_signal","cost":341.0116206}],"funding_fees":-0.004033073389338925}],"locks":[],"best_pair":{"key":"ETH/USDT:USDT","trades":8,"profit_mean":0.012770809729753791,"profit_mean_pct":1.28,"profit_sum":0.10216647783803033,"profit_sum_pct":10.22,"profit_total_abs":32.747151949999996,"profit_total":0.03274715195,"profit_total_pct":3.27,"duration_avg":"7:49:00","wins":7,"draws":0,"losses":1,"winrate":0.875,"cagr":0.33223483382450536,"expectancy":4.09339399375,"expectancy_ratio":0.23032891425444135,"sortino":-100,"sharpe":1.611182043076664,"calmar":88.36120006897791,"sqn":1.1435,"profit_factor":2.8426313140355304,"max_drawdown_account":0.01726929088782912,"max_drawdown_abs":17.7719502},"worst_pair":{"key":"SUI/USDT:USDT","trades":4,"profit_mean":-0.009021379138921691,"profit_mean_pct":-0.9,"profit_sum":-0.036085516555686765,"profit_sum_pct":-3.61,"profit_total_abs":-13.227089029999998,"profit_total":-0.013227089029999998,"profit_total_pct":-1.32,"duration_avg":"7:45:00","wins":1,"draws":0,"losses":3,"winrate":0.25,"cagr":-0.11178287582660384,"expectancy":-3.3067722574999996,"expectancy_ratio":-0.3072153499436233,"sortino":-0.6142025791992449,"sharpe":-0.3959244174904809,"calmar":-19.087287868229925,"sqn":-0.3679,"profit_factor":0.5903795334085024,"max_drawdown_account":0.03229108432999999,"max_drawdown_abs":32.29108433},"results_per_pair":[{"key":"ETH/USDT:USDT","trades":8,"profit_mean":0.012770809729753791,"profit_mean_pct":1.28,"profit_sum":0.10216647783803033,"profit_sum_pct":10.22,"profit_total_abs":32.747151949999996,"profit_total":0.03274715195,"profit_total_pct":3.27,"duration_avg":"7:49:00","wins":7,"draws":0,"losses":1,"winrate":0.875,"cagr":0.33223483382450536,"expectancy":4.09339399375,"expectancy_ratio":0.23032891425444135,"sortino":-100,"sharpe":1.611182043076664,"calmar":88.36120006897791,"sqn":1.1435,"profit_factor":2.8426313140355304,"max_drawdown_account":0.01726929088782912,"max_drawdown_abs":17.7719502},{"key":"SOL/USDT:USDT","trades":6,"profit_mean":0.004481976479749205,"profit_mean_pct":0.45,"profit_sum":0.026891858878495233,"profit_sum_pct":2.69,"profit_total_abs":7.86432707,"profit_total":0.00786432707,"profit_total_pct":0.79,"duration_avg":"6:45:00","wins":2,"draws":0,"losses":4,"winrate":0.3333333333333333,"cagr":0.07222703829429622,"expectancy":1.310721178333333,"expectancy_ratio":0.2639390750888726,"sortino":1.397109628859168,"sharpe":0.3413081904554234,"calmar":18.523649594354193,"sqn":0.273,"profit_factor":1.3959086126333091,"max_drawdown_account":0.019783247559455108,"max_drawdown_abs":19.86399593},{"key":"SUI/USDT:USDT","trades":4,"profit_mean":-0.009021379138921691,"profit_mean_pct":-0.9,"profit_sum":-0.036085516555686765,"profit_sum_pct":-3.61,"profit_total_abs":-13.227089029999998,"profit_total":-0.013227089029999998,"profit_total_pct":-1.32,"duration_avg":"7:45:00","wins":1,"draws":0,"losses":3,"winrate":0.25,"cagr":-0.11178287582660384,"expectancy":-3.3067722574999996,"expectancy_ratio":-0.3072153499436233,"sortino":-0.6142025791992449,"sharpe":-0.3959244174904809,"calmar":-19.087287868229925,"sqn":-0.3679,"profit_factor":0.5903795334085024,"max_drawdown_account":0.03229108432999999,"max_drawdown_abs":32.29108433},{"key":"TOTAL","trades":18,"profit_mean":0.005165156675602154,"profit_mean_pct":0.52,"profit_sum":0.09297282016083877,"profit_sum_pct":9.3,"profit_total_abs":27.38438999,"profit_total":0.02738438999,"profit_total_pct":2.74,"duration_avg":"7:27:00","wins":10,"draws":0,"losses":8,"winrate":0.5555555555555556,"cagr":0.27189712568227886,"expectancy":1.5213549994444455,"expectancy_ratio":0.17405057694417003,"sortino":1.6465853555868835,"sharpe":1.0773713371484401,"calmar":18.853858325987837,"sqn":0.5296,"profit_factor":1.3916137981243828,"max_drawdown_account":0.06768078812153158,"max_drawdown_abs":69.92703046}],"results_per_enter_tag":[{"key":"","trades":18,"profit_mean":0.005165156675602154,"profit_mean_pct":0.52,"profit_sum":0.09297282016083877,"profit_sum_pct":9.3,"profit_total_abs":27.38438999,"profit_total":0.02738438999,"profit_total_pct":2.74,"duration_avg":"7:27:00","wins":10,"draws":0,"losses":8,"winrate":0.5555555555555556,"cagr":0.27189712568227886,"expectancy":1.5213549994444455,"expectancy_ratio":0.17405057694417003,"sortino":1.6465853555868835,"sharpe":1.0773713371484401,"calmar":18.853858325987837,"sqn":0.5296,"profit_factor":1.3916137981243828,"max_drawdown_account":0.06768078812153158,"max_drawdown_abs":69.92703046},{"key":"TOTAL","trades":18,"profit_mean":0.005165156675602154,"profit_mean_pct":0.52,"profit_sum":0.09297282016083877,"profit_sum_pct":9.3,"profit_total_abs":27.38438999,"profit_total":0.02738438999,"profit_total_pct":2.74,"duration_avg":"7:27:00","wins":10,"draws":0,"losses":8,"winrate":0.5555555555555556,"cagr":0.27189712568227886,"expectancy":1.5213549994444455,"expectancy_ratio":0.17405057694417003,"sortino":1.6465853555868835,"sharpe":1.0773713371484401,"calmar":18.853858325987837,"sqn":0.5296,"profit_factor":1.3916137981243828,"max_drawdown_account":0.06768078812153158,"max_drawdown_abs":69.92703046}],"exit_reason_summary":[{"key":"exit_signal","trades":18,"profit_mean":0.005165156675602154,"profit_mean_pct":0.52,"profit_sum":0.09297282016083877,"profit_sum_pct":9.3,"profit_total_abs":27.38438999,"profit_total":0.02738438999,"profit_total_pct":2.74,"duration_avg":"7:27:00","wins":10,"draws":0,"losses":8,"winrate":0.5555555555555556,"cagr":0.27189712568227886,"expectancy":1.5213549994444455,"expectancy_ratio":0.17405057694417003,"sortino":1.6465853555868835,"sharpe":1.0773713371484401,"calmar":18.853858325987837,"sqn":0.5296,"profit_factor":1.3916137981243828,"max_drawdown_account":0.06768078812153158,"max_drawdown_abs":69.92703046},{"key":"TOTAL","trades":18,"profit_mean":0.005165156675602154,"profit_mean_pct":0.52,"profit_sum":0.09297282016083877,"profit_sum_pct":9.3,"profit_total_abs":27.38438999,"profit_total":0.02738438999,"profit_total_pct":2.74,"duration_avg":"7:27:00","wins":10,"draws":0,"losses":8,"winrate":0.5555555555555556,"cagr":0.27189712568227886,"expectancy":1.5213549994444455,"expectancy_ratio":0.17405057694417003,"sortino":1.6465853555868835,"sharpe":1.0773713371484401,"calmar":18.853858325987837,"sqn":0.5296,"profit_factor":1.3916137981243828,"max_drawdown_account":0.06768078812153158,"max_drawdown_abs":69.92703046}],"mix_tag_stats":[{"key":["","exit_signal"],"trades":18,"profit_mean":0.005165156675602154,"profit_mean_pct":0.52,"profit_sum":0.09297282016083877,"profit_sum_pct":9.3,"profit_total_abs":27.38438999,"profit_total":0.02738438999,"profit_total_pct":2.74,"duration_avg":"7:27:00","wins":10,"draws":0,"losses":8,"winrate":0.5555555555555556,"cagr":0.27189712568227886,"expectancy":1.5213549994444455,"expectancy_ratio":0.17405057694417003,"sortino":1.6465853555868835,"sharpe":1.0773713371484401,"calmar":18.853858325987837,"sqn":0.5296,"profit_factor":1.3916137981243828,"max_drawdown_account":0.06768078812153158,"max_drawdown_abs":69.92703046},{"key":"TOTAL","trades":18,"profit_mean":0.005165156675602154,"profit_mean_pct":0.52,"profit_sum":0.09297282016083877,"profit_sum_pct":9.3,"profit_total_abs":27.38438999,"profit_total":0.02738438999,"profit_total_pct":2.74,"duration_avg":"7:27:00","wins":10,"draws":0,"losses":8,"winrate":0.5555555555555556,"cagr":0.27189712568227886,"expectancy":1.5213549994444455,"expectancy_ratio":0.17405057694417003,"sortino":1.6465853555868835,"sharpe":1.0773713371484401,"calmar":18.853858325987837,"sqn":0.5296,"profit_factor":1.3916137981243828,"max_drawdown_account":0.06768078812153158,"max_drawdown_abs":69.92703046}],"left_open_trades":[{"key":"TOTAL","trades":0,"profit_mean":0.0,"profit_mean_pct":0.0,"profit_sum":0.0,"profit_sum_pct":0.0,"profit_total_abs":0.0,"profit_total":0.0,"profit_total_pct":0.0,"duration_avg":"0:00","wins":0,"draws":0,"losses":0,"winrate":0.0,"cagr":0.0,"expectancy":0.0,"expectancy_ratio":100.0,"sortino":0,"sharpe":0,"calmar":0,"sqn":0.0,"profit_factor":0.0,"max_drawdown_account":0.0,"max_drawdown_abs":0.0}],"total_trades":18,"trade_count_long":18,"trade_count_short":0,"total_volume":11905.29857445,"avg_stake_amount":329.61084166666666,"profit_mean":0.005165156675602154,"profit_median":0.01068197394778779,"profit_total":0.02738438999,"profit_total_long":0.02738438999,"profit_total_short":0.0,"profit_total_abs":27.38438999,"profit_total_long_abs":27.38438999,"profit_total_short_abs":0.0,"cagr":0.27189712568227886,"expectancy":1.5213549994444455,"expectancy_ratio":0.17405057694417003,"sortino":1.6465853555868835,"sharpe":1.0773713371484401,"calmar":18.853858325987837,"sqn":0.5296,"profit_factor":1.3916137981243828,"backtest_start":"2025-05-16 00:00:00","backtest_start_ts":1747353600000,"backtest_end":"2025-06-26 15:15:00","backtest_end_ts":1750950900000,"backtest_days":41,"backtest_run_start_ts":1750952299,"backtest_run_end_ts":1750952299,"trades_per_day":0.44,"market_change":-0.18252115814873004,"pairlist":["SOL/USDT:USDT","ETH/USDT:USDT","SUI/USDT:USDT"],"stake_amount":"unlimited","stake_currency":"USDT","stake_currency_decimals":3,"starting_balance":1000,"dry_run_wallet":1000,"final_balance":1027.38438999,"rejected_signals":0,"timedout_entry_orders":0,"timedout_exit_orders":0,"canceled_trade_entries":0,"canceled_entry_orders":0,"replaced_entry_orders":0,"max_open_trades":3,"max_open_trades_setting":3,"timeframe":"15m","timeframe_detail":"","timerange":"","enable_protections":false,"strategy_name":"SimpleGrid","stoploss":-0.1,"trailing_stop":false,"trailing_stop_positive":null,"trailing_stop_positive_offset":0.0,"trailing_only_offset_is_reached":false,"use_custom_stoploss":false,"minimal_roi":{},"use_exit_signal":true,"exit_profit_only":false,"exit_profit_offset":0.0,"ignore_roi_if_entry_signal":false,"trading_mode":"futures","margin_mode":"isolated","periodic_breakdown":{"day":[{"date":"18/05/2025","date_ts":1747526400000,"profit_abs":11.68706926,"wins":1,"draws":0,"losses":0,"trades":1,"profit_factor":0.0},{"date":"19/05/2025","date_ts":1747612800000,"profit_abs":4.50740654,"wins":1,"draws":0,"losses":0,"trades":1,"profit_factor":0.0},{"date":"20/05/2025","date_ts":1747699200000,"profit_abs":0.0,"wins":0,"draws":0,"losses":0,"trades":0,"profit_factor":0.0},{"date":"21/05/2025","date_ts":1747785600000,"profit_abs":0.0,"wins":0,"draws":0,"losses":0,"trades":0,"profit_factor":0.0},{"date":"22/05/2025","date_ts":1747872000000,"profit_abs":0.0,"wins":0,"draws":0,"losses":0,"trades":0,"profit_factor":0.0},{"date":"23/05/2025","date_ts":1747958400000,"profit_abs":0.0,"wins":0,"draws":0,"losses":0,"trades":0,"profit_factor":0.0},{"date":"24/05/2025","date_ts":1748044800000,"profit_abs":0.0,"wins":0,"draws":0,"losses":0,"trades":0,"profit_factor":0.0},{"date":"25/05/2025","date_ts":1748131200000,"profit_abs":0.0,"wins":0,"draws":0,"losses":0,"trades":0,"profit_factor":0.0},{"date":"26/05/2025","date_ts":1748217600000,"profit_abs":0.0,"wins":0,"draws":0,"losses":0,"trades":0,"profit_factor":0.0},{"date":"27/05/2025","date_ts":1748304000000,"profit_abs":0.0,"wins":0,"draws":0,"losses":0,"trades":0,"profit_factor":0.0},{"date":"28/05/2025","date_ts":1748390400000,"profit_abs":0.0,"wins":0,"draws":0,"losses":0,"trades":0,"profit_factor":0.0},{"date":"29/05/2025","date_ts":1748476800000,"profit_abs":0.0,"wins":0,"draws":0,"losses":0,"trades":0,"profit_factor":0.0},{"date":"30/05/2025","date_ts":1748563200000,"profit_abs":0.0,"wins":0,"draws":0,"losses":0,"trades":0,"profit_factor":0.0},{"date":"31/05/2025","date_ts":1748649600000,"profit_abs":0.0,"wins":0,"draws":0,"losses":0,"trades":0,"profit_factor":0.0},{"date":"01/06/2025","date_ts":1748736000000,"profit_abs":0.0,"wins":0,"draws":0,"losses":0,"trades":0,"profit_factor":0.0},{"date":"02/06/2025","date_ts":1748822400000,"profit_abs":0.0,"wins":0,"draws":0,"losses":0,"trades":0,"profit_factor":0.0},{"date":"03/06/2025","date_ts":1748908800000,"profit_abs":0.0,"wins":0,"draws":0,"losses":0,"trades":0,"profit_factor":0.0},{"date":"04/06/2025","date_ts":1748995200000,"profit_abs":0.0,"wins":0,"draws":0,"losses":0,"trades":0,"profit_factor":0.0},{"date":"05/06/2025","date_ts":1749081600000,"profit_abs":5.632419,"wins":1,"draws":0,"losses":0,"trades":1,"profit_factor":0.0},{"date":"06/06/2025","date_ts":1749168000000,"profit_abs":3.21900231,"wins":1,"draws":0,"losses":0,"trades":1,"profit_factor":0.0},{"date":"07/06/2025","date_ts":1749254400000,"profit_abs":0.0,"wins":0,"draws":0,"losses":0,"trades":0,"profit_factor":0.0},{"date":"08/06/2025","date_ts":1749340800000,"profit_abs":0.0,"wins":0,"draws":0,"losses":0,"trades":0,"profit_factor":0.0},{"date":"09/06/2025","date_ts":1749427200000,"profit_abs":0.0,"wins":0,"draws":0,"losses":0,"trades":0,"profit_factor":0.0},{"date":"10/06/2025","date_ts":1749513600000,"profit_abs":0.0,"wins":0,"draws":0,"losses":0,"trades":0,"profit_factor":0.0},{"date":"11/06/2025","date_ts":1749600000000,"profit_abs":0.0,"wins":0,"draws":0,"losses":0,"trades":0,"profit_factor":0.0},{"date":"12/06/2025","date_ts":1749686400000,"profit_abs":0.0,"wins":0,"draws":0,"losses":0,"trades":0,"profit_factor":0.0},{"date":"13/06/2025","date_ts":1749772800000,"profit_abs":4.08165395,"wins":1,"draws":0,"losses":0,"trades":1,"profit_factor":0.0},{"date":"14/06/2025","date_ts":1749859200000,"profit_abs":0.0,"wins":0,"draws":0,"losses":0,"trades":0,"profit_factor":0.0},{"date":"15/06/2025","date_ts":1749945600000,"profit_abs":0.0,"wins":0,"draws":0,"losses":0,"trades":0,"profit_factor":0.0},{"date":"16/06/2025","date_ts":1750032000000,"profit_abs":0.0,"wins":0,"draws":0,"losses":0,"trades":0,"profit_factor":0.0},{"date":"17/06/2025","date_ts":1750118400000,"profit_abs":0.0,"wins":0,"draws":0,"losses":0,"trades":0,"profit_factor":0.0},{"date":"18/06/2025","date_ts":1750204800000,"profit_abs":0.0,"wins":0,"draws":0,"losses":0,"trades":0,"profit_factor":0.0},{"date":"19/06/2025","date_ts":1750291200000,"profit_abs":0.0,"wins":0,"draws":0,"losses":0,"trades":0,"profit_factor":0.0},{"date":"20/06/2025","date_ts":1750377600000,"profit_abs":0.0,"wins":0,"draws":0,"losses":0,"trades":0,"profit_factor":0.0},{"date":"21/06/2025","date_ts":1750464000000,"profit_abs":-23.13663557,"wins":1,"draws":0,"losses":2,"trades":3,"profit_factor":0.1493214},{"date":"22/06/2025","date_ts":1750550400000,"profit_abs":-31.97813207,"wins":0,"draws":0,"losses":3,"trades":3,"profit_factor":0.0},{"date":"23/06/2025","date_ts":1750636800000,"profit_abs":31.95962384,"wins":2,"draws":0,"losses":3,"trades":5,"profit_factor":3.97270053},{"date":"24/06/2025","date_ts":1750723200000,"profit_abs":17.4539066,"wins":1,"draws":0,"losses":0,"trades":1,"profit_factor":0.0},{"date":"25/06/2025","date_ts":1750809600000,"profit_abs":3.95807613,"wins":1,"draws":0,"losses":0,"trades":1,"profit_factor":0.0}],"week":[{"date":"19/05/2025","date_ts":1747612800000,"profit_abs":16.1944758,"wins":2,"draws":0,"losses":0,"trades":2,"profit_factor":0.0},{"date":"26/05/2025","date_ts":1748217600000,"profit_abs":0.0,"wins":0,"draws":0,"losses":0,"trades":0,"profit_factor":0.0},{"date":"02/06/2025","date_ts":1748822400000,"profit_abs":0.0,"wins":0,"draws":0,"losses":0,"trades":0,"profit_factor":0.0},{"date":"09/06/2025","date_ts":1749427200000,"profit_abs":8.85142131,"wins":2,"draws":0,"losses":0,"trades":2,"profit_factor":0.0},{"date":"16/06/2025","date_ts":1750032000000,"profit_abs":4.08165395,"wins":1,"draws":0,"losses":0,"trades":1,"profit_factor":0.0},{"date":"23/06/2025","date_ts":1750636800000,"profit_abs":-23.1551438,"wins":3,"draws":0,"losses":8,"trades":11,"profit_factor":0.66886705},{"date":"30/06/2025","date_ts":1751241600000,"profit_abs":21.41198273,"wins":2,"draws":0,"losses":0,"trades":2,"profit_factor":0.0}],"month":[{"date":"31/05/2025","date_ts":1748649600000,"profit_abs":16.1944758,"wins":2,"draws":0,"losses":0,"trades":2,"profit_factor":0.0},{"date":"30/06/2025","date_ts":1751241600000,"profit_abs":11.18991419,"wins":8,"draws":0,"losses":8,"trades":16,"profit_factor":1.16002273}],"year":[{"date":"31/12/2025","date_ts":1767139200000,"profit_abs":27.38438999,"wins":10,"draws":0,"losses":8,"trades":18,"profit_factor":1.3916138}]},"backtest_best_day":0.10097767046728846,"backtest_worst_day":-0.0944136154935658,"backtest_best_day_abs":31.95962384,"backtest_worst_day_abs":-31.97813207,"winning_days":8,"draw_days":29,"losing_days":2,"daily_profit":[["2025-05-18",11.68706926],["2025-05-19",4.50740654],["2025-05-20",0.0],["2025-05-21",0.0],["2025-05-22",0.0],["2025-05-23",0.0],["2025-05-24",0.0],["2025-05-25",0.0],["2025-05-26",0.0],["2025-05-27",0.0],["2025-05-28",0.0],["2025-05-29",0.0],["2025-05-30",0.0],["2025-05-31",0.0],["2025-06-01",0.0],["2025-06-02",0.0],["2025-06-03",0.0],["2025-06-04",0.0],["2025-06-05",5.632419],["2025-06-06",3.21900231],["2025-06-07",0.0],["2025-06-08",0.0],["2025-06-09",0.0],["2025-06-10",0.0],["2025-06-11",0.0],["2025-06-12",0.0],["2025-06-13",4.08165395],["2025-06-14",0.0],["2025-06-15",0.0],["2025-06-16",0.0],["2025-06-17",0.0],["2025-06-18",0.0],["2025-06-19",0.0],["2025-06-20",0.0],["2025-06-21",-23.13663557],["2025-06-22",-31.97813207],["2025-06-23",31.95962384],["2025-06-24",17.4539066],["2025-06-25",3.95807613]],"wins":10,"losses":8,"draws":0,"winrate":0.5555555555555556,"holding_avg":"7:27:00","holding_avg_s":26820.0,"winner_holding_min":"0d 00:30","winner_holding_min_s":1800.0,"winner_holding_max":"0d 19:45","winner_holding_max_s":71100.0,"winner_holding_avg":"0d 06:39","winner_holding_avg_s":23940.0,"loser_holding_min":"0d 01:15","loser_holding_min_s":4500.0,"loser_holding_max":"1d 04:15","loser_holding_max_s":101700.0,"loser_holding_avg":"0d 08:26","loser_holding_avg_s":30360.0,"max_consecutive_wins":6,"max_consecutive_losses":8,"max_drawdown_account":0.06768078812153158,"max_relative_drawdown":0.06768078812153158,"max_drawdown_abs":69.92703046,"drawdown_start":"2025-06-21 09:00:00","drawdown_start_ts":1750496400000.0,"drawdown_end":"2025-06-23 16:00:00","drawdown_end_ts":1750694400000.0,"max_drawdown_low":-36.738257090000005,"max_drawdown_high":33.18877337,"csum_min":963.26174291,"csum_max":1033.18877337}},"strategy_comparison":[{"key":"SimpleGrid","trades":18,"profit_mean":0.005165156675602154,"profit_mean_pct":0.52,"profit_sum":0.09297282016083877,"profit_sum_pct":9.3,"profit_total_abs":27.38438999,"profit_total":0.02738438999,"profit_total_pct":2.74,"duration_avg":"7:27:00","wins":10,"draws":0,"losses":8,"winrate":0.5555555555555556,"cagr":0.27189712568227886,"expectancy":1.5213549994444455,"expectancy_ratio":0.17405057694417003,"sortino":1.6465853555868835,"sharpe":1.0773713371484401,"calmar":18.853858325987837,"sqn":0.5296,"profit_factor":1.3916137981243828,"max_drawdown_account":0.06768078812153158,"max_drawdown_abs":"69.927"}]}