{"strategy":{"GridBotSample":{"trades":[{"pair":"ETH/USDT:USDT","stake_amount":899.7336,"max_stake_amount":899.7336,"amount":0.36,"open_date":"2025-05-17 00:30:00+00:00","close_date":"2025-05-18 04:30:00+00:00","open_rate":2499.26,"close_rate":2481.15,"fee_open":0.0005,"fee_close":0.0005,"trade_duration":1680,"profit_ratio":-0.008295868326205522,"profit_abs":-7.46780351,"exit_reason":"exit_signal","initial_stop_loss_abs":2249.34,"initial_stop_loss_ratio":-0.1,"stop_loss_abs":2249.34,"stop_loss_ratio":-0.1,"min_rate":2442.65,"max_rate":2512.33,"is_open":false,"enter_tag":"","leverage":1.0,"is_short":false,"open_timestamp":1747441800000,"close_timestamp":1747542600000,"orders":[{"amount":0.36,"safe_price":2499.26,"ft_order_side":"buy","order_filled_timestamp":1747441800000,"ft_is_entry":true,"ft_order_tag":"","cost":900.1834668},{"amount":0.36,"safe_price":2481.15,"ft_order_side":"sell","order_filled_timestamp":1747542600000,"ft_is_entry":false,"ft_order_tag":"exit_signal","cost":893.660607}],"funding_fees":-0.051729714858236756},{"pair":"ETH/USDT:USDT","stake_amount":892.81864,"max_stake_amount":892.81864,"amount":0.359,"open_date":"2025-05-18 04:45:00+00:00","close_date":"2025-05-18 20:15:00+00:00","open_rate":2486.96,"close_rate":2367.12,"fee_open":0.0005,"fee_close":0.0005,"trade_duration":930,"profit_ratio":-0.04918950628757821,"profit_abs":-43.93926676,"exit_reason":"exit_signal","initial_stop_loss_abs":2238.27,"initial_stop_loss_ratio":-0.1,"stop_loss_abs":2238.27,"stop_loss_ratio":-0.1,"min_rate":2312.62,"max_rate":2587.52,"is_open":false,"enter_tag":"","leverage":1.0,"is_short":false,"open_timestamp":1747543500000,"close_timestamp":1747599300000,"orders":[{"amount":0.359,"safe_price":2486.96,"ft_order_side":"buy","order_filled_timestamp":1747543500000,"ft_is_entry":true,"ft_order_tag":"","cost":893.2650493199999},{"amount":0.359,"safe_price":2367.12,"ft_order_side":"sell","order_filled_timestamp":1747599300000,"ft_is_entry":false,"ft_order_tag":"exit_signal","cost":850.2209780399999}],"funding_fees":-0.04539940270278384},{"pair":"ETH/USDT:USDT","stake_amount":852.25854,"max_stake_amount":852.25854,"amount":0.354,"open_date":"2025-05-19 07:45:00+00:00","close_date":"2025-05-19 08:00:00+00:00","open_rate":2407.51,"close_rate":2402.53,"fee_open":0.0005,"fee_close":0.0005,"trade_duration":15,"profit_ratio":-0.0031311046465579196,"profit_abs":-2.66984493,"exit_reason":"exit_signal","initial_stop_loss_abs":2166.76,"initial_stop_loss_ratio":-0.1,"stop_loss_abs":2166.76,"stop_loss_ratio":-0.1,"min_rate":2389.0,"max_rate":2409.24,"is_open":false,"enter_tag":"","leverage":1.0,"is_short":false,"open_timestamp":1747640700000,"close_timestamp":1747641600000,"orders":[{"amount":0.354,"safe_price":2407.51,"ft_order_side":"buy","order_filled_timestamp":1747640700000,"ft_is_entry":true,"ft_order_tag":"","cost":852.68466927},{"amount":0.354,"safe_price":2402.53,"ft_order_side":"sell","order_filled_timestamp":1747641600000,"ft_is_entry":false,"ft_order_tag":"exit_signal","cost":850.92086781}],"funding_fees":-0.05554785168393527},{"pair":"ETH/USDT:USDT","stake_amount":850.11225,"max_stake_amount":850.11225,"amount":0.353,"open_date":"2025-05-19 08:15:00+00:00","close_date":"2025-05-19 08:30:00+00:00","open_rate":2408.25,"close_rate":2404.79,"fee_open":0.0005,"fee_close":0.0005,"trade_duration":15,"profit_ratio":-0.0024347921544262646,"profit_abs":-2.07088156,"exit_reason":"exit_signal","initial_stop_loss_abs":2167.43,"initial_stop_loss_ratio":-0.1,"stop_loss_abs":2167.43,"stop_loss_ratio":-0.1,"min_rate":2393.45,"max_rate":2422.11,"is_open":false,"enter_tag":"","leverage":1.0,"is_short":false,"open_timestamp":1747642500000,"close_timestamp":1747643400000,"orders":[{"amount":0.353,"safe_price":2408.25,"ft_order_side":"buy","order_filled_timestamp":1747642500000,"ft_is_entry":true,"ft_order_tag":"","cost":850.5373061249999},{"amount":0.353,"safe_price":2404.79,"ft_order_side":"sell","order_filled_timestamp":1747643400000,"ft_is_entry":false,"ft_order_tag":"exit_signal","cost":849.3153154349999}],"funding_fees":0.0},{"pair":"ETH/USDT:USDT","stake_amount":847.16544,"max_stake_amount":847.16544,"amount":0.352,"open_date":"2025-05-19 09:30:00+00:00","close_date":"2025-05-19 10:00:00+00:00","open_rate":2406.72,"close_rate":2404.24,"fee_open":0.0005,"fee_close":0.0005,"trade_duration":30,"profit_ratio":-0.002028918395475843,"profit_abs":-1.71968896,"exit_reason":"exit_signal","initial_stop_loss_abs":2166.05,"initial_stop_loss_ratio":-0.1,"stop_loss_abs":2166.05,"stop_loss_ratio":-0.1,"min_rate":2392.0,"max_rate":2414.64,"is_open":false,"enter_tag":"","leverage":1.0,"is_short":false,"open_timestamp":1747647000000,"close_timestamp":1747648800000,"orders":[{"amount":0.352,"safe_price":2406.72,"ft_order_side":"buy","order_filled_timestamp":1747647000000,"ft_is_entry":true,"ft_order_tag":"","cost":847.5890227199998},{"amount":0.352,"safe_price":2404.24,"ft_order_side":"sell","order_filled_timestamp":1747648800000,"ft_is_entry":false,"ft_order_tag":"exit_signal","cost":846.7156262399998}],"funding_fees":0.0},{"pair":"ETH/USDT:USDT","stake_amount":847.46816,"max_stake_amount":847.46816,"amount":0.352,"open_date":"2025-05-19 10:30:00+00:00","close_date":"2025-05-19 12:15:00+00:00","open_rate":2407.58,"close_rate":2400.08,"fee_open":0.0005,"fee_close":0.0005,"trade_duration":105,"profit_ratio":-0.004111547927678473,"profit_abs":-3.48614816,"exit_reason":"exit_signal","initial_stop_loss_abs":2166.83,"initial_stop_loss_ratio":-0.1,"stop_loss_abs":2166.83,"stop_loss_ratio":-0.1,"min_rate":2391.02,"max_rate":2420.88,"is_open":false,"enter_tag":"","leverage":1.0,"is_short":false,"open_timestamp":1747650600000,"close_timestamp":1747656900000,"orders":[{"amount":0.352,"safe_price":2407.58,"ft_order_side":"buy","order_filled_timestamp":1747650600000,"ft_is_entry":true,"ft_order_tag":"","cost":847.8918940799998},{"amount":0.352,"safe_price":2400.08,"ft_order_side":"sell","order_filled_timestamp":1747656900000,"ft_is_entry":false,"ft_order_tag":"exit_signal","cost":845.2505740799999}],"funding_fees":0.0},{"pair":"ETH/USDT:USDT","stake_amount":843.96299,"max_stake_amount":843.96299,"amount":0.347,"open_date":"2025-05-19 13:45:00+00:00","close_date":"2025-05-22 03:45:00+00:00","open_rate":2432.17,"close_rate":2634.82,"fee_open":0.0005,"fee_close":0.0005,"trade_duration":3720,"profit_ratio":0.08182421986700307,"profit_abs":69.09114156,"exit_reason":"exit_signal","initial_stop_loss_abs":2188.96,"initial_stop_loss_ratio":-0.1,"stop_loss_abs":2188.96,"stop_loss_ratio":-0.1,"min_rate":2416.4,"max_rate":2647.25,"is_open":false,"enter_tag":"","leverage":1.0,"is_short":false,"open_timestamp":1747662300000,"close_timestamp":1747885500000,"orders":[{"amount":0.347,"safe_price":2432.17,"ft_order_side":"buy","order_filled_timestamp":1747662300000,"ft_is_entry":true,"ft_order_tag":"","cost":844.384971495},{"amount":0.347,"safe_price":2634.82,"ft_order_side":"sell","order_filled_timestamp":1747885500000,"ft_is_entry":false,"ft_order_tag":"exit_signal","cost":914.73968127}],"funding_fees":-0.3492856757146946},{"pair":"ETH/USDT:USDT","stake_amount":905.60877,"max_stake_amount":905.60877,"amount":0.363,"open_date":"2025-05-25 00:45:00+00:00","close_date":"2025-05-25 19:00:00+00:00","open_rate":2494.79,"close_rate":2514.89,"fee_open":0.0005,"fee_close":0.0005,"trade_duration":1095,"profit_ratio":0.006926417880881602,"profit_abs":6.27576109,"exit_reason":"exit_signal","initial_stop_loss_abs":2245.32,"initial_stop_loss_ratio":-0.1,"stop_loss_abs":2245.32,"stop_loss_ratio":-0.1,"min_rate":2457.6,"max_rate":2524.99,"is_open":false,"enter_tag":"","leverage":1.0,"is_short":false,"open_timestamp":1748133900000,"close_timestamp":1748199600000,"orders":[{"amount":0.363,"safe_price":2494.79,"ft_order_side":"buy","order_filled_timestamp":1748133900000,"ft_is_entry":true,"ft_order_tag":"","cost":906.0615743849999},{"amount":0.363,"safe_price":2514.89,"ft_order_side":"sell","order_filled_timestamp":1748199600000,"ft_is_entry":false,"ft_order_tag":"exit_signal","cost":913.3615225349998}],"funding_fees":-0.1112819928957},{"pair":"ETH/USDT:USDT","stake_amount":910.34955,"max_stake_amount":910.34955,"amount":0.363,"open_date":"2025-05-31 01:30:00+00:00","close_date":"2025-05-31 12:00:00+00:00","open_rate":2507.85,"close_rate":2518.6,"fee_open":0.0005,"fee_close":0.0005,"trade_duration":630,"profit_ratio":0.003201865856284858,"profit_abs":2.91627455,"exit_reason":"exit_signal","initial_stop_loss_abs":2257.07,"initial_stop_loss_ratio":-0.1,"stop_loss_abs":2257.07,"stop_loss_ratio":-0.1,"min_rate":2474.0,"max_rate":2537.97,"is_open":false,"enter_tag":"","leverage":1.0,"is_short":false,"open_timestamp":1748655000000,"close_timestamp":1748692800000,"orders":[{"amount":0.363,"safe_price":2507.85,"ft_order_side":"buy","order_filled_timestamp":1748655000000,"ft_is_entry":true,"ft_order_tag":"","cost":910.8047247749998},{"amount":0.363,"safe_price":2518.6,"ft_order_side":"sell","order_filled_timestamp":1748692800000,"ft_is_entry":false,"ft_order_tag":"exit_signal","cost":914.7089258999998}],"funding_fees":-0.07367477039999999},{"pair":"ETH/USDT:USDT","stake_amount":914.87615,"max_stake_amount":914.87615,"amount":0.365,"open_date":"2025-06-01 02:00:00+00:00","close_date":"2025-06-01 05:45:00+00:00","open_rate":2506.51,"close_rate":2515.81,"fee_open":0.0005,"fee_close":0.0005,"trade_duration":225,"profit_ratio":0.0027071295452090033,"profit_abs":2.4779266,"exit_reason":"exit_signal","initial_stop_loss_abs":2255.86,"initial_stop_loss_ratio":-0.1,"stop_loss_abs":2255.86,"stop_loss_ratio":-0.1,"min_rate":2491.03,"max_rate":2526.46,"is_open":false,"enter_tag":"","leverage":1.0,"is_short":false,"open_timestamp":1748743200000,"close_timestamp":1748756700000,"orders":[{"amount":0.365,"safe_price":2506.51,"ft_order_side":"buy","order_filled_timestamp":1748743200000,"ft_is_entry":true,"ft_order_tag":"","cost":915.333588075},{"amount":0.365,"safe_price":2515.81,"ft_order_side":"sell","order_filled_timestamp":1748756700000,"ft_is_entry":false,"ft_order_tag":"exit_signal","cost":918.7297853249999}],"funding_fees":0.0},{"pair":"ETH/USDT:USDT","stake_amount":916.94205,"max_stake_amount":916.94205,"amount":0.365,"open_date":"2025-06-01 06:30:00+00:00","close_date":"2025-06-03 01:00:00+00:00","open_rate":2512.17,"close_rate":2620.79,"fee_open":0.0005,"fee_close":0.0005,"trade_duration":2550,"profit_ratio":0.041931250144724645,"profit_abs":38.46775073,"exit_reason":"exit_signal","initial_stop_loss_abs":2260.96,"initial_stop_loss_ratio":-0.1,"stop_loss_abs":2260.96,"stop_loss_ratio":-0.1,"min_rate":2465.0,"max_rate":2626.96,"is_open":false,"enter_tag":"","leverage":1.0,"is_short":false,"open_timestamp":1748759400000,"close_timestamp":1748912400000,"orders":[{"amount":0.365,"safe_price":2512.17,"ft_order_side":"buy","order_filled_timestamp":1748759400000,"ft_is_entry":true,"ft_order_tag":"","cost":917.400521025},{"amount":0.365,"safe_price":2620.79,"ft_order_side":"sell","order_filled_timestamp":1748912400000,"ft_is_entry":false,"ft_order_tag":"exit_signal","cost":957.066644175}],"funding_fees":-0.24178407204972824},{"pair":"ETH/USDT:USDT","stake_amount":949.61103,"max_stake_amount":949.61103,"amount":0.379,"open_date":"2025-06-05 20:15:00+00:00","close_date":"2025-06-05 21:00:00+00:00","open_rate":2505.57,"close_rate":2397.53,"fee_open":0.0005,"fee_close":0.0005,"trade_duration":45,"profit_ratio":-0.044076330668902874,"profit_abs":-41.87629745,"exit_reason":"exit_signal","initial_stop_loss_abs":2255.02,"initial_stop_loss_ratio":-0.1,"stop_loss_abs":2255.02,"stop_loss_ratio":-0.1,"min_rate":2390.0,"max_rate":2506.53,"is_open":false,"enter_tag":"","leverage":1.0,"is_short":false,"open_timestamp":1749154500000,"close_timestamp":1749157200000,"orders":[{"amount":0.379,"safe_price":2505.57,"ft_order_side":"buy","order_filled_timestamp":1749154500000,"ft_is_entry":true,"ft_order_tag":"","cost":950.085835515},{"amount":0.379,"safe_price":2397.53,"ft_order_side":"sell","order_filled_timestamp":1749157200000,"ft_is_entry":false,"ft_order_tag":"exit_signal","cost":909.118201935}],"funding_fees":0.0},{"pair":"SOL/USDT:USDT","stake_amount":914.223,"max_stake_amount":914.223,"amount":6.45,"open_date":"2025-06-05 21:00:00+00:00","close_date":"2025-06-06 12:45:00+00:00","open_rate":141.74,"close_rate":150.4,"fee_open":0.0005,"fee_close":0.0005,"trade_duration":945,"profit_ratio":0.06022134788704214,"profit_abs":55.0832692,"exit_reason":"exit_signal","initial_stop_loss_abs":127.57,"initial_stop_loss_ratio":-0.1,"stop_loss_abs":127.57,"stop_loss_ratio":-0.1,"min_rate":141.51,"max_rate":152.56,"is_open":false,"enter_tag":"","leverage":1.0,"is_short":false,"open_timestamp":1749157200000,"close_timestamp":1749213900000,"orders":[{"amount":6.45,"safe_price":141.74,"ft_order_side":"buy","order_filled_timestamp":1749157200000,"ft_is_entry":true,"ft_order_tag":"","cost":914.6801115000001},{"amount":6.45,"safe_price":150.4,"ft_order_side":"sell","order_filled_timestamp":1749213900000,"ft_is_entry":false,"ft_order_tag":"exit_signal","cost":970.56504}],"funding_fees":0.16842069873418347},{"pair":"ETH/USDT:USDT","stake_amount":961.73637,"max_stake_amount":961.73637,"amount":0.389,"open_date":"2025-06-06 12:45:00+00:00","close_date":"2025-06-07 08:45:00+00:00","open_rate":2472.33,"close_rate":2485.35,"fee_open":0.0005,"fee_close":0.0005,"trade_duration":1200,"profit_ratio":0.004092323171665024,"profit_abs":3.9377039,"exit_reason":"exit_signal","initial_stop_loss_abs":2225.1,"initial_stop_loss_ratio":-0.1,"stop_loss_abs":2225.1,"stop_loss_ratio":-0.1,"min_rate":2455.85,"max_rate":2529.67,"is_open":false,"enter_tag":"","leverage":1.0,"is_short":false,"open_timestamp":1749213900000,"close_timestamp":1749285900000,"orders":[{"amount":0.389,"safe_price":2472.33,"ft_order_side":"buy","order_filled_timestamp":1749213900000,"ft_is_entry":true,"ft_order_tag":"","cost":962.2172381849999},{"amount":0.389,"safe_price":2485.35,"ft_order_side":"sell","order_filled_timestamp":1749285900000,"ft_is_entry":false,"ft_order_tag":"exit_signal","cost":967.2845505749999}],"funding_fees":-0.16280734057864737},{"pair":"ETH/USDT:USDT","stake_amount":965.74307,"max_stake_amount":965.74307,"amount":0.389,"open_date":"2025-06-07 09:00:00+00:00","close_date":"2025-06-07 10:00:00+00:00","open_rate":2482.63,"close_rate":2485.01,"fee_open":0.0005,"fee_close":0.0005,"trade_duration":60,"profit_ratio":-4.179765649413283e-05,"profit_abs":-0.04038598,"exit_reason":"exit_signal","initial_stop_loss_abs":2234.37,"initial_stop_loss_ratio":-0.1,"stop_loss_abs":2234.37,"stop_loss_ratio":-0.1,"min_rate":2481.91,"max_rate":2489.36,"is_open":false,"enter_tag":"","leverage":1.0,"is_short":false,"open_timestamp":1749286800000,"close_timestamp":1749290400000,"orders":[{"amount":0.389,"safe_price":2482.63,"ft_order_side":"buy","order_filled_timestamp":1749286800000,"ft_is_entry":true,"ft_order_tag":"","cost":966.2259415350001},{"amount":0.389,"safe_price":2485.01,"ft_order_side":"sell","order_filled_timestamp":1749290400000,"ft_is_entry":false,"ft_order_tag":"exit_signal","cost":967.1522244450001}],"funding_fees":0.0},{"pair":"ETH/USDT:USDT","stake_amount":965.56128,"max_stake_amount":965.56128,"amount":0.388,"open_date":"2025-06-07 10:15:00+00:00","close_date":"2025-06-07 20:00:00+00:00","open_rate":2488.56,"close_rate":2515.78,"fee_open":0.0005,"fee_close":0.0005,"trade_duration":585,"profit_ratio":0.00985930390554862,"profit_abs":9.52452198,"exit_reason":"exit_signal","initial_stop_loss_abs":2239.71,"initial_stop_loss_ratio":-0.1,"stop_loss_abs":2239.71,"stop_loss_ratio":-0.1,"min_rate":2487.11,"max_rate":2524.9,"is_open":false,"enter_tag":"","leverage":1.0,"is_short":false,"open_timestamp":1749291300000,"close_timestamp":1749326400000,"orders":[{"amount":0.388,"safe_price":2488.56,"ft_order_side":"buy","order_filled_timestamp":1749291300000,"ft_is_entry":true,"ft_order_tag":"","cost":966.04406064},{"amount":0.388,"safe_price":2515.78,"ft_order_side":"sell","order_filled_timestamp":1749326400000,"ft_is_entry":false,"ft_order_tag":"exit_signal","cost":976.6107013200001}],"funding_fees":-0.06599606219570271},{"pair":"ETH/USDT:USDT","stake_amount":974.6754,"max_stake_amount":974.6754,"amount":0.388,"open_date":"2025-06-08 01:30:00+00:00","close_date":"2025-06-08 02:30:00+00:00","open_rate":2512.05,"close_rate":2512.84,"fee_open":0.0005,"fee_close":0.0005,"trade_duration":60,"profit_ratio":-0.0006853303906753656,"profit_abs":-0.66830866,"exit_reason":"exit_signal","initial_stop_loss_abs":2260.85,"initial_stop_loss_ratio":-0.1,"stop_loss_abs":2260.85,"stop_loss_ratio":-0.1,"min_rate":2510.72,"max_rate":2520.53,"is_open":false,"enter_tag":"","leverage":1.0,"is_short":false,"open_timestamp":1749346200000,"close_timestamp":1749349800000,"orders":[{"amount":0.388,"safe_price":2512.05,"ft_order_side":"buy","order_filled_timestamp":1749346200000,"ft_is_entry":true,"ft_order_tag":"","cost":975.1627377},{"amount":0.388,"safe_price":2512.84,"ft_order_side":"sell","order_filled_timestamp":1749349800000,"ft_is_entry":false,"ft_order_tag":"exit_signal","cost":975.46941096}],"funding_fees":0.0},{"pair":"ETH/USDT:USDT","stake_amount":974.30292,"max_stake_amount":974.30292,"amount":0.388,"open_date":"2025-06-08 03:00:00+00:00","close_date":"2025-06-08 03:30:00+00:00","open_rate":2511.09,"close_rate":2509.63,"fee_open":0.0005,"fee_close":0.0005,"trade_duration":30,"profit_ratio":-0.001580339936877592,"profit_abs":-1.54049968,"exit_reason":"exit_signal","initial_stop_loss_abs":2259.99,"initial_stop_loss_ratio":-0.1,"stop_loss_abs":2259.99,"stop_loss_ratio":-0.1,"min_rate":2507.25,"max_rate":2513.9,"is_open":false,"enter_tag":"","leverage":1.0,"is_short":false,"open_timestamp":1749351600000,"close_timestamp":1749353400000,"orders":[{"amount":0.388,"safe_price":2511.09,"ft_order_side":"buy","order_filled_timestamp":1749351600000,"ft_is_entry":true,"ft_order_tag":"","cost":974.79007146},{"amount":0.388,"safe_price":2509.63,"ft_order_side":"sell","order_filled_timestamp":1749353400000,"ft_is_entry":false,"ft_order_tag":"exit_signal","cost":974.2233082199999}],"funding_fees":0.0},{"pair":"ETH/USDT:USDT","stake_amount":973.23204,"max_stake_amount":973.23204,"amount":0.388,"open_date":"2025-06-08 04:15:00+00:00","close_date":"2025-06-08 04:30:00+00:00","open_rate":2508.33,"close_rate":2510.66,"fee_open":0.0005,"fee_close":0.0005,"trade_duration":15,"profit_ratio":-7.152380163348695e-05,"profit_abs":-0.06964406,"exit_reason":"exit_signal","initial_stop_loss_abs":2257.5,"initial_stop_loss_ratio":-0.1,"stop_loss_abs":2257.5,"stop_loss_ratio":-0.1,"min_rate":2507.96,"max_rate":2517.55,"is_open":false,"enter_tag":"","leverage":1.0,"is_short":false,"open_timestamp":1749356100000,"close_timestamp":1749357000000,"orders":[{"amount":0.388,"safe_price":2508.33,"ft_order_side":"buy","order_filled_timestamp":1749356100000,"ft_is_entry":true,"ft_order_tag":"","cost":973.7186560199999},{"amount":0.388,"safe_price":2510.66,"ft_order_side":"sell","order_filled_timestamp":1749357000000,"ft_is_entry":false,"ft_order_tag":"exit_signal","cost":974.6231480399999}],"funding_fees":0.0},{"pair":"ETH/USDT:USDT","stake_amount":973.9576,"max_stake_amount":973.9576,"amount":0.388,"open_date":"2025-06-08 05:15:00+00:00","close_date":"2025-06-08 06:15:00+00:00","open_rate":2510.2,"close_rate":2511.88,"fee_open":0.0005,"fee_close":0.0005,"trade_duration":60,"profit_ratio":-0.0003308998038627089,"profit_abs":-0.32244352,"exit_reason":"exit_signal","initial_stop_loss_abs":2259.18,"initial_stop_loss_ratio":-0.1,"stop_loss_abs":2259.18,"stop_loss_ratio":-0.1,"min_rate":2507.69,"max_rate":2515.88,"is_open":false,"enter_tag":"","leverage":1.0,"is_short":false,"open_timestamp":1749359700000,"close_timestamp":1749363300000,"orders":[{"amount":0.388,"safe_price":2510.2,"ft_order_side":"buy","order_filled_timestamp":1749359700000,"ft_is_entry":true,"ft_order_tag":"","cost":974.4445787999999},{"amount":0.388,"safe_price":2511.88,"ft_order_side":"sell","order_filled_timestamp":1749363300000,"ft_is_entry":false,"ft_order_tag":"exit_signal","cost":975.0967447200001}],"funding_fees":0.0},{"pair":"ETH/USDT:USDT","stake_amount":971.89245,"max_stake_amount":971.89245,"amount":0.387,"open_date":"2025-06-08 09:15:00+00:00","close_date":"2025-06-08 20:30:00+00:00","open_rate":2511.35,"close_rate":2533.99,"fee_open":0.0005,"fee_close":0.0005,"trade_duration":675,"profit_ratio":0.007959595914561116,"profit_abs":7.73973911,"exit_reason":"exit_signal","initial_stop_loss_abs":2260.22,"initial_stop_loss_ratio":-0.1,"stop_loss_abs":2260.22,"stop_loss_ratio":-0.1,"min_rate":2483.28,"max_rate":2539.68,"is_open":false,"enter_tag":"","leverage":1.0,"is_short":false,"open_timestamp":1749374100000,"close_timestamp":1749414600000,"orders":[{"amount":0.387,"safe_price":2511.35,"ft_order_side":"buy","order_filled_timestamp":1749374100000,"ft_is_entry":true,"ft_order_tag":"","cost":972.3783962249998},{"amount":0.387,"safe_price":2533.99,"ft_order_side":"sell","order_filled_timestamp":1749414600000,"ft_is_entry":false,"ft_order_tag":"exit_signal","cost":981.1444570649999}],"funding_fees":-0.04566759584510529},{"pair":"ETH/USDT:USDT","stake_amount":979.4694,"max_stake_amount":979.4694,"amount":0.39,"open_date":"2025-06-08 22:45:00+00:00","close_date":"2025-06-09 21:30:00+00:00","open_rate":2511.46,"close_rate":2638.76,"fee_open":0.0005,"fee_close":0.0005,"trade_duration":1365,"profit_ratio":0.04950900729636313,"profit_abs":48.51680395,"exit_reason":"exit_signal","initial_stop_loss_abs":2260.32,"initial_stop_loss_ratio":-0.1,"stop_loss_abs":2260.32,"stop_loss_ratio":-0.1,"min_rate":2475.83,"max_rate":2639.88,"is_open":false,"enter_tag":"","leverage":1.0,"is_short":false,"open_timestamp":1749422700000,"close_timestamp":1749504600000,"orders":[{"amount":0.39,"safe_price":2511.46,"ft_order_side":"buy","order_filled_timestamp":1749422700000,"ft_is_entry":true,"ft_order_tag":"","cost":979.9591347},{"amount":0.39,"safe_price":2638.76,"ft_order_side":"sell","order_filled_timestamp":1749504600000,"ft_is_entry":false,"ft_order_tag":"exit_signal","cost":1029.6309582000001}],"funding_fees":-0.12590314785373205},{"pair":"SOL/USDT:USDT","stake_amount":1022.9304,"max_stake_amount":1022.9304,"amount":7.12,"open_date":"2025-06-13 05:45:00+00:00","close_date":"2025-06-15 15:00:00+00:00","open_rate":143.67,"close_rate":151.84,"fee_open":0.0005,"fee_close":0.0005,"trade_duration":3435,"profit_ratio":0.05574670202576739,"profit_abs":57.0535087,"exit_reason":"exit_signal","initial_stop_loss_abs":129.31,"initial_stop_loss_ratio":-0.1,"stop_loss_abs":129.31,"stop_loss_ratio":-0.1,"min_rate":141.87,"max_rate":152.63,"is_open":false,"enter_tag":"","leverage":1.0,"is_short":false,"open_timestamp":1749793500000,"close_timestamp":1749999600000,"orders":[{"amount":7.12,"safe_price":143.67,"ft_order_side":"buy","order_filled_timestamp":1749793500000,"ft_is_entry":true,"ft_order_tag":"","cost":1023.4418651999999},{"amount":7.12,"safe_price":151.84,"ft_order_side":"sell","order_filled_timestamp":1749999600000,"ft_is_entry":false,"ft_order_tag":"exit_signal","cost":1081.6413504}],"funding_fees":-0.06487570011199383},{"pair":"ETH/USDT:USDT","stake_amount":1075.14028,"max_stake_amount":1075.14028,"amount":0.428,"open_date":"2025-06-15 20:30:00+00:00","close_date":"2025-06-16 07:15:00+00:00","open_rate":2512.01,"close_rate":2629.0,"fee_open":0.0005,"fee_close":0.0005,"trade_duration":645,"profit_ratio":0.045479885695919854,"profit_abs":48.92170567,"exit_reason":"exit_signal","initial_stop_loss_abs":2260.81,"initial_stop_loss_ratio":-0.1,"stop_loss_abs":2260.81,"stop_loss_ratio":-0.1,"min_rate":2490.38,"max_rate":2637.7,"is_open":false,"enter_tag":"","leverage":1.0,"is_short":false,"open_timestamp":1750019400000,"close_timestamp":1750058100000,"orders":[{"amount":0.428,"safe_price":2512.01,"ft_order_side":"buy","order_filled_timestamp":1750019400000,"ft_is_entry":true,"ft_order_tag":"","cost":1075.67785014},{"amount":0.428,"safe_price":2629.0,"ft_order_side":"sell","order_filled_timestamp":1750058100000,"ft_is_entry":false,"ft_order_tag":"exit_signal","cost":1125.774606}],"funding_fees":-0.049838186476683026},{"pair":"ETH/USDT:USDT","stake_amount":1117.78688,"max_stake_amount":1117.78688,"amount":0.448,"open_date":"2025-06-17 15:30:00+00:00","close_date":"2025-06-19 07:45:00+00:00","open_rate":2495.06,"close_rate":2521.47,"fee_open":0.0005,"fee_close":0.0005,"trade_duration":2415,"profit_ratio":0.009313712831373099,"profit_abs":10.41595138,"exit_reason":"exit_signal","initial_stop_loss_abs":2245.56,"initial_stop_loss_ratio":-0.1,"stop_loss_abs":2245.56,"stop_loss_ratio":-0.1,"min_rate":2451.97,"max_rate":2547.35,"is_open":false,"enter_tag":"","leverage":1.0,"is_short":false,"open_timestamp":1750174200000,"close_timestamp":1750319100000,"orders":[{"amount":0.448,"safe_price":2495.06,"ft_order_side":"buy","order_filled_timestamp":1750174200000,"ft_is_entry":true,"ft_order_tag":"","cost":1118.3457734400001},{"amount":0.448,"safe_price":2521.47,"ft_order_side":"sell","order_filled_timestamp":1750319100000,"ft_is_entry":false,"ft_order_tag":"exit_signal","cost":1130.1833692799999}],"funding_fees":-0.292025897310525},{"pair":"SUI/USDT:USDT","stake_amount":1129.093,"max_stake_amount":1129.093,"amount":402.5,"open_date":"2025-06-19 07:45:00+00:00","close_date":"2025-06-19 14:00:00+00:00","open_rate":2.8052,"close_rate":2.7995,"fee_open":0.0005,"fee_close":0.0005,"trade_duration":375,"profit_ratio":-0.003029410010673531,"profit_abs":-3.42219588,"exit_reason":"force_exit","initial_stop_loss_abs":2.5247,"initial_stop_loss_ratio":-0.1,"stop_loss_abs":2.5247,"stop_loss_ratio":-0.1,"min_rate":2.7814,"max_rate":2.8217,"is_open":false,"enter_tag":"","leverage":1.0,"is_short":false,"open_timestamp":1750319100000,"close_timestamp":1750341600000,"orders":[{"amount":402.5,"safe_price":2.8052,"ft_order_side":"buy","order_filled_timestamp":1750319100000,"ft_is_entry":true,"ft_order_tag":"","cost":1129.6575465},{"amount":402.5,"safe_price":2.7995,"ft_order_side":"sell","order_filled_timestamp":1750341600000,"ft_is_entry":false,"ft_order_tag":"force_exit","cost":1127.362149375}],"funding_fees":0.0}],"locks":[],"best_pair":{"key":"ETH/USDT:USDT","trades":23,"profit_mean":0.006383771831007201,"profit_mean_pct":0.64,"profit_sum":0.14682675211316562,"profit_sum_pct":14.68,"profit_total_abs":142.41406728999996,"profit_total":0.14241406728999997,"profit_total_pct":14.24,"duration_avg":"13:09:00","wins":11,"draws":0,"losses":12,"winrate":0.4782608695652174,"cagr":3.1759254088703193,"expectancy":6.191915969130434,"expectancy_ratio":0.7018243143029412,"sortino":5.205950954200716,"sharpe":3.2187092566366258,"calmar":130.43078697499428,"sqn":1.1681,"profit_factor":2.345163269080637,"max_drawdown_account":0.06135363387999996,"max_drawdown_abs":61.353633880000004},"worst_pair":{"key":"SUI/USDT:USDT","trades":1,"profit_mean":-0.003029410010673531,"profit_mean_pct":-0.3,"profit_sum":-0.003029410010673531,"profit_sum_pct":-0.3,"profit_total_abs":-3.42219588,"profit_total":-0.00342219588,"profit_total_pct":-0.34,"duration_avg":"6:15:00","wins":0,"draws":0,"losses":1,"winrate":0.0,"cagr":-0.036132349570258904,"expectancy":-3.42219588,"expectancy_ratio":-1.0,"sortino":-100,"sharpe":-100,"calmar":-56.19109757218463,"sqn":-100.0,"profit_factor":0.0,"max_drawdown_account":0.0034221958800000037,"max_drawdown_abs":3.42219588},"results_per_pair":[{"key":"ETH/USDT:USDT","trades":23,"profit_mean":0.006383771831007201,"profit_mean_pct":0.64,"profit_sum":0.14682675211316562,"profit_sum_pct":14.68,"profit_total_abs":142.41406728999996,"profit_total":0.14241406728999997,"profit_total_pct":14.24,"duration_avg":"13:09:00","wins":11,"draws":0,"losses":12,"winrate":0.4782608695652174,"cagr":3.1759254088703193,"expectancy":6.191915969130434,"expectancy_ratio":0.7018243143029412,"sortino":5.205950954200716,"sharpe":3.2187092566366258,"calmar":130.43078697499428,"sqn":1.1681,"profit_factor":2.345163269080637,"max_drawdown_account":0.06135363387999996,"max_drawdown_abs":61.353633880000004},{"key":"SOL/USDT:USDT","trades":2,"profit_mean":0.05798402495640477,"profit_mean_pct":5.8,"profit_sum":0.11596804991280954,"profit_sum_pct":11.6,"profit_total_abs":112.1367779,"profit_total":0.1121367779,"profit_total_pct":11.21,"duration_avg":"1 day, 12:30:00","wins":2,"draws":0,"losses":0,"winrate":1.0,"cagr":2.1298381818344763,"expectancy":56.06838895,"expectancy_ratio":100.0,"sortino":-100,"sharpe":63.9626667560902,"calmar":-100,"sqn":56.9153,"profit_factor":0.0,"max_drawdown_account":0.0,"max_drawdown_abs":0.0},{"key":"SUI/USDT:USDT","trades":1,"profit_mean":-0.003029410010673531,"profit_mean_pct":-0.3,"profit_sum":-0.003029410010673531,"profit_sum_pct":-0.3,"profit_total_abs":-3.42219588,"profit_total":-0.00342219588,"profit_total_pct":-0.34,"duration_avg":"6:15:00","wins":0,"draws":0,"losses":1,"winrate":0.0,"cagr":-0.036132349570258904,"expectancy":-3.42219588,"expectancy_ratio":-1.0,"sortino":-100,"sharpe":-100,"calmar":-56.19109757218463,"sqn":-100.0,"profit_factor":0.0,"max_drawdown_account":0.0034221958800000037,"max_drawdown_abs":3.42219588},{"key":"TOTAL","trades":26,"profit_mean":0.00999097661597314,"profit_mean_pct":1.0,"profit_sum":0.25976539201530163,"profit_sum_pct":25.98,"profit_total_abs":251.12864931,"profit_total":0.25112864931,"profit_total_pct":25.11,"duration_avg":"14:41:00","wins":13,"draws":0,"losses":13,"winrate":0.5,"cagr":10.08065046960045,"expectancy":9.658794204230768,"expectancy_ratio":1.1488737123079753,"sortino":9.50982519062045,"sharpe":5.223598687282204,"calmar":229.99769604761957,"sqn":1.7877,"profit_factor":3.2977474246159506,"max_drawdown_account":0.06135363387999996,"max_drawdown_abs":61.353633880000004}],"results_per_enter_tag":[{"key":"","trades":26,"profit_mean":0.00999097661597314,"profit_mean_pct":1.0,"profit_sum":0.25976539201530163,"profit_sum_pct":25.98,"profit_total_abs":251.12864931,"profit_total":0.25112864931,"profit_total_pct":25.11,"duration_avg":"14:41:00","wins":13,"draws":0,"losses":13,"winrate":0.5,"cagr":10.08065046960045,"expectancy":9.658794204230768,"expectancy_ratio":1.1488737123079753,"sortino":9.50982519062045,"sharpe":5.223598687282204,"calmar":229.99769604761957,"sqn":1.7877,"profit_factor":3.2977474246159506,"max_drawdown_account":0.06135363387999996,"max_drawdown_abs":61.353633880000004},{"key":"TOTAL","trades":26,"profit_mean":0.00999097661597314,"profit_mean_pct":1.0,"profit_sum":0.25976539201530163,"profit_sum_pct":25.98,"profit_total_abs":251.12864931,"profit_total":0.25112864931,"profit_total_pct":25.11,"duration_avg":"14:41:00","wins":13,"draws":0,"losses":13,"winrate":0.5,"cagr":10.08065046960045,"expectancy":9.658794204230768,"expectancy_ratio":1.1488737123079753,"sortino":9.50982519062045,"sharpe":5.223598687282204,"calmar":229.99769604761957,"sqn":1.7877,"profit_factor":3.2977474246159506,"max_drawdown_account":0.06135363387999996,"max_drawdown_abs":61.353633880000004}],"exit_reason_summary":[{"key":"exit_signal","trades":25,"profit_mean":0.010511792081039006,"profit_mean_pct":1.05,"profit_sum":0.26279480202597516,"profit_sum_pct":26.28,"profit_total_abs":254.55084519,"profit_total":0.25455084519,"profit_total_pct":25.46,"duration_avg":"15:01:00","wins":13,"draws":0,"losses":12,"winrate":0.52,"cagr":10.41039075157898,"expectancy":10.1820338076,"expectancy_ratio":1.1540852509714834,"sortino":9.305114590337459,"sharpe":5.216481078523184,"calmar":233.1319348928739,"sqn":1.8192,"profit_factor":3.4043442728572573,"max_drawdown_account":0.06135363387999996,"max_drawdown_abs":61.353633880000004},{"key":"force_exit","trades":1,"profit_mean":-0.003029410010673531,"profit_mean_pct":-0.3,"profit_sum":-0.003029410010673531,"profit_sum_pct":-0.3,"profit_total_abs":-3.42219588,"profit_total":-0.00342219588,"profit_total_pct":-0.34,"duration_avg":"6:15:00","wins":0,"draws":0,"losses":1,"winrate":0.0,"cagr":-0.036132349570258904,"expectancy":-3.42219588,"expectancy_ratio":-1.0,"sortino":-100,"sharpe":-100,"calmar":-56.19109757218463,"sqn":-100.0,"profit_factor":0.0,"max_drawdown_account":0.0034221958800000037,"max_drawdown_abs":3.42219588},{"key":"TOTAL","trades":26,"profit_mean":0.00999097661597314,"profit_mean_pct":1.0,"profit_sum":0.25976539201530163,"profit_sum_pct":25.98,"profit_total_abs":251.12864931,"profit_total":0.25112864931,"profit_total_pct":25.11,"duration_avg":"14:41:00","wins":13,"draws":0,"losses":13,"winrate":0.5,"cagr":10.08065046960045,"expectancy":9.658794204230768,"expectancy_ratio":1.1488737123079753,"sortino":9.50982519062045,"sharpe":5.223598687282204,"calmar":229.99769604761957,"sqn":1.7877,"profit_factor":3.2977474246159506,"max_drawdown_account":0.06135363387999996,"max_drawdown_abs":61.353633880000004}],"mix_tag_stats":[{"key":["","exit_signal"],"trades":25,"profit_mean":0.010511792081039006,"profit_mean_pct":1.05,"profit_sum":0.26279480202597516,"profit_sum_pct":26.28,"profit_total_abs":254.55084519,"profit_total":0.25455084519,"profit_total_pct":25.46,"duration_avg":"15:01:00","wins":13,"draws":0,"losses":12,"winrate":0.52,"cagr":10.41039075157898,"expectancy":10.1820338076,"expectancy_ratio":1.1540852509714834,"sortino":9.305114590337459,"sharpe":5.216481078523184,"calmar":233.1319348928739,"sqn":1.8192,"profit_factor":3.4043442728572573,"max_drawdown_account":0.06135363387999996,"max_drawdown_abs":61.353633880000004},{"key":["","force_exit"],"trades":1,"profit_mean":-0.003029410010673531,"profit_mean_pct":-0.3,"profit_sum":-0.003029410010673531,"profit_sum_pct":-0.3,"profit_total_abs":-3.42219588,"profit_total":-0.00342219588,"profit_total_pct":-0.34,"duration_avg":"6:15:00","wins":0,"draws":0,"losses":1,"winrate":0.0,"cagr":-0.036132349570258904,"expectancy":-3.42219588,"expectancy_ratio":-1.0,"sortino":-100,"sharpe":-100,"calmar":-56.19109757218463,"sqn":-100.0,"profit_factor":0.0,"max_drawdown_account":0.0034221958800000037,"max_drawdown_abs":3.42219588},{"key":"TOTAL","trades":26,"profit_mean":0.00999097661597314,"profit_mean_pct":1.0,"profit_sum":0.25976539201530163,"profit_sum_pct":25.98,"profit_total_abs":251.12864931,"profit_total":0.25112864931,"profit_total_pct":25.11,"duration_avg":"14:41:00","wins":13,"draws":0,"losses":13,"winrate":0.5,"cagr":10.08065046960045,"expectancy":9.658794204230768,"expectancy_ratio":1.1488737123079753,"sortino":9.50982519062045,"sharpe":5.223598687282204,"calmar":229.99769604761957,"sqn":1.7877,"profit_factor":3.2977474246159506,"max_drawdown_account":0.06135363387999996,"max_drawdown_abs":61.353633880000004}],"left_open_trades":[{"key":"SUI/USDT:USDT","trades":1,"profit_mean":-0.003029410010673531,"profit_mean_pct":-0.3,"profit_sum":-0.003029410010673531,"profit_sum_pct":-0.3,"profit_total_abs":-3.42219588,"profit_total":-0.00342219588,"profit_total_pct":-0.34,"duration_avg":"6:15:00","wins":0,"draws":0,"losses":1,"winrate":0.0,"cagr":-0.036132349570258904,"expectancy":-3.42219588,"expectancy_ratio":-1.0,"sortino":-100,"sharpe":-100,"calmar":-56.19109757218463,"sqn":-100.0,"profit_factor":0.0,"max_drawdown_account":0.0034221958800000037,"max_drawdown_abs":3.42219588},{"key":"TOTAL","trades":1,"profit_mean":-0.003029410010673531,"profit_mean_pct":-0.3,"profit_sum":-0.003029410010673531,"profit_sum_pct":-0.3,"profit_total_abs":-3.42219588,"profit_total":-0.00342219588,"profit_total_pct":-0.34,"duration_avg":"6:15:00","wins":0,"draws":0,"losses":1,"winrate":0.0,"cagr":-0.036132349570258904,"expectancy":-3.42219588,"expectancy_ratio":-1.0,"sortino":-100,"sharpe":-100,"calmar":-56.19109757218463,"sqn":-100.0,"profit_factor":0.0,"max_drawdown_account":0.0034221958800000037,"max_drawdown_abs":3.42219588}],"total_trades":26,"trade_count_long":26,"trade_count_short":0,"total_volume":49563.537333975,"avg_stake_amount":947.3327407692307,"profit_mean":0.00999097661597314,"profit_median":0.0013326659443574352,"profit_total":0.25112864931,"profit_total_long":0.25112864931,"profit_total_short":0.0,"profit_total_abs":251.12864931,"profit_total_long_abs":251.12864931,"profit_total_short_abs":0.0,"cagr":10.080650469600469,"expectancy":9.658794204230768,"expectancy_ratio":1.1488737123079753,"sortino":9.50982519062045,"sharpe":5.223598687282204,"calmar":229.99769604761957,"sqn":1.7877,"profit_factor":3.2977474246159506,"backtest_start":"2025-05-16 00:00:00","backtest_start_ts":1747353600000,"backtest_end":"2025-06-19 14:00:00","backtest_end_ts":1750341600000,"backtest_days":34,"backtest_run_start_ts":1750342963,"backtest_run_end_ts":1750342963,"trades_per_day":0.76,"market_change":-0.1509253797912793,"pairlist":["SOL/USDT:USDT","ETH/USDT:USDT","SUI/USDT:USDT"],"stake_amount":"unlimited","stake_currency":"USDT","stake_currency_decimals":3,"starting_balance":1000,"dry_run_wallet":1000,"final_balance":1251.1286493100001,"rejected_signals":124,"timedout_entry_orders":0,"timedout_exit_orders":0,"canceled_trade_entries":0,"canceled_entry_orders":0,"replaced_entry_orders":0,"max_open_trades":1,"max_open_trades_setting":1,"timeframe":"15m","timeframe_detail":"","timerange":"","enable_protections":false,"strategy_name":"GridBotSample","stoploss":-0.1,"trailing_stop":false,"trailing_stop_positive":null,"trailing_stop_positive_offset":0.0,"trailing_only_offset_is_reached":false,"use_custom_stoploss":false,"minimal_roi":{},"use_exit_signal":true,"exit_profit_only":false,"exit_profit_offset":0.0,"ignore_roi_if_entry_signal":false,"trading_mode":"futures","margin_mode":"isolated","periodic_breakdown":{"day":[{"date":"18/05/2025","date_ts":1747526400000,"profit_abs":-51.40707027,"wins":0,"draws":0,"losses":2,"trades":2,"profit_factor":0.0},{"date":"19/05/2025","date_ts":1747612800000,"profit_abs":-9.94656361,"wins":0,"draws":0,"losses":4,"trades":4,"profit_factor":0.0},{"date":"20/05/2025","date_ts":1747699200000,"profit_abs":0.0,"wins":0,"draws":0,"losses":0,"trades":0,"profit_factor":0.0},{"date":"21/05/2025","date_ts":1747785600000,"profit_abs":0.0,"wins":0,"draws":0,"losses":0,"trades":0,"profit_factor":0.0},{"date":"22/05/2025","date_ts":1747872000000,"profit_abs":69.09114156,"wins":1,"draws":0,"losses":0,"trades":1,"profit_factor":0.0},{"date":"23/05/2025","date_ts":1747958400000,"profit_abs":0.0,"wins":0,"draws":0,"losses":0,"trades":0,"profit_factor":0.0},{"date":"24/05/2025","date_ts":1748044800000,"profit_abs":0.0,"wins":0,"draws":0,"losses":0,"trades":0,"profit_factor":0.0},{"date":"25/05/2025","date_ts":1748131200000,"profit_abs":6.27576109,"wins":1,"draws":0,"losses":0,"trades":1,"profit_factor":0.0},{"date":"26/05/2025","date_ts":1748217600000,"profit_abs":0.0,"wins":0,"draws":0,"losses":0,"trades":0,"profit_factor":0.0},{"date":"27/05/2025","date_ts":1748304000000,"profit_abs":0.0,"wins":0,"draws":0,"losses":0,"trades":0,"profit_factor":0.0},{"date":"28/05/2025","date_ts":1748390400000,"profit_abs":0.0,"wins":0,"draws":0,"losses":0,"trades":0,"profit_factor":0.0},{"date":"29/05/2025","date_ts":1748476800000,"profit_abs":0.0,"wins":0,"draws":0,"losses":0,"trades":0,"profit_factor":0.0},{"date":"30/05/2025","date_ts":1748563200000,"profit_abs":0.0,"wins":0,"draws":0,"losses":0,"trades":0,"profit_factor":0.0},{"date":"31/05/2025","date_ts":1748649600000,"profit_abs":2.91627455,"wins":1,"draws":0,"losses":0,"trades":1,"profit_factor":0.0},{"date":"01/06/2025","date_ts":1748736000000,"profit_abs":2.4779266,"wins":1,"draws":0,"losses":0,"trades":1,"profit_factor":0.0},{"date":"02/06/2025","date_ts":1748822400000,"profit_abs":0.0,"wins":0,"draws":0,"losses":0,"trades":0,"profit_factor":0.0},{"date":"03/06/2025","date_ts":1748908800000,"profit_abs":38.46775073,"wins":1,"draws":0,"losses":0,"trades":1,"profit_factor":0.0},{"date":"04/06/2025","date_ts":1748995200000,"profit_abs":0.0,"wins":0,"draws":0,"losses":0,"trades":0,"profit_factor":0.0},{"date":"05/06/2025","date_ts":1749081600000,"profit_abs":-41.87629745,"wins":0,"draws":0,"losses":1,"trades":1,"profit_factor":0.0},{"date":"06/06/2025","date_ts":1749168000000,"profit_abs":55.0832692,"wins":1,"draws":0,"losses":0,"trades":1,"profit_factor":0.0},{"date":"07/06/2025","date_ts":1749254400000,"profit_abs":13.4218399,"wins":2,"draws":0,"losses":1,"trades":3,"profit_factor":333.33909144},{"date":"08/06/2025","date_ts":1749340800000,"profit_abs":5.13884319,"wins":1,"draws":0,"losses":4,"trades":5,"profit_factor":2.97579732},{"date":"09/06/2025","date_ts":1749427200000,"profit_abs":48.51680395,"wins":1,"draws":0,"losses":0,"trades":1,"profit_factor":0.0},{"date":"10/06/2025","date_ts":1749513600000,"profit_abs":0.0,"wins":0,"draws":0,"losses":0,"trades":0,"profit_factor":0.0},{"date":"11/06/2025","date_ts":1749600000000,"profit_abs":0.0,"wins":0,"draws":0,"losses":0,"trades":0,"profit_factor":0.0},{"date":"12/06/2025","date_ts":1749686400000,"profit_abs":0.0,"wins":0,"draws":0,"losses":0,"trades":0,"profit_factor":0.0},{"date":"13/06/2025","date_ts":1749772800000,"profit_abs":0.0,"wins":0,"draws":0,"losses":0,"trades":0,"profit_factor":0.0},{"date":"14/06/2025","date_ts":1749859200000,"profit_abs":0.0,"wins":0,"draws":0,"losses":0,"trades":0,"profit_factor":0.0},{"date":"15/06/2025","date_ts":1749945600000,"profit_abs":57.0535087,"wins":1,"draws":0,"losses":0,"trades":1,"profit_factor":0.0},{"date":"16/06/2025","date_ts":1750032000000,"profit_abs":48.92170567,"wins":1,"draws":0,"losses":0,"trades":1,"profit_factor":0.0},{"date":"17/06/2025","date_ts":1750118400000,"profit_abs":0.0,"wins":0,"draws":0,"losses":0,"trades":0,"profit_factor":0.0},{"date":"18/06/2025","date_ts":1750204800000,"profit_abs":0.0,"wins":0,"draws":0,"losses":0,"trades":0,"profit_factor":0.0},{"date":"19/06/2025","date_ts":1750291200000,"profit_abs":6.9937555,"wins":1,"draws":0,"losses":1,"trades":2,"profit_factor":3.04364558}],"week":[{"date":"19/05/2025","date_ts":1747612800000,"profit_abs":-61.35363388,"wins":0,"draws":0,"losses":6,"trades":6,"profit_factor":0.0},{"date":"26/05/2025","date_ts":1748217600000,"profit_abs":75.36690265,"wins":2,"draws":0,"losses":0,"trades":2,"profit_factor":0.0},{"date":"02/06/2025","date_ts":1748822400000,"profit_abs":5.39420115,"wins":2,"draws":0,"losses":0,"trades":2,"profit_factor":0.0},{"date":"09/06/2025","date_ts":1749427200000,"profit_abs":118.75220952,"wins":6,"draws":0,"losses":6,"trades":12,"profit_factor":3.66753519},{"date":"16/06/2025","date_ts":1750032000000,"profit_abs":105.97521437,"wins":2,"draws":0,"losses":0,"trades":2,"profit_factor":0.0},{"date":"23/06/2025","date_ts":1750636800000,"profit_abs":6.9937555,"wins":1,"draws":0,"losses":1,"trades":2,"profit_factor":3.04364558}],"month":[{"date":"31/05/2025","date_ts":1748649600000,"profit_abs":16.92954332,"wins":3,"draws":0,"losses":6,"trades":9,"profit_factor":1.27593383},{"date":"30/06/2025","date_ts":1751241600000,"profit_abs":234.19910599,"wins":10,"draws":0,"losses":7,"trades":17,"profit_factor":5.88527751}],"year":[{"date":"31/12/2025","date_ts":1767139200000,"profit_abs":251.12864931,"wins":13,"draws":0,"losses":13,"trades":26,"profit_factor":3.29774742}]},"backtest_best_day":0.08182421986700307,"backtest_worst_day":-0.05748537461378374,"backtest_best_day_abs":69.09114156,"backtest_worst_day_abs":-51.40707027,"winning_days":12,"draw_days":18,"losing_days":3,"daily_profit":[["2025-05-18",-51.40707027],["2025-05-19",-9.94656361],["2025-05-20",0.0],["2025-05-21",0.0],["2025-05-22",69.09114156],["2025-05-23",0.0],["2025-05-24",0.0],["2025-05-25",6.27576109],["2025-05-26",0.0],["2025-05-27",0.0],["2025-05-28",0.0],["2025-05-29",0.0],["2025-05-30",0.0],["2025-05-31",2.91627455],["2025-06-01",2.4779266],["2025-06-02",0.0],["2025-06-03",38.46775073],["2025-06-04",0.0],["2025-06-05",-41.87629745],["2025-06-06",55.0832692],["2025-06-07",13.4218399],["2025-06-08",5.13884319],["2025-06-09",48.51680395],["2025-06-10",0.0],["2025-06-11",0.0],["2025-06-12",0.0],["2025-06-13",0.0],["2025-06-14",0.0],["2025-06-15",57.0535087],["2025-06-16",48.92170567],["2025-06-17",0.0],["2025-06-18",0.0],["2025-06-19",6.9937555]],"wins":13,"losses":13,"draws":0,"winrate":0.5,"holding_avg":"14:41:00","holding_avg_s":52860.0,"winner_holding_min":"0d 03:45","winner_holding_min_s":13500.0,"winner_holding_max":"2d 14:00","winner_holding_max_s":223200.0,"winner_holding_avg":"1d 00:59","winner_holding_avg_s":89940.0,"loser_holding_min":"0d 00:15","loser_holding_min_s":900.0,"loser_holding_max":"1d 04:00","loser_holding_max_s":100800.0,"loser_holding_avg":"0d 04:23","loser_holding_avg_s":15780.0,"max_consecutive_wins":5,"max_consecutive_losses":6,"max_drawdown_account":0.06135363387999996,"max_relative_drawdown":0.06135363387999996,"max_drawdown_abs":61.353633880000004,"drawdown_start":"2025-05-18 04:30:00","drawdown_start_ts":1747542600000.0,"drawdown_end":"2025-05-19 12:15:00","drawdown_end_ts":1747656900000.0,"max_drawdown_low":-61.353633880000004,"max_drawdown_high":-7.46780351,"csum_min":938.64636612,"csum_max":1254.55084519}},"strategy_comparison":[{"key":"GridBotSample","trades":26,"profit_mean":0.00999097661597314,"profit_mean_pct":1.0,"profit_sum":0.25976539201530163,"profit_sum_pct":25.98,"profit_total_abs":251.12864931,"profit_total":0.25112864931,"profit_total_pct":25.11,"duration_avg":"14:41:00","wins":13,"draws":0,"losses":13,"winrate":0.5,"cagr":10.08065046960045,"expectancy":9.658794204230768,"expectancy_ratio":1.1488737123079753,"sortino":9.50982519062045,"sharpe":5.223598687282204,"calmar":229.99769604761957,"sqn":1.7877,"profit_factor":3.2977474246159506,"max_drawdown_account":0.06135363387999996,"max_drawdown_abs":"61.354"}]}