{"strategy":{"SimpleGridDCA":{"trades":[{"pair":"ETH/USDT:USDT","stake_amount":988.28009,"max_stake_amount":988.28009,"amount":0.413,"open_date":"2025-05-18 20:00:00+00:00","close_date":"2025-05-18 23:00:00+00:00","open_rate":2392.93,"close_rate":2453.61,"fee_open":0.0005,"fee_close":0.0005,"trade_duration":180,"profit_ratio":0.024333188263720232,"profit_abs":24.06002949,"exit_reason":"partial_profit_1","initial_stop_loss_abs":2153.64,"initial_stop_loss_ratio":-0.1,"stop_loss_abs":2153.64,"stop_loss_ratio":-0.1,"min_rate":2312.62,"max_rate":2455.6,"is_open":false,"enter_tag":"grid_level_-1","leverage":1.0,"is_short":false,"open_timestamp":1747598400000,"close_timestamp":1747609200000,"orders":[{"amount":0.413,"safe_price":2392.93,"ft_order_side":"buy","order_filled_timestamp":1747598400000,"ft_is_entry":true,"ft_order_tag":"grid_level_-1","cost":988.7742300449999},{"amount":0.413,"safe_price":2453.61,"ft_order_side":"sell","order_filled_timestamp":1747609200000,"ft_is_entry":false,"ft_order_tag":"partial_profit_1","cost":1013.8476004649999}],"funding_fees":0.0},{"pair":"ETH/USDT:USDT","stake_amount":1011.82936,"max_stake_amount":1011.82936,"amount":0.424,"open_date":"2025-05-19 03:00:00+00:00","close_date":"2025-05-19 13:45:00+00:00","open_rate":2386.39,"close_rate":2432.17,"fee_open":0.0005,"fee_close":0.0005,"trade_duration":645,"profit_ratio":0.018099392413043994,"profit_abs":18.32265339,"exit_reason":"exit_signal","initial_stop_loss_abs":2147.76,"initial_stop_loss_ratio":-0.1,"stop_loss_abs":2147.76,"stop_loss_ratio":-0.1,"min_rate":2346.99,"max_rate":2441.75,"is_open":false,"enter_tag":"grid_level_-1","leverage":1.0,"is_short":false,"open_timestamp":1747623600000,"close_timestamp":1747662300000,"orders":[{"amount":0.424,"safe_price":2386.39,"ft_order_side":"buy","order_filled_timestamp":1747623600000,"ft_is_entry":true,"ft_order_tag":"grid_level_-1","cost":1012.3352746799999},{"amount":0.424,"safe_price":2432.17,"ft_order_side":"sell","order_filled_timestamp":1747662300000,"ft_is_entry":false,"ft_order_tag":"exit_signal","cost":1031.75570004}],"funding_fees":-0.06653189015251004},{"pair":"SOL/USDT:USDT","stake_amount":1031.6072,"max_stake_amount":1031.6072,"amount":7.06,"open_date":"2025-06-20 13:45:00+00:00","close_date":"2025-06-21 14:00:00+00:00","open_rate":146.12,"close_rate":140.63,"fee_open":0.0005,"fee_close":0.0005,"trade_duration":1455,"profit_ratio":-0.03842568677538193,"profit_abs":-39.66003525,"exit_reason":"min_profit_threshold_exit","initial_stop_loss_abs":131.51,"initial_stop_loss_ratio":-0.1,"stop_loss_abs":131.51,"stop_loss_ratio":-0.1,"min_rate":135.57,"max_rate":147.08,"is_open":false,"enter_tag":"grid_level_-1","leverage":1.0,"is_short":false,"open_timestamp":1750427100000,"close_timestamp":1750514400000,"orders":[{"amount":7.06,"safe_price":146.12,"ft_order_side":"buy","order_filled_timestamp":1750427100000,"ft_is_entry":true,"ft_order_tag":"grid_level_-1","cost":1032.1230036},{"amount":7.06,"safe_price":140.63,"ft_order_side":"sell","order_filled_timestamp":1750514400000,"ft_is_entry":false,"ft_order_tag":"min_profit_threshold_exit","cost":993.3442238999999}],"funding_fees":0.11159225419800001},{"pair":"ETH/USDT:USDT","stake_amount":992.62026,"max_stake_amount":992.62026,"amount":0.423,"open_date":"2025-06-23 20:30:00+00:00","close_date":"2025-06-23 20:30:00+00:00","open_rate":2346.62,"close_rate":2360.2,"fee_open":0.0005,"fee_close":0.0005,"trade_duration":0,"profit_ratio":0.00478176249680173,"profit_abs":4.74884757,"exit_reason":"market_timing_exit","initial_stop_loss_abs":2111.96,"initial_stop_loss_ratio":-0.1,"stop_loss_abs":2111.96,"stop_loss_ratio":-0.1,"min_rate":2345.9,"max_rate":2365.97,"is_open":false,"enter_tag":"grid_level_-1","leverage":1.0,"is_short":false,"open_timestamp":1750710600000,"close_timestamp":1750710600000,"orders":[{"amount":0.423,"safe_price":2346.62,"ft_order_side":"buy","order_filled_timestamp":1750710600000,"ft_is_entry":true,"ft_order_tag":"grid_level_-1","cost":993.1165701299999},{"amount":0.423,"safe_price":2360.2,"ft_order_side":"sell","order_filled_timestamp":1750710600000,"ft_is_entry":false,"ft_order_tag":"market_timing_exit","cost":998.8637822999998}],"funding_fees":0.0},{"pair":"SOL/USDT:USDT","stake_amount":996.3325,"max_stake_amount":996.3325,"amount":6.85,"open_date":"2025-06-23 22:30:00+00:00","close_date":"2025-06-23 22:30:00+00:00","open_rate":145.45,"close_rate":146.36,"fee_open":0.0005,"fee_close":0.0005,"trade_duration":0,"profit_ratio":0.005250691945192752,"profit_abs":5.23405075,"exit_reason":"market_timing_exit","initial_stop_loss_abs":130.91,"initial_stop_loss_ratio":-0.1,"stop_loss_abs":130.91,"stop_loss_ratio":-0.1,"min_rate":143.82,"max_rate":146.67,"is_open":false,"enter_tag":"grid_level_-1","leverage":1.0,"is_short":false,"open_timestamp":1750717800000,"close_timestamp":1750717800000,"orders":[{"amount":6.85,"safe_price":145.45,"ft_order_side":"buy","order_filled_timestamp":1750717800000,"ft_is_entry":true,"ft_order_tag":"grid_level_-1","cost":996.8306662499998},{"amount":6.85,"safe_price":146.36,"ft_order_side":"sell","order_filled_timestamp":1750717800000,"ft_is_entry":false,"ft_order_tag":"market_timing_exit","cost":1003.067283}],"funding_fees":0.0},{"pair":"SOL/USDT:USDT","stake_amount":1002.0094,"max_stake_amount":1002.0094,"amount":7.01,"open_date":"2025-06-24 00:45:00+00:00","close_date":"2025-06-24 06:00:00+00:00","open_rate":142.94,"close_rate":145.39,"fee_open":0.0005,"fee_close":0.0005,"trade_duration":315,"profit_ratio":0.0161234270230213,"profit_abs":16.16390335,"exit_reason":"partial_profit_1","initial_stop_loss_abs":128.65,"initial_stop_loss_ratio":-0.1,"stop_loss_abs":128.65,"stop_loss_ratio":-0.1,"min_rate":142.21,"max_rate":145.78,"is_open":false,"enter_tag":"grid_level_-1","leverage":1.0,"is_short":false,"open_timestamp":1750725900000,"close_timestamp":1750744800000,"orders":[{"amount":7.01,"safe_price":142.94,"ft_order_side":"buy","order_filled_timestamp":1750725900000,"ft_is_entry":true,"ft_order_tag":"grid_level_-1","cost":1002.5104046999999},{"amount":7.01,"safe_price":145.39,"ft_order_side":"sell","order_filled_timestamp":1750744800000,"ft_is_entry":false,"ft_order_tag":"partial_profit_1","cost":1019.6934919499998}],"funding_fees":0.0},{"pair":"SOL/USDT:USDT","stake_amount":1017.6628,"max_stake_amount":1017.6628,"amount":7.03,"open_date":"2025-06-24 07:30:00+00:00","close_date":"2025-06-25 07:30:00+00:00","open_rate":144.76,"close_rate":147.3,"fee_open":0.0005,"fee_close":0.0005,"trade_duration":1440,"profit_ratio":0.01654247061160066,"profit_abs":16.84307429,"exit_reason":"partial_profit_1","initial_stop_loss_abs":130.29,"initial_stop_loss_ratio":-0.1,"stop_loss_abs":130.29,"stop_loss_ratio":-0.1,"min_rate":142.71,"max_rate":147.61,"is_open":false,"enter_tag":"grid_level_-1","leverage":1.0,"is_short":false,"open_timestamp":1750750200000,"close_timestamp":1750836600000,"orders":[{"amount":7.03,"safe_price":144.76,"ft_order_side":"buy","order_filled_timestamp":1750750200000,"ft_is_entry":true,"ft_order_tag":"grid_level_-1","cost":1018.1716313999999},{"amount":7.03,"safe_price":147.3,"ft_order_side":"sell","order_filled_timestamp":1750836600000,"ft_is_entry":false,"ft_order_tag":"partial_profit_1","cost":1036.0367595}],"funding_fees":0.013465192974432844},{"pair":"SOL/USDT:USDT","stake_amount":1033.973,"max_stake_amount":1033.973,"amount":7.1,"open_date":"2025-06-25 09:30:00+00:00","close_date":"2025-06-26 02:15:00+00:00","open_rate":145.63,"close_rate":145.84,"fee_open":0.0005,"fee_close":0.0005,"trade_duration":1005,"profit_ratio":0.00036074806413797996,"profit_abs":0.37319026,"exit_reason":"market_timing_exit","initial_stop_loss_abs":131.07,"initial_stop_loss_ratio":-0.1,"stop_loss_abs":131.07,"stop_loss_ratio":-0.1,"min_rate":142.12,"max_rate":147.93,"is_open":false,"enter_tag":"grid_level_-1","leverage":1.0,"is_short":false,"open_timestamp":1750843800000,"close_timestamp":1750904100000,"orders":[{"amount":7.1,"safe_price":145.63,"ft_order_side":"buy","order_filled_timestamp":1750843800000,"ft_is_entry":true,"ft_order_tag":"grid_level_-1","cost":1034.4899865},{"amount":7.1,"safe_price":145.84,"ft_order_side":"sell","order_filled_timestamp":1750904100000,"ft_is_entry":false,"ft_order_tag":"market_timing_exit","cost":1035.981732}],"funding_fees":-0.08309124036},{"pair":"ETH/USDT:USDT","stake_amount":1035.27662,"max_stake_amount":1035.27662,"amount":0.434,"open_date":"2025-06-27 01:00:00+00:00","close_date":"2025-06-27 01:45:00+00:00","open_rate":2385.43,"close_rate":2426.35,"fee_open":0.0005,"fee_close":0.0005,"trade_duration":45,"profit_ratio":0.016137494107442113,"profit_abs":16.71512374,"exit_reason":"partial_profit_1","initial_stop_loss_abs":2146.89,"initial_stop_loss_ratio":-0.1,"stop_loss_abs":2146.89,"stop_loss_ratio":-0.1,"min_rate":2377.0,"max_rate":2431.39,"is_open":false,"enter_tag":"grid_level_-1","leverage":1.0,"is_short":false,"open_timestamp":1750986000000,"close_timestamp":1750988700000,"orders":[{"amount":0.434,"safe_price":2385.43,"ft_order_side":"buy","order_filled_timestamp":1750986000000,"ft_is_entry":true,"ft_order_tag":"grid_level_-1","cost":1035.7942583099998},{"amount":0.434,"safe_price":2426.35,"ft_order_side":"sell","order_filled_timestamp":1750988700000,"ft_is_entry":false,"ft_order_tag":"partial_profit_1","cost":1053.5624179499998}],"funding_fees":0.0}],"locks":[],"best_pair":{"key":"ETH/USDT:USDT","trades":4,"profit_mean":0.015837959320252018,"profit_mean_pct":1.58,"profit_sum":0.06335183728100807,"profit_sum_pct":6.34,"profit_total_abs":63.84665419000001,"profit_total":0.06384665419,"profit_total_pct":6.38,"duration_avg":"3:38:00","wins":4,"draws":0,"losses":0,"winrate":1.0,"cagr":0.6341024311282955,"expectancy":15.961663547500002,"expectancy_ratio":100.0,"sortino":-100,"sharpe":3.774202066939475,"calmar":-100,"sqn":3.9349,"profit_factor":0.0,"max_drawdown_account":0.0,"max_drawdown_abs":0.0},"worst_pair":{"key":"SOL/USDT:USDT","trades":5,"profit_mean":-2.9669826285848442e-05,"profit_mean_pct":-0.0,"profit_sum":-0.0001483491314292422,"profit_sum_pct":-0.01,"profit_total_abs":-1.0458165999999998,"profit_total":-0.0010458165999999997,"profit_total_pct":-0.1,"duration_avg":"14:03:00","wins":4,"draws":0,"losses":1,"winrate":0.8,"cagr":-0.00826829769197579,"expectancy":-0.20916332000000004,"expectancy_ratio":-0.005273906558113772,"sortino":-100,"sharpe":-0.020969869726275864,"calmar":-1.0951939491066285,"sqn":-0.0202,"profit_factor":0.9736304672094309,"max_drawdown_account":0.03966003524999996,"max_drawdown_abs":39.66003525},"results_per_pair":[{"key":"ETH/USDT:USDT","trades":4,"profit_mean":0.015837959320252018,"profit_mean_pct":1.58,"profit_sum":0.06335183728100807,"profit_sum_pct":6.34,"profit_total_abs":63.84665419000001,"profit_total":0.06384665419,"profit_total_pct":6.38,"duration_avg":"3:38:00","wins":4,"draws":0,"losses":0,"winrate":1.0,"cagr":0.6341024311282955,"expectancy":15.961663547500002,"expectancy_ratio":100.0,"sortino":-100,"sharpe":3.774202066939475,"calmar":-100,"sqn":3.9349,"profit_factor":0.0,"max_drawdown_account":0.0,"max_drawdown_abs":0.0},{"key":"SUI/USDT:USDT","trades":0,"profit_mean":0.0,"profit_mean_pct":0.0,"profit_sum":0.0,"profit_sum_pct":0.0,"profit_total_abs":0.0,"profit_total":0.0,"profit_total_pct":0.0,"duration_avg":"0:00","wins":0,"draws":0,"losses":0,"winrate":0.0,"cagr":0.0,"expectancy":0.0,"expectancy_ratio":100.0,"sortino":0,"sharpe":0,"calmar":0,"sqn":0.0,"profit_factor":0.0,"max_drawdown_account":0.0,"max_drawdown_abs":0.0},{"key":"SOL/USDT:USDT","trades":5,"profit_mean":-2.9669826285848442e-05,"profit_mean_pct":-0.0,"profit_sum":-0.0001483491314292422,"profit_sum_pct":-0.01,"profit_total_abs":-1.0458165999999998,"profit_total":-0.0010458165999999997,"profit_total_pct":-0.1,"duration_avg":"14:03:00","wins":4,"draws":0,"losses":1,"winrate":0.8,"cagr":-0.00826829769197579,"expectancy":-0.20916332000000004,"expectancy_ratio":-0.005273906558113772,"sortino":-100,"sharpe":-0.020969869726275864,"calmar":-1.0951939491066285,"sqn":-0.0202,"profit_factor":0.9736304672094309,"max_drawdown_account":0.03966003524999996,"max_drawdown_abs":39.66003525},{"key":"TOTAL","trades":9,"profit_mean":0.0070226097943976475,"profit_mean_pct":0.7,"profit_sum":0.06320348814957882,"profit_sum_pct":6.32,"profit_total_abs":62.80083759,"profit_total":0.06280083759,"profit_total_pct":6.28,"duration_avg":"9:25:00","wins":8,"draws":0,"losses":1,"winrate":0.8888888888888888,"cagr":0.6213992989548676,"expectancy":6.977870843333334,"expectancy_ratio":0.1759421240890937,"sortino":-100,"sharpe":1.4471222651491893,"calmar":68.55326258752805,"sqn":1.095,"profit_factor":2.5834791168018443,"max_drawdown_account":0.0380474809313056,"max_drawdown_abs":39.66003525}],"results_per_enter_tag":[{"key":"grid_level_-1","trades":9,"profit_mean":0.0070226097943976475,"profit_mean_pct":0.7,"profit_sum":0.06320348814957882,"profit_sum_pct":6.32,"profit_total_abs":62.80083759,"profit_total":0.06280083759,"profit_total_pct":6.28,"duration_avg":"9:25:00","wins":8,"draws":0,"losses":1,"winrate":0.8888888888888888,"cagr":0.6213992989548676,"expectancy":6.977870843333334,"expectancy_ratio":0.1759421240890937,"sortino":-100,"sharpe":1.4471222651491893,"calmar":68.55326258752805,"sqn":1.095,"profit_factor":2.5834791168018443,"max_drawdown_account":0.0380474809313056,"max_drawdown_abs":39.66003525},{"key":"TOTAL","trades":9,"profit_mean":0.0070226097943976475,"profit_mean_pct":0.7,"profit_sum":0.06320348814957882,"profit_sum_pct":6.32,"profit_total_abs":62.80083759,"profit_total":0.06280083759,"profit_total_pct":6.28,"duration_avg":"9:25:00","wins":8,"draws":0,"losses":1,"winrate":0.8888888888888888,"cagr":0.6213992989548676,"expectancy":6.977870843333334,"expectancy_ratio":0.1759421240890937,"sortino":-100,"sharpe":1.4471222651491893,"calmar":68.55326258752805,"sqn":1.095,"profit_factor":2.5834791168018443,"max_drawdown_account":0.0380474809313056,"max_drawdown_abs":39.66003525}],"exit_reason_summary":[{"key":"partial_profit_1","trades":4,"profit_mean":0.018284145001446078,"profit_mean_pct":1.83,"profit_sum":0.07313658000578431,"profit_sum_pct":7.31,"profit_total_abs":73.78213087,"profit_total":0.07378213087,"profit_total_pct":7.38,"duration_avg":"8:15:00","wins":4,"draws":0,"losses":0,"winrate":1.0,"cagr":0.759191458020883,"expectancy":18.4455327175,"expectancy_ratio":100.0,"sortino":-100,"sharpe":9.424273759679284,"calmar":-100,"sqn":9.8256,"profit_factor":0.0,"max_drawdown_account":0.0,"max_drawdown_abs":0.0},{"key":"exit_signal","trades":1,"profit_mean":0.018099392413043994,"profit_mean_pct":1.81,"profit_sum":0.018099392413043994,"profit_sum_pct":1.81,"profit_total_abs":18.32265339,"profit_total":0.01832265339,"profit_total_pct":1.83,"duration_avg":"10:45:00","wins":1,"draws":0,"losses":0,"winrate":1.0,"cagr":0.15496540328518082,"expectancy":18.32265339,"expectancy_ratio":100.0,"sortino":-100,"sharpe":-100,"calmar":-100,"sqn":-100.0,"profit_factor":0.0,"max_drawdown_account":0.0,"max_drawdown_abs":0.0},{"key":"market_timing_exit","trades":3,"profit_mean":0.0034644008353774875,"profit_mean_pct":0.35,"profit_sum":0.010393202506132463,"profit_sum_pct":1.04,"profit_total_abs":10.35608858,"profit_total":0.01035608858,"profit_total_pct":1.04,"duration_avg":"5:35:00","wins":3,"draws":0,"losses":0,"winrate":1.0,"cagr":0.08518527147963284,"expectancy":3.4520295266666667,"expectancy_ratio":100.0,"sortino":-100,"sharpe":1.9675332635820608,"calmar":-100,"sqn":2.2332,"profit_factor":0.0,"max_drawdown_account":0.0,"max_drawdown_abs":0.0},{"key":"min_profit_threshold_exit","trades":1,"profit_mean":-0.03842568677538193,"profit_mean_pct":-3.84,"profit_sum":-0.03842568677538193,"profit_sum_pct":-3.84,"profit_total_abs":-39.66003525,"profit_total":-0.03966003525,"profit_total_pct":-3.97,"duration_avg":"1 day, 0:15:00","wins":0,"draws":0,"losses":1,"winrate":0.0,"cagr":-0.27465233812400036,"expectancy":-39.66003525,"expectancy_ratio":-1.0,"sortino":-100,"sharpe":-100,"calmar":-41.53255037944091,"sqn":-100.0,"profit_factor":0.0,"max_drawdown_account":0.03966003524999996,"max_drawdown_abs":39.66003525},{"key":"TOTAL","trades":9,"profit_mean":0.0070226097943976475,"profit_mean_pct":0.7,"profit_sum":0.06320348814957882,"profit_sum_pct":6.32,"profit_total_abs":62.80083759,"profit_total":0.06280083759,"profit_total_pct":6.28,"duration_avg":"9:25:00","wins":8,"draws":0,"losses":1,"winrate":0.8888888888888888,"cagr":0.6213992989548676,"expectancy":6.977870843333334,"expectancy_ratio":0.1759421240890937,"sortino":-100,"sharpe":1.4471222651491893,"calmar":68.55326258752805,"sqn":1.095,"profit_factor":2.5834791168018443,"max_drawdown_account":0.0380474809313056,"max_drawdown_abs":39.66003525}],"mix_tag_stats":[{"key":["grid_level_-1","partial_profit_1"],"trades":4,"profit_mean":0.018284145001446078,"profit_mean_pct":1.83,"profit_sum":0.07313658000578431,"profit_sum_pct":7.31,"profit_total_abs":73.78213087,"profit_total":0.07378213087,"profit_total_pct":7.38,"duration_avg":"8:15:00","wins":4,"draws":0,"losses":0,"winrate":1.0,"cagr":0.759191458020883,"expectancy":18.4455327175,"expectancy_ratio":100.0,"sortino":-100,"sharpe":9.424273759679284,"calmar":-100,"sqn":9.8256,"profit_factor":0.0,"max_drawdown_account":0.0,"max_drawdown_abs":0.0},{"key":["grid_level_-1","exit_signal"],"trades":1,"profit_mean":0.018099392413043994,"profit_mean_pct":1.81,"profit_sum":0.018099392413043994,"profit_sum_pct":1.81,"profit_total_abs":18.32265339,"profit_total":0.01832265339,"profit_total_pct":1.83,"duration_avg":"10:45:00","wins":1,"draws":0,"losses":0,"winrate":1.0,"cagr":0.15496540328518082,"expectancy":18.32265339,"expectancy_ratio":100.0,"sortino":-100,"sharpe":-100,"calmar":-100,"sqn":-100.0,"profit_factor":0.0,"max_drawdown_account":0.0,"max_drawdown_abs":0.0},{"key":["grid_level_-1","market_timing_exit"],"trades":3,"profit_mean":0.0034644008353774875,"profit_mean_pct":0.35,"profit_sum":0.010393202506132463,"profit_sum_pct":1.04,"profit_total_abs":10.35608858,"profit_total":0.01035608858,"profit_total_pct":1.04,"duration_avg":"5:35:00","wins":3,"draws":0,"losses":0,"winrate":1.0,"cagr":0.08518527147963284,"expectancy":3.4520295266666667,"expectancy_ratio":100.0,"sortino":-100,"sharpe":1.9675332635820608,"calmar":-100,"sqn":2.2332,"profit_factor":0.0,"max_drawdown_account":0.0,"max_drawdown_abs":0.0},{"key":["grid_level_-1","min_profit_threshold_exit"],"trades":1,"profit_mean":-0.03842568677538193,"profit_mean_pct":-3.84,"profit_sum":-0.03842568677538193,"profit_sum_pct":-3.84,"profit_total_abs":-39.66003525,"profit_total":-0.03966003525,"profit_total_pct":-3.97,"duration_avg":"1 day, 0:15:00","wins":0,"draws":0,"losses":1,"winrate":0.0,"cagr":-0.27465233812400036,"expectancy":-39.66003525,"expectancy_ratio":-1.0,"sortino":-100,"sharpe":-100,"calmar":-41.53255037944091,"sqn":-100.0,"profit_factor":0.0,"max_drawdown_account":0.03966003524999996,"max_drawdown_abs":39.66003525},{"key":"TOTAL","trades":9,"profit_mean":0.0070226097943976475,"profit_mean_pct":0.7,"profit_sum":0.06320348814957882,"profit_sum_pct":6.32,"profit_total_abs":62.80083759,"profit_total":0.06280083759,"profit_total_pct":6.28,"duration_avg":"9:25:00","wins":8,"draws":0,"losses":1,"winrate":0.8888888888888888,"cagr":0.6213992989548676,"expectancy":6.977870843333334,"expectancy_ratio":0.1759421240890937,"sortino":-100,"sharpe":1.4471222651491893,"calmar":68.55326258752805,"sqn":1.095,"profit_factor":2.5834791168018443,"max_drawdown_account":0.0380474809313056,"max_drawdown_abs":39.66003525}],"left_open_trades":[{"key":"TOTAL","trades":0,"profit_mean":0.0,"profit_mean_pct":0.0,"profit_sum":0.0,"profit_sum_pct":0.0,"profit_total_abs":0.0,"profit_total":0.0,"profit_total_pct":0.0,"duration_avg":"0:00","wins":0,"draws":0,"losses":0,"winrate":0.0,"cagr":0.0,"expectancy":0.0,"expectancy_ratio":100.0,"sortino":0,"sharpe":0,"calmar":0,"sqn":0.0,"profit_factor":0.0,"max_drawdown_account":0.0,"max_drawdown_abs":0.0}],"total_trades":9,"trade_count_long":9,"trade_count_short":0,"total_volume":18300.299016719997,"avg_stake_amount":1012.1768033333333,"profit_mean":0.0070226097943976475,"profit_median":0.0161234270230213,"profit_total":0.06280083759,"profit_total_long":0.06280083759,"profit_total_short":0.0,"profit_total_abs":62.80083759,"profit_total_long_abs":62.80083759,"profit_total_short_abs":0.0,"cagr":0.6213992989548676,"expectancy":6.977870843333334,"expectancy_ratio":0.1759421240890937,"sortino":-100,"sharpe":1.4471222651491893,"calmar":68.55326258752805,"sqn":1.095,"profit_factor":2.5834791168018443,"backtest_start":"2025-05-16 00:00:00","backtest_start_ts":1747353600000,"backtest_end":"2025-07-01 12:45:00","backtest_end_ts":1751373900000,"backtest_days":46,"backtest_run_start_ts":1751382220,"backtest_run_end_ts":1751382221,"trades_per_day":0.2,"market_change":-0.1620128748369255,"pairlist":["SOL/USDT:USDT","ETH/USDT:USDT","SUI/USDT:USDT"],"stake_amount":"unlimited","stake_currency":"USDT","stake_currency_decimals":3,"starting_balance":1000,"dry_run_wallet":1000,"final_balance":1062.80083759,"rejected_signals":95,"timedout_entry_orders":128,"timedout_exit_orders":0,"canceled_trade_entries":0,"canceled_entry_orders":0,"replaced_entry_orders":0,"max_open_trades":1,"max_open_trades_setting":1,"timeframe":"15m","timeframe_detail":"","timerange":"","enable_protections":false,"strategy_name":"SimpleGridDCA","stoploss":-0.1,"trailing_stop":false,"trailing_stop_positive":null,"trailing_stop_positive_offset":0.0,"trailing_only_offset_is_reached":false,"use_custom_stoploss":false,"minimal_roi":{},"use_exit_signal":true,"exit_profit_only":false,"exit_profit_offset":0.0,"ignore_roi_if_entry_signal":false,"trading_mode":"futures","margin_mode":"isolated","periodic_breakdown":{"day":[{"date":"18/05/2025","date_ts":1747526400000,"profit_abs":24.06002949,"wins":1,"draws":0,"losses":0,"trades":1,"profit_factor":0.0},{"date":"19/05/2025","date_ts":1747612800000,"profit_abs":18.32265339,"wins":1,"draws":0,"losses":0,"trades":1,"profit_factor":0.0},{"date":"20/05/2025","date_ts":1747699200000,"profit_abs":0.0,"wins":0,"draws":0,"losses":0,"trades":0,"profit_factor":0.0},{"date":"21/05/2025","date_ts":1747785600000,"profit_abs":0.0,"wins":0,"draws":0,"losses":0,"trades":0,"profit_factor":0.0},{"date":"22/05/2025","date_ts":1747872000000,"profit_abs":0.0,"wins":0,"draws":0,"losses":0,"trades":0,"profit_factor":0.0},{"date":"23/05/2025","date_ts":1747958400000,"profit_abs":0.0,"wins":0,"draws":0,"losses":0,"trades":0,"profit_factor":0.0},{"date":"24/05/2025","date_ts":1748044800000,"profit_abs":0.0,"wins":0,"draws":0,"losses":0,"trades":0,"profit_factor":0.0},{"date":"25/05/2025","date_ts":1748131200000,"profit_abs":0.0,"wins":0,"draws":0,"losses":0,"trades":0,"profit_factor":0.0},{"date":"26/05/2025","date_ts":1748217600000,"profit_abs":0.0,"wins":0,"draws":0,"losses":0,"trades":0,"profit_factor":0.0},{"date":"27/05/2025","date_ts":1748304000000,"profit_abs":0.0,"wins":0,"draws":0,"losses":0,"trades":0,"profit_factor":0.0},{"date":"28/05/2025","date_ts":1748390400000,"profit_abs":0.0,"wins":0,"draws":0,"losses":0,"trades":0,"profit_factor":0.0},{"date":"29/05/2025","date_ts":1748476800000,"profit_abs":0.0,"wins":0,"draws":0,"losses":0,"trades":0,"profit_factor":0.0},{"date":"30/05/2025","date_ts":1748563200000,"profit_abs":0.0,"wins":0,"draws":0,"losses":0,"trades":0,"profit_factor":0.0},{"date":"31/05/2025","date_ts":1748649600000,"profit_abs":0.0,"wins":0,"draws":0,"losses":0,"trades":0,"profit_factor":0.0},{"date":"01/06/2025","date_ts":1748736000000,"profit_abs":0.0,"wins":0,"draws":0,"losses":0,"trades":0,"profit_factor":0.0},{"date":"02/06/2025","date_ts":1748822400000,"profit_abs":0.0,"wins":0,"draws":0,"losses":0,"trades":0,"profit_factor":0.0},{"date":"03/06/2025","date_ts":1748908800000,"profit_abs":0.0,"wins":0,"draws":0,"losses":0,"trades":0,"profit_factor":0.0},{"date":"04/06/2025","date_ts":1748995200000,"profit_abs":0.0,"wins":0,"draws":0,"losses":0,"trades":0,"profit_factor":0.0},{"date":"05/06/2025","date_ts":1749081600000,"profit_abs":0.0,"wins":0,"draws":0,"losses":0,"trades":0,"profit_factor":0.0},{"date":"06/06/2025","date_ts":1749168000000,"profit_abs":0.0,"wins":0,"draws":0,"losses":0,"trades":0,"profit_factor":0.0},{"date":"07/06/2025","date_ts":1749254400000,"profit_abs":0.0,"wins":0,"draws":0,"losses":0,"trades":0,"profit_factor":0.0},{"date":"08/06/2025","date_ts":1749340800000,"profit_abs":0.0,"wins":0,"draws":0,"losses":0,"trades":0,"profit_factor":0.0},{"date":"09/06/2025","date_ts":1749427200000,"profit_abs":0.0,"wins":0,"draws":0,"losses":0,"trades":0,"profit_factor":0.0},{"date":"10/06/2025","date_ts":1749513600000,"profit_abs":0.0,"wins":0,"draws":0,"losses":0,"trades":0,"profit_factor":0.0},{"date":"11/06/2025","date_ts":1749600000000,"profit_abs":0.0,"wins":0,"draws":0,"losses":0,"trades":0,"profit_factor":0.0},{"date":"12/06/2025","date_ts":1749686400000,"profit_abs":0.0,"wins":0,"draws":0,"losses":0,"trades":0,"profit_factor":0.0},{"date":"13/06/2025","date_ts":1749772800000,"profit_abs":0.0,"wins":0,"draws":0,"losses":0,"trades":0,"profit_factor":0.0},{"date":"14/06/2025","date_ts":1749859200000,"profit_abs":0.0,"wins":0,"draws":0,"losses":0,"trades":0,"profit_factor":0.0},{"date":"15/06/2025","date_ts":1749945600000,"profit_abs":0.0,"wins":0,"draws":0,"losses":0,"trades":0,"profit_factor":0.0},{"date":"16/06/2025","date_ts":1750032000000,"profit_abs":0.0,"wins":0,"draws":0,"losses":0,"trades":0,"profit_factor":0.0},{"date":"17/06/2025","date_ts":1750118400000,"profit_abs":0.0,"wins":0,"draws":0,"losses":0,"trades":0,"profit_factor":0.0},{"date":"18/06/2025","date_ts":1750204800000,"profit_abs":0.0,"wins":0,"draws":0,"losses":0,"trades":0,"profit_factor":0.0},{"date":"19/06/2025","date_ts":1750291200000,"profit_abs":0.0,"wins":0,"draws":0,"losses":0,"trades":0,"profit_factor":0.0},{"date":"20/06/2025","date_ts":1750377600000,"profit_abs":0.0,"wins":0,"draws":0,"losses":0,"trades":0,"profit_factor":0.0},{"date":"21/06/2025","date_ts":1750464000000,"profit_abs":-39.66003525,"wins":0,"draws":0,"losses":1,"trades":1,"profit_factor":0.0},{"date":"22/06/2025","date_ts":1750550400000,"profit_abs":0.0,"wins":0,"draws":0,"losses":0,"trades":0,"profit_factor":0.0},{"date":"23/06/2025","date_ts":1750636800000,"profit_abs":9.98289832,"wins":2,"draws":0,"losses":0,"trades":2,"profit_factor":0.0},{"date":"24/06/2025","date_ts":1750723200000,"profit_abs":16.16390335,"wins":1,"draws":0,"losses":0,"trades":1,"profit_factor":0.0},{"date":"25/06/2025","date_ts":1750809600000,"profit_abs":16.84307429,"wins":1,"draws":0,"losses":0,"trades":1,"profit_factor":0.0},{"date":"26/06/2025","date_ts":1750896000000,"profit_abs":0.37319026,"wins":1,"draws":0,"losses":0,"trades":1,"profit_factor":0.0},{"date":"27/06/2025","date_ts":1750982400000,"profit_abs":16.71512374,"wins":1,"draws":0,"losses":0,"trades":1,"profit_factor":0.0}],"week":[{"date":"19/05/2025","date_ts":1747612800000,"profit_abs":42.38268288,"wins":2,"draws":0,"losses":0,"trades":2,"profit_factor":0.0},{"date":"26/05/2025","date_ts":1748217600000,"profit_abs":0.0,"wins":0,"draws":0,"losses":0,"trades":0,"profit_factor":0.0},{"date":"02/06/2025","date_ts":1748822400000,"profit_abs":0.0,"wins":0,"draws":0,"losses":0,"trades":0,"profit_factor":0.0},{"date":"09/06/2025","date_ts":1749427200000,"profit_abs":0.0,"wins":0,"draws":0,"losses":0,"trades":0,"profit_factor":0.0},{"date":"16/06/2025","date_ts":1750032000000,"profit_abs":0.0,"wins":0,"draws":0,"losses":0,"trades":0,"profit_factor":0.0},{"date":"23/06/2025","date_ts":1750636800000,"profit_abs":-29.67713693,"wins":2,"draws":0,"losses":1,"trades":3,"profit_factor":0.25171179},{"date":"30/06/2025","date_ts":1751241600000,"profit_abs":50.09529164,"wins":4,"draws":0,"losses":0,"trades":4,"profit_factor":0.0}],"month":[{"date":"31/05/2025","date_ts":1748649600000,"profit_abs":42.38268288,"wins":2,"draws":0,"losses":0,"trades":2,"profit_factor":0.0},{"date":"30/06/2025","date_ts":1751241600000,"profit_abs":20.41815471,"wins":6,"draws":0,"losses":1,"trades":7,"profit_factor":1.51482946}],"year":[{"date":"31/12/2025","date_ts":1767139200000,"profit_abs":62.80083759,"wins":8,"draws":0,"losses":1,"trades":9,"profit_factor":2.58347912}]},"backtest_best_day":0.024333188263720232,"backtest_worst_day":-0.03842568677538193,"backtest_best_day_abs":24.06002949,"backtest_worst_day_abs":-39.66003525,"winning_days":7,"draw_days":33,"losing_days":1,"daily_profit":[["2025-05-18",24.06002949],["2025-05-19",18.32265339],["2025-05-20",0.0],["2025-05-21",0.0],["2025-05-22",0.0],["2025-05-23",0.0],["2025-05-24",0.0],["2025-05-25",0.0],["2025-05-26",0.0],["2025-05-27",0.0],["2025-05-28",0.0],["2025-05-29",0.0],["2025-05-30",0.0],["2025-05-31",0.0],["2025-06-01",0.0],["2025-06-02",0.0],["2025-06-03",0.0],["2025-06-04",0.0],["2025-06-05",0.0],["2025-06-06",0.0],["2025-06-07",0.0],["2025-06-08",0.0],["2025-06-09",0.0],["2025-06-10",0.0],["2025-06-11",0.0],["2025-06-12",0.0],["2025-06-13",0.0],["2025-06-14",0.0],["2025-06-15",0.0],["2025-06-16",0.0],["2025-06-17",0.0],["2025-06-18",0.0],["2025-06-19",0.0],["2025-06-20",0.0],["2025-06-21",-39.66003525],["2025-06-22",0.0],["2025-06-23",9.98289832],["2025-06-24",16.16390335],["2025-06-25",16.84307429],["2025-06-26",0.37319026],["2025-06-27",16.71512374]],"wins":8,"losses":1,"draws":0,"winrate":0.8888888888888888,"holding_avg":"9:25:00","holding_avg_s":33900.0,"winner_holding_min":"0d 00:45","winner_holding_min_s":2700.0,"winner_holding_max":"1d 00:00","winner_holding_max_s":86400.0,"winner_holding_avg":"0d 07:34","winner_holding_avg_s":27240.0,"loser_holding_min":"1d 00:15","loser_holding_min_s":87300.0,"loser_holding_max":"1d 00:15","loser_holding_max_s":87300.0,"loser_holding_avg":"1d 00:15","loser_holding_avg_s":87300.0,"max_consecutive_wins":6,"max_consecutive_losses":1,"max_drawdown_account":0.0380474809313056,"max_relative_drawdown":0.0380474809313056,"max_drawdown_abs":39.66003525,"drawdown_start":"2025-05-19 13:45:00","drawdown_start_ts":1747662300000.0,"drawdown_end":"2025-06-21 14:00:00","drawdown_end_ts":1750514400000.0,"max_drawdown_low":2.7226476300000044,"max_drawdown_high":42.382682880000004,"csum_min":1002.72264763,"csum_max":1062.80083759}},"strategy_comparison":[{"key":"SimpleGridDCA","trades":9,"profit_mean":0.0070226097943976475,"profit_mean_pct":0.7,"profit_sum":0.06320348814957882,"profit_sum_pct":6.32,"profit_total_abs":62.80083759,"profit_total":0.06280083759,"profit_total_pct":6.28,"duration_avg":"9:25:00","wins":8,"draws":0,"losses":1,"winrate":0.8888888888888888,"cagr":0.6213992989548676,"expectancy":6.977870843333334,"expectancy_ratio":0.1759421240890937,"sortino":-100,"sharpe":1.4471222651491893,"calmar":68.55326258752805,"sqn":1.095,"profit_factor":2.5834791168018443,"max_drawdown_account":0.0380474809313056,"max_drawdown_abs":"39.66"}]}