{"strategy":{"SimpleGridDCA":{"trades":[{"pair":"ETH/USDT:USDT","stake_amount":988.8624,"max_stake_amount":988.8624,"amount":0.387,"open_date":"2025-05-16 00:15:00+00:00","close_date":"2025-05-18 19:30:00+00:00","open_rate":2555.2,"close_rate":2427.44,"fee_open":0.0005,"fee_close":0.0005,"trade_duration":4035,"profit_ratio":-0.05125524360962234,"profit_abs":-50.7097254,"exit_reason":"stop_loss","initial_stop_loss_abs":2427.44,"initial_stop_loss_ratio":-0.05,"stop_loss_abs":2427.44,"stop_loss_ratio":-0.05,"min_rate":2422.25,"max_rate":2648.68,"is_open":false,"enter_tag":"grid_level_-1","leverage":1.0,"is_short":false,"open_timestamp":1747354500000,"close_timestamp":1747596600000,"orders":[{"amount":0.387,"safe_price":2555.2,"ft_order_side":"buy","order_filled_timestamp":1747354500000,"ft_is_entry":true,"ft_order_tag":"grid_level_-1","cost":989.3568311999999},{"amount":0.387,"safe_price":2427.44,"ft_order_side":"sell","order_filled_timestamp":1747596600000,"ft_is_entry":false,"ft_order_tag":"stop_loss","cost":939.88898964}],"funding_fees":-0.30246456489867707},{"pair":"ETH/USDT:USDT","stake_amount":938.86448,"max_stake_amount":938.86448,"amount":0.376,"open_date":"2025-05-19 00:00:00+00:00","close_date":"2025-05-19 04:30:00+00:00","open_rate":2496.98,"close_rate":2372.14,"fee_open":0.0005,"fee_close":0.0005,"trade_duration":270,"profit_ratio":-0.05089670383132595,"profit_abs":-47.80899993,"exit_reason":"stop_loss","initial_stop_loss_abs":2372.14,"initial_stop_loss_ratio":-0.05,"stop_loss_abs":2372.14,"stop_loss_ratio":-0.05,"min_rate":2362.82,"max_rate":2513.38,"is_open":false,"enter_tag":"grid_level_-1","leverage":1.0,"is_short":false,"open_timestamp":1747612800000,"close_timestamp":1747629000000,"orders":[{"amount":0.376,"safe_price":2496.98,"ft_order_side":"buy","order_filled_timestamp":1747612800000,"ft_is_entry":true,"ft_order_tag":"grid_level_-1","cost":939.3339122399999},{"amount":0.376,"safe_price":2372.14,"ft_order_side":"sell","order_filled_timestamp":1747629000000,"ft_is_entry":false,"ft_order_tag":"stop_loss","cost":892.3706023199999}],"funding_fees":0.04623463131999999},{"pair":"ETH/USDT:USDT","stake_amount":891.77612,"max_stake_amount":891.77612,"amount":0.347,"open_date":"2025-05-20 05:15:00+00:00","close_date":"2025-05-20 18:45:00+00:00","open_rate":2569.96,"close_rate":2441.47,"fee_open":0.0005,"fee_close":0.0005,"trade_duration":810,"profit_ratio":-0.05102477094124595,"profit_abs":-45.52542359,"exit_reason":"stop_loss","initial_stop_loss_abs":2441.47,"initial_stop_loss_ratio":-0.05,"stop_loss_abs":2441.47,"stop_loss_ratio":-0.05,"min_rate":2438.39,"max_rate":2575.34,"is_open":false,"enter_tag":"grid_level_-1","leverage":1.0,"is_short":false,"open_timestamp":1747718100000,"close_timestamp":1747766700000,"orders":[{"amount":0.347,"safe_price":2569.96,"ft_order_side":"buy","order_filled_timestamp":1747718100000,"ft_is_entry":true,"ft_order_tag":"grid_level_-1","cost":892.2220080599999},{"amount":0.347,"safe_price":2441.47,"ft_order_side":"sell","order_filled_timestamp":1747766700000,"ft_is_entry":false,"ft_order_tag":"stop_loss","cost":847.6136850449998}],"funding_fees":-0.0699104839226271},{"pair":"ETH/USDT:USDT","stake_amount":845.4712,"max_stake_amount":845.4712,"amount":0.34,"open_date":"2025-05-20 19:45:00+00:00","close_date":"2025-05-22 11:30:00+00:00","open_rate":2486.68,"close_rate":2638.92,"fee_open":0.0005,"fee_close":0.0005,"trade_duration":2385,"profit_ratio":0.05990438343083448,"profit_abs":50.67275466,"exit_reason":"exit_signal","initial_stop_loss_abs":2362.35,"initial_stop_loss_ratio":-0.05,"stop_loss_abs":2362.35,"stop_loss_ratio":-0.05,"min_rate":2450.72,"max_rate":2692.61,"is_open":false,"enter_tag":"grid_level_-1","leverage":1.0,"is_short":false,"open_timestamp":1747770300000,"close_timestamp":1747913400000,"orders":[{"amount":0.34,"safe_price":2486.68,"ft_order_side":"buy","order_filled_timestamp":1747770300000,"ft_is_entry":true,"ft_order_tag":"grid_level_-1","cost":845.8939356},{"amount":0.34,"safe_price":2638.92,"ft_order_side":"sell","order_filled_timestamp":1747913400000,"ft_is_entry":false,"ft_order_tag":"exit_signal","cost":897.6814164000001}],"funding_fees":-0.21749333795400003},{"pair":"ETH/USDT:USDT","stake_amount":895.29668,"max_stake_amount":895.29668,"amount":0.349,"open_date":"2025-05-23 12:00:00+00:00","close_date":"2025-05-27 20:45:00+00:00","open_rate":2565.32,"close_rate":2667.11,"fee_open":0.0005,"fee_close":0.0005,"trade_duration":6285,"profit_ratio":0.03793149198384128,"profit_abs":33.97691881,"exit_reason":"exit_signal","initial_stop_loss_abs":2437.06,"initial_stop_loss_ratio":-0.05,"stop_loss_abs":2437.06,"stop_loss_ratio":-0.05,"min_rate":2457.6,"max_rate":2711.8,"is_open":false,"enter_tag":"grid_level_-1","leverage":1.0,"is_short":false,"open_timestamp":1748001600000,"close_timestamp":1748378700000,"orders":[{"amount":0.349,"safe_price":2565.32,"ft_order_side":"buy","order_filled_timestamp":1748001600000,"ft_is_entry":true,"ft_order_tag":"grid_level_-1","cost":895.74432834},{"amount":0.349,"safe_price":2667.11,"ft_order_side":"sell","order_filled_timestamp":1748378700000,"ft_is_entry":false,"ft_order_tag":"exit_signal","cost":931.2868006949999}],"funding_fees":-0.6347321526738341},{"pair":"ETH/USDT:USDT","stake_amount":931.15088,"max_stake_amount":931.15088,"amount":0.362,"open_date":"2025-05-30 01:00:00+00:00","close_date":"2025-05-30 03:45:00+00:00","open_rate":2572.24,"close_rate":2633.89,"fee_open":0.0005,"fee_close":0.0005,"trade_duration":165,"profit_ratio":0.02294398123303291,"profit_abs":21.37499047,"exit_reason":"exit_signal","initial_stop_loss_abs":2443.63,"initial_stop_loss_ratio":-0.05,"stop_loss_abs":2443.63,"stop_loss_ratio":-0.05,"min_rate":2566.55,"max_rate":2642.12,"is_open":false,"enter_tag":"grid_level_-1","leverage":1.0,"is_short":false,"open_timestamp":1748566800000,"close_timestamp":1748576700000,"orders":[{"amount":0.362,"safe_price":2572.24,"ft_order_side":"buy","order_filled_timestamp":1748566800000,"ft_is_entry":true,"ft_order_tag":"grid_level_-1","cost":931.6164554399999},{"amount":0.362,"safe_price":2633.89,"ft_order_side":"sell","order_filled_timestamp":1748576700000,"ft_is_entry":false,"ft_order_tag":"exit_signal","cost":953.9449140899999}],"funding_fees":0.0},{"pair":"SOL/USDT:USDT","stake_amount":951.4574,"max_stake_amount":951.4574,"amount":6.26,"open_date":"2025-06-02 19:15:00+00:00","close_date":"2025-06-03 03:30:00+00:00","open_rate":151.99,"close_rate":158.6,"fee_open":0.0005,"fee_close":0.0005,"trade_duration":495,"profit_ratio":0.042401681549965785,"profit_abs":40.36356538,"exit_reason":"exit_signal","initial_stop_loss_abs":144.4,"initial_stop_loss_ratio":-0.05,"stop_loss_abs":144.4,"stop_loss_ratio":-0.05,"min_rate":151.66,"max_rate":162.31,"is_open":false,"enter_tag":"grid_level_-1","leverage":1.0,"is_short":false,"open_timestamp":1748891700000,"close_timestamp":1748921400000,"orders":[{"amount":6.26,"safe_price":151.99,"ft_order_side":"buy","order_filled_timestamp":1748891700000,"ft_is_entry":true,"ft_order_tag":"grid_level_-1","cost":951.9331287},{"amount":6.26,"safe_price":158.6,"ft_order_side":"sell","order_filled_timestamp":1748921400000,"ft_is_entry":false,"ft_order_tag":"exit_signal","cost":993.3324179999998}],"funding_fees":-0.042887919804},{"pair":"ETH/USDT:USDT","stake_amount":991.16012,"max_stake_amount":991.16012,"amount":0.382,"open_date":"2025-06-03 03:30:00+00:00","close_date":"2025-06-04 17:45:00+00:00","open_rate":2594.66,"close_rate":2634.84,"fee_open":0.0005,"fee_close":0.0005,"trade_duration":2295,"profit_ratio":0.014153091167782138,"profit_abs":14.03499353,"exit_reason":"exit_signal","initial_stop_loss_abs":2464.93,"initial_stop_loss_ratio":-0.05,"stop_loss_abs":2464.93,"stop_loss_ratio":-0.05,"min_rate":2563.0,"max_rate":2679.64,"is_open":false,"enter_tag":"grid_level_-1","leverage":1.0,"is_short":false,"open_timestamp":1748921400000,"close_timestamp":1749059100000,"orders":[{"amount":0.382,"safe_price":2594.66,"ft_order_side":"buy","order_filled_timestamp":1748921400000,"ft_is_entry":true,"ft_order_tag":"grid_level_-1","cost":991.65570006},{"amount":0.382,"safe_price":2634.84,"ft_order_side":"sell","order_filled_timestamp":1749059100000,"ft_is_entry":false,"ft_order_tag":"exit_signal","cost":1007.0121344400001}],"funding_fees":-0.3149319664052818},{"pair":"ETH/USDT:USDT","stake_amount":1005.04804,"max_stake_amount":1005.04804,"amount":0.388,"open_date":"2025-06-05 10:45:00+00:00","close_date":"2025-06-05 12:15:00+00:00","open_rate":2590.33,"close_rate":2618.37,"fee_open":0.0005,"fee_close":0.0005,"trade_duration":90,"profit_ratio":0.009814555879264275,"profit_abs":9.8690322,"exit_reason":"exit_signal","initial_stop_loss_abs":2460.82,"initial_stop_loss_ratio":-0.05,"stop_loss_abs":2460.82,"stop_loss_ratio":-0.05,"min_rate":2585.66,"max_rate":2627.7,"is_open":false,"enter_tag":"grid_level_-1","leverage":1.0,"is_short":false,"open_timestamp":1749120300000,"close_timestamp":1749125700000,"orders":[{"amount":0.388,"safe_price":2590.33,"ft_order_side":"buy","order_filled_timestamp":1749120300000,"ft_is_entry":true,"ft_order_tag":"grid_level_-1","cost":1005.5505640199999},{"amount":0.388,"safe_price":2618.37,"ft_order_side":"sell","order_filled_timestamp":1749125700000,"ft_is_entry":false,"ft_order_tag":"exit_signal","cost":1016.4355237799999}],"funding_fees":0.0},{"pair":"SOL/USDT:USDT","stake_amount":1015.5803,"max_stake_amount":1015.5803,"amount":6.79,"open_date":"2025-06-07 04:45:00+00:00","close_date":"2025-06-08 17:00:00+00:00","open_rate":149.57,"close_rate":152.14,"fee_open":0.0005,"fee_close":0.0005,"trade_duration":2175,"profit_ratio":0.0161623841566489,"profit_abs":16.42240605,"exit_reason":"exit_signal","initial_stop_loss_abs":142.1,"initial_stop_loss_ratio":-0.05,"stop_loss_abs":142.1,"stop_loss_ratio":-0.05,"min_rate":147.59,"max_rate":153.25,"is_open":false,"enter_tag":"grid_level_-1","leverage":1.0,"is_short":false,"open_timestamp":1749271500000,"close_timestamp":1749402000000,"orders":[{"amount":6.79,"safe_price":149.57,"ft_order_side":"buy","order_filled_timestamp":1749271500000,"ft_is_entry":true,"ft_order_tag":"grid_level_-1","cost":1016.0880901499999},{"amount":6.79,"safe_price":152.14,"ft_order_side":"sell","order_filled_timestamp":1749402000000,"ft_is_entry":false,"ft_order_tag":"exit_signal","cost":1033.5471152999999}],"funding_fees":-0.003588499841189204},{"pair":"ETH/USDT:USDT","stake_amount":1030.93032,"max_stake_amount":1030.93032,"amount":0.408,"open_date":"2025-06-08 17:00:00+00:00","close_date":"2025-06-10 03:15:00+00:00","open_rate":2526.79,"close_rate":2680.64,"fee_open":0.0005,"fee_close":0.0005,"trade_duration":2055,"profit_ratio":0.059593493137853136,"profit_abs":61.46745732,"exit_reason":"exit_signal","initial_stop_loss_abs":2400.46,"initial_stop_loss_ratio":-0.05,"stop_loss_abs":2400.46,"stop_loss_ratio":-0.05,"min_rate":2475.83,"max_rate":2726.83,"is_open":false,"enter_tag":"grid_level_-1","leverage":1.0,"is_short":false,"open_timestamp":1749402000000,"close_timestamp":1749525300000,"orders":[{"amount":0.408,"safe_price":2526.79,"ft_order_side":"buy","order_filled_timestamp":1749402000000,"ft_is_entry":true,"ft_order_tag":"grid_level_-1","cost":1031.4457851599998},{"amount":0.408,"safe_price":2680.64,"ft_order_side":"sell","order_filled_timestamp":1749525300000,"ft_is_entry":false,"ft_order_tag":"exit_signal","cost":1094.2479705599999}],"funding_fees":-0.24102695885358613},{"pair":"ETH/USDT:USDT","stake_amount":1090.727,"max_stake_amount":1090.727,"amount":0.433,"open_date":"2025-06-14 21:30:00+00:00","close_date":"2025-06-16 18:00:00+00:00","open_rate":2519.0,"close_rate":2632.75,"fee_open":0.0005,"fee_close":0.0005,"trade_duration":2670,"profit_ratio":0.04375542890764318,"profit_abs":47.74909032,"exit_reason":"exit_signal","initial_stop_loss_abs":2393.05,"initial_stop_loss_ratio":-0.05,"stop_loss_abs":2393.05,"stop_loss_ratio":-0.05,"min_rate":2490.38,"max_rate":2656.51,"is_open":false,"enter_tag":"grid_level_-1","leverage":1.0,"is_short":false,"open_timestamp":1749936600000,"close_timestamp":1750096800000,"orders":[{"amount":0.433,"safe_price":2519.0,"ft_order_side":"buy","order_filled_timestamp":1749936600000,"ft_is_entry":true,"ft_order_tag":"grid_level_-1","cost":1091.2723635},{"amount":0.433,"safe_price":2632.75,"ft_order_side":"sell","order_filled_timestamp":1750096800000,"ft_is_entry":false,"ft_order_tag":"exit_signal","cost":1140.5507403749998}],"funding_fees":-0.38930580310105034},{"pair":"ETH/USDT:USDT","stake_amount":1138.86992,"max_stake_amount":1138.86992,"amount":0.446,"open_date":"2025-06-16 22:45:00+00:00","close_date":"2025-06-20 17:15:00+00:00","open_rate":2553.52,"close_rate":2425.85,"fee_open":0.0005,"fee_close":0.0005,"trade_duration":5430,"profit_ratio":-0.0515842228146169,"profit_abs":-58.77709357,"exit_reason":"stop_loss","initial_stop_loss_abs":2425.85,"initial_stop_loss_ratio":-0.05,"stop_loss_abs":2425.85,"stop_loss_ratio":-0.05,"min_rate":2404.75,"max_rate":2617.74,"is_open":false,"enter_tag":"grid_level_-1","leverage":1.0,"is_short":false,"open_timestamp":1750113900000,"close_timestamp":1750439700000,"orders":[{"amount":0.446,"safe_price":2553.52,"ft_order_side":"buy","order_filled_timestamp":1750113900000,"ft_is_entry":true,"ft_order_tag":"grid_level_-1","cost":1139.43935496},{"amount":0.446,"safe_price":2425.85,"ft_order_side":"sell","order_filled_timestamp":1750439700000,"ft_is_entry":false,"ft_order_tag":"stop_loss","cost":1082.47006455}],"funding_fees":-0.725874064508343},{"pair":"SOL/USDT:USDT","stake_amount":1081.6004,"max_stake_amount":1081.6004,"amount":7.39,"open_date":"2025-06-23 22:30:00+00:00","close_date":"2025-06-26 22:45:00+00:00","open_rate":146.36,"close_rate":139.05,"fee_open":0.0005,"fee_close":0.0005,"trade_duration":4335,"profit_ratio":-0.05110818678724954,"profit_abs":-55.30627459,"exit_reason":"stop_loss","initial_stop_loss_abs":139.05,"initial_stop_loss_ratio":-0.05,"stop_loss_abs":139.05,"stop_loss_ratio":-0.05,"min_rate":138.82,"max_rate":147.99,"is_open":false,"enter_tag":"grid_level_-1","leverage":1.0,"is_short":false,"open_timestamp":1750717800000,"close_timestamp":1750977900000,"orders":[{"amount":7.39,"safe_price":146.36,"ft_order_side":"buy","order_filled_timestamp":1750717800000,"ft_is_entry":true,"ft_order_tag":"grid_level_-1","cost":1082.1412002},{"amount":7.39,"safe_price":139.05,"ft_order_side":"sell","order_filled_timestamp":1750977900000,"ft_is_entry":false,"ft_order_tag":"stop_loss","cost":1028.09328975}],"funding_fees":-0.2307846434398078},{"pair":"SOL/USDT:USDT","stake_amount":1027.1052,"max_stake_amount":1027.1052,"amount":7.01,"open_date":"2025-06-28 08:00:00+00:00","close_date":"2025-06-30 20:45:00+00:00","open_rate":146.52,"close_rate":156.73,"fee_open":0.0005,"fee_close":0.0005,"trade_duration":3645,"profit_ratio":0.0680485347927661,"profit_abs":69.92795044,"exit_reason":"exit_signal","initial_stop_loss_abs":139.2,"initial_stop_loss_ratio":-0.05,"stop_loss_abs":139.2,"stop_loss_ratio":-0.05,"min_rate":145.55,"max_rate":160.0,"is_open":false,"enter_tag":"grid_level_-1","leverage":1.0,"is_short":false,"open_timestamp":1751097600000,"close_timestamp":1751316300000,"orders":[{"amount":7.01,"safe_price":146.52,"ft_order_side":"buy","order_filled_timestamp":1751097600000,"ft_is_entry":true,"ft_order_tag":"grid_level_-1","cost":1027.6187525999999},{"amount":7.01,"safe_price":156.73,"ft_order_side":"sell","order_filled_timestamp":1751316300000,"ft_is_entry":false,"ft_order_tag":"exit_signal","cost":1099.2266386499998}],"funding_fees":-0.5812583057735023},{"pair":"ETH/USDT:USDT","stake_amount":1095.17444,"max_stake_amount":1095.17444,"amount":0.437,"open_date":"2025-06-30 20:45:00+00:00","close_date":"2025-07-02 01:15:00+00:00","open_rate":2506.12,"close_rate":2380.82,"fee_open":0.0005,"fee_close":0.0005,"trade_duration":1710,"profit_ratio":-0.051048338420205334,"profit_abs":-55.93478886,"exit_reason":"stop_loss","initial_stop_loss_abs":2380.82,"initial_stop_loss_ratio":-0.05,"stop_loss_abs":2380.82,"stop_loss_ratio":-0.05,"min_rate":2367.53,"max_rate":2509.61,"is_open":false,"enter_tag":"grid_level_-1","leverage":1.0,"is_short":false,"open_timestamp":1751316300000,"close_timestamp":1751418900000,"orders":[{"amount":0.437,"safe_price":2506.12,"ft_order_side":"buy","order_filled_timestamp":1751316300000,"ft_is_entry":true,"ft_order_tag":"grid_level_-1","cost":1095.72202722},{"amount":0.437,"safe_price":2380.82,"ft_order_side":"sell","order_filled_timestamp":1751418900000,"ft_is_entry":false,"ft_order_tag":"stop_loss","cost":1040.9385491700002}],"funding_fees":-0.11089247180347682},{"pair":"SUI/USDT:USDT","stake_amount":1041.24061,"max_stake_amount":1041.24061,"amount":355.7,"open_date":"2025-07-02 19:30:00+00:00","close_date":"2025-07-03 14:00:00+00:00","open_rate":2.9273,"close_rate":3.056,"fee_open":0.0005,"fee_close":0.0005,"trade_duration":1110,"profit_ratio":0.0428230116866021,"profit_abs":44.61135334,"exit_reason":"force_exit","initial_stop_loss_abs":2.781,"initial_stop_loss_ratio":-0.05,"stop_loss_abs":2.781,"stop_loss_ratio":-0.05,"min_rate":2.8712,"max_rate":3.0895,"is_open":false,"enter_tag":"grid_level_-1","leverage":1.0,"is_short":false,"open_timestamp":1751484600000,"close_timestamp":1751551200000,"orders":[{"amount":355.7,"safe_price":2.9273,"ft_order_side":"buy","order_filled_timestamp":1751484600000,"ft_is_entry":true,"ft_order_tag":"grid_level_-1","cost":1041.7612303049998},{"amount":355.7,"safe_price":3.056,"ft_order_side":"sell","order_filled_timestamp":1751551200000,"ft_is_entry":false,"ft_order_tag":"force_exit","cost":1087.5627095999998}],"funding_fees":-0.103106759}],"locks":[],"best_pair":{"key":"SOL/USDT:USDT","trades":4,"profit_mean":0.01887610342803281,"profit_mean_pct":1.89,"profit_sum":0.07550441371213124,"profit_sum_pct":7.55,"profit_total_abs":71.40764727999999,"profit_total":0.07140764727999999,"profit_total_pct":7.14,"duration_avg":"1 day, 20:22:00","wins":3,"draws":0,"losses":1,"winrate":0.75,"cagr":0.6895881293962907,"expectancy":17.85191182,"expectancy_ratio":0.322782757514241,"sortino":-100,"sharpe":0.6139277297360273,"calmar":54.30784291002501,"sqn":0.6679,"profit_factor":2.291131030056964,"max_drawdown_account":0.05233441404900732,"max_drawdown_abs":55.30627459},"worst_pair":{"key":"ETH/USDT:USDT","trades":12,"profit_mean":-0.0006427378230637564,"profit_mean_pct":-0.06,"profit_sum":-0.007712853876765076,"profit_sum_pct":-0.77,"profit_total_abs":-19.61079403999998,"profit_total":-0.01961079403999998,"profit_total_pct":-1.96,"duration_avg":"1 day, 15:10:00","wins":7,"draws":0,"losses":5,"winrate":0.5833333333333334,"cagr":-0.13981290956055503,"expectancy":-1.634232836666662,"expectancy_ratio":-0.03157864240188768,"sortino":-1.5785497703553397,"sharpe":-0.17448964919576399,"calmar":-5.418820330358201,"sqn":-0.1212,"profit_factor":0.9242112582354691,"max_drawdown_account":0.14404414892,"max_drawdown_abs":144.04414892},"results_per_pair":[{"key":"SOL/USDT:USDT","trades":4,"profit_mean":0.01887610342803281,"profit_mean_pct":1.89,"profit_sum":0.07550441371213124,"profit_sum_pct":7.55,"profit_total_abs":71.40764727999999,"profit_total":0.07140764727999999,"profit_total_pct":7.14,"duration_avg":"1 day, 20:22:00","wins":3,"draws":0,"losses":1,"winrate":0.75,"cagr":0.6895881293962907,"expectancy":17.85191182,"expectancy_ratio":0.322782757514241,"sortino":-100,"sharpe":0.6139277297360273,"calmar":54.30784291002501,"sqn":0.6679,"profit_factor":2.291131030056964,"max_drawdown_account":0.05233441404900732,"max_drawdown_abs":55.30627459},{"key":"SUI/USDT:USDT","trades":1,"profit_mean":0.0428230116866021,"profit_mean_pct":4.28,"profit_sum":0.0428230116866021,"profit_sum_pct":4.28,"profit_total_abs":44.61135334,"profit_total":0.04461135334,"profit_total_pct":4.46,"duration_avg":"18:30:00","wins":1,"draws":0,"losses":0,"winrate":1.0,"cagr":0.39358997855232647,"expectancy":44.61135334,"expectancy_ratio":100.0,"sortino":-100,"sharpe":-100,"calmar":-100,"sqn":-100.0,"profit_factor":0.0,"max_drawdown_account":0.0,"max_drawdown_abs":0.0},{"key":"ETH/USDT:USDT","trades":12,"profit_mean":-0.0006427378230637564,"profit_mean_pct":-0.06,"profit_sum":-0.007712853876765076,"profit_sum_pct":-0.77,"profit_total_abs":-19.61079403999998,"profit_total":-0.01961079403999998,"profit_total_pct":-1.96,"duration_avg":"1 day, 15:10:00","wins":7,"draws":0,"losses":5,"winrate":0.5833333333333334,"cagr":-0.13981290956055503,"expectancy":-1.634232836666662,"expectancy_ratio":-0.03157864240188768,"sortino":-1.5785497703553397,"sharpe":-0.17448964919576399,"calmar":-5.418820330358201,"sqn":-0.1212,"profit_factor":0.9242112582354691,"max_drawdown_account":0.14404414892,"max_drawdown_abs":144.04414892},{"key":"TOTAL","trades":17,"profit_mean":0.00650673950129225,"profit_mean_pct":0.65,"profit_sum":0.11061457152196826,"profit_sum_pct":11.06,"profit_total_abs":96.40820658000001,"profit_total":0.09640820658000002,"profit_total_pct":9.64,"duration_avg":"1 day, 15:11:00","wins":11,"draws":0,"losses":6,"winrate":0.6470588235294118,"cagr":1.0135195960038592,"expectancy":5.671070975294118,"expectancy_ratio":0.10834291542858798,"sortino":8.156852688216873,"sharpe":0.8416579684492532,"calmar":26.639347125032472,"sqn":0.4976,"profit_factor":1.3069715937143322,"max_drawdown_account":0.14404414892,"max_drawdown_abs":144.04414892}],"results_per_enter_tag":[{"key":"grid_level_-1","trades":17,"profit_mean":0.00650673950129225,"profit_mean_pct":0.65,"profit_sum":0.11061457152196826,"profit_sum_pct":11.06,"profit_total_abs":96.40820658000001,"profit_total":0.09640820658000002,"profit_total_pct":9.64,"duration_avg":"1 day, 15:11:00","wins":11,"draws":0,"losses":6,"winrate":0.6470588235294118,"cagr":1.0135195960038592,"expectancy":5.671070975294118,"expectancy_ratio":0.10834291542858798,"sortino":8.156852688216873,"sharpe":0.8416579684492532,"calmar":26.639347125032472,"sqn":0.4976,"profit_factor":1.3069715937143322,"max_drawdown_account":0.14404414892,"max_drawdown_abs":144.04414892},{"key":"TOTAL","trades":17,"profit_mean":0.00650673950129225,"profit_mean_pct":0.65,"profit_sum":0.11061457152196826,"profit_sum_pct":11.06,"profit_total_abs":96.40820658000001,"profit_total":0.09640820658000002,"profit_total_pct":9.64,"duration_avg":"1 day, 15:11:00","wins":11,"draws":0,"losses":6,"winrate":0.6470588235294118,"cagr":1.0135195960038592,"expectancy":5.671070975294118,"expectancy_ratio":0.10834291542858798,"sortino":8.156852688216873,"sharpe":0.8416579684492532,"calmar":26.639347125032472,"sqn":0.4976,"profit_factor":1.3069715937143322,"max_drawdown_account":0.14404414892,"max_drawdown_abs":144.04414892}],"exit_reason_summary":[{"key":"exit_signal","trades":10,"profit_mean":0.03747090262396322,"profit_mean_pct":3.75,"profit_sum":0.3747090262396322,"profit_sum_pct":37.47,"profit_total_abs":365.85915918,"profit_total":0.36585915918,"profit_total_pct":36.59,"duration_avg":"1 day, 13:06:00","wins":10,"draws":0,"losses":0,"winrate":1.0,"cagr":9.706540841169872,"expectancy":36.585915918,"expectancy_ratio":100.0,"sortino":-100,"sharpe":7.340679016326272,"calmar":-100,"sqn":5.5329,"profit_factor":0.0,"max_drawdown_account":0.0,"max_drawdown_abs":0.0},{"key":"force_exit","trades":1,"profit_mean":0.0428230116866021,"profit_mean_pct":4.28,"profit_sum":0.0428230116866021,"profit_sum_pct":4.28,"profit_total_abs":44.61135334,"profit_total":0.04461135334,"profit_total_pct":4.46,"duration_avg":"18:30:00","wins":1,"draws":0,"losses":0,"winrate":1.0,"cagr":0.39358997855232647,"expectancy":44.61135334,"expectancy_ratio":100.0,"sortino":-100,"sharpe":-100,"calmar":-100,"sqn":-100.0,"profit_factor":0.0,"max_drawdown_account":0.0,"max_drawdown_abs":0.0},{"key":"stop_loss","trades":6,"profit_mean":-0.051152911067377675,"profit_mean_pct":-5.12,"profit_sum":-0.30691746640426604,"profit_sum_pct":-30.69,"profit_total_abs":-314.06230594,"profit_total":-0.31406230594,"profit_total_pct":-31.41,"duration_avg":"1 day, 22:05:00","wins":0,"draws":0,"losses":6,"winrate":0.0,"cagr":-0.9431040519856426,"expectancy":-52.34371765666666,"expectancy_ratio":-1.0,"sortino":-26.572011401835564,"sharpe":-26.572011401835564,"calmar":-39.80202744696417,"sqn":-24.8801,"profit_factor":0.0,"max_drawdown_account":0.31406230594,"max_drawdown_abs":314.06230594},{"key":"TOTAL","trades":17,"profit_mean":0.00650673950129225,"profit_mean_pct":0.65,"profit_sum":0.11061457152196826,"profit_sum_pct":11.06,"profit_total_abs":96.40820658000001,"profit_total":0.09640820658000002,"profit_total_pct":9.64,"duration_avg":"1 day, 15:11:00","wins":11,"draws":0,"losses":6,"winrate":0.6470588235294118,"cagr":1.0135195960038592,"expectancy":5.671070975294118,"expectancy_ratio":0.10834291542858798,"sortino":8.156852688216873,"sharpe":0.8416579684492532,"calmar":26.639347125032472,"sqn":0.4976,"profit_factor":1.3069715937143322,"max_drawdown_account":0.14404414892,"max_drawdown_abs":144.04414892}],"mix_tag_stats":[{"key":["grid_level_-1","exit_signal"],"trades":10,"profit_mean":0.03747090262396322,"profit_mean_pct":3.75,"profit_sum":0.3747090262396322,"profit_sum_pct":37.47,"profit_total_abs":365.85915918,"profit_total":0.36585915918,"profit_total_pct":36.59,"duration_avg":"1 day, 13:06:00","wins":10,"draws":0,"losses":0,"winrate":1.0,"cagr":9.706540841169872,"expectancy":36.585915918,"expectancy_ratio":100.0,"sortino":-100,"sharpe":7.340679016326272,"calmar":-100,"sqn":5.5329,"profit_factor":0.0,"max_drawdown_account":0.0,"max_drawdown_abs":0.0},{"key":["grid_level_-1","force_exit"],"trades":1,"profit_mean":0.0428230116866021,"profit_mean_pct":4.28,"profit_sum":0.0428230116866021,"profit_sum_pct":4.28,"profit_total_abs":44.61135334,"profit_total":0.04461135334,"profit_total_pct":4.46,"duration_avg":"18:30:00","wins":1,"draws":0,"losses":0,"winrate":1.0,"cagr":0.39358997855232647,"expectancy":44.61135334,"expectancy_ratio":100.0,"sortino":-100,"sharpe":-100,"calmar":-100,"sqn":-100.0,"profit_factor":0.0,"max_drawdown_account":0.0,"max_drawdown_abs":0.0},{"key":["grid_level_-1","stop_loss"],"trades":6,"profit_mean":-0.051152911067377675,"profit_mean_pct":-5.12,"profit_sum":-0.30691746640426604,"profit_sum_pct":-30.69,"profit_total_abs":-314.06230594,"profit_total":-0.31406230594,"profit_total_pct":-31.41,"duration_avg":"1 day, 22:05:00","wins":0,"draws":0,"losses":6,"winrate":0.0,"cagr":-0.9431040519856426,"expectancy":-52.34371765666666,"expectancy_ratio":-1.0,"sortino":-26.572011401835564,"sharpe":-26.572011401835564,"calmar":-39.80202744696417,"sqn":-24.8801,"profit_factor":0.0,"max_drawdown_account":0.31406230594,"max_drawdown_abs":314.06230594},{"key":"TOTAL","trades":17,"profit_mean":0.00650673950129225,"profit_mean_pct":0.65,"profit_sum":0.11061457152196826,"profit_sum_pct":11.06,"profit_total_abs":96.40820658000001,"profit_total":0.09640820658000002,"profit_total_pct":9.64,"duration_avg":"1 day, 15:11:00","wins":11,"draws":0,"losses":6,"winrate":0.6470588235294118,"cagr":1.0135195960038592,"expectancy":5.671070975294118,"expectancy_ratio":0.10834291542858798,"sortino":8.156852688216873,"sharpe":0.8416579684492532,"calmar":26.639347125032472,"sqn":0.4976,"profit_factor":1.3069715937143322,"max_drawdown_account":0.14404414892,"max_drawdown_abs":144.04414892}],"left_open_trades":[{"key":"SUI/USDT:USDT","trades":1,"profit_mean":0.0428230116866021,"profit_mean_pct":4.28,"profit_sum":0.0428230116866021,"profit_sum_pct":4.28,"profit_total_abs":44.61135334,"profit_total":0.04461135334,"profit_total_pct":4.46,"duration_avg":"18:30:00","wins":1,"draws":0,"losses":0,"winrate":1.0,"cagr":0.39358997855232647,"expectancy":44.61135334,"expectancy_ratio":100.0,"sortino":-100,"sharpe":-100,"calmar":-100,"sqn":-100.0,"profit_factor":0.0,"max_drawdown_account":0.0,"max_drawdown_abs":0.0},{"key":"TOTAL","trades":1,"profit_mean":0.0428230116866021,"profit_mean_pct":4.28,"profit_sum":0.0428230116866021,"profit_sum_pct":4.28,"profit_total_abs":44.61135334,"profit_total":0.04461135334,"profit_total_pct":4.46,"duration_avg":"18:30:00","wins":1,"draws":0,"losses":0,"winrate":1.0,"cagr":0.39358997855232647,"expectancy":44.61135334,"expectancy_ratio":100.0,"sortino":-100,"sharpe":-100,"calmar":-100,"sqn":-100.0,"profit_factor":0.0,"max_drawdown_account":0.0,"max_drawdown_abs":0.0}],"total_trades":17,"trade_count_long":17,"trade_count_short":0,"total_volume":34054.999230119996,"avg_stake_amount":997.6656182352941,"profit_mean":0.00650673950129225,"profit_median":0.0161623841566489,"profit_total":0.09640820658000002,"profit_total_long":0.09640820658000002,"profit_total_short":0.0,"profit_total_abs":96.40820658000001,"profit_total_long_abs":96.40820658000001,"profit_total_short_abs":0.0,"cagr":1.0135195960038592,"expectancy":5.671070975294118,"expectancy_ratio":0.10834291542858798,"sortino":8.156852688216873,"sharpe":0.8416579684492532,"calmar":26.639347125032472,"sqn":0.4976,"profit_factor":1.3069715937143322,"backtest_start":"2025-05-16 00:00:00","backtest_start_ts":1747353600000,"backtest_end":"2025-07-03 14:00:00","backtest_end_ts":1751551200000,"backtest_days":48,"backtest_run_start_ts":1751553980,"backtest_run_end_ts":1751553980,"trades_per_day":0.35,"market_change":-0.10059978247388068,"pairlist":["SOL/USDT:USDT","ETH/USDT:USDT","SUI/USDT:USDT"],"stake_amount":"unlimited","stake_currency":"USDT","stake_currency_decimals":3,"starting_balance":1000,"dry_run_wallet":1000,"final_balance":1096.40820658,"rejected_signals":459,"timedout_entry_orders":0,"timedout_exit_orders":0,"canceled_trade_entries":0,"canceled_entry_orders":0,"replaced_entry_orders":0,"max_open_trades":1,"max_open_trades_setting":1,"timeframe":"15m","timeframe_detail":"","timerange":"","enable_protections":false,"strategy_name":"SimpleGridDCA","stoploss":-0.05,"trailing_stop":false,"trailing_stop_positive":null,"trailing_stop_positive_offset":0.0,"trailing_only_offset_is_reached":false,"use_custom_stoploss":false,"minimal_roi":{},"use_exit_signal":true,"exit_profit_only":false,"exit_profit_offset":0.0,"ignore_roi_if_entry_signal":false,"trading_mode":"futures","margin_mode":"isolated","periodic_breakdown":{"day":[{"date":"18/05/2025","date_ts":1747526400000,"profit_abs":-50.7097254,"wins":0,"draws":0,"losses":1,"trades":1,"profit_factor":0.0},{"date":"19/05/2025","date_ts":1747612800000,"profit_abs":-47.80899993,"wins":0,"draws":0,"losses":1,"trades":1,"profit_factor":0.0},{"date":"20/05/2025","date_ts":1747699200000,"profit_abs":-45.52542359,"wins":0,"draws":0,"losses":1,"trades":1,"profit_factor":0.0},{"date":"21/05/2025","date_ts":1747785600000,"profit_abs":0.0,"wins":0,"draws":0,"losses":0,"trades":0,"profit_factor":0.0},{"date":"22/05/2025","date_ts":1747872000000,"profit_abs":50.67275466,"wins":1,"draws":0,"losses":0,"trades":1,"profit_factor":0.0},{"date":"23/05/2025","date_ts":1747958400000,"profit_abs":0.0,"wins":0,"draws":0,"losses":0,"trades":0,"profit_factor":0.0},{"date":"24/05/2025","date_ts":1748044800000,"profit_abs":0.0,"wins":0,"draws":0,"losses":0,"trades":0,"profit_factor":0.0},{"date":"25/05/2025","date_ts":1748131200000,"profit_abs":0.0,"wins":0,"draws":0,"losses":0,"trades":0,"profit_factor":0.0},{"date":"26/05/2025","date_ts":1748217600000,"profit_abs":0.0,"wins":0,"draws":0,"losses":0,"trades":0,"profit_factor":0.0},{"date":"27/05/2025","date_ts":1748304000000,"profit_abs":33.97691881,"wins":1,"draws":0,"losses":0,"trades":1,"profit_factor":0.0},{"date":"28/05/2025","date_ts":1748390400000,"profit_abs":0.0,"wins":0,"draws":0,"losses":0,"trades":0,"profit_factor":0.0},{"date":"29/05/2025","date_ts":1748476800000,"profit_abs":0.0,"wins":0,"draws":0,"losses":0,"trades":0,"profit_factor":0.0},{"date":"30/05/2025","date_ts":1748563200000,"profit_abs":21.37499047,"wins":1,"draws":0,"losses":0,"trades":1,"profit_factor":0.0},{"date":"31/05/2025","date_ts":1748649600000,"profit_abs":0.0,"wins":0,"draws":0,"losses":0,"trades":0,"profit_factor":0.0},{"date":"01/06/2025","date_ts":1748736000000,"profit_abs":0.0,"wins":0,"draws":0,"losses":0,"trades":0,"profit_factor":0.0},{"date":"02/06/2025","date_ts":1748822400000,"profit_abs":0.0,"wins":0,"draws":0,"losses":0,"trades":0,"profit_factor":0.0},{"date":"03/06/2025","date_ts":1748908800000,"profit_abs":40.36356538,"wins":1,"draws":0,"losses":0,"trades":1,"profit_factor":0.0},{"date":"04/06/2025","date_ts":1748995200000,"profit_abs":14.03499353,"wins":1,"draws":0,"losses":0,"trades":1,"profit_factor":0.0},{"date":"05/06/2025","date_ts":1749081600000,"profit_abs":9.8690322,"wins":1,"draws":0,"losses":0,"trades":1,"profit_factor":0.0},{"date":"06/06/2025","date_ts":1749168000000,"profit_abs":0.0,"wins":0,"draws":0,"losses":0,"trades":0,"profit_factor":0.0},{"date":"07/06/2025","date_ts":1749254400000,"profit_abs":0.0,"wins":0,"draws":0,"losses":0,"trades":0,"profit_factor":0.0},{"date":"08/06/2025","date_ts":1749340800000,"profit_abs":16.42240605,"wins":1,"draws":0,"losses":0,"trades":1,"profit_factor":0.0},{"date":"09/06/2025","date_ts":1749427200000,"profit_abs":0.0,"wins":0,"draws":0,"losses":0,"trades":0,"profit_factor":0.0},{"date":"10/06/2025","date_ts":1749513600000,"profit_abs":61.46745732,"wins":1,"draws":0,"losses":0,"trades":1,"profit_factor":0.0},{"date":"11/06/2025","date_ts":1749600000000,"profit_abs":0.0,"wins":0,"draws":0,"losses":0,"trades":0,"profit_factor":0.0},{"date":"12/06/2025","date_ts":1749686400000,"profit_abs":0.0,"wins":0,"draws":0,"losses":0,"trades":0,"profit_factor":0.0},{"date":"13/06/2025","date_ts":1749772800000,"profit_abs":0.0,"wins":0,"draws":0,"losses":0,"trades":0,"profit_factor":0.0},{"date":"14/06/2025","date_ts":1749859200000,"profit_abs":0.0,"wins":0,"draws":0,"losses":0,"trades":0,"profit_factor":0.0},{"date":"15/06/2025","date_ts":1749945600000,"profit_abs":0.0,"wins":0,"draws":0,"losses":0,"trades":0,"profit_factor":0.0},{"date":"16/06/2025","date_ts":1750032000000,"profit_abs":47.74909032,"wins":1,"draws":0,"losses":0,"trades":1,"profit_factor":0.0},{"date":"17/06/2025","date_ts":1750118400000,"profit_abs":0.0,"wins":0,"draws":0,"losses":0,"trades":0,"profit_factor":0.0},{"date":"18/06/2025","date_ts":1750204800000,"profit_abs":0.0,"wins":0,"draws":0,"losses":0,"trades":0,"profit_factor":0.0},{"date":"19/06/2025","date_ts":1750291200000,"profit_abs":0.0,"wins":0,"draws":0,"losses":0,"trades":0,"profit_factor":0.0},{"date":"20/06/2025","date_ts":1750377600000,"profit_abs":-58.77709357,"wins":0,"draws":0,"losses":1,"trades":1,"profit_factor":0.0},{"date":"21/06/2025","date_ts":1750464000000,"profit_abs":0.0,"wins":0,"draws":0,"losses":0,"trades":0,"profit_factor":0.0},{"date":"22/06/2025","date_ts":1750550400000,"profit_abs":0.0,"wins":0,"draws":0,"losses":0,"trades":0,"profit_factor":0.0},{"date":"23/06/2025","date_ts":1750636800000,"profit_abs":0.0,"wins":0,"draws":0,"losses":0,"trades":0,"profit_factor":0.0},{"date":"24/06/2025","date_ts":1750723200000,"profit_abs":0.0,"wins":0,"draws":0,"losses":0,"trades":0,"profit_factor":0.0},{"date":"25/06/2025","date_ts":1750809600000,"profit_abs":0.0,"wins":0,"draws":0,"losses":0,"trades":0,"profit_factor":0.0},{"date":"26/06/2025","date_ts":1750896000000,"profit_abs":-55.30627459,"wins":0,"draws":0,"losses":1,"trades":1,"profit_factor":0.0},{"date":"27/06/2025","date_ts":1750982400000,"profit_abs":0.0,"wins":0,"draws":0,"losses":0,"trades":0,"profit_factor":0.0},{"date":"28/06/2025","date_ts":1751068800000,"profit_abs":0.0,"wins":0,"draws":0,"losses":0,"trades":0,"profit_factor":0.0},{"date":"29/06/2025","date_ts":1751155200000,"profit_abs":0.0,"wins":0,"draws":0,"losses":0,"trades":0,"profit_factor":0.0},{"date":"30/06/2025","date_ts":1751241600000,"profit_abs":69.92795044,"wins":1,"draws":0,"losses":0,"trades":1,"profit_factor":0.0},{"date":"01/07/2025","date_ts":1751328000000,"profit_abs":0.0,"wins":0,"draws":0,"losses":0,"trades":0,"profit_factor":0.0},{"date":"02/07/2025","date_ts":1751414400000,"profit_abs":-55.93478886,"wins":0,"draws":0,"losses":1,"trades":1,"profit_factor":0.0},{"date":"03/07/2025","date_ts":1751500800000,"profit_abs":44.61135334,"wins":1,"draws":0,"losses":0,"trades":1,"profit_factor":0.0}],"week":[{"date":"19/05/2025","date_ts":1747612800000,"profit_abs":-98.51872533,"wins":0,"draws":0,"losses":2,"trades":2,"profit_factor":0.0},{"date":"26/05/2025","date_ts":1748217600000,"profit_abs":5.14733107,"wins":1,"draws":0,"losses":1,"trades":2,"profit_factor":1.11306498},{"date":"02/06/2025","date_ts":1748822400000,"profit_abs":55.35190928,"wins":2,"draws":0,"losses":0,"trades":2,"profit_factor":0.0},{"date":"09/06/2025","date_ts":1749427200000,"profit_abs":80.68999716,"wins":4,"draws":0,"losses":0,"trades":4,"profit_factor":0.0},{"date":"16/06/2025","date_ts":1750032000000,"profit_abs":109.21654764,"wins":2,"draws":0,"losses":0,"trades":2,"profit_factor":0.0},{"date":"23/06/2025","date_ts":1750636800000,"profit_abs":-58.77709357,"wins":0,"draws":0,"losses":1,"trades":1,"profit_factor":0.0},{"date":"30/06/2025","date_ts":1751241600000,"profit_abs":14.62167585,"wins":1,"draws":0,"losses":1,"trades":2,"profit_factor":1.26437644},{"date":"07/07/2025","date_ts":1751846400000,"profit_abs":-11.32343552,"wins":1,"draws":0,"losses":1,"trades":2,"profit_factor":0.79756006}],"month":[{"date":"31/05/2025","date_ts":1748649600000,"profit_abs":-38.01948498,"wins":3,"draws":0,"losses":3,"trades":6,"profit_factor":0.73605672},{"date":"30/06/2025","date_ts":1751241600000,"profit_abs":145.75112708,"wins":7,"draws":0,"losses":2,"trades":9,"profit_factor":2.27758436},{"date":"31/07/2025","date_ts":1753920000000,"profit_abs":-11.32343552,"wins":1,"draws":0,"losses":1,"trades":2,"profit_factor":0.79756006}],"year":[{"date":"31/12/2025","date_ts":1767139200000,"profit_abs":96.40820658,"wins":11,"draws":0,"losses":6,"trades":17,"profit_factor":1.30697159}]},"backtest_best_day":0.0680485347927661,"backtest_worst_day":-0.0515842228146169,"backtest_best_day_abs":69.92795044,"backtest_worst_day_abs":-58.77709357,"winning_days":11,"draw_days":30,"losing_days":6,"daily_profit":[["2025-05-18",-50.7097254],["2025-05-19",-47.80899993],["2025-05-20",-45.52542359],["2025-05-21",0.0],["2025-05-22",50.67275466],["2025-05-23",0.0],["2025-05-24",0.0],["2025-05-25",0.0],["2025-05-26",0.0],["2025-05-27",33.97691881],["2025-05-28",0.0],["2025-05-29",0.0],["2025-05-30",21.37499047],["2025-05-31",0.0],["2025-06-01",0.0],["2025-06-02",0.0],["2025-06-03",40.36356538],["2025-06-04",14.03499353],["2025-06-05",9.8690322],["2025-06-06",0.0],["2025-06-07",0.0],["2025-06-08",16.42240605],["2025-06-09",0.0],["2025-06-10",61.46745732],["2025-06-11",0.0],["2025-06-12",0.0],["2025-06-13",0.0],["2025-06-14",0.0],["2025-06-15",0.0],["2025-06-16",47.74909032],["2025-06-17",0.0],["2025-06-18",0.0],["2025-06-19",0.0],["2025-06-20",-58.77709357],["2025-06-21",0.0],["2025-06-22",0.0],["2025-06-23",0.0],["2025-06-24",0.0],["2025-06-25",0.0],["2025-06-26",-55.30627459],["2025-06-27",0.0],["2025-06-28",0.0],["2025-06-29",0.0],["2025-06-30",69.92795044],["2025-07-01",0.0],["2025-07-02",-55.93478886],["2025-07-03",44.61135334]],"wins":11,"losses":6,"draws":0,"winrate":0.6470588235294118,"holding_avg":"1 day, 15:11:00","holding_avg_s":141060.0,"winner_holding_min":"0d 01:30","winner_holding_min_s":5400.0,"winner_holding_max":"4d 08:45","winner_holding_max_s":377100.0,"winner_holding_avg":"1d 11:25","winner_holding_avg_s":127500.0,"loser_holding_min":"0d 04:30","loser_holding_min_s":16200.0,"loser_holding_max":"3d 18:30","loser_holding_max_s":325800.0,"loser_holding_avg":"1d 22:05","loser_holding_avg_s":165900.0,"max_consecutive_wins":9,"max_consecutive_losses":3,"max_drawdown_account":0.14404414892,"max_relative_drawdown":0.14404414892,"max_drawdown_abs":144.04414892,"drawdown_start":"2025-05-18 19:30:00","drawdown_start_ts":1747596600000.0,"drawdown_end":"2025-05-20 18:45:00","drawdown_end_ts":1747766700000.0,"max_drawdown_low":-144.04414892,"max_drawdown_high":-50.7097254,"csum_min":855.95585108,"csum_max":1151.88705982}},"strategy_comparison":[{"key":"SimpleGridDCA","trades":17,"profit_mean":0.00650673950129225,"profit_mean_pct":0.65,"profit_sum":0.11061457152196826,"profit_sum_pct":11.06,"profit_total_abs":96.40820658000001,"profit_total":0.09640820658000002,"profit_total_pct":9.64,"duration_avg":"1 day, 15:11:00","wins":11,"draws":0,"losses":6,"winrate":0.6470588235294118,"cagr":1.0135195960038592,"expectancy":5.671070975294118,"expectancy_ratio":0.10834291542858798,"sortino":8.156852688216873,"sharpe":0.8416579684492532,"calmar":26.639347125032472,"sqn":0.4976,"profit_factor":1.3069715937143322,"max_drawdown_account":0.14404414892,"max_drawdown_abs":"144.044"}]}