{"strategy":{"GridBotSample":{"trades":[{"pair":"ETH/USDT:USDT","stake_amount":999.704,"max_stake_amount":999.704,"amount":0.4,"open_date":"2025-05-17 00:30:00+00:00","close_date":"2025-05-18 04:30:00+00:00","open_rate":2499.26,"close_rate":2481.15,"fee_open":0.0005,"fee_close":0.0005,"trade_duration":1680,"profit_ratio":-0.008295868330649062,"profit_abs":-8.29755946,"exit_reason":"exit_signal","initial_stop_loss_abs":2249.34,"initial_stop_loss_ratio":-0.1,"stop_loss_abs":2249.34,"stop_loss_ratio":-0.1,"min_rate":2442.65,"max_rate":2512.33,"is_open":false,"enter_tag":"","leverage":1.0,"is_short":false,"open_timestamp":1747441800000,"close_timestamp":1747542600000,"orders":[{"amount":0.4,"safe_price":2499.26,"ft_order_side":"buy","order_filled_timestamp":1747441800000,"ft_is_entry":true,"ft_order_tag":"","cost":1000.2038520000001},{"amount":0.4,"safe_price":2481.15,"ft_order_side":"sell","order_filled_timestamp":1747542600000,"ft_is_entry":false,"ft_order_tag":"exit_signal","cost":992.95623}],"funding_fees":-0.057477460953596404},{"pair":"ETH/USDT:USDT","stake_amount":989.81008,"max_stake_amount":989.81008,"amount":0.398,"open_date":"2025-05-18 04:45:00+00:00","close_date":"2025-05-18 20:15:00+00:00","open_rate":2486.96,"close_rate":2367.12,"fee_open":0.0005,"fee_close":0.0005,"trade_duration":930,"profit_ratio":-0.04918950628935027,"profit_abs":-48.71261329,"exit_reason":"exit_signal","initial_stop_loss_abs":2238.27,"initial_stop_loss_ratio":-0.1,"stop_loss_abs":2238.27,"stop_loss_ratio":-0.1,"min_rate":2312.62,"max_rate":2587.52,"is_open":false,"enter_tag":"","leverage":1.0,"is_short":false,"open_timestamp":1747543500000,"close_timestamp":1747599300000,"orders":[{"amount":0.398,"safe_price":2486.96,"ft_order_side":"buy","order_filled_timestamp":1747543500000,"ft_is_entry":true,"ft_order_tag":"","cost":990.30498504},{"amount":0.398,"safe_price":2367.12,"ft_order_side":"sell","order_filled_timestamp":1747599300000,"ft_is_entry":false,"ft_order_tag":"exit_signal","cost":942.58481688}],"funding_fees":-0.05033137124152638},{"pair":"ETH/USDT:USDT","stake_amount":941.33641,"max_stake_amount":941.33641,"amount":0.391,"open_date":"2025-05-19 07:45:00+00:00","close_date":"2025-05-19 08:00:00+00:00","open_rate":2407.51,"close_rate":2402.53,"fee_open":0.0005,"fee_close":0.0005,"trade_duration":15,"profit_ratio":-0.0031311046479076507,"profit_abs":-2.94889652,"exit_reason":"exit_signal","initial_stop_loss_abs":2166.76,"initial_stop_loss_ratio":-0.1,"stop_loss_abs":2166.76,"stop_loss_ratio":-0.1,"min_rate":2389.0,"max_rate":2409.24,"is_open":false,"enter_tag":"","leverage":1.0,"is_short":false,"open_timestamp":1747640700000,"close_timestamp":1747641600000,"orders":[{"amount":0.391,"safe_price":2407.51,"ft_order_side":"buy","order_filled_timestamp":1747640700000,"ft_is_entry":true,"ft_order_tag":"","cost":941.807078205},{"amount":0.391,"safe_price":2402.53,"ft_order_side":"sell","order_filled_timestamp":1747641600000,"ft_is_entry":false,"ft_order_tag":"exit_signal","cost":939.8589246150001}],"funding_fees":-0.06135370058875337},{"pair":"ETH/USDT:USDT","stake_amount":939.2175,"max_stake_amount":939.2175,"amount":0.39,"open_date":"2025-05-19 08:15:00+00:00","close_date":"2025-05-19 08:30:00+00:00","open_rate":2408.25,"close_rate":2404.79,"fee_open":0.0005,"fee_close":0.0005,"trade_duration":15,"profit_ratio":-0.0024347921544262646,"profit_abs":-2.2879428,"exit_reason":"exit_signal","initial_stop_loss_abs":2167.43,"initial_stop_loss_ratio":-0.1,"stop_loss_abs":2167.43,"stop_loss_ratio":-0.1,"min_rate":2393.45,"max_rate":2422.11,"is_open":false,"enter_tag":"","leverage":1.0,"is_short":false,"open_timestamp":1747642500000,"close_timestamp":1747643400000,"orders":[{"amount":0.39,"safe_price":2408.25,"ft_order_side":"buy","order_filled_timestamp":1747642500000,"ft_is_entry":true,"ft_order_tag":"","cost":939.68710875},{"amount":0.39,"safe_price":2404.79,"ft_order_side":"sell","order_filled_timestamp":1747643400000,"ft_is_entry":false,"ft_order_tag":"exit_signal","cost":938.3370340499999}],"funding_fees":0.0},{"pair":"ETH/USDT:USDT","stake_amount":936.21408,"max_stake_amount":936.21408,"amount":0.389,"open_date":"2025-05-19 09:30:00+00:00","close_date":"2025-05-19 10:00:00+00:00","open_rate":2406.72,"close_rate":2404.24,"fee_open":0.0005,"fee_close":0.0005,"trade_duration":30,"profit_ratio":-0.0020289183954758424,"profit_abs":-1.90045172,"exit_reason":"exit_signal","initial_stop_loss_abs":2166.05,"initial_stop_loss_ratio":-0.1,"stop_loss_abs":2166.05,"stop_loss_ratio":-0.1,"min_rate":2392.0,"max_rate":2414.64,"is_open":false,"enter_tag":"","leverage":1.0,"is_short":false,"open_timestamp":1747647000000,"close_timestamp":1747648800000,"orders":[{"amount":0.389,"safe_price":2406.72,"ft_order_side":"buy","order_filled_timestamp":1747647000000,"ft_is_entry":true,"ft_order_tag":"","cost":936.6821870399999},{"amount":0.389,"safe_price":2404.24,"ft_order_side":"sell","order_filled_timestamp":1747648800000,"ft_is_entry":false,"ft_order_tag":"exit_signal","cost":935.7169846799999}],"funding_fees":0.0},{"pair":"ETH/USDT:USDT","stake_amount":934.14104,"max_stake_amount":934.14104,"amount":0.388,"open_date":"2025-05-19 10:30:00+00:00","close_date":"2025-05-19 12:15:00+00:00","open_rate":2407.58,"close_rate":2400.08,"fee_open":0.0005,"fee_close":0.0005,"trade_duration":105,"profit_ratio":-0.004111547927678474,"profit_abs":-3.84268604,"exit_reason":"exit_signal","initial_stop_loss_abs":2166.83,"initial_stop_loss_ratio":-0.1,"stop_loss_abs":2166.83,"stop_loss_ratio":-0.1,"min_rate":2391.02,"max_rate":2420.88,"is_open":false,"enter_tag":"","leverage":1.0,"is_short":false,"open_timestamp":1747650600000,"close_timestamp":1747656900000,"orders":[{"amount":0.388,"safe_price":2407.58,"ft_order_side":"buy","order_filled_timestamp":1747650600000,"ft_is_entry":true,"ft_order_tag":"","cost":934.60811052},{"amount":0.388,"safe_price":2400.08,"ft_order_side":"sell","order_filled_timestamp":1747656900000,"ft_is_entry":false,"ft_order_tag":"exit_signal","cost":931.6966555199999}],"funding_fees":0.0},{"pair":"ETH/USDT:USDT","stake_amount":931.52111,"max_stake_amount":931.52111,"amount":0.383,"open_date":"2025-05-19 13:45:00+00:00","close_date":"2025-05-22 03:45:00+00:00","open_rate":2432.17,"close_rate":2634.82,"fee_open":0.0005,"fee_close":0.0005,"trade_duration":3720,"profit_ratio":0.08182421986759057,"profit_abs":76.25909861,"exit_reason":"exit_signal","initial_stop_loss_abs":2188.96,"initial_stop_loss_ratio":-0.1,"stop_loss_abs":2188.96,"stop_loss_ratio":-0.1,"min_rate":2416.4,"max_rate":2647.25,"is_open":false,"enter_tag":"","leverage":1.0,"is_short":false,"open_timestamp":1747662300000,"close_timestamp":1747885500000,"orders":[{"amount":0.383,"safe_price":2432.17,"ft_order_side":"buy","order_filled_timestamp":1747662300000,"ft_is_entry":true,"ft_order_tag":"","cost":931.986870555},{"amount":0.383,"safe_price":2634.82,"ft_order_side":"sell","order_filled_timestamp":1747885500000,"ft_is_entry":false,"ft_order_tag":"exit_signal","cost":1009.64062803}],"funding_fees":-0.3855228063363921},{"pair":"ETH/USDT:USDT","stake_amount":1007.89516,"max_stake_amount":1007.89516,"amount":0.404,"open_date":"2025-05-25 00:45:00+00:00","close_date":"2025-05-25 19:00:00+00:00","open_rate":2494.79,"close_rate":2514.89,"fee_open":0.0005,"fee_close":0.0005,"trade_duration":1095,"profit_ratio":0.006926417881072834,"profit_abs":6.98459361,"exit_reason":"exit_signal","initial_stop_loss_abs":2245.32,"initial_stop_loss_ratio":-0.1,"stop_loss_abs":2245.32,"stop_loss_ratio":-0.1,"min_rate":2457.6,"max_rate":2524.99,"is_open":false,"enter_tag":"","leverage":1.0,"is_short":false,"open_timestamp":1748133900000,"close_timestamp":1748199600000,"orders":[{"amount":0.404,"safe_price":2494.79,"ft_order_side":"buy","order_filled_timestamp":1748133900000,"ft_is_entry":true,"ft_order_tag":"","cost":1008.39910758},{"amount":0.404,"safe_price":2514.89,"ft_order_side":"sell","order_filled_timestamp":1748199600000,"ft_is_entry":false,"ft_order_tag":"exit_signal","cost":1016.52356778}],"funding_fees":-0.1238510334156},{"pair":"ETH/USDT:USDT","stake_amount":1013.1714,"max_stake_amount":1013.1714,"amount":0.404,"open_date":"2025-05-31 01:30:00+00:00","close_date":"2025-05-31 12:00:00+00:00","open_rate":2507.85,"close_rate":2518.6,"fee_open":0.0005,"fee_close":0.0005,"trade_duration":630,"profit_ratio":0.003201865864492158,"profit_abs":3.24566094,"exit_reason":"exit_signal","initial_stop_loss_abs":2257.07,"initial_stop_loss_ratio":-0.1,"stop_loss_abs":2257.07,"stop_loss_ratio":-0.1,"min_rate":2474.0,"max_rate":2537.97,"is_open":false,"enter_tag":"","leverage":1.0,"is_short":false,"open_timestamp":1748655000000,"close_timestamp":1748692800000,"orders":[{"amount":0.404,"safe_price":2507.85,"ft_order_side":"buy","order_filled_timestamp":1748655000000,"ft_is_entry":true,"ft_order_tag":"","cost":1013.6779857},{"amount":0.404,"safe_price":2518.6,"ft_order_side":"sell","order_filled_timestamp":1748692800000,"ft_is_entry":false,"ft_order_tag":"exit_signal","cost":1018.0231572}],"funding_fees":-0.0819961632},{"pair":"ETH/USDT:USDT","stake_amount":1017.64306,"max_stake_amount":1017.64306,"amount":0.406,"open_date":"2025-06-01 02:00:00+00:00","close_date":"2025-06-01 05:45:00+00:00","open_rate":2506.51,"close_rate":2515.81,"fee_open":0.0005,"fee_close":0.0005,"trade_duration":225,"profit_ratio":0.0027071295452090033,"profit_abs":2.75626904,"exit_reason":"exit_signal","initial_stop_loss_abs":2255.86,"initial_stop_loss_ratio":-0.1,"stop_loss_abs":2255.86,"stop_loss_ratio":-0.1,"min_rate":2491.03,"max_rate":2526.46,"is_open":false,"enter_tag":"","leverage":1.0,"is_short":false,"open_timestamp":1748743200000,"close_timestamp":1748756700000,"orders":[{"amount":0.406,"safe_price":2506.51,"ft_order_side":"buy","order_filled_timestamp":1748743200000,"ft_is_entry":true,"ft_order_tag":"","cost":1018.1518815300001},{"amount":0.406,"safe_price":2515.81,"ft_order_side":"sell","order_filled_timestamp":1748756700000,"ft_is_entry":false,"ft_order_tag":"exit_signal","cost":1021.9295694299999}],"funding_fees":0.0},{"pair":"ETH/USDT:USDT","stake_amount":1019.94102,"max_stake_amount":1019.94102,"amount":0.406,"open_date":"2025-06-01 06:30:00+00:00","close_date":"2025-06-03 01:00:00+00:00","open_rate":2512.17,"close_rate":2620.79,"fee_open":0.0005,"fee_close":0.0005,"trade_duration":2550,"profit_ratio":0.04193125014128808,"profit_abs":42.78878574,"exit_reason":"exit_signal","initial_stop_loss_abs":2260.96,"initial_stop_loss_ratio":-0.1,"stop_loss_abs":2260.96,"stop_loss_ratio":-0.1,"min_rate":2465.0,"max_rate":2626.96,"is_open":false,"enter_tag":"","leverage":1.0,"is_short":false,"open_timestamp":1748759400000,"close_timestamp":1748912400000,"orders":[{"amount":0.406,"safe_price":2512.17,"ft_order_side":"buy","order_filled_timestamp":1748759400000,"ft_is_entry":true,"ft_order_tag":"","cost":1020.45099051},{"amount":0.406,"safe_price":2620.79,"ft_order_side":"sell","order_filled_timestamp":1748912400000,"ft_is_entry":false,"ft_order_tag":"exit_signal","cost":1064.5727603700002}],"funding_fees":-0.2689433787731224},{"pair":"ETH/USDT:USDT","stake_amount":1062.36168,"max_stake_amount":1062.36168,"amount":0.424,"open_date":"2025-06-05 20:15:00+00:00","close_date":"2025-06-05 21:00:00+00:00","open_rate":2505.57,"close_rate":2397.53,"fee_open":0.0005,"fee_close":0.0005,"trade_duration":45,"profit_ratio":-0.044076330668902874,"profit_abs":-46.8484172,"exit_reason":"exit_signal","initial_stop_loss_abs":2255.02,"initial_stop_loss_ratio":-0.1,"stop_loss_abs":2255.02,"stop_loss_ratio":-0.1,"min_rate":2390.0,"max_rate":2506.53,"is_open":false,"enter_tag":"","leverage":1.0,"is_short":false,"open_timestamp":1749154500000,"close_timestamp":1749157200000,"orders":[{"amount":0.424,"safe_price":2505.57,"ft_order_side":"buy","order_filled_timestamp":1749154500000,"ft_is_entry":true,"ft_order_tag":"","cost":1062.89286084},{"amount":0.424,"safe_price":2397.53,"ft_order_side":"sell","order_filled_timestamp":1749157200000,"ft_is_entry":false,"ft_order_tag":"exit_signal","cost":1017.06099636}],"funding_fees":0.0},{"pair":"SOL/USDT:USDT","stake_amount":1016.2758,"max_stake_amount":1016.2758,"amount":7.17,"open_date":"2025-06-05 21:00:00+00:00","close_date":"2025-06-06 12:45:00+00:00","open_rate":141.74,"close_rate":150.4,"fee_open":0.0005,"fee_close":0.0005,"trade_duration":945,"profit_ratio":0.06022134788681343,"profit_abs":61.23209925,"exit_reason":"exit_signal","initial_stop_loss_abs":127.57,"initial_stop_loss_ratio":-0.1,"stop_loss_abs":127.57,"stop_loss_ratio":-0.1,"min_rate":141.51,"max_rate":152.56,"is_open":false,"enter_tag":"","leverage":1.0,"is_short":false,"open_timestamp":1749157200000,"close_timestamp":1749213900000,"orders":[{"amount":7.17,"safe_price":141.74,"ft_order_side":"buy","order_filled_timestamp":1749157200000,"ft_is_entry":true,"ft_order_tag":"","cost":1016.7839379},{"amount":7.17,"safe_price":150.4,"ft_order_side":"sell","order_filled_timestamp":1749213900000,"ft_is_entry":false,"ft_order_tag":"exit_signal","cost":1078.907184}],"funding_fees":0.18722114882544116},{"pair":"ETH/USDT:USDT","stake_amount":1077.93588,"max_stake_amount":1077.93588,"amount":0.436,"open_date":"2025-06-06 12:45:00+00:00","close_date":"2025-06-07 08:45:00+00:00","open_rate":2472.33,"close_rate":2485.35,"fee_open":0.0005,"fee_close":0.0005,"trade_duration":1200,"profit_ratio":0.004092323171402824,"profit_abs":4.41346761,"exit_reason":"exit_signal","initial_stop_loss_abs":2225.1,"initial_stop_loss_ratio":-0.1,"stop_loss_abs":2225.1,"stop_loss_ratio":-0.1,"min_rate":2455.85,"max_rate":2529.67,"is_open":false,"enter_tag":"","leverage":1.0,"is_short":false,"open_timestamp":1749213900000,"close_timestamp":1749285900000,"orders":[{"amount":0.436,"safe_price":2472.33,"ft_order_side":"buy","order_filled_timestamp":1749213900000,"ft_is_entry":true,"ft_order_tag":"","cost":1078.47484794},{"amount":0.436,"safe_price":2485.35,"ft_order_side":"sell","order_filled_timestamp":1749285900000,"ft_is_entry":false,"ft_order_tag":"exit_signal","cost":1084.1544063}],"funding_fees":-0.1824781503657847},{"pair":"ETH/USDT:USDT","stake_amount":1082.42668,"max_stake_amount":1082.42668,"amount":0.436,"open_date":"2025-06-07 09:00:00+00:00","close_date":"2025-06-07 10:00:00+00:00","open_rate":2482.63,"close_rate":2485.01,"fee_open":0.0005,"fee_close":0.0005,"trade_duration":60,"profit_ratio":-4.1797656494132825e-05,"profit_abs":-0.04526552,"exit_reason":"exit_signal","initial_stop_loss_abs":2234.37,"initial_stop_loss_ratio":-0.1,"stop_loss_abs":2234.37,"stop_loss_ratio":-0.1,"min_rate":2481.91,"max_rate":2489.36,"is_open":false,"enter_tag":"","leverage":1.0,"is_short":false,"open_timestamp":1749286800000,"close_timestamp":1749290400000,"orders":[{"amount":0.436,"safe_price":2482.63,"ft_order_side":"buy","order_filled_timestamp":1749286800000,"ft_is_entry":true,"ft_order_tag":"","cost":1082.96789334},{"amount":0.436,"safe_price":2485.01,"ft_order_side":"sell","order_filled_timestamp":1749290400000,"ft_is_entry":false,"ft_order_tag":"exit_signal","cost":1084.0060921800002}],"funding_fees":0.0},{"pair":"ETH/USDT:USDT","stake_amount":1082.5236,"max_stake_amount":1082.5236,"amount":0.435,"open_date":"2025-06-07 10:15:00+00:00","close_date":"2025-06-07 20:00:00+00:00","open_rate":2488.56,"close_rate":2515.78,"fee_open":0.0005,"fee_close":0.0005,"trade_duration":585,"profit_ratio":0.009859303903787675,"profit_abs":10.67826562,"exit_reason":"exit_signal","initial_stop_loss_abs":2239.71,"initial_stop_loss_ratio":-0.1,"stop_loss_abs":2239.71,"stop_loss_ratio":-0.1,"min_rate":2487.11,"max_rate":2524.9,"is_open":false,"enter_tag":"","leverage":1.0,"is_short":false,"open_timestamp":1749291300000,"close_timestamp":1749326400000,"orders":[{"amount":0.435,"safe_price":2488.56,"ft_order_side":"buy","order_filled_timestamp":1749291300000,"ft_is_entry":true,"ft_order_tag":"","cost":1083.0648618},{"amount":0.435,"safe_price":2515.78,"ft_order_side":"sell","order_filled_timestamp":1749326400000,"ft_is_entry":false,"ft_order_tag":"exit_signal","cost":1094.9114821500002}],"funding_fees":-0.07399043055446052},{"pair":"ETH/USDT:USDT","stake_amount":1092.74175,"max_stake_amount":1092.74175,"amount":0.435,"open_date":"2025-06-08 01:30:00+00:00","close_date":"2025-06-08 02:30:00+00:00","open_rate":2512.05,"close_rate":2512.84,"fee_open":0.0005,"fee_close":0.0005,"trade_duration":60,"profit_ratio":-0.0006853303861020057,"profit_abs":-0.74926357,"exit_reason":"exit_signal","initial_stop_loss_abs":2260.85,"initial_stop_loss_ratio":-0.1,"stop_loss_abs":2260.85,"stop_loss_ratio":-0.1,"min_rate":2510.72,"max_rate":2520.53,"is_open":false,"enter_tag":"","leverage":1.0,"is_short":false,"open_timestamp":1749346200000,"close_timestamp":1749349800000,"orders":[{"amount":0.435,"safe_price":2512.05,"ft_order_side":"buy","order_filled_timestamp":1749346200000,"ft_is_entry":true,"ft_order_tag":"","cost":1093.288120875},{"amount":0.435,"safe_price":2512.84,"ft_order_side":"sell","order_filled_timestamp":1749349800000,"ft_is_entry":false,"ft_order_tag":"exit_signal","cost":1093.6319427}],"funding_fees":0.0},{"pair":"ETH/USDT:USDT","stake_amount":1092.32415,"max_stake_amount":1092.32415,"amount":0.435,"open_date":"2025-06-08 03:00:00+00:00","close_date":"2025-06-08 03:30:00+00:00","open_rate":2511.09,"close_rate":2509.63,"fee_open":0.0005,"fee_close":0.0005,"trade_duration":30,"profit_ratio":-0.0015803399368775923,"profit_abs":-1.7271066,"exit_reason":"exit_signal","initial_stop_loss_abs":2259.99,"initial_stop_loss_ratio":-0.1,"stop_loss_abs":2259.99,"stop_loss_ratio":-0.1,"min_rate":2507.25,"max_rate":2513.9,"is_open":false,"enter_tag":"","leverage":1.0,"is_short":false,"open_timestamp":1749351600000,"close_timestamp":1749353400000,"orders":[{"amount":0.435,"safe_price":2511.09,"ft_order_side":"buy","order_filled_timestamp":1749351600000,"ft_is_entry":true,"ft_order_tag":"","cost":1092.8703120750001},{"amount":0.435,"safe_price":2509.63,"ft_order_side":"sell","order_filled_timestamp":1749353400000,"ft_is_entry":false,"ft_order_tag":"exit_signal","cost":1092.2348945249998}],"funding_fees":0.0},{"pair":"ETH/USDT:USDT","stake_amount":1088.61522,"max_stake_amount":1088.61522,"amount":0.434,"open_date":"2025-06-08 04:15:00+00:00","close_date":"2025-06-08 04:30:00+00:00","open_rate":2508.33,"close_rate":2510.66,"fee_open":0.0005,"fee_close":0.0005,"trade_duration":15,"profit_ratio":-7.152380163348697e-05,"profit_abs":-0.07790083,"exit_reason":"exit_signal","initial_stop_loss_abs":2257.5,"initial_stop_loss_ratio":-0.1,"stop_loss_abs":2257.5,"stop_loss_ratio":-0.1,"min_rate":2507.96,"max_rate":2517.55,"is_open":false,"enter_tag":"","leverage":1.0,"is_short":false,"open_timestamp":1749356100000,"close_timestamp":1749357000000,"orders":[{"amount":0.434,"safe_price":2508.33,"ft_order_side":"buy","order_filled_timestamp":1749356100000,"ft_is_entry":true,"ft_order_tag":"","cost":1089.15952761},{"amount":0.434,"safe_price":2510.66,"ft_order_side":"sell","order_filled_timestamp":1749357000000,"ft_is_entry":false,"ft_order_tag":"exit_signal","cost":1090.17125322}],"funding_fees":0.0},{"pair":"ETH/USDT:USDT","stake_amount":1089.4268,"max_stake_amount":1089.4268,"amount":0.434,"open_date":"2025-06-08 05:15:00+00:00","close_date":"2025-06-08 06:15:00+00:00","open_rate":2510.2,"close_rate":2511.88,"fee_open":0.0005,"fee_close":0.0005,"trade_duration":60,"profit_ratio":-0.0003308998038627089,"profit_abs":-0.36067136,"exit_reason":"exit_signal","initial_stop_loss_abs":2259.18,"initial_stop_loss_ratio":-0.1,"stop_loss_abs":2259.18,"stop_loss_ratio":-0.1,"min_rate":2507.69,"max_rate":2515.88,"is_open":false,"enter_tag":"","leverage":1.0,"is_short":false,"open_timestamp":1749359700000,"close_timestamp":1749363300000,"orders":[{"amount":0.434,"safe_price":2510.2,"ft_order_side":"buy","order_filled_timestamp":1749359700000,"ft_is_entry":true,"ft_order_tag":"","cost":1089.9715133999998},{"amount":0.434,"safe_price":2511.88,"ft_order_side":"sell","order_filled_timestamp":1749363300000,"ft_is_entry":false,"ft_order_tag":"exit_signal","cost":1090.70099796}],"funding_fees":0.0},{"pair":"ETH/USDT:USDT","stake_amount":1089.9259,"max_stake_amount":1089.9259,"amount":0.434,"open_date":"2025-06-08 09:15:00+00:00","close_date":"2025-06-08 20:30:00+00:00","open_rate":2511.35,"close_rate":2533.99,"fee_open":0.0005,"fee_close":0.0005,"trade_duration":675,"profit_ratio":0.007959595918518346,"profit_abs":8.67970743,"exit_reason":"exit_signal","initial_stop_loss_abs":2260.22,"initial_stop_loss_ratio":-0.1,"stop_loss_abs":2260.22,"stop_loss_ratio":-0.1,"min_rate":2483.28,"max_rate":2539.68,"is_open":false,"enter_tag":"","leverage":1.0,"is_short":false,"open_timestamp":1749374100000,"close_timestamp":1749414600000,"orders":[{"amount":0.434,"safe_price":2511.35,"ft_order_side":"buy","order_filled_timestamp":1749374100000,"ft_is_entry":true,"ft_order_tag":"","cost":1090.4708629499999},{"amount":0.434,"safe_price":2533.99,"ft_order_side":"sell","order_filled_timestamp":1749414600000,"ft_is_entry":false,"ft_order_tag":"exit_signal","cost":1100.30153583}],"funding_fees":-0.05121378965575115},{"pair":"ETH/USDT:USDT","stake_amount":1097.50802,"max_stake_amount":1097.50802,"amount":0.437,"open_date":"2025-06-08 22:45:00+00:00","close_date":"2025-06-09 21:30:00+00:00","open_rate":2511.46,"close_rate":2638.76,"fee_open":0.0005,"fee_close":0.0005,"trade_duration":1365,"profit_ratio":0.04950900729974907,"profit_abs":54.36370084,"exit_reason":"exit_signal","initial_stop_loss_abs":2260.32,"initial_stop_loss_ratio":-0.1,"stop_loss_abs":2260.32,"stop_loss_ratio":-0.1,"min_rate":2475.83,"max_rate":2639.88,"is_open":false,"enter_tag":"","leverage":1.0,"is_short":false,"open_timestamp":1749422700000,"close_timestamp":1749504600000,"orders":[{"amount":0.437,"safe_price":2511.46,"ft_order_side":"buy","order_filled_timestamp":1749422700000,"ft_is_entry":true,"ft_order_tag":"","cost":1098.05677401},{"amount":0.437,"safe_price":2638.76,"ft_order_side":"sell","order_filled_timestamp":1749504600000,"ft_is_entry":false,"ft_order_tag":"exit_signal","cost":1153.71468906}],"funding_fees":-0.14107609131302795},{"pair":"SOL/USDT:USDT","stake_amount":1152.2334,"max_stake_amount":1152.2334,"amount":8.02,"open_date":"2025-06-13 05:45:00+00:00","close_date":"2025-06-15 15:00:00+00:00","open_rate":143.67,"close_rate":151.84,"fee_open":0.0005,"fee_close":0.0005,"trade_duration":3435,"profit_ratio":0.055746702025816136,"profit_abs":64.26532862,"exit_reason":"exit_signal","initial_stop_loss_abs":129.31,"initial_stop_loss_ratio":-0.1,"stop_loss_abs":129.31,"stop_loss_ratio":-0.1,"min_rate":141.87,"max_rate":152.63,"is_open":false,"enter_tag":"","leverage":1.0,"is_short":false,"open_timestamp":1749793500000,"close_timestamp":1749999600000,"orders":[{"amount":8.02,"safe_price":143.67,"ft_order_side":"buy","order_filled_timestamp":1749793500000,"ft_is_entry":true,"ft_order_tag":"","cost":1152.8095166999997},{"amount":8.02,"safe_price":151.84,"ft_order_side":"sell","order_filled_timestamp":1749999600000,"ft_is_entry":false,"ft_order_tag":"exit_signal","cost":1218.3656783999998}],"funding_fees":-0.07307628018233013},{"pair":"ETH/USDT:USDT","stake_amount":1215.81284,"max_stake_amount":1215.81284,"amount":0.484,"open_date":"2025-06-15 20:30:00+00:00","close_date":"2025-06-16 07:15:00+00:00","open_rate":2512.01,"close_rate":2629.0,"fee_open":0.0005,"fee_close":0.0005,"trade_duration":645,"profit_ratio":0.045479885699761365,"profit_abs":55.32267651,"exit_reason":"exit_signal","initial_stop_loss_abs":2260.81,"initial_stop_loss_ratio":-0.1,"stop_loss_abs":2260.81,"stop_loss_ratio":-0.1,"min_rate":2490.38,"max_rate":2637.7,"is_open":false,"enter_tag":"","leverage":1.0,"is_short":false,"open_timestamp":1750019400000,"close_timestamp":1750058100000,"orders":[{"amount":0.484,"safe_price":2512.01,"ft_order_side":"buy","order_filled_timestamp":1750019400000,"ft_is_entry":true,"ft_order_tag":"","cost":1216.42074642},{"amount":0.484,"safe_price":2629.0,"ft_order_side":"sell","order_filled_timestamp":1750058100000,"ft_is_entry":false,"ft_order_tag":"exit_signal","cost":1273.0722179999998}],"funding_fees":-0.05635907068858548},{"pair":"ETH/USDT:USDT","stake_amount":1272.4806,"max_stake_amount":1272.4806,"amount":0.51,"open_date":"2025-06-17 15:30:00+00:00","close_date":"2025-06-19 07:45:00+00:00","open_rate":2495.06,"close_rate":2521.47,"fee_open":0.0005,"fee_close":0.0005,"trade_duration":2415,"profit_ratio":0.009313712830321124,"profit_abs":11.85744465,"exit_reason":"exit_signal","initial_stop_loss_abs":2245.56,"initial_stop_loss_ratio":-0.1,"stop_loss_abs":2245.56,"stop_loss_ratio":-0.1,"min_rate":2451.97,"max_rate":2547.35,"is_open":false,"enter_tag":"","leverage":1.0,"is_short":false,"open_timestamp":1750174200000,"close_timestamp":1750319100000,"orders":[{"amount":0.51,"safe_price":2495.06,"ft_order_side":"buy","order_filled_timestamp":1750174200000,"ft_is_entry":true,"ft_order_tag":"","cost":1273.1168403},{"amount":0.51,"safe_price":2521.47,"ft_order_side":"sell","order_filled_timestamp":1750319100000,"ft_is_entry":false,"ft_order_tag":"exit_signal","cost":1286.5926748499999}],"funding_fees":-0.33244019559903515},{"pair":"SUI/USDT:USDT","stake_amount":1284.7816,"max_stake_amount":1284.7816,"amount":458.0,"open_date":"2025-06-19 07:45:00+00:00","close_date":"2025-06-19 14:00:00+00:00","open_rate":2.8052,"close_rate":2.7995,"fee_open":0.0005,"fee_close":0.0005,"trade_duration":375,"profit_ratio":-0.003029410006247411,"profit_abs":-3.8940763,"exit_reason":"force_exit","initial_stop_loss_abs":2.5247,"initial_stop_loss_ratio":-0.1,"stop_loss_abs":2.5247,"stop_loss_ratio":-0.1,"min_rate":2.7814,"max_rate":2.8217,"is_open":false,"enter_tag":"","leverage":1.0,"is_short":false,"open_timestamp":1750319100000,"close_timestamp":1750341600000,"orders":[{"amount":458.0,"safe_price":2.8052,"ft_order_side":"buy","order_filled_timestamp":1750319100000,"ft_is_entry":true,"ft_order_tag":"","cost":1285.4239908},{"amount":458.0,"safe_price":2.7995,"ft_order_side":"sell","order_filled_timestamp":1750341600000,"ft_is_entry":false,"ft_order_tag":"force_exit","cost":1282.8120855}],"funding_fees":0.0}],"locks":[],"best_pair":{"key":"ETH/USDT:USDT","trades":23,"profit_mean":0.006383771831470987,"profit_mean_pct":0.64,"profit_sum":0.1468267521238327,"profit_sum_pct":14.68,"profit_total_abs":159.55089568999998,"profit_total":0.15955089568999997,"profit_total_pct":15.96,"duration_avg":"13:09:00","wins":11,"draws":0,"losses":12,"winrate":0.4782608695652174,"cagr":3.8997066627515977,"expectancy":6.936995464782608,"expectancy_ratio":0.7066622351632339,"sortino":5.237492658575785,"sharpe":3.2368822683876597,"calmar":131.8623354980514,"sqn":1.1747,"profit_factor":2.354435950729532,"max_drawdown_account":0.06799014983000007,"max_drawdown_abs":67.99014983000001},"worst_pair":{"key":"SUI/USDT:USDT","trades":1,"profit_mean":-0.003029410006247411,"profit_mean_pct":-0.3,"profit_sum":-0.003029410006247411,"profit_sum_pct":-0.3,"profit_total_abs":-3.8940763,"profit_total":-0.0038940763,"profit_total_pct":-0.39,"duration_avg":"6:15:00","wins":0,"draws":0,"losses":1,"winrate":0.0,"cagr":-0.0410205763799123,"expectancy":-3.8940763,"expectancy_ratio":-1.0,"sortino":-100,"sharpe":-100,"calmar":-56.19109757218395,"sqn":-100.0,"profit_factor":0.0,"max_drawdown_account":0.0038940763000000515,"max_drawdown_abs":3.8940763},"results_per_pair":[{"key":"ETH/USDT:USDT","trades":23,"profit_mean":0.006383771831470987,"profit_mean_pct":0.64,"profit_sum":0.1468267521238327,"profit_sum_pct":14.68,"profit_total_abs":159.55089568999998,"profit_total":0.15955089568999997,"profit_total_pct":15.96,"duration_avg":"13:09:00","wins":11,"draws":0,"losses":12,"winrate":0.4782608695652174,"cagr":3.8997066627515977,"expectancy":6.936995464782608,"expectancy_ratio":0.7066622351632339,"sortino":5.237492658575785,"sharpe":3.2368822683876597,"calmar":131.8623354980514,"sqn":1.1747,"profit_factor":2.354435950729532,"max_drawdown_account":0.06799014983000007,"max_drawdown_abs":67.99014983000001},{"key":"SOL/USDT:USDT","trades":2,"profit_mean":0.057984024956314786,"profit_mean_pct":5.8,"profit_sum":0.11596804991262957,"profit_sum_pct":11.6,"profit_total_abs":125.49742787,"profit_total":0.12549742786999998,"profit_total_pct":12.55,"duration_avg":"1 day, 12:30:00","wins":2,"draws":0,"losses":0,"winrate":1.0,"cagr":2.5579380516049435,"expectancy":62.748713935,"expectancy_ratio":100.0,"sortino":-100,"sharpe":46.49723020782542,"calmar":-100,"sqn":41.3742,"profit_factor":0.0,"max_drawdown_account":0.0,"max_drawdown_abs":0.0},{"key":"SUI/USDT:USDT","trades":1,"profit_mean":-0.003029410006247411,"profit_mean_pct":-0.3,"profit_sum":-0.003029410006247411,"profit_sum_pct":-0.3,"profit_total_abs":-3.8940763,"profit_total":-0.0038940763,"profit_total_pct":-0.39,"duration_avg":"6:15:00","wins":0,"draws":0,"losses":1,"winrate":0.0,"cagr":-0.0410205763799123,"expectancy":-3.8940763,"expectancy_ratio":-1.0,"sortino":-100,"sharpe":-100,"calmar":-56.19109757218395,"sqn":-100.0,"profit_factor":0.0,"max_drawdown_account":0.0038940763000000515,"max_drawdown_abs":3.8940763},{"key":"TOTAL","trades":26,"profit_mean":0.009990976616546726,"profit_mean_pct":1.0,"profit_sum":0.25976539203021487,"profit_sum_pct":25.98,"profit_total_abs":281.15424726000003,"profit_total":0.28115424726000005,"profit_total_pct":28.12,"duration_avg":"14:41:00","wins":13,"draws":0,"losses":13,"winrate":0.5,"cagr":13.29331281690105,"expectancy":10.813624894615383,"expectancy_ratio":1.1551798008858567,"sortino":9.562236491192161,"sharpe":5.243149406554356,"calmar":232.3625669324516,"sqn":1.7944,"profit_factor":3.310359601771714,"max_drawdown_account":0.06799014983000007,"max_drawdown_abs":67.99014983000001}],"results_per_enter_tag":[{"key":"","trades":26,"profit_mean":0.009990976616546726,"profit_mean_pct":1.0,"profit_sum":0.25976539203021487,"profit_sum_pct":25.98,"profit_total_abs":281.15424726000003,"profit_total":0.28115424726000005,"profit_total_pct":28.12,"duration_avg":"14:41:00","wins":13,"draws":0,"losses":13,"winrate":0.5,"cagr":13.29331281690105,"expectancy":10.813624894615383,"expectancy_ratio":1.1551798008858567,"sortino":9.562236491192161,"sharpe":5.243149406554356,"calmar":232.3625669324516,"sqn":1.7944,"profit_factor":3.310359601771714,"max_drawdown_account":0.06799014983000007,"max_drawdown_abs":67.99014983000001},{"key":"TOTAL","trades":26,"profit_mean":0.009990976616546726,"profit_mean_pct":1.0,"profit_sum":0.25976539203021487,"profit_sum_pct":25.98,"profit_total_abs":281.15424726000003,"profit_total":0.28115424726000005,"profit_total_pct":28.12,"duration_avg":"14:41:00","wins":13,"draws":0,"losses":13,"winrate":0.5,"cagr":13.29331281690105,"expectancy":10.813624894615383,"expectancy_ratio":1.1551798008858567,"sortino":9.562236491192161,"sharpe":5.243149406554356,"calmar":232.3625669324516,"sqn":1.7944,"profit_factor":3.310359601771714,"max_drawdown_account":0.06799014983000007,"max_drawdown_abs":67.99014983000001}],"exit_reason_summary":[{"key":"exit_signal","trades":25,"profit_mean":0.010511792081458492,"profit_mean_pct":1.05,"profit_sum":0.26279480203646227,"profit_sum_pct":26.28,"profit_total_abs":285.04832356000003,"profit_total":0.28504832356000004,"profit_total_pct":28.5,"duration_avg":"15:01:00","wins":13,"draws":0,"losses":12,"winrate":0.52,"cagr":13.766665312045687,"expectancy":11.401932942400002,"expectancy_ratio":1.1614993060270358,"sortino":9.357130184248824,"sharpe":5.2375577465722145,"calmar":235.58086284552053,"sqn":1.8265,"profit_factor":3.419790220889658,"max_drawdown_account":0.06799014983000007,"max_drawdown_abs":67.99014983000001},{"key":"force_exit","trades":1,"profit_mean":-0.003029410006247411,"profit_mean_pct":-0.3,"profit_sum":-0.003029410006247411,"profit_sum_pct":-0.3,"profit_total_abs":-3.8940763,"profit_total":-0.0038940763,"profit_total_pct":-0.39,"duration_avg":"6:15:00","wins":0,"draws":0,"losses":1,"winrate":0.0,"cagr":-0.0410205763799123,"expectancy":-3.8940763,"expectancy_ratio":-1.0,"sortino":-100,"sharpe":-100,"calmar":-56.19109757218395,"sqn":-100.0,"profit_factor":0.0,"max_drawdown_account":0.0038940763000000515,"max_drawdown_abs":3.8940763},{"key":"TOTAL","trades":26,"profit_mean":0.009990976616546726,"profit_mean_pct":1.0,"profit_sum":0.25976539203021487,"profit_sum_pct":25.98,"profit_total_abs":281.15424726000003,"profit_total":0.28115424726000005,"profit_total_pct":28.12,"duration_avg":"14:41:00","wins":13,"draws":0,"losses":13,"winrate":0.5,"cagr":13.29331281690105,"expectancy":10.813624894615383,"expectancy_ratio":1.1551798008858567,"sortino":9.562236491192161,"sharpe":5.243149406554356,"calmar":232.3625669324516,"sqn":1.7944,"profit_factor":3.310359601771714,"max_drawdown_account":0.06799014983000007,"max_drawdown_abs":67.99014983000001}],"mix_tag_stats":[{"key":["","exit_signal"],"trades":25,"profit_mean":0.010511792081458492,"profit_mean_pct":1.05,"profit_sum":0.26279480203646227,"profit_sum_pct":26.28,"profit_total_abs":285.04832356000003,"profit_total":0.28504832356000004,"profit_total_pct":28.5,"duration_avg":"15:01:00","wins":13,"draws":0,"losses":12,"winrate":0.52,"cagr":13.766665312045687,"expectancy":11.401932942400002,"expectancy_ratio":1.1614993060270358,"sortino":9.357130184248824,"sharpe":5.2375577465722145,"calmar":235.58086284552053,"sqn":1.8265,"profit_factor":3.419790220889658,"max_drawdown_account":0.06799014983000007,"max_drawdown_abs":67.99014983000001},{"key":["","force_exit"],"trades":1,"profit_mean":-0.003029410006247411,"profit_mean_pct":-0.3,"profit_sum":-0.003029410006247411,"profit_sum_pct":-0.3,"profit_total_abs":-3.8940763,"profit_total":-0.0038940763,"profit_total_pct":-0.39,"duration_avg":"6:15:00","wins":0,"draws":0,"losses":1,"winrate":0.0,"cagr":-0.0410205763799123,"expectancy":-3.8940763,"expectancy_ratio":-1.0,"sortino":-100,"sharpe":-100,"calmar":-56.19109757218395,"sqn":-100.0,"profit_factor":0.0,"max_drawdown_account":0.0038940763000000515,"max_drawdown_abs":3.8940763},{"key":"TOTAL","trades":26,"profit_mean":0.009990976616546726,"profit_mean_pct":1.0,"profit_sum":0.25976539203021487,"profit_sum_pct":25.98,"profit_total_abs":281.15424726000003,"profit_total":0.28115424726000005,"profit_total_pct":28.12,"duration_avg":"14:41:00","wins":13,"draws":0,"losses":13,"winrate":0.5,"cagr":13.29331281690105,"expectancy":10.813624894615383,"expectancy_ratio":1.1551798008858567,"sortino":9.562236491192161,"sharpe":5.243149406554356,"calmar":232.3625669324516,"sqn":1.7944,"profit_factor":3.310359601771714,"max_drawdown_account":0.06799014983000007,"max_drawdown_abs":67.99014983000001}],"left_open_trades":[{"key":"SUI/USDT:USDT","trades":1,"profit_mean":-0.003029410006247411,"profit_mean_pct":-0.3,"profit_sum":-0.003029410006247411,"profit_sum_pct":-0.3,"profit_total_abs":-3.8940763,"profit_total":-0.0038940763,"profit_total_pct":-0.39,"duration_avg":"6:15:00","wins":0,"draws":0,"losses":1,"winrate":0.0,"cagr":-0.0410205763799123,"expectancy":-3.8940763,"expectancy_ratio":-1.0,"sortino":-100,"sharpe":-100,"calmar":-56.19109757218395,"sqn":-100.0,"profit_factor":0.0,"max_drawdown_account":0.0038940763000000515,"max_drawdown_abs":3.8940763},{"key":"TOTAL","trades":1,"profit_mean":-0.003029410006247411,"profit_mean_pct":-0.3,"profit_sum":-0.003029410006247411,"profit_sum_pct":-0.3,"profit_total_abs":-3.8940763,"profit_total":-0.0038940763,"profit_total_pct":-0.39,"duration_avg":"6:15:00","wins":0,"draws":0,"losses":1,"winrate":0.0,"cagr":-0.0410205763799123,"expectancy":-3.8940763,"expectancy_ratio":-1.0,"sortino":-100,"sharpe":-100,"calmar":-56.19109757218395,"sqn":-100.0,"profit_factor":0.0,"max_drawdown_account":0.0038940763000000515,"max_drawdown_abs":3.8940763}],"total_trades":26,"trade_count_long":26,"trade_count_short":0,"total_volume":55394.21122398,"avg_stake_amount":1058.7680299999997,"profit_mean":0.009990976616546726,"profit_median":0.0013326659443574352,"profit_total":0.28115424726000005,"profit_total_long":0.28115424726000005,"profit_total_short":0.0,"profit_total_abs":281.15424726000003,"profit_total_long_abs":281.15424726000003,"profit_total_short_abs":0.0,"cagr":13.29331281690105,"expectancy":10.813624894615383,"expectancy_ratio":1.1551798008858567,"sortino":9.562236491192161,"sharpe":5.243149406554356,"calmar":232.3625669324516,"sqn":1.7944,"profit_factor":3.310359601771714,"backtest_start":"2025-05-16 00:00:00","backtest_start_ts":1747353600000,"backtest_end":"2025-06-19 14:00:00","backtest_end_ts":1750341600000,"backtest_days":34,"backtest_run_start_ts":1750342935,"backtest_run_end_ts":1750342935,"trades_per_day":0.76,"market_change":-0.1509253797912793,"pairlist":["SOL/USDT:USDT","ETH/USDT:USDT","SUI/USDT:USDT"],"stake_amount":"unlimited","stake_currency":"USDT","stake_currency_decimals":3,"starting_balance":1000,"dry_run_wallet":1000,"final_balance":1281.15424726,"rejected_signals":124,"timedout_entry_orders":0,"timedout_exit_orders":0,"canceled_trade_entries":0,"canceled_entry_orders":0,"replaced_entry_orders":0,"max_open_trades":1,"max_open_trades_setting":1,"timeframe":"15m","timeframe_detail":"","timerange":"","enable_protections":false,"strategy_name":"GridBotSample","stoploss":-0.1,"trailing_stop":false,"trailing_stop_positive":null,"trailing_stop_positive_offset":0.0,"trailing_only_offset_is_reached":false,"use_custom_stoploss":false,"minimal_roi":{},"use_exit_signal":true,"exit_profit_only":false,"exit_profit_offset":0.0,"ignore_roi_if_entry_signal":false,"trading_mode":"futures","margin_mode":"isolated","periodic_breakdown":{"day":[{"date":"18/05/2025","date_ts":1747526400000,"profit_abs":-57.01017275,"wins":0,"draws":0,"losses":2,"trades":2,"profit_factor":0.0},{"date":"19/05/2025","date_ts":1747612800000,"profit_abs":-10.97997708,"wins":0,"draws":0,"losses":4,"trades":4,"profit_factor":0.0},{"date":"20/05/2025","date_ts":1747699200000,"profit_abs":0.0,"wins":0,"draws":0,"losses":0,"trades":0,"profit_factor":0.0},{"date":"21/05/2025","date_ts":1747785600000,"profit_abs":0.0,"wins":0,"draws":0,"losses":0,"trades":0,"profit_factor":0.0},{"date":"22/05/2025","date_ts":1747872000000,"profit_abs":76.25909861,"wins":1,"draws":0,"losses":0,"trades":1,"profit_factor":0.0},{"date":"23/05/2025","date_ts":1747958400000,"profit_abs":0.0,"wins":0,"draws":0,"losses":0,"trades":0,"profit_factor":0.0},{"date":"24/05/2025","date_ts":1748044800000,"profit_abs":0.0,"wins":0,"draws":0,"losses":0,"trades":0,"profit_factor":0.0},{"date":"25/05/2025","date_ts":1748131200000,"profit_abs":6.98459361,"wins":1,"draws":0,"losses":0,"trades":1,"profit_factor":0.0},{"date":"26/05/2025","date_ts":1748217600000,"profit_abs":0.0,"wins":0,"draws":0,"losses":0,"trades":0,"profit_factor":0.0},{"date":"27/05/2025","date_ts":1748304000000,"profit_abs":0.0,"wins":0,"draws":0,"losses":0,"trades":0,"profit_factor":0.0},{"date":"28/05/2025","date_ts":1748390400000,"profit_abs":0.0,"wins":0,"draws":0,"losses":0,"trades":0,"profit_factor":0.0},{"date":"29/05/2025","date_ts":1748476800000,"profit_abs":0.0,"wins":0,"draws":0,"losses":0,"trades":0,"profit_factor":0.0},{"date":"30/05/2025","date_ts":1748563200000,"profit_abs":0.0,"wins":0,"draws":0,"losses":0,"trades":0,"profit_factor":0.0},{"date":"31/05/2025","date_ts":1748649600000,"profit_abs":3.24566094,"wins":1,"draws":0,"losses":0,"trades":1,"profit_factor":0.0},{"date":"01/06/2025","date_ts":1748736000000,"profit_abs":2.75626904,"wins":1,"draws":0,"losses":0,"trades":1,"profit_factor":0.0},{"date":"02/06/2025","date_ts":1748822400000,"profit_abs":0.0,"wins":0,"draws":0,"losses":0,"trades":0,"profit_factor":0.0},{"date":"03/06/2025","date_ts":1748908800000,"profit_abs":42.78878574,"wins":1,"draws":0,"losses":0,"trades":1,"profit_factor":0.0},{"date":"04/06/2025","date_ts":1748995200000,"profit_abs":0.0,"wins":0,"draws":0,"losses":0,"trades":0,"profit_factor":0.0},{"date":"05/06/2025","date_ts":1749081600000,"profit_abs":-46.8484172,"wins":0,"draws":0,"losses":1,"trades":1,"profit_factor":0.0},{"date":"06/06/2025","date_ts":1749168000000,"profit_abs":61.23209925,"wins":1,"draws":0,"losses":0,"trades":1,"profit_factor":0.0},{"date":"07/06/2025","date_ts":1749254400000,"profit_abs":15.04646771,"wins":2,"draws":0,"losses":1,"trades":3,"profit_factor":333.40461415},{"date":"08/06/2025","date_ts":1749340800000,"profit_abs":5.76476507,"wins":1,"draws":0,"losses":4,"trades":5,"profit_factor":2.97766006},{"date":"09/06/2025","date_ts":1749427200000,"profit_abs":54.36370084,"wins":1,"draws":0,"losses":0,"trades":1,"profit_factor":0.0},{"date":"10/06/2025","date_ts":1749513600000,"profit_abs":0.0,"wins":0,"draws":0,"losses":0,"trades":0,"profit_factor":0.0},{"date":"11/06/2025","date_ts":1749600000000,"profit_abs":0.0,"wins":0,"draws":0,"losses":0,"trades":0,"profit_factor":0.0},{"date":"12/06/2025","date_ts":1749686400000,"profit_abs":0.0,"wins":0,"draws":0,"losses":0,"trades":0,"profit_factor":0.0},{"date":"13/06/2025","date_ts":1749772800000,"profit_abs":0.0,"wins":0,"draws":0,"losses":0,"trades":0,"profit_factor":0.0},{"date":"14/06/2025","date_ts":1749859200000,"profit_abs":0.0,"wins":0,"draws":0,"losses":0,"trades":0,"profit_factor":0.0},{"date":"15/06/2025","date_ts":1749945600000,"profit_abs":64.26532862,"wins":1,"draws":0,"losses":0,"trades":1,"profit_factor":0.0},{"date":"16/06/2025","date_ts":1750032000000,"profit_abs":55.32267651,"wins":1,"draws":0,"losses":0,"trades":1,"profit_factor":0.0},{"date":"17/06/2025","date_ts":1750118400000,"profit_abs":0.0,"wins":0,"draws":0,"losses":0,"trades":0,"profit_factor":0.0},{"date":"18/06/2025","date_ts":1750204800000,"profit_abs":0.0,"wins":0,"draws":0,"losses":0,"trades":0,"profit_factor":0.0},{"date":"19/06/2025","date_ts":1750291200000,"profit_abs":7.96336835,"wins":1,"draws":0,"losses":1,"trades":2,"profit_factor":3.04499546}],"week":[{"date":"19/05/2025","date_ts":1747612800000,"profit_abs":-67.99014983,"wins":0,"draws":0,"losses":6,"trades":6,"profit_factor":0.0},{"date":"26/05/2025","date_ts":1748217600000,"profit_abs":83.24369222,"wins":2,"draws":0,"losses":0,"trades":2,"profit_factor":0.0},{"date":"02/06/2025","date_ts":1748822400000,"profit_abs":6.00192998,"wins":2,"draws":0,"losses":0,"trades":2,"profit_factor":0.0},{"date":"09/06/2025","date_ts":1749427200000,"profit_abs":132.34740141,"wins":6,"draws":0,"losses":6,"trades":12,"profit_factor":3.65711814},{"date":"16/06/2025","date_ts":1750032000000,"profit_abs":119.58800513,"wins":2,"draws":0,"losses":0,"trades":2,"profit_factor":0.0},{"date":"23/06/2025","date_ts":1750636800000,"profit_abs":7.96336835,"wins":1,"draws":0,"losses":1,"trades":2,"profit_factor":3.04499546}],"month":[{"date":"31/05/2025","date_ts":1748649600000,"profit_abs":18.49920333,"wins":3,"draws":0,"losses":6,"trades":9,"profit_factor":1.27208652},{"date":"30/06/2025","date_ts":1751241600000,"profit_abs":262.65504393,"wins":10,"draws":0,"losses":7,"trades":17,"profit_factor":5.89090934}],"year":[{"date":"31/12/2025","date_ts":1767139200000,"profit_abs":281.15424726,"wins":13,"draws":0,"losses":13,"trades":26,"profit_factor":3.3103596}]},"backtest_best_day":0.08182421986759057,"backtest_worst_day":-0.05748537461999933,"backtest_best_day_abs":76.25909861,"backtest_worst_day_abs":-57.01017275,"winning_days":12,"draw_days":18,"losing_days":3,"daily_profit":[["2025-05-18",-57.01017275],["2025-05-19",-10.97997708],["2025-05-20",0.0],["2025-05-21",0.0],["2025-05-22",76.25909861],["2025-05-23",0.0],["2025-05-24",0.0],["2025-05-25",6.98459361],["2025-05-26",0.0],["2025-05-27",0.0],["2025-05-28",0.0],["2025-05-29",0.0],["2025-05-30",0.0],["2025-05-31",3.24566094],["2025-06-01",2.75626904],["2025-06-02",0.0],["2025-06-03",42.78878574],["2025-06-04",0.0],["2025-06-05",-46.8484172],["2025-06-06",61.23209925],["2025-06-07",15.04646771],["2025-06-08",5.76476507],["2025-06-09",54.36370084],["2025-06-10",0.0],["2025-06-11",0.0],["2025-06-12",0.0],["2025-06-13",0.0],["2025-06-14",0.0],["2025-06-15",64.26532862],["2025-06-16",55.32267651],["2025-06-17",0.0],["2025-06-18",0.0],["2025-06-19",7.96336835]],"wins":13,"losses":13,"draws":0,"winrate":0.5,"holding_avg":"14:41:00","holding_avg_s":52860.0,"winner_holding_min":"0d 03:45","winner_holding_min_s":13500.0,"winner_holding_max":"2d 14:00","winner_holding_max_s":223200.0,"winner_holding_avg":"1d 00:59","winner_holding_avg_s":89940.0,"loser_holding_min":"0d 00:15","loser_holding_min_s":900.0,"loser_holding_max":"1d 04:00","loser_holding_max_s":100800.0,"loser_holding_avg":"0d 04:23","loser_holding_avg_s":15780.0,"max_consecutive_wins":5,"max_consecutive_losses":6,"max_drawdown_account":0.06799014983000007,"max_relative_drawdown":0.06799014983000007,"max_drawdown_abs":67.99014983000001,"drawdown_start":"2025-05-18 04:30:00","drawdown_start_ts":1747542600000.0,"drawdown_end":"2025-05-19 12:15:00","drawdown_end_ts":1747656900000.0,"max_drawdown_low":-67.99014983000001,"max_drawdown_high":-8.29755946,"csum_min":932.0098501699999,"csum_max":1285.04832356}},"strategy_comparison":[{"key":"GridBotSample","trades":26,"profit_mean":0.009990976616546726,"profit_mean_pct":1.0,"profit_sum":0.25976539203021487,"profit_sum_pct":25.98,"profit_total_abs":281.15424726000003,"profit_total":0.28115424726000005,"profit_total_pct":28.12,"duration_avg":"14:41:00","wins":13,"draws":0,"losses":13,"winrate":0.5,"cagr":13.29331281690105,"expectancy":10.813624894615383,"expectancy_ratio":1.1551798008858567,"sortino":9.562236491192161,"sharpe":5.243149406554356,"calmar":232.3625669324516,"sqn":1.7944,"profit_factor":3.310359601771714,"max_drawdown_account":0.06799014983000007,"max_drawdown_abs":"67.99"}]}