{"strategy":{"GridBotSample":{"trades":[{"pair":"ETH/USDT:USDT","stake_amount":988.17821,"max_stake_amount":988.17821,"amount":0.391,"open_date":"2025-05-17 00:15:00+00:00","close_date":"2025-05-18 04:30:00+00:00","open_rate":2527.31,"close_rate":2481.15,"fee_open":0.0005,"fee_close":0.0005,"trade_duration":1695,"profit_ratio":-0.019302551681963563,"profit_abs":-19.08389815,"exit_reason":"exit_signal","initial_stop_loss_abs":2274.58,"initial_stop_loss_ratio":-0.1,"stop_loss_abs":2274.58,"stop_loss_ratio":-0.1,"min_rate":2442.65,"max_rate":2527.31,"is_open":false,"enter_tag":"","leverage":1.0,"is_short":false,"open_timestamp":1747440900000,"close_timestamp":1747542600000,"orders":[{"amount":0.391,"safe_price":2527.31,"ft_order_side":"buy","order_filled_timestamp":1747440900000,"ft_is_entry":true,"ft_order_tag":"","cost":988.672299105},{"amount":0.391,"safe_price":2481.15,"ft_order_side":"sell","order_filled_timestamp":1747542600000,"ft_is_entry":false,"ft_order_tag":"exit_signal","cost":970.6147148250001}],"funding_fees":-0.05618421808214048},{"pair":"ETH/USDT:USDT","stake_amount":969.9144,"max_stake_amount":969.9144,"amount":0.39,"open_date":"2025-05-18 04:45:00+00:00","close_date":"2025-05-18 20:00:00+00:00","open_rate":2486.96,"close_rate":2406.78,"fee_open":0.0005,"fee_close":0.0005,"trade_duration":915,"profit_ratio":-0.033258265012791374,"profit_abs":-32.27379899,"exit_reason":"exit_signal","initial_stop_loss_abs":2238.27,"initial_stop_loss_ratio":-0.1,"stop_loss_abs":2238.27,"stop_loss_ratio":-0.1,"min_rate":2312.62,"max_rate":2587.52,"is_open":false,"enter_tag":"","leverage":1.0,"is_short":false,"open_timestamp":1747543500000,"close_timestamp":1747598400000,"orders":[{"amount":0.39,"safe_price":2486.96,"ft_order_side":"buy","order_filled_timestamp":1747543500000,"ft_is_entry":true,"ft_order_tag":"","cost":970.3993571999999},{"amount":0.39,"safe_price":2406.78,"ft_order_side":"sell","order_filled_timestamp":1747598400000,"ft_is_entry":false,"ft_order_tag":"exit_signal","cost":939.1135221000001}],"funding_fees":-0.04931968538742535},{"pair":"ETH/USDT:USDT","stake_amount":938.81762,"max_stake_amount":938.81762,"amount":0.386,"open_date":"2025-05-19 13:45:00+00:00","close_date":"2025-05-22 03:45:00+00:00","open_rate":2432.17,"close_rate":2634.82,"fee_open":0.0005,"fee_close":0.0005,"trade_duration":3720,"profit_ratio":0.0818242198631986,"profit_abs":76.85642836,"exit_reason":"exit_signal","initial_stop_loss_abs":2188.96,"initial_stop_loss_ratio":-0.1,"stop_loss_abs":2188.96,"stop_loss_ratio":-0.1,"min_rate":2416.4,"max_rate":2647.25,"is_open":false,"enter_tag":"","leverage":1.0,"is_short":false,"open_timestamp":1747662300000,"close_timestamp":1747885500000,"orders":[{"amount":0.386,"safe_price":2432.17,"ft_order_side":"buy","order_filled_timestamp":1747662300000,"ft_is_entry":true,"ft_order_tag":"","cost":939.28702881},{"amount":0.386,"safe_price":2634.82,"ft_order_side":"sell","order_filled_timestamp":1747885500000,"ft_is_entry":false,"ft_order_tag":"exit_signal","cost":1017.5490402600001}],"funding_fees":-0.3885425672215335},{"pair":"ETH/USDT:USDT","stake_amount":1013.98865,"max_stake_amount":1013.98865,"amount":0.401,"open_date":"2025-05-23 23:30:00+00:00","close_date":"2025-05-24 18:15:00+00:00","open_rate":2528.65,"close_rate":2561.57,"fee_open":0.0005,"fee_close":0.0005,"trade_duration":1125,"profit_ratio":0.011844534658396747,"profit_abs":12.01622882,"exit_reason":"exit_signal","initial_stop_loss_abs":2275.79,"initial_stop_loss_ratio":-0.1,"stop_loss_abs":2275.79,"stop_loss_ratio":-0.1,"min_rate":2502.1,"max_rate":2574.5,"is_open":false,"enter_tag":"","leverage":1.0,"is_short":false,"open_timestamp":1748043000000,"close_timestamp":1748110500000,"orders":[{"amount":0.401,"safe_price":2528.65,"ft_order_side":"buy","order_filled_timestamp":1748043000000,"ft_is_entry":true,"ft_order_tag":"","cost":1014.4956443250001},{"amount":0.401,"safe_price":2561.57,"ft_order_side":"sell","order_filled_timestamp":1748110500000,"ft_is_entry":false,"ft_order_tag":"exit_signal","cost":1027.7031647850001}],"funding_fees":-0.16410206721778844},{"pair":"ETH/USDT:USDT","stake_amount":1024.8658,"max_stake_amount":1024.8658,"amount":0.406,"open_date":"2025-05-24 23:00:00+00:00","close_date":"2025-05-25 19:00:00+00:00","open_rate":2524.3,"close_rate":2514.89,"fee_open":0.0005,"fee_close":0.0005,"trade_duration":1200,"profit_ratio":-0.00490542280751784,"profit_abs":-5.02991377,"exit_reason":"exit_signal","initial_stop_loss_abs":2271.88,"initial_stop_loss_ratio":-0.1,"stop_loss_abs":2271.88,"stop_loss_ratio":-0.1,"min_rate":2457.6,"max_rate":2538.38,"is_open":false,"enter_tag":"","leverage":1.0,"is_short":false,"open_timestamp":1748127600000,"close_timestamp":1748199600000,"orders":[{"amount":0.406,"safe_price":2524.3,"ft_order_side":"buy","order_filled_timestamp":1748127600000,"ft_is_entry":true,"ft_order_tag":"","cost":1025.3782329},{"amount":0.406,"safe_price":2514.89,"ft_order_side":"sell","order_filled_timestamp":1748199600000,"ft_is_entry":false,"ft_order_tag":"exit_signal","cost":1021.55586267}],"funding_fees":-0.1864981968276},{"pair":"ETH/USDT:USDT","stake_amount":1020.7215,"max_stake_amount":1020.7215,"amount":0.405,"open_date":"2025-05-25 19:30:00+00:00","close_date":"2025-05-25 21:00:00+00:00","open_rate":2520.3,"close_rate":2522.66,"fee_open":0.0005,"fee_close":0.0005,"trade_duration":90,"profit_ratio":-6.403971763275208e-05,"profit_abs":-0.0653994,"exit_reason":"exit_signal","initial_stop_loss_abs":2268.28,"initial_stop_loss_ratio":-0.1,"stop_loss_abs":2268.28,"stop_loss_ratio":-0.1,"min_rate":2509.69,"max_rate":2537.0,"is_open":false,"enter_tag":"","leverage":1.0,"is_short":false,"open_timestamp":1748201400000,"close_timestamp":1748206800000,"orders":[{"amount":0.405,"safe_price":2520.3,"ft_order_side":"buy","order_filled_timestamp":1748201400000,"ft_is_entry":true,"ft_order_tag":"","cost":1021.23186075},{"amount":0.405,"safe_price":2522.66,"ft_order_side":"sell","order_filled_timestamp":1748206800000,"ft_is_entry":false,"ft_order_tag":"exit_signal","cost":1022.18813865}],"funding_fees":0.0},{"pair":"ETH/USDT:USDT","stake_amount":1020.77415,"max_stake_amount":1020.77415,"amount":0.405,"open_date":"2025-05-25 21:30:00+00:00","close_date":"2025-05-27 08:30:00+00:00","open_rate":2520.43,"close_rate":2637.32,"fee_open":0.0005,"fee_close":0.0005,"trade_duration":2100,"profit_ratio":0.04505274528269984,"profit_abs":46.01167211,"exit_reason":"exit_signal","initial_stop_loss_abs":2268.39,"initial_stop_loss_ratio":-0.1,"stop_loss_abs":2268.39,"stop_loss_ratio":-0.1,"min_rate":2506.08,"max_rate":2643.44,"is_open":false,"enter_tag":"","leverage":1.0,"is_short":false,"open_timestamp":1748208600000,"close_timestamp":1748334600000,"orders":[{"amount":0.405,"safe_price":2520.43,"ft_order_side":"buy","order_filled_timestamp":1748208600000,"ft_is_entry":true,"ft_order_tag":"","cost":1021.2845370749999},{"amount":0.405,"safe_price":2637.32,"ft_order_side":"sell","order_filled_timestamp":1748334600000,"ft_is_entry":false,"ft_order_tag":"exit_signal","cost":1068.6486573}],"funding_fees":-0.28433351825976344},{"pair":"ETH/USDT:USDT","stake_amount":1067.47011,"max_stake_amount":1067.47011,"amount":0.423,"open_date":"2025-05-30 22:45:00+00:00","close_date":"2025-05-31 12:00:00+00:00","open_rate":2523.57,"close_rate":2518.6,"fee_open":0.0005,"fee_close":0.0005,"trade_duration":795,"profit_ratio":-0.003081307988952538,"profit_abs":-3.29084878,"exit_reason":"exit_signal","initial_stop_loss_abs":2271.22,"initial_stop_loss_ratio":-0.1,"stop_loss_abs":2271.22,"stop_loss_ratio":-0.1,"min_rate":2474.0,"max_rate":2543.45,"is_open":false,"enter_tag":"","leverage":1.0,"is_short":false,"open_timestamp":1748645100000,"close_timestamp":1748692800000,"orders":[{"amount":0.423,"safe_price":2523.57,"ft_order_side":"buy","order_filled_timestamp":1748645100000,"ft_is_entry":true,"ft_order_tag":"","cost":1068.0038450549998},{"amount":0.423,"safe_price":2518.6,"ft_order_side":"sell","order_filled_timestamp":1748692800000,"ft_is_entry":false,"ft_order_tag":"exit_signal","cost":1065.9004839}],"funding_fees":-0.12211982955208595},{"pair":"ETH/USDT:USDT","stake_amount":1062.3438,"max_stake_amount":1062.3438,"amount":0.42,"open_date":"2025-05-31 12:15:00+00:00","close_date":"2025-05-31 19:00:00+00:00","open_rate":2529.39,"close_rate":2538.82,"fee_open":0.0005,"fee_close":0.0005,"trade_duration":405,"profit_ratio":0.0026975074545924588,"profit_abs":2.86711316,"exit_reason":"exit_signal","initial_stop_loss_abs":2276.46,"initial_stop_loss_ratio":-0.1,"stop_loss_abs":2276.46,"stop_loss_ratio":-0.1,"min_rate":2521.05,"max_rate":2550.0,"is_open":false,"enter_tag":"","leverage":1.0,"is_short":false,"open_timestamp":1748693700000,"close_timestamp":1748718000000,"orders":[{"amount":0.42,"safe_price":2529.39,"ft_order_side":"buy","order_filled_timestamp":1748693700000,"ft_is_entry":true,"ft_order_tag":"","cost":1062.8749718999998},{"amount":0.42,"safe_price":2538.82,"ft_order_side":"sell","order_filled_timestamp":1748718000000,"ft_is_entry":false,"ft_order_tag":"exit_signal","cost":1066.8375522}],"funding_fees":-0.029162743860752963},{"pair":"ETH/USDT:USDT","stake_amount":1064.90266,"max_stake_amount":1064.90266,"amount":0.421,"open_date":"2025-05-31 23:45:00+00:00","close_date":"2025-06-01 05:45:00+00:00","open_rate":2529.46,"close_rate":2515.81,"fee_open":0.0005,"fee_close":0.0005,"trade_duration":360,"profit_ratio":-0.006465607249793694,"profit_abs":-6.88868498,"exit_reason":"exit_signal","initial_stop_loss_abs":2276.52,"initial_stop_loss_ratio":-0.1,"stop_loss_abs":2276.52,"stop_loss_ratio":-0.1,"min_rate":2488.52,"max_rate":2530.45,"is_open":false,"enter_tag":"","leverage":1.0,"is_short":false,"open_timestamp":1748735100000,"close_timestamp":1748756700000,"orders":[{"amount":0.421,"safe_price":2529.46,"ft_order_side":"buy","order_filled_timestamp":1748735100000,"ft_is_entry":true,"ft_order_tag":"","cost":1065.43511133},{"amount":0.421,"safe_price":2515.81,"ft_order_side":"sell","order_filled_timestamp":1748756700000,"ft_is_entry":false,"ft_order_tag":"exit_signal","cost":1059.6855880049998}],"funding_fees":-0.080005647728},{"pair":"ETH/USDT:USDT","stake_amount":1059.85066,"max_stake_amount":1059.85066,"amount":0.421,"open_date":"2025-06-01 06:00:00+00:00","close_date":"2025-06-03 01:45:00+00:00","open_rate":2517.46,"close_rate":2636.84,"fee_open":0.0005,"fee_close":0.0005,"trade_duration":2625,"profit_ratio":0.04611091603943635,"profit_abs":48.89512014,"exit_reason":"exit_signal","initial_stop_loss_abs":2265.72,"initial_stop_loss_ratio":-0.1,"stop_loss_abs":2265.72,"stop_loss_ratio":-0.1,"min_rate":2465.0,"max_rate":2649.0,"is_open":false,"enter_tag":"","leverage":1.0,"is_short":false,"open_timestamp":1748757600000,"close_timestamp":1748915100000,"orders":[{"amount":0.421,"safe_price":2517.46,"ft_order_side":"buy","order_filled_timestamp":1748757600000,"ft_is_entry":true,"ft_order_tag":"","cost":1060.38058533},{"amount":0.421,"safe_price":2636.84,"ft_order_side":"sell","order_filled_timestamp":1748915100000,"ft_is_entry":false,"ft_order_tag":"exit_signal","cost":1110.66469482}],"funding_fees":-0.2788797105011934},{"pair":"SOL/USDT:USDT","stake_amount":1108.4992,"max_stake_amount":1108.4992,"amount":7.58,"open_date":"2025-06-05 19:30:00+00:00","close_date":"2025-06-08 18:15:00+00:00","open_rate":146.24,"close_rate":153.83,"fee_open":0.0005,"fee_close":0.0005,"trade_duration":4245,"profit_ratio":0.050976018631374714,"profit_abs":56.53512931,"exit_reason":"exit_signal","initial_stop_loss_abs":131.62,"initial_stop_loss_ratio":-0.1,"stop_loss_abs":131.62,"stop_loss_ratio":-0.1,"min_rate":141.43,"max_rate":154.14,"is_open":false,"enter_tag":"","leverage":1.0,"is_short":false,"open_timestamp":1749151800000,"close_timestamp":1749406500000,"orders":[{"amount":7.58,"safe_price":146.24,"ft_order_side":"buy","order_filled_timestamp":1749151800000,"ft_is_entry":true,"ft_order_tag":"","cost":1109.0534496},{"amount":7.58,"safe_price":153.83,"ft_order_side":"sell","order_filled_timestamp":1749406500000,"ft_is_entry":false,"ft_order_tag":"exit_signal","cost":1166.6144157}],"funding_fees":0.14019460996591773},{"pair":"ETH/USDT:USDT","stake_amount":1163.5608,"max_stake_amount":1163.5608,"amount":0.46,"open_date":"2025-06-08 18:30:00+00:00","close_date":"2025-06-08 20:30:00+00:00","open_rate":2529.48,"close_rate":2533.99,"fee_open":0.0005,"fee_close":0.0005,"trade_duration":120,"profit_ratio":0.0007816928229593002,"profit_abs":0.9100019,"exit_reason":"exit_signal","initial_stop_loss_abs":2276.54,"initial_stop_loss_ratio":-0.1,"stop_loss_abs":2276.54,"stop_loss_ratio":-0.1,"min_rate":2525.75,"max_rate":2539.68,"is_open":false,"enter_tag":"","leverage":1.0,"is_short":false,"open_timestamp":1749407400000,"close_timestamp":1749414600000,"orders":[{"amount":0.46,"safe_price":2529.48,"ft_order_side":"buy","order_filled_timestamp":1749407400000,"ft_is_entry":true,"ft_order_tag":"","cost":1164.1425803999998},{"amount":0.46,"safe_price":2533.99,"ft_order_side":"sell","order_filled_timestamp":1749414600000,"ft_is_entry":false,"ft_order_tag":"exit_signal","cost":1166.2182176999997}],"funding_fees":0.0},{"pair":"ETH/USDT:USDT","stake_amount":1163.83806,"max_stake_amount":1163.83806,"amount":0.462,"open_date":"2025-06-08 22:15:00+00:00","close_date":"2025-06-09 21:30:00+00:00","open_rate":2519.13,"close_rate":2638.76,"fee_open":0.0005,"fee_close":0.0005,"trade_duration":1395,"profit_ratio":0.046313565183692715,"profit_abs":53.9284406,"exit_reason":"exit_signal","initial_stop_loss_abs":2267.22,"initial_stop_loss_ratio":-0.1,"stop_loss_abs":2267.22,"stop_loss_ratio":-0.1,"min_rate":2475.83,"max_rate":2639.88,"is_open":false,"enter_tag":"","leverage":1.0,"is_short":false,"open_timestamp":1749420900000,"close_timestamp":1749504600000,"orders":[{"amount":0.462,"safe_price":2519.13,"ft_order_side":"buy","order_filled_timestamp":1749420900000,"ft_is_entry":true,"ft_order_tag":"","cost":1164.41997903},{"amount":0.462,"safe_price":2638.76,"ft_order_side":"sell","order_filled_timestamp":1749504600000,"ft_is_entry":false,"ft_order_tag":"exit_signal","cost":1219.7166735600001}],"funding_fees":-0.14914680591903642},{"pair":"SOL/USDT:USDT","stake_amount":1218.47,"max_stake_amount":1218.47,"amount":8.36,"open_date":"2025-06-13 00:30:00+00:00","close_date":"2025-06-13 02:45:00+00:00","open_rate":145.75,"close_rate":141.27,"fee_open":0.0005,"fee_close":0.0005,"trade_duration":135,"profit_ratio":-0.03170634236912419,"profit_abs":-38.6525436,"exit_reason":"exit_signal","initial_stop_loss_abs":131.18,"initial_stop_loss_ratio":-0.1,"stop_loss_abs":131.18,"stop_loss_ratio":-0.1,"min_rate":140.73,"max_rate":146.35,"is_open":false,"enter_tag":"","leverage":1.0,"is_short":false,"open_timestamp":1749774600000,"close_timestamp":1749782700000,"orders":[{"amount":8.36,"safe_price":145.75,"ft_order_side":"buy","order_filled_timestamp":1749774600000,"ft_is_entry":true,"ft_order_tag":"","cost":1219.079235},{"amount":8.36,"safe_price":141.27,"ft_order_side":"sell","order_filled_timestamp":1749782700000,"ft_is_entry":false,"ft_order_tag":"exit_signal","cost":1181.6077086}],"funding_fees":0.0},{"pair":"SOL/USDT:USDT","stake_amount":1179.5307,"max_stake_amount":1179.5307,"amount":8.21,"open_date":"2025-06-13 05:45:00+00:00","close_date":"2025-06-16 01:45:00+00:00","open_rate":143.67,"close_rate":153.98,"fee_open":0.0005,"fee_close":0.0005,"trade_duration":4080,"profit_ratio":0.07042934775760348,"profit_abs":83.11511465,"exit_reason":"exit_signal","initial_stop_loss_abs":129.31,"initial_stop_loss_ratio":-0.1,"stop_loss_abs":129.31,"stop_loss_ratio":-0.1,"min_rate":141.87,"max_rate":156.72,"is_open":false,"enter_tag":"","leverage":1.0,"is_short":false,"open_timestamp":1749793500000,"close_timestamp":1750038300000,"orders":[{"amount":8.21,"safe_price":143.67,"ft_order_side":"buy","order_filled_timestamp":1749793500000,"ft_is_entry":true,"ft_order_tag":"","cost":1180.12046535},{"amount":8.21,"safe_price":153.98,"ft_order_side":"sell","order_filled_timestamp":1750038300000,"ft_is_entry":false,"ft_order_tag":"exit_signal","cost":1264.8078879}],"funding_fees":-0.30813209560573446},{"pair":"ETH/USDT:USDT","stake_amount":1262.61519,"max_stake_amount":1262.61519,"amount":0.501,"open_date":"2025-06-17 15:15:00+00:00","close_date":"2025-06-18 07:30:00+00:00","open_rate":2520.19,"close_rate":2524.21,"fee_open":0.0005,"fee_close":0.0005,"trade_duration":975,"profit_ratio":0.0005389639957808776,"profit_abs":0.68084438,"exit_reason":"force_exit","initial_stop_loss_abs":2268.18,"initial_stop_loss_ratio":-0.1,"stop_loss_abs":2268.18,"stop_loss_ratio":-0.1,"min_rate":2451.97,"max_rate":2545.1,"is_open":false,"enter_tag":"","leverage":1.0,"is_short":false,"open_timestamp":1750173300000,"close_timestamp":1750231800000,"orders":[{"amount":0.501,"safe_price":2520.19,"ft_order_side":"buy","order_filled_timestamp":1750173300000,"ft_is_entry":true,"ft_order_tag":"","cost":1263.246497595},{"amount":0.501,"safe_price":2524.21,"ft_order_side":"sell","order_filled_timestamp":1750231800000,"ft_is_entry":false,"ft_order_tag":"force_exit","cost":1265.261524605}],"funding_fees":-0.06955341781045547}],"locks":[],"best_pair":{"key":"ETH/USDT:USDT","trades":14,"profit_mean":0.01200621077443608,"profit_mean_pct":1.2,"profit_sum":0.16808695084210512,"profit_sum_pct":16.81,"profit_total_abs":175.53330540000002,"profit_total":0.1755333054,"profit_total_pct":17.55,"duration_avg":"20:51:00","wins":8,"draws":0,"losses":6,"winrate":0.5714285714285714,"cagr":4.981925258644009,"expectancy":12.538093242857144,"expectancy_ratio":1.1290062612364373,"sortino":9.093084195553384,"sharpe":3.36541338553113,"calmar":197.8729740893558,"sqn":1.4971,"profit_factor":3.634347942885021,"max_drawdown_account":0.051357697140000026,"max_drawdown_abs":51.35769714},"worst_pair":{"key":"SUI/USDT:USDT","trades":0,"profit_mean":0.0,"profit_mean_pct":0.0,"profit_sum":0.0,"profit_sum_pct":0.0,"profit_total_abs":0.0,"profit_total":0.0,"profit_total_pct":0.0,"duration_avg":"0:00","wins":0,"draws":0,"losses":0,"winrate":0.0,"cagr":0.0,"expectancy":0.0,"expectancy_ratio":100.0,"sortino":0,"sharpe":0,"calmar":0,"sqn":0.0,"profit_factor":0.0,"max_drawdown_account":0.0,"max_drawdown_abs":0.0},"results_per_pair":[{"key":"ETH/USDT:USDT","trades":14,"profit_mean":0.01200621077443608,"profit_mean_pct":1.2,"profit_sum":0.16808695084210512,"profit_sum_pct":16.81,"profit_total_abs":175.53330540000002,"profit_total":0.1755333054,"profit_total_pct":17.55,"duration_avg":"20:51:00","wins":8,"draws":0,"losses":6,"winrate":0.5714285714285714,"cagr":4.981925258644009,"expectancy":12.538093242857144,"expectancy_ratio":1.1290062612364373,"sortino":9.093084195553384,"sharpe":3.36541338553113,"calmar":197.8729740893558,"sqn":1.4971,"profit_factor":3.634347942885021,"max_drawdown_account":0.051357697140000026,"max_drawdown_abs":51.35769714},{"key":"SOL/USDT:USDT","trades":3,"profit_mean":0.02989967467328467,"profit_mean_pct":2.99,"profit_sum":0.08969902401985401,"profit_sum_pct":8.97,"profit_total_abs":100.99770036,"profit_total":0.10099770036,"profit_total_pct":10.1,"duration_avg":"1 day, 23:00:00","wins":2,"draws":0,"losses":1,"winrate":0.6666666666666666,"cagr":1.8985649768313237,"expectancy":33.66590012,"expectancy_ratio":0.8709879605439472,"sortino":-100,"sharpe":1.118525219496062,"calmar":159.82688701782018,"sqn":0.9108,"profit_factor":3.612963881631842,"max_drawdown_account":0.03658424838674609,"max_drawdown_abs":38.6525436},{"key":"SUI/USDT:USDT","trades":0,"profit_mean":0.0,"profit_mean_pct":0.0,"profit_sum":0.0,"profit_sum_pct":0.0,"profit_total_abs":0.0,"profit_total":0.0,"profit_total_pct":0.0,"duration_avg":"0:00","wins":0,"draws":0,"losses":0,"winrate":0.0,"cagr":0.0,"expectancy":0.0,"expectancy_ratio":100.0,"sortino":0,"sharpe":0,"calmar":0,"sqn":0.0,"profit_factor":0.0,"max_drawdown_account":0.0,"max_drawdown_abs":0.0},{"key":"TOTAL","trades":17,"profit_mean":0.01516388087423289,"profit_mean_pct":1.52,"profit_sum":0.25778597486195914,"profit_sum_pct":25.78,"profit_total_abs":276.53100575999997,"profit_total":0.27653100575999995,"profit_total_pct":27.65,"duration_avg":"1 day, 1:28:00","wins":10,"draws":0,"losses":7,"winrate":0.5882352941176471,"cagr":13.885766084651207,"expectancy":16.266529750588234,"expectancy_ratio":1.0814989166463183,"sortino":11.32105097812899,"sharpe":4.443596897445237,"calmar":311.72438992681316,"sqn":1.806,"profit_factor":3.6264973689982014,"max_drawdown_account":0.051357697140000026,"max_drawdown_abs":51.35769714}],"results_per_enter_tag":[{"key":"","trades":17,"profit_mean":0.01516388087423289,"profit_mean_pct":1.52,"profit_sum":0.25778597486195914,"profit_sum_pct":25.78,"profit_total_abs":276.53100575999997,"profit_total":0.27653100575999995,"profit_total_pct":27.65,"duration_avg":"1 day, 1:28:00","wins":10,"draws":0,"losses":7,"winrate":0.5882352941176471,"cagr":13.885766084651207,"expectancy":16.266529750588234,"expectancy_ratio":1.0814989166463183,"sortino":11.32105097812899,"sharpe":4.443596897445237,"calmar":311.72438992681316,"sqn":1.806,"profit_factor":3.6264973689982014,"max_drawdown_account":0.051357697140000026,"max_drawdown_abs":51.35769714},{"key":"TOTAL","trades":17,"profit_mean":0.01516388087423289,"profit_mean_pct":1.52,"profit_sum":0.25778597486195914,"profit_sum_pct":25.78,"profit_total_abs":276.53100575999997,"profit_total":0.27653100575999995,"profit_total_pct":27.65,"duration_avg":"1 day, 1:28:00","wins":10,"draws":0,"losses":7,"winrate":0.5882352941176471,"cagr":13.885766084651207,"expectancy":16.266529750588234,"expectancy_ratio":1.0814989166463183,"sortino":11.32105097812899,"sharpe":4.443596897445237,"calmar":311.72438992681316,"sqn":1.806,"profit_factor":3.6264973689982014,"max_drawdown_account":0.051357697140000026,"max_drawdown_abs":51.35769714}],"exit_reason_summary":[{"key":"exit_signal","trades":16,"profit_mean":0.016077938179136143,"profit_mean_pct":1.61,"profit_sum":0.2572470108661783,"profit_sum_pct":25.72,"profit_total_abs":275.85016138,"profit_total":0.27585016137999996,"profit_total_pct":27.59,"duration_avg":"1 day, 2:03:00","wins":9,"draws":0,"losses":7,"winrate":0.5625,"cagr":13.79818673159473,"expectancy":17.24063508625,"expectancy_ratio":1.1462634288914395,"sortino":11.293177525338521,"sharpe":4.325679954051756,"calmar":310.9568962477326,"sqn":1.8086,"profit_factor":3.620030694609004,"max_drawdown_account":0.051357697140000026,"max_drawdown_abs":51.35769714},{"key":"force_exit","trades":1,"profit_mean":0.0005389639957808776,"profit_mean_pct":0.05,"profit_sum":0.0005389639957808776,"profit_sum_pct":0.05,"profit_total_abs":0.68084438,"profit_total":0.00068084438,"profit_total_pct":0.07,"duration_avg":"16:15:00","wins":1,"draws":0,"losses":0,"winrate":1.0,"cagr":0.007556395618317779,"expectancy":0.68084438,"expectancy_ratio":100.0,"sortino":-100,"sharpe":-100,"calmar":-100,"sqn":-100.0,"profit_factor":0.0,"max_drawdown_account":0.0,"max_drawdown_abs":0.0},{"key":"TOTAL","trades":17,"profit_mean":0.01516388087423289,"profit_mean_pct":1.52,"profit_sum":0.25778597486195914,"profit_sum_pct":25.78,"profit_total_abs":276.53100575999997,"profit_total":0.27653100575999995,"profit_total_pct":27.65,"duration_avg":"1 day, 1:28:00","wins":10,"draws":0,"losses":7,"winrate":0.5882352941176471,"cagr":13.885766084651207,"expectancy":16.266529750588234,"expectancy_ratio":1.0814989166463183,"sortino":11.32105097812899,"sharpe":4.443596897445237,"calmar":311.72438992681316,"sqn":1.806,"profit_factor":3.6264973689982014,"max_drawdown_account":0.051357697140000026,"max_drawdown_abs":51.35769714}],"mix_tag_stats":[{"key":["","exit_signal"],"trades":16,"profit_mean":0.016077938179136143,"profit_mean_pct":1.61,"profit_sum":0.2572470108661783,"profit_sum_pct":25.72,"profit_total_abs":275.85016138,"profit_total":0.27585016137999996,"profit_total_pct":27.59,"duration_avg":"1 day, 2:03:00","wins":9,"draws":0,"losses":7,"winrate":0.5625,"cagr":13.79818673159473,"expectancy":17.24063508625,"expectancy_ratio":1.1462634288914395,"sortino":11.293177525338521,"sharpe":4.325679954051756,"calmar":310.9568962477326,"sqn":1.8086,"profit_factor":3.620030694609004,"max_drawdown_account":0.051357697140000026,"max_drawdown_abs":51.35769714},{"key":["","force_exit"],"trades":1,"profit_mean":0.0005389639957808776,"profit_mean_pct":0.05,"profit_sum":0.0005389639957808776,"profit_sum_pct":0.05,"profit_total_abs":0.68084438,"profit_total":0.00068084438,"profit_total_pct":0.07,"duration_avg":"16:15:00","wins":1,"draws":0,"losses":0,"winrate":1.0,"cagr":0.007556395618317779,"expectancy":0.68084438,"expectancy_ratio":100.0,"sortino":-100,"sharpe":-100,"calmar":-100,"sqn":-100.0,"profit_factor":0.0,"max_drawdown_account":0.0,"max_drawdown_abs":0.0},{"key":"TOTAL","trades":17,"profit_mean":0.01516388087423289,"profit_mean_pct":1.52,"profit_sum":0.25778597486195914,"profit_sum_pct":25.78,"profit_total_abs":276.53100575999997,"profit_total":0.27653100575999995,"profit_total_pct":27.65,"duration_avg":"1 day, 1:28:00","wins":10,"draws":0,"losses":7,"winrate":0.5882352941176471,"cagr":13.885766084651207,"expectancy":16.266529750588234,"expectancy_ratio":1.0814989166463183,"sortino":11.32105097812899,"sharpe":4.443596897445237,"calmar":311.72438992681316,"sqn":1.806,"profit_factor":3.6264973689982014,"max_drawdown_account":0.051357697140000026,"max_drawdown_abs":51.35769714}],"left_open_trades":[{"key":"ETH/USDT:USDT","trades":1,"profit_mean":0.0005389639957808776,"profit_mean_pct":0.05,"profit_sum":0.0005389639957808776,"profit_sum_pct":0.05,"profit_total_abs":0.68084438,"profit_total":0.00068084438,"profit_total_pct":0.07,"duration_avg":"16:15:00","wins":1,"draws":0,"losses":0,"winrate":1.0,"cagr":0.007556395618317779,"expectancy":0.68084438,"expectancy_ratio":100.0,"sortino":-100,"sharpe":-100,"calmar":-100,"sqn":-100.0,"profit_factor":0.0,"max_drawdown_account":0.0,"max_drawdown_abs":0.0},{"key":"TOTAL","trades":1,"profit_mean":0.0005389639957808776,"profit_mean_pct":0.05,"profit_sum":0.0005389639957808776,"profit_sum_pct":0.05,"profit_total_abs":0.68084438,"profit_total":0.00068084438,"profit_total_pct":0.07,"duration_avg":"16:15:00","wins":1,"draws":0,"losses":0,"winrate":1.0,"cagr":0.007556395618317779,"expectancy":0.68084438,"expectancy_ratio":100.0,"sortino":-100,"sharpe":-100,"calmar":-100,"sqn":-100.0,"profit_factor":0.0,"max_drawdown_account":0.0,"max_drawdown_abs":0.0}],"total_trades":17,"trade_count_long":17,"trade_count_short":0,"total_volume":36972.193528334996,"avg_stake_amount":1078.1377358823531,"profit_mean":0.01516388087423289,"profit_median":0.0007816928229593002,"profit_total":0.27653100575999995,"profit_total_long":0.27653100575999995,"profit_total_short":0.0,"profit_total_abs":276.53100575999997,"profit_total_long_abs":276.53100575999997,"profit_total_short_abs":0.0,"cagr":13.885766084651207,"expectancy":16.266529750588234,"expectancy_ratio":1.0814989166463183,"sortino":11.32105097812899,"sharpe":4.443596897445237,"calmar":311.72438992681316,"sqn":1.806,"profit_factor":3.6264973689982014,"backtest_start":"2025-05-16 00:00:00","backtest_start_ts":1747353600000,"backtest_end":"2025-06-18 07:30:00","backtest_end_ts":1750231800000,"backtest_days":33,"backtest_run_start_ts":1750233728,"backtest_run_end_ts":1750233728,"trades_per_day":0.52,"market_change":-0.13696575106928824,"pairlist":["SOL/USDT:USDT","ETH/USDT:USDT","SUI/USDT:USDT"],"stake_amount":"unlimited","stake_currency":"USDT","stake_currency_decimals":3,"starting_balance":1000,"dry_run_wallet":1000,"final_balance":1276.53100576,"rejected_signals":423,"timedout_entry_orders":0,"timedout_exit_orders":0,"canceled_trade_entries":0,"canceled_entry_orders":0,"replaced_entry_orders":0,"max_open_trades":1,"max_open_trades_setting":1,"timeframe":"15m","timeframe_detail":"","timerange":"","enable_protections":false,"strategy_name":"GridBotSample","stoploss":-0.1,"trailing_stop":false,"trailing_stop_positive":null,"trailing_stop_positive_offset":0.0,"trailing_only_offset_is_reached":false,"use_custom_stoploss":false,"minimal_roi":{},"use_exit_signal":true,"exit_profit_only":false,"exit_profit_offset":0.0,"ignore_roi_if_entry_signal":false,"trading_mode":"futures","margin_mode":"isolated","periodic_breakdown":{"day":[{"date":"18/05/2025","date_ts":1747526400000,"profit_abs":-51.35769714,"wins":0,"draws":0,"losses":2,"trades":2,"profit_factor":0.0},{"date":"19/05/2025","date_ts":1747612800000,"profit_abs":0.0,"wins":0,"draws":0,"losses":0,"trades":0,"profit_factor":0.0},{"date":"20/05/2025","date_ts":1747699200000,"profit_abs":0.0,"wins":0,"draws":0,"losses":0,"trades":0,"profit_factor":0.0},{"date":"21/05/2025","date_ts":1747785600000,"profit_abs":0.0,"wins":0,"draws":0,"losses":0,"trades":0,"profit_factor":0.0},{"date":"22/05/2025","date_ts":1747872000000,"profit_abs":76.85642836,"wins":1,"draws":0,"losses":0,"trades":1,"profit_factor":0.0},{"date":"23/05/2025","date_ts":1747958400000,"profit_abs":0.0,"wins":0,"draws":0,"losses":0,"trades":0,"profit_factor":0.0},{"date":"24/05/2025","date_ts":1748044800000,"profit_abs":12.01622882,"wins":1,"draws":0,"losses":0,"trades":1,"profit_factor":0.0},{"date":"25/05/2025","date_ts":1748131200000,"profit_abs":-5.09531317,"wins":0,"draws":0,"losses":2,"trades":2,"profit_factor":0.0},{"date":"26/05/2025","date_ts":1748217600000,"profit_abs":0.0,"wins":0,"draws":0,"losses":0,"trades":0,"profit_factor":0.0},{"date":"27/05/2025","date_ts":1748304000000,"profit_abs":46.01167211,"wins":1,"draws":0,"losses":0,"trades":1,"profit_factor":0.0},{"date":"28/05/2025","date_ts":1748390400000,"profit_abs":0.0,"wins":0,"draws":0,"losses":0,"trades":0,"profit_factor":0.0},{"date":"29/05/2025","date_ts":1748476800000,"profit_abs":0.0,"wins":0,"draws":0,"losses":0,"trades":0,"profit_factor":0.0},{"date":"30/05/2025","date_ts":1748563200000,"profit_abs":0.0,"wins":0,"draws":0,"losses":0,"trades":0,"profit_factor":0.0},{"date":"31/05/2025","date_ts":1748649600000,"profit_abs":-0.42373562,"wins":1,"draws":0,"losses":1,"trades":2,"profit_factor":0.8712382},{"date":"01/06/2025","date_ts":1748736000000,"profit_abs":-6.88868498,"wins":0,"draws":0,"losses":1,"trades":1,"profit_factor":0.0},{"date":"02/06/2025","date_ts":1748822400000,"profit_abs":0.0,"wins":0,"draws":0,"losses":0,"trades":0,"profit_factor":0.0},{"date":"03/06/2025","date_ts":1748908800000,"profit_abs":48.89512014,"wins":1,"draws":0,"losses":0,"trades":1,"profit_factor":0.0},{"date":"04/06/2025","date_ts":1748995200000,"profit_abs":0.0,"wins":0,"draws":0,"losses":0,"trades":0,"profit_factor":0.0},{"date":"05/06/2025","date_ts":1749081600000,"profit_abs":0.0,"wins":0,"draws":0,"losses":0,"trades":0,"profit_factor":0.0},{"date":"06/06/2025","date_ts":1749168000000,"profit_abs":0.0,"wins":0,"draws":0,"losses":0,"trades":0,"profit_factor":0.0},{"date":"07/06/2025","date_ts":1749254400000,"profit_abs":0.0,"wins":0,"draws":0,"losses":0,"trades":0,"profit_factor":0.0},{"date":"08/06/2025","date_ts":1749340800000,"profit_abs":57.44513121,"wins":2,"draws":0,"losses":0,"trades":2,"profit_factor":0.0},{"date":"09/06/2025","date_ts":1749427200000,"profit_abs":53.9284406,"wins":1,"draws":0,"losses":0,"trades":1,"profit_factor":0.0},{"date":"10/06/2025","date_ts":1749513600000,"profit_abs":0.0,"wins":0,"draws":0,"losses":0,"trades":0,"profit_factor":0.0},{"date":"11/06/2025","date_ts":1749600000000,"profit_abs":0.0,"wins":0,"draws":0,"losses":0,"trades":0,"profit_factor":0.0},{"date":"12/06/2025","date_ts":1749686400000,"profit_abs":0.0,"wins":0,"draws":0,"losses":0,"trades":0,"profit_factor":0.0},{"date":"13/06/2025","date_ts":1749772800000,"profit_abs":-38.6525436,"wins":0,"draws":0,"losses":1,"trades":1,"profit_factor":0.0},{"date":"14/06/2025","date_ts":1749859200000,"profit_abs":0.0,"wins":0,"draws":0,"losses":0,"trades":0,"profit_factor":0.0},{"date":"15/06/2025","date_ts":1749945600000,"profit_abs":0.0,"wins":0,"draws":0,"losses":0,"trades":0,"profit_factor":0.0},{"date":"16/06/2025","date_ts":1750032000000,"profit_abs":83.11511465,"wins":1,"draws":0,"losses":0,"trades":1,"profit_factor":0.0},{"date":"17/06/2025","date_ts":1750118400000,"profit_abs":0.0,"wins":0,"draws":0,"losses":0,"trades":0,"profit_factor":0.0},{"date":"18/06/2025","date_ts":1750204800000,"profit_abs":0.68084438,"wins":1,"draws":0,"losses":0,"trades":1,"profit_factor":0.0}],"week":[{"date":"19/05/2025","date_ts":1747612800000,"profit_abs":-51.35769714,"wins":0,"draws":0,"losses":2,"trades":2,"profit_factor":0.0},{"date":"26/05/2025","date_ts":1748217600000,"profit_abs":83.77734401,"wins":2,"draws":0,"losses":2,"trades":4,"profit_factor":17.44204021},{"date":"02/06/2025","date_ts":1748822400000,"profit_abs":38.69925151,"wins":2,"draws":0,"losses":2,"trades":4,"profit_factor":4.8016723},{"date":"09/06/2025","date_ts":1749427200000,"profit_abs":160.26869195,"wins":4,"draws":0,"losses":0,"trades":4,"profit_factor":0.0},{"date":"16/06/2025","date_ts":1750032000000,"profit_abs":44.46257105,"wins":1,"draws":0,"losses":1,"trades":2,"profit_factor":2.15031423},{"date":"23/06/2025","date_ts":1750636800000,"profit_abs":0.68084438,"wins":1,"draws":0,"losses":0,"trades":1,"profit_factor":0.0}],"month":[{"date":"31/05/2025","date_ts":1748649600000,"profit_abs":78.00758336,"wins":4,"draws":0,"losses":5,"trades":9,"profit_factor":2.30570044},{"date":"30/06/2025","date_ts":1751241600000,"profit_abs":198.5234224,"wins":6,"draws":0,"losses":2,"trades":8,"profit_factor":5.35920217}],"year":[{"date":"31/12/2025","date_ts":1767139200000,"profit_abs":276.53100576,"wins":10,"draws":0,"losses":7,"trades":17,"profit_factor":3.62649737}]},"backtest_best_day":0.0818242198631986,"backtest_worst_day":-0.05256081669475494,"backtest_best_day_abs":83.11511465,"backtest_worst_day_abs":-51.35769714,"winning_days":8,"draw_days":19,"losing_days":5,"daily_profit":[["2025-05-18",-51.35769714],["2025-05-19",0.0],["2025-05-20",0.0],["2025-05-21",0.0],["2025-05-22",76.85642836],["2025-05-23",0.0],["2025-05-24",12.01622882],["2025-05-25",-5.09531317],["2025-05-26",0.0],["2025-05-27",46.01167211],["2025-05-28",0.0],["2025-05-29",0.0],["2025-05-30",0.0],["2025-05-31",-0.42373562],["2025-06-01",-6.88868498],["2025-06-02",0.0],["2025-06-03",48.89512014],["2025-06-04",0.0],["2025-06-05",0.0],["2025-06-06",0.0],["2025-06-07",0.0],["2025-06-08",57.44513121],["2025-06-09",53.9284406],["2025-06-10",0.0],["2025-06-11",0.0],["2025-06-12",0.0],["2025-06-13",-38.6525436],["2025-06-14",0.0],["2025-06-15",0.0],["2025-06-16",83.11511465],["2025-06-17",0.0],["2025-06-18",0.68084438]],"wins":10,"losses":7,"draws":0,"winrate":0.5882352941176471,"holding_avg":"1 day, 1:28:00","holding_avg_s":91680.0,"winner_holding_min":"0d 02:00","winner_holding_min_s":7200.0,"winner_holding_max":"2d 22:45","winner_holding_max_s":254700.0,"winner_holding_avg":"1d 10:39","winner_holding_avg_s":124740.0,"loser_holding_min":"0d 01:30","loser_holding_min_s":5400.0,"loser_holding_max":"1d 04:15","loser_holding_max_s":101700.0,"loser_holding_avg":"0d 12:21","loser_holding_avg_s":44460.0,"max_consecutive_wins":4,"max_consecutive_losses":2,"max_drawdown_account":0.051357697140000026,"max_relative_drawdown":0.051357697140000026,"max_drawdown_abs":51.35769714,"drawdown_start":"2025-05-18 04:30:00","drawdown_start_ts":1747542600000.0,"drawdown_end":"2025-05-18 20:00:00","drawdown_end_ts":1747598400000.0,"max_drawdown_low":-51.35769714,"max_drawdown_high":-19.08389815,"csum_min":948.64230286,"csum_max":1276.53100576}},"strategy_comparison":[{"key":"GridBotSample","trades":17,"profit_mean":0.01516388087423289,"profit_mean_pct":1.52,"profit_sum":0.25778597486195914,"profit_sum_pct":25.78,"profit_total_abs":276.53100575999997,"profit_total":0.27653100575999995,"profit_total_pct":27.65,"duration_avg":"1 day, 1:28:00","wins":10,"draws":0,"losses":7,"winrate":0.5882352941176471,"cagr":13.885766084651207,"expectancy":16.266529750588234,"expectancy_ratio":1.0814989166463183,"sortino":11.32105097812899,"sharpe":4.443596897445237,"calmar":311.72438992681316,"sqn":1.806,"profit_factor":3.6264973689982014,"max_drawdown_account":0.051357697140000026,"max_drawdown_abs":"51.358"}]}