{"strategy":{"SimpleGrid":{"trades":[{"pair":"ETH/USDT:USDT","stake_amount":989.52282,"max_stake_amount":989.52282,"amount":0.407,"open_date":"2025-05-18 19:45:00+00:00","close_date":"2025-05-18 23:00:00+00:00","open_rate":2431.26,"close_rate":2453.61,"fee_open":0.0005,"fee_close":0.0005,"trade_duration":195,"profit_ratio":0.008184075820613663,"profit_abs":8.10237895,"exit_reason":"exit_signal","initial_stop_loss_abs":2188.14,"initial_stop_loss_ratio":-0.1,"stop_loss_abs":2188.14,"stop_loss_ratio":-0.1,"min_rate":2312.62,"max_rate":2455.6,"is_open":false,"enter_tag":"","leverage":1.0,"is_short":false,"open_timestamp":1747597500000,"close_timestamp":1747609200000,"orders":[{"amount":0.407,"safe_price":2431.26,"ft_order_side":"buy","order_filled_timestamp":1747597500000,"ft_is_entry":true,"ft_order_tag":"","cost":990.0175814099999},{"amount":0.407,"safe_price":2453.61,"ft_order_side":"sell","order_filled_timestamp":1747609200000,"ft_is_entry":false,"ft_order_tag":"exit_signal","cost":999.118579635}],"funding_fees":0.0},{"pair":"ETH/USDT:USDT","stake_amount":996.2549,"max_stake_amount":996.2549,"amount":0.41,"open_date":"2025-05-19 01:15:00+00:00","close_date":"2025-05-19 15:15:00+00:00","open_rate":2429.89,"close_rate":2453.69,"fee_open":0.0005,"fee_close":0.0005,"trade_duration":840,"profit_ratio":0.008720847372029722,"profit_abs":8.69253102,"exit_reason":"exit_signal","initial_stop_loss_abs":2186.91,"initial_stop_loss_ratio":-0.1,"stop_loss_abs":2186.91,"stop_loss_ratio":-0.1,"min_rate":2346.99,"max_rate":2459.48,"is_open":false,"enter_tag":"","leverage":1.0,"is_short":false,"open_timestamp":1747617300000,"close_timestamp":1747667700000,"orders":[{"amount":0.41,"safe_price":2429.89,"ft_order_side":"buy","order_filled_timestamp":1747617300000,"ft_is_entry":true,"ft_order_tag":"","cost":996.7530274499999},{"amount":0.41,"safe_price":2453.69,"ft_order_side":"sell","order_filled_timestamp":1747667700000,"ft_is_entry":false,"ft_order_tag":"exit_signal","cost":1006.5159064499999}],"funding_fees":-0.06433508245879509},{"pair":"SOL/USDT:USDT","stake_amount":1005.2394,"max_stake_amount":1005.2394,"amount":6.69,"open_date":"2025-06-05 14:00:00+00:00","close_date":"2025-06-05 21:00:00+00:00","open_rate":150.26,"close_rate":141.74,"fee_open":0.0005,"fee_close":0.0005,"trade_duration":420,"profit_ratio":-0.05763848481471575,"profit_abs":-57.96944613,"exit_reason":"exit_signal","initial_stop_loss_abs":135.24,"initial_stop_loss_ratio":-0.1,"stop_loss_abs":135.24,"stop_loss_ratio":-0.1,"min_rate":141.43,"max_rate":151.64,"is_open":false,"enter_tag":"","leverage":1.0,"is_short":false,"open_timestamp":1749132000000,"close_timestamp":1749157200000,"orders":[{"amount":6.69,"safe_price":150.26,"ft_order_side":"buy","order_filled_timestamp":1749132000000,"ft_is_entry":true,"ft_order_tag":"","cost":1005.7420197},{"amount":6.69,"safe_price":141.74,"ft_order_side":"sell","order_filled_timestamp":1749157200000,"ft_is_entry":false,"ft_order_tag":"exit_signal","cost":948.7147203000001}],"funding_fees":0.006093870156000001},{"pair":"ETH/USDT:USDT","stake_amount":947.02435,"max_stake_amount":947.02435,"amount":0.395,"open_date":"2025-06-05 21:00:00+00:00","close_date":"2025-06-06 04:00:00+00:00","open_rate":2397.53,"close_rate":2454.5,"fee_open":0.0005,"fee_close":0.0005,"trade_duration":420,"profit_ratio":0.022750242602677988,"profit_abs":21.55580623,"exit_reason":"exit_signal","initial_stop_loss_abs":2157.78,"initial_stop_loss_ratio":-0.1,"stop_loss_abs":2157.78,"stop_loss_ratio":-0.1,"min_rate":2379.62,"max_rate":2457.0,"is_open":false,"enter_tag":"","leverage":1.0,"is_short":false,"open_timestamp":1749157200000,"close_timestamp":1749182400000,"orders":[{"amount":0.395,"safe_price":2397.53,"ft_order_side":"buy","order_filled_timestamp":1749157200000,"ft_is_entry":true,"ft_order_tag":"","cost":947.4978621750001},{"amount":0.395,"safe_price":2454.5,"ft_order_side":"sell","order_filled_timestamp":1749182400000,"ft_is_entry":false,"ft_order_tag":"exit_signal","cost":970.01226375}],"funding_fees":0.010932157671020062},{"pair":"SOL/USDT:USDT","stake_amount":969.9514,"max_stake_amount":969.9514,"amount":6.61,"open_date":"2025-06-06 04:00:00+00:00","close_date":"2025-06-07 07:30:00+00:00","open_rate":146.74,"close_rate":152.4,"fee_open":0.0005,"fee_close":0.0005,"trade_duration":1650,"profit_ratio":0.037599536212438785,"profit_abs":36.48795765,"exit_reason":"exit_signal","initial_stop_loss_abs":132.07,"initial_stop_loss_ratio":-0.1,"stop_loss_abs":132.07,"stop_loss_ratio":-0.1,"min_rate":146.54,"max_rate":152.8,"is_open":false,"enter_tag":"","leverage":1.0,"is_short":false,"open_timestamp":1749182400000,"close_timestamp":1749281400000,"orders":[{"amount":6.61,"safe_price":146.74,"ft_order_side":"buy","order_filled_timestamp":1749182400000,"ft_is_entry":true,"ft_order_tag":"","cost":970.4363757000001},{"amount":6.61,"safe_price":152.4,"ft_order_side":"sell","order_filled_timestamp":1749281400000,"ft_is_entry":false,"ft_order_tag":"exit_signal","cost":1007.867682}],"funding_fees":0.06401535442798031},{"pair":"SOL/USDT:USDT","stake_amount":1006.608,"max_stake_amount":1006.608,"amount":6.7,"open_date":"2025-06-07 18:00:00+00:00","close_date":"2025-06-08 17:15:00+00:00","open_rate":150.24,"close_rate":152.65,"fee_open":0.0005,"fee_close":0.0005,"trade_duration":1395,"profit_ratio":0.015011097373205533,"profit_abs":15.11784585,"exit_reason":"exit_signal","initial_stop_loss_abs":135.22,"initial_stop_loss_ratio":-0.1,"stop_loss_abs":135.22,"stop_loss_ratio":-0.1,"min_rate":147.59,"max_rate":153.25,"is_open":false,"enter_tag":"","leverage":1.0,"is_short":false,"open_timestamp":1749319200000,"close_timestamp":1749402900000,"orders":[{"amount":6.7,"safe_price":150.24,"ft_order_side":"buy","order_filled_timestamp":1749319200000,"ft_is_entry":true,"ft_order_tag":"","cost":1007.111304},{"amount":6.7,"safe_price":152.65,"ft_order_side":"sell","order_filled_timestamp":1749402900000,"ft_is_entry":false,"ft_order_tag":"exit_signal","cost":1023.2663775000001}],"funding_fees":-0.014472651909999999},{"pair":"SOL/USDT:USDT","stake_amount":1020.3222,"max_stake_amount":1020.3222,"amount":6.78,"open_date":"2025-06-09 05:15:00+00:00","close_date":"2025-06-09 09:45:00+00:00","open_rate":150.49,"close_rate":153.58,"fee_open":0.0005,"fee_close":0.0005,"trade_duration":270,"profit_ratio":0.01948422201130787,"profit_abs":19.89012436,"exit_reason":"exit_signal","initial_stop_loss_abs":135.45,"initial_stop_loss_ratio":-0.1,"stop_loss_abs":135.45,"stop_loss_ratio":-0.1,"min_rate":149.5,"max_rate":154.43,"is_open":false,"enter_tag":"","leverage":1.0,"is_short":false,"open_timestamp":1749446100000,"close_timestamp":1749462300000,"orders":[{"amount":6.78,"safe_price":150.49,"ft_order_side":"buy","order_filled_timestamp":1749446100000,"ft_is_entry":true,"ft_order_tag":"","cost":1020.8323611},{"amount":6.78,"safe_price":153.58,"ft_order_side":"sell","order_filled_timestamp":1749462300000,"ft_is_entry":false,"ft_order_tag":"exit_signal","cost":1041.7930362}],"funding_fees":-0.029278339776},{"pair":"SOL/USDT:USDT","stake_amount":1041.0752,"max_stake_amount":1041.0752,"amount":7.04,"open_date":"2025-06-13 00:15:00+00:00","close_date":"2025-06-13 01:30:00+00:00","open_rate":147.88,"close_rate":143.7,"fee_open":0.0005,"fee_close":0.0005,"trade_duration":75,"profit_ratio":-0.02923740996691268,"profit_abs":-30.4535616,"exit_reason":"exit_signal","initial_stop_loss_abs":133.1,"initial_stop_loss_ratio":-0.1,"stop_loss_abs":133.1,"stop_loss_ratio":-0.1,"min_rate":140.74,"max_rate":148.47,"is_open":false,"enter_tag":"","leverage":1.0,"is_short":false,"open_timestamp":1749773700000,"close_timestamp":1749778200000,"orders":[{"amount":7.04,"safe_price":147.88,"ft_order_side":"buy","order_filled_timestamp":1749773700000,"ft_is_entry":true,"ft_order_tag":"","cost":1041.5957376},{"amount":7.04,"safe_price":143.7,"ft_order_side":"sell","order_filled_timestamp":1749778200000,"ft_is_entry":false,"ft_order_tag":"exit_signal","cost":1012.1538239999999}],"funding_fees":0.0},{"pair":"SOL/USDT:USDT","stake_amount":1011.1035,"max_stake_amount":1011.1035,"amount":6.99,"open_date":"2025-06-13 04:00:00+00:00","close_date":"2025-06-13 04:30:00+00:00","open_rate":144.65,"close_rate":143.96,"fee_open":0.0005,"fee_close":0.0005,"trade_duration":30,"profit_ratio":-0.005764867307099993,"profit_abs":-5.83179195,"exit_reason":"exit_signal","initial_stop_loss_abs":130.19,"initial_stop_loss_ratio":-0.1,"stop_loss_abs":130.19,"stop_loss_ratio":-0.1,"min_rate":143.36,"max_rate":144.67,"is_open":false,"enter_tag":"","leverage":1.0,"is_short":false,"open_timestamp":1749787200000,"close_timestamp":1749789000000,"orders":[{"amount":6.99,"safe_price":144.65,"ft_order_side":"buy","order_filled_timestamp":1749787200000,"ft_is_entry":true,"ft_order_tag":"","cost":1011.60905175},{"amount":6.99,"safe_price":143.96,"ft_order_side":"sell","order_filled_timestamp":1749789000000,"ft_is_entry":false,"ft_order_tag":"exit_signal","cost":1006.7835402000001}],"funding_fees":0.0},{"pair":"SOL/USDT:USDT","stake_amount":1005.3284,"max_stake_amount":1005.3284,"amount":6.94,"open_date":"2025-06-13 07:00:00+00:00","close_date":"2025-06-13 10:30:00+00:00","open_rate":144.86,"close_rate":144.06,"fee_open":0.0005,"fee_close":0.0005,"trade_duration":210,"profit_ratio":-0.006423861640363125,"profit_abs":-6.46131959,"exit_reason":"exit_signal","initial_stop_loss_abs":130.38,"initial_stop_loss_ratio":-0.1,"stop_loss_abs":130.38,"stop_loss_ratio":-0.1,"min_rate":143.55,"max_rate":146.61,"is_open":false,"enter_tag":"","leverage":1.0,"is_short":false,"open_timestamp":1749798000000,"close_timestamp":1749810600000,"orders":[{"amount":6.94,"safe_price":144.86,"ft_order_side":"buy","order_filled_timestamp":1749798000000,"ft_is_entry":true,"ft_order_tag":"","cost":1005.8310642},{"amount":6.94,"safe_price":144.06,"ft_order_side":"sell","order_filled_timestamp":1749810600000,"ft_is_entry":false,"ft_order_tag":"exit_signal","cost":1000.2762882000001}],"funding_fees":0.09323281096817743},{"pair":"SOL/USDT:USDT","stake_amount":998.4299,"max_stake_amount":998.4299,"amount":6.89,"open_date":"2025-06-13 11:00:00+00:00","close_date":"2025-06-14 16:00:00+00:00","open_rate":144.91,"close_rate":144.46,"fee_open":0.0005,"fee_close":0.0005,"trade_duration":1740,"profit_ratio":-0.004221006572834801,"profit_abs":-4.21648636,"exit_reason":"exit_signal","initial_stop_loss_abs":130.42,"initial_stop_loss_ratio":-0.1,"stop_loss_abs":130.42,"stop_loss_ratio":-0.1,"min_rate":143.71,"max_rate":148.87,"is_open":false,"enter_tag":"","leverage":1.0,"is_short":false,"open_timestamp":1749812400000,"close_timestamp":1749916800000,"orders":[{"amount":6.89,"safe_price":144.91,"ft_order_side":"buy","order_filled_timestamp":1749812400000,"ft_is_entry":true,"ft_order_tag":"","cost":998.9291149499999},{"amount":6.89,"safe_price":144.46,"ft_order_side":"sell","order_filled_timestamp":1749916800000,"ft_is_entry":false,"ft_order_tag":"exit_signal","cost":995.8270646999999}],"funding_fees":-0.119106709661524},{"pair":"SOL/USDT:USDT","stake_amount":993.671,"max_stake_amount":993.671,"amount":6.86,"open_date":"2025-06-14 23:45:00+00:00","close_date":"2025-06-15 17:45:00+00:00","open_rate":144.85,"close_rate":152.36,"fee_open":0.0005,"fee_close":0.0005,"trade_duration":1080,"profit_ratio":0.05066852461050073,"profit_abs":50.37301744,"exit_reason":"exit_signal","initial_stop_loss_abs":130.37,"initial_stop_loss_ratio":-0.1,"stop_loss_abs":130.37,"stop_loss_ratio":-0.1,"min_rate":144.15,"max_rate":152.92,"is_open":false,"enter_tag":"","leverage":1.0,"is_short":false,"open_timestamp":1749944700000,"close_timestamp":1750009500000,"orders":[{"amount":6.86,"safe_price":144.85,"ft_order_side":"buy","order_filled_timestamp":1749944700000,"ft_is_entry":true,"ft_order_tag":"","cost":994.1678355},{"amount":6.86,"safe_price":152.36,"ft_order_side":"sell","order_filled_timestamp":1750009500000,"ft_is_entry":false,"ft_order_tag":"exit_signal","cost":1045.7121948000001}],"funding_fees":-0.126152258806},{"pair":"SOL/USDT:USDT","stake_amount":1044.2618,"max_stake_amount":1044.2618,"amount":6.94,"open_date":"2025-06-15 20:30:00+00:00","close_date":"2025-06-15 23:30:00+00:00","open_rate":150.47,"close_rate":152.34,"fee_open":0.0005,"fee_close":0.0005,"trade_duration":180,"profit_ratio":0.011415804691526768,"profit_abs":11.9270493,"exit_reason":"exit_signal","initial_stop_loss_abs":135.43,"initial_stop_loss_ratio":-0.1,"stop_loss_abs":135.43,"stop_loss_ratio":-0.1,"min_rate":148.07,"max_rate":152.88,"is_open":false,"enter_tag":"","leverage":1.0,"is_short":false,"open_timestamp":1750019400000,"close_timestamp":1750030200000,"orders":[{"amount":6.94,"safe_price":150.47,"ft_order_side":"buy","order_filled_timestamp":1750019400000,"ft_is_entry":true,"ft_order_tag":"","cost":1044.7839308999999},{"amount":6.94,"safe_price":152.34,"ft_order_side":"sell","order_filled_timestamp":1750030200000,"ft_is_entry":false,"ft_order_tag":"exit_signal","cost":1057.7682198}],"funding_fees":0.0},{"pair":"SOL/USDT:USDT","stake_amount":1056.1967,"max_stake_amount":1056.1967,"amount":7.01,"open_date":"2025-06-17 00:00:00+00:00","close_date":"2025-06-17 03:00:00+00:00","open_rate":150.67,"close_rate":153.17,"fee_open":0.0005,"fee_close":0.0005,"trade_duration":180,"profit_ratio":0.015566513775095228,"profit_abs":16.44952113,"exit_reason":"exit_signal","initial_stop_loss_abs":135.61,"initial_stop_loss_ratio":-0.1,"stop_loss_abs":135.61,"stop_loss_ratio":-0.1,"min_rate":147.41,"max_rate":153.75,"is_open":false,"enter_tag":"","leverage":1.0,"is_short":false,"open_timestamp":1750118400000,"close_timestamp":1750129200000,"orders":[{"amount":7.01,"safe_price":150.67,"ft_order_side":"buy","order_filled_timestamp":1750118400000,"ft_is_entry":true,"ft_order_tag":"","cost":1056.72479835},{"amount":7.01,"safe_price":153.17,"ft_order_side":"sell","order_filled_timestamp":1750129200000,"ft_is_entry":false,"ft_order_tag":"exit_signal","cost":1074.2585608499999}],"funding_fees":-0.010519674790270236},{"pair":"SOL/USDT:USDT","stake_amount":1072.6372,"max_stake_amount":1072.6372,"amount":7.13,"open_date":"2025-06-17 10:45:00+00:00","close_date":"2025-06-19 14:00:00+00:00","open_rate":150.44,"close_rate":143.87,"fee_open":0.0005,"fee_close":0.0005,"trade_duration":3075,"profit_ratio":-0.044759707817486574,"profit_abs":-48.03493313,"exit_reason":"exit_signal","initial_stop_loss_abs":135.4,"initial_stop_loss_ratio":-0.1,"stop_loss_abs":135.4,"stop_loss_ratio":-0.1,"min_rate":143.58,"max_rate":151.35,"is_open":false,"enter_tag":"","leverage":1.0,"is_short":false,"open_timestamp":1750157100000,"close_timestamp":1750341600000,"orders":[{"amount":7.13,"safe_price":150.44,"ft_order_side":"buy","order_filled_timestamp":1750157100000,"ft_is_entry":true,"ft_order_tag":"","cost":1073.1735185999999},{"amount":7.13,"safe_price":143.87,"ft_order_side":"sell","order_filled_timestamp":1750341600000,"ft_is_entry":false,"ft_order_tag":"exit_signal","cost":1026.3059965500001}],"funding_fees":-0.1416179769829114},{"pair":"SOL/USDT:USDT","stake_amount":1024.0188,"max_stake_amount":1024.0188,"amount":7.07,"open_date":"2025-06-19 17:45:00+00:00","close_date":"2025-06-20 15:15:00+00:00","open_rate":144.84,"close_rate":143.95,"fee_open":0.0005,"fee_close":0.0005,"trade_duration":1290,"profit_ratio":-0.007235840603311387,"profit_abs":-7.41334163,"exit_reason":"exit_signal","initial_stop_loss_abs":130.36,"initial_stop_loss_ratio":-0.1,"stop_loss_abs":130.36,"stop_loss_ratio":-0.1,"min_rate":143.27,"max_rate":148.75,"is_open":false,"enter_tag":"","leverage":1.0,"is_short":false,"open_timestamp":1750355100000,"close_timestamp":1750432500000,"orders":[{"amount":7.07,"safe_price":144.84,"ft_order_side":"buy","order_filled_timestamp":1750355100000,"ft_is_entry":true,"ft_order_tag":"","cost":1024.5308094},{"amount":7.07,"safe_price":143.95,"ft_order_side":"sell","order_filled_timestamp":1750432500000,"ft_is_entry":false,"ft_order_tag":"exit_signal","cost":1018.23536325}],"funding_fees":-0.10016897540465305},{"pair":"SUI/USDT:USDT","stake_amount":1017.82503,"max_stake_amount":1017.82503,"amount":367.3,"open_date":"2025-06-20 15:15:00+00:00","close_date":"2025-06-21 14:00:00+00:00","open_rate":2.7711,"close_rate":2.6649,"fee_open":0.0005,"fee_close":0.0005,"trade_duration":1365,"profit_ratio":-0.039450959466970956,"profit_abs":-40.17425109,"exit_reason":"exit_signal","initial_stop_loss_abs":2.494,"initial_stop_loss_ratio":-0.1,"stop_loss_abs":2.494,"stop_loss_ratio":-0.1,"min_rate":2.6474,"max_rate":2.7847,"is_open":false,"enter_tag":"","leverage":1.0,"is_short":false,"open_timestamp":1750432500000,"close_timestamp":1750514400000,"orders":[{"amount":367.3,"safe_price":2.7711,"ft_order_side":"buy","order_filled_timestamp":1750432500000,"ft_is_entry":true,"ft_order_tag":"","cost":1018.333942515},{"amount":367.3,"safe_price":2.6649,"ft_order_side":"sell","order_filled_timestamp":1750514400000,"ft_is_entry":false,"ft_order_tag":"exit_signal","cost":979.307178885}],"funding_fees":-0.1686696919053},{"pair":"ETH/USDT:USDT","stake_amount":977.40528,"max_stake_amount":977.40528,"amount":0.404,"open_date":"2025-06-21 14:00:00+00:00","close_date":"2025-06-21 22:00:00+00:00","open_rate":2419.32,"close_rate":2280.35,"fee_open":0.0005,"fee_close":0.0005,"trade_duration":480,"profit_ratio":-0.05843399816791412,"profit_abs":-57.14225519,"exit_reason":"exit_signal","initial_stop_loss_abs":2177.39,"initial_stop_loss_ratio":-0.1,"stop_loss_abs":2177.39,"stop_loss_ratio":-0.1,"min_rate":2230.0,"max_rate":2434.3,"is_open":false,"enter_tag":"","leverage":1.0,"is_short":false,"open_timestamp":1750514400000,"close_timestamp":1750543200000,"orders":[{"amount":0.404,"safe_price":2419.32,"ft_order_side":"buy","order_filled_timestamp":1750514400000,"ft_is_entry":true,"ft_order_tag":"","cost":977.8939826400001},{"amount":0.404,"safe_price":2280.35,"ft_order_side":"sell","order_filled_timestamp":1750543200000,"ft_is_entry":false,"ft_order_tag":"exit_signal","cost":921.7220306999999}],"funding_fees":-0.04904185482286632},{"pair":"ETH/USDT:USDT","stake_amount":920.478,"max_stake_amount":920.478,"amount":0.39,"open_date":"2025-06-23 20:30:00+00:00","close_date":"2025-06-24 16:45:00+00:00","open_rate":2360.2,"close_rate":2469.58,"fee_open":0.0005,"fee_close":0.0005,"trade_duration":1215,"profit_ratio":0.04525922987545748,"profit_abs":41.68095546,"exit_reason":"exit_signal","initial_stop_loss_abs":2124.18,"initial_stop_loss_ratio":-0.1,"stop_loss_abs":2124.18,"stop_loss_ratio":-0.1,"min_rate":2331.0,"max_rate":2481.28,"is_open":false,"enter_tag":"","leverage":1.0,"is_short":false,"open_timestamp":1750710600000,"close_timestamp":1750783500000,"orders":[{"amount":0.39,"safe_price":2360.2,"ft_order_side":"buy","order_filled_timestamp":1750710600000,"ft_is_entry":true,"ft_order_tag":"","cost":920.938239},{"amount":0.39,"safe_price":2469.58,"ft_order_side":"sell","order_filled_timestamp":1750783500000,"ft_is_entry":false,"ft_order_tag":"exit_signal","cost":963.6177680999999}],"funding_fees":-0.035437441166909736},{"pair":"SOL/USDT:USDT","stake_amount":961.755,"max_stake_amount":961.755,"amount":6.61,"open_date":"2025-06-24 16:45:00+00:00","close_date":"2025-06-24 18:30:00+00:00","open_rate":145.5,"close_rate":144.26,"fee_open":0.0005,"fee_close":0.0005,"trade_duration":105,"profit_ratio":-0.009513318941903617,"profit_abs":-9.1540568,"exit_reason":"exit_signal","initial_stop_loss_abs":130.96,"initial_stop_loss_ratio":-0.1,"stop_loss_abs":130.96,"stop_loss_ratio":-0.1,"min_rate":143.39,"max_rate":146.56,"is_open":false,"enter_tag":"","leverage":1.0,"is_short":false,"open_timestamp":1750783500000,"close_timestamp":1750789800000,"orders":[{"amount":6.61,"safe_price":145.5,"ft_order_side":"buy","order_filled_timestamp":1750783500000,"ft_is_entry":true,"ft_order_tag":"","cost":962.2358774999999},{"amount":6.61,"safe_price":144.26,"ft_order_side":"sell","order_filled_timestamp":1750789800000,"ft_is_entry":false,"ft_order_tag":"exit_signal","cost":954.0353792999999}],"funding_fees":0.0},{"pair":"SUI/USDT:USDT","stake_amount":953.60031,"max_stake_amount":953.60031,"amount":343.9,"open_date":"2025-06-24 18:30:00+00:00","close_date":"2025-06-25 02:15:00+00:00","open_rate":2.7729,"close_rate":2.8269,"fee_open":0.0005,"fee_close":0.0005,"trade_duration":465,"profit_ratio":0.01844461675339961,"profit_abs":17.59758665,"exit_reason":"exit_signal","initial_stop_loss_abs":2.4957,"initial_stop_loss_ratio":-0.1,"stop_loss_abs":2.4957,"stop_loss_ratio":-0.1,"min_rate":2.7302,"max_rate":2.8315,"is_open":false,"enter_tag":"","leverage":1.0,"is_short":false,"open_timestamp":1750789800000,"close_timestamp":1750817700000,"orders":[{"amount":343.9,"safe_price":2.7729,"ft_order_side":"buy","order_filled_timestamp":1750789800000,"ft_is_entry":true,"ft_order_tag":"","cost":954.0771101549999},{"amount":343.9,"safe_price":2.8269,"ft_order_side":"sell","order_filled_timestamp":1750817700000,"ft_is_entry":false,"ft_order_tag":"exit_signal","cost":972.656995455}],"funding_fees":-0.01012774498553025},{"pair":"SOL/USDT:USDT","stake_amount":970.2934,"max_stake_amount":970.2934,"amount":6.62,"open_date":"2025-06-25 02:15:00+00:00","close_date":"2025-06-25 15:45:00+00:00","open_rate":146.57,"close_rate":143.37,"fee_open":0.0005,"fee_close":0.0005,"trade_duration":810,"profit_ratio":-0.022910459141896485,"profit_abs":-22.24098223,"exit_reason":"exit_signal","initial_stop_loss_abs":131.92,"initial_stop_loss_ratio":-0.1,"stop_loss_abs":131.92,"stop_loss_ratio":-0.1,"min_rate":143.02,"max_rate":147.93,"is_open":false,"enter_tag":"","leverage":1.0,"is_short":false,"open_timestamp":1750817700000,"close_timestamp":1750866300000,"orders":[{"amount":6.62,"safe_price":146.57,"ft_order_side":"buy","order_filled_timestamp":1750817700000,"ft_is_entry":true,"ft_order_tag":"","cost":970.7785467},{"amount":6.62,"safe_price":143.37,"ft_order_side":"sell","order_filled_timestamp":1750866300000,"ft_is_entry":false,"ft_order_tag":"exit_signal","cost":949.5839547}],"funding_fees":-0.09728082537936002},{"pair":"ETH/USDT:USDT","stake_amount":948.15312,"max_stake_amount":948.15312,"amount":0.394,"open_date":"2025-06-25 15:45:00+00:00","close_date":"2025-06-26 01:45:00+00:00","open_rate":2406.48,"close_rate":2455.56,"fee_open":0.0005,"fee_close":0.0005,"trade_duration":600,"profit_ratio":0.019335404020160703,"profit_abs":18.34209011,"exit_reason":"exit_signal","initial_stop_loss_abs":2165.84,"initial_stop_loss_ratio":-0.1,"stop_loss_abs":2165.84,"stop_loss_ratio":-0.1,"min_rate":2400.22,"max_rate":2474.45,"is_open":false,"enter_tag":"","leverage":1.0,"is_short":false,"open_timestamp":1750866300000,"close_timestamp":1750902300000,"orders":[{"amount":0.394,"safe_price":2406.48,"ft_order_side":"buy","order_filled_timestamp":1750866300000,"ft_is_entry":true,"ft_order_tag":"","cost":948.62719656},{"amount":0.394,"safe_price":2455.56,"ft_order_side":"sell","order_filled_timestamp":1750902300000,"ft_is_entry":false,"ft_order_tag":"exit_signal","cost":967.9743853199999}],"funding_fees":-0.0376080095808824},{"pair":"SOL/USDT:USDT","stake_amount":966.112,"max_stake_amount":966.112,"amount":6.65,"open_date":"2025-06-26 01:45:00+00:00","close_date":"2025-06-26 06:00:00+00:00","open_rate":145.28,"close_rate":144.43,"fee_open":0.0005,"fee_close":0.0005,"trade_duration":255,"profit_ratio":-0.006844423327983585,"profit_abs":-6.61578575,"exit_reason":"exit_signal","initial_stop_loss_abs":130.76,"initial_stop_loss_ratio":-0.1,"stop_loss_abs":130.76,"stop_loss_ratio":-0.1,"min_rate":143.93,"max_rate":147.99,"is_open":false,"enter_tag":"","leverage":1.0,"is_short":false,"open_timestamp":1750902300000,"close_timestamp":1750917600000,"orders":[{"amount":6.65,"safe_price":145.28,"ft_order_side":"buy","order_filled_timestamp":1750902300000,"ft_is_entry":true,"ft_order_tag":"","cost":966.595056},{"amount":6.65,"safe_price":144.43,"ft_order_side":"sell","order_filled_timestamp":1750917600000,"ft_is_entry":false,"ft_order_tag":"exit_signal","cost":960.93972975}],"funding_fees":0.0},{"pair":"SUI/USDT:USDT","stake_amount":960.65955,"max_stake_amount":960.65955,"amount":354.5,"open_date":"2025-06-26 06:00:00+00:00","close_date":"2025-06-26 10:00:00+00:00","open_rate":2.7099,"close_rate":2.6792,"fee_open":0.0005,"fee_close":0.0005,"trade_duration":240,"profit_ratio":-0.012259831953657423,"profit_abs":-11.78341341,"exit_reason":"exit_signal","initial_stop_loss_abs":2.439,"initial_stop_loss_ratio":-0.1,"stop_loss_abs":2.439,"stop_loss_ratio":-0.1,"min_rate":2.6668,"max_rate":2.7431,"is_open":false,"enter_tag":"","leverage":1.0,"is_short":false,"open_timestamp":1750917600000,"close_timestamp":1750932000000,"orders":[{"amount":354.5,"safe_price":2.7099,"ft_order_side":"buy","order_filled_timestamp":1750917600000,"ft_is_entry":true,"ft_order_tag":"","cost":961.139879775},{"amount":354.5,"safe_price":2.6792,"ft_order_side":"sell","order_filled_timestamp":1750932000000,"ft_is_entry":false,"ft_order_tag":"exit_signal","cost":950.2512881999999}],"funding_fees":0.054954560758004},{"pair":"ETH/USDT:USDT","stake_amount":948.6048,"max_stake_amount":948.6048,"amount":0.39,"open_date":"2025-06-26 14:00:00+00:00","close_date":"2025-06-26 20:45:00+00:00","open_rate":2432.32,"close_rate":2455.66,"fee_open":0.0005,"fee_close":0.0005,"trade_duration":405,"profit_ratio":0.008577630715304643,"profit_abs":8.14085006,"exit_reason":"exit_signal","initial_stop_loss_abs":2189.09,"initial_stop_loss_ratio":-0.1,"stop_loss_abs":2189.09,"stop_loss_ratio":-0.1,"min_rate":2408.01,"max_rate":2458.93,"is_open":false,"enter_tag":"","leverage":1.0,"is_short":false,"open_timestamp":1750946400000,"close_timestamp":1750970700000,"orders":[{"amount":0.39,"safe_price":2432.32,"ft_order_side":"buy","order_filled_timestamp":1750946400000,"ft_is_entry":true,"ft_order_tag":"","cost":949.0791024},{"amount":0.39,"safe_price":2455.66,"ft_order_side":"sell","order_filled_timestamp":1750970700000,"ft_is_entry":false,"ft_order_tag":"exit_signal","cost":958.1862537}],"funding_fees":-0.008593844111470099},{"pair":"ETH/USDT:USDT","stake_amount":956.6821,"max_stake_amount":956.6821,"amount":0.395,"open_date":"2025-06-26 21:15:00+00:00","close_date":"2025-06-27 09:45:00+00:00","open_rate":2421.98,"close_rate":2454.62,"fee_open":0.0005,"fee_close":0.0005,"trade_duration":750,"profit_ratio":0.012454732256718143,"profit_abs":11.92117702,"exit_reason":"exit_signal","initial_stop_loss_abs":2179.79,"initial_stop_loss_ratio":-0.1,"stop_loss_abs":2179.79,"stop_loss_ratio":-0.1,"min_rate":2377.0,"max_rate":2463.38,"is_open":false,"enter_tag":"","leverage":1.0,"is_short":false,"open_timestamp":1750972500000,"close_timestamp":1751017500000,"orders":[{"amount":0.395,"safe_price":2421.98,"ft_order_side":"buy","order_filled_timestamp":1750972500000,"ft_is_entry":true,"ft_order_tag":"","cost":957.16044105},{"amount":0.395,"safe_price":2454.62,"ft_order_side":"sell","order_filled_timestamp":1751017500000,"ft_is_entry":false,"ft_order_tag":"exit_signal","cost":970.05968745}],"funding_fees":-0.0084944774095},{"pair":"ETH/USDT:USDT","stake_amount":968.76782,"max_stake_amount":968.76782,"amount":0.398,"open_date":"2025-06-27 13:15:00+00:00","close_date":"2025-06-29 10:15:00+00:00","open_rate":2434.09,"close_rate":2454.37,"fee_open":0.0005,"fee_close":0.0005,"trade_duration":2700,"profit_ratio":0.007076000706867456,"profit_abs":6.85842928,"exit_reason":"exit_signal","initial_stop_loss_abs":2190.69,"initial_stop_loss_ratio":-0.1,"stop_loss_abs":2190.69,"stop_loss_ratio":-0.1,"min_rate":2387.01,"max_rate":2458.0,"is_open":false,"enter_tag":"","leverage":1.0,"is_short":false,"open_timestamp":1751030100000,"close_timestamp":1751192100000,"orders":[{"amount":0.398,"safe_price":2434.09,"ft_order_side":"buy","order_filled_timestamp":1751030100000,"ft_is_entry":true,"ft_order_tag":"","cost":969.25220391},{"amount":0.398,"safe_price":2454.37,"ft_order_side":"sell","order_filled_timestamp":1751192100000,"ft_is_entry":false,"ft_order_tag":"exit_signal","cost":977.3276796299999}],"funding_fees":-0.24020717864112465},{"pair":"SUI/USDT:USDT","stake_amount":975.5909,"max_stake_amount":975.5909,"amount":348.5,"open_date":"2025-06-29 13:45:00+00:00","close_date":"2025-06-29 14:45:00+00:00","open_rate":2.7994,"close_rate":2.8054,"fee_open":0.0005,"fee_close":0.0005,"trade_duration":60,"profit_ratio":0.0011416739297708436,"profit_abs":1.1143636,"exit_reason":"force_exit","initial_stop_loss_abs":2.5195,"initial_stop_loss_ratio":-0.1,"stop_loss_abs":2.5195,"stop_loss_ratio":-0.1,"min_rate":2.795,"max_rate":2.8198,"is_open":false,"enter_tag":"","leverage":1.0,"is_short":false,"open_timestamp":1751204700000,"close_timestamp":1751208300000,"orders":[{"amount":348.5,"safe_price":2.7994,"ft_order_side":"buy","order_filled_timestamp":1751204700000,"ft_is_entry":true,"ft_order_tag":"","cost":976.0786954499998},{"amount":348.5,"safe_price":2.8054,"ft_order_side":"sell","order_filled_timestamp":1751208300000,"ft_is_entry":false,"ft_order_tag":"force_exit","cost":978.17074095}],"funding_fees":0.0}],"locks":[],"best_pair":{"key":"ETH/USDT:USDT","trades":9,"profit_mean":0.008213796133546185,"profit_mean_pct":0.82,"profit_sum":0.07392416520191566,"profit_sum_pct":7.39,"profit_total_abs":68.15196294,"profit_total":0.06815196294,"profit_total_pct":6.82,"duration_avg":"14:05:00","wins":8,"draws":0,"losses":1,"winrate":0.8888888888888888,"cagr":0.7279218885067387,"expectancy":7.572440326666666,"expectancy_ratio":0.13251910169607473,"sortino":-100,"sharpe":1.1774958324440752,"calmar":53.77232505044062,"sqn":0.8523,"profit_factor":2.192671915264673,"max_drawdown_account":0.05503174823158091,"max_drawdown_abs":57.14225519},"worst_pair":{"key":"SOL/USDT:USDT","trades":16,"profit_mean":-0.002800230091277067,"profit_mean_pct":-0.28,"profit_sum":-0.04480368146043307,"profit_sum_pct":-4.48,"profit_total_abs":-48.146189439999986,"profit_total":-0.04814618943999999,"profit_total_pct":-4.81,"duration_avg":"13:18:00","wins":6,"draws":0,"losses":10,"winrate":0.375,"cagr":-0.3359045470332497,"expectancy":-3.0091368399999983,"expectancy_ratio":-0.15167654501590655,"sortino":-1.1287740047974568,"sharpe":-0.7593480583294423,"calmar":-23.38193225342327,"sqn":-0.4233,"profit_factor":0.7573175279745493,"max_drawdown_account":0.08940777315288216,"max_drawdown_abs":93.45909954},"results_per_pair":[{"key":"ETH/USDT:USDT","trades":9,"profit_mean":0.008213796133546185,"profit_mean_pct":0.82,"profit_sum":0.07392416520191566,"profit_sum_pct":7.39,"profit_total_abs":68.15196294,"profit_total":0.06815196294,"profit_total_pct":6.82,"duration_avg":"14:05:00","wins":8,"draws":0,"losses":1,"winrate":0.8888888888888888,"cagr":0.7279218885067387,"expectancy":7.572440326666666,"expectancy_ratio":0.13251910169607473,"sortino":-100,"sharpe":1.1774958324440752,"calmar":53.77232505044062,"sqn":0.8523,"profit_factor":2.192671915264673,"max_drawdown_account":0.05503174823158091,"max_drawdown_abs":57.14225519},{"key":"SUI/USDT:USDT","trades":4,"profit_mean":-0.00803112518436448,"profit_mean_pct":-0.8,"profit_sum":-0.03212450073745792,"profit_sum_pct":-3.21,"profit_total_abs":-33.24571425,"profit_total":-0.033245714249999996,"profit_total_pct":-3.32,"duration_avg":"8:52:00","wins":2,"draws":0,"losses":2,"winrate":0.5,"cagr":-0.24457661452454682,"expectancy":-8.3114285625,"expectancy_ratio":-0.3199307991412893,"sortino":-1.0169069428694344,"sharpe":-0.68288332117476,"calmar":-35.93202009664538,"sqn":-0.681,"profit_factor":0.36013840171742134,"max_drawdown_account":0.04017425108999999,"max_drawdown_abs":40.17425109},{"key":"SOL/USDT:USDT","trades":16,"profit_mean":-0.002800230091277067,"profit_mean_pct":-0.28,"profit_sum":-0.04480368146043307,"profit_sum_pct":-4.48,"profit_total_abs":-48.146189439999986,"profit_total":-0.04814618943999999,"profit_total_pct":-4.81,"duration_avg":"13:18:00","wins":6,"draws":0,"losses":10,"winrate":0.375,"cagr":-0.3359045470332497,"expectancy":-3.0091368399999983,"expectancy_ratio":-0.15167654501590655,"sortino":-1.1287740047974568,"sharpe":-0.7593480583294423,"calmar":-23.38193225342327,"sqn":-0.4233,"profit_factor":0.7573175279745493,"max_drawdown_account":0.08940777315288216,"max_drawdown_abs":93.45909954},{"key":"TOTAL","trades":29,"profit_mean":-0.00010358679296466646,"profit_mean_pct":-0.01,"profit_sum":-0.0030040169959753274,"profit_sum_pct":-0.3,"profit_total_abs":-13.239940749999981,"profit_total":-0.013239940749999981,"profit_total_pct":-1.32,"duration_avg":"12:56:00","wins":16,"draws":0,"losses":13,"winrate":0.5517241379310345,"cagr":-0.10467176854151639,"expectancy":-0.4565496810344811,"expectancy_ratio":-0.01930181303686085,"sortino":-0.2899379147293034,"sharpe":-0.21606641096189882,"calmar":-4.0780359663379375,"sqn":-0.0908,"profit_factor":0.9569421093793106,"max_drawdown_account":0.1409706640810594,"max_drawdown_abs":152.76478104}],"results_per_enter_tag":[{"key":"","trades":29,"profit_mean":-0.00010358679296466646,"profit_mean_pct":-0.01,"profit_sum":-0.0030040169959753274,"profit_sum_pct":-0.3,"profit_total_abs":-13.239940749999981,"profit_total":-0.013239940749999981,"profit_total_pct":-1.32,"duration_avg":"12:56:00","wins":16,"draws":0,"losses":13,"winrate":0.5517241379310345,"cagr":-0.10467176854151639,"expectancy":-0.4565496810344811,"expectancy_ratio":-0.01930181303686085,"sortino":-0.2899379147293034,"sharpe":-0.21606641096189882,"calmar":-4.0780359663379375,"sqn":-0.0908,"profit_factor":0.9569421093793106,"max_drawdown_account":0.1409706640810594,"max_drawdown_abs":152.76478104},{"key":"TOTAL","trades":29,"profit_mean":-0.00010358679296466646,"profit_mean_pct":-0.01,"profit_sum":-0.0030040169959753274,"profit_sum_pct":-0.3,"profit_total_abs":-13.239940749999981,"profit_total":-0.013239940749999981,"profit_total_pct":-1.32,"duration_avg":"12:56:00","wins":16,"draws":0,"losses":13,"winrate":0.5517241379310345,"cagr":-0.10467176854151639,"expectancy":-0.4565496810344811,"expectancy_ratio":-0.01930181303686085,"sortino":-0.2899379147293034,"sharpe":-0.21606641096189882,"calmar":-4.0780359663379375,"sqn":-0.0908,"profit_factor":0.9569421093793106,"max_drawdown_account":0.1409706640810594,"max_drawdown_abs":152.76478104}],"exit_reason_summary":[{"key":"force_exit","trades":1,"profit_mean":0.0011416739297708436,"profit_mean_pct":0.11,"profit_sum":0.0011416739297708436,"profit_sum_pct":0.11,"profit_total_abs":1.1143636,"profit_total":0.0011143636,"profit_total_pct":0.11,"duration_avg":"1:00:00","wins":1,"draws":0,"losses":0,"winrate":1.0,"cagr":0.009281817097371192,"expectancy":1.1143636,"expectancy_ratio":100.0,"sortino":-100,"sharpe":-100,"calmar":-100,"sqn":-100.0,"profit_factor":0.0,"max_drawdown_account":0.0,"max_drawdown_abs":0.0},{"key":"exit_signal","trades":28,"profit_mean":-0.0001480603902052204,"profit_mean_pct":-0.01,"profit_sum":-0.004145690925746171,"profit_sum_pct":-0.41,"profit_total_abs":-14.354304349999982,"profit_total":-0.014354304349999982,"profit_total_pct":-1.44,"duration_avg":"13:21:00","wins":15,"draws":0,"losses":13,"winrate":0.5357142857142857,"cagr":-0.11302490026207723,"expectancy":-0.5126537267857127,"expectancy_ratio":-0.021673755996601818,"sortino":-0.3143410646024809,"sharpe":-0.23019210234729123,"calmar":-4.421271251615013,"sqn":-0.0984,"profit_factor":0.9533180640073191,"max_drawdown_account":0.1409706640810594,"max_drawdown_abs":152.76478104},{"key":"TOTAL","trades":29,"profit_mean":-0.00010358679296466646,"profit_mean_pct":-0.01,"profit_sum":-0.0030040169959753274,"profit_sum_pct":-0.3,"profit_total_abs":-13.239940749999981,"profit_total":-0.013239940749999981,"profit_total_pct":-1.32,"duration_avg":"12:56:00","wins":16,"draws":0,"losses":13,"winrate":0.5517241379310345,"cagr":-0.10467176854151639,"expectancy":-0.4565496810344811,"expectancy_ratio":-0.01930181303686085,"sortino":-0.2899379147293034,"sharpe":-0.21606641096189882,"calmar":-4.0780359663379375,"sqn":-0.0908,"profit_factor":0.9569421093793106,"max_drawdown_account":0.1409706640810594,"max_drawdown_abs":152.76478104}],"mix_tag_stats":[{"key":["","force_exit"],"trades":1,"profit_mean":0.0011416739297708436,"profit_mean_pct":0.11,"profit_sum":0.0011416739297708436,"profit_sum_pct":0.11,"profit_total_abs":1.1143636,"profit_total":0.0011143636,"profit_total_pct":0.11,"duration_avg":"1:00:00","wins":1,"draws":0,"losses":0,"winrate":1.0,"cagr":0.009281817097371192,"expectancy":1.1143636,"expectancy_ratio":100.0,"sortino":-100,"sharpe":-100,"calmar":-100,"sqn":-100.0,"profit_factor":0.0,"max_drawdown_account":0.0,"max_drawdown_abs":0.0},{"key":["","exit_signal"],"trades":28,"profit_mean":-0.0001480603902052204,"profit_mean_pct":-0.01,"profit_sum":-0.004145690925746171,"profit_sum_pct":-0.41,"profit_total_abs":-14.354304349999982,"profit_total":-0.014354304349999982,"profit_total_pct":-1.44,"duration_avg":"13:21:00","wins":15,"draws":0,"losses":13,"winrate":0.5357142857142857,"cagr":-0.11302490026207723,"expectancy":-0.5126537267857127,"expectancy_ratio":-0.021673755996601818,"sortino":-0.3143410646024809,"sharpe":-0.23019210234729123,"calmar":-4.421271251615013,"sqn":-0.0984,"profit_factor":0.9533180640073191,"max_drawdown_account":0.1409706640810594,"max_drawdown_abs":152.76478104},{"key":"TOTAL","trades":29,"profit_mean":-0.00010358679296466646,"profit_mean_pct":-0.01,"profit_sum":-0.0030040169959753274,"profit_sum_pct":-0.3,"profit_total_abs":-13.239940749999981,"profit_total":-0.013239940749999981,"profit_total_pct":-1.32,"duration_avg":"12:56:00","wins":16,"draws":0,"losses":13,"winrate":0.5517241379310345,"cagr":-0.10467176854151639,"expectancy":-0.4565496810344811,"expectancy_ratio":-0.01930181303686085,"sortino":-0.2899379147293034,"sharpe":-0.21606641096189882,"calmar":-4.0780359663379375,"sqn":-0.0908,"profit_factor":0.9569421093793106,"max_drawdown_account":0.1409706640810594,"max_drawdown_abs":152.76478104}],"left_open_trades":[{"key":"SUI/USDT:USDT","trades":1,"profit_mean":0.0011416739297708436,"profit_mean_pct":0.11,"profit_sum":0.0011416739297708436,"profit_sum_pct":0.11,"profit_total_abs":1.1143636,"profit_total":0.0011143636,"profit_total_pct":0.11,"duration_avg":"1:00:00","wins":1,"draws":0,"losses":0,"winrate":1.0,"cagr":0.009281817097371192,"expectancy":1.1143636,"expectancy_ratio":100.0,"sortino":-100,"sharpe":-100,"calmar":-100,"sqn":-100.0,"profit_factor":0.0,"max_drawdown_account":0.0,"max_drawdown_abs":0.0},{"key":"TOTAL","trades":1,"profit_mean":0.0011416739297708436,"profit_mean_pct":0.11,"profit_sum":0.0011416739297708436,"profit_sum_pct":0.11,"profit_total_abs":1.1143636,"profit_total":0.0011143636,"profit_total_pct":0.11,"duration_avg":"1:00:00","wins":1,"draws":0,"losses":0,"winrate":1.0,"cagr":0.009281817097371192,"expectancy":1.1143636,"expectancy_ratio":100.0,"sortino":-100,"sharpe":-100,"calmar":-100,"sqn":-100.0,"profit_factor":0.0,"max_drawdown_account":0.0,"max_drawdown_abs":0.0}],"total_trades":29,"trade_count_long":29,"trade_count_short":0,"total_volume":57460.369356765,"avg_stake_amount":989.9163062068967,"profit_mean":-0.00010358679296466646,"profit_median":0.007076000706867456,"profit_total":-0.013239940749999981,"profit_total_long":-0.013239940749999981,"profit_total_short":0.0,"profit_total_abs":-13.239940749999981,"profit_total_long_abs":-13.239940749999981,"profit_total_short_abs":0.0,"cagr":-0.10467176854151639,"expectancy":-0.4565496810344811,"expectancy_ratio":-0.01930181303686085,"sortino":-0.2899379147293034,"sharpe":-0.21606641096189882,"calmar":-4.0780359663379375,"sqn":-0.0908,"profit_factor":0.9569421093793106,"backtest_start":"2025-05-16 00:00:00","backtest_start_ts":1747353600000,"backtest_end":"2025-06-29 14:45:00","backtest_end_ts":1751208300000,"backtest_days":44,"backtest_run_start_ts":1751293747,"backtest_run_end_ts":1751293747,"trades_per_day":0.66,"market_change":-0.14632870052723476,"pairlist":["SOL/USDT:USDT","ETH/USDT:USDT","SUI/USDT:USDT"],"stake_amount":"unlimited","stake_currency":"USDT","stake_currency_decimals":3,"starting_balance":1000,"dry_run_wallet":1000,"final_balance":986.76005925,"rejected_signals":489,"timedout_entry_orders":0,"timedout_exit_orders":0,"canceled_trade_entries":0,"canceled_entry_orders":0,"replaced_entry_orders":0,"max_open_trades":1,"max_open_trades_setting":1,"timeframe":"15m","timeframe_detail":"","timerange":"","enable_protections":false,"strategy_name":"SimpleGrid","stoploss":-0.1,"trailing_stop":false,"trailing_stop_positive":null,"trailing_stop_positive_offset":0.0,"trailing_only_offset_is_reached":false,"use_custom_stoploss":false,"minimal_roi":{},"use_exit_signal":true,"exit_profit_only":false,"exit_profit_offset":0.0,"ignore_roi_if_entry_signal":false,"trading_mode":"futures","margin_mode":"isolated","periodic_breakdown":{"day":[{"date":"18/05/2025","date_ts":1747526400000,"profit_abs":8.10237895,"wins":1,"draws":0,"losses":0,"trades":1,"profit_factor":0.0},{"date":"19/05/2025","date_ts":1747612800000,"profit_abs":8.69253102,"wins":1,"draws":0,"losses":0,"trades":1,"profit_factor":0.0},{"date":"20/05/2025","date_ts":1747699200000,"profit_abs":0.0,"wins":0,"draws":0,"losses":0,"trades":0,"profit_factor":0.0},{"date":"21/05/2025","date_ts":1747785600000,"profit_abs":0.0,"wins":0,"draws":0,"losses":0,"trades":0,"profit_factor":0.0},{"date":"22/05/2025","date_ts":1747872000000,"profit_abs":0.0,"wins":0,"draws":0,"losses":0,"trades":0,"profit_factor":0.0},{"date":"23/05/2025","date_ts":1747958400000,"profit_abs":0.0,"wins":0,"draws":0,"losses":0,"trades":0,"profit_factor":0.0},{"date":"24/05/2025","date_ts":1748044800000,"profit_abs":0.0,"wins":0,"draws":0,"losses":0,"trades":0,"profit_factor":0.0},{"date":"25/05/2025","date_ts":1748131200000,"profit_abs":0.0,"wins":0,"draws":0,"losses":0,"trades":0,"profit_factor":0.0},{"date":"26/05/2025","date_ts":1748217600000,"profit_abs":0.0,"wins":0,"draws":0,"losses":0,"trades":0,"profit_factor":0.0},{"date":"27/05/2025","date_ts":1748304000000,"profit_abs":0.0,"wins":0,"draws":0,"losses":0,"trades":0,"profit_factor":0.0},{"date":"28/05/2025","date_ts":1748390400000,"profit_abs":0.0,"wins":0,"draws":0,"losses":0,"trades":0,"profit_factor":0.0},{"date":"29/05/2025","date_ts":1748476800000,"profit_abs":0.0,"wins":0,"draws":0,"losses":0,"trades":0,"profit_factor":0.0},{"date":"30/05/2025","date_ts":1748563200000,"profit_abs":0.0,"wins":0,"draws":0,"losses":0,"trades":0,"profit_factor":0.0},{"date":"31/05/2025","date_ts":1748649600000,"profit_abs":0.0,"wins":0,"draws":0,"losses":0,"trades":0,"profit_factor":0.0},{"date":"01/06/2025","date_ts":1748736000000,"profit_abs":0.0,"wins":0,"draws":0,"losses":0,"trades":0,"profit_factor":0.0},{"date":"02/06/2025","date_ts":1748822400000,"profit_abs":0.0,"wins":0,"draws":0,"losses":0,"trades":0,"profit_factor":0.0},{"date":"03/06/2025","date_ts":1748908800000,"profit_abs":0.0,"wins":0,"draws":0,"losses":0,"trades":0,"profit_factor":0.0},{"date":"04/06/2025","date_ts":1748995200000,"profit_abs":0.0,"wins":0,"draws":0,"losses":0,"trades":0,"profit_factor":0.0},{"date":"05/06/2025","date_ts":1749081600000,"profit_abs":-57.96944613,"wins":0,"draws":0,"losses":1,"trades":1,"profit_factor":0.0},{"date":"06/06/2025","date_ts":1749168000000,"profit_abs":21.55580623,"wins":1,"draws":0,"losses":0,"trades":1,"profit_factor":0.0},{"date":"07/06/2025","date_ts":1749254400000,"profit_abs":36.48795765,"wins":1,"draws":0,"losses":0,"trades":1,"profit_factor":0.0},{"date":"08/06/2025","date_ts":1749340800000,"profit_abs":15.11784585,"wins":1,"draws":0,"losses":0,"trades":1,"profit_factor":0.0},{"date":"09/06/2025","date_ts":1749427200000,"profit_abs":19.89012436,"wins":1,"draws":0,"losses":0,"trades":1,"profit_factor":0.0},{"date":"10/06/2025","date_ts":1749513600000,"profit_abs":0.0,"wins":0,"draws":0,"losses":0,"trades":0,"profit_factor":0.0},{"date":"11/06/2025","date_ts":1749600000000,"profit_abs":0.0,"wins":0,"draws":0,"losses":0,"trades":0,"profit_factor":0.0},{"date":"12/06/2025","date_ts":1749686400000,"profit_abs":0.0,"wins":0,"draws":0,"losses":0,"trades":0,"profit_factor":0.0},{"date":"13/06/2025","date_ts":1749772800000,"profit_abs":-42.74667314,"wins":0,"draws":0,"losses":3,"trades":3,"profit_factor":0.0},{"date":"14/06/2025","date_ts":1749859200000,"profit_abs":-4.21648636,"wins":0,"draws":0,"losses":1,"trades":1,"profit_factor":0.0},{"date":"15/06/2025","date_ts":1749945600000,"profit_abs":62.30006674,"wins":2,"draws":0,"losses":0,"trades":2,"profit_factor":0.0},{"date":"16/06/2025","date_ts":1750032000000,"profit_abs":0.0,"wins":0,"draws":0,"losses":0,"trades":0,"profit_factor":0.0},{"date":"17/06/2025","date_ts":1750118400000,"profit_abs":16.44952113,"wins":1,"draws":0,"losses":0,"trades":1,"profit_factor":0.0},{"date":"18/06/2025","date_ts":1750204800000,"profit_abs":0.0,"wins":0,"draws":0,"losses":0,"trades":0,"profit_factor":0.0},{"date":"19/06/2025","date_ts":1750291200000,"profit_abs":-48.03493313,"wins":0,"draws":0,"losses":1,"trades":1,"profit_factor":0.0},{"date":"20/06/2025","date_ts":1750377600000,"profit_abs":-7.41334163,"wins":0,"draws":0,"losses":1,"trades":1,"profit_factor":0.0},{"date":"21/06/2025","date_ts":1750464000000,"profit_abs":-97.31650628,"wins":0,"draws":0,"losses":2,"trades":2,"profit_factor":0.0},{"date":"22/06/2025","date_ts":1750550400000,"profit_abs":0.0,"wins":0,"draws":0,"losses":0,"trades":0,"profit_factor":0.0},{"date":"23/06/2025","date_ts":1750636800000,"profit_abs":0.0,"wins":0,"draws":0,"losses":0,"trades":0,"profit_factor":0.0},{"date":"24/06/2025","date_ts":1750723200000,"profit_abs":32.52689866,"wins":1,"draws":0,"losses":1,"trades":2,"profit_factor":4.55327691},{"date":"25/06/2025","date_ts":1750809600000,"profit_abs":-4.64339558,"wins":1,"draws":0,"losses":1,"trades":2,"profit_factor":0.79122345},{"date":"26/06/2025","date_ts":1750896000000,"profit_abs":8.08374101,"wins":2,"draws":0,"losses":2,"trades":4,"profit_factor":1.43935287},{"date":"27/06/2025","date_ts":1750982400000,"profit_abs":11.92117702,"wins":1,"draws":0,"losses":0,"trades":1,"profit_factor":0.0},{"date":"28/06/2025","date_ts":1751068800000,"profit_abs":0.0,"wins":0,"draws":0,"losses":0,"trades":0,"profit_factor":0.0},{"date":"29/06/2025","date_ts":1751155200000,"profit_abs":7.97279288,"wins":2,"draws":0,"losses":0,"trades":2,"profit_factor":0.0}],"week":[{"date":"19/05/2025","date_ts":1747612800000,"profit_abs":16.79490997,"wins":2,"draws":0,"losses":0,"trades":2,"profit_factor":0.0},{"date":"26/05/2025","date_ts":1748217600000,"profit_abs":0.0,"wins":0,"draws":0,"losses":0,"trades":0,"profit_factor":0.0},{"date":"02/06/2025","date_ts":1748822400000,"profit_abs":0.0,"wins":0,"draws":0,"losses":0,"trades":0,"profit_factor":0.0},{"date":"09/06/2025","date_ts":1749427200000,"profit_abs":35.08228796,"wins":4,"draws":0,"losses":1,"trades":5,"profit_factor":1.60518584},{"date":"16/06/2025","date_ts":1750032000000,"profit_abs":15.33690724,"wins":2,"draws":0,"losses":4,"trades":6,"profit_factor":1.32657316},{"date":"23/06/2025","date_ts":1750636800000,"profit_abs":-136.31525991,"wins":1,"draws":0,"losses":4,"trades":5,"profit_factor":0.10767875},{"date":"30/06/2025","date_ts":1751241600000,"profit_abs":55.86121399,"wins":7,"draws":0,"losses":4,"trades":11,"profit_factor":2.12184092}],"month":[{"date":"31/05/2025","date_ts":1748649600000,"profit_abs":16.79490997,"wins":2,"draws":0,"losses":0,"trades":2,"profit_factor":0.0},{"date":"30/06/2025","date_ts":1751241600000,"profit_abs":-30.03485072,"wins":14,"draws":0,"losses":13,"trades":27,"profit_factor":0.90232303}],"year":[{"date":"31/12/2025","date_ts":1767139200000,"profit_abs":-13.23994075,"wins":16,"draws":0,"losses":13,"trades":29,"profit_factor":0.95694211}]},"backtest_best_day":0.0620843293020275,"backtest_worst_day":-0.09788495763488508,"backtest_best_day_abs":62.30006674,"backtest_worst_day_abs":-97.31650628,"winning_days":12,"draw_days":24,"losing_days":7,"daily_profit":[["2025-05-18",8.10237895],["2025-05-19",8.69253102],["2025-05-20",0.0],["2025-05-21",0.0],["2025-05-22",0.0],["2025-05-23",0.0],["2025-05-24",0.0],["2025-05-25",0.0],["2025-05-26",0.0],["2025-05-27",0.0],["2025-05-28",0.0],["2025-05-29",0.0],["2025-05-30",0.0],["2025-05-31",0.0],["2025-06-01",0.0],["2025-06-02",0.0],["2025-06-03",0.0],["2025-06-04",0.0],["2025-06-05",-57.96944613],["2025-06-06",21.55580623],["2025-06-07",36.48795765],["2025-06-08",15.11784585],["2025-06-09",19.89012436],["2025-06-10",0.0],["2025-06-11",0.0],["2025-06-12",0.0],["2025-06-13",-42.74667314],["2025-06-14",-4.21648636],["2025-06-15",62.30006674],["2025-06-16",0.0],["2025-06-17",16.44952113],["2025-06-18",0.0],["2025-06-19",-48.03493313],["2025-06-20",-7.41334163],["2025-06-21",-97.31650628],["2025-06-22",0.0],["2025-06-23",0.0],["2025-06-24",32.52689866],["2025-06-25",-4.64339558],["2025-06-26",8.08374101],["2025-06-27",11.92117702],["2025-06-28",0.0],["2025-06-29",7.97279288]],"wins":16,"losses":13,"draws":0,"winrate":0.5517241379310345,"holding_avg":"12:56:00","holding_avg_s":46560.0,"winner_holding_min":"0d 01:00","winner_holding_min_s":3600.0,"winner_holding_max":"1d 21:00","winner_holding_max_s":162000.0,"winner_holding_avg":"0d 12:55","winner_holding_avg_s":46500.0,"loser_holding_min":"0d 00:30","loser_holding_min_s":1800.0,"loser_holding_max":"2d 03:15","loser_holding_max_s":184500.0,"loser_holding_avg":"0d 12:57","loser_holding_avg_s":46620.0,"max_consecutive_wins":4,"max_consecutive_losses":4,"max_drawdown_account":0.1409706640810594,"max_relative_drawdown":0.1409706640810594,"max_drawdown_abs":152.76478104,"drawdown_start":"2025-06-17 03:00:00","drawdown_start_ts":1750129200000.0,"drawdown_end":"2025-06-21 22:00:00","drawdown_end_ts":1750543200000.0,"max_drawdown_low":-69.10115474,"max_drawdown_high":83.6636263,"csum_min":930.89884526,"csum_max":1083.6636263}},"strategy_comparison":[{"key":"SimpleGrid","trades":29,"profit_mean":-0.00010358679296466646,"profit_mean_pct":-0.01,"profit_sum":-0.0030040169959753274,"profit_sum_pct":-0.3,"profit_total_abs":-13.239940749999981,"profit_total":-0.013239940749999981,"profit_total_pct":-1.32,"duration_avg":"12:56:00","wins":16,"draws":0,"losses":13,"winrate":0.5517241379310345,"cagr":-0.10467176854151639,"expectancy":-0.4565496810344811,"expectancy_ratio":-0.01930181303686085,"sortino":-0.2899379147293034,"sharpe":-0.21606641096189882,"calmar":-4.0780359663379375,"sqn":-0.0908,"profit_factor":0.9569421093793106,"max_drawdown_account":0.1409706640810594,"max_drawdown_abs":"152.765"}]}