{"strategy":{"GridBotSample":{"trades":[{"pair":"ETH/USDT:USDT","stake_amount":99.9704,"max_stake_amount":99.9704,"amount":0.04,"open_date":"2025-05-17 00:30:00+00:00","close_date":"2025-05-18 04:30:00+00:00","open_rate":2499.26,"close_rate":2481.15,"fee_open":0.0005,"fee_close":0.0005,"trade_duration":1680,"profit_ratio":-0.008295868370640908,"profit_abs":-0.82975595,"exit_reason":"exit_signal","initial_stop_loss_abs":2249.34,"initial_stop_loss_ratio":-0.1,"stop_loss_abs":2249.34,"stop_loss_ratio":-0.1,"min_rate":2442.65,"max_rate":2512.33,"is_open":false,"enter_tag":"","leverage":1.0,"is_short":false,"open_timestamp":1747441800000,"close_timestamp":1747542600000,"orders":[{"amount":0.04,"safe_price":2499.26,"ft_order_side":"buy","order_filled_timestamp":1747441800000,"ft_is_entry":true,"ft_order_tag":"","cost":100.0203852},{"amount":0.04,"safe_price":2481.15,"ft_order_side":"sell","order_filled_timestamp":1747542600000,"ft_is_entry":false,"ft_order_tag":"exit_signal","cost":99.295623}],"funding_fees":-0.00574774609535964},{"pair":"ETH/USDT:USDT","stake_amount":99.4784,"max_stake_amount":99.4784,"amount":0.04,"open_date":"2025-05-18 04:45:00+00:00","close_date":"2025-05-18 20:15:00+00:00","open_rate":2486.96,"close_rate":2367.12,"fee_open":0.0005,"fee_close":0.0005,"trade_duration":930,"profit_ratio":-0.04918950629793348,"profit_abs":-4.89574003,"exit_reason":"exit_signal","initial_stop_loss_abs":2238.27,"initial_stop_loss_ratio":-0.1,"stop_loss_abs":2238.27,"stop_loss_ratio":-0.1,"min_rate":2312.62,"max_rate":2587.52,"is_open":false,"enter_tag":"","leverage":1.0,"is_short":false,"open_timestamp":1747543500000,"close_timestamp":1747599300000,"orders":[{"amount":0.04,"safe_price":2486.96,"ft_order_side":"buy","order_filled_timestamp":1747543500000,"ft_is_entry":true,"ft_order_tag":"","cost":99.5281392},{"amount":0.04,"safe_price":2367.12,"ft_order_side":"sell","order_filled_timestamp":1747599300000,"ft_is_entry":false,"ft_order_tag":"exit_signal","cost":94.73214239999999}],"funding_fees":-0.005058429270505164},{"pair":"ETH/USDT:USDT","stake_amount":98.70791,"max_stake_amount":98.70791,"amount":0.041,"open_date":"2025-05-19 07:45:00+00:00","close_date":"2025-05-19 08:00:00+00:00","open_rate":2407.51,"close_rate":2402.53,"fee_open":0.0005,"fee_close":0.0005,"trade_duration":15,"profit_ratio":-0.0031311046662947217,"profit_abs":-0.30921933,"exit_reason":"exit_signal","initial_stop_loss_abs":2166.76,"initial_stop_loss_ratio":-0.1,"stop_loss_abs":2166.76,"stop_loss_ratio":-0.1,"min_rate":2389.0,"max_rate":2409.24,"is_open":false,"enter_tag":"","leverage":1.0,"is_short":false,"open_timestamp":1747640700000,"close_timestamp":1747641600000,"orders":[{"amount":0.041,"safe_price":2407.51,"ft_order_side":"buy","order_filled_timestamp":1747640700000,"ft_is_entry":true,"ft_order_tag":"","cost":98.75726395500001},{"amount":0.041,"safe_price":2402.53,"ft_order_side":"sell","order_filled_timestamp":1747641600000,"ft_is_entry":false,"ft_order_tag":"exit_signal","cost":98.552981865}],"funding_fees":-0.00643350824587951},{"pair":"ETH/USDT:USDT","stake_amount":98.73825,"max_stake_amount":98.73825,"amount":0.041,"open_date":"2025-05-19 08:15:00+00:00","close_date":"2025-05-19 08:30:00+00:00","open_rate":2408.25,"close_rate":2404.79,"fee_open":0.0005,"fee_close":0.0005,"trade_duration":15,"profit_ratio":-0.002434792154426264,"profit_abs":-0.24052732,"exit_reason":"exit_signal","initial_stop_loss_abs":2167.43,"initial_stop_loss_ratio":-0.1,"stop_loss_abs":2167.43,"stop_loss_ratio":-0.1,"min_rate":2393.45,"max_rate":2422.11,"is_open":false,"enter_tag":"","leverage":1.0,"is_short":false,"open_timestamp":1747642500000,"close_timestamp":1747643400000,"orders":[{"amount":0.041,"safe_price":2408.25,"ft_order_side":"buy","order_filled_timestamp":1747642500000,"ft_is_entry":true,"ft_order_tag":"","cost":98.787619125},{"amount":0.041,"safe_price":2404.79,"ft_order_side":"sell","order_filled_timestamp":1747643400000,"ft_is_entry":false,"ft_order_tag":"exit_signal","cost":98.64568819499999}],"funding_fees":0.0},{"pair":"ETH/USDT:USDT","stake_amount":98.67552,"max_stake_amount":98.67552,"amount":0.041,"open_date":"2025-05-19 09:30:00+00:00","close_date":"2025-05-19 10:00:00+00:00","open_rate":2406.72,"close_rate":2404.24,"fee_open":0.0005,"fee_close":0.0005,"trade_duration":30,"profit_ratio":-0.002028918395475843,"profit_abs":-0.20030468,"exit_reason":"exit_signal","initial_stop_loss_abs":2166.05,"initial_stop_loss_ratio":-0.1,"stop_loss_abs":2166.05,"stop_loss_ratio":-0.1,"min_rate":2392.0,"max_rate":2414.64,"is_open":false,"enter_tag":"","leverage":1.0,"is_short":false,"open_timestamp":1747647000000,"close_timestamp":1747648800000,"orders":[{"amount":0.041,"safe_price":2406.72,"ft_order_side":"buy","order_filled_timestamp":1747647000000,"ft_is_entry":true,"ft_order_tag":"","cost":98.72485775999999},{"amount":0.041,"safe_price":2404.24,"ft_order_side":"sell","order_filled_timestamp":1747648800000,"ft_is_entry":false,"ft_order_tag":"exit_signal","cost":98.62312691999999}],"funding_fees":0.0},{"pair":"ETH/USDT:USDT","stake_amount":98.71078,"max_stake_amount":98.71078,"amount":0.041,"open_date":"2025-05-19 10:30:00+00:00","close_date":"2025-05-19 12:15:00+00:00","open_rate":2407.58,"close_rate":2400.08,"fee_open":0.0005,"fee_close":0.0005,"trade_duration":105,"profit_ratio":-0.004111547927678473,"profit_abs":-0.40605703,"exit_reason":"exit_signal","initial_stop_loss_abs":2166.83,"initial_stop_loss_ratio":-0.1,"stop_loss_abs":2166.83,"stop_loss_ratio":-0.1,"min_rate":2391.02,"max_rate":2420.88,"is_open":false,"enter_tag":"","leverage":1.0,"is_short":false,"open_timestamp":1747650600000,"close_timestamp":1747656900000,"orders":[{"amount":0.041,"safe_price":2407.58,"ft_order_side":"buy","order_filled_timestamp":1747650600000,"ft_is_entry":true,"ft_order_tag":"","cost":98.76013538999999},{"amount":0.041,"safe_price":2400.08,"ft_order_side":"sell","order_filled_timestamp":1747656900000,"ft_is_entry":false,"ft_order_tag":"exit_signal","cost":98.45248163999999}],"funding_fees":0.0},{"pair":"ETH/USDT:USDT","stake_amount":97.2868,"max_stake_amount":97.2868,"amount":0.04,"open_date":"2025-05-19 13:45:00+00:00","close_date":"2025-05-22 03:45:00+00:00","open_rate":2432.17,"close_rate":2634.82,"fee_open":0.0005,"fee_close":0.0005,"trade_duration":3720,"profit_ratio":0.08182421985042296,"profit_abs":7.96439672,"exit_reason":"exit_signal","initial_stop_loss_abs":2188.96,"initial_stop_loss_ratio":-0.1,"stop_loss_abs":2188.96,"stop_loss_ratio":-0.1,"min_rate":2416.4,"max_rate":2647.25,"is_open":false,"enter_tag":"","leverage":1.0,"is_short":false,"open_timestamp":1747662300000,"close_timestamp":1747885500000,"orders":[{"amount":0.04,"safe_price":2432.17,"ft_order_side":"buy","order_filled_timestamp":1747662300000,"ft_is_entry":true,"ft_order_tag":"","cost":97.33544339999999},{"amount":0.04,"safe_price":2634.82,"ft_order_side":"sell","order_filled_timestamp":1747885500000,"ft_is_entry":false,"ft_order_tag":"exit_signal","cost":105.4454964}],"funding_fees":-0.040263478468552695},{"pair":"ETH/USDT:USDT","stake_amount":99.7916,"max_stake_amount":99.7916,"amount":0.04,"open_date":"2025-05-25 00:45:00+00:00","close_date":"2025-05-25 19:00:00+00:00","open_rate":2494.79,"close_rate":2514.89,"fee_open":0.0005,"fee_close":0.0005,"trade_duration":1095,"profit_ratio":0.006926417863222758,"profit_abs":0.69154392,"exit_reason":"exit_signal","initial_stop_loss_abs":2245.32,"initial_stop_loss_ratio":-0.1,"stop_loss_abs":2245.32,"stop_loss_ratio":-0.1,"min_rate":2457.6,"max_rate":2524.99,"is_open":false,"enter_tag":"","leverage":1.0,"is_short":false,"open_timestamp":1748133900000,"close_timestamp":1748199600000,"orders":[{"amount":0.04,"safe_price":2494.79,"ft_order_side":"buy","order_filled_timestamp":1748133900000,"ft_is_entry":true,"ft_order_tag":"","cost":99.8414958},{"amount":0.04,"safe_price":2514.89,"ft_order_side":"sell","order_filled_timestamp":1748199600000,"ft_is_entry":false,"ft_order_tag":"exit_signal","cost":100.64589779999999}],"funding_fees":-0.012262478556},{"pair":"ETH/USDT:USDT","stake_amount":97.80615,"max_stake_amount":97.80615,"amount":0.039,"open_date":"2025-05-31 01:30:00+00:00","close_date":"2025-05-31 12:00:00+00:00","open_rate":2507.85,"close_rate":2518.6,"fee_open":0.0005,"fee_close":0.0005,"trade_duration":630,"profit_ratio":0.0032018658225023908,"profit_abs":0.31331875,"exit_reason":"exit_signal","initial_stop_loss_abs":2257.07,"initial_stop_loss_ratio":-0.1,"stop_loss_abs":2257.07,"stop_loss_ratio":-0.1,"min_rate":2474.0,"max_rate":2537.97,"is_open":false,"enter_tag":"","leverage":1.0,"is_short":false,"open_timestamp":1748655000000,"close_timestamp":1748692800000,"orders":[{"amount":0.039,"safe_price":2507.85,"ft_order_side":"buy","order_filled_timestamp":1748655000000,"ft_is_entry":true,"ft_order_tag":"","cost":97.855053075},{"amount":0.039,"safe_price":2518.6,"ft_order_side":"sell","order_filled_timestamp":1748692800000,"ft_is_entry":false,"ft_order_tag":"exit_signal","cost":98.27451269999999}],"funding_fees":-0.0079154712},{"pair":"ETH/USDT:USDT","stake_amount":97.75389,"max_stake_amount":97.75389,"amount":0.039,"open_date":"2025-06-01 02:00:00+00:00","close_date":"2025-06-01 05:45:00+00:00","open_rate":2506.51,"close_rate":2515.81,"fee_open":0.0005,"fee_close":0.0005,"trade_duration":225,"profit_ratio":0.0027071295452090033,"profit_abs":0.26476476,"exit_reason":"exit_signal","initial_stop_loss_abs":2255.86,"initial_stop_loss_ratio":-0.1,"stop_loss_abs":2255.86,"stop_loss_ratio":-0.1,"min_rate":2491.03,"max_rate":2526.46,"is_open":false,"enter_tag":"","leverage":1.0,"is_short":false,"open_timestamp":1748743200000,"close_timestamp":1748756700000,"orders":[{"amount":0.039,"safe_price":2506.51,"ft_order_side":"buy","order_filled_timestamp":1748743200000,"ft_is_entry":true,"ft_order_tag":"","cost":97.802766945},{"amount":0.039,"safe_price":2515.81,"ft_order_side":"sell","order_filled_timestamp":1748756700000,"ft_is_entry":false,"ft_order_tag":"exit_signal","cost":98.165648295}],"funding_fees":0.0},{"pair":"ETH/USDT:USDT","stake_amount":97.97463,"max_stake_amount":97.97463,"amount":0.039,"open_date":"2025-06-01 06:30:00+00:00","close_date":"2025-06-03 01:00:00+00:00","open_rate":2512.17,"close_rate":2620.79,"fee_open":0.0005,"fee_close":0.0005,"trade_duration":2550,"profit_ratio":0.041931250167922866,"profit_abs":4.11025282,"exit_reason":"exit_signal","initial_stop_loss_abs":2260.96,"initial_stop_loss_ratio":-0.1,"stop_loss_abs":2260.96,"stop_loss_ratio":-0.1,"min_rate":2465.0,"max_rate":2626.96,"is_open":false,"enter_tag":"","leverage":1.0,"is_short":false,"open_timestamp":1748759400000,"close_timestamp":1748912400000,"orders":[{"amount":0.039,"safe_price":2512.17,"ft_order_side":"buy","order_filled_timestamp":1748759400000,"ft_is_entry":true,"ft_order_tag":"","cost":98.023617315},{"amount":0.039,"safe_price":2620.79,"ft_order_side":"sell","order_filled_timestamp":1748912400000,"ft_is_entry":false,"ft_order_tag":"exit_signal","cost":102.261915405}],"funding_fees":-0.025834462492984663},{"pair":"ETH/USDT:USDT","stake_amount":100.2228,"max_stake_amount":100.2228,"amount":0.04,"open_date":"2025-06-05 20:15:00+00:00","close_date":"2025-06-05 21:00:00+00:00","open_rate":2505.57,"close_rate":2397.53,"fee_open":0.0005,"fee_close":0.0005,"trade_duration":45,"profit_ratio":-0.04407633066890287,"profit_abs":-4.419662,"exit_reason":"exit_signal","initial_stop_loss_abs":2255.02,"initial_stop_loss_ratio":-0.1,"stop_loss_abs":2255.02,"stop_loss_ratio":-0.1,"min_rate":2390.0,"max_rate":2506.53,"is_open":false,"enter_tag":"","leverage":1.0,"is_short":false,"open_timestamp":1749154500000,"close_timestamp":1749157200000,"orders":[{"amount":0.04,"safe_price":2505.57,"ft_order_side":"buy","order_filled_timestamp":1749154500000,"ft_is_entry":true,"ft_order_tag":"","cost":100.2729114},{"amount":0.04,"safe_price":2397.53,"ft_order_side":"sell","order_filled_timestamp":1749157200000,"ft_is_entry":false,"ft_order_tag":"exit_signal","cost":95.94915060000001}],"funding_fees":0.0},{"pair":"SOL/USDT:USDT","stake_amount":99.218,"max_stake_amount":99.218,"amount":0.7,"open_date":"2025-06-05 21:00:00+00:00","close_date":"2025-06-06 12:45:00+00:00","open_rate":141.74,"close_rate":150.4,"fee_open":0.0005,"fee_close":0.0005,"trade_duration":945,"profit_ratio":0.06022134793233511,"profit_abs":5.97802922,"exit_reason":"exit_signal","initial_stop_loss_abs":127.57,"initial_stop_loss_ratio":-0.1,"stop_loss_abs":127.57,"stop_loss_ratio":-0.1,"min_rate":141.51,"max_rate":152.56,"is_open":false,"enter_tag":"","leverage":1.0,"is_short":false,"open_timestamp":1749157200000,"close_timestamp":1749213900000,"orders":[{"amount":0.7,"safe_price":141.74,"ft_order_side":"buy","order_filled_timestamp":1749157200000,"ft_is_entry":true,"ft_order_tag":"","cost":99.267609},{"amount":0.7,"safe_price":150.4,"ft_order_side":"sell","order_filled_timestamp":1749213900000,"ft_is_entry":false,"ft_order_tag":"exit_signal","cost":105.33264}],"funding_fees":0.018278215366500532},{"pair":"ETH/USDT:USDT","stake_amount":98.8932,"max_stake_amount":98.8932,"amount":0.04,"open_date":"2025-06-06 12:45:00+00:00","close_date":"2025-06-07 08:45:00+00:00","open_rate":2472.33,"close_rate":2485.35,"fee_open":0.0005,"fee_close":0.0005,"trade_duration":1200,"profit_ratio":0.004092323218691827,"profit_abs":0.40490529,"exit_reason":"exit_signal","initial_stop_loss_abs":2225.1,"initial_stop_loss_ratio":-0.1,"stop_loss_abs":2225.1,"stop_loss_ratio":-0.1,"min_rate":2455.85,"max_rate":2529.67,"is_open":false,"enter_tag":"","leverage":1.0,"is_short":false,"open_timestamp":1749213900000,"close_timestamp":1749285900000,"orders":[{"amount":0.04,"safe_price":2472.33,"ft_order_side":"buy","order_filled_timestamp":1749213900000,"ft_is_entry":true,"ft_order_tag":"","cost":98.94264659999999},{"amount":0.04,"safe_price":2485.35,"ft_order_side":"sell","order_filled_timestamp":1749285900000,"ft_is_entry":false,"ft_order_tag":"exit_signal","cost":99.463707}],"funding_fees":-0.016741114712457313},{"pair":"ETH/USDT:USDT","stake_amount":99.3052,"max_stake_amount":99.3052,"amount":0.04,"open_date":"2025-06-07 09:00:00+00:00","close_date":"2025-06-07 10:00:00+00:00","open_rate":2482.63,"close_rate":2485.01,"fee_open":0.0005,"fee_close":0.0005,"trade_duration":60,"profit_ratio":-4.1797656494132825e-05,"profit_abs":-0.0041528,"exit_reason":"exit_signal","initial_stop_loss_abs":2234.37,"initial_stop_loss_ratio":-0.1,"stop_loss_abs":2234.37,"stop_loss_ratio":-0.1,"min_rate":2481.91,"max_rate":2489.36,"is_open":false,"enter_tag":"","leverage":1.0,"is_short":false,"open_timestamp":1749286800000,"close_timestamp":1749290400000,"orders":[{"amount":0.04,"safe_price":2482.63,"ft_order_side":"buy","order_filled_timestamp":1749286800000,"ft_is_entry":true,"ft_order_tag":"","cost":99.3548526},{"amount":0.04,"safe_price":2485.01,"ft_order_side":"sell","order_filled_timestamp":1749290400000,"ft_is_entry":false,"ft_order_tag":"exit_signal","cost":99.4501002}],"funding_fees":0.0},{"pair":"ETH/USDT:USDT","stake_amount":99.5424,"max_stake_amount":99.5424,"amount":0.04,"open_date":"2025-06-07 10:15:00+00:00","close_date":"2025-06-07 20:00:00+00:00","open_rate":2488.56,"close_rate":2515.78,"fee_open":0.0005,"fee_close":0.0005,"trade_duration":585,"profit_ratio":0.009859303880705033,"profit_abs":0.98190948,"exit_reason":"exit_signal","initial_stop_loss_abs":2239.71,"initial_stop_loss_ratio":-0.1,"stop_loss_abs":2239.71,"stop_loss_ratio":-0.1,"min_rate":2487.11,"max_rate":2524.9,"is_open":false,"enter_tag":"","leverage":1.0,"is_short":false,"open_timestamp":1749291300000,"close_timestamp":1749326400000,"orders":[{"amount":0.04,"safe_price":2488.56,"ft_order_side":"buy","order_filled_timestamp":1749291300000,"ft_is_entry":true,"ft_order_tag":"","cost":99.5921712},{"amount":0.04,"safe_price":2515.78,"ft_order_side":"sell","order_filled_timestamp":1749326400000,"ft_is_entry":false,"ft_order_tag":"exit_signal","cost":100.6815156}],"funding_fees":-0.006803717752134301},{"pair":"ETH/USDT:USDT","stake_amount":100.482,"max_stake_amount":100.482,"amount":0.04,"open_date":"2025-06-08 01:30:00+00:00","close_date":"2025-06-08 02:30:00+00:00","open_rate":2512.05,"close_rate":2512.84,"fee_open":0.0005,"fee_close":0.0005,"trade_duration":60,"profit_ratio":-0.0006853303906753655,"profit_abs":-0.0688978,"exit_reason":"exit_signal","initial_stop_loss_abs":2260.85,"initial_stop_loss_ratio":-0.1,"stop_loss_abs":2260.85,"stop_loss_ratio":-0.1,"min_rate":2510.72,"max_rate":2520.53,"is_open":false,"enter_tag":"","leverage":1.0,"is_short":false,"open_timestamp":1749346200000,"close_timestamp":1749349800000,"orders":[{"amount":0.04,"safe_price":2512.05,"ft_order_side":"buy","order_filled_timestamp":1749346200000,"ft_is_entry":true,"ft_order_tag":"","cost":100.53224100000001},{"amount":0.04,"safe_price":2512.84,"ft_order_side":"sell","order_filled_timestamp":1749349800000,"ft_is_entry":false,"ft_order_tag":"exit_signal","cost":100.56385680000001}],"funding_fees":0.0},{"pair":"ETH/USDT:USDT","stake_amount":100.4436,"max_stake_amount":100.4436,"amount":0.04,"open_date":"2025-06-08 03:00:00+00:00","close_date":"2025-06-08 03:30:00+00:00","open_rate":2511.09,"close_rate":2509.63,"fee_open":0.0005,"fee_close":0.0005,"trade_duration":30,"profit_ratio":-0.001580339936877592,"profit_abs":-0.1588144,"exit_reason":"exit_signal","initial_stop_loss_abs":2259.99,"initial_stop_loss_ratio":-0.1,"stop_loss_abs":2259.99,"stop_loss_ratio":-0.1,"min_rate":2507.25,"max_rate":2513.9,"is_open":false,"enter_tag":"","leverage":1.0,"is_short":false,"open_timestamp":1749351600000,"close_timestamp":1749353400000,"orders":[{"amount":0.04,"safe_price":2511.09,"ft_order_side":"buy","order_filled_timestamp":1749351600000,"ft_is_entry":true,"ft_order_tag":"","cost":100.49382179999999},{"amount":0.04,"safe_price":2509.63,"ft_order_side":"sell","order_filled_timestamp":1749353400000,"ft_is_entry":false,"ft_order_tag":"exit_signal","cost":100.4353926}],"funding_fees":0.0},{"pair":"ETH/USDT:USDT","stake_amount":100.3332,"max_stake_amount":100.3332,"amount":0.04,"open_date":"2025-06-08 04:15:00+00:00","close_date":"2025-06-08 04:30:00+00:00","open_rate":2508.33,"close_rate":2510.66,"fee_open":0.0005,"fee_close":0.0005,"trade_duration":15,"profit_ratio":-7.152380163348695e-05,"profit_abs":-0.0071798,"exit_reason":"exit_signal","initial_stop_loss_abs":2257.5,"initial_stop_loss_ratio":-0.1,"stop_loss_abs":2257.5,"stop_loss_ratio":-0.1,"min_rate":2507.96,"max_rate":2517.55,"is_open":false,"enter_tag":"","leverage":1.0,"is_short":false,"open_timestamp":1749356100000,"close_timestamp":1749357000000,"orders":[{"amount":0.04,"safe_price":2508.33,"ft_order_side":"buy","order_filled_timestamp":1749356100000,"ft_is_entry":true,"ft_order_tag":"","cost":100.3833666},{"amount":0.04,"safe_price":2510.66,"ft_order_side":"sell","order_filled_timestamp":1749357000000,"ft_is_entry":false,"ft_order_tag":"exit_signal","cost":100.47661319999999}],"funding_fees":0.0},{"pair":"ETH/USDT:USDT","stake_amount":100.408,"max_stake_amount":100.408,"amount":0.04,"open_date":"2025-06-08 05:15:00+00:00","close_date":"2025-06-08 06:15:00+00:00","open_rate":2510.2,"close_rate":2511.88,"fee_open":0.0005,"fee_close":0.0005,"trade_duration":60,"profit_ratio":-0.000330899803862709,"profit_abs":-0.0332416,"exit_reason":"exit_signal","initial_stop_loss_abs":2259.18,"initial_stop_loss_ratio":-0.1,"stop_loss_abs":2259.18,"stop_loss_ratio":-0.1,"min_rate":2507.69,"max_rate":2515.88,"is_open":false,"enter_tag":"","leverage":1.0,"is_short":false,"open_timestamp":1749359700000,"close_timestamp":1749363300000,"orders":[{"amount":0.04,"safe_price":2510.2,"ft_order_side":"buy","order_filled_timestamp":1749359700000,"ft_is_entry":true,"ft_order_tag":"","cost":100.458204},{"amount":0.04,"safe_price":2511.88,"ft_order_side":"sell","order_filled_timestamp":1749363300000,"ft_is_entry":false,"ft_order_tag":"exit_signal","cost":100.52543759999999}],"funding_fees":0.0},{"pair":"ETH/USDT:USDT","stake_amount":100.454,"max_stake_amount":100.454,"amount":0.04,"open_date":"2025-06-08 09:15:00+00:00","close_date":"2025-06-08 20:30:00+00:00","open_rate":2511.35,"close_rate":2533.99,"fee_open":0.0005,"fee_close":0.0005,"trade_duration":675,"profit_ratio":0.00795959596803824,"profit_abs":0.79997304,"exit_reason":"exit_signal","initial_stop_loss_abs":2260.22,"initial_stop_loss_ratio":-0.1,"stop_loss_abs":2260.22,"stop_loss_ratio":-0.1,"min_rate":2483.28,"max_rate":2539.68,"is_open":false,"enter_tag":"","leverage":1.0,"is_short":false,"open_timestamp":1749374100000,"close_timestamp":1749414600000,"orders":[{"amount":0.04,"safe_price":2511.35,"ft_order_side":"buy","order_filled_timestamp":1749374100000,"ft_is_entry":true,"ft_order_tag":"","cost":100.50422699999999},{"amount":0.04,"safe_price":2533.99,"ft_order_side":"sell","order_filled_timestamp":1749414600000,"ft_is_entry":false,"ft_order_tag":"exit_signal","cost":101.4102798}],"funding_fees":-0.00472016494523052},{"pair":"ETH/USDT:USDT","stake_amount":100.4584,"max_stake_amount":100.4584,"amount":0.04,"open_date":"2025-06-08 22:45:00+00:00","close_date":"2025-06-09 21:30:00+00:00","open_rate":2511.46,"close_rate":2638.76,"fee_open":0.0005,"fee_close":0.0005,"trade_duration":1365,"profit_ratio":0.0495090073320789,"profit_abs":4.97608246,"exit_reason":"exit_signal","initial_stop_loss_abs":2260.32,"initial_stop_loss_ratio":-0.1,"stop_loss_abs":2260.32,"stop_loss_ratio":-0.1,"min_rate":2475.83,"max_rate":2639.88,"is_open":false,"enter_tag":"","leverage":1.0,"is_short":false,"open_timestamp":1749422700000,"close_timestamp":1749504600000,"orders":[{"amount":0.04,"safe_price":2511.46,"ft_order_side":"buy","order_filled_timestamp":1749422700000,"ft_is_entry":true,"ft_order_tag":"","cost":100.50862919999999},{"amount":0.04,"safe_price":2638.76,"ft_order_side":"sell","order_filled_timestamp":1749504600000,"ft_is_entry":false,"ft_order_tag":"exit_signal","cost":105.60317520000001}],"funding_fees":-0.012913143369613543},{"pair":"SOL/USDT:USDT","stake_amount":100.569,"max_stake_amount":100.569,"amount":0.7,"open_date":"2025-06-13 05:45:00+00:00","close_date":"2025-06-15 15:00:00+00:00","open_rate":143.67,"close_rate":151.84,"fee_open":0.0005,"fee_close":0.0005,"trade_duration":3435,"profit_ratio":0.055746702015158925,"profit_abs":5.60919327,"exit_reason":"exit_signal","initial_stop_loss_abs":129.31,"initial_stop_loss_ratio":-0.1,"stop_loss_abs":129.31,"stop_loss_ratio":-0.1,"min_rate":141.87,"max_rate":152.63,"is_open":false,"enter_tag":"","leverage":1.0,"is_short":false,"open_timestamp":1749793500000,"close_timestamp":1749999600000,"orders":[{"amount":0.7,"safe_price":143.67,"ft_order_side":"buy","order_filled_timestamp":1749793500000,"ft_is_entry":true,"ft_order_tag":"","cost":100.61928449999998},{"amount":0.7,"safe_price":151.84,"ft_order_side":"sell","order_filled_timestamp":1749999600000,"ft_is_entry":false,"ft_order_tag":"exit_signal","cost":106.34114399999999}],"funding_fees":-0.006378228943594898},{"pair":"ETH/USDT:USDT","stake_amount":100.4804,"max_stake_amount":100.4804,"amount":0.04,"open_date":"2025-06-15 20:30:00+00:00","close_date":"2025-06-16 07:15:00+00:00","open_rate":2512.01,"close_rate":2629.0,"fee_open":0.0005,"fee_close":0.0005,"trade_duration":645,"profit_ratio":0.04547988574333182,"profit_abs":4.57212203,"exit_reason":"exit_signal","initial_stop_loss_abs":2260.81,"initial_stop_loss_ratio":-0.1,"stop_loss_abs":2260.81,"stop_loss_ratio":-0.1,"min_rate":2490.38,"max_rate":2637.7,"is_open":false,"enter_tag":"","leverage":1.0,"is_short":false,"open_timestamp":1750019400000,"close_timestamp":1750058100000,"orders":[{"amount":0.04,"safe_price":2512.01,"ft_order_side":"buy","order_filled_timestamp":1750019400000,"ft_is_entry":true,"ft_order_tag":"","cost":100.53064020000001},{"amount":0.04,"safe_price":2629.0,"ft_order_side":"sell","order_filled_timestamp":1750058100000,"ft_is_entry":false,"ft_order_tag":"exit_signal","cost":105.21257999999999}],"funding_fees":-0.00465777443707318},{"pair":"ETH/USDT:USDT","stake_amount":102.29746,"max_stake_amount":102.29746,"amount":0.041,"open_date":"2025-06-17 15:30:00+00:00","close_date":"2025-06-19 07:45:00+00:00","open_rate":2495.06,"close_rate":2521.47,"fee_open":0.0005,"fee_close":0.0005,"trade_duration":2415,"profit_ratio":0.00931371282744744,"profit_abs":0.95324555,"exit_reason":"exit_signal","initial_stop_loss_abs":2245.56,"initial_stop_loss_ratio":-0.1,"stop_loss_abs":2245.56,"stop_loss_ratio":-0.1,"min_rate":2451.97,"max_rate":2547.35,"is_open":false,"enter_tag":"","leverage":1.0,"is_short":false,"open_timestamp":1750174200000,"close_timestamp":1750319100000,"orders":[{"amount":0.041,"safe_price":2495.06,"ft_order_side":"buy","order_filled_timestamp":1750174200000,"ft_is_entry":true,"ft_order_tag":"","cost":102.34860873},{"amount":0.041,"safe_price":2521.47,"ft_order_side":"sell","order_filled_timestamp":1750319100000,"ft_is_entry":false,"ft_order_tag":"exit_signal","cost":103.431960135}],"funding_fees":-0.0267255843520793},{"pair":"SUI/USDT:USDT","stake_amount":102.3898,"max_stake_amount":102.3898,"amount":36.5,"open_date":"2025-06-19 07:45:00+00:00","close_date":"2025-06-19 14:00:00+00:00","open_rate":2.8052,"close_rate":2.7995,"fee_open":0.0005,"fee_close":0.0005,"trade_duration":375,"profit_ratio":-0.003029410055055996,"profit_abs":-0.31033578,"exit_reason":"force_exit","initial_stop_loss_abs":2.5247,"initial_stop_loss_ratio":-0.1,"stop_loss_abs":2.5247,"stop_loss_ratio":-0.1,"min_rate":2.7814,"max_rate":2.8217,"is_open":false,"enter_tag":"","leverage":1.0,"is_short":false,"open_timestamp":1750319100000,"close_timestamp":1750341600000,"orders":[{"amount":36.5,"safe_price":2.8052,"ft_order_side":"buy","order_filled_timestamp":1750319100000,"ft_is_entry":true,"ft_order_tag":"","cost":102.4409949},{"amount":36.5,"safe_price":2.7995,"ft_order_side":"sell","order_filled_timestamp":1750341600000,"ft_is_entry":false,"ft_order_tag":"force_exit","cost":102.23284087500001}],"funding_fees":0.0}],"locks":[],"best_pair":{"key":"ETH/USDT:USDT","trades":23,"profit_mean":0.006383771832551192,"profit_mean_pct":0.64,"profit_sum":0.1468267521486774,"profit_sum_pct":14.68,"profit_total_abs":14.458962080000001,"profit_total":0.01445896208,"profit_total_pct":1.45,"duration_avg":"13:09:00","wins":11,"draws":0,"losses":12,"winrate":0.4782608695652174,"cagr":0.16661890770461762,"expectancy":0.6286505252173914,"expectancy_ratio":0.6518142243855793,"sortino":4.868644403909489,"sharpe":3.0351734684155485,"calmar":118.06330455636201,"sqn":1.1015,"profit_factor":2.249310596739027,"max_drawdown_account":0.006881604339999967,"max_drawdown_abs":6.881604340000001},"worst_pair":{"key":"SUI/USDT:USDT","trades":1,"profit_mean":-0.003029410055055996,"profit_mean_pct":-0.3,"profit_sum":-0.003029410055055996,"profit_sum_pct":-0.3,"profit_total_abs":-0.31033578,"profit_total":-0.00031033578,"profit_total_pct":-0.03,"duration_avg":"6:15:00","wins":0,"draws":0,"losses":1,"winrate":0.0,"cagr":-0.003326517768417969,"expectancy":-0.31033578,"expectancy_ratio":-1.0,"sortino":-100,"sharpe":-100,"calmar":-56.19109757219452,"sqn":-100.0,"profit_factor":0.0,"max_drawdown_account":0.0003103357799999458,"max_drawdown_abs":0.31033578},"results_per_pair":[{"key":"ETH/USDT:USDT","trades":23,"profit_mean":0.006383771832551192,"profit_mean_pct":0.64,"profit_sum":0.1468267521486774,"profit_sum_pct":14.68,"profit_total_abs":14.458962080000001,"profit_total":0.01445896208,"profit_total_pct":1.45,"duration_avg":"13:09:00","wins":11,"draws":0,"losses":12,"winrate":0.4782608695652174,"cagr":0.16661890770461762,"expectancy":0.6286505252173914,"expectancy_ratio":0.6518142243855793,"sortino":4.868644403909489,"sharpe":3.0351734684155485,"calmar":118.06330455636201,"sqn":1.1015,"profit_factor":2.249310596739027,"max_drawdown_account":0.006881604339999967,"max_drawdown_abs":6.881604340000001},{"key":"SOL/USDT:USDT","trades":2,"profit_mean":0.05798402497374702,"profit_mean_pct":5.8,"profit_sum":0.11596804994749405,"profit_sum_pct":11.6,"profit_total_abs":11.587222489999998,"profit_total":0.011587222489999998,"profit_total_pct":1.16,"duration_avg":"1 day, 12:30:00","wins":2,"draws":0,"losses":0,"winrate":1.0,"cagr":0.13165037982692018,"expectancy":5.793611244999999,"expectancy_ratio":100.0,"sortino":-100,"sharpe":35.305601285677426,"calmar":-100,"sqn":31.4157,"profit_factor":0.0,"max_drawdown_account":0.0,"max_drawdown_abs":0.0},{"key":"SUI/USDT:USDT","trades":1,"profit_mean":-0.003029410055055996,"profit_mean_pct":-0.3,"profit_sum":-0.003029410055055996,"profit_sum_pct":-0.3,"profit_total_abs":-0.31033578,"profit_total":-0.00031033578,"profit_total_pct":-0.03,"duration_avg":"6:15:00","wins":0,"draws":0,"losses":1,"winrate":0.0,"cagr":-0.003326517768417969,"expectancy":-0.31033578,"expectancy_ratio":-1.0,"sortino":-100,"sharpe":-100,"calmar":-56.19109757219452,"sqn":-100.0,"profit_factor":0.0,"max_drawdown_account":0.0003103357799999458,"max_drawdown_abs":0.31033578},{"key":"TOTAL","trades":26,"profit_mean":0.00999097661696598,"profit_mean_pct":1.0,"profit_sum":0.2597653920411155,"profit_sum_pct":25.98,"profit_total_abs":25.735848789999995,"profit_total":0.025735848789999995,"profit_total_pct":2.57,"duration_avg":"14:41:00","wins":13,"draws":0,"losses":13,"winrate":0.5,"cagr":0.3136198553007403,"expectancy":0.9898403380769233,"expectancy_ratio":1.0828041994288249,"sortino":8.966831961827104,"sharpe":5.020548646449009,"calmar":210.14366984979674,"sqn":1.7182,"profit_factor":3.1656083988576493,"max_drawdown_account":0.006881604339999967,"max_drawdown_abs":6.881604340000001}],"results_per_enter_tag":[{"key":"","trades":26,"profit_mean":0.00999097661696598,"profit_mean_pct":1.0,"profit_sum":0.2597653920411155,"profit_sum_pct":25.98,"profit_total_abs":25.735848789999995,"profit_total":0.025735848789999995,"profit_total_pct":2.57,"duration_avg":"14:41:00","wins":13,"draws":0,"losses":13,"winrate":0.5,"cagr":0.3136198553007403,"expectancy":0.9898403380769233,"expectancy_ratio":1.0828041994288249,"sortino":8.966831961827104,"sharpe":5.020548646449009,"calmar":210.14366984979674,"sqn":1.7182,"profit_factor":3.1656083988576493,"max_drawdown_account":0.006881604339999967,"max_drawdown_abs":6.881604340000001},{"key":"TOTAL","trades":26,"profit_mean":0.00999097661696598,"profit_mean_pct":1.0,"profit_sum":0.2597653920411155,"profit_sum_pct":25.98,"profit_total_abs":25.735848789999995,"profit_total":0.025735848789999995,"profit_total_pct":2.57,"duration_avg":"14:41:00","wins":13,"draws":0,"losses":13,"winrate":0.5,"cagr":0.3136198553007403,"expectancy":0.9898403380769233,"expectancy_ratio":1.0828041994288249,"sortino":8.966831961827104,"sharpe":5.020548646449009,"calmar":210.14366984979674,"sqn":1.7182,"profit_factor":3.1656083988576493,"max_drawdown_account":0.006881604339999967,"max_drawdown_abs":6.881604340000001}],"exit_reason_summary":[{"key":"exit_signal","trades":25,"profit_mean":0.010511792083846859,"profit_mean_pct":1.05,"profit_sum":0.26279480209617145,"profit_sum_pct":26.28,"profit_total_abs":26.046184569999994,"profit_total":0.026046184569999995,"profit_total_pct":2.6,"duration_avg":"15:01:00","wins":13,"draws":0,"losses":12,"winrate":0.52,"cagr":0.31789272498062426,"expectancy":1.0418473828000003,"expectancy_ratio":1.0802360238434443,"sortino":8.77031214607931,"sharpe":5.002845794722385,"calmar":212.67768767944136,"sqn":1.7447,"profit_factor":3.2504917163405094,"max_drawdown_account":0.006881604339999967,"max_drawdown_abs":6.881604340000001},{"key":"force_exit","trades":1,"profit_mean":-0.003029410055055996,"profit_mean_pct":-0.3,"profit_sum":-0.003029410055055996,"profit_sum_pct":-0.3,"profit_total_abs":-0.31033578,"profit_total":-0.00031033578,"profit_total_pct":-0.03,"duration_avg":"6:15:00","wins":0,"draws":0,"losses":1,"winrate":0.0,"cagr":-0.003326517768417969,"expectancy":-0.31033578,"expectancy_ratio":-1.0,"sortino":-100,"sharpe":-100,"calmar":-56.19109757219452,"sqn":-100.0,"profit_factor":0.0,"max_drawdown_account":0.0003103357799999458,"max_drawdown_abs":0.31033578},{"key":"TOTAL","trades":26,"profit_mean":0.00999097661696598,"profit_mean_pct":1.0,"profit_sum":0.2597653920411155,"profit_sum_pct":25.98,"profit_total_abs":25.735848789999995,"profit_total":0.025735848789999995,"profit_total_pct":2.57,"duration_avg":"14:41:00","wins":13,"draws":0,"losses":13,"winrate":0.5,"cagr":0.3136198553007403,"expectancy":0.9898403380769233,"expectancy_ratio":1.0828041994288249,"sortino":8.966831961827104,"sharpe":5.020548646449009,"calmar":210.14366984979674,"sqn":1.7182,"profit_factor":3.1656083988576493,"max_drawdown_account":0.006881604339999967,"max_drawdown_abs":6.881604340000001}],"mix_tag_stats":[{"key":["","exit_signal"],"trades":25,"profit_mean":0.010511792083846859,"profit_mean_pct":1.05,"profit_sum":0.26279480209617145,"profit_sum_pct":26.28,"profit_total_abs":26.046184569999994,"profit_total":0.026046184569999995,"profit_total_pct":2.6,"duration_avg":"15:01:00","wins":13,"draws":0,"losses":12,"winrate":0.52,"cagr":0.31789272498062426,"expectancy":1.0418473828000003,"expectancy_ratio":1.0802360238434443,"sortino":8.77031214607931,"sharpe":5.002845794722385,"calmar":212.67768767944136,"sqn":1.7447,"profit_factor":3.2504917163405094,"max_drawdown_account":0.006881604339999967,"max_drawdown_abs":6.881604340000001},{"key":["","force_exit"],"trades":1,"profit_mean":-0.003029410055055996,"profit_mean_pct":-0.3,"profit_sum":-0.003029410055055996,"profit_sum_pct":-0.3,"profit_total_abs":-0.31033578,"profit_total":-0.00031033578,"profit_total_pct":-0.03,"duration_avg":"6:15:00","wins":0,"draws":0,"losses":1,"winrate":0.0,"cagr":-0.003326517768417969,"expectancy":-0.31033578,"expectancy_ratio":-1.0,"sortino":-100,"sharpe":-100,"calmar":-56.19109757219452,"sqn":-100.0,"profit_factor":0.0,"max_drawdown_account":0.0003103357799999458,"max_drawdown_abs":0.31033578},{"key":"TOTAL","trades":26,"profit_mean":0.00999097661696598,"profit_mean_pct":1.0,"profit_sum":0.2597653920411155,"profit_sum_pct":25.98,"profit_total_abs":25.735848789999995,"profit_total":0.025735848789999995,"profit_total_pct":2.57,"duration_avg":"14:41:00","wins":13,"draws":0,"losses":13,"winrate":0.5,"cagr":0.3136198553007403,"expectancy":0.9898403380769233,"expectancy_ratio":1.0828041994288249,"sortino":8.966831961827104,"sharpe":5.020548646449009,"calmar":210.14366984979674,"sqn":1.7182,"profit_factor":3.1656083988576493,"max_drawdown_account":0.006881604339999967,"max_drawdown_abs":6.881604340000001}],"left_open_trades":[{"key":"SUI/USDT:USDT","trades":1,"profit_mean":-0.003029410055055996,"profit_mean_pct":-0.3,"profit_sum":-0.003029410055055996,"profit_sum_pct":-0.3,"profit_total_abs":-0.31033578,"profit_total":-0.00031033578,"profit_total_pct":-0.03,"duration_avg":"6:15:00","wins":0,"draws":0,"losses":1,"winrate":0.0,"cagr":-0.003326517768417969,"expectancy":-0.31033578,"expectancy_ratio":-1.0,"sortino":-100,"sharpe":-100,"calmar":-56.19109757219452,"sqn":-100.0,"profit_factor":0.0,"max_drawdown_account":0.0003103357799999458,"max_drawdown_abs":0.31033578},{"key":"TOTAL","trades":1,"profit_mean":-0.003029410055055996,"profit_mean_pct":-0.3,"profit_sum":-0.003029410055055996,"profit_sum_pct":-0.3,"profit_total_abs":-0.31033578,"profit_total":-0.00031033578,"profit_total_pct":-0.03,"duration_avg":"6:15:00","wins":0,"draws":0,"losses":1,"winrate":0.0,"cagr":-0.003326517768417969,"expectancy":-0.31033578,"expectancy_ratio":-1.0,"sortino":-100,"sharpe":-100,"calmar":-56.19109757219452,"sqn":-100.0,"profit_factor":0.0,"max_drawdown_account":0.0003103357799999458,"max_drawdown_abs":0.31033578}],"total_trades":26,"trade_count_long":26,"trade_count_short":0,"total_volume":5211.892894125,"avg_stake_amount":99.63045346153845,"profit_mean":0.00999097661696598,"profit_median":0.0013326659443574352,"profit_total":0.025735848789999995,"profit_total_long":0.025735848789999995,"profit_total_short":0.0,"profit_total_abs":25.735848789999995,"profit_total_long_abs":25.735848789999995,"profit_total_short_abs":0.0,"cagr":0.3136198553007403,"expectancy":0.9898403380769233,"expectancy_ratio":1.0828041994288249,"sortino":8.966831961827104,"sharpe":5.020548646449009,"calmar":210.14366984979674,"sqn":1.7182,"profit_factor":3.1656083988576493,"backtest_start":"2025-05-16 00:00:00","backtest_start_ts":1747353600000,"backtest_end":"2025-06-19 14:00:00","backtest_end_ts":1750341600000,"backtest_days":34,"backtest_run_start_ts":1750342854,"backtest_run_end_ts":1750342854,"trades_per_day":0.76,"market_change":-0.1509253797912793,"pairlist":["SOL/USDT:USDT","ETH/USDT:USDT","SUI/USDT:USDT"],"stake_amount":"unlimited","stake_currency":"USDT","stake_currency_decimals":3,"starting_balance":1000,"dry_run_wallet":1000,"final_balance":1025.73584879,"rejected_signals":124,"timedout_entry_orders":0,"timedout_exit_orders":0,"canceled_trade_entries":0,"canceled_entry_orders":0,"replaced_entry_orders":0,"max_open_trades":1,"max_open_trades_setting":1,"timeframe":"15m","timeframe_detail":"","timerange":"","enable_protections":false,"strategy_name":"GridBotSample","stoploss":-0.1,"trailing_stop":false,"trailing_stop_positive":null,"trailing_stop_positive_offset":0.0,"trailing_only_offset_is_reached":false,"use_custom_stoploss":false,"minimal_roi":{},"use_exit_signal":true,"exit_profit_only":false,"exit_profit_offset":0.0,"ignore_roi_if_entry_signal":false,"trading_mode":"futures","margin_mode":"isolated","periodic_breakdown":{"day":[{"date":"18/05/2025","date_ts":1747526400000,"profit_abs":-5.72549598,"wins":0,"draws":0,"losses":2,"trades":2,"profit_factor":0.0},{"date":"19/05/2025","date_ts":1747612800000,"profit_abs":-1.15610836,"wins":0,"draws":0,"losses":4,"trades":4,"profit_factor":0.0},{"date":"20/05/2025","date_ts":1747699200000,"profit_abs":0.0,"wins":0,"draws":0,"losses":0,"trades":0,"profit_factor":0.0},{"date":"21/05/2025","date_ts":1747785600000,"profit_abs":0.0,"wins":0,"draws":0,"losses":0,"trades":0,"profit_factor":0.0},{"date":"22/05/2025","date_ts":1747872000000,"profit_abs":7.96439672,"wins":1,"draws":0,"losses":0,"trades":1,"profit_factor":0.0},{"date":"23/05/2025","date_ts":1747958400000,"profit_abs":0.0,"wins":0,"draws":0,"losses":0,"trades":0,"profit_factor":0.0},{"date":"24/05/2025","date_ts":1748044800000,"profit_abs":0.0,"wins":0,"draws":0,"losses":0,"trades":0,"profit_factor":0.0},{"date":"25/05/2025","date_ts":1748131200000,"profit_abs":0.69154392,"wins":1,"draws":0,"losses":0,"trades":1,"profit_factor":0.0},{"date":"26/05/2025","date_ts":1748217600000,"profit_abs":0.0,"wins":0,"draws":0,"losses":0,"trades":0,"profit_factor":0.0},{"date":"27/05/2025","date_ts":1748304000000,"profit_abs":0.0,"wins":0,"draws":0,"losses":0,"trades":0,"profit_factor":0.0},{"date":"28/05/2025","date_ts":1748390400000,"profit_abs":0.0,"wins":0,"draws":0,"losses":0,"trades":0,"profit_factor":0.0},{"date":"29/05/2025","date_ts":1748476800000,"profit_abs":0.0,"wins":0,"draws":0,"losses":0,"trades":0,"profit_factor":0.0},{"date":"30/05/2025","date_ts":1748563200000,"profit_abs":0.0,"wins":0,"draws":0,"losses":0,"trades":0,"profit_factor":0.0},{"date":"31/05/2025","date_ts":1748649600000,"profit_abs":0.31331875,"wins":1,"draws":0,"losses":0,"trades":1,"profit_factor":0.0},{"date":"01/06/2025","date_ts":1748736000000,"profit_abs":0.26476476,"wins":1,"draws":0,"losses":0,"trades":1,"profit_factor":0.0},{"date":"02/06/2025","date_ts":1748822400000,"profit_abs":0.0,"wins":0,"draws":0,"losses":0,"trades":0,"profit_factor":0.0},{"date":"03/06/2025","date_ts":1748908800000,"profit_abs":4.11025282,"wins":1,"draws":0,"losses":0,"trades":1,"profit_factor":0.0},{"date":"04/06/2025","date_ts":1748995200000,"profit_abs":0.0,"wins":0,"draws":0,"losses":0,"trades":0,"profit_factor":0.0},{"date":"05/06/2025","date_ts":1749081600000,"profit_abs":-4.419662,"wins":0,"draws":0,"losses":1,"trades":1,"profit_factor":0.0},{"date":"06/06/2025","date_ts":1749168000000,"profit_abs":5.97802922,"wins":1,"draws":0,"losses":0,"trades":1,"profit_factor":0.0},{"date":"07/06/2025","date_ts":1749254400000,"profit_abs":1.38266197,"wins":2,"draws":0,"losses":1,"trades":3,"profit_factor":333.94692015},{"date":"08/06/2025","date_ts":1749340800000,"profit_abs":0.53183944,"wins":1,"draws":0,"losses":4,"trades":5,"profit_factor":2.98348674},{"date":"09/06/2025","date_ts":1749427200000,"profit_abs":4.97608246,"wins":1,"draws":0,"losses":0,"trades":1,"profit_factor":0.0},{"date":"10/06/2025","date_ts":1749513600000,"profit_abs":0.0,"wins":0,"draws":0,"losses":0,"trades":0,"profit_factor":0.0},{"date":"11/06/2025","date_ts":1749600000000,"profit_abs":0.0,"wins":0,"draws":0,"losses":0,"trades":0,"profit_factor":0.0},{"date":"12/06/2025","date_ts":1749686400000,"profit_abs":0.0,"wins":0,"draws":0,"losses":0,"trades":0,"profit_factor":0.0},{"date":"13/06/2025","date_ts":1749772800000,"profit_abs":0.0,"wins":0,"draws":0,"losses":0,"trades":0,"profit_factor":0.0},{"date":"14/06/2025","date_ts":1749859200000,"profit_abs":0.0,"wins":0,"draws":0,"losses":0,"trades":0,"profit_factor":0.0},{"date":"15/06/2025","date_ts":1749945600000,"profit_abs":5.60919327,"wins":1,"draws":0,"losses":0,"trades":1,"profit_factor":0.0},{"date":"16/06/2025","date_ts":1750032000000,"profit_abs":4.57212203,"wins":1,"draws":0,"losses":0,"trades":1,"profit_factor":0.0},{"date":"17/06/2025","date_ts":1750118400000,"profit_abs":0.0,"wins":0,"draws":0,"losses":0,"trades":0,"profit_factor":0.0},{"date":"18/06/2025","date_ts":1750204800000,"profit_abs":0.0,"wins":0,"draws":0,"losses":0,"trades":0,"profit_factor":0.0},{"date":"19/06/2025","date_ts":1750291200000,"profit_abs":0.64290977,"wins":1,"draws":0,"losses":1,"trades":2,"profit_factor":3.07165854}],"week":[{"date":"19/05/2025","date_ts":1747612800000,"profit_abs":-6.88160434,"wins":0,"draws":0,"losses":6,"trades":6,"profit_factor":0.0},{"date":"26/05/2025","date_ts":1748217600000,"profit_abs":8.65594064,"wins":2,"draws":0,"losses":0,"trades":2,"profit_factor":0.0},{"date":"02/06/2025","date_ts":1748822400000,"profit_abs":0.57808351,"wins":2,"draws":0,"losses":0,"trades":2,"profit_factor":0.0},{"date":"09/06/2025","date_ts":1749427200000,"profit_abs":12.55920391,"wins":6,"draws":0,"losses":6,"trades":12,"profit_factor":3.67675661},{"date":"16/06/2025","date_ts":1750032000000,"profit_abs":10.1813153,"wins":2,"draws":0,"losses":0,"trades":2,"profit_factor":0.0},{"date":"23/06/2025","date_ts":1750636800000,"profit_abs":0.64290977,"wins":1,"draws":0,"losses":1,"trades":2,"profit_factor":3.07165854}],"month":[{"date":"31/05/2025","date_ts":1748649600000,"profit_abs":2.08765505,"wins":3,"draws":0,"losses":6,"trades":9,"profit_factor":1.30336749},{"date":"30/06/2025","date_ts":1751241600000,"profit_abs":23.64819374,"wins":10,"draws":0,"losses":7,"trades":17,"profit_factor":5.72747907}],"year":[{"date":"31/12/2025","date_ts":1767139200000,"profit_abs":25.73584879,"wins":13,"draws":0,"losses":13,"trades":26,"profit_factor":3.1656084}]},"backtest_best_day":0.08182421985042296,"backtest_worst_day":-0.05748537466857438,"backtest_best_day_abs":7.96439672,"backtest_worst_day_abs":-5.72549598,"winning_days":12,"draw_days":18,"losing_days":3,"daily_profit":[["2025-05-18",-5.72549598],["2025-05-19",-1.15610836],["2025-05-20",0.0],["2025-05-21",0.0],["2025-05-22",7.96439672],["2025-05-23",0.0],["2025-05-24",0.0],["2025-05-25",0.69154392],["2025-05-26",0.0],["2025-05-27",0.0],["2025-05-28",0.0],["2025-05-29",0.0],["2025-05-30",0.0],["2025-05-31",0.31331875],["2025-06-01",0.26476476],["2025-06-02",0.0],["2025-06-03",4.11025282],["2025-06-04",0.0],["2025-06-05",-4.419662],["2025-06-06",5.97802922],["2025-06-07",1.38266197],["2025-06-08",0.53183944],["2025-06-09",4.97608246],["2025-06-10",0.0],["2025-06-11",0.0],["2025-06-12",0.0],["2025-06-13",0.0],["2025-06-14",0.0],["2025-06-15",5.60919327],["2025-06-16",4.57212203],["2025-06-17",0.0],["2025-06-18",0.0],["2025-06-19",0.64290977]],"wins":13,"losses":13,"draws":0,"winrate":0.5,"holding_avg":"14:41:00","holding_avg_s":52860.0,"winner_holding_min":"0d 03:45","winner_holding_min_s":13500.0,"winner_holding_max":"2d 14:00","winner_holding_max_s":223200.0,"winner_holding_avg":"1d 00:59","winner_holding_avg_s":89940.0,"loser_holding_min":"0d 00:15","loser_holding_min_s":900.0,"loser_holding_max":"1d 04:00","loser_holding_max_s":100800.0,"loser_holding_avg":"0d 04:23","loser_holding_avg_s":15780.0,"max_consecutive_wins":5,"max_consecutive_losses":6,"max_drawdown_account":0.006881604339999967,"max_relative_drawdown":0.006881604339999967,"max_drawdown_abs":6.881604340000001,"drawdown_start":"2025-05-18 04:30:00","drawdown_start_ts":1747542600000.0,"drawdown_end":"2025-05-19 12:15:00","drawdown_end_ts":1747656900000.0,"max_drawdown_low":-6.881604340000001,"max_drawdown_high":-0.82975595,"csum_min":993.11839566,"csum_max":1026.04618457}},"strategy_comparison":[{"key":"GridBotSample","trades":26,"profit_mean":0.00999097661696598,"profit_mean_pct":1.0,"profit_sum":0.2597653920411155,"profit_sum_pct":25.98,"profit_total_abs":25.735848789999995,"profit_total":0.025735848789999995,"profit_total_pct":2.57,"duration_avg":"14:41:00","wins":13,"draws":0,"losses":13,"winrate":0.5,"cagr":0.3136198553007403,"expectancy":0.9898403380769233,"expectancy_ratio":1.0828041994288249,"sortino":8.966831961827104,"sharpe":5.020548646449009,"calmar":210.14366984979674,"sqn":1.7182,"profit_factor":3.1656083988576493,"max_drawdown_account":0.006881604339999967,"max_drawdown_abs":"6.882"}]}