{"strategy":{"GridBotSample":{"trades":[{"pair":"SOL/USDT:USDT","stake_amount":989.7816,"max_stake_amount":989.7816,"amount":6.96,"open_date":"2025-06-05 20:45:00+00:00","close_date":"2025-06-06 12:45:00+00:00","open_rate":142.21,"close_rate":150.4,"fee_open":0.0005,"fee_close":0.0005,"trade_duration":960,"profit_ratio":0.056717346520693546,"profit_abs":56.16585488,"exit_reason":"exit_signal","initial_stop_loss_abs":127.99,"initial_stop_loss_ratio":-0.1,"stop_loss_abs":127.99,"stop_loss_ratio":-0.1,"min_rate":141.43,"max_rate":152.56,"is_open":false,"enter_tag":"","leverage":1.0,"is_short":false,"open_timestamp":1749156300000,"close_timestamp":1749213900000,"orders":[{"amount":6.96,"safe_price":142.21,"ft_order_side":"buy","order_filled_timestamp":1749156300000,"ft_is_entry":true,"ft_order_tag":"","cost":990.2764907999999},{"amount":6.96,"safe_price":150.4,"ft_order_side":"sell","order_filled_timestamp":1749213900000,"ft_is_entry":false,"ft_order_tag":"exit_signal","cost":1047.307392}],"funding_fees":0.181737684215491},{"pair":"SOL/USDT:USDT","stake_amount":1044.4809,"max_stake_amount":1044.4809,"amount":7.27,"open_date":"2025-06-13 05:45:00+00:00","close_date":"2025-06-15 15:00:00+00:00","open_rate":143.67,"close_rate":151.84,"fee_open":0.0005,"fee_close":0.0005,"trade_duration":3435,"profit_ratio":0.05574670202896613,"profit_abs":58.25547869,"exit_reason":"exit_signal","initial_stop_loss_abs":129.31,"initial_stop_loss_ratio":-0.1,"stop_loss_abs":129.31,"stop_loss_ratio":-0.1,"min_rate":141.87,"max_rate":152.63,"is_open":false,"enter_tag":"","leverage":1.0,"is_short":false,"open_timestamp":1749793500000,"close_timestamp":1749999600000,"orders":[{"amount":7.27,"safe_price":143.67,"ft_order_side":"buy","order_filled_timestamp":1749793500000,"ft_is_entry":true,"ft_order_tag":"","cost":1045.0031404499998},{"amount":7.27,"safe_price":151.84,"ft_order_side":"sell","order_filled_timestamp":1749999600000,"ft_is_entry":false,"ft_order_tag":"exit_signal","cost":1104.4287384}],"funding_fees":-0.06624246345704986},{"pair":"SOL/USDT:USDT","stake_amount":1102.4272,"max_stake_amount":1102.4272,"amount":7.66,"open_date":"2025-06-18 13:30:00+00:00","close_date":"2025-06-19 14:00:00+00:00","open_rate":143.92,"close_rate":143.87,"fee_open":0.0005,"fee_close":0.0005,"trade_duration":1470,"profit_ratio":-0.0013545683139197203,"profit_abs":-1.49405961,"exit_reason":"force_exit","initial_stop_loss_abs":129.53,"initial_stop_loss_ratio":-0.1,"stop_loss_abs":129.53,"stop_loss_ratio":-0.1,"min_rate":143.58,"max_rate":147.84,"is_open":false,"enter_tag":"","leverage":1.0,"is_short":false,"open_timestamp":1750253400000,"close_timestamp":1750341600000,"orders":[{"amount":7.66,"safe_price":143.92,"ft_order_side":"buy","order_filled_timestamp":1750253400000,"ft_is_entry":true,"ft_order_tag":"","cost":1102.9784135999998},{"amount":7.66,"safe_price":143.87,"ft_order_side":"sell","order_filled_timestamp":1750341600000,"ft_is_entry":false,"ft_order_tag":"force_exit","cost":1102.5952221}],"funding_fees":-0.008823908219927665}],"locks":[],"best_pair":{"key":"SOL/USDT:USDT","trades":3,"profit_mean":0.03703649341191332,"profit_mean_pct":3.7,"profit_sum":0.11110948023573995,"profit_sum_pct":11.11,"profit_total_abs":112.92727396000001,"profit_total":0.11292727396,"profit_total_pct":11.29,"duration_avg":"1 day, 8:35:00","wins":2,"draws":0,"losses":1,"winrate":0.6666666666666666,"cagr":2.153803348503145,"expectancy":37.64242465333333,"expectancy_ratio":25.19472744018114,"sortino":-100,"sharpe":2.291887498663277,"calmar":4733.123664659214,"sqn":1.9227,"profit_factor":76.58418232054342,"max_drawdown_account":0.0013406595557659215,"max_drawdown_abs":1.4940596099999937},"worst_pair":{"key":"SOL/USDT:USDT","trades":3,"profit_mean":0.03703649341191332,"profit_mean_pct":3.7,"profit_sum":0.11110948023573995,"profit_sum_pct":11.11,"profit_total_abs":112.92727396000001,"profit_total":0.11292727396,"profit_total_pct":11.29,"duration_avg":"1 day, 8:35:00","wins":2,"draws":0,"losses":1,"winrate":0.6666666666666666,"cagr":2.153803348503145,"expectancy":37.64242465333333,"expectancy_ratio":25.19472744018114,"sortino":-100,"sharpe":2.291887498663277,"calmar":4733.123664659214,"sqn":1.9227,"profit_factor":76.58418232054342,"max_drawdown_account":0.0013406595557659215,"max_drawdown_abs":1.4940596099999937},"results_per_pair":[{"key":"SOL/USDT:USDT","trades":3,"profit_mean":0.03703649341191332,"profit_mean_pct":3.7,"profit_sum":0.11110948023573995,"profit_sum_pct":11.11,"profit_total_abs":112.92727396000001,"profit_total":0.11292727396,"profit_total_pct":11.29,"duration_avg":"1 day, 8:35:00","wins":2,"draws":0,"losses":1,"winrate":0.6666666666666666,"cagr":2.153803348503145,"expectancy":37.64242465333333,"expectancy_ratio":25.19472744018114,"sortino":-100,"sharpe":2.291887498663277,"calmar":4733.123664659214,"sqn":1.9227,"profit_factor":76.58418232054342,"max_drawdown_account":0.0013406595557659215,"max_drawdown_abs":1.4940596099999937},{"key":"TOTAL","trades":3,"profit_mean":0.03703649341191332,"profit_mean_pct":3.7,"profit_sum":0.11110948023573995,"profit_sum_pct":11.11,"profit_total_abs":112.92727396000001,"profit_total":0.11292727396,"profit_total_pct":11.29,"duration_avg":"1 day, 8:35:00","wins":2,"draws":0,"losses":1,"winrate":0.6666666666666666,"cagr":2.153803348503145,"expectancy":37.64242465333333,"expectancy_ratio":25.19472744018114,"sortino":-100,"sharpe":2.291887498663277,"calmar":4733.123664659214,"sqn":1.9227,"profit_factor":76.58418232054342,"max_drawdown_account":0.0013406595557659215,"max_drawdown_abs":1.4940596099999937}],"results_per_enter_tag":[{"key":"","trades":3,"profit_mean":0.03703649341191332,"profit_mean_pct":3.7,"profit_sum":0.11110948023573995,"profit_sum_pct":11.11,"profit_total_abs":112.92727396000001,"profit_total":0.11292727396,"profit_total_pct":11.29,"duration_avg":"1 day, 8:35:00","wins":2,"draws":0,"losses":1,"winrate":0.6666666666666666,"cagr":2.153803348503145,"expectancy":37.64242465333333,"expectancy_ratio":25.19472744018114,"sortino":-100,"sharpe":2.291887498663277,"calmar":4733.123664659214,"sqn":1.9227,"profit_factor":76.58418232054342,"max_drawdown_account":0.0013406595557659215,"max_drawdown_abs":1.4940596099999937},{"key":"TOTAL","trades":3,"profit_mean":0.03703649341191332,"profit_mean_pct":3.7,"profit_sum":0.11110948023573995,"profit_sum_pct":11.11,"profit_total_abs":112.92727396000001,"profit_total":0.11292727396,"profit_total_pct":11.29,"duration_avg":"1 day, 8:35:00","wins":2,"draws":0,"losses":1,"winrate":0.6666666666666666,"cagr":2.153803348503145,"expectancy":37.64242465333333,"expectancy_ratio":25.19472744018114,"sortino":-100,"sharpe":2.291887498663277,"calmar":4733.123664659214,"sqn":1.9227,"profit_factor":76.58418232054342,"max_drawdown_account":0.0013406595557659215,"max_drawdown_abs":1.4940596099999937}],"exit_reason_summary":[{"key":"exit_signal","trades":2,"profit_mean":0.05623202427482984,"profit_mean_pct":5.62,"profit_sum":0.11246404854965968,"profit_sum_pct":11.25,"profit_total_abs":114.42133357,"profit_total":0.11442133357,"profit_total_pct":11.44,"duration_avg":"1 day, 12:38:00","wins":2,"draws":0,"losses":0,"winrate":1.0,"cagr":2.199553176256715,"expectancy":57.210666785,"expectancy_ratio":100.0,"sortino":-100,"sharpe":61.53701243451446,"calmar":-100,"sqn":54.7569,"profit_factor":0.0,"max_drawdown_account":0.0,"max_drawdown_abs":0.0},{"key":"force_exit","trades":1,"profit_mean":-0.0013545683139197203,"profit_mean_pct":-0.14,"profit_sum":-0.0013545683139197203,"profit_sum_pct":-0.14,"profit_total_abs":-1.49405961,"profit_total":-0.00149405961,"profit_total_pct":-0.15,"duration_avg":"1 day, 0:30:00","wins":0,"draws":0,"losses":1,"winrate":0.0,"cagr":-0.015923029590186988,"expectancy":-1.49405961,"expectancy_ratio":-1.0,"sortino":-100,"sharpe":-100,"calmar":-56.19109757218388,"sqn":-100.0,"profit_factor":0.0,"max_drawdown_account":0.0014940596100000221,"max_drawdown_abs":1.49405961},{"key":"TOTAL","trades":3,"profit_mean":0.03703649341191332,"profit_mean_pct":3.7,"profit_sum":0.11110948023573995,"profit_sum_pct":11.11,"profit_total_abs":112.92727396000001,"profit_total":0.11292727396,"profit_total_pct":11.29,"duration_avg":"1 day, 8:35:00","wins":2,"draws":0,"losses":1,"winrate":0.6666666666666666,"cagr":2.153803348503145,"expectancy":37.64242465333333,"expectancy_ratio":25.19472744018114,"sortino":-100,"sharpe":2.291887498663277,"calmar":4733.123664659214,"sqn":1.9227,"profit_factor":76.58418232054342,"max_drawdown_account":0.0013406595557659215,"max_drawdown_abs":1.4940596099999937}],"mix_tag_stats":[{"key":["","exit_signal"],"trades":2,"profit_mean":0.05623202427482984,"profit_mean_pct":5.62,"profit_sum":0.11246404854965968,"profit_sum_pct":11.25,"profit_total_abs":114.42133357,"profit_total":0.11442133357,"profit_total_pct":11.44,"duration_avg":"1 day, 12:38:00","wins":2,"draws":0,"losses":0,"winrate":1.0,"cagr":2.199553176256715,"expectancy":57.210666785,"expectancy_ratio":100.0,"sortino":-100,"sharpe":61.53701243451446,"calmar":-100,"sqn":54.7569,"profit_factor":0.0,"max_drawdown_account":0.0,"max_drawdown_abs":0.0},{"key":["","force_exit"],"trades":1,"profit_mean":-0.0013545683139197203,"profit_mean_pct":-0.14,"profit_sum":-0.0013545683139197203,"profit_sum_pct":-0.14,"profit_total_abs":-1.49405961,"profit_total":-0.00149405961,"profit_total_pct":-0.15,"duration_avg":"1 day, 0:30:00","wins":0,"draws":0,"losses":1,"winrate":0.0,"cagr":-0.015923029590186988,"expectancy":-1.49405961,"expectancy_ratio":-1.0,"sortino":-100,"sharpe":-100,"calmar":-56.19109757218388,"sqn":-100.0,"profit_factor":0.0,"max_drawdown_account":0.0014940596100000221,"max_drawdown_abs":1.49405961},{"key":"TOTAL","trades":3,"profit_mean":0.03703649341191332,"profit_mean_pct":3.7,"profit_sum":0.11110948023573995,"profit_sum_pct":11.11,"profit_total_abs":112.92727396000001,"profit_total":0.11292727396,"profit_total_pct":11.29,"duration_avg":"1 day, 8:35:00","wins":2,"draws":0,"losses":1,"winrate":0.6666666666666666,"cagr":2.153803348503145,"expectancy":37.64242465333333,"expectancy_ratio":25.19472744018114,"sortino":-100,"sharpe":2.291887498663277,"calmar":4733.123664659214,"sqn":1.9227,"profit_factor":76.58418232054342,"max_drawdown_account":0.0013406595557659215,"max_drawdown_abs":1.4940596099999937}],"left_open_trades":[{"key":"SOL/USDT:USDT","trades":1,"profit_mean":-0.0013545683139197203,"profit_mean_pct":-0.14,"profit_sum":-0.0013545683139197203,"profit_sum_pct":-0.14,"profit_total_abs":-1.49405961,"profit_total":-0.00149405961,"profit_total_pct":-0.15,"duration_avg":"1 day, 0:30:00","wins":0,"draws":0,"losses":1,"winrate":0.0,"cagr":-0.015923029590186988,"expectancy":-1.49405961,"expectancy_ratio":-1.0,"sortino":-100,"sharpe":-100,"calmar":-56.19109757218388,"sqn":-100.0,"profit_factor":0.0,"max_drawdown_account":0.0014940596100000221,"max_drawdown_abs":1.49405961},{"key":"TOTAL","trades":1,"profit_mean":-0.0013545683139197203,"profit_mean_pct":-0.14,"profit_sum":-0.0013545683139197203,"profit_sum_pct":-0.14,"profit_total_abs":-1.49405961,"profit_total":-0.00149405961,"profit_total_pct":-0.15,"duration_avg":"1 day, 0:30:00","wins":0,"draws":0,"losses":1,"winrate":0.0,"cagr":-0.015923029590186988,"expectancy":-1.49405961,"expectancy_ratio":-1.0,"sortino":-100,"sharpe":-100,"calmar":-56.19109757218388,"sqn":-100.0,"profit_factor":0.0,"max_drawdown_account":0.0014940596100000221,"max_drawdown_abs":1.49405961}],"total_trades":3,"trade_count_long":3,"trade_count_short":0,"total_volume":6392.589397349999,"avg_stake_amount":1045.5632333333333,"profit_mean":0.03703649341191332,"profit_median":0.05574670202896613,"profit_total":0.11292727396,"profit_total_long":0.11292727396,"profit_total_short":0.0,"profit_total_abs":112.92727396000001,"profit_total_long_abs":112.92727396000001,"profit_total_short_abs":0.0,"cagr":2.153803348503145,"expectancy":37.64242465333333,"expectancy_ratio":25.19472744018114,"sortino":-100,"sharpe":2.291887498663277,"calmar":4733.123664659214,"sqn":1.9227,"profit_factor":76.58418232054342,"backtest_start":"2025-05-16 00:00:00","backtest_start_ts":1747353600000,"backtest_end":"2025-06-19 14:00:00","backtest_end_ts":1750341600000,"backtest_days":34,"backtest_run_start_ts":1750342776,"backtest_run_end_ts":1750342776,"trades_per_day":0.09,"market_change":-0.15332628114715563,"pairlist":["SOL/USDT:USDT"],"stake_amount":"unlimited","stake_currency":"USDT","stake_currency_decimals":3,"starting_balance":1000,"dry_run_wallet":1000,"final_balance":1112.92727396,"rejected_signals":0,"timedout_entry_orders":0,"timedout_exit_orders":0,"canceled_trade_entries":0,"canceled_entry_orders":0,"replaced_entry_orders":0,"max_open_trades":1,"max_open_trades_setting":1,"timeframe":"15m","timeframe_detail":"","timerange":"","enable_protections":false,"strategy_name":"GridBotSample","stoploss":-0.1,"trailing_stop":false,"trailing_stop_positive":null,"trailing_stop_positive_offset":0.0,"trailing_only_offset_is_reached":false,"use_custom_stoploss":false,"minimal_roi":{},"use_exit_signal":true,"exit_profit_only":false,"exit_profit_offset":0.0,"ignore_roi_if_entry_signal":false,"trading_mode":"futures","margin_mode":"isolated","periodic_breakdown":{"day":[{"date":"06/06/2025","date_ts":1749168000000,"profit_abs":56.16585488,"wins":1,"draws":0,"losses":0,"trades":1,"profit_factor":0.0},{"date":"07/06/2025","date_ts":1749254400000,"profit_abs":0.0,"wins":0,"draws":0,"losses":0,"trades":0,"profit_factor":0.0},{"date":"08/06/2025","date_ts":1749340800000,"profit_abs":0.0,"wins":0,"draws":0,"losses":0,"trades":0,"profit_factor":0.0},{"date":"09/06/2025","date_ts":1749427200000,"profit_abs":0.0,"wins":0,"draws":0,"losses":0,"trades":0,"profit_factor":0.0},{"date":"10/06/2025","date_ts":1749513600000,"profit_abs":0.0,"wins":0,"draws":0,"losses":0,"trades":0,"profit_factor":0.0},{"date":"11/06/2025","date_ts":1749600000000,"profit_abs":0.0,"wins":0,"draws":0,"losses":0,"trades":0,"profit_factor":0.0},{"date":"12/06/2025","date_ts":1749686400000,"profit_abs":0.0,"wins":0,"draws":0,"losses":0,"trades":0,"profit_factor":0.0},{"date":"13/06/2025","date_ts":1749772800000,"profit_abs":0.0,"wins":0,"draws":0,"losses":0,"trades":0,"profit_factor":0.0},{"date":"14/06/2025","date_ts":1749859200000,"profit_abs":0.0,"wins":0,"draws":0,"losses":0,"trades":0,"profit_factor":0.0},{"date":"15/06/2025","date_ts":1749945600000,"profit_abs":58.25547869,"wins":1,"draws":0,"losses":0,"trades":1,"profit_factor":0.0},{"date":"16/06/2025","date_ts":1750032000000,"profit_abs":0.0,"wins":0,"draws":0,"losses":0,"trades":0,"profit_factor":0.0},{"date":"17/06/2025","date_ts":1750118400000,"profit_abs":0.0,"wins":0,"draws":0,"losses":0,"trades":0,"profit_factor":0.0},{"date":"18/06/2025","date_ts":1750204800000,"profit_abs":0.0,"wins":0,"draws":0,"losses":0,"trades":0,"profit_factor":0.0},{"date":"19/06/2025","date_ts":1750291200000,"profit_abs":-1.49405961,"wins":0,"draws":0,"losses":1,"trades":1,"profit_factor":0.0}],"week":[{"date":"09/06/2025","date_ts":1749427200000,"profit_abs":56.16585488,"wins":1,"draws":0,"losses":0,"trades":1,"profit_factor":0.0},{"date":"16/06/2025","date_ts":1750032000000,"profit_abs":58.25547869,"wins":1,"draws":0,"losses":0,"trades":1,"profit_factor":0.0},{"date":"23/06/2025","date_ts":1750636800000,"profit_abs":-1.49405961,"wins":0,"draws":0,"losses":1,"trades":1,"profit_factor":0.0}],"month":[{"date":"30/06/2025","date_ts":1751241600000,"profit_abs":112.92727396,"wins":2,"draws":0,"losses":1,"trades":3,"profit_factor":76.58418232}],"year":[{"date":"31/12/2025","date_ts":1767139200000,"profit_abs":112.92727396,"wins":2,"draws":0,"losses":1,"trades":3,"profit_factor":76.58418232}]},"backtest_best_day":0.056717346520693546,"backtest_worst_day":-0.0013545683139197203,"backtest_best_day_abs":58.25547869,"backtest_worst_day_abs":-1.49405961,"winning_days":2,"draw_days":11,"losing_days":1,"daily_profit":[["2025-06-06",56.16585488],["2025-06-07",0.0],["2025-06-08",0.0],["2025-06-09",0.0],["2025-06-10",0.0],["2025-06-11",0.0],["2025-06-12",0.0],["2025-06-13",0.0],["2025-06-14",0.0],["2025-06-15",58.25547869],["2025-06-16",0.0],["2025-06-17",0.0],["2025-06-18",0.0],["2025-06-19",-1.49405961]],"wins":2,"losses":1,"draws":0,"winrate":0.6666666666666666,"holding_avg":"1 day, 8:35:00","holding_avg_s":117300.0,"winner_holding_min":"0d 16:00","winner_holding_min_s":57600.0,"winner_holding_max":"2d 09:15","winner_holding_max_s":206100.0,"winner_holding_avg":"1d 12:38","winner_holding_avg_s":131880.0,"loser_holding_min":"1d 00:30","loser_holding_min_s":88200.0,"loser_holding_max":"1d 00:30","loser_holding_max_s":88200.0,"loser_holding_avg":"1d 00:30","loser_holding_avg_s":88200.0,"max_consecutive_wins":2,"max_consecutive_losses":1,"max_drawdown_account":0.0013406595557659215,"max_relative_drawdown":0.0013406595557659215,"max_drawdown_abs":1.4940596099999937,"drawdown_start":"2025-06-15 15:00:00","drawdown_start_ts":1749999600000.0,"drawdown_end":"2025-06-19 14:00:00","drawdown_end_ts":1750341600000.0,"max_drawdown_low":112.92727396000001,"max_drawdown_high":114.42133357,"csum_min":1056.16585488,"csum_max":1114.4213335700001}},"strategy_comparison":[{"key":"GridBotSample","trades":3,"profit_mean":0.03703649341191332,"profit_mean_pct":3.7,"profit_sum":0.11110948023573995,"profit_sum_pct":11.11,"profit_total_abs":112.92727396000001,"profit_total":0.11292727396,"profit_total_pct":11.29,"duration_avg":"1 day, 8:35:00","wins":2,"draws":0,"losses":1,"winrate":0.6666666666666666,"cagr":2.153803348503145,"expectancy":37.64242465333333,"expectancy_ratio":25.19472744018114,"sortino":-100,"sharpe":2.291887498663277,"calmar":4733.123664659214,"sqn":1.9227,"profit_factor":76.58418232054342,"max_drawdown_account":0.0013406595557659215,"max_drawdown_abs":"1.494"}]}