{"strategy":{"SimpleGrid":{"trades":[{"pair":"ETH/USDT:USDT","stake_amount":989.18658,"max_stake_amount":989.18658,"amount":0.411,"open_date":"2025-05-18 20:00:00+00:00","close_date":"2025-05-18 23:00:00+00:00","open_rate":2406.78,"close_rate":2453.61,"fee_open":0.0005,"fee_close":0.0005,"trade_duration":180,"profit_ratio":0.01843858441738066,"profit_abs":18.24831986,"exit_reason":"exit_signal","initial_stop_loss_abs":2166.11,"initial_stop_loss_ratio":-0.1,"stop_loss_abs":2166.11,"stop_loss_ratio":-0.1,"min_rate":2312.62,"max_rate":2455.6,"is_open":false,"enter_tag":"","leverage":1.0,"is_short":false,"open_timestamp":1747598400000,"close_timestamp":1747609200000,"orders":[{"amount":0.411,"safe_price":2406.78,"ft_order_side":"buy","order_filled_timestamp":1747598400000,"ft_is_entry":true,"ft_order_tag":"","cost":989.68117329},{"amount":0.411,"safe_price":2453.61,"ft_order_side":"sell","order_filled_timestamp":1747609200000,"ft_is_entry":false,"ft_order_tag":"exit_signal","cost":1008.937926855}],"funding_fees":0.0},{"pair":"ETH/USDT:USDT","stake_amount":1007.244,"max_stake_amount":1007.244,"amount":0.42,"open_date":"2025-05-19 02:15:00+00:00","close_date":"2025-05-19 14:45:00+00:00","open_rate":2398.2,"close_rate":2444.79,"fee_open":0.0005,"fee_close":0.0005,"trade_duration":750,"profit_ratio":0.01834275513676181,"profit_abs":18.48486787,"exit_reason":"exit_signal","initial_stop_loss_abs":2158.38,"initial_stop_loss_ratio":-0.1,"stop_loss_abs":2158.38,"stop_loss_ratio":-0.1,"min_rate":2346.99,"max_rate":2453.5,"is_open":false,"enter_tag":"","leverage":1.0,"is_short":false,"open_timestamp":1747620900000,"close_timestamp":1747665900000,"orders":[{"amount":0.42,"safe_price":2398.2,"ft_order_side":"buy","order_filled_timestamp":1747620900000,"ft_is_entry":true,"ft_order_tag":"","cost":1007.7476219999999},{"amount":0.42,"safe_price":2444.79,"ft_order_side":"sell","order_filled_timestamp":1747665900000,"ft_is_entry":false,"ft_order_tag":"exit_signal","cost":1027.3252059}],"funding_fees":-0.06590423081144862},{"pair":"SOL/USDT:USDT","stake_amount":1025.1424,"max_stake_amount":1025.1424,"amount":7.01,"open_date":"2025-06-05 19:30:00+00:00","close_date":"2025-06-06 10:15:00+00:00","open_rate":146.24,"close_rate":148.35,"fee_open":0.0005,"fee_close":0.0005,"trade_duration":885,"profit_ratio":0.013592880365693097,"profit_abs":13.94160532,"exit_reason":"exit_signal","initial_stop_loss_abs":131.62,"initial_stop_loss_ratio":-0.1,"stop_loss_abs":131.62,"stop_loss_ratio":-0.1,"min_rate":141.43,"max_rate":148.83,"is_open":false,"enter_tag":"","leverage":1.0,"is_short":false,"open_timestamp":1749151800000,"close_timestamp":1749204900000,"orders":[{"amount":7.01,"safe_price":146.24,"ft_order_side":"buy","order_filled_timestamp":1749151800000,"ft_is_entry":true,"ft_order_tag":"","cost":1025.6549711999999},{"amount":7.01,"safe_price":148.35,"ft_order_side":"sell","order_filled_timestamp":1749204900000,"ft_is_entry":false,"ft_order_tag":"exit_signal","cost":1040.4534667499997}],"funding_fees":0.18304327102738388},{"pair":"SOL/USDT:USDT","stake_amount":1039.1975,"max_stake_amount":1039.1975,"amount":7.13,"open_date":"2025-06-13 00:30:00+00:00","close_date":"2025-06-13 16:15:00+00:00","open_rate":145.75,"close_rate":148.32,"fee_open":0.0005,"fee_close":0.0005,"trade_duration":945,"profit_ratio":0.016697202586041435,"profit_abs":17.36036703,"exit_reason":"exit_signal","initial_stop_loss_abs":131.18,"initial_stop_loss_ratio":-0.1,"stop_loss_abs":131.18,"stop_loss_ratio":-0.1,"min_rate":140.73,"max_rate":148.44,"is_open":false,"enter_tag":"","leverage":1.0,"is_short":false,"open_timestamp":1749774600000,"close_timestamp":1749831300000,"orders":[{"amount":7.13,"safe_price":145.75,"ft_order_side":"buy","order_filled_timestamp":1749774600000,"ft_is_entry":true,"ft_order_tag":"","cost":1039.7170987499999},{"amount":7.13,"safe_price":148.32,"ft_order_side":"sell","order_filled_timestamp":1749831300000,"ft_is_entry":false,"ft_order_tag":"exit_signal","cost":1058.0503608}],"funding_fees":0.0846265761775771},{"pair":"SOL/USDT:USDT","stake_amount":1056.4608,"max_stake_amount":1056.4608,"amount":7.24,"open_date":"2025-06-13 17:30:00+00:00","close_date":"2025-06-13 23:45:00+00:00","open_rate":145.92,"close_rate":148.68,"fee_open":0.0005,"fee_close":0.0005,"trade_duration":375,"profit_ratio":0.01789606841316184,"profit_abs":18.915948,"exit_reason":"exit_signal","initial_stop_loss_abs":131.33,"initial_stop_loss_ratio":-0.1,"stop_loss_abs":131.33,"stop_loss_ratio":-0.1,"min_rate":144.23,"max_rate":148.87,"is_open":false,"enter_tag":"","leverage":1.0,"is_short":false,"open_timestamp":1749835800000,"close_timestamp":1749858300000,"orders":[{"amount":7.24,"safe_price":145.92,"ft_order_side":"buy","order_filled_timestamp":1749835800000,"ft_is_entry":true,"ft_order_tag":"","cost":1056.9890303999998},{"amount":7.24,"safe_price":148.68,"ft_order_side":"sell","order_filled_timestamp":1749858300000,"ft_is_entry":false,"ft_order_tag":"exit_signal","cost":1076.9814216000002}],"funding_fees":0.0},{"pair":"SOL/USDT:USDT","stake_amount":1074.864,"max_stake_amount":1074.864,"amount":7.35,"open_date":"2025-06-14 06:30:00+00:00","close_date":"2025-06-15 14:00:00+00:00","open_rate":146.24,"close_rate":148.27,"fee_open":0.0005,"fee_close":0.0005,"trade_duration":1890,"profit_ratio":0.01281515231421042,"profit_abs":13.78143315,"exit_reason":"exit_signal","initial_stop_loss_abs":131.62,"initial_stop_loss_ratio":-0.1,"stop_loss_abs":131.62,"stop_loss_ratio":-0.1,"min_rate":141.87,"max_rate":148.8,"is_open":false,"enter_tag":"","leverage":1.0,"is_short":false,"open_timestamp":1749882600000,"close_timestamp":1749996000000,"orders":[{"amount":7.35,"safe_price":146.24,"ft_order_side":"buy","order_filled_timestamp":1749882600000,"ft_is_entry":true,"ft_order_tag":"","cost":1075.4014319999999},{"amount":7.35,"safe_price":148.27,"ft_order_side":"sell","order_filled_timestamp":1749996000000,"ft_is_entry":false,"ft_order_tag":"exit_signal","cost":1090.32939225}],"funding_fees":-0.05674260454925999},{"pair":"SOL/USDT:USDT","stake_amount":1088.9362,"max_stake_amount":1088.9362,"amount":7.46,"open_date":"2025-06-17 17:00:00+00:00","close_date":"2025-06-17 19:15:00+00:00","open_rate":145.97,"close_rate":148.55,"fee_open":0.0005,"fee_close":0.0005,"trade_duration":135,"profit_ratio":0.016657698416668216,"profit_abs":18.1482404,"exit_reason":"exit_signal","initial_stop_loss_abs":131.38,"initial_stop_loss_ratio":-0.1,"stop_loss_abs":131.38,"stop_loss_ratio":-0.1,"min_rate":145.55,"max_rate":149.99,"is_open":false,"enter_tag":"","leverage":1.0,"is_short":false,"open_timestamp":1750179600000,"close_timestamp":1750187700000,"orders":[{"amount":7.46,"safe_price":145.97,"ft_order_side":"buy","order_filled_timestamp":1750179600000,"ft_is_entry":true,"ft_order_tag":"","cost":1089.4806681},{"amount":7.46,"safe_price":148.55,"ft_order_side":"sell","order_filled_timestamp":1750187700000,"ft_is_entry":false,"ft_order_tag":"exit_signal","cost":1108.7370915}],"funding_fees":0.0},{"pair":"SOL/USDT:USDT","stake_amount":1106.6328,"max_stake_amount":1106.6328,"amount":7.56,"open_date":"2025-06-18 10:45:00+00:00","close_date":"2025-06-20 10:30:00+00:00","open_rate":146.38,"close_rate":148.17,"fee_open":0.0005,"fee_close":0.0005,"trade_duration":2865,"profit_ratio":0.011076218431887845,"profit_abs":12.26343527,"exit_reason":"exit_signal","initial_stop_loss_abs":131.75,"initial_stop_loss_ratio":-0.1,"stop_loss_abs":131.75,"stop_loss_ratio":-0.1,"min_rate":142.83,"max_rate":148.69,"is_open":false,"enter_tag":"","leverage":1.0,"is_short":false,"open_timestamp":1750243500000,"close_timestamp":1750415400000,"orders":[{"amount":7.56,"safe_price":146.38,"ft_order_side":"buy","order_filled_timestamp":1750243500000,"ft_is_entry":true,"ft_order_tag":"","cost":1107.1861163999997},{"amount":7.56,"safe_price":148.17,"ft_order_side":"sell","order_filled_timestamp":1750415400000,"ft_is_entry":false,"ft_order_tag":"exit_signal","cost":1120.7252826}],"funding_fees":-0.1555657348362657},{"pair":"SOL/USDT:USDT","stake_amount":1118.4817,"max_stake_amount":1118.4817,"amount":7.63,"open_date":"2025-06-20 14:00:00+00:00","close_date":"2025-06-20 17:45:00+00:00","open_rate":146.59,"close_rate":137.86,"fee_open":0.0005,"fee_close":0.0005,"trade_duration":225,"profit_ratio":-0.06050787980873006,"profit_abs":-67.71079475,"exit_reason":"exit_signal","initial_stop_loss_abs":131.94,"initial_stop_loss_ratio":-0.1,"stop_loss_abs":131.94,"stop_loss_ratio":-0.1,"min_rate":135.57,"max_rate":146.84,"is_open":false,"enter_tag":"","leverage":1.0,"is_short":false,"open_timestamp":1750428000000,"close_timestamp":1750441500000,"orders":[{"amount":7.63,"safe_price":146.59,"ft_order_side":"buy","order_filled_timestamp":1750428000000,"ft_is_entry":true,"ft_order_tag":"","cost":1119.04094085},{"amount":7.63,"safe_price":137.86,"ft_order_side":"sell","order_filled_timestamp":1750441500000,"ft_is_entry":false,"ft_order_tag":"exit_signal","cost":1052.3977359}],"funding_fees":-0.015718004483999997},{"pair":"ETH/USDT:USDT","stake_amount":1052.78107,"max_stake_amount":1052.78107,"amount":0.437,"open_date":"2025-06-20 17:45:00+00:00","close_date":"2025-06-21 09:00:00+00:00","open_rate":2409.11,"close_rate":2440.39,"fee_open":0.0005,"fee_close":0.0005,"trade_duration":915,"profit_ratio":0.012035246900806288,"profit_abs":12.67681535,"exit_reason":"exit_signal","initial_stop_loss_abs":2168.2,"initial_stop_loss_ratio":-0.1,"stop_loss_abs":2168.2,"stop_loss_ratio":-0.1,"min_rate":2380.0,"max_rate":2444.95,"is_open":false,"enter_tag":"","leverage":1.0,"is_short":false,"open_timestamp":1750441500000,"close_timestamp":1750496400000,"orders":[{"amount":0.437,"safe_price":2409.11,"ft_order_side":"buy","order_filled_timestamp":1750441500000,"ft_is_entry":true,"ft_order_tag":"","cost":1053.307460535},{"amount":0.437,"safe_price":2440.39,"ft_order_side":"sell","order_filled_timestamp":1750496400000,"ft_is_entry":false,"ft_order_tag":"exit_signal","cost":1066.9836552149998}],"funding_fees":0.06707109682714672},{"pair":"SOL/USDT:USDT","stake_amount":1064.5312,"max_stake_amount":1064.5312,"amount":7.52,"open_date":"2025-06-21 09:00:00+00:00","close_date":"2025-06-21 15:45:00+00:00","open_rate":141.56,"close_rate":139.58,"fee_open":0.0005,"fee_close":0.0005,"trade_duration":405,"profit_ratio":-0.014972522215862965,"profit_abs":-15.9466864,"exit_reason":"exit_signal","initial_stop_loss_abs":127.41,"initial_stop_loss_ratio":-0.1,"stop_loss_abs":127.41,"stop_loss_ratio":-0.1,"min_rate":139.07,"max_rate":142.53,"is_open":false,"enter_tag":"","leverage":1.0,"is_short":false,"open_timestamp":1750496400000,"close_timestamp":1750520700000,"orders":[{"amount":7.52,"safe_price":141.56,"ft_order_side":"buy","order_filled_timestamp":1750496400000,"ft_is_entry":true,"ft_order_tag":"","cost":1065.0634655999997},{"amount":7.52,"safe_price":139.58,"ft_order_side":"sell","order_filled_timestamp":1750520700000,"ft_is_entry":false,"ft_order_tag":"exit_signal","cost":1050.1664208}],"funding_fees":0.0},{"pair":"SUI/USDT:USDT","stake_amount":1049.38228,"max_stake_amount":1049.38228,"amount":400.1,"open_date":"2025-06-21 15:45:00+00:00","close_date":"2025-06-21 21:45:00+00:00","open_rate":2.6228,"close_rate":2.5223,"fee_open":0.0005,"fee_close":0.0005,"trade_duration":360,"profit_ratio":-0.03931799262669672,"profit_abs":-41.28023455,"exit_reason":"exit_signal","initial_stop_loss_abs":2.3606,"initial_stop_loss_ratio":-0.1,"stop_loss_abs":2.3606,"stop_loss_ratio":-0.1,"min_rate":2.455,"max_rate":2.6511,"is_open":false,"enter_tag":"","leverage":1.0,"is_short":false,"open_timestamp":1750520700000,"close_timestamp":1750542300000,"orders":[{"amount":400.1,"safe_price":2.6228,"ft_order_side":"buy","order_filled_timestamp":1750520700000,"ft_is_entry":true,"ft_order_tag":"","cost":1049.90697114},{"amount":400.1,"safe_price":2.5223,"ft_order_side":"sell","order_filled_timestamp":1750542300000,"ft_is_entry":false,"ft_order_tag":"exit_signal","cost":1009.676816115}],"funding_fees":-0.0409072970682},{"pair":"SUI/USDT:USDT","stake_amount":1008.4536,"max_stake_amount":1008.4536,"amount":392.7,"open_date":"2025-06-22 00:00:00+00:00","close_date":"2025-06-22 02:45:00+00:00","open_rate":2.568,"close_rate":2.5435,"fee_open":0.0005,"fee_close":0.0005,"trade_duration":165,"profit_ratio":-0.01063041906718474,"profit_abs":-10.72564452,"exit_reason":"exit_signal","initial_stop_loss_abs":2.3112,"initial_stop_loss_ratio":-0.1,"stop_loss_abs":2.3112,"stop_loss_ratio":-0.1,"min_rate":2.5282,"max_rate":2.6153,"is_open":false,"enter_tag":"","leverage":1.0,"is_short":false,"open_timestamp":1750550400000,"close_timestamp":1750560300000,"orders":[{"amount":392.7,"safe_price":2.568,"ft_order_side":"buy","order_filled_timestamp":1750550400000,"ft_is_entry":true,"ft_order_tag":"","cost":1008.9578268},{"amount":392.7,"safe_price":2.5435,"ft_order_side":"sell","order_filled_timestamp":1750560300000,"ft_is_entry":false,"ft_order_tag":"exit_signal","cost":999.3318662249998}],"funding_fees":-0.10085149515210001},{"pair":"SUI/USDT:USDT","stake_amount":997.83972,"max_stake_amount":997.83972,"amount":387.3,"open_date":"2025-06-22 04:15:00+00:00","close_date":"2025-06-22 10:00:00+00:00","open_rate":2.5764,"close_rate":2.5343,"fee_open":0.0005,"fee_close":0.0005,"trade_duration":345,"profit_ratio":-0.017362202250762033,"profit_abs":-17.33335738,"exit_reason":"exit_signal","initial_stop_loss_abs":2.3188,"initial_stop_loss_ratio":-0.1,"stop_loss_abs":2.3188,"stop_loss_ratio":-0.1,"min_rate":2.5301,"max_rate":2.5998,"is_open":false,"enter_tag":"","leverage":1.0,"is_short":false,"open_timestamp":1750565700000,"close_timestamp":1750586400000,"orders":[{"amount":387.3,"safe_price":2.5764,"ft_order_side":"buy","order_filled_timestamp":1750565700000,"ft_is_entry":true,"ft_order_tag":"","cost":998.3386398600001},{"amount":387.3,"safe_price":2.5343,"ft_order_side":"sell","order_filled_timestamp":1750586400000,"ft_is_entry":false,"ft_order_tag":"exit_signal","cost":982.025157195}],"funding_fees":-0.038340329724},{"pair":"SUI/USDT:USDT","stake_amount":980.7864,"max_stake_amount":980.7864,"amount":383.0,"open_date":"2025-06-22 10:45:00+00:00","close_date":"2025-06-22 11:45:00+00:00","open_rate":2.5608,"close_rate":2.5255,"fee_open":0.0005,"fee_close":0.0005,"trade_duration":60,"profit_ratio":-0.014770477148180049,"profit_abs":-14.49392645,"exit_reason":"exit_signal","initial_stop_loss_abs":2.3048,"initial_stop_loss_ratio":-0.1,"stop_loss_abs":2.3048,"stop_loss_ratio":-0.1,"min_rate":2.5176,"max_rate":2.5784,"is_open":false,"enter_tag":"","leverage":1.0,"is_short":false,"open_timestamp":1750589100000,"close_timestamp":1750592700000,"orders":[{"amount":383.0,"safe_price":2.5608,"ft_order_side":"buy","order_filled_timestamp":1750589100000,"ft_is_entry":true,"ft_order_tag":"","cost":981.2767931999999},{"amount":383.0,"safe_price":2.5255,"ft_order_side":"sell","order_filled_timestamp":1750592700000,"ft_is_entry":false,"ft_order_tag":"exit_signal","cost":967.75013325}],"funding_fees":0.0},{"pair":"SUI/USDT:USDT","stake_amount":966.48366,"max_stake_amount":966.48366,"amount":377.4,"open_date":"2025-06-23 14:15:00+00:00","close_date":"2025-06-23 14:45:00+00:00","open_rate":2.5609,"close_rate":2.5273,"fee_open":0.0005,"fee_close":0.0005,"trade_duration":30,"profit_ratio":-0.014106773783243877,"profit_abs":-13.64078334,"exit_reason":"exit_signal","initial_stop_loss_abs":2.3049,"initial_stop_loss_ratio":-0.1,"stop_loss_abs":2.3049,"stop_loss_ratio":-0.1,"min_rate":2.505,"max_rate":2.5635,"is_open":false,"enter_tag":"","leverage":1.0,"is_short":false,"open_timestamp":1750688100000,"close_timestamp":1750689900000,"orders":[{"amount":377.4,"safe_price":2.5609,"ft_order_side":"buy","order_filled_timestamp":1750688100000,"ft_is_entry":true,"ft_order_tag":"","cost":966.96690183},{"amount":377.4,"safe_price":2.5273,"ft_order_side":"sell","order_filled_timestamp":1750689900000,"ft_is_entry":false,"ft_order_tag":"exit_signal","cost":954.2799215099999}],"funding_fees":0.0},{"pair":"SUI/USDT:USDT","stake_amount":953.0248,"max_stake_amount":953.0248,"amount":371.0,"open_date":"2025-06-23 18:15:00+00:00","close_date":"2025-06-23 20:30:00+00:00","open_rate":2.5688,"close_rate":2.7226,"fee_open":0.0005,"fee_close":0.0005,"trade_duration":135,"profit_ratio":0.05881297127829732,"profit_abs":56.0782453,"exit_reason":"exit_signal","initial_stop_loss_abs":2.312,"initial_stop_loss_ratio":-0.1,"stop_loss_abs":2.312,"stop_loss_ratio":-0.1,"min_rate":2.5582,"max_rate":2.7311,"is_open":false,"enter_tag":"","leverage":1.0,"is_short":false,"open_timestamp":1750702500000,"close_timestamp":1750710600000,"orders":[{"amount":371.0,"safe_price":2.5688,"ft_order_side":"buy","order_filled_timestamp":1750702500000,"ft_is_entry":true,"ft_order_tag":"","cost":953.5013124},{"amount":371.0,"safe_price":2.7226,"ft_order_side":"sell","order_filled_timestamp":1750710600000,"ft_is_entry":false,"ft_order_tag":"exit_signal","cost":1010.5896422999998}],"funding_fees":0.0},{"pair":"SOL/USDT:USDT","stake_amount":1008.3344,"max_stake_amount":1008.3344,"amount":7.12,"open_date":"2025-06-23 20:30:00+00:00","close_date":"2025-06-26 22:45:00+00:00","open_rate":141.62,"close_rate":139.2,"fee_open":0.0005,"fee_close":0.0005,"trade_duration":4455,"profit_ratio":-0.018290807399655884,"profit_abs":-18.45247193,"exit_reason":"exit_signal","initial_stop_loss_abs":127.46,"initial_stop_loss_ratio":-0.1,"stop_loss_abs":127.46,"stop_loss_ratio":-0.1,"min_rate":138.82,"max_rate":147.99,"is_open":false,"enter_tag":"","leverage":1.0,"is_short":false,"open_timestamp":1750710600000,"close_timestamp":1750977900000,"orders":[{"amount":7.12,"safe_price":141.62,"ft_order_side":"buy","order_filled_timestamp":1750710600000,"ft_is_entry":true,"ft_order_tag":"","cost":1008.8385672},{"amount":7.12,"safe_price":139.2,"ft_order_side":"sell","order_filled_timestamp":1750977900000,"ft_is_entry":false,"ft_order_tag":"exit_signal","cost":991.5995519999999}],"funding_fees":-0.2223527281855794},{"pair":"SUI/USDT:USDT","stake_amount":990.24324,"max_stake_amount":990.24324,"amount":381.2,"open_date":"2025-06-26 22:45:00+00:00","close_date":"2025-06-27 15:45:00+00:00","open_rate":2.5977,"close_rate":2.7272,"fee_open":0.0005,"fee_close":0.0005,"trade_duration":1020,"profit_ratio":0.048788175246351775,"profit_abs":48.33631681,"exit_reason":"exit_signal","initial_stop_loss_abs":2.338,"initial_stop_loss_ratio":-0.1,"stop_loss_abs":2.338,"stop_loss_ratio":-0.1,"min_rate":2.5777,"max_rate":2.7456,"is_open":false,"enter_tag":"","leverage":1.0,"is_short":false,"open_timestamp":1750977900000,"close_timestamp":1751039100000,"orders":[{"amount":381.2,"safe_price":2.5977,"ft_order_side":"buy","order_filled_timestamp":1750977900000,"ft_is_entry":true,"ft_order_tag":"","cost":990.73836162},{"amount":381.2,"safe_price":2.7272,"ft_order_side":"sell","order_filled_timestamp":1751039100000,"ft_is_entry":false,"ft_order_tag":"exit_signal","cost":1040.12844432}],"funding_fees":-0.01415724821687471},{"pair":"SOL/USDT:USDT","stake_amount":1037.4196,"max_stake_amount":1037.4196,"amount":7.24,"open_date":"2025-06-27 15:45:00+00:00","close_date":"2025-06-28 16:15:00+00:00","open_rate":143.29,"close_rate":149.15,"fee_open":0.0005,"fee_close":0.0005,"trade_duration":1470,"profit_ratio":0.03956416793008905,"profit_abs":41.06516559,"exit_reason":"exit_signal","initial_stop_loss_abs":128.97,"initial_stop_loss_ratio":-0.1,"stop_loss_abs":128.97,"stop_loss_ratio":-0.1,"min_rate":140.04,"max_rate":149.78,"is_open":false,"enter_tag":"","leverage":1.0,"is_short":false,"open_timestamp":1751039100000,"close_timestamp":1751127300000,"orders":[{"amount":7.24,"safe_price":143.29,"ft_order_side":"buy","order_filled_timestamp":1751039100000,"ft_is_entry":true,"ft_order_tag":"","cost":1037.9383097999998},{"amount":7.24,"safe_price":149.15,"ft_order_side":"sell","order_filled_timestamp":1751127300000,"ft_is_entry":false,"ft_order_tag":"exit_signal","cost":1080.385923}],"funding_fees":-0.3026016128492532}],"locks":[],"best_pair":{"key":"ETH/USDT:USDT","trades":3,"profit_mean":0.016272195484982918,"profit_mean_pct":1.63,"profit_sum":0.048816586454948754,"profit_sum_pct":4.88,"profit_total_abs":49.410003079999996,"profit_total":0.049410003079999994,"profit_total_pct":4.94,"duration_avg":"10:15:00","wins":3,"draws":0,"losses":0,"winrate":1.0,"cagr":0.4662080705061751,"expectancy":16.470001026666665,"expectancy_ratio":100.0,"sortino":-100,"sharpe":7.645978445034057,"calmar":-100,"sqn":8.6784,"profit_factor":0.0,"max_drawdown_account":0.0,"max_drawdown_abs":0.0},"worst_pair":{"key":"SUI/USDT:USDT","trades":7,"profit_mean":0.0016304688069402387,"profit_mean_pct":0.16,"profit_sum":0.011413281648581672,"profit_sum_pct":1.14,"profit_total_abs":6.940615869999995,"profit_total":0.006940615869999995,"profit_total_pct":0.69,"duration_avg":"5:02:00","wins":2,"draws":0,"losses":5,"winrate":0.2857142857142857,"cagr":0.056415992573144,"expectancy":0.9915165528571404,"expectancy_ratio":0.05086059357932604,"sortino":0.25982088006432363,"sharpe":0.08532237308741826,"calmar":2.957318231226272,"sqn":0.0719,"profit_factor":1.0712048310110562,"max_drawdown_account":0.09747394624000003,"max_drawdown_abs":97.47394624},"results_per_pair":[{"key":"ETH/USDT:USDT","trades":3,"profit_mean":0.016272195484982918,"profit_mean_pct":1.63,"profit_sum":0.048816586454948754,"profit_sum_pct":4.88,"profit_total_abs":49.410003079999996,"profit_total":0.049410003079999994,"profit_total_pct":4.94,"duration_avg":"10:15:00","wins":3,"draws":0,"losses":0,"winrate":1.0,"cagr":0.4662080705061751,"expectancy":16.470001026666665,"expectancy_ratio":100.0,"sortino":-100,"sharpe":7.645978445034057,"calmar":-100,"sqn":8.6784,"profit_factor":0.0,"max_drawdown_account":0.0,"max_drawdown_abs":0.0},{"key":"SOL/USDT:USDT","trades":10,"profit_mean":0.0034528179033503,"profit_mean_pct":0.35,"profit_sum":0.034528179033503,"profit_sum_pct":3.45,"profit_total_abs":33.36624167999999,"profit_total":0.033366241679999985,"profit_total_pct":3.34,"duration_avg":"22:45:00","wins":7,"draws":0,"losses":3,"winrate":0.7,"cagr":0.29749153141232987,"expectancy":3.336624168,"expectancy_ratio":0.09803033105066228,"sortino":0.5814520389939605,"sharpe":0.4816575632906386,"calmar":14.852798053265518,"sqn":0.3479,"profit_factor":1.3267677701688743,"max_drawdown_account":0.09330128293520573,"max_drawdown_abs":102.10995308000001},{"key":"SUI/USDT:USDT","trades":7,"profit_mean":0.0016304688069402387,"profit_mean_pct":0.16,"profit_sum":0.011413281648581672,"profit_sum_pct":1.14,"profit_total_abs":6.940615869999995,"profit_total":0.006940615869999995,"profit_total_pct":0.69,"duration_avg":"5:02:00","wins":2,"draws":0,"losses":5,"winrate":0.2857142857142857,"cagr":0.056415992573144,"expectancy":0.9915165528571404,"expectancy_ratio":0.05086059357932604,"sortino":0.25982088006432363,"sharpe":0.08532237308741826,"calmar":2.957318231226272,"sqn":0.0719,"profit_factor":1.0712048310110562,"max_drawdown_account":0.09747394624000003,"max_drawdown_abs":97.47394624},{"key":"TOTAL","trades":20,"profit_mean":0.004737902356851671,"profit_mean_pct":0.47,"profit_sum":0.09475804713703342,"profit_sum_pct":9.48,"profit_total_abs":89.71686062999999,"profit_total":0.08971686062999998,"profit_total_pct":8.97,"duration_avg":"14:40:00","wins":12,"draws":0,"losses":8,"winrate":0.6,"cagr":0.9773150150912802,"expectancy":4.485843031499996,"expectancy_ratio":0.179807812024263,"sortino":2.0222821071317703,"sharpe":1.2849272368741596,"calmar":25.020601300872677,"sqn":0.6743,"profit_factor":1.4495195300606576,"max_drawdown_account":0.14892408016872027,"max_drawdown_abs":168.45461204000003}],"results_per_enter_tag":[{"key":"","trades":20,"profit_mean":0.004737902356851671,"profit_mean_pct":0.47,"profit_sum":0.09475804713703342,"profit_sum_pct":9.48,"profit_total_abs":89.71686062999999,"profit_total":0.08971686062999998,"profit_total_pct":8.97,"duration_avg":"14:40:00","wins":12,"draws":0,"losses":8,"winrate":0.6,"cagr":0.9773150150912802,"expectancy":4.485843031499996,"expectancy_ratio":0.179807812024263,"sortino":2.0222821071317703,"sharpe":1.2849272368741596,"calmar":25.020601300872677,"sqn":0.6743,"profit_factor":1.4495195300606576,"max_drawdown_account":0.14892408016872027,"max_drawdown_abs":168.45461204000003},{"key":"TOTAL","trades":20,"profit_mean":0.004737902356851671,"profit_mean_pct":0.47,"profit_sum":0.09475804713703342,"profit_sum_pct":9.48,"profit_total_abs":89.71686062999999,"profit_total":0.08971686062999998,"profit_total_pct":8.97,"duration_avg":"14:40:00","wins":12,"draws":0,"losses":8,"winrate":0.6,"cagr":0.9773150150912802,"expectancy":4.485843031499996,"expectancy_ratio":0.179807812024263,"sortino":2.0222821071317703,"sharpe":1.2849272368741596,"calmar":25.020601300872677,"sqn":0.6743,"profit_factor":1.4495195300606576,"max_drawdown_account":0.14892408016872027,"max_drawdown_abs":168.45461204000003}],"exit_reason_summary":[{"key":"exit_signal","trades":20,"profit_mean":0.004737902356851671,"profit_mean_pct":0.47,"profit_sum":0.09475804713703342,"profit_sum_pct":9.48,"profit_total_abs":89.71686062999999,"profit_total":0.08971686062999998,"profit_total_pct":8.97,"duration_avg":"14:40:00","wins":12,"draws":0,"losses":8,"winrate":0.6,"cagr":0.9773150150912802,"expectancy":4.485843031499996,"expectancy_ratio":0.179807812024263,"sortino":2.0222821071317703,"sharpe":1.2849272368741596,"calmar":25.020601300872677,"sqn":0.6743,"profit_factor":1.4495195300606576,"max_drawdown_account":0.14892408016872027,"max_drawdown_abs":168.45461204000003},{"key":"TOTAL","trades":20,"profit_mean":0.004737902356851671,"profit_mean_pct":0.47,"profit_sum":0.09475804713703342,"profit_sum_pct":9.48,"profit_total_abs":89.71686062999999,"profit_total":0.08971686062999998,"profit_total_pct":8.97,"duration_avg":"14:40:00","wins":12,"draws":0,"losses":8,"winrate":0.6,"cagr":0.9773150150912802,"expectancy":4.485843031499996,"expectancy_ratio":0.179807812024263,"sortino":2.0222821071317703,"sharpe":1.2849272368741596,"calmar":25.020601300872677,"sqn":0.6743,"profit_factor":1.4495195300606576,"max_drawdown_account":0.14892408016872027,"max_drawdown_abs":168.45461204000003}],"mix_tag_stats":[{"key":["","exit_signal"],"trades":20,"profit_mean":0.004737902356851671,"profit_mean_pct":0.47,"profit_sum":0.09475804713703342,"profit_sum_pct":9.48,"profit_total_abs":89.71686062999999,"profit_total":0.08971686062999998,"profit_total_pct":8.97,"duration_avg":"14:40:00","wins":12,"draws":0,"losses":8,"winrate":0.6,"cagr":0.9773150150912802,"expectancy":4.485843031499996,"expectancy_ratio":0.179807812024263,"sortino":2.0222821071317703,"sharpe":1.2849272368741596,"calmar":25.020601300872677,"sqn":0.6743,"profit_factor":1.4495195300606576,"max_drawdown_account":0.14892408016872027,"max_drawdown_abs":168.45461204000003},{"key":"TOTAL","trades":20,"profit_mean":0.004737902356851671,"profit_mean_pct":0.47,"profit_sum":0.09475804713703342,"profit_sum_pct":9.48,"profit_total_abs":89.71686062999999,"profit_total":0.08971686062999998,"profit_total_pct":8.97,"duration_avg":"14:40:00","wins":12,"draws":0,"losses":8,"winrate":0.6,"cagr":0.9773150150912802,"expectancy":4.485843031499996,"expectancy_ratio":0.179807812024263,"sortino":2.0222821071317703,"sharpe":1.2849272368741596,"calmar":25.020601300872677,"sqn":0.6743,"profit_factor":1.4495195300606576,"max_drawdown_account":0.14892408016872027,"max_drawdown_abs":168.45461204000003}],"left_open_trades":[{"key":"TOTAL","trades":0,"profit_mean":0.0,"profit_mean_pct":0.0,"profit_sum":0.0,"profit_sum_pct":0.0,"profit_total_abs":0.0,"profit_total":0.0,"profit_total_pct":0.0,"duration_avg":"0:00","wins":0,"draws":0,"losses":0,"winrate":0.0,"cagr":0.0,"expectancy":0.0,"expectancy_ratio":100.0,"sortino":0,"sharpe":0,"calmar":0,"sqn":0.0,"profit_factor":0.0,"max_drawdown_account":0.0,"max_drawdown_abs":0.0}],"total_trades":20,"trade_count_long":20,"trade_count_short":0,"total_volume":41362.589079059995,"avg_stake_amount":1030.7712975,"profit_mean":0.004737902356851671,"profit_median":0.012425199607508354,"profit_total":0.08971686062999998,"profit_total_long":0.08971686062999998,"profit_total_short":0.0,"profit_total_abs":89.71686062999999,"profit_total_long_abs":89.71686062999999,"profit_total_short_abs":0.0,"cagr":0.9773150150912802,"expectancy":4.485843031499996,"expectancy_ratio":0.179807812024263,"sortino":2.0222821071317703,"sharpe":1.2849272368741596,"calmar":25.020601300872677,"sqn":0.6743,"profit_factor":1.4495195300606576,"backtest_start":"2025-05-16 00:00:00","backtest_start_ts":1747353600000,"backtest_end":"2025-07-01 14:45:00","backtest_end_ts":1751381100000,"backtest_days":46,"backtest_run_start_ts":1751552955,"backtest_run_end_ts":1751552955,"trades_per_day":0.43,"market_change":-0.166785988658075,"pairlist":["SOL/USDT:USDT","ETH/USDT:USDT","SUI/USDT:USDT"],"stake_amount":"unlimited","stake_currency":"USDT","stake_currency_decimals":3,"starting_balance":1000,"dry_run_wallet":1000,"final_balance":1089.71686063,"rejected_signals":174,"timedout_entry_orders":0,"timedout_exit_orders":0,"canceled_trade_entries":0,"canceled_entry_orders":0,"replaced_entry_orders":0,"max_open_trades":1,"max_open_trades_setting":1,"timeframe":"15m","timeframe_detail":"","timerange":"","enable_protections":false,"strategy_name":"SimpleGrid","stoploss":-0.1,"trailing_stop":false,"trailing_stop_positive":null,"trailing_stop_positive_offset":0.0,"trailing_only_offset_is_reached":false,"use_custom_stoploss":false,"minimal_roi":{},"use_exit_signal":true,"exit_profit_only":false,"exit_profit_offset":0.0,"ignore_roi_if_entry_signal":false,"trading_mode":"futures","margin_mode":"isolated","periodic_breakdown":{"day":[{"date":"18/05/2025","date_ts":1747526400000,"profit_abs":18.24831986,"wins":1,"draws":0,"losses":0,"trades":1,"profit_factor":0.0},{"date":"19/05/2025","date_ts":1747612800000,"profit_abs":18.48486787,"wins":1,"draws":0,"losses":0,"trades":1,"profit_factor":0.0},{"date":"20/05/2025","date_ts":1747699200000,"profit_abs":0.0,"wins":0,"draws":0,"losses":0,"trades":0,"profit_factor":0.0},{"date":"21/05/2025","date_ts":1747785600000,"profit_abs":0.0,"wins":0,"draws":0,"losses":0,"trades":0,"profit_factor":0.0},{"date":"22/05/2025","date_ts":1747872000000,"profit_abs":0.0,"wins":0,"draws":0,"losses":0,"trades":0,"profit_factor":0.0},{"date":"23/05/2025","date_ts":1747958400000,"profit_abs":0.0,"wins":0,"draws":0,"losses":0,"trades":0,"profit_factor":0.0},{"date":"24/05/2025","date_ts":1748044800000,"profit_abs":0.0,"wins":0,"draws":0,"losses":0,"trades":0,"profit_factor":0.0},{"date":"25/05/2025","date_ts":1748131200000,"profit_abs":0.0,"wins":0,"draws":0,"losses":0,"trades":0,"profit_factor":0.0},{"date":"26/05/2025","date_ts":1748217600000,"profit_abs":0.0,"wins":0,"draws":0,"losses":0,"trades":0,"profit_factor":0.0},{"date":"27/05/2025","date_ts":1748304000000,"profit_abs":0.0,"wins":0,"draws":0,"losses":0,"trades":0,"profit_factor":0.0},{"date":"28/05/2025","date_ts":1748390400000,"profit_abs":0.0,"wins":0,"draws":0,"losses":0,"trades":0,"profit_factor":0.0},{"date":"29/05/2025","date_ts":1748476800000,"profit_abs":0.0,"wins":0,"draws":0,"losses":0,"trades":0,"profit_factor":0.0},{"date":"30/05/2025","date_ts":1748563200000,"profit_abs":0.0,"wins":0,"draws":0,"losses":0,"trades":0,"profit_factor":0.0},{"date":"31/05/2025","date_ts":1748649600000,"profit_abs":0.0,"wins":0,"draws":0,"losses":0,"trades":0,"profit_factor":0.0},{"date":"01/06/2025","date_ts":1748736000000,"profit_abs":0.0,"wins":0,"draws":0,"losses":0,"trades":0,"profit_factor":0.0},{"date":"02/06/2025","date_ts":1748822400000,"profit_abs":0.0,"wins":0,"draws":0,"losses":0,"trades":0,"profit_factor":0.0},{"date":"03/06/2025","date_ts":1748908800000,"profit_abs":0.0,"wins":0,"draws":0,"losses":0,"trades":0,"profit_factor":0.0},{"date":"04/06/2025","date_ts":1748995200000,"profit_abs":0.0,"wins":0,"draws":0,"losses":0,"trades":0,"profit_factor":0.0},{"date":"05/06/2025","date_ts":1749081600000,"profit_abs":0.0,"wins":0,"draws":0,"losses":0,"trades":0,"profit_factor":0.0},{"date":"06/06/2025","date_ts":1749168000000,"profit_abs":13.94160532,"wins":1,"draws":0,"losses":0,"trades":1,"profit_factor":0.0},{"date":"07/06/2025","date_ts":1749254400000,"profit_abs":0.0,"wins":0,"draws":0,"losses":0,"trades":0,"profit_factor":0.0},{"date":"08/06/2025","date_ts":1749340800000,"profit_abs":0.0,"wins":0,"draws":0,"losses":0,"trades":0,"profit_factor":0.0},{"date":"09/06/2025","date_ts":1749427200000,"profit_abs":0.0,"wins":0,"draws":0,"losses":0,"trades":0,"profit_factor":0.0},{"date":"10/06/2025","date_ts":1749513600000,"profit_abs":0.0,"wins":0,"draws":0,"losses":0,"trades":0,"profit_factor":0.0},{"date":"11/06/2025","date_ts":1749600000000,"profit_abs":0.0,"wins":0,"draws":0,"losses":0,"trades":0,"profit_factor":0.0},{"date":"12/06/2025","date_ts":1749686400000,"profit_abs":0.0,"wins":0,"draws":0,"losses":0,"trades":0,"profit_factor":0.0},{"date":"13/06/2025","date_ts":1749772800000,"profit_abs":36.27631503,"wins":2,"draws":0,"losses":0,"trades":2,"profit_factor":0.0},{"date":"14/06/2025","date_ts":1749859200000,"profit_abs":0.0,"wins":0,"draws":0,"losses":0,"trades":0,"profit_factor":0.0},{"date":"15/06/2025","date_ts":1749945600000,"profit_abs":13.78143315,"wins":1,"draws":0,"losses":0,"trades":1,"profit_factor":0.0},{"date":"16/06/2025","date_ts":1750032000000,"profit_abs":0.0,"wins":0,"draws":0,"losses":0,"trades":0,"profit_factor":0.0},{"date":"17/06/2025","date_ts":1750118400000,"profit_abs":18.1482404,"wins":1,"draws":0,"losses":0,"trades":1,"profit_factor":0.0},{"date":"18/06/2025","date_ts":1750204800000,"profit_abs":0.0,"wins":0,"draws":0,"losses":0,"trades":0,"profit_factor":0.0},{"date":"19/06/2025","date_ts":1750291200000,"profit_abs":0.0,"wins":0,"draws":0,"losses":0,"trades":0,"profit_factor":0.0},{"date":"20/06/2025","date_ts":1750377600000,"profit_abs":-55.44735948,"wins":1,"draws":0,"losses":1,"trades":2,"profit_factor":0.18111492},{"date":"21/06/2025","date_ts":1750464000000,"profit_abs":-44.5501056,"wins":1,"draws":0,"losses":2,"trades":3,"profit_factor":0.22151839},{"date":"22/06/2025","date_ts":1750550400000,"profit_abs":-42.55292835,"wins":0,"draws":0,"losses":3,"trades":3,"profit_factor":0.0},{"date":"23/06/2025","date_ts":1750636800000,"profit_abs":42.43746196,"wins":1,"draws":0,"losses":1,"trades":2,"profit_factor":4.11107221},{"date":"24/06/2025","date_ts":1750723200000,"profit_abs":0.0,"wins":0,"draws":0,"losses":0,"trades":0,"profit_factor":0.0},{"date":"25/06/2025","date_ts":1750809600000,"profit_abs":0.0,"wins":0,"draws":0,"losses":0,"trades":0,"profit_factor":0.0},{"date":"26/06/2025","date_ts":1750896000000,"profit_abs":-18.45247193,"wins":0,"draws":0,"losses":1,"trades":1,"profit_factor":0.0},{"date":"27/06/2025","date_ts":1750982400000,"profit_abs":48.33631681,"wins":1,"draws":0,"losses":0,"trades":1,"profit_factor":0.0},{"date":"28/06/2025","date_ts":1751068800000,"profit_abs":41.06516559,"wins":1,"draws":0,"losses":0,"trades":1,"profit_factor":0.0}],"week":[{"date":"19/05/2025","date_ts":1747612800000,"profit_abs":36.73318773,"wins":2,"draws":0,"losses":0,"trades":2,"profit_factor":0.0},{"date":"26/05/2025","date_ts":1748217600000,"profit_abs":0.0,"wins":0,"draws":0,"losses":0,"trades":0,"profit_factor":0.0},{"date":"02/06/2025","date_ts":1748822400000,"profit_abs":0.0,"wins":0,"draws":0,"losses":0,"trades":0,"profit_factor":0.0},{"date":"09/06/2025","date_ts":1749427200000,"profit_abs":13.94160532,"wins":1,"draws":0,"losses":0,"trades":1,"profit_factor":0.0},{"date":"16/06/2025","date_ts":1750032000000,"profit_abs":50.05774818,"wins":3,"draws":0,"losses":0,"trades":3,"profit_factor":0.0},{"date":"23/06/2025","date_ts":1750636800000,"profit_abs":-81.96469107,"wins":4,"draws":0,"losses":7,"trades":11,"profit_factor":0.54748498},{"date":"30/06/2025","date_ts":1751241600000,"profit_abs":70.94901047,"wins":2,"draws":0,"losses":1,"trades":3,"profit_factor":4.84495967}],"month":[{"date":"31/05/2025","date_ts":1748649600000,"profit_abs":36.73318773,"wins":2,"draws":0,"losses":0,"trades":2,"profit_factor":0.0},{"date":"30/06/2025","date_ts":1751241600000,"profit_abs":52.9836729,"wins":10,"draws":0,"losses":8,"trades":18,"profit_factor":1.26547068}],"year":[{"date":"31/12/2025","date_ts":1767139200000,"profit_abs":89.71686063,"wins":12,"draws":0,"losses":8,"trades":20,"profit_factor":1.44951953}]},"backtest_best_day":0.048788175246351775,"backtest_worst_day":-0.04943166137684222,"backtest_best_day_abs":48.33631681,"backtest_worst_day_abs":-55.44735948,"winning_days":9,"draw_days":29,"losing_days":4,"daily_profit":[["2025-05-18",18.24831986],["2025-05-19",18.48486787],["2025-05-20",0.0],["2025-05-21",0.0],["2025-05-22",0.0],["2025-05-23",0.0],["2025-05-24",0.0],["2025-05-25",0.0],["2025-05-26",0.0],["2025-05-27",0.0],["2025-05-28",0.0],["2025-05-29",0.0],["2025-05-30",0.0],["2025-05-31",0.0],["2025-06-01",0.0],["2025-06-02",0.0],["2025-06-03",0.0],["2025-06-04",0.0],["2025-06-05",0.0],["2025-06-06",13.94160532],["2025-06-07",0.0],["2025-06-08",0.0],["2025-06-09",0.0],["2025-06-10",0.0],["2025-06-11",0.0],["2025-06-12",0.0],["2025-06-13",36.27631503],["2025-06-14",0.0],["2025-06-15",13.78143315],["2025-06-16",0.0],["2025-06-17",18.1482404],["2025-06-18",0.0],["2025-06-19",0.0],["2025-06-20",-55.44735948],["2025-06-21",-44.5501056],["2025-06-22",-42.55292835],["2025-06-23",42.43746196],["2025-06-24",0.0],["2025-06-25",0.0],["2025-06-26",-18.45247193],["2025-06-27",48.33631681],["2025-06-28",41.06516559]],"wins":12,"losses":8,"draws":0,"winrate":0.6,"holding_avg":"14:40:00","holding_avg_s":52800.0,"winner_holding_min":"0d 02:15","winner_holding_min_s":8100.0,"winner_holding_max":"1d 23:45","winner_holding_max_s":171900.0,"winner_holding_avg":"0d 16:04","winner_holding_avg_s":57840.0,"loser_holding_min":"0d 00:30","loser_holding_min_s":1800.0,"loser_holding_max":"3d 02:15","loser_holding_max_s":267300.0,"loser_holding_avg":"0d 12:36","loser_holding_avg_s":45360.0,"max_consecutive_wins":8,"max_consecutive_losses":6,"max_drawdown_account":0.14892408016872027,"max_relative_drawdown":0.14892408016872027,"max_drawdown_abs":168.45461204000003,"drawdown_start":"2025-06-20 10:30:00","drawdown_start_ts":1750415400000.0,"drawdown_end":"2025-06-23 14:45:00","drawdown_end_ts":1750689900000.0,"max_drawdown_low":-37.31039514000001,"max_drawdown_high":131.1442169,"csum_min":962.68960486,"csum_max":1131.1442169}},"strategy_comparison":[{"key":"SimpleGrid","trades":20,"profit_mean":0.004737902356851671,"profit_mean_pct":0.47,"profit_sum":0.09475804713703342,"profit_sum_pct":9.48,"profit_total_abs":89.71686062999999,"profit_total":0.08971686062999998,"profit_total_pct":8.97,"duration_avg":"14:40:00","wins":12,"draws":0,"losses":8,"winrate":0.6,"cagr":0.9773150150912802,"expectancy":4.485843031499996,"expectancy_ratio":0.179807812024263,"sortino":2.0222821071317703,"sharpe":1.2849272368741596,"calmar":25.020601300872677,"sqn":0.6743,"profit_factor":1.4495195300606576,"max_drawdown_account":0.14892408016872027,"max_drawdown_abs":"168.455"}]}