{"strategy":{"GridBotSample":{"trades":[{"pair":"ETH/USDT:USDT","stake_amount":65.64402,"max_stake_amount":65.64402,"amount":0.027,"open_date":"2025-05-18 19:45:00+00:00","close_date":"2025-05-20 02:15:00+00:00","open_rate":2431.26,"close_rate":2560.3,"fee_open":0.0005,"fee_close":0.0005,"trade_duration":1830,"profit_ratio":0.0518325678552217,"profit_abs":3.40419937,"exit_reason":"exit_signal","initial_stop_loss_abs":2188.14,"initial_stop_loss_ratio":-0.1,"stop_loss_abs":2188.14,"stop_loss_ratio":-0.1,"min_rate":2312.62,"max_rate":2582.55,"is_open":false,"enter_tag":"","leverage":1.0,"is_short":false,"open_timestamp":1747597500000,"close_timestamp":1747707300000,"orders":[{"amount":0.027,"safe_price":2431.26,"ft_order_side":"buy","order_filled_timestamp":1747597500000,"ft_is_entry":true,"ft_order_tag":"","cost":65.67684201},{"amount":0.027,"safe_price":2560.3,"ft_order_side":"sell","order_filled_timestamp":1747707300000,"ft_is_entry":false,"ft_order_tag":"exit_signal","cost":69.16266405}],"funding_fees":-0.012494572073697478},{"pair":"SOL/USDT:USDT","stake_amount":65.4166,"max_stake_amount":65.4166,"amount":0.46,"open_date":"2025-06-05 20:45:00+00:00","close_date":"2025-06-06 12:15:00+00:00","open_rate":142.21,"close_rate":149.66,"fee_open":0.0005,"fee_close":0.0005,"trade_duration":930,"profit_ratio":0.051518975334992195,"profit_abs":3.3718813,"exit_reason":"exit_signal","initial_stop_loss_abs":127.99,"initial_stop_loss_ratio":-0.1,"stop_loss_abs":127.99,"stop_loss_ratio":-0.1,"min_rate":141.43,"max_rate":150.59,"is_open":false,"enter_tag":"","leverage":1.0,"is_short":false,"open_timestamp":1749156300000,"close_timestamp":1749212100000,"orders":[{"amount":0.46,"safe_price":142.21,"ft_order_side":"buy","order_filled_timestamp":1749156300000,"ft_is_entry":true,"ft_order_tag":"","cost":65.4493083},{"amount":0.46,"safe_price":149.66,"ft_order_side":"sell","order_filled_timestamp":1749212100000,"ft_is_entry":false,"ft_order_tag":"exit_signal","cost":68.87802179999998}],"funding_fees":0.012011398669414636},{"pair":"ETH/USDT:USDT","stake_amount":65.2779,"max_stake_amount":65.2779,"amount":0.027,"open_date":"2025-06-05 20:45:00+00:00","close_date":"2025-06-07 08:45:00+00:00","open_rate":2417.7,"close_rate":2485.35,"fee_open":0.0005,"fee_close":0.0005,"trade_duration":2160,"profit_ratio":0.026765274611165953,"profit_abs":1.74805451,"exit_reason":"exit_signal","initial_stop_loss_abs":2175.93,"initial_stop_loss_ratio":-0.1,"stop_loss_abs":2175.93,"stop_loss_ratio":-0.1,"min_rate":2379.62,"max_rate":2529.67,"is_open":false,"enter_tag":"","leverage":1.0,"is_short":false,"open_timestamp":1749156300000,"close_timestamp":1749285900000,"orders":[{"amount":0.027,"safe_price":2417.7,"ft_order_side":"buy","order_filled_timestamp":1749156300000,"ft_is_entry":true,"ft_order_tag":"","cost":65.31053894999998},{"amount":0.027,"safe_price":2485.35,"ft_order_side":"sell","order_filled_timestamp":1749285900000,"ft_is_entry":false,"ft_order_tag":"exit_signal","cost":67.138002225}],"funding_fees":-0.012304318410284528},{"pair":"SOL/USDT:USDT","stake_amount":65.6512,"max_stake_amount":65.6512,"amount":0.46,"open_date":"2025-06-13 06:30:00+00:00","close_date":"2025-06-15 15:00:00+00:00","open_rate":142.72,"close_rate":151.84,"fee_open":0.0005,"fee_close":0.0005,"trade_duration":3390,"profit_ratio":0.06277416392091534,"profit_abs":4.12325979,"exit_reason":"exit_signal","initial_stop_loss_abs":128.45,"initial_stop_loss_ratio":-0.1,"stop_loss_abs":128.45,"stop_loss_ratio":-0.1,"min_rate":141.87,"max_rate":152.63,"is_open":false,"enter_tag":"","leverage":1.0,"is_short":false,"open_timestamp":1749796200000,"close_timestamp":1749999600000,"orders":[{"amount":0.46,"safe_price":142.72,"ft_order_side":"buy","order_filled_timestamp":1749796200000,"ft_is_entry":true,"ft_order_tag":"","cost":65.6840256},{"amount":0.46,"safe_price":151.84,"ft_order_side":"sell","order_filled_timestamp":1749999600000,"ft_is_entry":false,"ft_order_tag":"exit_signal","cost":69.8813232}],"funding_fees":-0.00419140759150522},{"pair":"ETH/USDT:USDT","stake_amount":65.23875,"max_stake_amount":65.23875,"amount":0.027,"open_date":"2025-06-20 17:30:00+00:00","close_date":"2025-06-21 06:15:00+00:00","open_rate":2416.25,"close_rate":2422.24,"fee_open":0.0005,"fee_close":0.0005,"trade_duration":765,"profit_ratio":0.0015267217610753548,"profit_abs":0.09965122,"exit_reason":"exit_signal","initial_stop_loss_abs":2174.63,"initial_stop_loss_ratio":-0.1,"stop_loss_abs":2174.63,"stop_loss_ratio":-0.1,"min_rate":2363.88,"max_rate":2437.2,"is_open":false,"enter_tag":"","leverage":1.0,"is_short":false,"open_timestamp":1750440600000,"close_timestamp":1750486500000,"orders":[{"amount":0.027,"safe_price":2416.25,"ft_order_side":"buy","order_filled_timestamp":1750440600000,"ft_is_entry":true,"ft_order_tag":"","cost":65.27136937499999},{"amount":0.027,"safe_price":2422.24,"ft_order_side":"sell","order_filled_timestamp":1750486500000,"ft_is_entry":false,"ft_order_tag":"exit_signal","cost":65.43318023999998}],"funding_fees":0.0032408358389999998},{"pair":"ETH/USDT:USDT","stake_amount":65.44665,"max_stake_amount":65.44665,"amount":0.027,"open_date":"2025-06-21 06:30:00+00:00","close_date":"2025-06-21 06:45:00+00:00","open_rate":2423.95,"close_rate":2424.21,"fee_open":0.0005,"fee_close":0.0005,"trade_duration":15,"profit_ratio":-0.0008923445206170199,"profit_abs":-0.05843016,"exit_reason":"exit_signal","initial_stop_loss_abs":2181.56,"initial_stop_loss_ratio":-0.1,"stop_loss_abs":2181.56,"stop_loss_ratio":-0.1,"min_rate":2421.77,"max_rate":2427.25,"is_open":false,"enter_tag":"","leverage":1.0,"is_short":false,"open_timestamp":1750487400000,"close_timestamp":1750488300000,"orders":[{"amount":0.027,"safe_price":2423.95,"ft_order_side":"buy","order_filled_timestamp":1750487400000,"ft_is_entry":true,"ft_order_tag":"","cost":65.47937332499998},{"amount":0.027,"safe_price":2424.21,"ft_order_side":"sell","order_filled_timestamp":1750488300000,"ft_is_entry":false,"ft_order_tag":"exit_signal","cost":65.486396835}],"funding_fees":0.0},{"pair":"SOL/USDT:USDT","stake_amount":65.6742,"max_stake_amount":65.6742,"amount":0.46,"open_date":"2025-06-20 16:00:00+00:00","close_date":"2025-06-21 21:30:00+00:00","open_rate":142.77,"close_rate":135.22,"fee_open":0.0005,"fee_close":0.0005,"trade_duration":1770,"profit_ratio":-0.05374506713223872,"profit_abs":-3.53142912,"exit_reason":"exit_signal","initial_stop_loss_abs":128.5,"initial_stop_loss_ratio":-0.1,"stop_loss_abs":128.5,"stop_loss_ratio":-0.1,"min_rate":130.46,"max_rate":142.92,"is_open":false,"enter_tag":"","leverage":1.0,"is_short":false,"open_timestamp":1750435200000,"close_timestamp":1750541400000,"orders":[{"amount":0.46,"safe_price":142.77,"ft_order_side":"buy","order_filled_timestamp":1750435200000,"ft_is_entry":true,"ft_order_tag":"","cost":65.70703710000001},{"amount":0.46,"safe_price":135.22,"ft_order_side":"sell","order_filled_timestamp":1750541400000,"ft_is_entry":false,"ft_order_tag":"exit_signal","cost":62.232300599999995}],"funding_fees":0.005508584962000001},{"pair":"ETH/USDT:USDT","stake_amount":65.448,"max_stake_amount":65.448,"amount":0.027,"open_date":"2025-06-21 07:00:00+00:00","close_date":"2025-06-21 21:45:00+00:00","open_rate":2424.0,"close_rate":2297.51,"fee_open":0.0005,"fee_close":0.0005,"trade_duration":885,"profit_ratio":-0.053165948348402506,"profit_abs":-3.48134479,"exit_reason":"exit_signal","initial_stop_loss_abs":2181.6,"initial_stop_loss_ratio":-0.1,"stop_loss_abs":2181.6,"stop_loss_ratio":-0.1,"min_rate":2230.0,"max_rate":2447.96,"is_open":false,"enter_tag":"","leverage":1.0,"is_short":false,"open_timestamp":1750489200000,"close_timestamp":1750542300000,"orders":[{"amount":0.027,"safe_price":2424.0,"ft_order_side":"buy","order_filled_timestamp":1750489200000,"ft_is_entry":true,"ft_order_tag":"","cost":65.480724},{"amount":0.027,"safe_price":2297.51,"ft_order_side":"sell","order_filled_timestamp":1750542300000,"ft_is_entry":false,"ft_order_tag":"exit_signal","cost":62.063786385}],"funding_fees":-0.002374404731677817},{"pair":"SUI/USDT:USDT","stake_amount":66.72116,"max_stake_amount":66.72116,"amount":25.3,"open_date":"2025-06-21 14:30:00+00:00","close_date":"2025-06-22 12:45:00+00:00","open_rate":2.6372,"close_rate":2.5113,"fee_open":0.0005,"fee_close":0.0005,"trade_duration":1335,"profit_ratio":-0.04886541348298302,"profit_abs":-3.26198725,"exit_reason":"exit_signal","initial_stop_loss_abs":2.3735,"initial_stop_loss_ratio":-0.1,"stop_loss_abs":2.3735,"stop_loss_ratio":-0.1,"min_rate":2.455,"max_rate":2.6649,"is_open":false,"enter_tag":"","leverage":1.0,"is_short":false,"open_timestamp":1750516200000,"close_timestamp":1750596300000,"orders":[{"amount":25.3,"safe_price":2.6372,"ft_order_side":"buy","order_filled_timestamp":1750516200000,"ft_is_entry":true,"ft_order_tag":"","cost":66.75452057999999},{"amount":25.3,"safe_price":2.5113,"ft_order_side":"sell","order_filled_timestamp":1750596300000,"ft_is_entry":false,"ft_order_tag":"exit_signal","cost":63.56765794499999}],"funding_fees":-0.011588720280500002},{"pair":"SUI/USDT:USDT","stake_amount":66.09564,"max_stake_amount":66.09564,"amount":26.1,"open_date":"2025-06-22 13:00:00+00:00","close_date":"2025-06-22 13:15:00+00:00","open_rate":2.5324,"close_rate":2.513,"fee_open":0.0005,"fee_close":0.0005,"trade_duration":15,"profit_ratio":-0.008652560467515414,"profit_abs":-0.57218247,"exit_reason":"exit_signal","initial_stop_loss_abs":2.2792,"initial_stop_loss_ratio":-0.1,"stop_loss_abs":2.2792,"stop_loss_ratio":-0.1,"min_rate":2.4137,"max_rate":2.5437,"is_open":false,"enter_tag":"","leverage":1.0,"is_short":false,"open_timestamp":1750597200000,"close_timestamp":1750598100000,"orders":[{"amount":26.1,"safe_price":2.5324,"ft_order_side":"buy","order_filled_timestamp":1750597200000,"ft_is_entry":true,"ft_order_tag":"","cost":66.12868782},{"amount":26.1,"safe_price":2.513,"ft_order_side":"sell","order_filled_timestamp":1750598100000,"ft_is_entry":false,"ft_order_tag":"exit_signal","cost":65.62209465}],"funding_fees":0.0},{"pair":"SUI/USDT:USDT","stake_amount":65.89562,"max_stake_amount":65.89562,"amount":26.2,"open_date":"2025-06-23 06:00:00+00:00","close_date":"2025-06-23 06:30:00+00:00","open_rate":2.5151,"close_rate":2.5037,"fee_open":0.0005,"fee_close":0.0005,"trade_duration":30,"profit_ratio":-0.005527592849434294,"profit_abs":-0.36442628,"exit_reason":"exit_signal","initial_stop_loss_abs":2.2636,"initial_stop_loss_ratio":-0.1,"stop_loss_abs":2.2636,"stop_loss_ratio":-0.1,"min_rate":2.4973,"max_rate":2.5239,"is_open":false,"enter_tag":"","leverage":1.0,"is_short":false,"open_timestamp":1750658400000,"close_timestamp":1750660200000,"orders":[{"amount":26.2,"safe_price":2.5151,"ft_order_side":"buy","order_filled_timestamp":1750658400000,"ft_is_entry":true,"ft_order_tag":"","cost":65.92856780999999},{"amount":26.2,"safe_price":2.5037,"ft_order_side":"sell","order_filled_timestamp":1750660200000,"ft_is_entry":false,"ft_order_tag":"exit_signal","cost":65.62973846999999}],"funding_fees":0.0},{"pair":"SUI/USDT:USDT","stake_amount":65.96898,"max_stake_amount":65.96898,"amount":26.2,"open_date":"2025-06-23 07:15:00+00:00","close_date":"2025-06-23 07:30:00+00:00","open_rate":2.5179,"close_rate":2.5071,"fee_open":0.0005,"fee_close":0.0005,"trade_duration":15,"profit_ratio":-0.005284501797713081,"profit_abs":-0.3487875,"exit_reason":"exit_signal","initial_stop_loss_abs":2.2662,"initial_stop_loss_ratio":-0.1,"stop_loss_abs":2.2662,"stop_loss_ratio":-0.1,"min_rate":2.5024,"max_rate":2.5182,"is_open":false,"enter_tag":"","leverage":1.0,"is_short":false,"open_timestamp":1750662900000,"close_timestamp":1750663800000,"orders":[{"amount":26.2,"safe_price":2.5179,"ft_order_side":"buy","order_filled_timestamp":1750662900000,"ft_is_entry":true,"ft_order_tag":"","cost":66.00196448999999},{"amount":26.2,"safe_price":2.5071,"ft_order_side":"sell","order_filled_timestamp":1750663800000,"ft_is_entry":false,"ft_order_tag":"exit_signal","cost":65.71886300999999}],"funding_fees":0.0},{"pair":"SUI/USDT:USDT","stake_amount":65.88252,"max_stake_amount":65.88252,"amount":26.2,"open_date":"2025-06-23 08:00:00+00:00","close_date":"2025-06-23 08:15:00+00:00","open_rate":2.5146,"close_rate":2.5098,"fee_open":0.0005,"fee_close":0.0005,"trade_duration":15,"profit_ratio":-0.002896448820208104,"profit_abs":-0.19092076,"exit_reason":"exit_signal","initial_stop_loss_abs":2.2632,"initial_stop_loss_ratio":-0.1,"stop_loss_abs":2.2632,"stop_loss_ratio":-0.1,"min_rate":2.5014,"max_rate":2.5219,"is_open":false,"enter_tag":"","leverage":1.0,"is_short":false,"open_timestamp":1750665600000,"close_timestamp":1750666500000,"orders":[{"amount":26.2,"safe_price":2.5146,"ft_order_side":"buy","order_filled_timestamp":1750665600000,"ft_is_entry":true,"ft_order_tag":"","cost":65.91546126},{"amount":26.2,"safe_price":2.5098,"ft_order_side":"sell","order_filled_timestamp":1750666500000,"ft_is_entry":false,"ft_order_tag":"exit_signal","cost":65.78963838}],"funding_fees":0.0006588776000000001},{"pair":"SUI/USDT:USDT","stake_amount":65.92077,"max_stake_amount":65.92077,"amount":26.1,"open_date":"2025-06-23 13:00:00+00:00","close_date":"2025-06-23 13:15:00+00:00","open_rate":2.5257,"close_rate":2.5048,"fee_open":0.0005,"fee_close":0.0005,"trade_duration":15,"profit_ratio":-0.009266163209154769,"profit_abs":-0.61113803,"exit_reason":"exit_signal","initial_stop_loss_abs":2.2732,"initial_stop_loss_ratio":-0.1,"stop_loss_abs":2.2732,"stop_loss_ratio":-0.1,"min_rate":2.4852,"max_rate":2.5257,"is_open":false,"enter_tag":"","leverage":1.0,"is_short":false,"open_timestamp":1750683600000,"close_timestamp":1750684500000,"orders":[{"amount":26.1,"safe_price":2.5257,"ft_order_side":"buy","order_filled_timestamp":1750683600000,"ft_is_entry":true,"ft_order_tag":"","cost":65.953730385},{"amount":26.1,"safe_price":2.5048,"ft_order_side":"sell","order_filled_timestamp":1750684500000,"ft_is_entry":false,"ft_order_tag":"exit_signal","cost":65.40796764}],"funding_fees":0.0},{"pair":"SOL/USDT:USDT","stake_amount":65.616,"max_stake_amount":65.616,"amount":0.48,"open_date":"2025-06-23 14:15:00+00:00","close_date":"2025-06-23 14:30:00+00:00","open_rate":136.7,"close_rate":135.45,"fee_open":0.0005,"fee_close":0.0005,"trade_duration":15,"profit_ratio":-0.01013447190084548,"profit_abs":-0.665316,"exit_reason":"exit_signal","initial_stop_loss_abs":123.03,"initial_stop_loss_ratio":-0.1,"stop_loss_abs":123.03,"stop_loss_ratio":-0.1,"min_rate":134.7,"max_rate":136.82,"is_open":false,"enter_tag":"","leverage":1.0,"is_short":false,"open_timestamp":1750688100000,"close_timestamp":1750689000000,"orders":[{"amount":0.48,"safe_price":136.7,"ft_order_side":"buy","order_filled_timestamp":1750688100000,"ft_is_entry":true,"ft_order_tag":"","cost":65.64880799999999},{"amount":0.48,"safe_price":135.45,"ft_order_side":"sell","order_filled_timestamp":1750689000000,"ft_is_entry":false,"ft_order_tag":"exit_signal","cost":65.04850799999998}],"funding_fees":0.0},{"pair":"SUI/USDT:USDT","stake_amount":65.79895,"max_stake_amount":65.79895,"amount":25.9,"open_date":"2025-06-23 13:45:00+00:00","close_date":"2025-06-23 15:00:00+00:00","open_rate":2.5405,"close_rate":2.5083,"fee_open":0.0005,"fee_close":0.0005,"trade_duration":75,"profit_ratio":-0.013661502254186822,"profit_abs":-0.89936196,"exit_reason":"exit_signal","initial_stop_loss_abs":2.2865,"initial_stop_loss_ratio":-0.1,"stop_loss_abs":2.2865,"stop_loss_ratio":-0.1,"min_rate":2.505,"max_rate":2.5775,"is_open":false,"enter_tag":"","leverage":1.0,"is_short":false,"open_timestamp":1750686300000,"close_timestamp":1750690800000,"orders":[{"amount":25.9,"safe_price":2.5405,"ft_order_side":"buy","order_filled_timestamp":1750686300000,"ft_is_entry":true,"ft_order_tag":"","cost":65.831849475},{"amount":25.9,"safe_price":2.5083,"ft_order_side":"sell","order_filled_timestamp":1750690800000,"ft_is_entry":false,"ft_order_tag":"exit_signal","cost":64.99745248500001}],"funding_fees":0.0},{"pair":"ETH/USDT:USDT","stake_amount":64.97145,"max_stake_amount":64.97145,"amount":0.027,"open_date":"2025-06-24 01:15:00+00:00","close_date":"2025-06-25 19:00:00+00:00","open_rate":2406.35,"close_rate":2417.39,"fee_open":0.0005,"fee_close":0.0005,"trade_duration":2505,"profit_ratio":0.0035640955799988217,"profit_abs":0.23168024,"exit_reason":"exit_signal","initial_stop_loss_abs":2165.72,"initial_stop_loss_ratio":-0.1,"stop_loss_abs":2165.72,"stop_loss_ratio":-0.1,"min_rate":2374.9,"max_rate":2481.28,"is_open":false,"enter_tag":"","leverage":1.0,"is_short":false,"open_timestamp":1750727700000,"close_timestamp":1750878000000,"orders":[{"amount":0.027,"safe_price":2406.35,"ft_order_side":"buy","order_filled_timestamp":1750727700000,"ft_is_entry":true,"ft_order_tag":"","cost":65.00393572499999},{"amount":0.027,"safe_price":2417.39,"ft_order_side":"sell","order_filled_timestamp":1750878000000,"ft_is_entry":false,"ft_order_tag":"exit_signal","cost":65.30216476499999}],"funding_fees":-0.0012792672826563672},{"pair":"SOL/USDT:USDT","stake_amount":65.2454,"max_stake_amount":65.2454,"amount":0.47,"open_date":"2025-06-23 19:30:00+00:00","close_date":"2025-06-26 14:45:00+00:00","open_rate":138.82,"close_rate":143.26,"fee_open":0.0005,"fee_close":0.0005,"trade_duration":4035,"profit_ratio":0.03068630845646004,"profit_abs":2.00314154,"exit_reason":"force_exit","initial_stop_loss_abs":124.94,"initial_stop_loss_ratio":-0.1,"stop_loss_abs":124.94,"stop_loss_ratio":-0.1,"min_rate":138.34,"max_rate":147.99,"is_open":false,"enter_tag":"","leverage":1.0,"is_short":false,"open_timestamp":1750707000000,"close_timestamp":1750949100000,"orders":[{"amount":0.47,"safe_price":138.82,"ft_order_side":"buy","order_filled_timestamp":1750707000000,"ft_is_entry":true,"ft_order_tag":"","cost":65.27802269999998},{"amount":0.47,"safe_price":143.26,"ft_order_side":"sell","order_filled_timestamp":1750949100000,"ft_is_entry":false,"ft_order_tag":"force_exit","cost":67.36586609999998}],"funding_fees":-0.017369661194956098},{"pair":"ETH/USDT:USDT","stake_amount":65.57733,"max_stake_amount":65.57733,"amount":0.027,"open_date":"2025-06-25 19:15:00+00:00","close_date":"2025-06-26 14:45:00+00:00","open_rate":2428.79,"close_rate":2448.32,"fee_open":0.0005,"fee_close":0.0005,"trade_duration":1170,"profit_ratio":0.007006078168323947,"profit_abs":0.45966962,"exit_reason":"force_exit","initial_stop_loss_abs":2185.92,"initial_stop_loss_ratio":-0.1,"stop_loss_abs":2185.92,"stop_loss_ratio":-0.1,"min_rate":2406.69,"max_rate":2520.0,"is_open":false,"enter_tag":"","leverage":1.0,"is_short":false,"open_timestamp":1750878900000,"close_timestamp":1750949100000,"orders":[{"amount":0.027,"safe_price":2428.79,"ft_order_side":"buy","order_filled_timestamp":1750878900000,"ft_is_entry":true,"ft_order_tag":"","cost":65.610118665},{"amount":0.027,"safe_price":2448.32,"ft_order_side":"sell","order_filled_timestamp":1750949100000,"ft_is_entry":false,"ft_order_tag":"force_exit","cost":66.13769232}],"funding_fees":-0.0017993916153},{"pair":"SUI/USDT:USDT","stake_amount":65.73102,"max_stake_amount":65.73102,"amount":24.9,"open_date":"2025-06-26 12:30:00+00:00","close_date":"2025-06-26 14:45:00+00:00","open_rate":2.6398,"close_rate":2.6541,"fee_open":0.0005,"fee_close":0.0005,"trade_duration":135,"profit_ratio":0.004412162507579915,"profit_abs":0.29016095,"exit_reason":"force_exit","initial_stop_loss_abs":2.3759,"initial_stop_loss_ratio":-0.1,"stop_loss_abs":2.3759,"stop_loss_ratio":-0.1,"min_rate":2.6126,"max_rate":2.6647,"is_open":false,"enter_tag":"","leverage":1.0,"is_short":false,"open_timestamp":1750941000000,"close_timestamp":1750949100000,"orders":[{"amount":24.9,"safe_price":2.6398,"ft_order_side":"buy","order_filled_timestamp":1750941000000,"ft_is_entry":true,"ft_order_tag":"","cost":65.76388551},{"amount":24.9,"safe_price":2.6541,"ft_order_side":"sell","order_filled_timestamp":1750949100000,"ft_is_entry":false,"ft_order_tag":"force_exit","cost":66.120133545}],"funding_fees":0.0}],"locks":[],"best_pair":{"key":"SOL/USDT:USDT","trades":5,"profit_mean":0.016219981735856676,"profit_mean_pct":1.62,"profit_sum":0.08109990867928338,"profit_sum_pct":8.11,"profit_total_abs":5.301537509999999,"profit_total":0.005301537509999999,"profit_total_pct":0.53,"duration_avg":"1 day, 9:48:00","wins":3,"draws":0,"losses":2,"winrate":0.6,"cagr":0.048197421583015876,"expectancy":1.060307502,"expectancy_ratio":0.505299927292225,"sortino":1.723856387901437,"sharpe":0.8769736147858886,"calmar":59.305473847714936,"sqn":0.7528,"profit_factor":2.2632498182305625,"max_drawdown_account":0.0041655239304276195,"max_drawdown_abs":4.19674512},"worst_pair":{"key":"SUI/USDT:USDT","trades":8,"profit_mean":-0.011217752546701949,"profit_mean_pct":-1.12,"profit_sum":-0.08974202037361559,"profit_sum_pct":-8.97,"profit_total_abs":-5.958643299999999,"profit_total":-0.005958643299999999,"profit_total_pct":-0.6,"duration_avg":"3:24:00","wins":1,"draws":0,"losses":7,"winrate":0.125,"cagr":-0.05181451040832741,"expectancy":-0.7448304125000001,"expectancy_ratio":-0.8343696936097814,"sortino":-2.8041582467797888,"sharpe":-2.7615654023994494,"calmar":-44.43375780924398,"sqn":-1.96,"profit_factor":0.0464346358745355,"max_drawdown_account":0.006248804250000035,"max_drawdown_abs":6.248804250000001},"results_per_pair":[{"key":"SOL/USDT:USDT","trades":5,"profit_mean":0.016219981735856676,"profit_mean_pct":1.62,"profit_sum":0.08109990867928338,"profit_sum_pct":8.11,"profit_total_abs":5.301537509999999,"profit_total":0.005301537509999999,"profit_total_pct":0.53,"duration_avg":"1 day, 9:48:00","wins":3,"draws":0,"losses":2,"winrate":0.6,"cagr":0.048197421583015876,"expectancy":1.060307502,"expectancy_ratio":0.505299927292225,"sortino":1.723856387901437,"sharpe":0.8769736147858886,"calmar":59.305473847714936,"sqn":0.7528,"profit_factor":2.2632498182305625,"max_drawdown_account":0.0041655239304276195,"max_drawdown_abs":4.19674512},{"key":"ETH/USDT:USDT","trades":7,"profit_mean":0.005233777872395177,"profit_mean_pct":0.52,"profit_sum":0.03663644510676624,"profit_sum_pct":3.66,"profit_total_abs":2.4034800099999996,"profit_total":0.0024034800099999995,"profit_total_pct":0.24,"duration_avg":"22:13:00","wins":5,"draws":0,"losses":2,"winrate":0.7142857142857143,"cagr":0.02160116073697127,"expectancy":0.3433542871428571,"expectancy_ratio":0.193997806071178,"sortino":0.6543905482379953,"sharpe":0.5787083907444908,"calmar":31.805508486162573,"sqn":0.4346,"profit_factor":1.6789923212491236,"max_drawdown_account":0.003521281513659911,"max_drawdown_abs":3.5397749500000004},{"key":"SUI/USDT:USDT","trades":8,"profit_mean":-0.011217752546701949,"profit_mean_pct":-1.12,"profit_sum":-0.08974202037361559,"profit_sum_pct":-8.97,"profit_total_abs":-5.958643299999999,"profit_total":-0.005958643299999999,"profit_total_pct":-0.6,"duration_avg":"3:24:00","wins":1,"draws":0,"losses":7,"winrate":0.125,"cagr":-0.05181451040832741,"expectancy":-0.7448304125000001,"expectancy_ratio":-0.8343696936097814,"sortino":-2.8041582467797888,"sharpe":-2.7615654023994494,"calmar":-44.43375780924398,"sqn":-1.96,"profit_factor":0.0464346358745355,"max_drawdown_account":0.006248804250000035,"max_drawdown_abs":6.248804250000001},{"key":"TOTAL","trades":20,"profit_mean":0.0013997166706217032,"profit_mean_pct":0.14,"profit_sum":0.027994333412434062,"profit_sum_pct":2.8,"profit_total_abs":1.7463742199999988,"profit_total":0.0017463742199999987,"profit_total_pct":0.17,"duration_avg":"17:35:00","wins":9,"draws":0,"losses":11,"winrate":0.45,"cagr":0.015654701193638987,"expectancy":0.087318711,"expectancy_ratio":0.06867955286717331,"sortino":0.6081269962887452,"sharpe":0.3954044879411,"calmar":5.892889943920769,"sqn":0.1849,"profit_factor":1.124871914303951,"max_drawdown_account":0.013809296578660424,"max_drawdown_abs":13.98532432}],"results_per_enter_tag":[{"key":"","trades":20,"profit_mean":0.0013997166706217032,"profit_mean_pct":0.14,"profit_sum":0.027994333412434062,"profit_sum_pct":2.8,"profit_total_abs":1.7463742199999988,"profit_total":0.0017463742199999987,"profit_total_pct":0.17,"duration_avg":"17:35:00","wins":9,"draws":0,"losses":11,"winrate":0.45,"cagr":0.015654701193638987,"expectancy":0.087318711,"expectancy_ratio":0.06867955286717331,"sortino":0.6081269962887452,"sharpe":0.3954044879411,"calmar":5.892889943920769,"sqn":0.1849,"profit_factor":1.124871914303951,"max_drawdown_account":0.013809296578660424,"max_drawdown_abs":13.98532432},{"key":"TOTAL","trades":20,"profit_mean":0.0013997166706217032,"profit_mean_pct":0.14,"profit_sum":0.027994333412434062,"profit_sum_pct":2.8,"profit_total_abs":1.7463742199999988,"profit_total":0.0017463742199999987,"profit_total_pct":0.17,"duration_avg":"17:35:00","wins":9,"draws":0,"losses":11,"winrate":0.45,"cagr":0.015654701193638987,"expectancy":0.087318711,"expectancy_ratio":0.06867955286717331,"sortino":0.6081269962887452,"sharpe":0.3954044879411,"calmar":5.892889943920769,"sqn":0.1849,"profit_factor":1.124871914303951,"max_drawdown_account":0.013809296578660424,"max_drawdown_abs":13.98532432}],"exit_reason_summary":[{"key":"force_exit","trades":3,"profit_mean":0.014034849710787965,"profit_mean_pct":1.4,"profit_sum":0.042104549132363896,"profit_sum_pct":4.21,"profit_total_abs":2.75297211,"profit_total":0.00275297211,"profit_total_pct":0.28,"duration_avg":"1 day, 5:40:00","wins":3,"draws":0,"losses":0,"winrate":1.0,"cagr":0.024776451783428577,"expectancy":0.91765737,"expectancy_ratio":100.0,"sortino":-100,"sharpe":1.6645541331990632,"calmar":-100,"sqn":1.6839,"profit_factor":0.0,"max_drawdown_account":0.0,"max_drawdown_abs":0.0},{"key":"exit_signal","trades":17,"profit_mean":-0.0008300126894076377,"profit_mean_pct":-0.08,"profit_sum":-0.014110215719929842,"profit_sum_pct":-1.41,"profit_total_abs":-1.0065978900000012,"profit_total":-0.0010065978900000011,"profit_total_pct":-0.1,"duration_avg":"15:27:00","wins":6,"draws":0,"losses":11,"winrate":0.35294117647058826,"cagr":-0.008925617570001876,"expectancy":-0.05921164058823525,"expectancy_ratio":-0.046572251852546875,"sortino":-0.3505201487206379,"sharpe":-0.21555237628362892,"calmar":-3.3966205614011393,"sqn":-0.1088,"profit_factor":0.9280247016824276,"max_drawdown_account":0.013809296578660424,"max_drawdown_abs":13.98532432},{"key":"TOTAL","trades":20,"profit_mean":0.0013997166706217032,"profit_mean_pct":0.14,"profit_sum":0.027994333412434062,"profit_sum_pct":2.8,"profit_total_abs":1.7463742199999988,"profit_total":0.0017463742199999987,"profit_total_pct":0.17,"duration_avg":"17:35:00","wins":9,"draws":0,"losses":11,"winrate":0.45,"cagr":0.015654701193638987,"expectancy":0.087318711,"expectancy_ratio":0.06867955286717331,"sortino":0.6081269962887452,"sharpe":0.3954044879411,"calmar":5.892889943920769,"sqn":0.1849,"profit_factor":1.124871914303951,"max_drawdown_account":0.013809296578660424,"max_drawdown_abs":13.98532432}],"mix_tag_stats":[{"key":["","force_exit"],"trades":3,"profit_mean":0.014034849710787965,"profit_mean_pct":1.4,"profit_sum":0.042104549132363896,"profit_sum_pct":4.21,"profit_total_abs":2.75297211,"profit_total":0.00275297211,"profit_total_pct":0.28,"duration_avg":"1 day, 5:40:00","wins":3,"draws":0,"losses":0,"winrate":1.0,"cagr":0.024776451783428577,"expectancy":0.91765737,"expectancy_ratio":100.0,"sortino":-100,"sharpe":1.6645541331990632,"calmar":-100,"sqn":1.6839,"profit_factor":0.0,"max_drawdown_account":0.0,"max_drawdown_abs":0.0},{"key":["","exit_signal"],"trades":17,"profit_mean":-0.0008300126894076377,"profit_mean_pct":-0.08,"profit_sum":-0.014110215719929842,"profit_sum_pct":-1.41,"profit_total_abs":-1.0065978900000012,"profit_total":-0.0010065978900000011,"profit_total_pct":-0.1,"duration_avg":"15:27:00","wins":6,"draws":0,"losses":11,"winrate":0.35294117647058826,"cagr":-0.008925617570001876,"expectancy":-0.05921164058823525,"expectancy_ratio":-0.046572251852546875,"sortino":-0.3505201487206379,"sharpe":-0.21555237628362892,"calmar":-3.3966205614011393,"sqn":-0.1088,"profit_factor":0.9280247016824276,"max_drawdown_account":0.013809296578660424,"max_drawdown_abs":13.98532432},{"key":"TOTAL","trades":20,"profit_mean":0.0013997166706217032,"profit_mean_pct":0.14,"profit_sum":0.027994333412434062,"profit_sum_pct":2.8,"profit_total_abs":1.7463742199999988,"profit_total":0.0017463742199999987,"profit_total_pct":0.17,"duration_avg":"17:35:00","wins":9,"draws":0,"losses":11,"winrate":0.45,"cagr":0.015654701193638987,"expectancy":0.087318711,"expectancy_ratio":0.06867955286717331,"sortino":0.6081269962887452,"sharpe":0.3954044879411,"calmar":5.892889943920769,"sqn":0.1849,"profit_factor":1.124871914303951,"max_drawdown_account":0.013809296578660424,"max_drawdown_abs":13.98532432}],"left_open_trades":[{"key":"SOL/USDT:USDT","trades":1,"profit_mean":0.03068630845646004,"profit_mean_pct":3.07,"profit_sum":0.03068630845646004,"profit_sum_pct":3.07,"profit_total_abs":2.00314154,"profit_total":0.00200314154,"profit_total_pct":0.2,"duration_avg":"2 days, 19:15:00","wins":1,"draws":0,"losses":0,"winrate":1.0,"cagr":0.017974642188427925,"expectancy":2.00314154,"expectancy_ratio":100.0,"sortino":-100,"sharpe":-100,"calmar":-100,"sqn":-100.0,"profit_factor":0.0,"max_drawdown_account":0.0,"max_drawdown_abs":0.0},{"key":"ETH/USDT:USDT","trades":1,"profit_mean":0.007006078168323947,"profit_mean_pct":0.7,"profit_sum":0.007006078168323947,"profit_sum_pct":0.7,"profit_total_abs":0.45966962,"profit_total":0.00045966962,"profit_total_pct":0.05,"duration_avg":"19:30:00","wins":1,"draws":0,"losses":0,"winrate":1.0,"cagr":0.004099621075519755,"expectancy":0.45966962,"expectancy_ratio":100.0,"sortino":-100,"sharpe":-100,"calmar":-100,"sqn":-100.0,"profit_factor":0.0,"max_drawdown_account":0.0,"max_drawdown_abs":0.0},{"key":"SUI/USDT:USDT","trades":1,"profit_mean":0.004412162507579915,"profit_mean_pct":0.44,"profit_sum":0.004412162507579915,"profit_sum_pct":0.44,"profit_total_abs":0.29016095,"profit_total":0.00029016094999999997,"profit_total_pct":0.03,"duration_avg":"2:15:00","wins":1,"draws":0,"losses":0,"winrate":1.0,"cagr":0.0025861036859773368,"expectancy":0.29016095,"expectancy_ratio":100.0,"sortino":-100,"sharpe":-100,"calmar":-100,"sqn":-100.0,"profit_factor":0.0,"max_drawdown_account":0.0,"max_drawdown_abs":0.0},{"key":"TOTAL","trades":3,"profit_mean":0.014034849710787965,"profit_mean_pct":1.4,"profit_sum":0.042104549132363896,"profit_sum_pct":4.21,"profit_total_abs":2.75297211,"profit_total":0.00275297211,"profit_total_pct":0.28,"duration_avg":"1 day, 5:40:00","wins":3,"draws":0,"losses":0,"winrate":1.0,"cagr":0.024776451783428577,"expectancy":0.91765737,"expectancy_ratio":100.0,"sortino":-100,"sharpe":1.6645541331990632,"calmar":-100,"sqn":1.6839,"profit_factor":0.0,"max_drawdown_account":0.0,"max_drawdown_abs":0.0}],"total_trades":20,"trade_count_long":20,"trade_count_short":0,"total_volume":2630.8622237249997,"avg_stake_amount":65.661108,"profit_mean":0.0013997166706217032,"profit_median":-0.0018943966704125619,"profit_total":0.0017463742199999987,"profit_total_long":0.0017463742199999987,"profit_total_short":0.0,"profit_total_abs":1.7463742199999988,"profit_total_long_abs":1.7463742199999988,"profit_total_short_abs":0.0,"cagr":0.015654701193638987,"expectancy":0.087318711,"expectancy_ratio":0.06867955286717331,"sortino":0.6081269962887452,"sharpe":0.3954044879411,"calmar":5.892889943920769,"sqn":0.1849,"profit_factor":1.124871914303951,"backtest_start":"2025-05-16 00:00:00","backtest_start_ts":1747353600000,"backtest_end":"2025-06-26 14:45:00","backtest_end_ts":1750949100000,"backtest_days":41,"backtest_run_start_ts":1750952247,"backtest_run_end_ts":1750952247,"trades_per_day":0.49,"market_change":-0.17586645138119364,"pairlist":["SOL/USDT:USDT","ETH/USDT:USDT","SUI/USDT:USDT"],"stake_amount":"unlimited","stake_currency":"USDT","stake_currency_decimals":3,"starting_balance":1000,"dry_run_wallet":1000,"final_balance":1001.74637422,"rejected_signals":0,"timedout_entry_orders":0,"timedout_exit_orders":0,"canceled_trade_entries":0,"canceled_entry_orders":0,"replaced_entry_orders":0,"max_open_trades":3,"max_open_trades_setting":15,"timeframe":"15m","timeframe_detail":"","timerange":"","enable_protections":false,"strategy_name":"GridBotSample","stoploss":-0.1,"trailing_stop":false,"trailing_stop_positive":null,"trailing_stop_positive_offset":0.0,"trailing_only_offset_is_reached":false,"use_custom_stoploss":false,"minimal_roi":{},"use_exit_signal":true,"exit_profit_only":false,"exit_profit_offset":0.0,"ignore_roi_if_entry_signal":false,"trading_mode":"futures","margin_mode":"isolated","periodic_breakdown":{"day":[{"date":"20/05/2025","date_ts":1747699200000,"profit_abs":3.40419937,"wins":1,"draws":0,"losses":0,"trades":1,"profit_factor":0.0},{"date":"21/05/2025","date_ts":1747785600000,"profit_abs":0.0,"wins":0,"draws":0,"losses":0,"trades":0,"profit_factor":0.0},{"date":"22/05/2025","date_ts":1747872000000,"profit_abs":0.0,"wins":0,"draws":0,"losses":0,"trades":0,"profit_factor":0.0},{"date":"23/05/2025","date_ts":1747958400000,"profit_abs":0.0,"wins":0,"draws":0,"losses":0,"trades":0,"profit_factor":0.0},{"date":"24/05/2025","date_ts":1748044800000,"profit_abs":0.0,"wins":0,"draws":0,"losses":0,"trades":0,"profit_factor":0.0},{"date":"25/05/2025","date_ts":1748131200000,"profit_abs":0.0,"wins":0,"draws":0,"losses":0,"trades":0,"profit_factor":0.0},{"date":"26/05/2025","date_ts":1748217600000,"profit_abs":0.0,"wins":0,"draws":0,"losses":0,"trades":0,"profit_factor":0.0},{"date":"27/05/2025","date_ts":1748304000000,"profit_abs":0.0,"wins":0,"draws":0,"losses":0,"trades":0,"profit_factor":0.0},{"date":"28/05/2025","date_ts":1748390400000,"profit_abs":0.0,"wins":0,"draws":0,"losses":0,"trades":0,"profit_factor":0.0},{"date":"29/05/2025","date_ts":1748476800000,"profit_abs":0.0,"wins":0,"draws":0,"losses":0,"trades":0,"profit_factor":0.0},{"date":"30/05/2025","date_ts":1748563200000,"profit_abs":0.0,"wins":0,"draws":0,"losses":0,"trades":0,"profit_factor":0.0},{"date":"31/05/2025","date_ts":1748649600000,"profit_abs":0.0,"wins":0,"draws":0,"losses":0,"trades":0,"profit_factor":0.0},{"date":"01/06/2025","date_ts":1748736000000,"profit_abs":0.0,"wins":0,"draws":0,"losses":0,"trades":0,"profit_factor":0.0},{"date":"02/06/2025","date_ts":1748822400000,"profit_abs":0.0,"wins":0,"draws":0,"losses":0,"trades":0,"profit_factor":0.0},{"date":"03/06/2025","date_ts":1748908800000,"profit_abs":0.0,"wins":0,"draws":0,"losses":0,"trades":0,"profit_factor":0.0},{"date":"04/06/2025","date_ts":1748995200000,"profit_abs":0.0,"wins":0,"draws":0,"losses":0,"trades":0,"profit_factor":0.0},{"date":"05/06/2025","date_ts":1749081600000,"profit_abs":0.0,"wins":0,"draws":0,"losses":0,"trades":0,"profit_factor":0.0},{"date":"06/06/2025","date_ts":1749168000000,"profit_abs":3.3718813,"wins":1,"draws":0,"losses":0,"trades":1,"profit_factor":0.0},{"date":"07/06/2025","date_ts":1749254400000,"profit_abs":1.74805451,"wins":1,"draws":0,"losses":0,"trades":1,"profit_factor":0.0},{"date":"08/06/2025","date_ts":1749340800000,"profit_abs":0.0,"wins":0,"draws":0,"losses":0,"trades":0,"profit_factor":0.0},{"date":"09/06/2025","date_ts":1749427200000,"profit_abs":0.0,"wins":0,"draws":0,"losses":0,"trades":0,"profit_factor":0.0},{"date":"10/06/2025","date_ts":1749513600000,"profit_abs":0.0,"wins":0,"draws":0,"losses":0,"trades":0,"profit_factor":0.0},{"date":"11/06/2025","date_ts":1749600000000,"profit_abs":0.0,"wins":0,"draws":0,"losses":0,"trades":0,"profit_factor":0.0},{"date":"12/06/2025","date_ts":1749686400000,"profit_abs":0.0,"wins":0,"draws":0,"losses":0,"trades":0,"profit_factor":0.0},{"date":"13/06/2025","date_ts":1749772800000,"profit_abs":0.0,"wins":0,"draws":0,"losses":0,"trades":0,"profit_factor":0.0},{"date":"14/06/2025","date_ts":1749859200000,"profit_abs":0.0,"wins":0,"draws":0,"losses":0,"trades":0,"profit_factor":0.0},{"date":"15/06/2025","date_ts":1749945600000,"profit_abs":4.12325979,"wins":1,"draws":0,"losses":0,"trades":1,"profit_factor":0.0},{"date":"16/06/2025","date_ts":1750032000000,"profit_abs":0.0,"wins":0,"draws":0,"losses":0,"trades":0,"profit_factor":0.0},{"date":"17/06/2025","date_ts":1750118400000,"profit_abs":0.0,"wins":0,"draws":0,"losses":0,"trades":0,"profit_factor":0.0},{"date":"18/06/2025","date_ts":1750204800000,"profit_abs":0.0,"wins":0,"draws":0,"losses":0,"trades":0,"profit_factor":0.0},{"date":"19/06/2025","date_ts":1750291200000,"profit_abs":0.0,"wins":0,"draws":0,"losses":0,"trades":0,"profit_factor":0.0},{"date":"20/06/2025","date_ts":1750377600000,"profit_abs":0.0,"wins":0,"draws":0,"losses":0,"trades":0,"profit_factor":0.0},{"date":"21/06/2025","date_ts":1750464000000,"profit_abs":-6.97155285,"wins":1,"draws":0,"losses":3,"trades":4,"profit_factor":0.01409254},{"date":"22/06/2025","date_ts":1750550400000,"profit_abs":-3.83416972,"wins":0,"draws":0,"losses":2,"trades":2,"profit_factor":0.0},{"date":"23/06/2025","date_ts":1750636800000,"profit_abs":-3.07995053,"wins":0,"draws":0,"losses":6,"trades":6,"profit_factor":0.0},{"date":"24/06/2025","date_ts":1750723200000,"profit_abs":0.0,"wins":0,"draws":0,"losses":0,"trades":0,"profit_factor":0.0},{"date":"25/06/2025","date_ts":1750809600000,"profit_abs":0.23168024,"wins":1,"draws":0,"losses":0,"trades":1,"profit_factor":0.0},{"date":"26/06/2025","date_ts":1750896000000,"profit_abs":2.75297211,"wins":3,"draws":0,"losses":0,"trades":3,"profit_factor":0.0}],"week":[{"date":"26/05/2025","date_ts":1748217600000,"profit_abs":3.40419937,"wins":1,"draws":0,"losses":0,"trades":1,"profit_factor":0.0},{"date":"02/06/2025","date_ts":1748822400000,"profit_abs":0.0,"wins":0,"draws":0,"losses":0,"trades":0,"profit_factor":0.0},{"date":"09/06/2025","date_ts":1749427200000,"profit_abs":5.11993581,"wins":2,"draws":0,"losses":0,"trades":2,"profit_factor":0.0},{"date":"16/06/2025","date_ts":1750032000000,"profit_abs":4.12325979,"wins":1,"draws":0,"losses":0,"trades":1,"profit_factor":0.0},{"date":"23/06/2025","date_ts":1750636800000,"profit_abs":-13.8856731,"wins":1,"draws":0,"losses":11,"trades":12,"profit_factor":0.00712541},{"date":"30/06/2025","date_ts":1751241600000,"profit_abs":2.98465235,"wins":4,"draws":0,"losses":0,"trades":4,"profit_factor":0.0}],"month":[{"date":"31/05/2025","date_ts":1748649600000,"profit_abs":3.40419937,"wins":1,"draws":0,"losses":0,"trades":1,"profit_factor":0.0},{"date":"30/06/2025","date_ts":1751241600000,"profit_abs":-1.65782515,"wins":8,"draws":0,"losses":11,"trades":19,"profit_factor":0.88145966}],"year":[{"date":"31/12/2025","date_ts":1767139200000,"profit_abs":1.74637422,"wins":9,"draws":0,"losses":11,"trades":20,"profit_factor":1.12487191}]},"backtest_best_day":0.06277416392091534,"backtest_worst_day":-0.1062766382401829,"backtest_best_day_abs":4.12325979,"backtest_worst_day_abs":-6.97155285,"winning_days":6,"draw_days":29,"losing_days":3,"daily_profit":[["2025-05-20",3.40419937],["2025-05-21",0.0],["2025-05-22",0.0],["2025-05-23",0.0],["2025-05-24",0.0],["2025-05-25",0.0],["2025-05-26",0.0],["2025-05-27",0.0],["2025-05-28",0.0],["2025-05-29",0.0],["2025-05-30",0.0],["2025-05-31",0.0],["2025-06-01",0.0],["2025-06-02",0.0],["2025-06-03",0.0],["2025-06-04",0.0],["2025-06-05",0.0],["2025-06-06",3.3718813],["2025-06-07",1.74805451],["2025-06-08",0.0],["2025-06-09",0.0],["2025-06-10",0.0],["2025-06-11",0.0],["2025-06-12",0.0],["2025-06-13",0.0],["2025-06-14",0.0],["2025-06-15",4.12325979],["2025-06-16",0.0],["2025-06-17",0.0],["2025-06-18",0.0],["2025-06-19",0.0],["2025-06-20",0.0],["2025-06-21",-6.97155285],["2025-06-22",-3.83416972],["2025-06-23",-3.07995053],["2025-06-24",0.0],["2025-06-25",0.23168024],["2025-06-26",2.75297211]],"wins":9,"losses":11,"draws":0,"winrate":0.45,"holding_avg":"17:35:00","holding_avg_s":63300.0,"winner_holding_min":"0d 02:15","winner_holding_min_s":8100.0,"winner_holding_max":"2d 19:15","winner_holding_max_s":242100.0,"winner_holding_avg":"1d 07:20","winner_holding_avg_s":112800.0,"loser_holding_min":"0d 00:15","loser_holding_min_s":900.0,"loser_holding_max":"1d 05:30","loser_holding_max_s":106200.0,"loser_holding_avg":"0d 06:20","loser_holding_avg_s":22800.0,"max_consecutive_wins":5,"max_consecutive_losses":11,"max_drawdown_account":0.013809296578660424,"max_relative_drawdown":0.013809296578660424,"max_drawdown_abs":13.98532432,"drawdown_start":"2025-06-21 06:15:00","drawdown_start_ts":1750486500000.0,"drawdown_end":"2025-06-23 15:00:00","drawdown_end_ts":1750690800000.0,"max_drawdown_low":-1.2382781299999994,"max_drawdown_high":12.74704619,"csum_min":998.76172187,"csum_max":1012.74704619}},"strategy_comparison":[{"key":"GridBotSample","trades":20,"profit_mean":0.0013997166706217032,"profit_mean_pct":0.14,"profit_sum":0.027994333412434062,"profit_sum_pct":2.8,"profit_total_abs":1.7463742199999988,"profit_total":0.0017463742199999987,"profit_total_pct":0.17,"duration_avg":"17:35:00","wins":9,"draws":0,"losses":11,"winrate":0.45,"cagr":0.015654701193638987,"expectancy":0.087318711,"expectancy_ratio":0.06867955286717331,"sortino":0.6081269962887452,"sharpe":0.3954044879411,"calmar":5.892889943920769,"sqn":0.1849,"profit_factor":1.124871914303951,"max_drawdown_account":0.013809296578660424,"max_drawdown_abs":"13.985"}]}