{"strategy":{"GridBotSample":{"trades":[{"pair":"ETH/USDT:USDT","stake_amount":492.82545,"max_stake_amount":492.82545,"amount":0.195,"open_date":"2025-05-17 00:15:00+00:00","close_date":"2025-05-18 04:30:00+00:00","open_rate":2527.31,"close_rate":2481.15,"fee_open":0.0005,"fee_close":0.0005,"trade_duration":1695,"profit_ratio":-0.01930255167553173,"profit_abs":-9.51754511,"exit_reason":"exit_signal","initial_stop_loss_abs":2274.58,"initial_stop_loss_ratio":-0.1,"stop_loss_abs":2274.58,"stop_loss_ratio":-0.1,"min_rate":2442.65,"max_rate":2527.31,"is_open":false,"enter_tag":"","leverage":1.0,"is_short":false,"open_timestamp":1747440900000,"close_timestamp":1747542600000,"orders":[{"amount":0.195,"safe_price":2527.31,"ft_order_side":"buy","order_filled_timestamp":1747440900000,"ft_is_entry":true,"ft_order_tag":"","cost":493.07186272499996},{"amount":0.195,"safe_price":2481.15,"ft_order_side":"sell","order_filled_timestamp":1747542600000,"ft_is_entry":false,"ft_order_tag":"exit_signal","cost":484.066162125}],"funding_fees":-0.028020262214878244},{"pair":"ETH/USDT:USDT","stake_amount":489.93112,"max_stake_amount":489.93112,"amount":0.197,"open_date":"2025-05-18 04:45:00+00:00","close_date":"2025-05-18 20:00:00+00:00","open_rate":2486.96,"close_rate":2406.78,"fee_open":0.0005,"fee_close":0.0005,"trade_duration":915,"profit_ratio":-0.03325826499955699,"profit_abs":-16.30240615,"exit_reason":"exit_signal","initial_stop_loss_abs":2238.27,"initial_stop_loss_ratio":-0.1,"stop_loss_abs":2238.27,"stop_loss_ratio":-0.1,"min_rate":2312.62,"max_rate":2587.52,"is_open":false,"enter_tag":"","leverage":1.0,"is_short":false,"open_timestamp":1747543500000,"close_timestamp":1747598400000,"orders":[{"amount":0.197,"safe_price":2486.96,"ft_order_side":"buy","order_filled_timestamp":1747543500000,"ft_is_entry":true,"ft_order_tag":"","cost":490.17608556},{"amount":0.197,"safe_price":2406.78,"ft_order_side":"sell","order_filled_timestamp":1747598400000,"ft_is_entry":false,"ft_order_tag":"exit_signal","cost":474.3727278300001}],"funding_fees":-0.024912764157237935},{"pair":"ETH/USDT:USDT","stake_amount":481.56966,"max_stake_amount":481.56966,"amount":0.198,"open_date":"2025-05-19 13:45:00+00:00","close_date":"2025-05-22 03:45:00+00:00","open_rate":2432.17,"close_rate":2634.82,"fee_open":0.0005,"fee_close":0.0005,"trade_duration":3720,"profit_ratio":0.08182421986287598,"profit_abs":39.42376377,"exit_reason":"exit_signal","initial_stop_loss_abs":2188.96,"initial_stop_loss_ratio":-0.1,"stop_loss_abs":2188.96,"stop_loss_ratio":-0.1,"min_rate":2416.4,"max_rate":2647.25,"is_open":false,"enter_tag":"","leverage":1.0,"is_short":false,"open_timestamp":1747662300000,"close_timestamp":1747885500000,"orders":[{"amount":0.198,"safe_price":2432.17,"ft_order_side":"buy","order_filled_timestamp":1747662300000,"ft_is_entry":true,"ft_order_tag":"","cost":481.81044483000005},{"amount":0.198,"safe_price":2634.82,"ft_order_side":"sell","order_filled_timestamp":1747885500000,"ft_is_entry":false,"ft_order_tag":"exit_signal","cost":521.95520718}],"funding_fees":-0.19930421841933585},{"pair":"ETH/USDT:USDT","stake_amount":500.6727,"max_stake_amount":500.6727,"amount":0.198,"open_date":"2025-05-23 23:30:00+00:00","close_date":"2025-05-24 18:15:00+00:00","open_rate":2528.65,"close_rate":2561.57,"fee_open":0.0005,"fee_close":0.0005,"trade_duration":1125,"profit_ratio":0.011844534667905377,"profit_abs":5.93320027,"exit_reason":"exit_signal","initial_stop_loss_abs":2275.79,"initial_stop_loss_ratio":-0.1,"stop_loss_abs":2275.79,"stop_loss_ratio":-0.1,"min_rate":2502.1,"max_rate":2574.5,"is_open":false,"enter_tag":"","leverage":1.0,"is_short":false,"open_timestamp":1748043000000,"close_timestamp":1748110500000,"orders":[{"amount":0.198,"safe_price":2528.65,"ft_order_side":"buy","order_filled_timestamp":1748043000000,"ft_is_entry":true,"ft_order_tag":"","cost":500.92303635},{"amount":0.198,"safe_price":2561.57,"ft_order_side":"sell","order_filled_timestamp":1748110500000,"ft_is_entry":false,"ft_order_tag":"exit_signal","cost":507.44445543}],"funding_fees":-0.08102795338933194},{"pair":"ETH/USDT:USDT","stake_amount":502.3357,"max_stake_amount":502.3357,"amount":0.199,"open_date":"2025-05-24 23:00:00+00:00","close_date":"2025-05-25 19:00:00+00:00","open_rate":2524.3,"close_rate":2514.89,"fee_open":0.0005,"fee_close":0.0005,"trade_duration":1200,"profit_ratio":-0.004905422798941523,"profit_abs":-2.46540108,"exit_reason":"exit_signal","initial_stop_loss_abs":2271.88,"initial_stop_loss_ratio":-0.1,"stop_loss_abs":2271.88,"stop_loss_ratio":-0.1,"min_rate":2457.6,"max_rate":2538.38,"is_open":false,"enter_tag":"","leverage":1.0,"is_short":false,"open_timestamp":1748127600000,"close_timestamp":1748199600000,"orders":[{"amount":0.199,"safe_price":2524.3,"ft_order_side":"buy","order_filled_timestamp":1748127600000,"ft_is_entry":true,"ft_order_tag":"","cost":502.58686785000003},{"amount":0.199,"safe_price":2514.89,"ft_order_side":"sell","order_filled_timestamp":1748199600000,"ft_is_entry":false,"ft_order_tag":"exit_signal","cost":500.71334155499994}],"funding_fees":-0.09141167775539999},{"pair":"ETH/USDT:USDT","stake_amount":501.5397,"max_stake_amount":501.5397,"amount":0.199,"open_date":"2025-05-25 19:30:00+00:00","close_date":"2025-05-25 21:00:00+00:00","open_rate":2520.3,"close_rate":2522.66,"fee_open":0.0005,"fee_close":0.0005,"trade_duration":90,"profit_ratio":-6.403971763275208e-05,"profit_abs":-0.03213452,"exit_reason":"exit_signal","initial_stop_loss_abs":2268.28,"initial_stop_loss_ratio":-0.1,"stop_loss_abs":2268.28,"stop_loss_ratio":-0.1,"min_rate":2509.69,"max_rate":2537.0,"is_open":false,"enter_tag":"","leverage":1.0,"is_short":false,"open_timestamp":1748201400000,"close_timestamp":1748206800000,"orders":[{"amount":0.199,"safe_price":2520.3,"ft_order_side":"buy","order_filled_timestamp":1748201400000,"ft_is_entry":true,"ft_order_tag":"","cost":501.79046985},{"amount":0.199,"safe_price":2522.66,"ft_order_side":"sell","order_filled_timestamp":1748206800000,"ft_is_entry":false,"ft_order_tag":"exit_signal","cost":502.26034467}],"funding_fees":0.0},{"pair":"ETH/USDT:USDT","stake_amount":501.56557,"max_stake_amount":501.56557,"amount":0.199,"open_date":"2025-05-25 21:30:00+00:00","close_date":"2025-05-27 08:30:00+00:00","open_rate":2520.43,"close_rate":2637.32,"fee_open":0.0005,"fee_close":0.0005,"trade_duration":2100,"profit_ratio":0.04505274528127293,"profit_abs":22.60820432,"exit_reason":"exit_signal","initial_stop_loss_abs":2268.39,"initial_stop_loss_ratio":-0.1,"stop_loss_abs":2268.39,"stop_loss_ratio":-0.1,"min_rate":2506.08,"max_rate":2643.44,"is_open":false,"enter_tag":"","leverage":1.0,"is_short":false,"open_timestamp":1748208600000,"close_timestamp":1748334600000,"orders":[{"amount":0.199,"safe_price":2520.43,"ft_order_side":"buy","order_filled_timestamp":1748208600000,"ft_is_entry":true,"ft_order_tag":"","cost":501.81635278499994},{"amount":0.199,"safe_price":2637.32,"ft_order_side":"sell","order_filled_timestamp":1748334600000,"ft_is_entry":false,"ft_order_tag":"exit_signal","cost":525.08909334}],"funding_fees":-0.13970955588566156},{"pair":"ETH/USDT:USDT","stake_amount":512.28471,"max_stake_amount":512.28471,"amount":0.203,"open_date":"2025-05-30 22:45:00+00:00","close_date":"2025-05-31 12:00:00+00:00","open_rate":2523.57,"close_rate":2518.6,"fee_open":0.0005,"fee_close":0.0005,"trade_duration":795,"profit_ratio":-0.0030813080025592493,"profit_abs":-1.57929623,"exit_reason":"exit_signal","initial_stop_loss_abs":2271.22,"initial_stop_loss_ratio":-0.1,"stop_loss_abs":2271.22,"stop_loss_ratio":-0.1,"min_rate":2474.0,"max_rate":2543.45,"is_open":false,"enter_tag":"","leverage":1.0,"is_short":false,"open_timestamp":1748645100000,"close_timestamp":1748692800000,"orders":[{"amount":0.203,"safe_price":2523.57,"ft_order_side":"buy","order_filled_timestamp":1748645100000,"ft_is_entry":true,"ft_order_tag":"","cost":512.540852355},{"amount":0.203,"safe_price":2518.6,"ft_order_side":"sell","order_filled_timestamp":1748692800000,"ft_is_entry":false,"ft_order_tag":"exit_signal","cost":511.53143789999996}],"funding_fees":-0.058605970210575536},{"pair":"ETH/USDT:USDT","stake_amount":513.46617,"max_stake_amount":513.46617,"amount":0.203,"open_date":"2025-05-31 12:15:00+00:00","close_date":"2025-05-31 19:00:00+00:00","open_rate":2529.39,"close_rate":2538.82,"fee_open":0.0005,"fee_close":0.0005,"trade_duration":405,"profit_ratio":0.002697507453294742,"profit_abs":1.38577136,"exit_reason":"exit_signal","initial_stop_loss_abs":2276.46,"initial_stop_loss_ratio":-0.1,"stop_loss_abs":2276.46,"stop_loss_ratio":-0.1,"min_rate":2521.05,"max_rate":2550.0,"is_open":false,"enter_tag":"","leverage":1.0,"is_short":false,"open_timestamp":1748693700000,"close_timestamp":1748718000000,"orders":[{"amount":0.203,"safe_price":2529.39,"ft_order_side":"buy","order_filled_timestamp":1748693700000,"ft_is_entry":true,"ft_order_tag":"","cost":513.722903085},{"amount":0.203,"safe_price":2538.82,"ft_order_side":"sell","order_filled_timestamp":1748718000000,"ft_is_entry":false,"ft_order_tag":"exit_signal","cost":515.6381502300001}],"funding_fees":-0.014095326199363933},{"pair":"ETH/USDT:USDT","stake_amount":513.48038,"max_stake_amount":513.48038,"amount":0.203,"open_date":"2025-05-31 23:45:00+00:00","close_date":"2025-06-01 05:45:00+00:00","open_rate":2529.46,"close_rate":2515.81,"fee_open":0.0005,"fee_close":0.0005,"trade_duration":360,"profit_ratio":-0.006465607252151712,"profit_abs":-3.32162245,"exit_reason":"exit_signal","initial_stop_loss_abs":2276.52,"initial_stop_loss_ratio":-0.1,"stop_loss_abs":2276.52,"stop_loss_ratio":-0.1,"min_rate":2488.52,"max_rate":2530.45,"is_open":false,"enter_tag":"","leverage":1.0,"is_short":false,"open_timestamp":1748735100000,"close_timestamp":1748756700000,"orders":[{"amount":0.203,"safe_price":2529.46,"ft_order_side":"buy","order_filled_timestamp":1748735100000,"ft_is_entry":true,"ft_order_tag":"","cost":513.73712019},{"amount":0.203,"safe_price":2515.81,"ft_order_side":"sell","order_filled_timestamp":1748756700000,"ft_is_entry":false,"ft_order_tag":"exit_signal","cost":510.96478471499995}],"funding_fees":-0.038577545104},{"pair":"ETH/USDT:USDT","stake_amount":511.04438,"max_stake_amount":511.04438,"amount":0.203,"open_date":"2025-06-01 06:00:00+00:00","close_date":"2025-06-03 01:45:00+00:00","open_rate":2517.46,"close_rate":2636.84,"fee_open":0.0005,"fee_close":0.0005,"trade_duration":2625,"profit_ratio":0.046110916037763926,"profit_abs":23.57650686,"exit_reason":"exit_signal","initial_stop_loss_abs":2265.72,"initial_stop_loss_ratio":-0.1,"stop_loss_abs":2265.72,"stop_loss_ratio":-0.1,"min_rate":2465.0,"max_rate":2649.0,"is_open":false,"enter_tag":"","leverage":1.0,"is_short":false,"open_timestamp":1748757600000,"close_timestamp":1748915100000,"orders":[{"amount":0.203,"safe_price":2517.46,"ft_order_side":"buy","order_filled_timestamp":1748757600000,"ft_is_entry":true,"ft_order_tag":"","cost":511.29990219},{"amount":0.203,"safe_price":2636.84,"ft_order_side":"sell","order_filled_timestamp":1748915100000,"ft_is_entry":false,"ft_order_tag":"exit_signal","cost":535.5461592600001}],"funding_fees":-0.1344716893865612},{"pair":"ETH/USDT:USDT","stake_amount":523.31256,"max_stake_amount":523.31256,"amount":0.207,"open_date":"2025-06-05 20:00:00+00:00","close_date":"2025-06-05 20:45:00+00:00","open_rate":2528.08,"close_rate":2417.7,"fee_open":0.0005,"fee_close":0.0005,"trade_duration":45,"profit_ratio":-0.044617453464337736,"profit_abs":-23.36054823,"exit_reason":"exit_signal","initial_stop_loss_abs":2275.28,"initial_stop_loss_ratio":-0.1,"stop_loss_abs":2275.28,"stop_loss_ratio":-0.1,"min_rate":2392.32,"max_rate":2534.79,"is_open":false,"enter_tag":"","leverage":1.0,"is_short":false,"open_timestamp":1749153600000,"close_timestamp":1749156300000,"orders":[{"amount":0.207,"safe_price":2528.08,"ft_order_side":"buy","order_filled_timestamp":1749153600000,"ft_is_entry":true,"ft_order_tag":"","cost":523.57421628},{"amount":0.207,"safe_price":2417.7,"ft_order_side":"sell","order_filled_timestamp":1749156300000,"ft_is_entry":false,"ft_order_tag":"exit_signal","cost":500.7141319499999}],"funding_fees":0.0},{"pair":"ETH/USDT:USDT","stake_amount":501.507,"max_stake_amount":501.507,"amount":0.206,"open_date":"2025-06-06 03:00:00+00:00","close_date":"2025-06-07 08:45:00+00:00","open_rate":2434.5,"close_rate":2485.35,"fee_open":0.0005,"fee_close":0.0005,"trade_duration":1785,"profit_ratio":0.019668409030374857,"profit_abs":9.86877673,"exit_reason":"exit_signal","initial_stop_loss_abs":2191.05,"initial_stop_loss_ratio":-0.1,"stop_loss_abs":2191.05,"stop_loss_ratio":-0.1,"min_rate":2427.12,"max_rate":2529.67,"is_open":false,"enter_tag":"","leverage":1.0,"is_short":false,"open_timestamp":1749178800000,"close_timestamp":1749285900000,"orders":[{"amount":0.206,"safe_price":2434.5,"ft_order_side":"buy","order_filled_timestamp":1749178800000,"ft_is_entry":true,"ft_order_tag":"","cost":501.7577534999999},{"amount":0.206,"safe_price":2485.35,"ft_order_side":"sell","order_filled_timestamp":1749285900000,"ft_is_entry":false,"ft_order_tag":"exit_signal","cost":512.2380910499999}],"funding_fees":-0.09957872011355515},{"pair":"ETH/USDT:USDT","stake_amount":511.42178,"max_stake_amount":511.42178,"amount":0.206,"open_date":"2025-06-07 09:00:00+00:00","close_date":"2025-06-07 10:00:00+00:00","open_rate":2482.63,"close_rate":2485.01,"fee_open":0.0005,"fee_close":0.0005,"trade_duration":60,"profit_ratio":-4.179765649413283e-05,"profit_abs":-0.02138692,"exit_reason":"exit_signal","initial_stop_loss_abs":2234.37,"initial_stop_loss_ratio":-0.1,"stop_loss_abs":2234.37,"stop_loss_ratio":-0.1,"min_rate":2481.91,"max_rate":2489.36,"is_open":false,"enter_tag":"","leverage":1.0,"is_short":false,"open_timestamp":1749286800000,"close_timestamp":1749290400000,"orders":[{"amount":0.206,"safe_price":2482.63,"ft_order_side":"buy","order_filled_timestamp":1749286800000,"ft_is_entry":true,"ft_order_tag":"","cost":511.67749089},{"amount":0.206,"safe_price":2485.01,"ft_order_side":"sell","order_filled_timestamp":1749290400000,"ft_is_entry":false,"ft_order_tag":"exit_signal","cost":512.16801603}],"funding_fees":0.0},{"pair":"ETH/USDT:USDT","stake_amount":510.1548,"max_stake_amount":510.1548,"amount":0.205,"open_date":"2025-06-07 10:15:00+00:00","close_date":"2025-06-07 20:00:00+00:00","open_rate":2488.56,"close_rate":2515.78,"fee_open":0.0005,"fee_close":0.0005,"trade_duration":585,"profit_ratio":0.00985930391009318,"profit_abs":5.0322861,"exit_reason":"exit_signal","initial_stop_loss_abs":2239.71,"initial_stop_loss_ratio":-0.1,"stop_loss_abs":2239.71,"stop_loss_ratio":-0.1,"min_rate":2487.11,"max_rate":2524.9,"is_open":false,"enter_tag":"","leverage":1.0,"is_short":false,"open_timestamp":1749291300000,"close_timestamp":1749326400000,"orders":[{"amount":0.205,"safe_price":2488.56,"ft_order_side":"buy","order_filled_timestamp":1749291300000,"ft_is_entry":true,"ft_order_tag":"","cost":510.4098773999999},{"amount":0.205,"safe_price":2515.78,"ft_order_side":"sell","order_filled_timestamp":1749326400000,"ft_is_entry":false,"ft_order_tag":"exit_signal","cost":515.99276745}],"funding_fees":-0.034869053479688286},{"pair":"ETH/USDT:USDT","stake_amount":514.845,"max_stake_amount":514.845,"amount":0.204,"open_date":"2025-06-07 20:15:00+00:00","close_date":"2025-06-07 21:00:00+00:00","open_rate":2523.75,"close_rate":2520.75,"fee_open":0.0005,"fee_close":0.0005,"trade_duration":45,"profit_ratio":-0.0021870194174829377,"profit_abs":-1.126539,"exit_reason":"exit_signal","initial_stop_loss_abs":2271.38,"initial_stop_loss_ratio":-0.1,"stop_loss_abs":2271.38,"stop_loss_ratio":-0.1,"min_rate":2517.28,"max_rate":2524.12,"is_open":false,"enter_tag":"","leverage":1.0,"is_short":false,"open_timestamp":1749327300000,"close_timestamp":1749330000000,"orders":[{"amount":0.204,"safe_price":2523.75,"ft_order_side":"buy","order_filled_timestamp":1749327300000,"ft_is_entry":true,"ft_order_tag":"","cost":515.1024224999999},{"amount":0.204,"safe_price":2520.75,"ft_order_side":"sell","order_filled_timestamp":1749330000000,"ft_is_entry":false,"ft_order_tag":"exit_signal","cost":514.4901164999999}],"funding_fees":0.0},{"pair":"ETH/USDT:USDT","stake_amount":513.83316,"max_stake_amount":513.83316,"amount":0.204,"open_date":"2025-06-07 21:15:00+00:00","close_date":"2025-06-07 21:30:00+00:00","open_rate":2518.79,"close_rate":2519.35,"fee_open":0.0005,"fee_close":0.0005,"trade_duration":15,"profit_ratio":-0.0007773934923208123,"profit_abs":-0.39965028,"exit_reason":"exit_signal","initial_stop_loss_abs":2266.92,"initial_stop_loss_ratio":-0.1,"stop_loss_abs":2266.92,"stop_loss_ratio":-0.1,"min_rate":2517.22,"max_rate":2522.38,"is_open":false,"enter_tag":"","leverage":1.0,"is_short":false,"open_timestamp":1749330900000,"close_timestamp":1749331800000,"orders":[{"amount":0.204,"safe_price":2518.79,"ft_order_side":"buy","order_filled_timestamp":1749330900000,"ft_is_entry":true,"ft_order_tag":"","cost":514.0900765799998},{"amount":0.204,"safe_price":2519.35,"ft_order_side":"sell","order_filled_timestamp":1749331800000,"ft_is_entry":false,"ft_order_tag":"exit_signal","cost":514.2043736999999}],"funding_fees":0.0},{"pair":"ETH/USDT:USDT","stake_amount":513.94128,"max_stake_amount":513.94128,"amount":0.204,"open_date":"2025-06-07 22:15:00+00:00","close_date":"2025-06-07 22:30:00+00:00","open_rate":2519.32,"close_rate":2522.73,"fee_open":0.0005,"fee_close":0.0005,"trade_duration":15,"profit_ratio":0.00035268673079747067,"profit_abs":0.1813509,"exit_reason":"exit_signal","initial_stop_loss_abs":2267.39,"initial_stop_loss_ratio":-0.1,"stop_loss_abs":2267.39,"stop_loss_ratio":-0.1,"min_rate":2518.68,"max_rate":2545.0,"is_open":false,"enter_tag":"","leverage":1.0,"is_short":false,"open_timestamp":1749334500000,"close_timestamp":1749335400000,"orders":[{"amount":0.204,"safe_price":2519.32,"ft_order_side":"buy","order_filled_timestamp":1749334500000,"ft_is_entry":true,"ft_order_tag":"","cost":514.19825064},{"amount":0.204,"safe_price":2522.73,"ft_order_side":"sell","order_filled_timestamp":1749335400000,"ft_is_entry":false,"ft_order_tag":"exit_signal","cost":514.8942384599999}],"funding_fees":0.0},{"pair":"ETH/USDT:USDT","stake_amount":515.83032,"max_stake_amount":515.83032,"amount":0.204,"open_date":"2025-06-07 23:15:00+00:00","close_date":"2025-06-08 02:30:00+00:00","open_rate":2528.58,"close_rate":2512.84,"fee_open":0.0005,"fee_close":0.0005,"trade_duration":195,"profit_ratio":-0.007317872822326866,"profit_abs":-3.77666807,"exit_reason":"exit_signal","initial_stop_loss_abs":2275.73,"initial_stop_loss_ratio":-0.1,"stop_loss_abs":2275.73,"stop_loss_ratio":-0.1,"min_rate":2510.02,"max_rate":2528.97,"is_open":false,"enter_tag":"","leverage":1.0,"is_short":false,"open_timestamp":1749338100000,"close_timestamp":1749349800000,"orders":[{"amount":0.204,"safe_price":2528.58,"ft_order_side":"buy","order_filled_timestamp":1749338100000,"ft_is_entry":true,"ft_order_tag":"","cost":516.0882351599998},{"amount":0.204,"safe_price":2512.84,"ft_order_side":"sell","order_filled_timestamp":1749349800000,"ft_is_entry":false,"ft_order_tag":"exit_signal","cost":512.87566968}],"funding_fees":-0.051483230534927996},{"pair":"ETH/USDT:USDT","stake_amount":510.28313,"max_stake_amount":510.28313,"amount":0.203,"open_date":"2025-06-08 02:45:00+00:00","close_date":"2025-06-08 03:30:00+00:00","open_rate":2513.71,"close_rate":2509.63,"fee_open":0.0005,"fee_close":0.0005,"trade_duration":45,"profit_ratio":-0.002620976887586059,"profit_abs":-1.33810901,"exit_reason":"exit_signal","initial_stop_loss_abs":2262.34,"initial_stop_loss_ratio":-0.1,"stop_loss_abs":2262.34,"stop_loss_ratio":-0.1,"min_rate":2507.25,"max_rate":2515.0,"is_open":false,"enter_tag":"","leverage":1.0,"is_short":false,"open_timestamp":1749350700000,"close_timestamp":1749353400000,"orders":[{"amount":0.203,"safe_price":2513.71,"ft_order_side":"buy","order_filled_timestamp":1749350700000,"ft_is_entry":true,"ft_order_tag":"","cost":510.538271565},{"amount":0.203,"safe_price":2509.63,"ft_order_side":"sell","order_filled_timestamp":1749353400000,"ft_is_entry":false,"ft_order_tag":"exit_signal","cost":509.709617445}],"funding_fees":0.0},{"pair":"ETH/USDT:USDT","stake_amount":509.19099,"max_stake_amount":509.19099,"amount":0.203,"open_date":"2025-06-08 04:15:00+00:00","close_date":"2025-06-08 04:30:00+00:00","open_rate":2508.33,"close_rate":2510.66,"fee_open":0.0005,"fee_close":0.0005,"trade_duration":15,"profit_ratio":-7.152379181889608e-05,"profit_abs":-0.03643748,"exit_reason":"exit_signal","initial_stop_loss_abs":2257.5,"initial_stop_loss_ratio":-0.1,"stop_loss_abs":2257.5,"stop_loss_ratio":-0.1,"min_rate":2507.96,"max_rate":2517.55,"is_open":false,"enter_tag":"","leverage":1.0,"is_short":false,"open_timestamp":1749356100000,"close_timestamp":1749357000000,"orders":[{"amount":0.203,"safe_price":2508.33,"ft_order_side":"buy","order_filled_timestamp":1749356100000,"ft_is_entry":true,"ft_order_tag":"","cost":509.445585495},{"amount":0.203,"safe_price":2510.66,"ft_order_side":"sell","order_filled_timestamp":1749357000000,"ft_is_entry":false,"ft_order_tag":"exit_signal","cost":509.91881198999994}],"funding_fees":0.0},{"pair":"ETH/USDT:USDT","stake_amount":508.47036,"max_stake_amount":508.47036,"amount":0.202,"open_date":"2025-06-08 04:45:00+00:00","close_date":"2025-06-08 06:15:00+00:00","open_rate":2517.18,"close_rate":2511.88,"fee_open":0.0005,"fee_close":0.0005,"trade_duration":90,"profit_ratio":-0.0031029265637166083,"profit_abs":-1.57853506,"exit_reason":"exit_signal","initial_stop_loss_abs":2265.47,"initial_stop_loss_ratio":-0.1,"stop_loss_abs":2265.47,"stop_loss_ratio":-0.1,"min_rate":2507.69,"max_rate":2519.03,"is_open":false,"enter_tag":"","leverage":1.0,"is_short":false,"open_timestamp":1749357900000,"close_timestamp":1749363300000,"orders":[{"amount":0.202,"safe_price":2517.18,"ft_order_side":"buy","order_filled_timestamp":1749357900000,"ft_is_entry":true,"ft_order_tag":"","cost":508.72459517999994},{"amount":0.202,"safe_price":2511.88,"ft_order_side":"sell","order_filled_timestamp":1749363300000,"ft_is_entry":false,"ft_order_tag":"exit_signal","cost":507.65345988000007}],"funding_fees":0.0},{"pair":"ETH/USDT:USDT","stake_amount":507.65024,"max_stake_amount":507.65024,"amount":0.202,"open_date":"2025-06-08 06:30:00+00:00","close_date":"2025-06-08 06:45:00+00:00","open_rate":2513.12,"close_rate":2515.23,"fee_open":0.0005,"fee_close":0.0005,"trade_duration":15,"profit_ratio":-0.00016074561242330386,"profit_abs":-0.08164335,"exit_reason":"exit_signal","initial_stop_loss_abs":2261.81,"initial_stop_loss_ratio":-0.1,"stop_loss_abs":2261.81,"stop_loss_ratio":-0.1,"min_rate":2511.5,"max_rate":2516.4,"is_open":false,"enter_tag":"","leverage":1.0,"is_short":false,"open_timestamp":1749364200000,"close_timestamp":1749365100000,"orders":[{"amount":0.202,"safe_price":2513.12,"ft_order_side":"buy","order_filled_timestamp":1749364200000,"ft_is_entry":true,"ft_order_tag":"","cost":507.90406512},{"amount":0.202,"safe_price":2515.23,"ft_order_side":"sell","order_filled_timestamp":1749365100000,"ft_is_entry":false,"ft_order_tag":"exit_signal","cost":508.33049823000005}],"funding_fees":0.0},{"pair":"ETH/USDT:USDT","stake_amount":507.71892,"max_stake_amount":507.71892,"amount":0.202,"open_date":"2025-06-08 08:00:00+00:00","close_date":"2025-06-08 08:30:00+00:00","open_rate":2513.46,"close_rate":2514.25,"fee_open":0.0005,"fee_close":0.0005,"trade_duration":30,"profit_ratio":-0.000780682658668381,"profit_abs":-0.39656554,"exit_reason":"exit_signal","initial_stop_loss_abs":2262.12,"initial_stop_loss_ratio":-0.1,"stop_loss_abs":2262.12,"stop_loss_ratio":-0.1,"min_rate":2513.39,"max_rate":2520.19,"is_open":false,"enter_tag":"","leverage":1.0,"is_short":false,"open_timestamp":1749369600000,"close_timestamp":1749371400000,"orders":[{"amount":0.202,"safe_price":2513.46,"ft_order_side":"buy","order_filled_timestamp":1749369600000,"ft_is_entry":true,"ft_order_tag":"","cost":507.97277945999997},{"amount":0.202,"safe_price":2514.25,"ft_order_side":"sell","order_filled_timestamp":1749371400000,"ft_is_entry":false,"ft_order_tag":"exit_signal","cost":508.13243925}],"funding_fees":-0.04834682864934824},{"pair":"SOL/USDT:USDT","stake_amount":523.5392,"max_stake_amount":523.5392,"amount":3.58,"open_date":"2025-06-05 19:30:00+00:00","close_date":"2025-06-08 18:15:00+00:00","open_rate":146.24,"close_rate":153.83,"fee_open":0.0005,"fee_close":0.0005,"trade_duration":4245,"profit_ratio":0.050976018640038805,"profit_abs":26.70128799,"exit_reason":"exit_signal","initial_stop_loss_abs":131.62,"initial_stop_loss_ratio":-0.1,"stop_loss_abs":131.62,"stop_loss_ratio":-0.1,"min_rate":141.43,"max_rate":154.14,"is_open":false,"enter_tag":"","leverage":1.0,"is_short":false,"open_timestamp":1749151800000,"close_timestamp":1749406500000,"orders":[{"amount":3.58,"safe_price":146.24,"ft_order_side":"buy","order_filled_timestamp":1749151800000,"ft_is_entry":true,"ft_order_tag":"","cost":523.8009696},{"amount":3.58,"safe_price":153.83,"ft_order_side":"sell","order_filled_timestamp":1749406500000,"ft_is_entry":false,"ft_order_tag":"exit_signal","cost":550.9867557}],"funding_fees":0.0662132854456445},{"pair":"ETH/USDT:USDT","stake_amount":508.03,"max_stake_amount":508.03,"amount":0.202,"open_date":"2025-06-08 08:45:00+00:00","close_date":"2025-06-08 20:30:00+00:00","open_rate":2515.0,"close_rate":2533.99,"fee_open":0.0005,"fee_close":0.0005,"trade_duration":705,"profit_ratio":0.006496751978320624,"profit_abs":3.30219518,"exit_reason":"exit_signal","initial_stop_loss_abs":2263.5,"initial_stop_loss_ratio":-0.1,"stop_loss_abs":2263.5,"stop_loss_ratio":-0.1,"min_rate":2483.28,"max_rate":2539.68,"is_open":false,"enter_tag":"","leverage":1.0,"is_short":false,"open_timestamp":1749372300000,"close_timestamp":1749414600000,"orders":[{"amount":0.202,"safe_price":2515.0,"ft_order_side":"buy","order_filled_timestamp":1749372300000,"ft_is_entry":true,"ft_order_tag":"","cost":508.284015},{"amount":0.202,"safe_price":2533.99,"ft_order_side":"sell","order_filled_timestamp":1749414600000,"ft_is_entry":false,"ft_order_tag":"exit_signal","cost":512.1219129899999}],"funding_fees":-0.02383683297341413},{"pair":"ETH/USDT:USDT","stake_amount":529.0173,"max_stake_amount":529.0173,"amount":0.21,"open_date":"2025-06-08 22:15:00+00:00","close_date":"2025-06-09 21:30:00+00:00","open_rate":2519.13,"close_rate":2638.76,"fee_open":0.0005,"fee_close":0.0005,"trade_duration":1395,"profit_ratio":0.04631356519228067,"profit_abs":24.51292755,"exit_reason":"exit_signal","initial_stop_loss_abs":2267.22,"initial_stop_loss_ratio":-0.1,"stop_loss_abs":2267.22,"stop_loss_ratio":-0.1,"min_rate":2475.83,"max_rate":2639.88,"is_open":false,"enter_tag":"","leverage":1.0,"is_short":false,"open_timestamp":1749420900000,"close_timestamp":1749504600000,"orders":[{"amount":0.21,"safe_price":2519.13,"ft_order_side":"buy","order_filled_timestamp":1749420900000,"ft_is_entry":true,"ft_order_tag":"","cost":529.2818086499999},{"amount":0.21,"safe_price":2638.76,"ft_order_side":"sell","order_filled_timestamp":1749504600000,"ft_is_entry":false,"ft_order_tag":"exit_signal","cost":554.4166697999999}],"funding_fees":-0.0677940026904711},{"pair":"SOL/USDT:USDT","stake_amount":542.19,"max_stake_amount":542.19,"amount":3.72,"open_date":"2025-06-13 00:30:00+00:00","close_date":"2025-06-13 02:45:00+00:00","open_rate":145.75,"close_rate":141.27,"fee_open":0.0005,"fee_close":0.0005,"trade_duration":135,"profit_ratio":-0.03170634236912419,"profit_abs":-17.1994572,"exit_reason":"exit_signal","initial_stop_loss_abs":131.18,"initial_stop_loss_ratio":-0.1,"stop_loss_abs":131.18,"stop_loss_ratio":-0.1,"min_rate":140.73,"max_rate":146.35,"is_open":false,"enter_tag":"","leverage":1.0,"is_short":false,"open_timestamp":1749774600000,"close_timestamp":1749782700000,"orders":[{"amount":3.72,"safe_price":145.75,"ft_order_side":"buy","order_filled_timestamp":1749774600000,"ft_is_entry":true,"ft_order_tag":"","cost":542.461095},{"amount":3.72,"safe_price":141.27,"ft_order_side":"sell","order_filled_timestamp":1749782700000,"ft_is_entry":false,"ft_order_tag":"exit_signal","cost":525.7871622}],"funding_fees":0.0},{"pair":"ETH/USDT:USDT","stake_amount":533.19908,"max_stake_amount":533.19908,"amount":0.212,"open_date":"2025-06-13 05:45:00+00:00","close_date":"2025-06-15 03:45:00+00:00","open_rate":2515.09,"close_rate":2531.61,"fee_open":0.0005,"fee_close":0.0005,"trade_duration":2760,"profit_ratio":0.00546312139988656,"profit_abs":2.91438777,"exit_reason":"exit_signal","initial_stop_loss_abs":2263.59,"initial_stop_loss_ratio":-0.1,"stop_loss_abs":2263.59,"stop_loss_ratio":-0.1,"min_rate":2486.68,"max_rate":2585.0,"is_open":false,"enter_tag":"","leverage":1.0,"is_short":false,"open_timestamp":1749793500000,"close_timestamp":1749959100000,"orders":[{"amount":0.212,"safe_price":2515.09,"ft_order_side":"buy","order_filled_timestamp":1749793500000,"ft_is_entry":true,"ft_order_tag":"","cost":533.46567954},{"amount":0.212,"safe_price":2531.61,"ft_order_side":"sell","order_filled_timestamp":1749959100000,"ft_is_entry":false,"ft_order_tag":"exit_signal","cost":536.96967066}],"funding_fees":-0.05290202747047096},{"pair":"SOL/USDT:USDT","stake_amount":534.4524,"max_stake_amount":534.4524,"amount":3.72,"open_date":"2025-06-13 05:45:00+00:00","close_date":"2025-06-16 01:45:00+00:00","open_rate":143.67,"close_rate":153.98,"fee_open":0.0005,"fee_close":0.0005,"trade_duration":4080,"profit_ratio":0.07042934776423211,"profit_abs":37.65995451,"exit_reason":"exit_signal","initial_stop_loss_abs":129.31,"initial_stop_loss_ratio":-0.1,"stop_loss_abs":129.31,"stop_loss_ratio":-0.1,"min_rate":141.87,"max_rate":156.72,"is_open":false,"enter_tag":"","leverage":1.0,"is_short":false,"open_timestamp":1749793500000,"close_timestamp":1750038300000,"orders":[{"amount":3.72,"safe_price":143.67,"ft_order_side":"buy","order_filled_timestamp":1749793500000,"ft_is_entry":true,"ft_order_tag":"","cost":534.7196262},{"amount":3.72,"safe_price":153.98,"ft_order_side":"sell","order_filled_timestamp":1750038300000,"ft_is_entry":false,"ft_order_tag":"exit_signal","cost":573.0920028}],"funding_fees":-0.13961649155339004},{"pair":"ETH/USDT:USDT","stake_amount":535.82788,"max_stake_amount":535.82788,"amount":0.212,"open_date":"2025-06-15 07:30:00+00:00","close_date":"2025-06-16 14:00:00+00:00","open_rate":2527.49,"close_rate":2638.33,"fee_open":0.0005,"fee_close":0.0005,"trade_duration":1830,"profit_ratio":0.042513780685529544,"profit_abs":22.79145901,"exit_reason":"exit_signal","initial_stop_loss_abs":2274.75,"initial_stop_loss_ratio":-0.1,"stop_loss_abs":2274.75,"stop_loss_ratio":-0.1,"min_rate":2490.38,"max_rate":2644.7,"is_open":false,"enter_tag":"","leverage":1.0,"is_short":false,"open_timestamp":1749972600000,"close_timestamp":1750082400000,"orders":[{"amount":0.212,"safe_price":2527.49,"ft_order_side":"buy","order_filled_timestamp":1749972600000,"ft_is_entry":true,"ft_order_tag":"","cost":536.0957939399999},{"amount":0.212,"safe_price":2638.33,"ft_order_side":"sell","order_filled_timestamp":1750082400000,"ft_is_entry":false,"ft_order_tag":"exit_signal","cost":559.60562298}],"funding_fees":-0.15904407345424082},{"pair":"SOL/USDT:USDT","stake_amount":564.7335,"max_stake_amount":564.7335,"amount":3.83,"open_date":"2025-06-17 15:30:00+00:00","close_date":"2025-06-18 07:30:00+00:00","open_rate":147.45,"close_rate":147.25,"fee_open":0.0005,"fee_close":0.0005,"trade_duration":960,"profit_ratio":-0.0024077660116436014,"profit_abs":-1.360426,"exit_reason":"force_exit","initial_stop_loss_abs":132.71,"initial_stop_loss_ratio":-0.1,"stop_loss_abs":132.71,"stop_loss_ratio":-0.1,"min_rate":145.55,"max_rate":150.35,"is_open":false,"enter_tag":"","leverage":1.0,"is_short":false,"open_timestamp":1750174200000,"close_timestamp":1750231800000,"orders":[{"amount":3.83,"safe_price":147.45,"ft_order_side":"buy","order_filled_timestamp":1750174200000,"ft_is_entry":true,"ft_order_tag":"","cost":565.0158667499999},{"amount":3.83,"safe_price":147.25,"ft_order_side":"sell","order_filled_timestamp":1750231800000,"ft_is_entry":false,"ft_order_tag":"force_exit","cost":564.24948375}],"funding_fees":-0.030075500130000002},{"pair":"ETH/USDT:USDT","stake_amount":564.52256,"max_stake_amount":564.52256,"amount":0.224,"open_date":"2025-06-17 15:15:00+00:00","close_date":"2025-06-18 07:30:00+00:00","open_rate":2520.19,"close_rate":2524.21,"fee_open":0.0005,"fee_close":0.0005,"trade_duration":975,"profit_ratio":0.0005389639899144736,"profit_abs":0.30440946,"exit_reason":"force_exit","initial_stop_loss_abs":2268.18,"initial_stop_loss_ratio":-0.1,"stop_loss_abs":2268.18,"stop_loss_ratio":-0.1,"min_rate":2451.97,"max_rate":2545.1,"is_open":false,"enter_tag":"","leverage":1.0,"is_short":false,"open_timestamp":1750173300000,"close_timestamp":1750231800000,"orders":[{"amount":0.224,"safe_price":2520.19,"ft_order_side":"buy","order_filled_timestamp":1750173300000,"ft_is_entry":true,"ft_order_tag":"","cost":564.8048212799999},{"amount":0.224,"safe_price":2524.21,"ft_order_side":"sell","order_filled_timestamp":1750231800000,"ft_is_entry":false,"ft_order_tag":"force_exit","cost":565.70575152}],"funding_fees":-0.031097735707668717}],"locks":[],"best_pair":{"key":"ETH/USDT:USDT","trades":29,"profit_mean":0.006551066186440023,"profit_mean_pct":0.66,"profit_sum":0.18998091940676065,"profit_sum_pct":19.0,"profit_total_abs":96.5007508,"profit_total":0.0965007508,"profit_total_pct":9.65,"duration_avg":"14:44:00","wins":13,"draws":0,"losses":16,"winrate":0.4482758620689655,"cagr":1.7702760734098315,"expectancy":3.3276120965517237,"expectancy_ratio":0.8149110031086537,"sortino":8.601272009883125,"sharpe":4.46433980675835,"calmar":216.37534159349178,"sqn":1.407,"profit_factor":2.4770261931344346,"max_drawdown_account":0.02581995126000004,"max_drawdown_abs":25.81995126},"worst_pair":{"key":"SUI/USDT:USDT","trades":0,"profit_mean":0.0,"profit_mean_pct":0.0,"profit_sum":0.0,"profit_sum_pct":0.0,"profit_total_abs":0.0,"profit_total":0.0,"profit_total_pct":0.0,"duration_avg":"0:00","wins":0,"draws":0,"losses":0,"winrate":0.0,"cagr":0.0,"expectancy":0.0,"expectancy_ratio":100.0,"sortino":0,"sharpe":0,"calmar":0,"sqn":0.0,"profit_factor":0.0,"max_drawdown_account":0.0,"max_drawdown_abs":0.0},"results_per_pair":[{"key":"ETH/USDT:USDT","trades":29,"profit_mean":0.006551066186440023,"profit_mean_pct":0.66,"profit_sum":0.18998091940676065,"profit_sum_pct":19.0,"profit_total_abs":96.5007508,"profit_total":0.0965007508,"profit_total_pct":9.65,"duration_avg":"14:44:00","wins":13,"draws":0,"losses":16,"winrate":0.4482758620689655,"cagr":1.7702760734098315,"expectancy":3.3276120965517237,"expectancy_ratio":0.8149110031086537,"sortino":8.601272009883125,"sharpe":4.46433980675835,"calmar":216.37534159349178,"sqn":1.407,"profit_factor":2.4770261931344346,"max_drawdown_account":0.02581995126000004,"max_drawdown_abs":25.81995126},{"key":"SOL/USDT:USDT","trades":4,"profit_mean":0.02182281450587578,"profit_mean_pct":2.18,"profit_sum":0.08729125802350313,"profit_sum_pct":8.73,"profit_total_abs":45.8013593,"profit_total":0.045801359300000004,"profit_total_pct":4.58,"duration_avg":"1 day, 15:15:00","wins":2,"draws":0,"losses":2,"winrate":0.5,"cagr":0.6410430011337866,"expectancy":11.450339825,"expectancy_ratio":1.2338805909080288,"sortino":3.348206544748069,"sharpe":1.2152194431100525,"calmar":158.28516937463243,"sqn":0.9089,"profit_factor":3.4677611818160576,"max_drawdown_account":0.016752153134697946,"max_drawdown_abs":17.1994572},{"key":"SUI/USDT:USDT","trades":0,"profit_mean":0.0,"profit_mean_pct":0.0,"profit_sum":0.0,"profit_sum_pct":0.0,"profit_total_abs":0.0,"profit_total":0.0,"profit_total_pct":0.0,"duration_avg":"0:00","wins":0,"draws":0,"losses":0,"winrate":0.0,"cagr":0.0,"expectancy":0.0,"expectancy_ratio":100.0,"sortino":0,"sharpe":0,"calmar":0,"sqn":0.0,"profit_factor":0.0,"max_drawdown_account":0.0,"max_drawdown_abs":0.0},{"key":"TOTAL","trades":33,"profit_mean":0.00840218719485648,"profit_mean_pct":0.84,"profit_sum":0.27727217743026383,"profit_sum_pct":27.73,"profit_total_abs":142.3021101,"profit_total":0.1423021101,"profit_total_pct":14.23,"duration_avg":"17:42:00","wins":15,"draws":0,"losses":18,"winrate":0.45454545454545453,"cagr":3.356047902470454,"expectancy":4.312185154545454,"expectancy_ratio":0.9252031003686771,"sortino":11.999454594891345,"sharpe":5.791321515693319,"calmar":319.0717940234116,"sqn":1.7148,"profit_factor":2.696205684009242,"max_drawdown_account":0.02581995126000004,"max_drawdown_abs":25.81995126}],"results_per_enter_tag":[{"key":"","trades":33,"profit_mean":0.00840218719485648,"profit_mean_pct":0.84,"profit_sum":0.27727217743026383,"profit_sum_pct":27.73,"profit_total_abs":142.3021101,"profit_total":0.1423021101,"profit_total_pct":14.23,"duration_avg":"17:42:00","wins":15,"draws":0,"losses":18,"winrate":0.45454545454545453,"cagr":3.356047902470454,"expectancy":4.312185154545454,"expectancy_ratio":0.9252031003686771,"sortino":11.999454594891345,"sharpe":5.791321515693319,"calmar":319.0717940234116,"sqn":1.7148,"profit_factor":2.696205684009242,"max_drawdown_account":0.02581995126000004,"max_drawdown_abs":25.81995126},{"key":"TOTAL","trades":33,"profit_mean":0.00840218719485648,"profit_mean_pct":0.84,"profit_sum":0.27727217743026383,"profit_sum_pct":27.73,"profit_total_abs":142.3021101,"profit_total":0.1423021101,"profit_total_pct":14.23,"duration_avg":"17:42:00","wins":15,"draws":0,"losses":18,"winrate":0.45454545454545453,"cagr":3.356047902470454,"expectancy":4.312185154545454,"expectancy_ratio":0.9252031003686771,"sortino":11.999454594891345,"sharpe":5.791321515693319,"calmar":319.0717940234116,"sqn":1.7148,"profit_factor":2.696205684009242,"max_drawdown_account":0.02581995126000004,"max_drawdown_abs":25.81995126}],"exit_reason_summary":[{"key":"exit_signal","trades":31,"profit_mean":0.009004547724257834,"profit_mean_pct":0.9,"profit_sum":0.27914097945199284,"profit_sum_pct":27.91,"profit_total_abs":143.35812664000002,"profit_total":0.14335812664000003,"profit_total_pct":14.34,"duration_avg":"17:48:00","wins":14,"draws":0,"losses":17,"winrate":0.45161290322580644,"cagr":3.4007967513438366,"expectancy":4.6244556980645175,"expectancy_ratio":0.9525262147517484,"sortino":11.828579650283418,"sharpe":5.676568636295251,"calmar":321.4396091717564,"sqn":1.7324,"profit_factor":2.736959568076717,"max_drawdown_account":0.02581995126000004,"max_drawdown_abs":25.81995126},{"key":"force_exit","trades":2,"profit_mean":-0.0009344010108645639,"profit_mean_pct":-0.09,"profit_sum":-0.0018688020217291277,"profit_sum_pct":-0.19,"profit_total_abs":-1.05601654,"profit_total":-0.00105601654,"profit_total_pct":-0.11,"duration_avg":"16:08:00","wins":1,"draws":0,"losses":1,"winrate":0.5,"cagr":-0.011618334307147649,"expectancy":-0.52800827,"expectancy_ratio":-0.3881198021796114,"sortino":-100,"sharpe":-0.7344494178776083,"calmar":-44.93950551000329,"sqn":-0.6343,"profit_factor":0.22376039564077727,"max_drawdown_account":0.0013604259999999613,"max_drawdown_abs":1.360426},{"key":"TOTAL","trades":33,"profit_mean":0.00840218719485648,"profit_mean_pct":0.84,"profit_sum":0.27727217743026383,"profit_sum_pct":27.73,"profit_total_abs":142.3021101,"profit_total":0.1423021101,"profit_total_pct":14.23,"duration_avg":"17:42:00","wins":15,"draws":0,"losses":18,"winrate":0.45454545454545453,"cagr":3.356047902470454,"expectancy":4.312185154545454,"expectancy_ratio":0.9252031003686771,"sortino":11.999454594891345,"sharpe":5.791321515693319,"calmar":319.0717940234116,"sqn":1.7148,"profit_factor":2.696205684009242,"max_drawdown_account":0.02581995126000004,"max_drawdown_abs":25.81995126}],"mix_tag_stats":[{"key":["","exit_signal"],"trades":31,"profit_mean":0.009004547724257834,"profit_mean_pct":0.9,"profit_sum":0.27914097945199284,"profit_sum_pct":27.91,"profit_total_abs":143.35812664000002,"profit_total":0.14335812664000003,"profit_total_pct":14.34,"duration_avg":"17:48:00","wins":14,"draws":0,"losses":17,"winrate":0.45161290322580644,"cagr":3.4007967513438366,"expectancy":4.6244556980645175,"expectancy_ratio":0.9525262147517484,"sortino":11.828579650283418,"sharpe":5.676568636295251,"calmar":321.4396091717564,"sqn":1.7324,"profit_factor":2.736959568076717,"max_drawdown_account":0.02581995126000004,"max_drawdown_abs":25.81995126},{"key":["","force_exit"],"trades":2,"profit_mean":-0.0009344010108645639,"profit_mean_pct":-0.09,"profit_sum":-0.0018688020217291277,"profit_sum_pct":-0.19,"profit_total_abs":-1.05601654,"profit_total":-0.00105601654,"profit_total_pct":-0.11,"duration_avg":"16:08:00","wins":1,"draws":0,"losses":1,"winrate":0.5,"cagr":-0.011618334307147649,"expectancy":-0.52800827,"expectancy_ratio":-0.3881198021796114,"sortino":-100,"sharpe":-0.7344494178776083,"calmar":-44.93950551000329,"sqn":-0.6343,"profit_factor":0.22376039564077727,"max_drawdown_account":0.0013604259999999613,"max_drawdown_abs":1.360426},{"key":"TOTAL","trades":33,"profit_mean":0.00840218719485648,"profit_mean_pct":0.84,"profit_sum":0.27727217743026383,"profit_sum_pct":27.73,"profit_total_abs":142.3021101,"profit_total":0.1423021101,"profit_total_pct":14.23,"duration_avg":"17:42:00","wins":15,"draws":0,"losses":18,"winrate":0.45454545454545453,"cagr":3.356047902470454,"expectancy":4.312185154545454,"expectancy_ratio":0.9252031003686771,"sortino":11.999454594891345,"sharpe":5.791321515693319,"calmar":319.0717940234116,"sqn":1.7148,"profit_factor":2.696205684009242,"max_drawdown_account":0.02581995126000004,"max_drawdown_abs":25.81995126}],"left_open_trades":[{"key":"ETH/USDT:USDT","trades":1,"profit_mean":0.0005389639899144736,"profit_mean_pct":0.05,"profit_sum":0.0005389639899144736,"profit_sum_pct":0.05,"profit_total_abs":0.30440946,"profit_total":0.00030440946,"profit_total_pct":0.03,"duration_avg":"16:15:00","wins":1,"draws":0,"losses":0,"winrate":1.0,"cagr":0.003372113581606717,"expectancy":0.30440946,"expectancy_ratio":100.0,"sortino":-100,"sharpe":-100,"calmar":-100,"sqn":-100.0,"profit_factor":0.0,"max_drawdown_account":0.0,"max_drawdown_abs":0.0},{"key":"SOL/USDT:USDT","trades":1,"profit_mean":-0.0024077660116436014,"profit_mean_pct":-0.24,"profit_sum":-0.0024077660116436014,"profit_sum_pct":-0.24,"profit_total_abs":-1.360426,"profit_total":-0.0013604259999999999,"profit_total_pct":-0.14,"duration_avg":"16:00:00","wins":0,"draws":0,"losses":1,"winrate":0.0,"cagr":-0.014944585099738172,"expectancy":-1.360426,"expectancy_ratio":-1.0,"sortino":-100,"sharpe":-100,"calmar":-57.89385810467679,"sqn":-100.0,"profit_factor":0.0,"max_drawdown_account":0.0013604259999999613,"max_drawdown_abs":1.360426},{"key":"TOTAL","trades":2,"profit_mean":-0.0009344010108645639,"profit_mean_pct":-0.09,"profit_sum":-0.0018688020217291277,"profit_sum_pct":-0.19,"profit_total_abs":-1.05601654,"profit_total":-0.00105601654,"profit_total_pct":-0.11,"duration_avg":"16:08:00","wins":1,"draws":0,"losses":1,"winrate":0.5,"cagr":-0.011618334307147649,"expectancy":-0.52800827,"expectancy_ratio":-0.3881198021796114,"sortino":-100,"sharpe":-0.7344494178776083,"calmar":-44.93950551000329,"sqn":-0.6343,"profit_factor":0.22376039564077727,"max_drawdown_account":0.0013604259999999613,"max_drawdown_abs":1.360426}],"total_trades":33,"trade_count_long":33,"trade_count_short":0,"total_volume":34186.72832175,"avg_stake_amount":515.2844545454545,"profit_mean":0.00840218719485648,"profit_median":-6.403971763275208e-05,"profit_total":0.1423021101,"profit_total_long":0.1423021101,"profit_total_short":0.0,"profit_total_abs":142.3021101,"profit_total_long_abs":142.3021101,"profit_total_short_abs":0.0,"cagr":3.356047902470454,"expectancy":4.312185154545454,"expectancy_ratio":0.9252031003686771,"sortino":11.999454594891345,"sharpe":5.791321515693319,"calmar":319.0717940234116,"sqn":1.7148,"profit_factor":2.696205684009242,"backtest_start":"2025-05-16 00:00:00","backtest_start_ts":1747353600000,"backtest_end":"2025-06-18 07:30:00","backtest_end_ts":1750231800000,"backtest_days":33,"backtest_run_start_ts":1750233780,"backtest_run_end_ts":1750233780,"trades_per_day":1.0,"market_change":-0.13696575106928824,"pairlist":["SOL/USDT:USDT","ETH/USDT:USDT","SUI/USDT:USDT"],"stake_amount":"unlimited","stake_currency":"USDT","stake_currency_decimals":3,"starting_balance":1000,"dry_run_wallet":1000,"final_balance":1142.3021101,"rejected_signals":51,"timedout_entry_orders":0,"timedout_exit_orders":0,"canceled_trade_entries":0,"canceled_entry_orders":0,"replaced_entry_orders":0,"max_open_trades":2,"max_open_trades_setting":2,"timeframe":"15m","timeframe_detail":"","timerange":"","enable_protections":false,"strategy_name":"GridBotSample","stoploss":-0.1,"trailing_stop":false,"trailing_stop_positive":null,"trailing_stop_positive_offset":0.0,"trailing_only_offset_is_reached":false,"use_custom_stoploss":false,"minimal_roi":{},"use_exit_signal":true,"exit_profit_only":false,"exit_profit_offset":0.0,"ignore_roi_if_entry_signal":false,"trading_mode":"futures","margin_mode":"isolated","periodic_breakdown":{"day":[{"date":"18/05/2025","date_ts":1747526400000,"profit_abs":-25.81995126,"wins":0,"draws":0,"losses":2,"trades":2,"profit_factor":0.0},{"date":"19/05/2025","date_ts":1747612800000,"profit_abs":0.0,"wins":0,"draws":0,"losses":0,"trades":0,"profit_factor":0.0},{"date":"20/05/2025","date_ts":1747699200000,"profit_abs":0.0,"wins":0,"draws":0,"losses":0,"trades":0,"profit_factor":0.0},{"date":"21/05/2025","date_ts":1747785600000,"profit_abs":0.0,"wins":0,"draws":0,"losses":0,"trades":0,"profit_factor":0.0},{"date":"22/05/2025","date_ts":1747872000000,"profit_abs":39.42376377,"wins":1,"draws":0,"losses":0,"trades":1,"profit_factor":0.0},{"date":"23/05/2025","date_ts":1747958400000,"profit_abs":0.0,"wins":0,"draws":0,"losses":0,"trades":0,"profit_factor":0.0},{"date":"24/05/2025","date_ts":1748044800000,"profit_abs":5.93320027,"wins":1,"draws":0,"losses":0,"trades":1,"profit_factor":0.0},{"date":"25/05/2025","date_ts":1748131200000,"profit_abs":-2.4975356,"wins":0,"draws":0,"losses":2,"trades":2,"profit_factor":0.0},{"date":"26/05/2025","date_ts":1748217600000,"profit_abs":0.0,"wins":0,"draws":0,"losses":0,"trades":0,"profit_factor":0.0},{"date":"27/05/2025","date_ts":1748304000000,"profit_abs":22.60820432,"wins":1,"draws":0,"losses":0,"trades":1,"profit_factor":0.0},{"date":"28/05/2025","date_ts":1748390400000,"profit_abs":0.0,"wins":0,"draws":0,"losses":0,"trades":0,"profit_factor":0.0},{"date":"29/05/2025","date_ts":1748476800000,"profit_abs":0.0,"wins":0,"draws":0,"losses":0,"trades":0,"profit_factor":0.0},{"date":"30/05/2025","date_ts":1748563200000,"profit_abs":0.0,"wins":0,"draws":0,"losses":0,"trades":0,"profit_factor":0.0},{"date":"31/05/2025","date_ts":1748649600000,"profit_abs":-0.19352487,"wins":1,"draws":0,"losses":1,"trades":2,"profit_factor":0.87746132},{"date":"01/06/2025","date_ts":1748736000000,"profit_abs":-3.32162245,"wins":0,"draws":0,"losses":1,"trades":1,"profit_factor":0.0},{"date":"02/06/2025","date_ts":1748822400000,"profit_abs":0.0,"wins":0,"draws":0,"losses":0,"trades":0,"profit_factor":0.0},{"date":"03/06/2025","date_ts":1748908800000,"profit_abs":23.57650686,"wins":1,"draws":0,"losses":0,"trades":1,"profit_factor":0.0},{"date":"04/06/2025","date_ts":1748995200000,"profit_abs":0.0,"wins":0,"draws":0,"losses":0,"trades":0,"profit_factor":0.0},{"date":"05/06/2025","date_ts":1749081600000,"profit_abs":-23.36054823,"wins":0,"draws":0,"losses":1,"trades":1,"profit_factor":0.0},{"date":"06/06/2025","date_ts":1749168000000,"profit_abs":0.0,"wins":0,"draws":0,"losses":0,"trades":0,"profit_factor":0.0},{"date":"07/06/2025","date_ts":1749254400000,"profit_abs":13.53483753,"wins":3,"draws":0,"losses":3,"trades":6,"profit_factor":9.74582947},{"date":"08/06/2025","date_ts":1749340800000,"profit_abs":22.79552466,"wins":2,"draws":0,"losses":6,"trades":8,"profit_factor":4.16254937},{"date":"09/06/2025","date_ts":1749427200000,"profit_abs":24.51292755,"wins":1,"draws":0,"losses":0,"trades":1,"profit_factor":0.0},{"date":"10/06/2025","date_ts":1749513600000,"profit_abs":0.0,"wins":0,"draws":0,"losses":0,"trades":0,"profit_factor":0.0},{"date":"11/06/2025","date_ts":1749600000000,"profit_abs":0.0,"wins":0,"draws":0,"losses":0,"trades":0,"profit_factor":0.0},{"date":"12/06/2025","date_ts":1749686400000,"profit_abs":0.0,"wins":0,"draws":0,"losses":0,"trades":0,"profit_factor":0.0},{"date":"13/06/2025","date_ts":1749772800000,"profit_abs":-17.1994572,"wins":0,"draws":0,"losses":1,"trades":1,"profit_factor":0.0},{"date":"14/06/2025","date_ts":1749859200000,"profit_abs":0.0,"wins":0,"draws":0,"losses":0,"trades":0,"profit_factor":0.0},{"date":"15/06/2025","date_ts":1749945600000,"profit_abs":2.91438777,"wins":1,"draws":0,"losses":0,"trades":1,"profit_factor":0.0},{"date":"16/06/2025","date_ts":1750032000000,"profit_abs":60.45141352,"wins":2,"draws":0,"losses":0,"trades":2,"profit_factor":0.0},{"date":"17/06/2025","date_ts":1750118400000,"profit_abs":0.0,"wins":0,"draws":0,"losses":0,"trades":0,"profit_factor":0.0},{"date":"18/06/2025","date_ts":1750204800000,"profit_abs":-1.05601654,"wins":1,"draws":0,"losses":1,"trades":2,"profit_factor":0.2237604}],"week":[{"date":"19/05/2025","date_ts":1747612800000,"profit_abs":-25.81995126,"wins":0,"draws":0,"losses":2,"trades":2,"profit_factor":0.0},{"date":"26/05/2025","date_ts":1748217600000,"profit_abs":42.85942844,"wins":2,"draws":0,"losses":2,"trades":4,"profit_factor":18.1606877},{"date":"02/06/2025","date_ts":1748822400000,"profit_abs":19.093057,"wins":2,"draws":0,"losses":2,"trades":4,"profit_factor":4.89581184},{"date":"09/06/2025","date_ts":1749427200000,"profit_abs":61.05924837,"wins":7,"draws":0,"losses":10,"trades":17,"profit_factor":2.90120472},{"date":"16/06/2025","date_ts":1750032000000,"profit_abs":46.16634409,"wins":3,"draws":0,"losses":1,"trades":4,"profit_factor":3.68417448},{"date":"23/06/2025","date_ts":1750636800000,"profit_abs":-1.05601654,"wins":1,"draws":0,"losses":1,"trades":2,"profit_factor":0.2237604}],"month":[{"date":"31/05/2025","date_ts":1748649600000,"profit_abs":39.45415663,"wins":4,"draws":0,"losses":5,"trades":9,"profit_factor":2.31967899},{"date":"30/06/2025","date_ts":1751241600000,"profit_abs":102.84795347,"wins":11,"draws":0,"losses":13,"trades":24,"profit_factor":2.90467679}],"year":[{"date":"31/12/2025","date_ts":1767139200000,"profit_abs":142.3021101,"wins":15,"draws":0,"losses":18,"trades":33,"profit_factor":2.69620568}]},"backtest_best_day":0.11294312844976165,"backtest_worst_day":-0.05256081667508872,"backtest_best_day_abs":60.45141352,"backtest_worst_day_abs":-25.81995126,"winning_days":9,"draw_days":16,"losing_days":7,"daily_profit":[["2025-05-18",-25.81995126],["2025-05-19",0.0],["2025-05-20",0.0],["2025-05-21",0.0],["2025-05-22",39.42376377],["2025-05-23",0.0],["2025-05-24",5.93320027],["2025-05-25",-2.4975356],["2025-05-26",0.0],["2025-05-27",22.60820432],["2025-05-28",0.0],["2025-05-29",0.0],["2025-05-30",0.0],["2025-05-31",-0.19352487],["2025-06-01",-3.32162245],["2025-06-02",0.0],["2025-06-03",23.57650686],["2025-06-04",0.0],["2025-06-05",-23.36054823],["2025-06-06",0.0],["2025-06-07",13.53483753],["2025-06-08",22.79552466],["2025-06-09",24.51292755],["2025-06-10",0.0],["2025-06-11",0.0],["2025-06-12",0.0],["2025-06-13",-17.1994572],["2025-06-14",0.0],["2025-06-15",2.91438777],["2025-06-16",60.45141352],["2025-06-17",0.0],["2025-06-18",-1.05601654]],"wins":15,"losses":18,"draws":0,"winrate":0.45454545454545453,"holding_avg":"17:42:00","holding_avg_s":63720.0,"winner_holding_min":"0d 00:15","winner_holding_min_s":900.0,"winner_holding_max":"2d 22:45","winner_holding_max_s":254700.0,"winner_holding_avg":"1d 07:30","winner_holding_avg_s":113400.0,"loser_holding_min":"0d 00:15","loser_holding_min_s":900.0,"loser_holding_max":"1d 04:15","loser_holding_max_s":101700.0,"loser_holding_avg":"0d 06:12","loser_holding_avg_s":22320.0,"max_consecutive_wins":3,"max_consecutive_losses":6,"max_drawdown_account":0.02581995126000004,"max_relative_drawdown":0.02581995126000004,"max_drawdown_abs":25.81995126,"drawdown_start":"2025-05-18 04:30:00","drawdown_start_ts":1747542600000.0,"drawdown_end":"2025-05-18 20:00:00","drawdown_end_ts":1747598400000.0,"max_drawdown_low":-25.81995126,"max_drawdown_high":-9.51754511,"csum_min":974.18004874,"csum_max":1143.3581266400001}},"strategy_comparison":[{"key":"GridBotSample","trades":33,"profit_mean":0.00840218719485648,"profit_mean_pct":0.84,"profit_sum":0.27727217743026383,"profit_sum_pct":27.73,"profit_total_abs":142.3021101,"profit_total":0.1423021101,"profit_total_pct":14.23,"duration_avg":"17:42:00","wins":15,"draws":0,"losses":18,"winrate":0.45454545454545453,"cagr":3.356047902470454,"expectancy":4.312185154545454,"expectancy_ratio":0.9252031003686771,"sortino":11.999454594891345,"sharpe":5.791321515693319,"calmar":319.0717940234116,"sqn":1.7148,"profit_factor":2.696205684009242,"max_drawdown_account":0.02581995126000004,"max_drawdown_abs":"25.82"}]}