{"strategy":{"SimpleGridDowntrend":{"trades":[{"pair":"ETH/USDT:USDT","stake_amount":988.83296,"max_stake_amount":988.83296,"amount":0.412,"open_date":"2025-05-19 12:15:00+00:00","close_date":"2025-05-19 15:45:00+00:00","open_rate":2400.08,"close_rate":2465.43,"fee_open":0.0005,"fee_close":0.0005,"trade_duration":210,"profit_ratio":0.026201544156424172,"profit_abs":25.92190494,"exit_reason":"exit_signal","initial_stop_loss_abs":2256.08,"initial_stop_loss_ratio":-0.06,"stop_loss_abs":2256.08,"stop_loss_ratio":-0.06,"min_rate":2383.0,"max_rate":2473.0,"is_open":false,"enter_tag":"","leverage":1.0,"is_short":false,"open_timestamp":1747656900000,"close_timestamp":1747669500000,"orders":[{"amount":0.412,"safe_price":2400.08,"ft_order_side":"buy","order_filled_timestamp":1747656900000,"ft_is_entry":true,"ft_order_tag":"","cost":989.3273764799999},{"amount":0.412,"safe_price":2465.43,"ft_order_side":"sell","order_filled_timestamp":1747669500000,"ft_is_entry":false,"ft_order_tag":"exit_signal","cost":1016.2650385799998}],"funding_fees":0.0},{"pair":"SOL/USDT:USDT","stake_amount":1014.255,"max_stake_amount":1014.255,"amount":6.75,"open_date":"2025-06-05 14:00:00+00:00","close_date":"2025-06-05 15:45:00+00:00","open_rate":150.26,"close_rate":151.41,"fee_open":0.0005,"fee_close":0.0005,"trade_duration":105,"profit_ratio":0.006646250946136142,"profit_abs":6.74436375,"exit_reason":"exit_signal","initial_stop_loss_abs":141.25,"initial_stop_loss_ratio":-0.06,"stop_loss_abs":141.25,"stop_loss_ratio":-0.06,"min_rate":148.32,"max_rate":151.64,"is_open":false,"enter_tag":"","leverage":1.0,"is_short":false,"open_timestamp":1749132000000,"close_timestamp":1749138300000,"orders":[{"amount":6.75,"safe_price":150.26,"ft_order_side":"buy","order_filled_timestamp":1749132000000,"ft_is_entry":true,"ft_order_tag":"","cost":1014.7621274999998},{"amount":6.75,"safe_price":151.41,"ft_order_side":"sell","order_filled_timestamp":1749138300000,"ft_is_entry":false,"ft_order_tag":"exit_signal","cost":1022.5285087499999}],"funding_fees":0.0},{"pair":"SOL/USDT:USDT","stake_amount":1020.924,"max_stake_amount":1020.924,"amount":6.85,"open_date":"2025-06-05 16:30:00+00:00","close_date":"2025-06-05 17:45:00+00:00","open_rate":149.04,"close_rate":149.23,"fee_open":0.0005,"fee_close":0.0005,"trade_duration":75,"profit_ratio":0.0002740511118568467,"profit_abs":0.27992525,"exit_reason":"exit_signal","initial_stop_loss_abs":140.1,"initial_stop_loss_ratio":-0.06,"stop_loss_abs":140.1,"stop_loss_ratio":-0.06,"min_rate":148.21,"max_rate":149.75,"is_open":false,"enter_tag":"","leverage":1.0,"is_short":false,"open_timestamp":1749141000000,"close_timestamp":1749145500000,"orders":[{"amount":6.85,"safe_price":149.04,"ft_order_side":"buy","order_filled_timestamp":1749141000000,"ft_is_entry":true,"ft_order_tag":"","cost":1021.4344619999998},{"amount":6.85,"safe_price":149.23,"ft_order_side":"sell","order_filled_timestamp":1749145500000,"ft_is_entry":false,"ft_order_tag":"exit_signal","cost":1022.7366127499998}],"funding_fees":0.0},{"pair":"SOL/USDT:USDT","stake_amount":1021.68,"max_stake_amount":1021.68,"amount":6.88,"open_date":"2025-06-05 18:15:00+00:00","close_date":"2025-06-05 18:45:00+00:00","open_rate":148.5,"close_rate":149.57,"fee_open":0.0005,"fee_close":0.0005,"trade_duration":30,"profit_ratio":0.006198685169199912,"profit_abs":6.3362392,"exit_reason":"exit_signal","initial_stop_loss_abs":139.59,"initial_stop_loss_ratio":-0.06,"stop_loss_abs":139.59,"stop_loss_ratio":-0.06,"min_rate":148.28,"max_rate":149.99,"is_open":false,"enter_tag":"","leverage":1.0,"is_short":false,"open_timestamp":1749147300000,"close_timestamp":1749149100000,"orders":[{"amount":6.88,"safe_price":148.5,"ft_order_side":"buy","order_filled_timestamp":1749147300000,"ft_is_entry":true,"ft_order_tag":"","cost":1022.1908399999999},{"amount":6.88,"safe_price":149.57,"ft_order_side":"sell","order_filled_timestamp":1749149100000,"ft_is_entry":false,"ft_order_tag":"exit_signal","cost":1029.5561208}],"funding_fees":0.0},{"pair":"SOL/USDT:USDT","stake_amount":1028.0672,"max_stake_amount":1028.0672,"amount":7.03,"open_date":"2025-06-05 19:30:00+00:00","close_date":"2025-06-05 22:00:00+00:00","open_rate":146.24,"close_rate":144.19,"fee_open":0.0005,"fee_close":0.0005,"trade_duration":150,"profit_ratio":-0.015003541719293528,"profit_abs":-15.43236145,"exit_reason":"exit_signal","initial_stop_loss_abs":137.47,"initial_stop_loss_ratio":-0.06,"stop_loss_abs":137.47,"stop_loss_ratio":-0.06,"min_rate":141.43,"max_rate":147.17,"is_open":false,"enter_tag":"","leverage":1.0,"is_short":false,"open_timestamp":1749151800000,"close_timestamp":1749160800000,"orders":[{"amount":7.03,"safe_price":146.24,"ft_order_side":"buy","order_filled_timestamp":1749151800000,"ft_is_entry":true,"ft_order_tag":"","cost":1028.5812336000001},{"amount":7.03,"safe_price":144.19,"ft_order_side":"sell","order_filled_timestamp":1749160800000,"ft_is_entry":false,"ft_order_tag":"exit_signal","cost":1014.16252785}],"funding_fees":0.0},{"pair":"SOL/USDT:USDT","stake_amount":1013.565,"max_stake_amount":1013.565,"amount":6.86,"open_date":"2025-06-06 09:30:00+00:00","close_date":"2025-06-06 11:00:00+00:00","open_rate":147.75,"close_rate":148.44,"fee_open":0.0005,"fee_close":0.0005,"trade_duration":90,"profit_ratio":0.0036658827946432875,"profit_abs":3.7174683,"exit_reason":"exit_signal","initial_stop_loss_abs":138.89,"initial_stop_loss_ratio":-0.06,"stop_loss_abs":138.89,"stop_loss_ratio":-0.06,"min_rate":147.33,"max_rate":148.83,"is_open":false,"enter_tag":"","leverage":1.0,"is_short":false,"open_timestamp":1749202200000,"close_timestamp":1749207600000,"orders":[{"amount":6.86,"safe_price":147.75,"ft_order_side":"buy","order_filled_timestamp":1749202200000,"ft_is_entry":true,"ft_order_tag":"","cost":1014.0717825},{"amount":6.86,"safe_price":148.44,"ft_order_side":"sell","order_filled_timestamp":1749207600000,"ft_is_entry":false,"ft_order_tag":"exit_signal","cost":1018.8075491999999}],"funding_fees":0.0},{"pair":"SOL/USDT:USDT","stake_amount":1017.2778,"max_stake_amount":1017.2778,"amount":6.79,"open_date":"2025-06-06 17:15:00+00:00","close_date":"2025-06-06 19:00:00+00:00","open_rate":149.82,"close_rate":148.82,"fee_open":0.0005,"fee_close":0.0005,"trade_duration":105,"profit_ratio":-0.007667505187467673,"profit_abs":-7.8038828,"exit_reason":"exit_signal","initial_stop_loss_abs":140.84,"initial_stop_loss_ratio":-0.06,"stop_loss_abs":140.84,"stop_loss_ratio":-0.06,"min_rate":148.32,"max_rate":150.25,"is_open":false,"enter_tag":"","leverage":1.0,"is_short":false,"open_timestamp":1749230100000,"close_timestamp":1749236400000,"orders":[{"amount":6.79,"safe_price":149.82,"ft_order_side":"buy","order_filled_timestamp":1749230100000,"ft_is_entry":true,"ft_order_tag":"","cost":1017.7864388999999},{"amount":6.79,"safe_price":148.82,"ft_order_side":"sell","order_filled_timestamp":1749236400000,"ft_is_entry":false,"ft_order_tag":"exit_signal","cost":1010.9930439}],"funding_fees":0.0},{"pair":"SOL/USDT:USDT","stake_amount":1008.9508,"max_stake_amount":1008.9508,"amount":6.82,"open_date":"2025-06-06 23:15:00+00:00","close_date":"2025-06-07 05:45:00+00:00","open_rate":147.94,"close_rate":151.0,"fee_open":0.0005,"fee_close":0.0005,"trade_duration":390,"profit_ratio":0.019601879510867136,"profit_abs":19.78722068,"exit_reason":"exit_signal","initial_stop_loss_abs":139.07,"initial_stop_loss_ratio":-0.06,"stop_loss_abs":139.07,"stop_loss_ratio":-0.06,"min_rate":146.84,"max_rate":151.29,"is_open":false,"enter_tag":"","leverage":1.0,"is_short":false,"open_timestamp":1749251700000,"close_timestamp":1749275100000,"orders":[{"amount":6.82,"safe_price":147.94,"ft_order_side":"buy","order_filled_timestamp":1749251700000,"ft_is_entry":true,"ft_order_tag":"","cost":1009.4552754},{"amount":6.82,"safe_price":151.0,"ft_order_side":"sell","order_filled_timestamp":1749275100000,"ft_is_entry":false,"ft_order_tag":"exit_signal","cost":1030.3349099999998}],"funding_fees":-0.062593923854},{"pair":"SOL/USDT:USDT","stake_amount":1028.1082,"max_stake_amount":1028.1082,"amount":6.86,"open_date":"2025-06-07 23:45:00+00:00","close_date":"2025-06-08 02:45:00+00:00","open_rate":149.87,"close_rate":150.11,"fee_open":0.0005,"fee_close":0.0005,"trade_duration":180,"profit_ratio":0.0006010272065724696,"profit_abs":0.61822996,"exit_reason":"exit_signal","initial_stop_loss_abs":140.88,"initial_stop_loss_ratio":-0.06,"stop_loss_abs":140.88,"stop_loss_ratio":-0.06,"min_rate":149.05,"max_rate":150.31,"is_open":false,"enter_tag":"","leverage":1.0,"is_short":false,"open_timestamp":1749339900000,"close_timestamp":1749350700000,"orders":[{"amount":6.86,"safe_price":149.87,"ft_order_side":"buy","order_filled_timestamp":1749339900000,"ft_is_entry":true,"ft_order_tag":"","cost":1028.6222541},{"amount":6.86,"safe_price":150.11,"ft_order_side":"sell","order_filled_timestamp":1749350700000,"ft_is_entry":false,"ft_order_tag":"exit_signal","cost":1030.2694773}],"funding_fees":0.000761358472},{"pair":"SOL/USDT:USDT","stake_amount":1029.6416,"max_stake_amount":1029.6416,"amount":6.89,"open_date":"2025-06-08 04:15:00+00:00","close_date":"2025-06-08 15:00:00+00:00","open_rate":149.44,"close_rate":150.27,"fee_open":0.0005,"fee_close":0.0005,"trade_duration":645,"profit_ratio":0.004507139688936063,"profit_abs":4.64305889,"exit_reason":"exit_signal","initial_stop_loss_abs":140.48,"initial_stop_loss_ratio":-0.06,"stop_loss_abs":140.48,"stop_loss_ratio":-0.06,"min_rate":147.59,"max_rate":151.36,"is_open":false,"enter_tag":"","leverage":1.0,"is_short":false,"open_timestamp":1749356100000,"close_timestamp":1749394800000,"orders":[{"amount":6.89,"safe_price":149.44,"ft_order_side":"buy","order_filled_timestamp":1749356100000,"ft_is_entry":true,"ft_order_tag":"","cost":1030.1564208},{"amount":6.89,"safe_price":150.27,"ft_order_side":"sell","order_filled_timestamp":1749394800000,"ft_is_entry":false,"ft_order_tag":"exit_signal","cost":1035.87798015}],"funding_fees":-0.043140158568},{"pair":"SOL/USDT:USDT","stake_amount":1033.1555,"max_stake_amount":1033.1555,"amount":6.89,"open_date":"2025-06-09 05:45:00+00:00","close_date":"2025-06-09 09:45:00+00:00","open_rate":149.95,"close_rate":153.58,"fee_open":0.0005,"fee_close":0.0005,"trade_duration":240,"profit_ratio":0.02315558899694773,"profit_abs":23.93528579,"exit_reason":"exit_signal","initial_stop_loss_abs":140.96,"initial_stop_loss_ratio":-0.06,"stop_loss_abs":140.96,"stop_loss_ratio":-0.06,"min_rate":149.5,"max_rate":154.43,"is_open":false,"enter_tag":"","leverage":1.0,"is_short":false,"open_timestamp":1749447900000,"close_timestamp":1749462300000,"orders":[{"amount":6.89,"safe_price":149.95,"ft_order_side":"buy","order_filled_timestamp":1749447900000,"ft_is_entry":true,"ft_order_tag":"","cost":1033.6720777499997},{"amount":6.89,"safe_price":153.58,"ft_order_side":"sell","order_filled_timestamp":1749462300000,"ft_is_entry":false,"ft_order_tag":"exit_signal","cost":1058.6952831}],"funding_fees":-0.029753357088},{"pair":"SOL/USDT:USDT","stake_amount":1056.7661,"max_stake_amount":1056.7661,"amount":7.33,"open_date":"2025-06-13 10:15:00+00:00","close_date":"2025-06-13 10:30:00+00:00","open_rate":144.17,"close_rate":144.06,"fee_open":0.0005,"fee_close":0.0005,"trade_duration":15,"profit_ratio":-0.001761725782042044,"profit_abs":-1.86266295,"exit_reason":"exit_signal","initial_stop_loss_abs":135.52,"initial_stop_loss_ratio":-0.06,"stop_loss_abs":135.52,"stop_loss_ratio":-0.06,"min_rate":143.71,"max_rate":144.63,"is_open":false,"enter_tag":"","leverage":1.0,"is_short":false,"open_timestamp":1749809700000,"close_timestamp":1749810600000,"orders":[{"amount":7.33,"safe_price":144.17,"ft_order_side":"buy","order_filled_timestamp":1749809700000,"ft_is_entry":true,"ft_order_tag":"","cost":1057.2944830499998},{"amount":7.33,"safe_price":144.06,"ft_order_side":"sell","order_filled_timestamp":1749810600000,"ft_is_entry":false,"ft_order_tag":"exit_signal","cost":1056.4877799}],"funding_fees":0.0},{"pair":"SOL/USDT:USDT","stake_amount":1055.6649,"max_stake_amount":1055.6649,"amount":7.29,"open_date":"2025-06-13 13:30:00+00:00","close_date":"2025-06-13 19:45:00+00:00","open_rate":144.81,"close_rate":144.96,"fee_open":0.0005,"fee_close":0.0005,"trade_duration":375,"profit_ratio":2.4502374618663757e-05,"profit_abs":0.02587923,"exit_reason":"exit_signal","initial_stop_loss_abs":136.13,"initial_stop_loss_ratio":-0.06,"stop_loss_abs":136.13,"stop_loss_ratio":-0.06,"min_rate":143.83,"max_rate":148.44,"is_open":false,"enter_tag":"","leverage":1.0,"is_short":false,"open_timestamp":1749821400000,"close_timestamp":1749843900000,"orders":[{"amount":7.29,"safe_price":144.81,"ft_order_side":"buy","order_filled_timestamp":1749821400000,"ft_is_entry":true,"ft_order_tag":"","cost":1056.19273245},{"amount":7.29,"safe_price":144.96,"ft_order_side":"sell","order_filled_timestamp":1749843900000,"ft_is_entry":false,"ft_order_tag":"exit_signal","cost":1057.2867792000002}],"funding_fees":-0.011409124104000001},{"pair":"SOL/USDT:USDT","stake_amount":1055.664,"max_stake_amount":1055.664,"amount":7.2,"open_date":"2025-06-14 03:15:00+00:00","close_date":"2025-06-14 03:45:00+00:00","open_rate":146.62,"close_rate":146.86,"fee_open":0.0005,"fee_close":0.0005,"trade_duration":30,"profit_ratio":0.0006357481469332173,"profit_abs":0.671472,"exit_reason":"exit_signal","initial_stop_loss_abs":137.83,"initial_stop_loss_ratio":-0.06,"stop_loss_abs":137.83,"stop_loss_ratio":-0.06,"min_rate":146.42,"max_rate":147.14,"is_open":false,"enter_tag":"","leverage":1.0,"is_short":false,"open_timestamp":1749870900000,"close_timestamp":1749872700000,"orders":[{"amount":7.2,"safe_price":146.62,"ft_order_side":"buy","order_filled_timestamp":1749870900000,"ft_is_entry":true,"ft_order_tag":"","cost":1056.191832},{"amount":7.2,"safe_price":146.86,"ft_order_side":"sell","order_filled_timestamp":1749872700000,"ft_is_entry":false,"ft_order_tag":"exit_signal","cost":1057.920696}],"funding_fees":0.0},{"pair":"SOL/USDT:USDT","stake_amount":1056.265,"max_stake_amount":1056.265,"amount":7.21,"open_date":"2025-06-14 06:15:00+00:00","close_date":"2025-06-14 09:00:00+00:00","open_rate":146.5,"close_rate":145.75,"fee_open":0.0005,"fee_close":0.0005,"trade_duration":165,"profit_ratio":-0.006135359041046759,"profit_abs":-6.4838053,"exit_reason":"exit_signal","initial_stop_loss_abs":137.71,"initial_stop_loss_ratio":-0.06,"stop_loss_abs":137.71,"stop_loss_ratio":-0.06,"min_rate":145.1,"max_rate":146.63,"is_open":false,"enter_tag":"","leverage":1.0,"is_short":false,"open_timestamp":1749881700000,"close_timestamp":1749891600000,"orders":[{"amount":7.21,"safe_price":146.5,"ft_order_side":"buy","order_filled_timestamp":1749881700000,"ft_is_entry":true,"ft_order_tag":"","cost":1056.7931325},{"amount":7.21,"safe_price":145.75,"ft_order_side":"sell","order_filled_timestamp":1749891600000,"ft_is_entry":false,"ft_order_tag":"exit_signal","cost":1051.38292875}],"funding_fees":-0.022744052429000003},{"pair":"SOL/USDT:USDT","stake_amount":1050.3792,"max_stake_amount":1050.3792,"amount":7.24,"open_date":"2025-06-14 10:00:00+00:00","close_date":"2025-06-14 11:00:00+00:00","open_rate":145.08,"close_rate":145.55,"fee_open":0.0005,"fee_close":0.0005,"trade_duration":60,"profit_ratio":0.0022368537264315183,"profit_abs":2.3507194,"exit_reason":"exit_signal","initial_stop_loss_abs":136.38,"initial_stop_loss_ratio":-0.06,"stop_loss_abs":136.38,"stop_loss_ratio":-0.06,"min_rate":145.02,"max_rate":145.85,"is_open":false,"enter_tag":"","leverage":1.0,"is_short":false,"open_timestamp":1749895200000,"close_timestamp":1749898800000,"orders":[{"amount":7.24,"safe_price":145.08,"ft_order_side":"buy","order_filled_timestamp":1749895200000,"ft_is_entry":true,"ft_order_tag":"","cost":1050.9043896},{"amount":7.24,"safe_price":145.55,"ft_order_side":"sell","order_filled_timestamp":1749898800000,"ft_is_entry":false,"ft_order_tag":"exit_signal","cost":1054.3088910000001}],"funding_fees":0.0},{"pair":"SOL/USDT:USDT","stake_amount":1052.1925,"max_stake_amount":1052.1925,"amount":7.25,"open_date":"2025-06-14 12:45:00+00:00","close_date":"2025-06-14 19:45:00+00:00","open_rate":145.13,"close_rate":144.1,"fee_open":0.0005,"fee_close":0.0005,"trade_duration":420,"profit_ratio":-0.00808471658078207,"profit_abs":-8.51093149,"exit_reason":"exit_signal","initial_stop_loss_abs":136.43,"initial_stop_loss_ratio":-0.06,"stop_loss_abs":136.43,"stop_loss_ratio":-0.06,"min_rate":142.84,"max_rate":145.85,"is_open":false,"enter_tag":"","leverage":1.0,"is_short":false,"open_timestamp":1749905100000,"close_timestamp":1749930300000,"orders":[{"amount":7.25,"safe_price":145.13,"ft_order_side":"buy","order_filled_timestamp":1749905100000,"ft_is_entry":true,"ft_order_tag":"","cost":1052.7185962499998},{"amount":7.25,"safe_price":144.1,"ft_order_side":"sell","order_filled_timestamp":1749930300000,"ft_is_entry":false,"ft_order_tag":"exit_signal","cost":1045.2473624999998}],"funding_fees":0.0050272620009},{"pair":"SOL/USDT:USDT","stake_amount":1043.3076,"max_stake_amount":1043.3076,"amount":7.34,"open_date":"2025-06-14 20:15:00+00:00","close_date":"2025-06-14 23:00:00+00:00","open_rate":142.14,"close_rate":144.22,"fee_open":0.0005,"fee_close":0.0005,"trade_duration":165,"profit_ratio":0.013619333572273944,"profit_abs":14.2162588,"exit_reason":"exit_signal","initial_stop_loss_abs":133.62,"initial_stop_loss_ratio":-0.06,"stop_loss_abs":133.62,"stop_loss_ratio":-0.06,"min_rate":141.87,"max_rate":144.86,"is_open":false,"enter_tag":"","leverage":1.0,"is_short":false,"open_timestamp":1749932100000,"close_timestamp":1749942000000,"orders":[{"amount":7.34,"safe_price":142.14,"ft_order_side":"buy","order_filled_timestamp":1749932100000,"ft_is_entry":true,"ft_order_tag":"","cost":1043.8292537999998},{"amount":7.34,"safe_price":144.22,"ft_order_side":"sell","order_filled_timestamp":1749942000000,"ft_is_entry":false,"ft_order_tag":"exit_signal","cost":1059.1040873999998}],"funding_fees":0.0},{"pair":"SOL/USDT:USDT","stake_amount":1057.1288,"max_stake_amount":1057.1288,"amount":7.28,"open_date":"2025-06-15 08:15:00+00:00","close_date":"2025-06-15 08:45:00+00:00","open_rate":145.21,"close_rate":145.29,"fee_open":0.0005,"fee_close":0.0005,"trade_duration":30,"profit_ratio":-0.00044912465604536757,"profit_abs":-0.47502,"exit_reason":"exit_signal","initial_stop_loss_abs":136.5,"initial_stop_loss_ratio":-0.06,"stop_loss_abs":136.5,"stop_loss_ratio":-0.06,"min_rate":145.04,"max_rate":145.53,"is_open":false,"enter_tag":"","leverage":1.0,"is_short":false,"open_timestamp":1749975300000,"close_timestamp":1749977100000,"orders":[{"amount":7.28,"safe_price":145.21,"ft_order_side":"buy","order_filled_timestamp":1749975300000,"ft_is_entry":true,"ft_order_tag":"","cost":1057.6573644000002},{"amount":7.28,"safe_price":145.29,"ft_order_side":"sell","order_filled_timestamp":1749977100000,"ft_is_entry":false,"ft_order_tag":"exit_signal","cost":1058.2400556}],"funding_fees":0.0},{"pair":"SOL/USDT:USDT","stake_amount":1057.9032,"max_stake_amount":1057.9032,"amount":7.31,"open_date":"2025-06-15 09:15:00+00:00","close_date":"2025-06-15 13:00:00+00:00","open_rate":144.72,"close_rate":147.6,"fee_open":0.0005,"fee_close":0.0005,"trade_duration":225,"profit_ratio":0.018881106710326428,"profit_abs":19.9843704,"exit_reason":"exit_signal","initial_stop_loss_abs":136.04,"initial_stop_loss_ratio":-0.06,"stop_loss_abs":136.04,"stop_loss_ratio":-0.06,"min_rate":144.15,"max_rate":147.79,"is_open":false,"enter_tag":"","leverage":1.0,"is_short":false,"open_timestamp":1749978900000,"close_timestamp":1749992400000,"orders":[{"amount":7.31,"safe_price":144.72,"ft_order_side":"buy","order_filled_timestamp":1749978900000,"ft_is_entry":true,"ft_order_tag":"","cost":1058.4321516},{"amount":7.31,"safe_price":147.6,"ft_order_side":"sell","order_filled_timestamp":1749992400000,"ft_is_entry":false,"ft_order_tag":"exit_signal","cost":1079.4954779999998}],"funding_fees":0.0},{"pair":"SOL/USDT:USDT","stake_amount":1076.5742,"max_stake_amount":1076.5742,"amount":7.22,"open_date":"2025-06-15 20:45:00+00:00","close_date":"2025-06-15 23:45:00+00:00","open_rate":149.11,"close_rate":152.69,"fee_open":0.0005,"fee_close":0.0005,"trade_duration":180,"profit_ratio":0.022985623411217068,"profit_abs":24.758102,"exit_reason":"exit_signal","initial_stop_loss_abs":140.17,"initial_stop_loss_ratio":-0.06,"stop_loss_abs":140.17,"stop_loss_ratio":-0.06,"min_rate":148.07,"max_rate":152.95,"is_open":false,"enter_tag":"","leverage":1.0,"is_short":false,"open_timestamp":1750020300000,"close_timestamp":1750031100000,"orders":[{"amount":7.22,"safe_price":149.11,"ft_order_side":"buy","order_filled_timestamp":1750020300000,"ft_is_entry":true,"ft_order_tag":"","cost":1077.1124871},{"amount":7.22,"safe_price":152.69,"ft_order_side":"sell","order_filled_timestamp":1750031100000,"ft_is_entry":false,"ft_order_tag":"exit_signal","cost":1102.9730108999997}],"funding_fees":0.0},{"pair":"SOL/USDT:USDT","stake_amount":1100.9778,"max_stake_amount":1100.9778,"amount":7.41,"open_date":"2025-06-17 00:15:00+00:00","close_date":"2025-06-17 01:30:00+00:00","open_rate":148.58,"close_rate":151.08,"fee_open":0.0005,"fee_close":0.0005,"trade_duration":75,"profit_ratio":0.01580963455545077,"profit_abs":17.4147597,"exit_reason":"exit_signal","initial_stop_loss_abs":139.67,"initial_stop_loss_ratio":-0.06,"stop_loss_abs":139.67,"stop_loss_ratio":-0.06,"min_rate":147.41,"max_rate":152.22,"is_open":false,"enter_tag":"","leverage":1.0,"is_short":false,"open_timestamp":1750119300000,"close_timestamp":1750123800000,"orders":[{"amount":7.41,"safe_price":148.58,"ft_order_side":"buy","order_filled_timestamp":1750119300000,"ft_is_entry":true,"ft_order_tag":"","cost":1101.5282889},{"amount":7.41,"safe_price":151.08,"ft_order_side":"sell","order_filled_timestamp":1750123800000,"ft_is_entry":false,"ft_order_tag":"exit_signal","cost":1120.0625514}],"funding_fees":0.0},{"pair":"SOL/USDT:USDT","stake_amount":1118.9332,"max_stake_amount":1118.9332,"amount":7.48,"open_date":"2025-06-17 13:00:00+00:00","close_date":"2025-06-17 18:15:00+00:00","open_rate":149.59,"close_rate":146.43,"fee_open":0.0005,"fee_close":0.0005,"trade_duration":315,"profit_ratio":-0.022155261101734495,"profit_abs":-24.80265233,"exit_reason":"exit_signal","initial_stop_loss_abs":140.62,"initial_stop_loss_ratio":-0.06,"stop_loss_abs":140.62,"stop_loss_ratio":-0.06,"min_rate":145.55,"max_rate":150.71,"is_open":false,"enter_tag":"","leverage":1.0,"is_short":false,"open_timestamp":1750165200000,"close_timestamp":1750184100000,"orders":[{"amount":7.48,"safe_price":149.59,"ft_order_side":"buy","order_filled_timestamp":1750165200000,"ft_is_entry":true,"ft_order_tag":"","cost":1119.4926666000001},{"amount":7.48,"safe_price":146.43,"ft_order_side":"sell","order_filled_timestamp":1750184100000,"ft_is_entry":false,"ft_order_tag":"exit_signal","cost":1095.8440482}],"funding_fees":-0.058737530280000005},{"pair":"SOL/USDT:USDT","stake_amount":1094.45,"max_stake_amount":1094.45,"amount":7.42,"open_date":"2025-06-17 21:15:00+00:00","close_date":"2025-06-17 22:00:00+00:00","open_rate":147.5,"close_rate":147.74,"fee_open":0.0005,"fee_close":0.0005,"trade_duration":45,"profit_ratio":0.0006259920887014119,"profit_abs":0.6854596,"exit_reason":"exit_signal","initial_stop_loss_abs":138.65,"initial_stop_loss_ratio":-0.06,"stop_loss_abs":138.65,"stop_loss_ratio":-0.06,"min_rate":146.63,"max_rate":148.49,"is_open":false,"enter_tag":"","leverage":1.0,"is_short":false,"open_timestamp":1750194900000,"close_timestamp":1750197600000,"orders":[{"amount":7.42,"safe_price":147.5,"ft_order_side":"buy","order_filled_timestamp":1750194900000,"ft_is_entry":true,"ft_order_tag":"","cost":1094.997225},{"amount":7.42,"safe_price":147.74,"ft_order_side":"sell","order_filled_timestamp":1750197600000,"ft_is_entry":false,"ft_order_tag":"exit_signal","cost":1096.7789154}],"funding_fees":0.0},{"pair":"SOL/USDT:USDT","stake_amount":1094.9526,"max_stake_amount":1094.9526,"amount":7.47,"open_date":"2025-06-18 00:30:00+00:00","close_date":"2025-06-18 02:00:00+00:00","open_rate":146.58,"close_rate":147.49,"fee_open":0.0005,"fee_close":0.0005,"trade_duration":90,"profit_ratio":0.005202508583339658,"profit_abs":5.69934855,"exit_reason":"exit_signal","initial_stop_loss_abs":137.79,"initial_stop_loss_ratio":-0.06,"stop_loss_abs":137.79,"stop_loss_ratio":-0.06,"min_rate":146.47,"max_rate":149.04,"is_open":false,"enter_tag":"","leverage":1.0,"is_short":false,"open_timestamp":1750206600000,"close_timestamp":1750212000000,"orders":[{"amount":7.47,"safe_price":146.58,"ft_order_side":"buy","order_filled_timestamp":1750206600000,"ft_is_entry":true,"ft_order_tag":"","cost":1095.5000763},{"amount":7.47,"safe_price":147.49,"ft_order_side":"sell","order_filled_timestamp":1750212000000,"ft_is_entry":false,"ft_order_tag":"exit_signal","cost":1102.3011751499998}],"funding_fees":0.0},{"pair":"SOL/USDT:USDT","stake_amount":1101.2746,"max_stake_amount":1101.2746,"amount":7.43,"open_date":"2025-06-18 06:00:00+00:00","close_date":"2025-06-18 16:00:00+00:00","open_rate":148.22,"close_rate":145.67,"fee_open":0.0005,"fee_close":0.0005,"trade_duration":600,"profit_ratio":-0.018159004388962185,"profit_abs":-20.00804932,"exit_reason":"exit_signal","initial_stop_loss_abs":139.33,"initial_stop_loss_ratio":-0.06,"stop_loss_abs":139.33,"stop_loss_ratio":-0.06,"min_rate":143.69,"max_rate":148.5,"is_open":false,"enter_tag":"","leverage":1.0,"is_short":false,"open_timestamp":1750226400000,"close_timestamp":1750262400000,"orders":[{"amount":7.43,"safe_price":148.22,"ft_order_side":"buy","order_filled_timestamp":1750226400000,"ft_is_entry":true,"ft_order_tag":"","cost":1101.8252372999998},{"amount":7.43,"safe_price":145.67,"ft_order_side":"sell","order_filled_timestamp":1750262400000,"ft_is_entry":false,"ft_order_tag":"exit_signal","cost":1082.8692640499999}],"funding_fees":0.030252027664621088},{"pair":"SOL/USDT:USDT","stake_amount":1080.5112,"max_stake_amount":1080.5112,"amount":7.44,"open_date":"2025-06-18 18:15:00+00:00","close_date":"2025-06-18 18:30:00+00:00","open_rate":145.23,"close_rate":144.95,"fee_open":0.0005,"fee_close":0.0005,"trade_duration":15,"profit_ratio":-0.0029255495505018957,"profit_abs":-3.1626696,"exit_reason":"exit_signal","initial_stop_loss_abs":136.52,"initial_stop_loss_ratio":-0.06,"stop_loss_abs":136.52,"stop_loss_ratio":-0.06,"min_rate":144.58,"max_rate":145.94,"is_open":false,"enter_tag":"","leverage":1.0,"is_short":false,"open_timestamp":1750270500000,"close_timestamp":1750271400000,"orders":[{"amount":7.44,"safe_price":145.23,"ft_order_side":"buy","order_filled_timestamp":1750270500000,"ft_is_entry":true,"ft_order_tag":"","cost":1081.0514555999998},{"amount":7.44,"safe_price":144.95,"ft_order_side":"sell","order_filled_timestamp":1750271400000,"ft_is_entry":false,"ft_order_tag":"exit_signal","cost":1078.9672139999998}],"funding_fees":0.0},{"pair":"SOL/USDT:USDT","stake_amount":1077.7361,"max_stake_amount":1077.7361,"amount":7.49,"open_date":"2025-06-18 19:00:00+00:00","close_date":"2025-06-18 21:45:00+00:00","open_rate":143.89,"close_rate":146.87,"fee_open":0.0005,"fee_close":0.0005,"trade_duration":165,"profit_ratio":0.019690064620896862,"profit_abs":21.2313038,"exit_reason":"exit_signal","initial_stop_loss_abs":135.26,"initial_stop_loss_ratio":-0.06,"stop_loss_abs":135.26,"stop_loss_ratio":-0.06,"min_rate":143.58,"max_rate":147.8,"is_open":false,"enter_tag":"","leverage":1.0,"is_short":false,"open_timestamp":1750273200000,"close_timestamp":1750283100000,"orders":[{"amount":7.49,"safe_price":143.89,"ft_order_side":"buy","order_filled_timestamp":1750273200000,"ft_is_entry":true,"ft_order_tag":"","cost":1078.2749680499999},{"amount":7.49,"safe_price":146.87,"ft_order_side":"sell","order_filled_timestamp":1750283100000,"ft_is_entry":false,"ft_order_tag":"exit_signal","cost":1100.6063281499999}],"funding_fees":0.0},{"pair":"SOL/USDT:USDT","stake_amount":1099.0788,"max_stake_amount":1099.0788,"amount":7.53,"open_date":"2025-06-18 23:45:00+00:00","close_date":"2025-06-19 03:45:00+00:00","open_rate":145.96,"close_rate":146.3,"fee_open":0.0005,"fee_close":0.0005,"trade_duration":240,"profit_ratio":0.0012989985696252601,"profit_abs":1.42841564,"exit_reason":"exit_signal","initial_stop_loss_abs":137.21,"initial_stop_loss_ratio":-0.06,"stop_loss_abs":137.21,"stop_loss_ratio":-0.06,"min_rate":144.9,"max_rate":147.83,"is_open":false,"enter_tag":"","leverage":1.0,"is_short":false,"open_timestamp":1750290300000,"close_timestamp":1750304700000,"orders":[{"amount":7.53,"safe_price":145.96,"ft_order_side":"buy","order_filled_timestamp":1750290300000,"ft_is_entry":true,"ft_order_tag":"","cost":1099.6283394},{"amount":7.53,"safe_price":146.3,"ft_order_side":"sell","order_filled_timestamp":1750304700000,"ft_is_entry":false,"ft_order_tag":"exit_signal","cost":1102.1898195}],"funding_fees":-0.031425464052},{"pair":"SOL/USDT:USDT","stake_amount":1099.6939,"max_stake_amount":1099.6939,"amount":7.57,"open_date":"2025-06-19 06:15:00+00:00","close_date":"2025-06-19 07:45:00+00:00","open_rate":145.27,"close_rate":145.16,"fee_open":0.0005,"fee_close":0.0005,"trade_duration":90,"profit_ratio":-0.0017559541286698151,"profit_abs":-1.93197755,"exit_reason":"exit_signal","initial_stop_loss_abs":136.56,"initial_stop_loss_ratio":-0.06,"stop_loss_abs":136.56,"stop_loss_ratio":-0.06,"min_rate":144.93,"max_rate":145.54,"is_open":false,"enter_tag":"","leverage":1.0,"is_short":false,"open_timestamp":1750313700000,"close_timestamp":1750319100000,"orders":[{"amount":7.57,"safe_price":145.27,"ft_order_side":"buy","order_filled_timestamp":1750313700000,"ft_is_entry":true,"ft_order_tag":"","cost":1100.24374695},{"amount":7.57,"safe_price":145.16,"ft_order_side":"sell","order_filled_timestamp":1750319100000,"ft_is_entry":false,"ft_order_tag":"exit_signal","cost":1099.4106306}],"funding_fees":0.0},{"pair":"SOL/USDT:USDT","stake_amount":1097.5435,"max_stake_amount":1097.5435,"amount":7.55,"open_date":"2025-06-19 08:15:00+00:00","close_date":"2025-06-19 17:30:00+00:00","open_rate":145.37,"close_rate":143.56,"fee_open":0.0005,"fee_close":0.0005,"trade_duration":555,"profit_ratio":-0.013448617989510954,"profit_abs":-14.76782348,"exit_reason":"exit_signal","initial_stop_loss_abs":136.65,"initial_stop_loss_ratio":-0.06,"stop_loss_abs":136.65,"stop_loss_ratio":-0.06,"min_rate":142.83,"max_rate":146.45,"is_open":false,"enter_tag":"","leverage":1.0,"is_short":false,"open_timestamp":1750320900000,"close_timestamp":1750354200000,"orders":[{"amount":7.55,"safe_price":145.37,"ft_order_side":"buy","order_filled_timestamp":1750320900000,"ft_is_entry":true,"ft_order_tag":"","cost":1098.09227175},{"amount":7.55,"safe_price":143.56,"ft_order_side":"sell","order_filled_timestamp":1750354200000,"ft_is_entry":false,"ft_order_tag":"exit_signal","cost":1084.4199389999999}],"funding_fees":-0.011612730500000001},{"pair":"SOL/USDT:USDT","stake_amount":1083.3001,"max_stake_amount":1083.3001,"amount":7.39,"open_date":"2025-06-20 01:15:00+00:00","close_date":"2025-06-20 03:45:00+00:00","open_rate":146.59,"close_rate":145.62,"fee_open":0.0005,"fee_close":0.0005,"trade_duration":150,"profit_ratio":-0.007609981761285261,"profit_abs":-8.24801595,"exit_reason":"exit_signal","initial_stop_loss_abs":137.8,"initial_stop_loss_ratio":-0.06,"stop_loss_abs":137.8,"stop_loss_ratio":-0.06,"min_rate":145.35,"max_rate":147.2,"is_open":false,"enter_tag":"","leverage":1.0,"is_short":false,"open_timestamp":1750382100000,"close_timestamp":1750391100000,"orders":[{"amount":7.39,"safe_price":146.59,"ft_order_side":"buy","order_filled_timestamp":1750382100000,"ft_is_entry":true,"ft_order_tag":"","cost":1083.84175005},{"amount":7.39,"safe_price":145.62,"ft_order_side":"sell","order_filled_timestamp":1750391100000,"ft_is_entry":false,"ft_order_tag":"exit_signal","cost":1076.6698658999999}],"funding_fees":0.0},{"pair":"SOL/USDT:USDT","stake_amount":1074.998,"max_stake_amount":1074.998,"amount":7.4,"open_date":"2025-06-20 04:15:00+00:00","close_date":"2025-06-20 08:00:00+00:00","open_rate":145.27,"close_rate":147.4,"fee_open":0.0005,"fee_close":0.0005,"trade_duration":225,"profit_ratio":0.01360671863793126,"profit_abs":14.63450892,"exit_reason":"exit_signal","initial_stop_loss_abs":136.56,"initial_stop_loss_ratio":-0.06,"stop_loss_abs":136.56,"stop_loss_ratio":-0.06,"min_rate":144.21,"max_rate":148.22,"is_open":false,"enter_tag":"","leverage":1.0,"is_short":false,"open_timestamp":1750392900000,"close_timestamp":1750406400000,"orders":[{"amount":7.4,"safe_price":145.27,"ft_order_side":"buy","order_filled_timestamp":1750392900000,"ft_is_entry":true,"ft_order_tag":"","cost":1075.535499},{"amount":7.4,"safe_price":147.4,"ft_order_side":"sell","order_filled_timestamp":1750406400000,"ft_is_entry":false,"ft_order_tag":"exit_signal","cost":1091.30538}],"funding_fees":-0.044612084},{"pair":"SOL/USDT:USDT","stake_amount":1089.4923,"max_stake_amount":1089.4923,"amount":7.41,"open_date":"2025-06-20 13:45:00+00:00","close_date":"2025-06-20 17:15:00+00:00","open_rate":147.03,"close_rate":138.21,"fee_open":0.0005,"fee_close":0.0005,"trade_duration":210,"profit_ratio":-0.06094130399936776,"profit_abs":-66.428279,"exit_reason":"stop_loss","initial_stop_loss_abs":138.21,"initial_stop_loss_ratio":-0.06,"stop_loss_abs":138.21,"stop_loss_ratio":-0.06,"min_rate":135.7,"max_rate":147.08,"is_open":false,"enter_tag":"","leverage":1.0,"is_short":false,"open_timestamp":1750427100000,"close_timestamp":1750439700000,"orders":[{"amount":7.41,"safe_price":147.03,"ft_order_side":"buy","order_filled_timestamp":1750427100000,"ft_is_entry":true,"ft_order_tag":"","cost":1090.0370461500002},{"amount":7.41,"safe_price":138.21,"ft_order_side":"sell","order_filled_timestamp":1750439700000,"ft_is_entry":false,"ft_order_tag":"stop_loss","cost":1024.64816805}],"funding_fees":-0.015264798587999999},{"pair":"SUI/USDT:USDT","stake_amount":1024.5608,"max_stake_amount":1024.5608,"amount":376.4,"open_date":"2025-06-20 17:15:00+00:00","close_date":"2025-06-20 18:45:00+00:00","open_rate":2.722,"close_rate":2.7243,"fee_open":0.0005,"fee_close":0.0005,"trade_duration":90,"profit_ratio":-0.00015537785846239262,"profit_abs":-0.15927366,"exit_reason":"exit_signal","initial_stop_loss_abs":2.5587,"initial_stop_loss_ratio":-0.06,"stop_loss_abs":2.5587,"stop_loss_ratio":-0.06,"min_rate":2.6474,"max_rate":2.736,"is_open":false,"enter_tag":"","leverage":1.0,"is_short":false,"open_timestamp":1750439700000,"close_timestamp":1750445100000,"orders":[{"amount":376.4,"safe_price":2.722,"ft_order_side":"buy","order_filled_timestamp":1750439700000,"ft_is_entry":true,"ft_order_tag":"","cost":1025.0730804},{"amount":376.4,"safe_price":2.7243,"ft_order_side":"sell","order_filled_timestamp":1750445100000,"ft_is_entry":false,"ft_order_tag":"exit_signal","cost":1025.93923326}],"funding_fees":0.0},{"pair":"ETH/USDT:USDT","stake_amount":1023.21156,"max_stake_amount":1023.21156,"amount":0.427,"open_date":"2025-06-20 22:45:00+00:00","close_date":"2025-06-21 00:00:00+00:00","open_rate":2396.28,"close_rate":2405.43,"fee_open":0.0005,"fee_close":0.0005,"trade_duration":75,"profit_ratio":0.0028651672913596418,"profit_abs":2.93313813,"exit_reason":"exit_signal","initial_stop_loss_abs":2252.51,"initial_stop_loss_ratio":-0.06,"stop_loss_abs":2252.51,"stop_loss_ratio":-0.06,"min_rate":2380.0,"max_rate":2406.38,"is_open":false,"enter_tag":"","leverage":1.0,"is_short":false,"open_timestamp":1750459500000,"close_timestamp":1750464000000,"orders":[{"amount":0.427,"safe_price":2396.28,"ft_order_side":"buy","order_filled_timestamp":1750459500000,"ft_is_entry":true,"ft_order_tag":"","cost":1023.72316578},{"amount":0.427,"safe_price":2405.43,"ft_order_side":"sell","order_filled_timestamp":1750464000000,"ft_is_entry":false,"ft_order_tag":"exit_signal","cost":1027.632169305}],"funding_fees":0.051253218638999995},{"pair":"ETH/USDT:USDT","stake_amount":1026.01872,"max_stake_amount":1026.01872,"amount":0.428,"open_date":"2025-06-21 00:15:00+00:00","close_date":"2025-06-21 01:15:00+00:00","open_rate":2397.24,"close_rate":2414.57,"fee_open":0.0005,"fee_close":0.0005,"trade_duration":60,"profit_ratio":0.006222421068253144,"profit_abs":6.38751266,"exit_reason":"exit_signal","initial_stop_loss_abs":2253.41,"initial_stop_loss_ratio":-0.06,"stop_loss_abs":2253.41,"stop_loss_ratio":-0.06,"min_rate":2395.63,"max_rate":2419.15,"is_open":false,"enter_tag":"","leverage":1.0,"is_short":false,"open_timestamp":1750464900000,"close_timestamp":1750468500000,"orders":[{"amount":0.428,"safe_price":2397.24,"ft_order_side":"buy","order_filled_timestamp":1750464900000,"ft_is_entry":true,"ft_order_tag":"","cost":1026.5317293599996},{"amount":0.428,"safe_price":2414.57,"ft_order_side":"sell","order_filled_timestamp":1750468500000,"ft_is_entry":false,"ft_order_tag":"exit_signal","cost":1033.9526779799999}],"funding_fees":0.0},{"pair":"ETH/USDT:USDT","stake_amount":1033.5962,"max_stake_amount":1033.5962,"amount":0.427,"open_date":"2025-06-21 07:15:00+00:00","close_date":"2025-06-21 12:15:00+00:00","open_rate":2420.6,"close_rate":2443.0,"fee_open":0.0005,"fee_close":0.0005,"trade_duration":300,"profit_ratio":0.008258966366047072,"profit_abs":8.54070447,"exit_reason":"exit_signal","initial_stop_loss_abs":2275.37,"initial_stop_loss_ratio":-0.06,"stop_loss_abs":2275.37,"stop_loss_ratio":-0.06,"min_rate":2419.64,"max_rate":2447.96,"is_open":false,"enter_tag":"","leverage":1.0,"is_short":false,"open_timestamp":1750490100000,"close_timestamp":1750508100000,"orders":[{"amount":0.427,"safe_price":2420.6,"ft_order_side":"buy","order_filled_timestamp":1750490100000,"ft_is_entry":true,"ft_order_tag":"","cost":1034.1129981},{"amount":0.427,"safe_price":2443.0,"ft_order_side":"sell","order_filled_timestamp":1750508100000,"ft_is_entry":false,"ft_order_tag":"exit_signal","cost":1043.6825805}],"funding_fees":0.014283070480431696},{"pair":"SUI/USDT:USDT","stake_amount":1042.1054,"max_stake_amount":1042.1054,"amount":381.5,"open_date":"2025-06-21 12:15:00+00:00","close_date":"2025-06-21 17:15:00+00:00","open_rate":2.7316,"close_rate":2.6369,"fee_open":0.0005,"fee_close":0.0005,"trade_duration":300,"profit_ratio":-0.03567058639620107,"profit_abs":-37.19109696,"exit_reason":"exit_signal","initial_stop_loss_abs":2.5678,"initial_stop_loss_ratio":-0.06,"stop_loss_abs":2.5678,"stop_loss_ratio":-0.06,"min_rate":2.6116,"max_rate":2.7319,"is_open":false,"enter_tag":"","leverage":1.0,"is_short":false,"open_timestamp":1750508100000,"close_timestamp":1750526100000,"orders":[{"amount":381.5,"safe_price":2.7316,"ft_order_side":"buy","order_filled_timestamp":1750508100000,"ft_is_entry":true,"ft_order_tag":"","cost":1042.6264526999998},{"amount":381.5,"safe_price":2.6369,"ft_order_side":"sell","order_filled_timestamp":1750526100000,"ft_is_entry":false,"ft_order_tag":"exit_signal","cost":1006.4803386749999}],"funding_fees":-0.039005583183},{"pair":"SOL/USDT:USDT","stake_amount":1004.544,"max_stake_amount":1004.544,"amount":7.2,"open_date":"2025-06-21 17:30:00+00:00","close_date":"2025-06-21 18:00:00+00:00","open_rate":139.52,"close_rate":138.58,"fee_open":0.0005,"fee_close":0.0005,"trade_duration":30,"profit_ratio":-0.0077301515526640345,"profit_abs":-7.76916,"exit_reason":"exit_signal","initial_stop_loss_abs":131.15,"initial_stop_loss_ratio":-0.06,"stop_loss_abs":131.15,"stop_loss_ratio":-0.06,"min_rate":138.17,"max_rate":139.53,"is_open":false,"enter_tag":"","leverage":1.0,"is_short":false,"open_timestamp":1750527000000,"close_timestamp":1750528800000,"orders":[{"amount":7.2,"safe_price":139.52,"ft_order_side":"buy","order_filled_timestamp":1750527000000,"ft_is_entry":true,"ft_order_tag":"","cost":1005.046272},{"amount":7.2,"safe_price":138.58,"ft_order_side":"sell","order_filled_timestamp":1750528800000,"ft_is_entry":false,"ft_order_tag":"exit_signal","cost":998.274888}],"funding_fees":0.0},{"pair":"ETH/USDT:USDT","stake_amount":997.60128,"max_stake_amount":997.60128,"amount":0.416,"open_date":"2025-06-21 18:00:00+00:00","close_date":"2025-06-21 21:30:00+00:00","open_rate":2398.08,"close_rate":2254.2,"fee_open":0.0005,"fee_close":0.0005,"trade_duration":210,"profit_ratio":-0.060937530634202514,"profit_abs":-60.82175424,"exit_reason":"stop_loss","initial_stop_loss_abs":2254.2,"initial_stop_loss_ratio":-0.06,"stop_loss_abs":2254.2,"stop_loss_ratio":-0.06,"min_rate":2230.0,"max_rate":2410.9,"is_open":false,"enter_tag":"","leverage":1.0,"is_short":false,"open_timestamp":1750528800000,"close_timestamp":1750541400000,"orders":[{"amount":0.416,"safe_price":2398.08,"ft_order_side":"buy","order_filled_timestamp":1750528800000,"ft_is_entry":true,"ft_order_tag":"","cost":998.1000806399999},{"amount":0.416,"safe_price":2254.2,"ft_order_side":"sell","order_filled_timestamp":1750541400000,"ft_is_entry":false,"ft_order_tag":"stop_loss","cost":938.2160735999998}],"funding_fees":0.0},{"pair":"ETH/USDT:USDT","stake_amount":937.097,"max_stake_amount":937.097,"amount":0.413,"open_date":"2025-06-22 07:45:00+00:00","close_date":"2025-06-22 10:15:00+00:00","open_rate":2269.0,"close_rate":2253.75,"fee_open":0.0005,"fee_close":0.0005,"trade_duration":150,"profit_ratio":-0.00769619897141517,"profit_abs":-7.21569101,"exit_reason":"exit_signal","initial_stop_loss_abs":2132.86,"initial_stop_loss_ratio":-0.06,"stop_loss_abs":2132.86,"stop_loss_ratio":-0.06,"min_rate":2233.34,"max_rate":2279.08,"is_open":false,"enter_tag":"","leverage":1.0,"is_short":false,"open_timestamp":1750578300000,"close_timestamp":1750587300000,"orders":[{"amount":0.413,"safe_price":2269.0,"ft_order_side":"buy","order_filled_timestamp":1750578300000,"ft_is_entry":true,"ft_order_tag":"","cost":937.5655485},{"amount":0.413,"safe_price":2253.75,"ft_order_side":"sell","order_filled_timestamp":1750587300000,"ft_is_entry":false,"ft_order_tag":"exit_signal","cost":931.2641493749999}],"funding_fees":0.0165068601159},{"pair":"ETH/USDT:USDT","stake_amount":929.101,"max_stake_amount":929.101,"amount":0.41,"open_date":"2025-06-22 11:15:00+00:00","close_date":"2025-06-22 11:45:00+00:00","open_rate":2266.1,"close_rate":2271.52,"fee_open":0.0005,"fee_close":0.0005,"trade_duration":30,"profit_ratio":0.0013898835851920914,"profit_abs":1.2919879,"exit_reason":"exit_signal","initial_stop_loss_abs":2130.14,"initial_stop_loss_ratio":-0.06,"stop_loss_abs":2130.14,"stop_loss_ratio":-0.06,"min_rate":2265.22,"max_rate":2278.0,"is_open":false,"enter_tag":"","leverage":1.0,"is_short":false,"open_timestamp":1750590900000,"close_timestamp":1750592700000,"orders":[{"amount":0.41,"safe_price":2266.1,"ft_order_side":"buy","order_filled_timestamp":1750590900000,"ft_is_entry":true,"ft_order_tag":"","cost":929.5655504999999},{"amount":0.41,"safe_price":2271.52,"ft_order_side":"sell","order_filled_timestamp":1750592700000,"ft_is_entry":false,"ft_order_tag":"exit_signal","cost":931.7888615999999}],"funding_fees":0.0},{"pair":"ETH/USDT:USDT","stake_amount":931.35484,"max_stake_amount":931.35484,"amount":0.412,"open_date":"2025-06-22 13:15:00+00:00","close_date":"2025-06-22 13:45:00+00:00","open_rate":2260.57,"close_rate":2181.83,"fee_open":0.0005,"fee_close":0.0005,"trade_duration":30,"profit_ratio":-0.03579660865630567,"profit_abs":-33.3560144,"exit_reason":"exit_signal","initial_stop_loss_abs":2124.94,"initial_stop_loss_ratio":-0.06,"stop_loss_abs":2124.94,"stop_loss_ratio":-0.06,"min_rate":2159.28,"max_rate":2261.44,"is_open":false,"enter_tag":"","leverage":1.0,"is_short":false,"open_timestamp":1750598100000,"close_timestamp":1750599900000,"orders":[{"amount":0.412,"safe_price":2260.57,"ft_order_side":"buy","order_filled_timestamp":1750598100000,"ft_is_entry":true,"ft_order_tag":"","cost":931.8205174199999},{"amount":0.412,"safe_price":2181.83,"ft_order_side":"sell","order_filled_timestamp":1750599900000,"ft_is_entry":false,"ft_order_tag":"exit_signal","cost":899.3634169799999}],"funding_fees":0.0},{"pair":"ETH/USDT:USDT","stake_amount":896.77933,"max_stake_amount":896.77933,"amount":0.397,"open_date":"2025-06-23 12:45:00+00:00","close_date":"2025-06-23 13:15:00+00:00","open_rate":2258.89,"close_rate":2251.59,"fee_open":0.0005,"fee_close":0.0005,"trade_duration":30,"profit_ratio":-0.004227945923713059,"profit_abs":-3.79343028,"exit_reason":"exit_signal","initial_stop_loss_abs":2123.36,"initial_stop_loss_ratio":-0.06,"stop_loss_abs":2123.36,"stop_loss_ratio":-0.06,"min_rate":2245.5,"max_rate":2266.36,"is_open":false,"enter_tag":"","leverage":1.0,"is_short":false,"open_timestamp":1750682700000,"close_timestamp":1750684500000,"orders":[{"amount":0.397,"safe_price":2258.89,"ft_order_side":"buy","order_filled_timestamp":1750682700000,"ft_is_entry":true,"ft_order_tag":"","cost":897.2277196649999},{"amount":0.397,"safe_price":2251.59,"ft_order_side":"sell","order_filled_timestamp":1750684500000,"ft_is_entry":false,"ft_order_tag":"exit_signal","cost":894.328170615}],"funding_fees":0.0},{"pair":"ETH/USDT:USDT","stake_amount":894.55255,"max_stake_amount":894.55255,"amount":0.395,"open_date":"2025-06-23 15:30:00+00:00","close_date":"2025-06-23 16:15:00+00:00","open_rate":2264.69,"close_rate":2228.51,"fee_open":0.0005,"fee_close":0.0005,"trade_duration":45,"profit_ratio":-0.0169605183982861,"profit_abs":-15.17966102,"exit_reason":"exit_signal","initial_stop_loss_abs":2128.81,"initial_stop_loss_ratio":-0.06,"stop_loss_abs":2128.81,"stop_loss_ratio":-0.06,"min_rate":2205.91,"max_rate":2274.7,"is_open":false,"enter_tag":"","leverage":1.0,"is_short":false,"open_timestamp":1750692600000,"close_timestamp":1750695300000,"orders":[{"amount":0.395,"safe_price":2264.69,"ft_order_side":"buy","order_filled_timestamp":1750692600000,"ft_is_entry":true,"ft_order_tag":"","cost":894.999826275},{"amount":0.395,"safe_price":2228.51,"ft_order_side":"sell","order_filled_timestamp":1750695300000,"ft_is_entry":false,"ft_order_tag":"exit_signal","cost":880.701580725}],"funding_fees":-0.0011540166153630402},{"pair":"ETH/USDT:USDT","stake_amount":879.3516,"max_stake_amount":879.3516,"amount":0.366,"open_date":"2025-06-24 05:00:00+00:00","close_date":"2025-06-24 09:00:00+00:00","open_rate":2402.6,"close_rate":2402.39,"fee_open":0.0005,"fee_close":0.0005,"trade_duration":240,"profit_ratio":-0.001098769226963503,"profit_abs":-0.96668758,"exit_reason":"exit_signal","initial_stop_loss_abs":2258.45,"initial_stop_loss_ratio":-0.06,"stop_loss_abs":2258.45,"stop_loss_ratio":-0.06,"min_rate":2374.9,"max_rate":2434.1,"is_open":false,"enter_tag":"","leverage":1.0,"is_short":false,"open_timestamp":1750741200000,"close_timestamp":1750755600000,"orders":[{"amount":0.366,"safe_price":2402.6,"ft_order_side":"buy","order_filled_timestamp":1750741200000,"ft_is_entry":true,"ft_order_tag":"","cost":879.7912757999999},{"amount":0.366,"safe_price":2402.39,"ft_order_side":"sell","order_filled_timestamp":1750755600000,"ft_is_entry":false,"ft_order_tag":"exit_signal","cost":879.7143773699999}],"funding_fees":-0.010514406810838364},{"pair":"SOL/USDT:USDT","stake_amount":878.2785,"max_stake_amount":878.2785,"amount":6.05,"open_date":"2025-06-24 09:30:00+00:00","close_date":"2025-06-24 11:00:00+00:00","open_rate":145.17,"close_rate":144.0,"fee_open":0.0005,"fee_close":0.0005,"trade_duration":90,"profit_ratio":-0.009050961190204649,"profit_abs":-7.95323925,"exit_reason":"exit_signal","initial_stop_loss_abs":136.46,"initial_stop_loss_ratio":-0.06,"stop_loss_abs":136.46,"stop_loss_ratio":-0.06,"min_rate":143.21,"max_rate":145.45,"is_open":false,"enter_tag":"","leverage":1.0,"is_short":false,"open_timestamp":1750757400000,"close_timestamp":1750762800000,"orders":[{"amount":6.05,"safe_price":145.17,"ft_order_side":"buy","order_filled_timestamp":1750757400000,"ft_is_entry":true,"ft_order_tag":"","cost":878.7176392499998},{"amount":6.05,"safe_price":144.0,"ft_order_side":"sell","order_filled_timestamp":1750762800000,"ft_is_entry":false,"ft_order_tag":"exit_signal","cost":871.6355999999998}],"funding_fees":0.0},{"pair":"SOL/USDT:USDT","stake_amount":871.0888,"max_stake_amount":871.0888,"amount":6.04,"open_date":"2025-06-24 11:30:00+00:00","close_date":"2025-06-24 18:45:00+00:00","open_rate":144.22,"close_rate":144.0,"fee_open":0.0005,"fee_close":0.0005,"trade_duration":435,"profit_ratio":-0.002543825429829267,"profit_abs":-2.21700579,"exit_reason":"exit_signal","initial_stop_loss_abs":135.57,"initial_stop_loss_ratio":-0.06,"stop_loss_abs":135.57,"stop_loss_ratio":-0.06,"min_rate":143.35,"max_rate":146.56,"is_open":false,"enter_tag":"","leverage":1.0,"is_short":false,"open_timestamp":1750764600000,"close_timestamp":1750790700000,"orders":[{"amount":6.04,"safe_price":144.22,"ft_order_side":"buy","order_filled_timestamp":1750764600000,"ft_is_entry":true,"ft_order_tag":"","cost":871.5243443999999},{"amount":6.04,"safe_price":144.0,"ft_order_side":"sell","order_filled_timestamp":1750790700000,"ft_is_entry":false,"ft_order_tag":"exit_signal","cost":870.1948799999999}],"funding_fees":-0.017781387936000002},{"pair":"SOL/USDT:USDT","stake_amount":868.296,"max_stake_amount":868.296,"amount":6.05,"open_date":"2025-06-24 20:00:00+00:00","close_date":"2025-06-24 21:30:00+00:00","open_rate":143.52,"close_rate":144.76,"fee_open":0.0005,"fee_close":0.0005,"trade_duration":90,"profit_ratio":0.00763177497093148,"profit_abs":6.629953,"exit_reason":"exit_signal","initial_stop_loss_abs":134.91,"initial_stop_loss_ratio":-0.06,"stop_loss_abs":134.91,"stop_loss_ratio":-0.06,"min_rate":143.1,"max_rate":145.16,"is_open":false,"enter_tag":"","leverage":1.0,"is_short":false,"open_timestamp":1750795200000,"close_timestamp":1750800600000,"orders":[{"amount":6.05,"safe_price":143.52,"ft_order_side":"buy","order_filled_timestamp":1750795200000,"ft_is_entry":true,"ft_order_tag":"","cost":868.730148},{"amount":6.05,"safe_price":144.76,"ft_order_side":"sell","order_filled_timestamp":1750800600000,"ft_is_entry":false,"ft_order_tag":"exit_signal","cost":876.2358989999998}],"funding_fees":0.0},{"pair":"SUI/USDT:USDT","stake_amount":875.2568,"max_stake_amount":875.2568,"amount":316.0,"open_date":"2025-06-24 23:15:00+00:00","close_date":"2025-06-24 23:30:00+00:00","open_rate":2.7698,"close_rate":2.776,"fee_open":0.0005,"fee_close":0.0005,"trade_duration":15,"profit_ratio":0.0012366912074326041,"profit_abs":1.0829636,"exit_reason":"exit_signal","initial_stop_loss_abs":2.6037,"initial_stop_loss_ratio":-0.06,"stop_loss_abs":2.6037,"stop_loss_ratio":-0.06,"min_rate":2.7672,"max_rate":2.7897,"is_open":false,"enter_tag":"","leverage":1.0,"is_short":false,"open_timestamp":1750806900000,"close_timestamp":1750807800000,"orders":[{"amount":316.0,"safe_price":2.7698,"ft_order_side":"buy","order_filled_timestamp":1750806900000,"ft_is_entry":true,"ft_order_tag":"","cost":875.6944284},{"amount":316.0,"safe_price":2.776,"ft_order_side":"sell","order_filled_timestamp":1750807800000,"ft_is_entry":false,"ft_order_tag":"exit_signal","cost":877.6546079999998}],"funding_fees":0.0},{"pair":"SOL/USDT:USDT","stake_amount":875.3148,"max_stake_amount":875.3148,"amount":6.03,"open_date":"2025-06-25 04:15:00+00:00","close_date":"2025-06-25 05:45:00+00:00","open_rate":145.16,"close_rate":145.26,"fee_open":0.0005,"fee_close":0.0005,"trade_duration":90,"profit_ratio":-0.00031129378821198383,"profit_abs":-0.2726163,"exit_reason":"exit_signal","initial_stop_loss_abs":136.46,"initial_stop_loss_ratio":-0.06,"stop_loss_abs":136.46,"stop_loss_ratio":-0.06,"min_rate":144.78,"max_rate":145.77,"is_open":false,"enter_tag":"","leverage":1.0,"is_short":false,"open_timestamp":1750824900000,"close_timestamp":1750830300000,"orders":[{"amount":6.03,"safe_price":145.16,"ft_order_side":"buy","order_filled_timestamp":1750824900000,"ft_is_entry":true,"ft_order_tag":"","cost":875.7524573999999},{"amount":6.03,"safe_price":145.26,"ft_order_side":"sell","order_filled_timestamp":1750830300000,"ft_is_entry":false,"ft_order_tag":"exit_signal","cost":876.3557588999998}],"funding_fees":0.0},{"pair":"SUI/USDT:USDT","stake_amount":876.0292,"max_stake_amount":876.0292,"amount":315.8,"open_date":"2025-06-25 05:45:00+00:00","close_date":"2025-06-25 06:15:00+00:00","open_rate":2.774,"close_rate":2.7751,"fee_open":0.0005,"fee_close":0.0005,"trade_duration":30,"profit_ratio":-0.000603357297558863,"profit_abs":-0.52882289,"exit_reason":"exit_signal","initial_stop_loss_abs":2.6076,"initial_stop_loss_ratio":-0.06,"stop_loss_abs":2.6076,"stop_loss_ratio":-0.06,"min_rate":2.7679,"max_rate":2.7891,"is_open":false,"enter_tag":"","leverage":1.0,"is_short":false,"open_timestamp":1750830300000,"close_timestamp":1750832100000,"orders":[{"amount":315.8,"safe_price":2.774,"ft_order_side":"buy","order_filled_timestamp":1750830300000,"ft_is_entry":true,"ft_order_tag":"","cost":876.4672146},{"amount":315.8,"safe_price":2.7751,"ft_order_side":"sell","order_filled_timestamp":1750832100000,"ft_is_entry":false,"ft_order_tag":"exit_signal","cost":876.8147682900001}],"funding_fees":0.0},{"pair":"SOL/USDT:USDT","stake_amount":874.6954,"max_stake_amount":874.6954,"amount":6.01,"open_date":"2025-06-25 06:15:00+00:00","close_date":"2025-06-25 12:00:00+00:00","open_rate":145.54,"close_rate":146.2,"fee_open":0.0005,"fee_close":0.0005,"trade_duration":345,"profit_ratio":0.0034298846979372386,"profit_abs":3.00160442,"exit_reason":"exit_signal","initial_stop_loss_abs":136.81,"initial_stop_loss_ratio":-0.06,"stop_loss_abs":136.81,"stop_loss_ratio":-0.06,"min_rate":144.94,"max_rate":147.61,"is_open":false,"enter_tag":"","leverage":1.0,"is_short":false,"open_timestamp":1750832100000,"close_timestamp":1750852800000,"orders":[{"amount":6.01,"safe_price":145.54,"ft_order_side":"buy","order_filled_timestamp":1750832100000,"ft_is_entry":true,"ft_order_tag":"","cost":875.1327476999999},{"amount":6.01,"safe_price":146.2,"ft_order_side":"sell","order_filled_timestamp":1750852800000,"ft_is_entry":false,"ft_order_tag":"exit_signal","cost":879.1013309999998}],"funding_fees":-0.08831688225528},{"pair":"ETH/USDT:USDT","stake_amount":877.06446,"max_stake_amount":877.06446,"amount":0.362,"open_date":"2025-06-25 12:45:00+00:00","close_date":"2025-06-25 16:45:00+00:00","open_rate":2422.83,"close_rate":2408.92,"fee_open":0.0005,"fee_close":0.0005,"trade_duration":240,"profit_ratio":-0.006746866030569866,"profit_abs":-5.92039513,"exit_reason":"exit_signal","initial_stop_loss_abs":2277.47,"initial_stop_loss_ratio":-0.06,"stop_loss_abs":2277.47,"stop_loss_ratio":-0.06,"min_rate":2388.23,"max_rate":2445.87,"is_open":false,"enter_tag":"","leverage":1.0,"is_short":false,"open_timestamp":1750855500000,"close_timestamp":1750869900000,"orders":[{"amount":0.362,"safe_price":2422.83,"ft_order_side":"buy","order_filled_timestamp":1750855500000,"ft_is_entry":true,"ft_order_tag":"","cost":877.5029922299999},{"amount":0.362,"safe_price":2408.92,"ft_order_side":"sell","order_filled_timestamp":1750869900000,"ft_is_entry":false,"ft_order_tag":"exit_signal","cost":872.46505452}],"funding_fees":-0.010428375478147789},{"pair":"SOL/USDT:USDT","stake_amount":871.6617,"max_stake_amount":871.6617,"amount":6.09,"open_date":"2025-06-25 16:45:00+00:00","close_date":"2025-06-25 17:15:00+00:00","open_rate":143.13,"close_rate":143.78,"fee_open":0.0005,"fee_close":0.0005,"trade_duration":30,"profit_ratio":0.0035372867607976212,"profit_abs":3.08485905,"exit_reason":"exit_signal","initial_stop_loss_abs":134.55,"initial_stop_loss_ratio":-0.06,"stop_loss_abs":134.55,"stop_loss_ratio":-0.06,"min_rate":142.71,"max_rate":144.5,"is_open":false,"enter_tag":"","leverage":1.0,"is_short":false,"open_timestamp":1750869900000,"close_timestamp":1750871700000,"orders":[{"amount":6.09,"safe_price":143.13,"ft_order_side":"buy","order_filled_timestamp":1750869900000,"ft_is_entry":true,"ft_order_tag":"","cost":872.09753085},{"amount":6.09,"safe_price":143.78,"ft_order_side":"sell","order_filled_timestamp":1750871700000,"ft_is_entry":false,"ft_order_tag":"exit_signal","cost":876.0580100999999}],"funding_fees":0.0},{"pair":"SUI/USDT:USDT","stake_amount":875.91608,"max_stake_amount":875.91608,"amount":317.2,"open_date":"2025-06-25 22:00:00+00:00","close_date":"2025-06-26 05:30:00+00:00","open_rate":2.7614,"close_rate":2.7128,"fee_open":0.0005,"fee_close":0.0005,"trade_duration":450,"profit_ratio":-0.01860734407805137,"profit_abs":-16.30662112,"exit_reason":"exit_signal","initial_stop_loss_abs":2.5958,"initial_stop_loss_ratio":-0.06,"stop_loss_abs":2.5958,"stop_loss_ratio":-0.06,"min_rate":2.7019,"max_rate":2.8047,"is_open":false,"enter_tag":"","leverage":1.0,"is_short":false,"open_timestamp":1750888800000,"close_timestamp":1750915800000,"orders":[{"amount":317.2,"safe_price":2.7614,"ft_order_side":"buy","order_filled_timestamp":1750888800000,"ft_is_entry":true,"ft_order_tag":"","cost":876.3540380399999},{"amount":317.2,"safe_price":2.7128,"ft_order_side":"sell","order_filled_timestamp":1750915800000,"ft_is_entry":false,"ft_order_tag":"exit_signal","cost":860.93041008}],"funding_fees":-0.022492996161999998},{"pair":"SOL/USDT:USDT","stake_amount":859.6368,"max_stake_amount":859.6368,"amount":5.94,"open_date":"2025-06-26 05:30:00+00:00","close_date":"2025-06-26 06:30:00+00:00","open_rate":144.72,"close_rate":144.72,"fee_open":0.0005,"fee_close":0.0005,"trade_duration":60,"profit_ratio":-0.0009995002498750624,"profit_abs":-0.8596368,"exit_reason":"exit_signal","initial_stop_loss_abs":136.04,"initial_stop_loss_ratio":-0.06,"stop_loss_abs":136.04,"stop_loss_ratio":-0.06,"min_rate":143.93,"max_rate":145.07,"is_open":false,"enter_tag":"","leverage":1.0,"is_short":false,"open_timestamp":1750915800000,"close_timestamp":1750919400000,"orders":[{"amount":5.94,"safe_price":144.72,"ft_order_side":"buy","order_filled_timestamp":1750915800000,"ft_is_entry":true,"ft_order_tag":"","cost":860.0666183999999},{"amount":5.94,"safe_price":144.72,"ft_order_side":"sell","order_filled_timestamp":1750919400000,"ft_is_entry":false,"ft_order_tag":"exit_signal","cost":860.0666183999999}],"funding_fees":0.0},{"pair":"SOL/USDT:USDT","stake_amount":858.037,"max_stake_amount":858.037,"amount":5.9,"open_date":"2025-06-26 07:30:00+00:00","close_date":"2025-06-26 16:45:00+00:00","open_rate":145.43,"close_rate":142.49,"fee_open":0.0005,"fee_close":0.0005,"trade_duration":555,"profit_ratio":-0.021155842967126137,"profit_abs":-18.16157228,"exit_reason":"exit_signal","initial_stop_loss_abs":136.71,"initial_stop_loss_ratio":-0.06,"stop_loss_abs":136.71,"stop_loss_ratio":-0.06,"min_rate":141.3,"max_rate":145.85,"is_open":false,"enter_tag":"","leverage":1.0,"is_short":false,"open_timestamp":1750923000000,"close_timestamp":1750956300000,"orders":[{"amount":5.9,"safe_price":145.43,"ft_order_side":"buy","order_filled_timestamp":1750923000000,"ft_is_entry":true,"ft_order_tag":"","cost":858.4660185000001},{"amount":5.9,"safe_price":142.49,"ft_order_side":"sell","order_filled_timestamp":1750956300000,"ft_is_entry":false,"ft_order_tag":"exit_signal","cost":841.1113455000001}],"funding_fees":0.03379172012284966},{"pair":"SOL/USDT:USDT","stake_amount":840.874,"max_stake_amount":840.874,"amount":5.93,"open_date":"2025-06-26 17:15:00+00:00","close_date":"2025-06-26 17:45:00+00:00","open_rate":141.8,"close_rate":142.11,"fee_open":0.0005,"fee_close":0.0005,"trade_duration":30,"profit_ratio":0.0011844923800441106,"profit_abs":0.99650685,"exit_reason":"exit_signal","initial_stop_loss_abs":133.3,"initial_stop_loss_ratio":-0.06,"stop_loss_abs":133.3,"stop_loss_ratio":-0.06,"min_rate":141.49,"max_rate":142.39,"is_open":false,"enter_tag":"","leverage":1.0,"is_short":false,"open_timestamp":1750958100000,"close_timestamp":1750959900000,"orders":[{"amount":5.93,"safe_price":141.8,"ft_order_side":"buy","order_filled_timestamp":1750958100000,"ft_is_entry":true,"ft_order_tag":"","cost":841.294437},{"amount":5.93,"safe_price":142.11,"ft_order_side":"sell","order_filled_timestamp":1750959900000,"ft_is_entry":false,"ft_order_tag":"exit_signal","cost":843.13365615}],"funding_fees":0.0},{"pair":"SUI/USDT:USDT","stake_amount":841.72068,"max_stake_amount":841.72068,"amount":324.4,"open_date":"2025-06-26 19:00:00+00:00","close_date":"2025-06-26 20:30:00+00:00","open_rate":2.5947,"close_rate":2.6146,"fee_open":0.0005,"fee_close":0.0005,"trade_duration":90,"profit_ratio":0.006662314196892381,"profit_abs":5.61061154,"exit_reason":"exit_signal","initial_stop_loss_abs":2.4391,"initial_stop_loss_ratio":-0.06,"stop_loss_abs":2.4391,"stop_loss_ratio":-0.06,"min_rate":2.5897,"max_rate":2.6588,"is_open":false,"enter_tag":"","leverage":1.0,"is_short":false,"open_timestamp":1750964400000,"close_timestamp":1750969800000,"orders":[{"amount":324.4,"safe_price":2.5947,"ft_order_side":"buy","order_filled_timestamp":1750964400000,"ft_is_entry":true,"ft_order_tag":"","cost":842.1415403399999},{"amount":324.4,"safe_price":2.6146,"ft_order_side":"sell","order_filled_timestamp":1750969800000,"ft_is_entry":false,"ft_order_tag":"exit_signal","cost":848.6003281199999}],"funding_fees":0.0},{"pair":"SOL/USDT:USDT","stake_amount":847.4652,"max_stake_amount":847.4652,"amount":5.99,"open_date":"2025-06-26 21:15:00+00:00","close_date":"2025-06-26 22:45:00+00:00","open_rate":141.48,"close_rate":139.2,"fee_open":0.0005,"fee_close":0.0005,"trade_duration":90,"profit_ratio":-0.017098744944745607,"profit_abs":-14.4978366,"exit_reason":"exit_signal","initial_stop_loss_abs":133.0,"initial_stop_loss_ratio":-0.06,"stop_loss_abs":133.0,"stop_loss_ratio":-0.06,"min_rate":138.82,"max_rate":141.71,"is_open":false,"enter_tag":"","leverage":1.0,"is_short":false,"open_timestamp":1750972500000,"close_timestamp":1750977900000,"orders":[{"amount":5.99,"safe_price":141.48,"ft_order_side":"buy","order_filled_timestamp":1750972500000,"ft_is_entry":true,"ft_order_tag":"","cost":847.8889326},{"amount":5.99,"safe_price":139.2,"ft_order_side":"sell","order_filled_timestamp":1750977900000,"ft_is_entry":false,"ft_order_tag":"exit_signal","cost":834.2249039999999}],"funding_fees":0.0},{"pair":"SUI/USDT:USDT","stake_amount":832.98928,"max_stake_amount":832.98928,"amount":320.8,"open_date":"2025-06-27 00:45:00+00:00","close_date":"2025-06-27 04:00:00+00:00","open_rate":2.5966,"close_rate":2.6365,"fee_open":0.0005,"fee_close":0.0005,"trade_duration":195,"profit_ratio":0.014351389351923436,"profit_abs":11.96053076,"exit_reason":"exit_signal","initial_stop_loss_abs":2.4409,"initial_stop_loss_ratio":-0.06,"stop_loss_abs":2.4409,"stop_loss_ratio":-0.06,"min_rate":2.5777,"max_rate":2.6499,"is_open":false,"enter_tag":"","leverage":1.0,"is_short":false,"open_timestamp":1750985100000,"close_timestamp":1750996800000,"orders":[{"amount":320.8,"safe_price":2.5966,"ft_order_side":"buy","order_filled_timestamp":1750985100000,"ft_is_entry":true,"ft_order_tag":"","cost":833.40577464},{"amount":320.8,"safe_price":2.6365,"ft_order_side":"sell","order_filled_timestamp":1750996800000,"ft_is_entry":false,"ft_order_tag":"exit_signal","cost":846.2120945999999}],"funding_fees":0.0},{"pair":"SUI/USDT:USDT","stake_amount":844.84494,"max_stake_amount":844.84494,"amount":319.4,"open_date":"2025-06-27 05:15:00+00:00","close_date":"2025-06-27 06:00:00+00:00","open_rate":2.6451,"close_rate":2.6196,"fee_open":0.0005,"fee_close":0.0005,"trade_duration":45,"profit_ratio":-0.010630331879540553,"profit_abs":-8.98547259,"exit_reason":"exit_signal","initial_stop_loss_abs":2.4864,"initial_stop_loss_ratio":-0.06,"stop_loss_abs":2.4864,"stop_loss_ratio":-0.06,"min_rate":2.6172,"max_rate":2.6467,"is_open":false,"enter_tag":"","leverage":1.0,"is_short":false,"open_timestamp":1751001300000,"close_timestamp":1751004000000,"orders":[{"amount":319.4,"safe_price":2.6451,"ft_order_side":"buy","order_filled_timestamp":1751001300000,"ft_is_entry":true,"ft_order_tag":"","cost":845.2673624699997},{"amount":319.4,"safe_price":2.6196,"ft_order_side":"sell","order_filled_timestamp":1751004000000,"ft_is_entry":false,"ft_order_tag":"exit_signal","cost":837.1185901199999}],"funding_fees":0.0},{"pair":"SOL/USDT:USDT","stake_amount":835.8768,"max_stake_amount":835.8768,"amount":5.94,"open_date":"2025-06-27 06:30:00+00:00","close_date":"2025-06-27 10:45:00+00:00","open_rate":140.72,"close_rate":141.92,"fee_open":0.0005,"fee_close":0.0005,"trade_duration":255,"profit_ratio":0.007504196740501698,"profit_abs":6.27572025,"exit_reason":"exit_signal","initial_stop_loss_abs":132.28,"initial_stop_loss_ratio":-0.06,"stop_loss_abs":132.28,"stop_loss_ratio":-0.06,"min_rate":140.12,"max_rate":142.73,"is_open":false,"enter_tag":"","leverage":1.0,"is_short":false,"open_timestamp":1751005800000,"close_timestamp":1751021100000,"orders":[{"amount":5.94,"safe_price":140.72,"ft_order_side":"buy","order_filled_timestamp":1751005800000,"ft_is_entry":true,"ft_order_tag":"","cost":836.2947383999999},{"amount":5.94,"safe_price":141.92,"ft_order_side":"sell","order_filled_timestamp":1751021100000,"ft_is_entry":false,"ft_order_tag":"exit_signal","cost":843.4263023999999}],"funding_fees":-0.012838946562415117},{"pair":"SOL/USDT:USDT","stake_amount":842.282,"max_stake_amount":842.282,"amount":5.95,"open_date":"2025-06-27 11:30:00+00:00","close_date":"2025-06-27 11:45:00+00:00","open_rate":141.56,"close_rate":141.96,"fee_open":0.0005,"fee_close":0.0005,"trade_duration":15,"profit_ratio":0.0018233324705265337,"profit_abs":1.536528,"exit_reason":"exit_signal","initial_stop_loss_abs":133.07,"initial_stop_loss_ratio":-0.06,"stop_loss_abs":133.07,"stop_loss_ratio":-0.06,"min_rate":141.55,"max_rate":142.13,"is_open":false,"enter_tag":"","leverage":1.0,"is_short":false,"open_timestamp":1751023800000,"close_timestamp":1751024700000,"orders":[{"amount":5.95,"safe_price":141.56,"ft_order_side":"buy","order_filled_timestamp":1751023800000,"ft_is_entry":true,"ft_order_tag":"","cost":842.703141},{"amount":5.95,"safe_price":141.96,"ft_order_side":"sell","order_filled_timestamp":1751024700000,"ft_is_entry":false,"ft_order_tag":"exit_signal","cost":845.084331}],"funding_fees":0.0},{"pair":"SOL/USDT:USDT","stake_amount":842.8175,"max_stake_amount":842.8175,"amount":5.95,"open_date":"2025-06-27 12:45:00+00:00","close_date":"2025-06-27 20:30:00+00:00","open_rate":141.65,"close_rate":142.18,"fee_open":0.0005,"fee_close":0.0005,"trade_duration":465,"profit_ratio":0.0027207907346222773,"profit_abs":2.29427661,"exit_reason":"exit_signal","initial_stop_loss_abs":133.16,"initial_stop_loss_ratio":-0.06,"stop_loss_abs":133.16,"stop_loss_ratio":-0.06,"min_rate":140.04,"max_rate":145.0,"is_open":false,"enter_tag":"","leverage":1.0,"is_short":false,"open_timestamp":1751028300000,"close_timestamp":1751056200000,"orders":[{"amount":5.95,"safe_price":141.65,"ft_order_side":"buy","order_filled_timestamp":1751028300000,"ft_is_entry":true,"ft_order_tag":"","cost":843.2389087500001},{"amount":5.95,"safe_price":142.18,"ft_order_side":"sell","order_filled_timestamp":1751056200000,"ft_is_entry":false,"ft_order_tag":"exit_signal","cost":846.3939855000001}],"funding_fees":-0.014829137400000001},{"pair":"SOL/USDT:USDT","stake_amount":845.6644,"max_stake_amount":845.6644,"amount":5.96,"open_date":"2025-06-27 23:30:00+00:00","close_date":"2025-06-28 00:00:00+00:00","open_rate":141.89,"close_rate":142.05,"fee_open":0.0005,"fee_close":0.0005,"trade_duration":30,"profit_ratio":5.7643027980915555e-05,"profit_abs":0.04877103,"exit_reason":"exit_signal","initial_stop_loss_abs":133.38,"initial_stop_loss_ratio":-0.06,"stop_loss_abs":133.38,"stop_loss_ratio":-0.06,"min_rate":141.39,"max_rate":142.14,"is_open":false,"enter_tag":"","leverage":1.0,"is_short":false,"open_timestamp":1751067000000,"close_timestamp":1751068800000,"orders":[{"amount":5.96,"safe_price":141.89,"ft_order_side":"buy","order_filled_timestamp":1751067000000,"ft_is_entry":true,"ft_order_tag":"","cost":846.0872321999998},{"amount":5.96,"safe_price":142.05,"ft_order_side":"sell","order_filled_timestamp":1751068800000,"ft_is_entry":false,"ft_order_tag":"exit_signal","cost":847.041309}],"funding_fees":-0.05868776869215737},{"pair":"SUI/USDT:USDT","stake_amount":845.92,"max_stake_amount":845.92,"amount":311.0,"open_date":"2025-06-28 00:00:00+00:00","close_date":"2025-06-28 02:30:00+00:00","open_rate":2.72,"close_rate":2.7005,"fee_open":0.0005,"fee_close":0.0005,"trade_duration":150,"profit_ratio":-0.008149608723631376,"profit_abs":-6.89736397,"exit_reason":"exit_signal","initial_stop_loss_abs":2.5568,"initial_stop_loss_ratio":-0.06,"stop_loss_abs":2.5568,"stop_loss_ratio":-0.06,"min_rate":2.6785,"max_rate":2.7221,"is_open":false,"enter_tag":"","leverage":1.0,"is_short":false,"open_timestamp":1751068800000,"close_timestamp":1751077800000,"orders":[{"amount":311.0,"safe_price":2.72,"ft_order_side":"buy","order_filled_timestamp":1751068800000,"ft_is_entry":true,"ft_order_tag":"","cost":846.3429600000001},{"amount":311.0,"safe_price":2.7005,"ft_order_side":"sell","order_filled_timestamp":1751077800000,"ft_is_entry":false,"ft_order_tag":"exit_signal","cost":840.27542775}],"funding_fees":0.010023783465},{"pair":"ETH/USDT:USDT","stake_amount":839.046,"max_stake_amount":839.046,"amount":0.347,"open_date":"2025-06-28 05:45:00+00:00","close_date":"2025-06-28 06:45:00+00:00","open_rate":2418.0,"close_rate":2423.85,"fee_open":0.0005,"fee_close":0.0005,"trade_duration":60,"profit_ratio":0.001417436449024959,"profit_abs":1.18988903,"exit_reason":"exit_signal","initial_stop_loss_abs":2272.92,"initial_stop_loss_ratio":-0.06,"stop_loss_abs":2272.92,"stop_loss_ratio":-0.06,"min_rate":2417.0,"max_rate":2426.73,"is_open":false,"enter_tag":"","leverage":1.0,"is_short":false,"open_timestamp":1751089500000,"close_timestamp":1751093100000,"orders":[{"amount":0.347,"safe_price":2418.0,"ft_order_side":"buy","order_filled_timestamp":1751089500000,"ft_is_entry":true,"ft_order_tag":"","cost":839.4655229999998},{"amount":0.347,"safe_price":2423.85,"ft_order_side":"sell","order_filled_timestamp":1751093100000,"ft_is_entry":false,"ft_order_tag":"exit_signal","cost":841.4964879749999}],"funding_fees":0.0},{"pair":"SUI/USDT:USDT","stake_amount":840.3647,"max_stake_amount":840.3647,"amount":311.5,"open_date":"2025-06-28 07:15:00+00:00","close_date":"2025-06-28 11:00:00+00:00","open_rate":2.6978,"close_rate":2.7249,"fee_open":0.0005,"fee_close":0.0005,"trade_duration":225,"profit_ratio":0.008966894087019974,"profit_abs":7.53922899,"exit_reason":"exit_signal","initial_stop_loss_abs":2.536,"initial_stop_loss_ratio":-0.06,"stop_loss_abs":2.536,"stop_loss_ratio":-0.06,"min_rate":2.6952,"max_rate":2.7372,"is_open":false,"enter_tag":"","leverage":1.0,"is_short":false,"open_timestamp":1751094900000,"close_timestamp":1751108400000,"orders":[{"amount":311.5,"safe_price":2.6978,"ft_order_side":"buy","order_filled_timestamp":1751094900000,"ft_is_entry":true,"ft_order_tag":"","cost":840.78488235},{"amount":311.5,"safe_price":2.7249,"ft_order_side":"sell","order_filled_timestamp":1751108400000,"ft_is_entry":false,"ft_order_tag":"exit_signal","cost":849.2307531749999}],"funding_fees":-0.05783548232},{"pair":"SOL/USDT:USDT","stake_amount":847.5402,"max_stake_amount":847.5402,"amount":5.79,"open_date":"2025-06-28 13:00:00+00:00","close_date":"2025-06-28 14:00:00+00:00","open_rate":146.38,"close_rate":146.06,"fee_open":0.0005,"fee_close":0.0005,"trade_duration":60,"profit_ratio":-0.0031834062474159833,"profit_abs":-2.6994138,"exit_reason":"exit_signal","initial_stop_loss_abs":137.6,"initial_stop_loss_ratio":-0.06,"stop_loss_abs":137.6,"stop_loss_ratio":-0.06,"min_rate":145.81,"max_rate":146.78,"is_open":false,"enter_tag":"","leverage":1.0,"is_short":false,"open_timestamp":1751115600000,"close_timestamp":1751119200000,"orders":[{"amount":5.79,"safe_price":146.38,"ft_order_side":"buy","order_filled_timestamp":1751115600000,"ft_is_entry":true,"ft_order_tag":"","cost":847.9639701},{"amount":5.79,"safe_price":146.06,"ft_order_side":"sell","order_filled_timestamp":1751119200000,"ft_is_entry":false,"ft_order_tag":"exit_signal","cost":846.1102437}],"funding_fees":0.0},{"pair":"SUI/USDT:USDT","stake_amount":845.21355,"max_stake_amount":845.21355,"amount":309.5,"open_date":"2025-06-28 14:00:00+00:00","close_date":"2025-06-28 18:00:00+00:00","open_rate":2.7309,"close_rate":2.7838,"fee_open":0.0005,"fee_close":0.0005,"trade_duration":240,"profit_ratio":0.018382658564747363,"profit_abs":15.54504074,"exit_reason":"exit_signal","initial_stop_loss_abs":2.5671,"initial_stop_loss_ratio":-0.06,"stop_loss_abs":2.5671,"stop_loss_ratio":-0.06,"min_rate":2.7254,"max_rate":2.7938,"is_open":false,"enter_tag":"","leverage":1.0,"is_short":false,"open_timestamp":1751119200000,"close_timestamp":1751133600000,"orders":[{"amount":309.5,"safe_price":2.7309,"ft_order_side":"buy","order_filled_timestamp":1751119200000,"ft_is_entry":true,"ft_order_tag":"","cost":845.636156775},{"amount":309.5,"safe_price":2.7838,"ft_order_side":"sell","order_filled_timestamp":1751133600000,"ft_is_entry":false,"ft_order_tag":"exit_signal","cost":862.0168930499999}],"funding_fees":0.02589056636},{"pair":"SUI/USDT:USDT","stake_amount":860.52212,"max_stake_amount":860.52212,"amount":312.1,"open_date":"2025-06-28 20:15:00+00:00","close_date":"2025-06-28 21:00:00+00:00","open_rate":2.7572,"close_rate":2.7606,"fee_open":0.0005,"fee_close":0.0005,"trade_duration":45,"profit_ratio":0.00023240229587802934,"profit_abs":0.20008731,"exit_reason":"exit_signal","initial_stop_loss_abs":2.5918,"initial_stop_loss_ratio":-0.06,"stop_loss_abs":2.5918,"stop_loss_ratio":-0.06,"min_rate":2.7524,"max_rate":2.7693,"is_open":false,"enter_tag":"","leverage":1.0,"is_short":false,"open_timestamp":1751141700000,"close_timestamp":1751144400000,"orders":[{"amount":312.1,"safe_price":2.7572,"ft_order_side":"buy","order_filled_timestamp":1751141700000,"ft_is_entry":true,"ft_order_tag":"","cost":860.95238106},{"amount":312.1,"safe_price":2.7606,"ft_order_side":"sell","order_filled_timestamp":1751144400000,"ft_is_entry":false,"ft_order_tag":"exit_signal","cost":862.01405163}],"funding_fees":0.0},{"pair":"SOL/USDT:USDT","stake_amount":860.775,"max_stake_amount":860.775,"amount":5.75,"open_date":"2025-06-29 02:15:00+00:00","close_date":"2025-06-29 04:45:00+00:00","open_rate":149.7,"close_rate":149.68,"fee_open":0.0005,"fee_close":0.0005,"trade_duration":150,"profit_ratio":-0.0011329672505096817,"profit_abs":-0.9757175,"exit_reason":"exit_signal","initial_stop_loss_abs":140.72,"initial_stop_loss_ratio":-0.06,"stop_loss_abs":140.72,"stop_loss_ratio":-0.06,"min_rate":149.3,"max_rate":150.12,"is_open":false,"enter_tag":"","leverage":1.0,"is_short":false,"open_timestamp":1751163300000,"close_timestamp":1751172300000,"orders":[{"amount":5.75,"safe_price":149.7,"ft_order_side":"buy","order_filled_timestamp":1751163300000,"ft_is_entry":true,"ft_order_tag":"","cost":861.2053874999999},{"amount":5.75,"safe_price":149.68,"ft_order_side":"sell","order_filled_timestamp":1751172300000,"ft_is_entry":false,"ft_order_tag":"exit_signal","cost":861.09033}],"funding_fees":0.0},{"pair":"SOL/USDT:USDT","stake_amount":859.3354,"max_stake_amount":859.3354,"amount":5.74,"open_date":"2025-06-29 05:15:00+00:00","close_date":"2025-06-29 09:30:00+00:00","open_rate":149.71,"close_rate":151.16,"fee_open":0.0005,"fee_close":0.0005,"trade_duration":255,"profit_ratio":0.008676210956040917,"profit_abs":7.4595031,"exit_reason":"exit_signal","initial_stop_loss_abs":140.73,"initial_stop_loss_ratio":-0.06,"stop_loss_abs":140.73,"stop_loss_ratio":-0.06,"min_rate":149.38,"max_rate":152.26,"is_open":false,"enter_tag":"","leverage":1.0,"is_short":false,"open_timestamp":1751174100000,"close_timestamp":1751189400000,"orders":[{"amount":5.74,"safe_price":149.71,"ft_order_side":"buy","order_filled_timestamp":1751174100000,"ft_is_entry":true,"ft_order_tag":"","cost":859.7650677},{"amount":5.74,"safe_price":151.16,"ft_order_side":"sell","order_filled_timestamp":1751189400000,"ft_is_entry":false,"ft_order_tag":"exit_signal","cost":868.0922292}],"funding_fees":0.0}],"locks":[],"best_pair":{"key":"SOL/USDT:USDT","trades":51,"profit_mean":-0.0002641399283334074,"profit_mean_pct":-0.03,"profit_sum":-0.013471136345003777,"profit_sum_pct":-1.35,"profit_total_abs":-14.834217370000005,"profit_total":-0.014834217370000005,"profit_total_pct":-1.48,"duration_avg":"3:07:00","wins":29,"draws":0,"losses":22,"winrate":0.5686274509803921,"cagr":-0.11660110255631972,"expectancy":-0.2908670072549029,"expectancy_ratio":-0.027192573637058515,"sortino":-0.46041100985819644,"sharpe":-0.4533631369825897,"calmar":-5.323445955952878,"sqn":-0.1448,"profit_factor":0.9369626702050009,"max_drawdown_account":0.12099447650337283,"max_drawdown_abs":133.68857442},"worst_pair":{"key":"ETH/USDT:USDT","trades":13,"profit_mean":-0.006700693763473445,"profit_mean_pct":-0.67,"profit_sum":-0.08710901892515478,"profit_sum_pct":-8.71,"profit_total_abs":-80.98849652999999,"profit_total":-0.08098849653,"profit_total_pct":-8.1,"duration_avg":"2:09:00","wins":6,"draws":0,"losses":7,"winrate":0.46153846153846156,"cagr":-0.5037156412495161,"expectancy":-6.229884348461535,"expectancy_ratio":-0.3426950507028119,"sortino":-1.7484938429272487,"sharpe":-1.7194322229787584,"calmar":-29.13996955994206,"sqn":-1.0552,"profit_factor":0.36356633440906344,"max_drawdown_account":0.12067797076556346,"max_drawdown_abs":125.96164576000001},"results_per_pair":[{"key":"SOL/USDT:USDT","trades":51,"profit_mean":-0.0002641399283334074,"profit_mean_pct":-0.03,"profit_sum":-0.013471136345003777,"profit_sum_pct":-1.35,"profit_total_abs":-14.834217370000005,"profit_total":-0.014834217370000005,"profit_total_pct":-1.48,"duration_avg":"3:07:00","wins":29,"draws":0,"losses":22,"winrate":0.5686274509803921,"cagr":-0.11660110255631972,"expectancy":-0.2908670072549029,"expectancy_ratio":-0.027192573637058515,"sortino":-0.46041100985819644,"sharpe":-0.4533631369825897,"calmar":-5.323445955952878,"sqn":-0.1448,"profit_factor":0.9369626702050009,"max_drawdown_account":0.12099447650337283,"max_drawdown_abs":133.68857442},{"key":"SUI/USDT:USDT","trades":12,"profit_mean":-0.001998688044129319,"profit_mean_pct":-0.2,"profit_sum":-0.02398425652955183,"profit_sum_pct":-2.4,"profit_total_abs":-28.130188250000003,"profit_total":-0.028130188250000004,"profit_total_pct":-2.81,"duration_avg":"2:36:00","wins":6,"draws":0,"losses":6,"winrate":0.5,"cagr":-0.21077016812475746,"expectancy":-2.344182354166667,"expectancy_ratio":-0.2007330508883456,"sortino":-0.9659063049161188,"sharpe":-0.9049667663621731,"calmar":-23.001097333972563,"sqn":-0.576,"profit_factor":0.5985338982233089,"max_drawdown_account":0.05310285103000001,"max_drawdown_abs":53.10285103},{"key":"ETH/USDT:USDT","trades":13,"profit_mean":-0.006700693763473445,"profit_mean_pct":-0.67,"profit_sum":-0.08710901892515478,"profit_sum_pct":-8.71,"profit_total_abs":-80.98849652999999,"profit_total":-0.08098849653,"profit_total_pct":-8.1,"duration_avg":"2:09:00","wins":6,"draws":0,"losses":7,"winrate":0.46153846153846156,"cagr":-0.5037156412495161,"expectancy":-6.229884348461535,"expectancy_ratio":-0.3426950507028119,"sortino":-1.7484938429272487,"sharpe":-1.7194322229787584,"calmar":-29.13996955994206,"sqn":-1.0552,"profit_factor":0.36356633440906344,"max_drawdown_account":0.12067797076556346,"max_drawdown_abs":125.96164576000001},{"key":"TOTAL","trades":76,"profit_mean":-0.0016390054184172423,"profit_mean_pct":-0.16,"profit_sum":-0.12456441179971041,"profit_sum_pct":-12.46,"profit_total_abs":-123.95290215000003,"profit_total":-0.12395290215000003,"profit_total_pct":-12.4,"duration_avg":"2:52:00","wins":41,"draws":0,"losses":35,"winrate":0.5394736842105263,"cagr":-0.6663899561093365,"expectancy":-1.6309592388157892,"expectancy_ratio":-0.13194041386186806,"sortino":-3.474680776610317,"sharpe":-3.4693222218124506,"calmar":-21.03924942882877,"sqn":-0.9105,"profit_factor":0.7135008156142295,"max_drawdown_account":0.2558115875168225,"max_drawdown_abs":289.28110441}],"results_per_enter_tag":[{"key":"","trades":76,"profit_mean":-0.0016390054184172423,"profit_mean_pct":-0.16,"profit_sum":-0.12456441179971041,"profit_sum_pct":-12.46,"profit_total_abs":-123.95290215000003,"profit_total":-0.12395290215000003,"profit_total_pct":-12.4,"duration_avg":"2:52:00","wins":41,"draws":0,"losses":35,"winrate":0.5394736842105263,"cagr":-0.6663899561093365,"expectancy":-1.6309592388157892,"expectancy_ratio":-0.13194041386186806,"sortino":-3.474680776610317,"sharpe":-3.4693222218124506,"calmar":-21.03924942882877,"sqn":-0.9105,"profit_factor":0.7135008156142295,"max_drawdown_account":0.2558115875168225,"max_drawdown_abs":289.28110441},{"key":"TOTAL","trades":76,"profit_mean":-0.0016390054184172423,"profit_mean_pct":-0.16,"profit_sum":-0.12456441179971041,"profit_sum_pct":-12.46,"profit_total_abs":-123.95290215000003,"profit_total":-0.12395290215000003,"profit_total_pct":-12.4,"duration_avg":"2:52:00","wins":41,"draws":0,"losses":35,"winrate":0.5394736842105263,"cagr":-0.6663899561093365,"expectancy":-1.6309592388157892,"expectancy_ratio":-0.13194041386186806,"sortino":-3.474680776610317,"sharpe":-3.4693222218124506,"calmar":-21.03924942882877,"sqn":-0.9105,"profit_factor":0.7135008156142295,"max_drawdown_account":0.2558115875168225,"max_drawdown_abs":289.28110441}],"exit_reason_summary":[{"key":"exit_signal","trades":74,"profit_mean":-3.629158332621813e-05,"profit_mean_pct":-0.0,"profit_sum":-0.0026855771661401413,"profit_sum_pct":-0.27,"profit_total_abs":3.2971310900000033,"profit_total":0.003297131090000003,"profit_total_pct":0.33,"duration_avg":"2:51:00","wins":41,"draws":0,"losses":33,"winrate":0.5540540540540541,"cagr":0.027682440928177288,"expectancy":0.04455582554054072,"expectancy_ratio":0.00481453406354837,"sortino":0.1552236593889066,"sharpe":0.12087506675807874,"calmar":0.9991519059356291,"sqn":0.0321,"profit_factor":1.010796227900078,"max_drawdown_account":0.1432842481280851,"max_drawdown_abs":162.03107117000002},{"key":"stop_loss","trades":2,"profit_mean":-0.060939417316785136,"profit_mean_pct":-6.09,"profit_sum":-0.12187883463357027,"profit_sum_pct":-12.19,"profit_total_abs":-127.25003324,"profit_total":-0.12725003324,"profit_total_pct":-12.73,"duration_avg":"3:30:00","wins":0,"draws":0,"losses":2,"winrate":0.0,"cagr":-0.6766637758682217,"expectancy":-63.62501662,"expectancy_ratio":-1.0,"sortino":-19.710058414720383,"sharpe":-19.710058414720383,"calmar":-43.420393578506356,"sqn":-22.6968,"profit_factor":0.0,"max_drawdown_account":0.12725003324,"max_drawdown_abs":127.25003324},{"key":"TOTAL","trades":76,"profit_mean":-0.0016390054184172423,"profit_mean_pct":-0.16,"profit_sum":-0.12456441179971041,"profit_sum_pct":-12.46,"profit_total_abs":-123.95290215000003,"profit_total":-0.12395290215000003,"profit_total_pct":-12.4,"duration_avg":"2:52:00","wins":41,"draws":0,"losses":35,"winrate":0.5394736842105263,"cagr":-0.6663899561093365,"expectancy":-1.6309592388157892,"expectancy_ratio":-0.13194041386186806,"sortino":-3.474680776610317,"sharpe":-3.4693222218124506,"calmar":-21.03924942882877,"sqn":-0.9105,"profit_factor":0.7135008156142295,"max_drawdown_account":0.2558115875168225,"max_drawdown_abs":289.28110441}],"mix_tag_stats":[{"key":["","exit_signal"],"trades":74,"profit_mean":-3.629158332621813e-05,"profit_mean_pct":-0.0,"profit_sum":-0.0026855771661401413,"profit_sum_pct":-0.27,"profit_total_abs":3.2971310900000033,"profit_total":0.003297131090000003,"profit_total_pct":0.33,"duration_avg":"2:51:00","wins":41,"draws":0,"losses":33,"winrate":0.5540540540540541,"cagr":0.027682440928177288,"expectancy":0.04455582554054072,"expectancy_ratio":0.00481453406354837,"sortino":0.1552236593889066,"sharpe":0.12087506675807874,"calmar":0.9991519059356291,"sqn":0.0321,"profit_factor":1.010796227900078,"max_drawdown_account":0.1432842481280851,"max_drawdown_abs":162.03107117000002},{"key":["","stop_loss"],"trades":2,"profit_mean":-0.060939417316785136,"profit_mean_pct":-6.09,"profit_sum":-0.12187883463357027,"profit_sum_pct":-12.19,"profit_total_abs":-127.25003324,"profit_total":-0.12725003324,"profit_total_pct":-12.73,"duration_avg":"3:30:00","wins":0,"draws":0,"losses":2,"winrate":0.0,"cagr":-0.6766637758682217,"expectancy":-63.62501662,"expectancy_ratio":-1.0,"sortino":-19.710058414720383,"sharpe":-19.710058414720383,"calmar":-43.420393578506356,"sqn":-22.6968,"profit_factor":0.0,"max_drawdown_account":0.12725003324,"max_drawdown_abs":127.25003324},{"key":"TOTAL","trades":76,"profit_mean":-0.0016390054184172423,"profit_mean_pct":-0.16,"profit_sum":-0.12456441179971041,"profit_sum_pct":-12.46,"profit_total_abs":-123.95290215000003,"profit_total":-0.12395290215000003,"profit_total_pct":-12.4,"duration_avg":"2:52:00","wins":41,"draws":0,"losses":35,"winrate":0.5394736842105263,"cagr":-0.6663899561093365,"expectancy":-1.6309592388157892,"expectancy_ratio":-0.13194041386186806,"sortino":-3.474680776610317,"sharpe":-3.4693222218124506,"calmar":-21.03924942882877,"sqn":-0.9105,"profit_factor":0.7135008156142295,"max_drawdown_account":0.2558115875168225,"max_drawdown_abs":289.28110441}],"left_open_trades":[{"key":"TOTAL","trades":0,"profit_mean":0.0,"profit_mean_pct":0.0,"profit_sum":0.0,"profit_sum_pct":0.0,"profit_total_abs":0.0,"profit_total":0.0,"profit_total_pct":0.0,"duration_avg":"0:00","wins":0,"draws":0,"losses":0,"winrate":0.0,"cagr":0.0,"expectancy":0.0,"expectancy_ratio":100.0,"sortino":0,"sharpe":0,"calmar":0,"sqn":0.0,"profit_factor":0.0,"max_drawdown_account":0.0,"max_drawdown_abs":0.0}],"total_trades":76,"trade_count_long":76,"trade_count_short":0,"total_volume":146890.6362138,"avg_stake_amount":966.2322006578946,"profit_mean":-0.0016390054184172423,"profit_median":0.000253226703867438,"profit_total":-0.12395290215000003,"profit_total_long":-0.12395290215000003,"profit_total_short":0.0,"profit_total_abs":-123.95290215000003,"profit_total_long_abs":-123.95290215000003,"profit_total_short_abs":0.0,"cagr":-0.6663899561093365,"expectancy":-1.6309592388157892,"expectancy_ratio":-0.13194041386186806,"sortino":-3.474680776610317,"sharpe":-3.4693222218124506,"calmar":-21.03924942882877,"sqn":-0.9105,"profit_factor":0.7135008156142295,"backtest_start":"2025-05-16 00:00:00","backtest_start_ts":1747353600000,"backtest_end":"2025-06-29 14:45:00","backtest_end_ts":1751208300000,"backtest_days":44,"backtest_run_start_ts":1751211193,"backtest_run_end_ts":1751211193,"trades_per_day":1.73,"market_change":-0.14632870052723476,"pairlist":["SOL/USDT:USDT","ETH/USDT:USDT","SUI/USDT:USDT"],"stake_amount":"unlimited","stake_currency":"USDT","stake_currency_decimals":3,"starting_balance":1000,"dry_run_wallet":1000,"final_balance":876.04709785,"rejected_signals":143,"timedout_entry_orders":0,"timedout_exit_orders":0,"canceled_trade_entries":0,"canceled_entry_orders":0,"replaced_entry_orders":0,"max_open_trades":1,"max_open_trades_setting":1,"timeframe":"15m","timeframe_detail":"","timerange":"","enable_protections":false,"strategy_name":"SimpleGridDowntrend","stoploss":-0.06,"trailing_stop":false,"trailing_stop_positive":null,"trailing_stop_positive_offset":0.0,"trailing_only_offset_is_reached":false,"use_custom_stoploss":false,"minimal_roi":{},"use_exit_signal":true,"exit_profit_only":false,"exit_profit_offset":0.0,"ignore_roi_if_entry_signal":false,"trading_mode":"futures","margin_mode":"isolated","periodic_breakdown":{"day":[{"date":"19/05/2025","date_ts":1747612800000,"profit_abs":25.92190494,"wins":1,"draws":0,"losses":0,"trades":1,"profit_factor":0.0},{"date":"20/05/2025","date_ts":1747699200000,"profit_abs":0.0,"wins":0,"draws":0,"losses":0,"trades":0,"profit_factor":0.0},{"date":"21/05/2025","date_ts":1747785600000,"profit_abs":0.0,"wins":0,"draws":0,"losses":0,"trades":0,"profit_factor":0.0},{"date":"22/05/2025","date_ts":1747872000000,"profit_abs":0.0,"wins":0,"draws":0,"losses":0,"trades":0,"profit_factor":0.0},{"date":"23/05/2025","date_ts":1747958400000,"profit_abs":0.0,"wins":0,"draws":0,"losses":0,"trades":0,"profit_factor":0.0},{"date":"24/05/2025","date_ts":1748044800000,"profit_abs":0.0,"wins":0,"draws":0,"losses":0,"trades":0,"profit_factor":0.0},{"date":"25/05/2025","date_ts":1748131200000,"profit_abs":0.0,"wins":0,"draws":0,"losses":0,"trades":0,"profit_factor":0.0},{"date":"26/05/2025","date_ts":1748217600000,"profit_abs":0.0,"wins":0,"draws":0,"losses":0,"trades":0,"profit_factor":0.0},{"date":"27/05/2025","date_ts":1748304000000,"profit_abs":0.0,"wins":0,"draws":0,"losses":0,"trades":0,"profit_factor":0.0},{"date":"28/05/2025","date_ts":1748390400000,"profit_abs":0.0,"wins":0,"draws":0,"losses":0,"trades":0,"profit_factor":0.0},{"date":"29/05/2025","date_ts":1748476800000,"profit_abs":0.0,"wins":0,"draws":0,"losses":0,"trades":0,"profit_factor":0.0},{"date":"30/05/2025","date_ts":1748563200000,"profit_abs":0.0,"wins":0,"draws":0,"losses":0,"trades":0,"profit_factor":0.0},{"date":"31/05/2025","date_ts":1748649600000,"profit_abs":0.0,"wins":0,"draws":0,"losses":0,"trades":0,"profit_factor":0.0},{"date":"01/06/2025","date_ts":1748736000000,"profit_abs":0.0,"wins":0,"draws":0,"losses":0,"trades":0,"profit_factor":0.0},{"date":"02/06/2025","date_ts":1748822400000,"profit_abs":0.0,"wins":0,"draws":0,"losses":0,"trades":0,"profit_factor":0.0},{"date":"03/06/2025","date_ts":1748908800000,"profit_abs":0.0,"wins":0,"draws":0,"losses":0,"trades":0,"profit_factor":0.0},{"date":"04/06/2025","date_ts":1748995200000,"profit_abs":0.0,"wins":0,"draws":0,"losses":0,"trades":0,"profit_factor":0.0},{"date":"05/06/2025","date_ts":1749081600000,"profit_abs":-2.07183325,"wins":3,"draws":0,"losses":1,"trades":4,"profit_factor":0.86574749},{"date":"06/06/2025","date_ts":1749168000000,"profit_abs":-4.0864145,"wins":1,"draws":0,"losses":1,"trades":2,"profit_factor":0.47636137},{"date":"07/06/2025","date_ts":1749254400000,"profit_abs":19.78722068,"wins":1,"draws":0,"losses":0,"trades":1,"profit_factor":0.0},{"date":"08/06/2025","date_ts":1749340800000,"profit_abs":5.26128885,"wins":2,"draws":0,"losses":0,"trades":2,"profit_factor":0.0},{"date":"09/06/2025","date_ts":1749427200000,"profit_abs":23.93528579,"wins":1,"draws":0,"losses":0,"trades":1,"profit_factor":0.0},{"date":"10/06/2025","date_ts":1749513600000,"profit_abs":0.0,"wins":0,"draws":0,"losses":0,"trades":0,"profit_factor":0.0},{"date":"11/06/2025","date_ts":1749600000000,"profit_abs":0.0,"wins":0,"draws":0,"losses":0,"trades":0,"profit_factor":0.0},{"date":"12/06/2025","date_ts":1749686400000,"profit_abs":0.0,"wins":0,"draws":0,"losses":0,"trades":0,"profit_factor":0.0},{"date":"13/06/2025","date_ts":1749772800000,"profit_abs":-1.83678372,"wins":1,"draws":0,"losses":1,"trades":2,"profit_factor":0.01389367},{"date":"14/06/2025","date_ts":1749859200000,"profit_abs":2.24371341,"wins":3,"draws":0,"losses":2,"trades":5,"profit_factor":1.1496334},{"date":"15/06/2025","date_ts":1749945600000,"profit_abs":44.2674524,"wins":2,"draws":0,"losses":1,"trades":3,"profit_factor":94.19071281},{"date":"16/06/2025","date_ts":1750032000000,"profit_abs":0.0,"wins":0,"draws":0,"losses":0,"trades":0,"profit_factor":0.0},{"date":"17/06/2025","date_ts":1750118400000,"profit_abs":-6.70243303,"wins":2,"draws":0,"losses":1,"trades":3,"profit_factor":0.7297695},{"date":"18/06/2025","date_ts":1750204800000,"profit_abs":3.75993343,"wins":2,"draws":0,"losses":2,"trades":4,"profit_factor":1.1622709},{"date":"19/06/2025","date_ts":1750291200000,"profit_abs":-15.27138539,"wins":1,"draws":0,"losses":2,"trades":3,"profit_factor":0.08553489},{"date":"20/06/2025","date_ts":1750377600000,"profit_abs":-60.20105969,"wins":1,"draws":0,"losses":3,"trades":4,"profit_factor":0.19555553},{"date":"21/06/2025","date_ts":1750464000000,"profit_abs":-87.92065594,"wins":3,"draws":0,"losses":3,"trades":6,"profit_factor":0.16885059},{"date":"22/06/2025","date_ts":1750550400000,"profit_abs":-39.27971751,"wins":1,"draws":0,"losses":2,"trades":3,"profit_factor":0.03184455},{"date":"23/06/2025","date_ts":1750636800000,"profit_abs":-18.9730913,"wins":0,"draws":0,"losses":2,"trades":2,"profit_factor":0.0},{"date":"24/06/2025","date_ts":1750723200000,"profit_abs":-3.42401602,"wins":2,"draws":0,"losses":3,"trades":5,"profit_factor":0.69255305},{"date":"25/06/2025","date_ts":1750809600000,"profit_abs":-0.63537085,"wins":2,"draws":0,"losses":3,"trades":5,"profit_factor":0.90547657},{"date":"26/06/2025","date_ts":1750896000000,"profit_abs":-43.21854841,"wins":2,"draws":0,"losses":4,"trades":6,"profit_factor":0.13260472},{"date":"27/06/2025","date_ts":1750982400000,"profit_abs":13.08158303,"wins":4,"draws":0,"losses":1,"trades":5,"profit_factor":2.45585921},{"date":"28/06/2025","date_ts":1751068800000,"profit_abs":14.92623933,"wins":5,"draws":0,"losses":2,"trades":7,"profit_factor":2.55533864},{"date":"29/06/2025","date_ts":1751155200000,"profit_abs":6.4837856,"wins":1,"draws":0,"losses":1,"trades":2,"profit_factor":7.64514637}],"week":[{"date":"19/05/2025","date_ts":1747612800000,"profit_abs":25.92190494,"wins":1,"draws":0,"losses":0,"trades":1,"profit_factor":0.0},{"date":"26/05/2025","date_ts":1748217600000,"profit_abs":0.0,"wins":0,"draws":0,"losses":0,"trades":0,"profit_factor":0.0},{"date":"02/06/2025","date_ts":1748822400000,"profit_abs":0.0,"wins":0,"draws":0,"losses":0,"trades":0,"profit_factor":0.0},{"date":"09/06/2025","date_ts":1749427200000,"profit_abs":42.82554757,"wins":8,"draws":0,"losses":2,"trades":10,"profit_factor":2.84304947},{"date":"16/06/2025","date_ts":1750032000000,"profit_abs":44.67438209,"wins":6,"draws":0,"losses":4,"trades":10,"profit_factor":3.57750405},{"date":"23/06/2025","date_ts":1750636800000,"profit_abs":-224.58840943,"wins":10,"draws":0,"losses":15,"trades":25,"profit_factor":0.26324731},{"date":"30/06/2025","date_ts":1751241600000,"profit_abs":-12.78632732,"wins":16,"draws":0,"losses":14,"trades":30,"profit_factor":0.85343907}],"month":[{"date":"31/05/2025","date_ts":1748649600000,"profit_abs":25.92190494,"wins":1,"draws":0,"losses":0,"trades":1,"profit_factor":0.0},{"date":"30/06/2025","date_ts":1751241600000,"profit_abs":-149.87480709,"wins":40,"draws":0,"losses":35,"trades":75,"profit_factor":0.65358609}],"year":[{"date":"31/12/2025","date_ts":1767139200000,"profit_abs":-123.95290215,"wins":41,"draws":0,"losses":35,"trades":76,"profit_factor":0.71350082}]},"backtest_best_day":0.04141760546549813,"backtest_worst_day":-0.08699171385740775,"backtest_best_day_abs":44.2674524,"backtest_worst_day_abs":-87.92065594,"winning_days":10,"draw_days":20,"losing_days":12,"daily_profit":[["2025-05-19",25.92190494],["2025-05-20",0.0],["2025-05-21",0.0],["2025-05-22",0.0],["2025-05-23",0.0],["2025-05-24",0.0],["2025-05-25",0.0],["2025-05-26",0.0],["2025-05-27",0.0],["2025-05-28",0.0],["2025-05-29",0.0],["2025-05-30",0.0],["2025-05-31",0.0],["2025-06-01",0.0],["2025-06-02",0.0],["2025-06-03",0.0],["2025-06-04",0.0],["2025-06-05",-2.07183325],["2025-06-06",-4.0864145],["2025-06-07",19.78722068],["2025-06-08",5.26128885],["2025-06-09",23.93528579],["2025-06-10",0.0],["2025-06-11",0.0],["2025-06-12",0.0],["2025-06-13",-1.83678372],["2025-06-14",2.24371341],["2025-06-15",44.2674524],["2025-06-16",0.0],["2025-06-17",-6.70243303],["2025-06-18",3.75993343],["2025-06-19",-15.27138539],["2025-06-20",-60.20105969],["2025-06-21",-87.92065594],["2025-06-22",-39.27971751],["2025-06-23",-18.9730913],["2025-06-24",-3.42401602],["2025-06-25",-0.63537085],["2025-06-26",-43.21854841],["2025-06-27",13.08158303],["2025-06-28",14.92623933],["2025-06-29",6.4837856]],"wins":41,"losses":35,"draws":0,"winrate":0.5394736842105263,"holding_avg":"2:52:00","holding_avg_s":10320.0,"winner_holding_min":"0d 00:15","winner_holding_min_s":900.0,"winner_holding_max":"0d 10:45","winner_holding_max_s":38700.0,"winner_holding_avg":"0d 02:43","winner_holding_avg_s":9780.0,"loser_holding_min":"0d 00:15","loser_holding_min_s":900.0,"loser_holding_max":"0d 10:00","loser_holding_max_s":36000.0,"loser_holding_avg":"0d 03:03","loser_holding_avg_s":10980.0,"max_consecutive_wins":4,"max_consecutive_losses":6,"max_drawdown_account":0.2558115875168225,"max_relative_drawdown":0.2558115875168225,"max_drawdown_abs":289.28110441,"drawdown_start":"2025-06-17 01:30:00","drawdown_start_ts":1750123800000.0,"drawdown_end":"2025-06-26 22:45:00","drawdown_end_ts":1750977900000.0,"max_drawdown_low":-158.44451010999998,"max_drawdown_high":130.8365943,"csum_min":841.55548989,"csum_max":1130.8365943}},"strategy_comparison":[{"key":"SimpleGridDowntrend","trades":76,"profit_mean":-0.0016390054184172423,"profit_mean_pct":-0.16,"profit_sum":-0.12456441179971041,"profit_sum_pct":-12.46,"profit_total_abs":-123.95290215000003,"profit_total":-0.12395290215000003,"profit_total_pct":-12.4,"duration_avg":"2:52:00","wins":41,"draws":0,"losses":35,"winrate":0.5394736842105263,"cagr":-0.6663899561093365,"expectancy":-1.6309592388157892,"expectancy_ratio":-0.13194041386186806,"sortino":-3.474680776610317,"sharpe":-3.4693222218124506,"calmar":-21.03924942882877,"sqn":-0.9105,"profit_factor":0.7135008156142295,"max_drawdown_account":0.2558115875168225,"max_drawdown_abs":"289.281"}]}