{"strategy":{"GridBotSample":{"trades":[{"pair":"ETH/USDT:USDT","stake_amount":197.13018,"max_stake_amount":197.13018,"amount":0.078,"open_date":"2025-05-17 00:15:00+00:00","close_date":"2025-05-18 04:30:00+00:00","open_rate":2527.31,"close_rate":2481.15,"fee_open":0.0005,"fee_close":0.0005,"trade_duration":1695,"profit_ratio":-0.019302551655250712,"profit_abs":-3.80701804,"exit_reason":"exit_signal","initial_stop_loss_abs":2274.58,"initial_stop_loss_ratio":-0.1,"stop_loss_abs":2274.58,"stop_loss_ratio":-0.1,"min_rate":2442.65,"max_rate":2527.31,"is_open":false,"enter_tag":"","leverage":1.0,"is_short":false,"open_timestamp":1747440900000,"close_timestamp":1747542600000,"orders":[{"amount":0.078,"safe_price":2527.31,"ft_order_side":"buy","order_filled_timestamp":1747440900000,"ft_is_entry":true,"ft_order_tag":"","cost":197.22874509},{"amount":0.078,"safe_price":2481.15,"ft_order_side":"sell","order_filled_timestamp":1747542600000,"ft_is_entry":false,"ft_order_tag":"exit_signal","cost":193.62646485000002}],"funding_fees":-0.011208104885951298},{"pair":"ETH/USDT:USDT","stake_amount":196.46984,"max_stake_amount":196.46984,"amount":0.079,"open_date":"2025-05-18 04:45:00+00:00","close_date":"2025-05-18 20:00:00+00:00","open_rate":2486.96,"close_rate":2406.78,"fee_open":0.0005,"fee_close":0.0005,"trade_duration":915,"profit_ratio":-0.03325826501918311,"profit_abs":-6.53751313,"exit_reason":"exit_signal","initial_stop_loss_abs":2238.27,"initial_stop_loss_ratio":-0.1,"stop_loss_abs":2238.27,"stop_loss_ratio":-0.1,"min_rate":2312.62,"max_rate":2587.52,"is_open":false,"enter_tag":"","leverage":1.0,"is_short":false,"open_timestamp":1747543500000,"close_timestamp":1747598400000,"orders":[{"amount":0.079,"safe_price":2486.96,"ft_order_side":"buy","order_filled_timestamp":1747543500000,"ft_is_entry":true,"ft_order_tag":"","cost":196.56807492},{"amount":0.079,"safe_price":2406.78,"ft_order_side":"sell","order_filled_timestamp":1747598400000,"ft_is_entry":false,"ft_order_tag":"exit_signal","cost":190.23068781}],"funding_fees":-0.009990397809247698},{"pair":"ETH/USDT:USDT","stake_amount":194.5736,"max_stake_amount":194.5736,"amount":0.08,"open_date":"2025-05-19 13:45:00+00:00","close_date":"2025-05-22 03:45:00+00:00","open_rate":2432.17,"close_rate":2634.82,"fee_open":0.0005,"fee_close":0.0005,"trade_duration":3720,"profit_ratio":0.08182421985042296,"profit_abs":15.92879344,"exit_reason":"exit_signal","initial_stop_loss_abs":2188.96,"initial_stop_loss_ratio":-0.1,"stop_loss_abs":2188.96,"stop_loss_ratio":-0.1,"min_rate":2416.4,"max_rate":2647.25,"is_open":false,"enter_tag":"","leverage":1.0,"is_short":false,"open_timestamp":1747662300000,"close_timestamp":1747885500000,"orders":[{"amount":0.08,"safe_price":2432.17,"ft_order_side":"buy","order_filled_timestamp":1747662300000,"ft_is_entry":true,"ft_order_tag":"","cost":194.67088679999998},{"amount":0.08,"safe_price":2634.82,"ft_order_side":"sell","order_filled_timestamp":1747885500000,"ft_is_entry":false,"ft_order_tag":"exit_signal","cost":210.8909928}],"funding_fees":-0.08052695693710539},{"pair":"ETH/USDT:USDT","stake_amount":197.2347,"max_stake_amount":197.2347,"amount":0.078,"open_date":"2025-05-23 23:30:00+00:00","close_date":"2025-05-24 18:15:00+00:00","open_rate":2528.65,"close_rate":2561.57,"fee_open":0.0005,"fee_close":0.0005,"trade_duration":1125,"profit_ratio":0.011844534675583511,"profit_abs":2.33732132,"exit_reason":"exit_signal","initial_stop_loss_abs":2275.79,"initial_stop_loss_ratio":-0.1,"stop_loss_abs":2275.79,"stop_loss_ratio":-0.1,"min_rate":2502.1,"max_rate":2574.5,"is_open":false,"enter_tag":"","leverage":1.0,"is_short":false,"open_timestamp":1748043000000,"close_timestamp":1748110500000,"orders":[{"amount":0.078,"safe_price":2528.65,"ft_order_side":"buy","order_filled_timestamp":1748043000000,"ft_is_entry":true,"ft_order_tag":"","cost":197.33331735},{"amount":0.078,"safe_price":2561.57,"ft_order_side":"sell","order_filled_timestamp":1748110500000,"ft_is_entry":false,"ft_order_tag":"exit_signal","cost":199.90236123000003}],"funding_fees":-0.031920102850342885},{"pair":"ETH/USDT:USDT","stake_amount":199.4197,"max_stake_amount":199.4197,"amount":0.079,"open_date":"2025-05-24 23:00:00+00:00","close_date":"2025-05-25 19:00:00+00:00","open_rate":2524.3,"close_rate":2514.89,"fee_open":0.0005,"fee_close":0.0005,"trade_duration":1200,"profit_ratio":-0.004905422789370786,"profit_abs":-0.97872706,"exit_reason":"exit_signal","initial_stop_loss_abs":2271.88,"initial_stop_loss_ratio":-0.1,"stop_loss_abs":2271.88,"stop_loss_ratio":-0.1,"min_rate":2457.6,"max_rate":2538.38,"is_open":false,"enter_tag":"","leverage":1.0,"is_short":false,"open_timestamp":1748127600000,"close_timestamp":1748199600000,"orders":[{"amount":0.079,"safe_price":2524.3,"ft_order_side":"buy","order_filled_timestamp":1748127600000,"ft_is_entry":true,"ft_order_tag":"","cost":199.51940985},{"amount":0.079,"safe_price":2514.89,"ft_order_side":"sell","order_filled_timestamp":1748199600000,"ft_is_entry":false,"ft_order_tag":"exit_signal","cost":198.775648155}],"funding_fees":-0.0362890580034},{"pair":"ETH/USDT:USDT","stake_amount":199.1037,"max_stake_amount":199.1037,"amount":0.079,"open_date":"2025-05-25 19:30:00+00:00","close_date":"2025-05-25 21:00:00+00:00","open_rate":2520.3,"close_rate":2522.66,"fee_open":0.0005,"fee_close":0.0005,"trade_duration":90,"profit_ratio":-6.403971763275209e-05,"profit_abs":-0.01275692,"exit_reason":"exit_signal","initial_stop_loss_abs":2268.28,"initial_stop_loss_ratio":-0.1,"stop_loss_abs":2268.28,"stop_loss_ratio":-0.1,"min_rate":2509.69,"max_rate":2537.0,"is_open":false,"enter_tag":"","leverage":1.0,"is_short":false,"open_timestamp":1748201400000,"close_timestamp":1748206800000,"orders":[{"amount":0.079,"safe_price":2520.3,"ft_order_side":"buy","order_filled_timestamp":1748201400000,"ft_is_entry":true,"ft_order_tag":"","cost":199.20325185},{"amount":0.079,"safe_price":2522.66,"ft_order_side":"sell","order_filled_timestamp":1748206800000,"ft_is_entry":false,"ft_order_tag":"exit_signal","cost":199.38978506999996}],"funding_fees":0.0},{"pair":"ETH/USDT:USDT","stake_amount":199.11397,"max_stake_amount":199.11397,"amount":0.079,"open_date":"2025-05-25 21:30:00+00:00","close_date":"2025-05-27 08:30:00+00:00","open_rate":2520.43,"close_rate":2637.32,"fee_open":0.0005,"fee_close":0.0005,"trade_duration":2100,"profit_ratio":0.04505274529211961,"profit_abs":8.97511629,"exit_reason":"exit_signal","initial_stop_loss_abs":2268.39,"initial_stop_loss_ratio":-0.1,"stop_loss_abs":2268.39,"stop_loss_ratio":-0.1,"min_rate":2506.08,"max_rate":2643.44,"is_open":false,"enter_tag":"","leverage":1.0,"is_short":false,"open_timestamp":1748208600000,"close_timestamp":1748334600000,"orders":[{"amount":0.079,"safe_price":2520.43,"ft_order_side":"buy","order_filled_timestamp":1748208600000,"ft_is_entry":true,"ft_order_tag":"","cost":199.213526985},{"amount":0.079,"safe_price":2637.32,"ft_order_side":"sell","order_filled_timestamp":1748334600000,"ft_is_entry":false,"ft_order_tag":"exit_signal","cost":208.45245414000001}],"funding_fees":-0.055462587512398305},{"pair":"ETH/USDT:USDT","stake_amount":199.36203,"max_stake_amount":199.36203,"amount":0.079,"open_date":"2025-05-30 22:45:00+00:00","close_date":"2025-05-31 12:00:00+00:00","open_rate":2523.57,"close_rate":2518.6,"fee_open":0.0005,"fee_close":0.0005,"trade_duration":795,"profit_ratio":-0.0030813079707001033,"profit_abs":-0.61460296,"exit_reason":"exit_signal","initial_stop_loss_abs":2271.22,"initial_stop_loss_ratio":-0.1,"stop_loss_abs":2271.22,"stop_loss_ratio":-0.1,"min_rate":2474.0,"max_rate":2543.45,"is_open":false,"enter_tag":"","leverage":1.0,"is_short":false,"open_timestamp":1748645100000,"close_timestamp":1748692800000,"orders":[{"amount":0.079,"safe_price":2523.57,"ft_order_side":"buy","order_filled_timestamp":1748645100000,"ft_is_entry":true,"ft_order_tag":"","cost":199.461711015},{"amount":0.079,"safe_price":2518.6,"ft_order_side":"sell","order_filled_timestamp":1748692800000,"ft_is_entry":false,"ft_order_tag":"exit_signal","cost":199.06888469999998}],"funding_fees":-0.02280724949081511},{"pair":"ETH/USDT:USDT","stake_amount":199.82181,"max_stake_amount":199.82181,"amount":0.079,"open_date":"2025-05-31 12:15:00+00:00","close_date":"2025-05-31 19:00:00+00:00","open_rate":2529.39,"close_rate":2538.82,"fee_open":0.0005,"fee_close":0.0005,"trade_duration":405,"profit_ratio":0.002697507442206659,"profit_abs":0.53929033,"exit_reason":"exit_signal","initial_stop_loss_abs":2276.46,"initial_stop_loss_ratio":-0.1,"stop_loss_abs":2276.46,"stop_loss_ratio":-0.1,"min_rate":2521.05,"max_rate":2550.0,"is_open":false,"enter_tag":"","leverage":1.0,"is_short":false,"open_timestamp":1748693700000,"close_timestamp":1748718000000,"orders":[{"amount":0.079,"safe_price":2529.39,"ft_order_side":"buy","order_filled_timestamp":1748693700000,"ft_is_entry":true,"ft_order_tag":"","cost":199.921720905},{"amount":0.079,"safe_price":2538.82,"ft_order_side":"sell","order_filled_timestamp":1748718000000,"ft_is_entry":false,"ft_order_tag":"exit_signal","cost":200.66706339}],"funding_fees":-0.005485373249998772},{"pair":"ETH/USDT:USDT","stake_amount":199.82734,"max_stake_amount":199.82734,"amount":0.079,"open_date":"2025-05-31 23:45:00+00:00","close_date":"2025-06-01 05:45:00+00:00","open_rate":2529.46,"close_rate":2515.81,"fee_open":0.0005,"fee_close":0.0005,"trade_duration":360,"profit_ratio":-0.006465607245991837,"profit_abs":-1.2926511,"exit_reason":"exit_signal","initial_stop_loss_abs":2276.52,"initial_stop_loss_ratio":-0.1,"stop_loss_abs":2276.52,"stop_loss_ratio":-0.1,"min_rate":2488.52,"max_rate":2530.45,"is_open":false,"enter_tag":"","leverage":1.0,"is_short":false,"open_timestamp":1748735100000,"close_timestamp":1748756700000,"orders":[{"amount":0.079,"safe_price":2529.46,"ft_order_side":"buy","order_filled_timestamp":1748735100000,"ft_is_entry":true,"ft_order_tag":"","cost":199.92725366999997},{"amount":0.079,"safe_price":2515.81,"ft_order_side":"sell","order_filled_timestamp":1748756700000,"ft_is_entry":false,"ft_order_tag":"exit_signal","cost":198.84836449499997}],"funding_fees":-0.015012936272},{"pair":"ETH/USDT:USDT","stake_amount":198.87934,"max_stake_amount":198.87934,"amount":0.079,"open_date":"2025-06-01 06:00:00+00:00","close_date":"2025-06-03 01:45:00+00:00","open_rate":2517.46,"close_rate":2636.84,"fee_open":0.0005,"fee_close":0.0005,"trade_duration":2625,"profit_ratio":0.04611091602439518,"profit_abs":9.1750938,"exit_reason":"exit_signal","initial_stop_loss_abs":2265.72,"initial_stop_loss_ratio":-0.1,"stop_loss_abs":2265.72,"stop_loss_ratio":-0.1,"min_rate":2465.0,"max_rate":2649.0,"is_open":false,"enter_tag":"","leverage":1.0,"is_short":false,"open_timestamp":1748757600000,"close_timestamp":1748915100000,"orders":[{"amount":0.079,"safe_price":2517.46,"ft_order_side":"buy","order_filled_timestamp":1748757600000,"ft_is_entry":true,"ft_order_tag":"","cost":198.97877967},{"amount":0.079,"safe_price":2636.84,"ft_order_side":"sell","order_filled_timestamp":1748915100000,"ft_is_entry":false,"ft_order_tag":"exit_signal","cost":208.41451518}],"funding_fees":-0.05233134710117406},{"pair":"ETH/USDT:USDT","stake_amount":202.2464,"max_stake_amount":202.2464,"amount":0.08,"open_date":"2025-06-05 20:00:00+00:00","close_date":"2025-06-05 20:45:00+00:00","open_rate":2528.08,"close_rate":2417.7,"fee_open":0.0005,"fee_close":0.0005,"trade_duration":45,"profit_ratio":-0.044617453464337736,"profit_abs":-9.0282312,"exit_reason":"exit_signal","initial_stop_loss_abs":2275.28,"initial_stop_loss_ratio":-0.1,"stop_loss_abs":2275.28,"stop_loss_ratio":-0.1,"min_rate":2392.32,"max_rate":2534.79,"is_open":false,"enter_tag":"","leverage":1.0,"is_short":false,"open_timestamp":1749153600000,"close_timestamp":1749156300000,"orders":[{"amount":0.08,"safe_price":2528.08,"ft_order_side":"buy","order_filled_timestamp":1749153600000,"ft_is_entry":true,"ft_order_tag":"","cost":202.34752319999998},{"amount":0.08,"safe_price":2417.7,"ft_order_side":"sell","order_filled_timestamp":1749156300000,"ft_is_entry":false,"ft_order_tag":"exit_signal","cost":193.51270799999998}],"funding_fees":0.0},{"pair":"ETH/USDT:USDT","stake_amount":199.629,"max_stake_amount":199.629,"amount":0.082,"open_date":"2025-06-06 03:00:00+00:00","close_date":"2025-06-07 08:45:00+00:00","open_rate":2434.5,"close_rate":2485.35,"fee_open":0.0005,"fee_close":0.0005,"trade_duration":1785,"profit_ratio":0.019668409036694104,"profit_abs":3.92834802,"exit_reason":"exit_signal","initial_stop_loss_abs":2191.05,"initial_stop_loss_ratio":-0.1,"stop_loss_abs":2191.05,"stop_loss_ratio":-0.1,"min_rate":2427.12,"max_rate":2529.67,"is_open":false,"enter_tag":"","leverage":1.0,"is_short":false,"open_timestamp":1749178800000,"close_timestamp":1749285900000,"orders":[{"amount":0.082,"safe_price":2434.5,"ft_order_side":"buy","order_filled_timestamp":1749178800000,"ft_is_entry":true,"ft_order_tag":"","cost":199.7288145},{"amount":0.082,"safe_price":2485.35,"ft_order_side":"sell","order_filled_timestamp":1749285900000,"ft_is_entry":false,"ft_order_tag":"exit_signal","cost":203.90059935}],"funding_fees":-0.03963813130733749},{"pair":"ETH/USDT:USDT","stake_amount":201.09303,"max_stake_amount":201.09303,"amount":0.081,"open_date":"2025-06-07 09:00:00+00:00","close_date":"2025-06-07 10:00:00+00:00","open_rate":2482.63,"close_rate":2485.01,"fee_open":0.0005,"fee_close":0.0005,"trade_duration":60,"profit_ratio":-4.179765649413283e-05,"profit_abs":-0.00840942,"exit_reason":"exit_signal","initial_stop_loss_abs":2234.37,"initial_stop_loss_ratio":-0.1,"stop_loss_abs":2234.37,"stop_loss_ratio":-0.1,"min_rate":2481.91,"max_rate":2489.36,"is_open":false,"enter_tag":"","leverage":1.0,"is_short":false,"open_timestamp":1749286800000,"close_timestamp":1749290400000,"orders":[{"amount":0.081,"safe_price":2482.63,"ft_order_side":"buy","order_filled_timestamp":1749286800000,"ft_is_entry":true,"ft_order_tag":"","cost":201.19357651500002},{"amount":0.081,"safe_price":2485.01,"ft_order_side":"sell","order_filled_timestamp":1749290400000,"ft_is_entry":false,"ft_order_tag":"exit_signal","cost":201.38645290500003}],"funding_fees":0.0},{"pair":"ETH/USDT:USDT","stake_amount":201.57336,"max_stake_amount":201.57336,"amount":0.081,"open_date":"2025-06-07 10:15:00+00:00","close_date":"2025-06-07 20:00:00+00:00","open_rate":2488.56,"close_rate":2515.78,"fee_open":0.0005,"fee_close":0.0005,"trade_duration":585,"profit_ratio":0.009859303895580514,"profit_abs":1.9883667,"exit_reason":"exit_signal","initial_stop_loss_abs":2239.71,"initial_stop_loss_ratio":-0.1,"stop_loss_abs":2239.71,"stop_loss_ratio":-0.1,"min_rate":2487.11,"max_rate":2524.9,"is_open":false,"enter_tag":"","leverage":1.0,"is_short":false,"open_timestamp":1749291300000,"close_timestamp":1749326400000,"orders":[{"amount":0.081,"safe_price":2488.56,"ft_order_side":"buy","order_filled_timestamp":1749291300000,"ft_is_entry":true,"ft_order_tag":"","cost":201.67414668},{"amount":0.081,"safe_price":2515.78,"ft_order_side":"sell","order_filled_timestamp":1749326400000,"ft_is_entry":false,"ft_order_tag":"exit_signal","cost":203.88006909}],"funding_fees":-0.013777528448071959},{"pair":"ETH/USDT:USDT","stake_amount":201.9,"max_stake_amount":201.9,"amount":0.08,"open_date":"2025-06-07 20:15:00+00:00","close_date":"2025-06-07 21:00:00+00:00","open_rate":2523.75,"close_rate":2520.75,"fee_open":0.0005,"fee_close":0.0005,"trade_duration":45,"profit_ratio":-0.0021870194174829377,"profit_abs":-0.44178,"exit_reason":"exit_signal","initial_stop_loss_abs":2271.38,"initial_stop_loss_ratio":-0.1,"stop_loss_abs":2271.38,"stop_loss_ratio":-0.1,"min_rate":2517.28,"max_rate":2524.12,"is_open":false,"enter_tag":"","leverage":1.0,"is_short":false,"open_timestamp":1749327300000,"close_timestamp":1749330000000,"orders":[{"amount":0.08,"safe_price":2523.75,"ft_order_side":"buy","order_filled_timestamp":1749327300000,"ft_is_entry":true,"ft_order_tag":"","cost":202.00095},{"amount":0.08,"safe_price":2520.75,"ft_order_side":"sell","order_filled_timestamp":1749330000000,"ft_is_entry":false,"ft_order_tag":"exit_signal","cost":201.76083}],"funding_fees":0.0},{"pair":"ETH/USDT:USDT","stake_amount":201.5032,"max_stake_amount":201.5032,"amount":0.08,"open_date":"2025-06-07 21:15:00+00:00","close_date":"2025-06-07 21:30:00+00:00","open_rate":2518.79,"close_rate":2519.35,"fee_open":0.0005,"fee_close":0.0005,"trade_duration":15,"profit_ratio":-0.0007773934923208122,"profit_abs":-0.1567256,"exit_reason":"exit_signal","initial_stop_loss_abs":2266.92,"initial_stop_loss_ratio":-0.1,"stop_loss_abs":2266.92,"stop_loss_ratio":-0.1,"min_rate":2517.22,"max_rate":2522.38,"is_open":false,"enter_tag":"","leverage":1.0,"is_short":false,"open_timestamp":1749330900000,"close_timestamp":1749331800000,"orders":[{"amount":0.08,"safe_price":2518.79,"ft_order_side":"buy","order_filled_timestamp":1749330900000,"ft_is_entry":true,"ft_order_tag":"","cost":201.6039516},{"amount":0.08,"safe_price":2519.35,"ft_order_side":"sell","order_filled_timestamp":1749331800000,"ft_is_entry":false,"ft_order_tag":"exit_signal","cost":201.648774}],"funding_fees":0.0},{"pair":"ETH/USDT:USDT","stake_amount":201.5456,"max_stake_amount":201.5456,"amount":0.08,"open_date":"2025-06-07 22:15:00+00:00","close_date":"2025-06-07 22:30:00+00:00","open_rate":2519.32,"close_rate":2522.73,"fee_open":0.0005,"fee_close":0.0005,"trade_duration":15,"profit_ratio":0.0003526867307974706,"profit_abs":0.071118,"exit_reason":"exit_signal","initial_stop_loss_abs":2267.39,"initial_stop_loss_ratio":-0.1,"stop_loss_abs":2267.39,"stop_loss_ratio":-0.1,"min_rate":2518.68,"max_rate":2545.0,"is_open":false,"enter_tag":"","leverage":1.0,"is_short":false,"open_timestamp":1749334500000,"close_timestamp":1749335400000,"orders":[{"amount":0.08,"safe_price":2519.32,"ft_order_side":"buy","order_filled_timestamp":1749334500000,"ft_is_entry":true,"ft_order_tag":"","cost":201.6463728},{"amount":0.08,"safe_price":2522.73,"ft_order_side":"sell","order_filled_timestamp":1749335400000,"ft_is_entry":false,"ft_order_tag":"exit_signal","cost":201.9193092}],"funding_fees":0.0},{"pair":"ETH/USDT:USDT","stake_amount":199.75782,"max_stake_amount":199.75782,"amount":0.079,"open_date":"2025-06-07 23:15:00+00:00","close_date":"2025-06-08 02:30:00+00:00","open_rate":2528.58,"close_rate":2512.84,"fee_open":0.0005,"fee_close":0.0005,"trade_duration":195,"profit_ratio":-0.007317872806384149,"profit_abs":-1.46253322,"exit_reason":"exit_signal","initial_stop_loss_abs":2275.73,"initial_stop_loss_ratio":-0.1,"stop_loss_abs":2275.73,"stop_loss_ratio":-0.1,"min_rate":2510.02,"max_rate":2528.97,"is_open":false,"enter_tag":"","leverage":1.0,"is_short":false,"open_timestamp":1749338100000,"close_timestamp":1749349800000,"orders":[{"amount":0.079,"safe_price":2528.58,"ft_order_side":"buy","order_filled_timestamp":1749338100000,"ft_is_entry":true,"ft_order_tag":"","cost":199.85769891},{"amount":0.079,"safe_price":2512.84,"ft_order_side":"sell","order_filled_timestamp":1749349800000,"ft_is_entry":false,"ft_order_tag":"exit_signal","cost":198.61361718}],"funding_fees":-0.019937133393428},{"pair":"ETH/USDT:USDT","stake_amount":201.0968,"max_stake_amount":201.0968,"amount":0.08,"open_date":"2025-06-08 02:45:00+00:00","close_date":"2025-06-08 03:30:00+00:00","open_rate":2513.71,"close_rate":2509.63,"fee_open":0.0005,"fee_close":0.0005,"trade_duration":45,"profit_ratio":-0.002620976887586059,"profit_abs":-0.5273336,"exit_reason":"exit_signal","initial_stop_loss_abs":2262.34,"initial_stop_loss_ratio":-0.1,"stop_loss_abs":2262.34,"stop_loss_ratio":-0.1,"min_rate":2507.25,"max_rate":2515.0,"is_open":false,"enter_tag":"","leverage":1.0,"is_short":false,"open_timestamp":1749350700000,"close_timestamp":1749353400000,"orders":[{"amount":0.08,"safe_price":2513.71,"ft_order_side":"buy","order_filled_timestamp":1749350700000,"ft_is_entry":true,"ft_order_tag":"","cost":201.19734839999998},{"amount":0.08,"safe_price":2509.63,"ft_order_side":"sell","order_filled_timestamp":1749353400000,"ft_is_entry":false,"ft_order_tag":"exit_signal","cost":200.8707852}],"funding_fees":0.0},{"pair":"ETH/USDT:USDT","stake_amount":200.6664,"max_stake_amount":200.6664,"amount":0.08,"open_date":"2025-06-08 04:15:00+00:00","close_date":"2025-06-08 04:30:00+00:00","open_rate":2508.33,"close_rate":2510.66,"fee_open":0.0005,"fee_close":0.0005,"trade_duration":15,"profit_ratio":-7.152380163348695e-05,"profit_abs":-0.0143596,"exit_reason":"exit_signal","initial_stop_loss_abs":2257.5,"initial_stop_loss_ratio":-0.1,"stop_loss_abs":2257.5,"stop_loss_ratio":-0.1,"min_rate":2507.96,"max_rate":2517.55,"is_open":false,"enter_tag":"","leverage":1.0,"is_short":false,"open_timestamp":1749356100000,"close_timestamp":1749357000000,"orders":[{"amount":0.08,"safe_price":2508.33,"ft_order_side":"buy","order_filled_timestamp":1749356100000,"ft_is_entry":true,"ft_order_tag":"","cost":200.7667332},{"amount":0.08,"safe_price":2510.66,"ft_order_side":"sell","order_filled_timestamp":1749357000000,"ft_is_entry":false,"ft_order_tag":"exit_signal","cost":200.95322639999998}],"funding_fees":0.0},{"pair":"ETH/USDT:USDT","stake_amount":201.3744,"max_stake_amount":201.3744,"amount":0.08,"open_date":"2025-06-08 04:45:00+00:00","close_date":"2025-06-08 06:15:00+00:00","open_rate":2517.18,"close_rate":2511.88,"fee_open":0.0005,"fee_close":0.0005,"trade_duration":90,"profit_ratio":-0.0031029265637166083,"profit_abs":-0.6251624,"exit_reason":"exit_signal","initial_stop_loss_abs":2265.47,"initial_stop_loss_ratio":-0.1,"stop_loss_abs":2265.47,"stop_loss_ratio":-0.1,"min_rate":2507.69,"max_rate":2519.03,"is_open":false,"enter_tag":"","leverage":1.0,"is_short":false,"open_timestamp":1749357900000,"close_timestamp":1749363300000,"orders":[{"amount":0.08,"safe_price":2517.18,"ft_order_side":"buy","order_filled_timestamp":1749357900000,"ft_is_entry":true,"ft_order_tag":"","cost":201.47508719999996},{"amount":0.08,"safe_price":2511.88,"ft_order_side":"sell","order_filled_timestamp":1749363300000,"ft_is_entry":false,"ft_order_tag":"exit_signal","cost":201.05087519999998}],"funding_fees":0.0},{"pair":"ETH/USDT:USDT","stake_amount":201.0496,"max_stake_amount":201.0496,"amount":0.08,"open_date":"2025-06-08 06:30:00+00:00","close_date":"2025-06-08 06:45:00+00:00","open_rate":2513.12,"close_rate":2515.23,"fee_open":0.0005,"fee_close":0.0005,"trade_duration":15,"profit_ratio":-0.00016074561242330386,"profit_abs":-0.032334,"exit_reason":"exit_signal","initial_stop_loss_abs":2261.81,"initial_stop_loss_ratio":-0.1,"stop_loss_abs":2261.81,"stop_loss_ratio":-0.1,"min_rate":2511.5,"max_rate":2516.4,"is_open":false,"enter_tag":"","leverage":1.0,"is_short":false,"open_timestamp":1749364200000,"close_timestamp":1749365100000,"orders":[{"amount":0.08,"safe_price":2513.12,"ft_order_side":"buy","order_filled_timestamp":1749364200000,"ft_is_entry":true,"ft_order_tag":"","cost":201.1501248},{"amount":0.08,"safe_price":2515.23,"ft_order_side":"sell","order_filled_timestamp":1749365100000,"ft_is_entry":false,"ft_order_tag":"exit_signal","cost":201.31900919999998}],"funding_fees":0.0},{"pair":"ETH/USDT:USDT","stake_amount":201.0768,"max_stake_amount":201.0768,"amount":0.08,"open_date":"2025-06-08 08:00:00+00:00","close_date":"2025-06-08 08:30:00+00:00","open_rate":2513.46,"close_rate":2514.25,"fee_open":0.0005,"fee_close":0.0005,"trade_duration":30,"profit_ratio":-0.0007806826616212953,"profit_abs":-0.15705566,"exit_reason":"exit_signal","initial_stop_loss_abs":2262.12,"initial_stop_loss_ratio":-0.1,"stop_loss_abs":2262.12,"stop_loss_ratio":-0.1,"min_rate":2513.39,"max_rate":2520.19,"is_open":false,"enter_tag":"","leverage":1.0,"is_short":false,"open_timestamp":1749369600000,"close_timestamp":1749371400000,"orders":[{"amount":0.08,"safe_price":2513.46,"ft_order_side":"buy","order_filled_timestamp":1749369600000,"ft_is_entry":true,"ft_order_tag":"","cost":201.1773384},{"amount":0.08,"safe_price":2514.25,"ft_order_side":"sell","order_filled_timestamp":1749371400000,"ft_is_entry":false,"ft_order_tag":"exit_signal","cost":201.24057}],"funding_fees":-0.019147258871029006},{"pair":"SOL/USDT:USDT","stake_amount":201.8112,"max_stake_amount":201.8112,"amount":1.38,"open_date":"2025-06-05 19:30:00+00:00","close_date":"2025-06-08 18:15:00+00:00","open_rate":146.24,"close_rate":153.83,"fee_open":0.0005,"fee_close":0.0005,"trade_duration":4245,"profit_ratio":0.05097601864640255,"profit_abs":10.29267526,"exit_reason":"exit_signal","initial_stop_loss_abs":131.62,"initial_stop_loss_ratio":-0.1,"stop_loss_abs":131.62,"stop_loss_ratio":-0.1,"min_rate":141.43,"max_rate":154.14,"is_open":false,"enter_tag":"","leverage":1.0,"is_short":false,"open_timestamp":1749151800000,"close_timestamp":1749406500000,"orders":[{"amount":1.38,"safe_price":146.24,"ft_order_side":"buy","order_filled_timestamp":1749151800000,"ft_is_entry":true,"ft_order_tag":"","cost":201.91210559999996},{"amount":1.38,"safe_price":153.83,"ft_order_side":"sell","order_filled_timestamp":1749406500000,"ft_is_entry":false,"ft_order_tag":"exit_signal","cost":212.3915427}],"funding_fees":0.025523556959494254},{"pair":"ETH/USDT:USDT","stake_amount":201.2,"max_stake_amount":201.2,"amount":0.08,"open_date":"2025-06-08 08:45:00+00:00","close_date":"2025-06-08 20:30:00+00:00","open_rate":2515.0,"close_rate":2533.99,"fee_open":0.0005,"fee_close":0.0005,"trade_duration":705,"profit_ratio":0.006496751971926562,"profit_abs":1.30780007,"exit_reason":"exit_signal","initial_stop_loss_abs":2263.5,"initial_stop_loss_ratio":-0.1,"stop_loss_abs":2263.5,"stop_loss_ratio":-0.1,"min_rate":2483.28,"max_rate":2539.68,"is_open":false,"enter_tag":"","leverage":1.0,"is_short":false,"open_timestamp":1749372300000,"close_timestamp":1749414600000,"orders":[{"amount":0.08,"safe_price":2515.0,"ft_order_side":"buy","order_filled_timestamp":1749372300000,"ft_is_entry":true,"ft_order_tag":"","cost":201.3006},{"amount":0.08,"safe_price":2533.99,"ft_order_side":"sell","order_filled_timestamp":1749414600000,"ft_is_entry":false,"ft_order_tag":"exit_signal","cost":202.8205596}],"funding_fees":-0.00944032989046104},{"pair":"ETH/USDT:USDT","stake_amount":201.5304,"max_stake_amount":201.5304,"amount":0.08,"open_date":"2025-06-08 22:15:00+00:00","close_date":"2025-06-09 21:30:00+00:00","open_rate":2519.13,"close_rate":2638.76,"fee_open":0.0005,"fee_close":0.0005,"trade_duration":1395,"profit_ratio":0.04631356517102546,"profit_abs":9.33825811,"exit_reason":"exit_signal","initial_stop_loss_abs":2267.22,"initial_stop_loss_ratio":-0.1,"stop_loss_abs":2267.22,"stop_loss_ratio":-0.1,"min_rate":2475.83,"max_rate":2639.88,"is_open":false,"enter_tag":"","leverage":1.0,"is_short":false,"open_timestamp":1749420900000,"close_timestamp":1749504600000,"orders":[{"amount":0.08,"safe_price":2519.13,"ft_order_side":"buy","order_filled_timestamp":1749420900000,"ft_is_entry":true,"ft_order_tag":"","cost":201.6311652},{"amount":0.08,"safe_price":2638.76,"ft_order_side":"sell","order_filled_timestamp":1749504600000,"ft_is_entry":false,"ft_order_tag":"exit_signal","cost":211.20635040000002}],"funding_fees":-0.025826286739227086},{"pair":"SOL/USDT:USDT","stake_amount":205.5075,"max_stake_amount":205.5075,"amount":1.41,"open_date":"2025-06-13 00:30:00+00:00","close_date":"2025-06-13 02:45:00+00:00","open_rate":145.75,"close_rate":141.27,"fee_open":0.0005,"fee_close":0.0005,"trade_duration":135,"profit_ratio":-0.03170634236912419,"profit_abs":-6.5191491,"exit_reason":"exit_signal","initial_stop_loss_abs":131.18,"initial_stop_loss_ratio":-0.1,"stop_loss_abs":131.18,"stop_loss_ratio":-0.1,"min_rate":140.73,"max_rate":146.35,"is_open":false,"enter_tag":"","leverage":1.0,"is_short":false,"open_timestamp":1749774600000,"close_timestamp":1749782700000,"orders":[{"amount":1.41,"safe_price":145.75,"ft_order_side":"buy","order_filled_timestamp":1749774600000,"ft_is_entry":true,"ft_order_tag":"","cost":205.61025374999997},{"amount":1.41,"safe_price":141.27,"ft_order_side":"sell","order_filled_timestamp":1749782700000,"ft_is_entry":false,"ft_order_tag":"exit_signal","cost":199.29029534999998}],"funding_fees":0.0},{"pair":"ETH/USDT:USDT","stake_amount":203.72229,"max_stake_amount":203.72229,"amount":0.081,"open_date":"2025-06-13 05:45:00+00:00","close_date":"2025-06-15 03:45:00+00:00","open_rate":2515.09,"close_rate":2531.61,"fee_open":0.0005,"fee_close":0.0005,"trade_duration":2760,"profit_ratio":0.0054631213903981735,"profit_abs":1.11351608,"exit_reason":"exit_signal","initial_stop_loss_abs":2263.59,"initial_stop_loss_ratio":-0.1,"stop_loss_abs":2263.59,"stop_loss_ratio":-0.1,"min_rate":2486.68,"max_rate":2585.0,"is_open":false,"enter_tag":"","leverage":1.0,"is_short":false,"open_timestamp":1749793500000,"close_timestamp":1749959100000,"orders":[{"amount":0.081,"safe_price":2515.09,"ft_order_side":"buy","order_filled_timestamp":1749793500000,"ft_is_entry":true,"ft_order_tag":"","cost":203.824151145},{"amount":0.081,"safe_price":2531.61,"ft_order_side":"sell","order_filled_timestamp":1749959100000,"ft_is_entry":false,"ft_order_tag":"exit_signal","cost":205.162940205}],"funding_fees":-0.020212567099566734},{"pair":"SUI/USDT:USDT","stake_amount":204.228,"max_stake_amount":204.228,"amount":72.0,"open_date":"2025-06-14 17:00:00+00:00","close_date":"2025-06-15 04:45:00+00:00","open_rate":2.8365,"close_rate":3.0084,"fee_open":0.0005,"fee_close":0.0005,"trade_duration":705,"profit_ratio":0.059545366572839084,"profit_abs":12.16691154,"exit_reason":"exit_signal","initial_stop_loss_abs":2.5529,"initial_stop_loss_ratio":-0.1,"stop_loss_abs":2.5529,"stop_loss_ratio":-0.1,"min_rate":2.8034,"max_rate":3.0124,"is_open":false,"enter_tag":"","leverage":1.0,"is_short":false,"open_timestamp":1749920400000,"close_timestamp":1749962700000,"orders":[{"amount":72.0,"safe_price":2.8365,"ft_order_side":"buy","order_filled_timestamp":1749920400000,"ft_is_entry":true,"ft_order_tag":"","cost":204.330114},{"amount":72.0,"safe_price":3.0084,"ft_order_side":"sell","order_filled_timestamp":1749962700000,"ft_is_entry":false,"ft_order_tag":"exit_signal","cost":216.7131024}],"funding_fees":0.000527943744},{"pair":"SOL/USDT:USDT","stake_amount":204.0114,"max_stake_amount":204.0114,"amount":1.42,"open_date":"2025-06-13 05:45:00+00:00","close_date":"2025-06-16 01:45:00+00:00","open_rate":143.67,"close_rate":153.98,"fee_open":0.0005,"fee_close":0.0005,"trade_duration":4080,"profit_ratio":0.07042934774763793,"profit_abs":14.37557403,"exit_reason":"exit_signal","initial_stop_loss_abs":129.31,"initial_stop_loss_ratio":-0.1,"stop_loss_abs":129.31,"stop_loss_ratio":-0.1,"min_rate":141.87,"max_rate":156.72,"is_open":false,"enter_tag":"","leverage":1.0,"is_short":false,"open_timestamp":1749793500000,"close_timestamp":1750038300000,"orders":[{"amount":1.42,"safe_price":143.67,"ft_order_side":"buy","order_filled_timestamp":1749793500000,"ft_is_entry":true,"ft_order_tag":"","cost":204.11340569999996},{"amount":1.42,"safe_price":153.98,"ft_order_side":"sell","order_filled_timestamp":1750038300000,"ft_is_entry":false,"ft_order_tag":"exit_signal","cost":218.76092579999997}],"funding_fees":-0.053294467205863935},{"pair":"ETH/USDT:USDT","stake_amount":204.72669,"max_stake_amount":204.72669,"amount":0.081,"open_date":"2025-06-15 07:30:00+00:00","close_date":"2025-06-16 14:00:00+00:00","open_rate":2527.49,"close_rate":2638.33,"fee_open":0.0005,"fee_close":0.0005,"trade_duration":1830,"profit_ratio":0.04251378067608771,"profit_abs":8.70805745,"exit_reason":"exit_signal","initial_stop_loss_abs":2274.75,"initial_stop_loss_ratio":-0.1,"stop_loss_abs":2274.75,"stop_loss_ratio":-0.1,"min_rate":2490.38,"max_rate":2644.7,"is_open":false,"enter_tag":"","leverage":1.0,"is_short":false,"open_timestamp":1749972600000,"close_timestamp":1750082400000,"orders":[{"amount":0.081,"safe_price":2527.49,"ft_order_side":"buy","order_filled_timestamp":1749972600000,"ft_is_entry":true,"ft_order_tag":"","cost":204.82905334499998},{"amount":0.081,"safe_price":2638.33,"ft_order_side":"sell","order_filled_timestamp":1750082400000,"ft_is_entry":false,"ft_order_tag":"exit_signal","cost":213.811582365}],"funding_fees":-0.06076683938581843},{"pair":"SOL/USDT:USDT","stake_amount":210.8535,"max_stake_amount":210.8535,"amount":1.43,"open_date":"2025-06-17 15:30:00+00:00","close_date":"2025-06-18 07:30:00+00:00","open_rate":147.45,"close_rate":147.25,"fee_open":0.0005,"fee_close":0.0005,"trade_duration":960,"profit_ratio":-0.0024077659941925166,"profit_abs":-0.50793973,"exit_reason":"force_exit","initial_stop_loss_abs":132.71,"initial_stop_loss_ratio":-0.1,"stop_loss_abs":132.71,"stop_loss_ratio":-0.1,"min_rate":145.55,"max_rate":150.35,"is_open":false,"enter_tag":"","leverage":1.0,"is_short":false,"open_timestamp":1750174200000,"close_timestamp":1750231800000,"orders":[{"amount":1.43,"safe_price":147.45,"ft_order_side":"buy","order_filled_timestamp":1750174200000,"ft_is_entry":true,"ft_order_tag":"","cost":210.95892674999996},{"amount":1.43,"safe_price":147.25,"ft_order_side":"sell","order_filled_timestamp":1750231800000,"ft_is_entry":false,"ft_order_tag":"force_exit","cost":210.67278374999998}],"funding_fees":-0.01122923373},{"pair":"ETH/USDT:USDT","stake_amount":209.17577,"max_stake_amount":209.17577,"amount":0.083,"open_date":"2025-06-17 15:15:00+00:00","close_date":"2025-06-18 07:30:00+00:00","open_rate":2520.19,"close_rate":2524.21,"fee_open":0.0005,"fee_close":0.0005,"trade_duration":975,"profit_ratio":0.0005389640056998606,"profit_abs":0.11279458,"exit_reason":"force_exit","initial_stop_loss_abs":2268.18,"initial_stop_loss_ratio":-0.1,"stop_loss_abs":2268.18,"stop_loss_ratio":-0.1,"min_rate":2451.97,"max_rate":2545.1,"is_open":false,"enter_tag":"","leverage":1.0,"is_short":false,"open_timestamp":1750173300000,"close_timestamp":1750231800000,"orders":[{"amount":0.083,"safe_price":2520.19,"ft_order_side":"buy","order_filled_timestamp":1750173300000,"ft_is_entry":true,"ft_order_tag":"","cost":209.28035788500003},{"amount":0.083,"safe_price":2524.21,"ft_order_side":"sell","order_filled_timestamp":1750231800000,"ft_is_entry":false,"ft_order_tag":"force_exit","cost":209.614184715}],"funding_fees":-0.01152282171310939},{"pair":"SUI/USDT:USDT","stake_amount":211.24475,"max_stake_amount":211.24475,"amount":74.5,"open_date":"2025-06-17 15:30:00+00:00","close_date":"2025-06-18 07:30:00+00:00","open_rate":2.8355,"close_rate":2.8614,"fee_open":0.0005,"fee_close":0.0005,"trade_duration":960,"profit_ratio":0.008024768023548649,"profit_abs":1.69603771,"exit_reason":"force_exit","initial_stop_loss_abs":2.552,"initial_stop_loss_ratio":-0.1,"stop_loss_abs":2.552,"stop_loss_ratio":-0.1,"min_rate":2.8001,"max_rate":2.9175,"is_open":false,"enter_tag":"","leverage":1.0,"is_short":false,"open_timestamp":1750174200000,"close_timestamp":1750231800000,"orders":[{"amount":74.5,"safe_price":2.8355,"ft_order_side":"buy","order_filled_timestamp":1750174200000,"ft_is_entry":true,"ft_order_tag":"","cost":211.350372375},{"amount":74.5,"safe_price":2.8614,"ft_order_side":"sell","order_filled_timestamp":1750231800000,"ft_is_entry":false,"ft_order_tag":"force_exit","cost":213.28088715}],"funding_fees":-0.021302765122}],"locks":[],"best_pair":{"key":"ETH/USDT:USDT","trades":29,"profit_mean":0.006551066186234756,"profit_mean_pct":0.66,"profit_sum":0.18998091940080794,"profit_sum_pct":19.0,"profit_total_abs":37.82668028,"profit_total":0.03782668028,"profit_total_pct":3.78,"duration_avg":"14:44:00","wins":13,"draws":0,"losses":16,"winrate":0.4482758620689655,"cagr":0.5078231488130631,"expectancy":1.3043682855172412,"expectancy_ratio":0.8121467519515579,"sortino":8.609088829142657,"sharpe":4.441353978093535,"calmar":211.6995371479206,"sqn":1.3998,"profit_factor":2.4720159879121986,"max_drawdown_account":0.010344531169999982,"max_drawdown_abs":10.34453117},"worst_pair":{"key":"SUI/USDT:USDT","trades":2,"profit_mean":0.03378506729819387,"profit_mean_pct":3.38,"profit_sum":0.06757013459638773,"profit_sum_pct":6.76,"profit_total_abs":13.86294925,"profit_total":0.01386294925,"profit_total_pct":1.39,"duration_avg":"13:52:00","wins":2,"draws":0,"losses":0,"winrate":1.0,"cagr":0.16448568900221994,"expectancy":6.931474625,"expectancy_ratio":100.0,"sortino":-100,"sharpe":1.5329754322745244,"calmar":-100,"sqn":1.324,"profit_factor":0.0,"max_drawdown_account":0.0,"max_drawdown_abs":0.0},"results_per_pair":[{"key":"ETH/USDT:USDT","trades":29,"profit_mean":0.006551066186234756,"profit_mean_pct":0.66,"profit_sum":0.18998091940080794,"profit_sum_pct":19.0,"profit_total_abs":37.82668028,"profit_total":0.03782668028,"profit_total_pct":3.78,"duration_avg":"14:44:00","wins":13,"draws":0,"losses":16,"winrate":0.4482758620689655,"cagr":0.5078231488130631,"expectancy":1.3043682855172412,"expectancy_ratio":0.8121467519515579,"sortino":8.609088829142657,"sharpe":4.441353978093535,"calmar":211.6995371479206,"sqn":1.3998,"profit_factor":2.4720159879121986,"max_drawdown_account":0.010344531169999982,"max_drawdown_abs":10.34453117},{"key":"SOL/USDT:USDT","trades":4,"profit_mean":0.021822814507680942,"profit_mean_pct":2.18,"profit_sum":0.08729125803072377,"profit_sum_pct":8.73,"profit_total_abs":17.64116046,"profit_total":0.01764116046,"profit_total_pct":1.76,"duration_avg":"1 day, 15:15:00","wins":2,"draws":0,"losses":2,"winrate":0.5,"cagr":0.2133933001288073,"expectancy":4.410290115,"expectancy_ratio":1.2552253775906799,"sortino":3.3980344972514103,"sharpe":1.2260784735676213,"calmar":158.2763159174018,"sqn":0.917,"profit_factor":3.5104507551813597,"max_drawdown_account":0.006452733212504326,"max_drawdown_abs":6.5191491},{"key":"SUI/USDT:USDT","trades":2,"profit_mean":0.03378506729819387,"profit_mean_pct":3.38,"profit_sum":0.06757013459638773,"profit_sum_pct":6.76,"profit_total_abs":13.86294925,"profit_total":0.01386294925,"profit_total_pct":1.39,"duration_avg":"13:52:00","wins":2,"draws":0,"losses":0,"winrate":1.0,"cagr":0.16448568900221994,"expectancy":6.931474625,"expectancy_ratio":100.0,"sortino":-100,"sharpe":1.5329754322745244,"calmar":-100,"sqn":1.324,"profit_factor":0.0,"max_drawdown_account":0.0,"max_drawdown_abs":0.0},{"key":"TOTAL","trades":35,"profit_mean":0.009852637486511984,"profit_mean_pct":0.99,"profit_sum":0.34484231202791943,"profit_sum_pct":34.48,"profit_total_abs":69.33078998999999,"profit_total":0.06933078998999999,"profit_total_pct":6.93,"duration_avg":"17:29:00","wins":17,"draws":0,"losses":18,"winrate":0.4857142857142857,"cagr":1.0989261552365535,"expectancy":1.9808797139999998,"expectancy_ratio":1.089583387825233,"sortino":15.047980277153895,"sharpe":7.084979349417083,"calmar":388.01438673282075,"sqn":2.0388,"profit_factor":3.1186343652157307,"max_drawdown_account":0.010344531169999982,"max_drawdown_abs":10.34453117}],"results_per_enter_tag":[{"key":"","trades":35,"profit_mean":0.009852637486511984,"profit_mean_pct":0.99,"profit_sum":0.34484231202791943,"profit_sum_pct":34.48,"profit_total_abs":69.33078998999999,"profit_total":0.06933078998999999,"profit_total_pct":6.93,"duration_avg":"17:29:00","wins":17,"draws":0,"losses":18,"winrate":0.4857142857142857,"cagr":1.0989261552365535,"expectancy":1.9808797139999998,"expectancy_ratio":1.089583387825233,"sortino":15.047980277153895,"sharpe":7.084979349417083,"calmar":388.01438673282075,"sqn":2.0388,"profit_factor":3.1186343652157307,"max_drawdown_account":0.010344531169999982,"max_drawdown_abs":10.34453117},{"key":"TOTAL","trades":35,"profit_mean":0.009852637486511984,"profit_mean_pct":0.99,"profit_sum":0.34484231202791943,"profit_sum_pct":34.48,"profit_total_abs":69.33078998999999,"profit_total":0.06933078998999999,"profit_total_pct":6.93,"duration_avg":"17:29:00","wins":17,"draws":0,"losses":18,"winrate":0.4857142857142857,"cagr":1.0989261552365535,"expectancy":1.9808797139999998,"expectancy_ratio":1.089583387825233,"sortino":15.047980277153895,"sharpe":7.084979349417083,"calmar":388.01438673282075,"sqn":2.0388,"profit_factor":3.1186343652157307,"max_drawdown_account":0.010344531169999982,"max_drawdown_abs":10.34453117}],"exit_reason_summary":[{"key":"exit_signal","trades":32,"profit_mean":0.010583948312276983,"profit_mean_pct":1.06,"profit_sum":0.33868634599286346,"profit_sum_pct":33.87,"profit_total_abs":68.02989742999999,"profit_total":0.06802989742999999,"profit_total_pct":6.8,"duration_avg":"17:37:00","wins":15,"draws":0,"losses":17,"winrate":0.46875,"cagr":1.0708557058017805,"expectancy":2.1259342946874997,"expectancy_ratio":1.1218182957162242,"sortino":14.452516867140766,"sharpe":6.678523631740236,"calmar":380.73385482273443,"sqn":2.0071,"profit_factor":3.1116579684070103,"max_drawdown_account":0.010344531169999982,"max_drawdown_abs":10.34453117},{"key":"force_exit","trades":3,"profit_mean":0.0020519886783519977,"profit_mean_pct":0.21,"profit_sum":0.006155966035055993,"profit_sum_pct":0.62,"profit_total_abs":1.3008925599999999,"profit_total":0.0013008925599999998,"profit_total_pct":0.13,"duration_avg":"16:05:00","wins":2,"draws":0,"losses":1,"winrate":0.6666666666666666,"cagr":0.014483188766434285,"expectancy":0.4336308533333333,"expectancy_ratio":0.8537053270736141,"sortino":-100,"sharpe":0.8116311662783601,"calmar":148.27288520642247,"sqn":0.6609,"profit_factor":3.561115981220843,"max_drawdown_account":0.0005079397299999755,"max_drawdown_abs":0.50793973},{"key":"TOTAL","trades":35,"profit_mean":0.009852637486511984,"profit_mean_pct":0.99,"profit_sum":0.34484231202791943,"profit_sum_pct":34.48,"profit_total_abs":69.33078998999999,"profit_total":0.06933078998999999,"profit_total_pct":6.93,"duration_avg":"17:29:00","wins":17,"draws":0,"losses":18,"winrate":0.4857142857142857,"cagr":1.0989261552365535,"expectancy":1.9808797139999998,"expectancy_ratio":1.089583387825233,"sortino":15.047980277153895,"sharpe":7.084979349417083,"calmar":388.01438673282075,"sqn":2.0388,"profit_factor":3.1186343652157307,"max_drawdown_account":0.010344531169999982,"max_drawdown_abs":10.34453117}],"mix_tag_stats":[{"key":["","exit_signal"],"trades":32,"profit_mean":0.010583948312276983,"profit_mean_pct":1.06,"profit_sum":0.33868634599286346,"profit_sum_pct":33.87,"profit_total_abs":68.02989742999999,"profit_total":0.06802989742999999,"profit_total_pct":6.8,"duration_avg":"17:37:00","wins":15,"draws":0,"losses":17,"winrate":0.46875,"cagr":1.0708557058017805,"expectancy":2.1259342946874997,"expectancy_ratio":1.1218182957162242,"sortino":14.452516867140766,"sharpe":6.678523631740236,"calmar":380.73385482273443,"sqn":2.0071,"profit_factor":3.1116579684070103,"max_drawdown_account":0.010344531169999982,"max_drawdown_abs":10.34453117},{"key":["","force_exit"],"trades":3,"profit_mean":0.0020519886783519977,"profit_mean_pct":0.21,"profit_sum":0.006155966035055993,"profit_sum_pct":0.62,"profit_total_abs":1.3008925599999999,"profit_total":0.0013008925599999998,"profit_total_pct":0.13,"duration_avg":"16:05:00","wins":2,"draws":0,"losses":1,"winrate":0.6666666666666666,"cagr":0.014483188766434285,"expectancy":0.4336308533333333,"expectancy_ratio":0.8537053270736141,"sortino":-100,"sharpe":0.8116311662783601,"calmar":148.27288520642247,"sqn":0.6609,"profit_factor":3.561115981220843,"max_drawdown_account":0.0005079397299999755,"max_drawdown_abs":0.50793973},{"key":"TOTAL","trades":35,"profit_mean":0.009852637486511984,"profit_mean_pct":0.99,"profit_sum":0.34484231202791943,"profit_sum_pct":34.48,"profit_total_abs":69.33078998999999,"profit_total":0.06933078998999999,"profit_total_pct":6.93,"duration_avg":"17:29:00","wins":17,"draws":0,"losses":18,"winrate":0.4857142857142857,"cagr":1.0989261552365535,"expectancy":1.9808797139999998,"expectancy_ratio":1.089583387825233,"sortino":15.047980277153895,"sharpe":7.084979349417083,"calmar":388.01438673282075,"sqn":2.0388,"profit_factor":3.1186343652157307,"max_drawdown_account":0.010344531169999982,"max_drawdown_abs":10.34453117}],"left_open_trades":[{"key":"SUI/USDT:USDT","trades":1,"profit_mean":0.008024768023548649,"profit_mean_pct":0.8,"profit_sum":0.008024768023548649,"profit_sum_pct":0.8,"profit_total_abs":1.69603771,"profit_total":0.0016960377099999998,"profit_total_pct":0.17,"duration_avg":"16:00:00","wins":1,"draws":0,"losses":0,"winrate":1.0,"cagr":0.018920073323482667,"expectancy":1.69603771,"expectancy_ratio":100.0,"sortino":-100,"sharpe":-100,"calmar":-100,"sqn":-100.0,"profit_factor":0.0,"max_drawdown_account":0.0,"max_drawdown_abs":0.0},{"key":"ETH/USDT:USDT","trades":1,"profit_mean":0.0005389640056998606,"profit_mean_pct":0.05,"profit_sum":0.0005389640056998606,"profit_sum_pct":0.05,"profit_total_abs":0.11279458,"profit_total":0.00011279458,"profit_total_pct":0.01,"duration_avg":"16:15:00","wins":1,"draws":0,"losses":0,"winrate":1.0,"cagr":0.0012482845198746872,"expectancy":0.11279458,"expectancy_ratio":100.0,"sortino":-100,"sharpe":-100,"calmar":-100,"sqn":-100.0,"profit_factor":0.0,"max_drawdown_account":0.0,"max_drawdown_abs":0.0},{"key":"SOL/USDT:USDT","trades":1,"profit_mean":-0.0024077659941925166,"profit_mean_pct":-0.24,"profit_sum":-0.0024077659941925166,"profit_sum_pct":-0.24,"profit_total_abs":-0.50793973,"profit_total":-0.00050793973,"profit_total_pct":-0.05,"duration_avg":"16:00:00","wins":0,"draws":0,"losses":1,"winrate":0.0,"cagr":-0.005603788445243896,"expectancy":-0.50793973,"expectancy_ratio":-1.0,"sortino":-100,"sharpe":-100,"calmar":-57.89385810467794,"sqn":-100.0,"profit_factor":0.0,"max_drawdown_account":0.0005079397299999755,"max_drawdown_abs":0.50793973},{"key":"TOTAL","trades":3,"profit_mean":0.0020519886783519977,"profit_mean_pct":0.21,"profit_sum":0.006155966035055993,"profit_sum_pct":0.62,"profit_total_abs":1.3008925599999999,"profit_total":0.0013008925599999998,"profit_total_pct":0.13,"duration_avg":"16:05:00","wins":2,"draws":0,"losses":1,"winrate":0.6666666666666666,"cagr":0.014483188766434285,"expectancy":0.4336308533333333,"expectancy_ratio":0.8537053270736141,"sortino":-100,"sharpe":0.8116311662783601,"calmar":148.27288520642247,"sqn":0.6609,"profit_factor":3.561115981220843,"max_drawdown_account":0.0005079397299999755,"max_drawdown_abs":0.50793973}],"total_trades":35,"trade_count_long":35,"trade_count_short":0,"total_volume":14191.036052039999,"avg_stake_amount":201.527432,"profit_mean":0.009852637486511984,"profit_median":-4.179765649413283e-05,"profit_total":0.06933078998999999,"profit_total_long":0.06933078998999999,"profit_total_short":0.0,"profit_total_abs":69.33078998999999,"profit_total_long_abs":69.33078998999999,"profit_total_short_abs":0.0,"cagr":1.0989261552365535,"expectancy":1.9808797139999998,"expectancy_ratio":1.089583387825233,"sortino":15.047980277153895,"sharpe":7.084979349417083,"calmar":388.01438673282075,"sqn":2.0388,"profit_factor":3.1186343652157307,"backtest_start":"2025-05-16 00:00:00","backtest_start_ts":1747353600000,"backtest_end":"2025-06-18 07:30:00","backtest_end_ts":1750231800000,"backtest_days":33,"backtest_run_start_ts":1750233705,"backtest_run_end_ts":1750233705,"trades_per_day":1.06,"market_change":-0.13696575106928824,"pairlist":["SOL/USDT:USDT","ETH/USDT:USDT","SUI/USDT:USDT"],"stake_amount":"unlimited","stake_currency":"USDT","stake_currency_decimals":3,"starting_balance":1000,"dry_run_wallet":1000,"final_balance":1069.33078999,"rejected_signals":0,"timedout_entry_orders":0,"timedout_exit_orders":0,"canceled_trade_entries":0,"canceled_entry_orders":0,"replaced_entry_orders":0,"max_open_trades":3,"max_open_trades_setting":5,"timeframe":"15m","timeframe_detail":"","timerange":"","enable_protections":false,"strategy_name":"GridBotSample","stoploss":-0.1,"trailing_stop":false,"trailing_stop_positive":null,"trailing_stop_positive_offset":0.0,"trailing_only_offset_is_reached":false,"use_custom_stoploss":false,"minimal_roi":{},"use_exit_signal":true,"exit_profit_only":false,"exit_profit_offset":0.0,"ignore_roi_if_entry_signal":false,"trading_mode":"futures","margin_mode":"isolated","periodic_breakdown":{"day":[{"date":"18/05/2025","date_ts":1747526400000,"profit_abs":-10.34453117,"wins":0,"draws":0,"losses":2,"trades":2,"profit_factor":0.0},{"date":"19/05/2025","date_ts":1747612800000,"profit_abs":0.0,"wins":0,"draws":0,"losses":0,"trades":0,"profit_factor":0.0},{"date":"20/05/2025","date_ts":1747699200000,"profit_abs":0.0,"wins":0,"draws":0,"losses":0,"trades":0,"profit_factor":0.0},{"date":"21/05/2025","date_ts":1747785600000,"profit_abs":0.0,"wins":0,"draws":0,"losses":0,"trades":0,"profit_factor":0.0},{"date":"22/05/2025","date_ts":1747872000000,"profit_abs":15.92879344,"wins":1,"draws":0,"losses":0,"trades":1,"profit_factor":0.0},{"date":"23/05/2025","date_ts":1747958400000,"profit_abs":0.0,"wins":0,"draws":0,"losses":0,"trades":0,"profit_factor":0.0},{"date":"24/05/2025","date_ts":1748044800000,"profit_abs":2.33732132,"wins":1,"draws":0,"losses":0,"trades":1,"profit_factor":0.0},{"date":"25/05/2025","date_ts":1748131200000,"profit_abs":-0.99148398,"wins":0,"draws":0,"losses":2,"trades":2,"profit_factor":0.0},{"date":"26/05/2025","date_ts":1748217600000,"profit_abs":0.0,"wins":0,"draws":0,"losses":0,"trades":0,"profit_factor":0.0},{"date":"27/05/2025","date_ts":1748304000000,"profit_abs":8.97511629,"wins":1,"draws":0,"losses":0,"trades":1,"profit_factor":0.0},{"date":"28/05/2025","date_ts":1748390400000,"profit_abs":0.0,"wins":0,"draws":0,"losses":0,"trades":0,"profit_factor":0.0},{"date":"29/05/2025","date_ts":1748476800000,"profit_abs":0.0,"wins":0,"draws":0,"losses":0,"trades":0,"profit_factor":0.0},{"date":"30/05/2025","date_ts":1748563200000,"profit_abs":0.0,"wins":0,"draws":0,"losses":0,"trades":0,"profit_factor":0.0},{"date":"31/05/2025","date_ts":1748649600000,"profit_abs":-0.07531263,"wins":1,"draws":0,"losses":1,"trades":2,"profit_factor":0.87746133},{"date":"01/06/2025","date_ts":1748736000000,"profit_abs":-1.2926511,"wins":0,"draws":0,"losses":1,"trades":1,"profit_factor":0.0},{"date":"02/06/2025","date_ts":1748822400000,"profit_abs":0.0,"wins":0,"draws":0,"losses":0,"trades":0,"profit_factor":0.0},{"date":"03/06/2025","date_ts":1748908800000,"profit_abs":9.1750938,"wins":1,"draws":0,"losses":0,"trades":1,"profit_factor":0.0},{"date":"04/06/2025","date_ts":1748995200000,"profit_abs":0.0,"wins":0,"draws":0,"losses":0,"trades":0,"profit_factor":0.0},{"date":"05/06/2025","date_ts":1749081600000,"profit_abs":-9.0282312,"wins":0,"draws":0,"losses":1,"trades":1,"profit_factor":0.0},{"date":"06/06/2025","date_ts":1749168000000,"profit_abs":0.0,"wins":0,"draws":0,"losses":0,"trades":0,"profit_factor":0.0},{"date":"07/06/2025","date_ts":1749254400000,"profit_abs":5.3809177,"wins":3,"draws":0,"losses":3,"trades":6,"profit_factor":9.86601505},{"date":"08/06/2025","date_ts":1749340800000,"profit_abs":8.78169685,"wins":2,"draws":0,"losses":6,"trades":8,"profit_factor":4.11542638},{"date":"09/06/2025","date_ts":1749427200000,"profit_abs":9.33825811,"wins":1,"draws":0,"losses":0,"trades":1,"profit_factor":0.0},{"date":"10/06/2025","date_ts":1749513600000,"profit_abs":0.0,"wins":0,"draws":0,"losses":0,"trades":0,"profit_factor":0.0},{"date":"11/06/2025","date_ts":1749600000000,"profit_abs":0.0,"wins":0,"draws":0,"losses":0,"trades":0,"profit_factor":0.0},{"date":"12/06/2025","date_ts":1749686400000,"profit_abs":0.0,"wins":0,"draws":0,"losses":0,"trades":0,"profit_factor":0.0},{"date":"13/06/2025","date_ts":1749772800000,"profit_abs":-6.5191491,"wins":0,"draws":0,"losses":1,"trades":1,"profit_factor":0.0},{"date":"14/06/2025","date_ts":1749859200000,"profit_abs":0.0,"wins":0,"draws":0,"losses":0,"trades":0,"profit_factor":0.0},{"date":"15/06/2025","date_ts":1749945600000,"profit_abs":13.28042762,"wins":2,"draws":0,"losses":0,"trades":2,"profit_factor":0.0},{"date":"16/06/2025","date_ts":1750032000000,"profit_abs":23.08363148,"wins":2,"draws":0,"losses":0,"trades":2,"profit_factor":0.0},{"date":"17/06/2025","date_ts":1750118400000,"profit_abs":0.0,"wins":0,"draws":0,"losses":0,"trades":0,"profit_factor":0.0},{"date":"18/06/2025","date_ts":1750204800000,"profit_abs":1.30089256,"wins":2,"draws":0,"losses":1,"trades":3,"profit_factor":3.56111598}],"week":[{"date":"19/05/2025","date_ts":1747612800000,"profit_abs":-10.34453117,"wins":0,"draws":0,"losses":2,"trades":2,"profit_factor":0.0},{"date":"26/05/2025","date_ts":1748217600000,"profit_abs":17.27463078,"wins":2,"draws":0,"losses":2,"trades":4,"profit_factor":18.42300544},{"date":"02/06/2025","date_ts":1748822400000,"profit_abs":7.60715256,"wins":2,"draws":0,"losses":2,"trades":4,"profit_factor":4.98853657},{"date":"09/06/2025","date_ts":1749427200000,"profit_abs":23.64773526,"wins":7,"draws":0,"losses":10,"trades":17,"profit_factor":2.89881791},{"date":"16/06/2025","date_ts":1750032000000,"profit_abs":29.84491,"wins":4,"draws":0,"losses":1,"trades":5,"profit_factor":5.57803765},{"date":"23/06/2025","date_ts":1750636800000,"profit_abs":1.30089256,"wins":2,"draws":0,"losses":1,"trades":3,"profit_factor":3.56111598}],"month":[{"date":"31/05/2025","date_ts":1748649600000,"profit_abs":15.82990327,"wins":4,"draws":0,"losses":5,"trades":9,"profit_factor":2.32460958},{"date":"30/06/2025","date_ts":1751241600000,"profit_abs":53.50088672,"wins":13,"draws":0,"losses":13,"trades":26,"profit_factor":3.57541881}],"year":[{"date":"31/12/2025","date_ts":1767139200000,"profit_abs":69.33078999,"wins":17,"draws":0,"losses":18,"trades":35,"profit_factor":3.11863437}]},"backtest_best_day":0.11294312842372564,"backtest_worst_day":-0.052560816674433825,"backtest_best_day_abs":23.08363148,"backtest_worst_day_abs":-10.34453117,"winning_days":10,"draw_days":16,"losing_days":6,"daily_profit":[["2025-05-18",-10.34453117],["2025-05-19",0.0],["2025-05-20",0.0],["2025-05-21",0.0],["2025-05-22",15.92879344],["2025-05-23",0.0],["2025-05-24",2.33732132],["2025-05-25",-0.99148398],["2025-05-26",0.0],["2025-05-27",8.97511629],["2025-05-28",0.0],["2025-05-29",0.0],["2025-05-30",0.0],["2025-05-31",-0.07531263],["2025-06-01",-1.2926511],["2025-06-02",0.0],["2025-06-03",9.1750938],["2025-06-04",0.0],["2025-06-05",-9.0282312],["2025-06-06",0.0],["2025-06-07",5.3809177],["2025-06-08",8.78169685],["2025-06-09",9.33825811],["2025-06-10",0.0],["2025-06-11",0.0],["2025-06-12",0.0],["2025-06-13",-6.5191491],["2025-06-14",0.0],["2025-06-15",13.28042762],["2025-06-16",23.08363148],["2025-06-17",0.0],["2025-06-18",1.30089256]],"wins":17,"losses":18,"draws":0,"winrate":0.4857142857142857,"holding_avg":"17:29:00","holding_avg_s":62940.0,"winner_holding_min":"0d 00:15","winner_holding_min_s":900.0,"winner_holding_max":"2d 22:45","winner_holding_max_s":254700.0,"winner_holding_avg":"1d 05:26","winner_holding_avg_s":105960.0,"loser_holding_min":"0d 00:15","loser_holding_min_s":900.0,"loser_holding_max":"1d 04:15","loser_holding_max_s":101700.0,"loser_holding_avg":"0d 06:12","loser_holding_avg_s":22320.0,"max_consecutive_wins":4,"max_consecutive_losses":6,"max_drawdown_account":0.010344531169999982,"max_relative_drawdown":0.010344531169999982,"max_drawdown_abs":10.34453117,"drawdown_start":"2025-05-18 04:30:00","drawdown_start_ts":1747542600000.0,"drawdown_end":"2025-05-18 20:00:00","drawdown_end_ts":1747598400000.0,"max_drawdown_low":-10.34453117,"max_drawdown_high":-3.80701804,"csum_min":989.65546883,"csum_max":1069.33078999}},"strategy_comparison":[{"key":"GridBotSample","trades":35,"profit_mean":0.009852637486511984,"profit_mean_pct":0.99,"profit_sum":0.34484231202791943,"profit_sum_pct":34.48,"profit_total_abs":69.33078998999999,"profit_total":0.06933078998999999,"profit_total_pct":6.93,"duration_avg":"17:29:00","wins":17,"draws":0,"losses":18,"winrate":0.4857142857142857,"cagr":1.0989261552365535,"expectancy":1.9808797139999998,"expectancy_ratio":1.089583387825233,"sortino":15.047980277153895,"sharpe":7.084979349417083,"calmar":388.01438673282075,"sqn":2.0388,"profit_factor":3.1186343652157307,"max_drawdown_account":0.010344531169999982,"max_drawdown_abs":"10.345"}]}