{"strategy":{"SimpleGridDCA":{"trades":[{"pair":"ETH/USDT:USDT","stake_amount":988.8624,"max_stake_amount":988.8624,"amount":0.387,"open_date":"2025-05-16 00:15:00+00:00","close_date":"2025-05-22 11:30:00+00:00","open_rate":2555.2,"close_rate":2638.92,"fee_open":0.0005,"fee_close":0.0005,"trade_duration":9315,"profit_ratio":0.030916546452608152,"profit_abs":30.58749643,"exit_reason":"exit_signal","initial_stop_loss_abs":2171.92,"initial_stop_loss_ratio":-0.15,"stop_loss_abs":2171.92,"stop_loss_ratio":-0.15,"min_rate":2312.62,"max_rate":2692.61,"is_open":false,"enter_tag":"grid_level_-1","leverage":1.0,"is_short":false,"open_timestamp":1747354500000,"close_timestamp":1747913400000,"orders":[{"amount":0.387,"safe_price":2555.2,"ft_order_side":"buy","order_filled_timestamp":1747354500000,"ft_is_entry":true,"ft_order_tag":"grid_level_-1","cost":989.3568311999999},{"amount":0.387,"safe_price":2638.92,"ft_order_side":"sell","order_filled_timestamp":1747913400000,"ft_is_entry":false,"ft_order_tag":"exit_signal","cost":1021.77267102}],"funding_fees":-0.8070813541146163},{"pair":"ETH/USDT:USDT","stake_amount":1018.43204,"max_stake_amount":1018.43204,"amount":0.397,"open_date":"2025-05-23 12:00:00+00:00","close_date":"2025-05-27 20:45:00+00:00","open_rate":2565.32,"close_rate":2667.11,"fee_open":0.0005,"fee_close":0.0005,"trade_duration":6285,"profit_ratio":0.037931491989015485,"profit_abs":38.64996209,"exit_reason":"exit_signal","initial_stop_loss_abs":2180.53,"initial_stop_loss_ratio":-0.15,"stop_loss_abs":2180.53,"stop_loss_ratio":-0.15,"min_rate":2457.6,"max_rate":2711.8,"is_open":false,"enter_tag":"grid_level_-1","leverage":1.0,"is_short":false,"open_timestamp":1748001600000,"close_timestamp":1748378700000,"orders":[{"amount":0.397,"safe_price":2565.32,"ft_order_side":"buy","order_filled_timestamp":1748001600000,"ft_is_entry":true,"ft_order_tag":"grid_level_-1","cost":1018.9412560200001},{"amount":0.397,"safe_price":2667.11,"ft_order_side":"sell","order_filled_timestamp":1748378700000,"ft_is_entry":false,"ft_order_tag":"exit_signal","cost":1059.372091335}],"funding_fees":-0.7220305576261093},{"pair":"ETH/USDT:USDT","stake_amount":1057.19064,"max_stake_amount":1057.19064,"amount":0.411,"open_date":"2025-05-30 01:00:00+00:00","close_date":"2025-05-30 03:45:00+00:00","open_rate":2572.24,"close_rate":2633.89,"fee_open":0.0005,"fee_close":0.0005,"trade_duration":165,"profit_ratio":0.022943981228305755,"profit_abs":24.26829028,"exit_reason":"exit_signal","initial_stop_loss_abs":2186.41,"initial_stop_loss_ratio":-0.15,"stop_loss_abs":2186.41,"stop_loss_ratio":-0.15,"min_rate":2566.55,"max_rate":2642.12,"is_open":false,"enter_tag":"grid_level_-1","leverage":1.0,"is_short":false,"open_timestamp":1748566800000,"close_timestamp":1748576700000,"orders":[{"amount":0.411,"safe_price":2572.24,"ft_order_side":"buy","order_filled_timestamp":1748566800000,"ft_is_entry":true,"ft_order_tag":"grid_level_-1","cost":1057.7192353199998},{"amount":0.411,"safe_price":2633.89,"ft_order_side":"sell","order_filled_timestamp":1748576700000,"ft_is_entry":false,"ft_order_tag":"exit_signal","cost":1083.0700543949997}],"funding_fees":0.0},{"pair":"SOL/USDT:USDT","stake_amount":1082.1688,"max_stake_amount":1082.1688,"amount":7.12,"open_date":"2025-06-02 19:15:00+00:00","close_date":"2025-06-03 03:30:00+00:00","open_rate":151.99,"close_rate":158.6,"fee_open":0.0005,"fee_close":0.0005,"trade_duration":495,"profit_ratio":0.04240168155058547,"profit_abs":45.90871973,"exit_reason":"exit_signal","initial_stop_loss_abs":129.2,"initial_stop_loss_ratio":-0.15,"stop_loss_abs":129.2,"stop_loss_ratio":-0.15,"min_rate":151.66,"max_rate":162.31,"is_open":false,"enter_tag":"grid_level_-1","leverage":1.0,"is_short":false,"open_timestamp":1748891700000,"close_timestamp":1748921400000,"orders":[{"amount":7.12,"safe_price":151.99,"ft_order_side":"buy","order_filled_timestamp":1748891700000,"ft_is_entry":true,"ft_order_tag":"grid_level_-1","cost":1082.7098844000002},{"amount":7.12,"safe_price":158.6,"ft_order_side":"sell","order_filled_timestamp":1748921400000,"ft_is_entry":false,"ft_order_tag":"exit_signal","cost":1129.7966159999999}],"funding_fees":-0.04877987044800001},{"pair":"ETH/USDT:USDT","stake_amount":1126.08244,"max_stake_amount":1126.08244,"amount":0.434,"open_date":"2025-06-03 03:30:00+00:00","close_date":"2025-06-04 17:45:00+00:00","open_rate":2594.66,"close_rate":2634.84,"fee_open":0.0005,"fee_close":0.0005,"trade_duration":2295,"profit_ratio":0.014153091168246847,"profit_abs":15.94551621,"exit_reason":"exit_signal","initial_stop_loss_abs":2205.47,"initial_stop_loss_ratio":-0.15,"stop_loss_abs":2205.47,"stop_loss_ratio":-0.15,"min_rate":2563.0,"max_rate":2679.64,"is_open":false,"enter_tag":"grid_level_-1","leverage":1.0,"is_short":false,"open_timestamp":1748921400000,"close_timestamp":1749059100000,"orders":[{"amount":0.434,"safe_price":2594.66,"ft_order_side":"buy","order_filled_timestamp":1748921400000,"ft_is_entry":true,"ft_order_tag":"grid_level_-1","cost":1126.6454812199997},{"amount":0.434,"safe_price":2634.84,"ft_order_side":"sell","order_filled_timestamp":1749059100000,"ft_is_entry":false,"ft_order_tag":"exit_signal","cost":1144.0923202800002}],"funding_fees":-0.3578022864395086},{"pair":"ETH/USDT:USDT","stake_amount":1142.33553,"max_stake_amount":1142.33553,"amount":0.441,"open_date":"2025-06-05 10:45:00+00:00","close_date":"2025-06-05 12:15:00+00:00","open_rate":2590.33,"close_rate":2618.37,"fee_open":0.0005,"fee_close":0.0005,"trade_duration":90,"profit_ratio":0.009814555879264275,"profit_abs":11.21712165,"exit_reason":"exit_signal","initial_stop_loss_abs":2201.79,"initial_stop_loss_ratio":-0.15,"stop_loss_abs":2201.79,"stop_loss_ratio":-0.15,"min_rate":2585.66,"max_rate":2627.7,"is_open":false,"enter_tag":"grid_level_-1","leverage":1.0,"is_short":false,"open_timestamp":1749120300000,"close_timestamp":1749125700000,"orders":[{"amount":0.441,"safe_price":2590.33,"ft_order_side":"buy","order_filled_timestamp":1749120300000,"ft_is_entry":true,"ft_order_tag":"grid_level_-1","cost":1142.906697765},{"amount":0.441,"safe_price":2618.37,"ft_order_side":"sell","order_filled_timestamp":1749125700000,"ft_is_entry":false,"ft_order_tag":"exit_signal","cost":1155.278520585}],"funding_fees":0.0},{"pair":"SOL/USDT:USDT","stake_amount":1154.6804,"max_stake_amount":1154.6804,"amount":7.72,"open_date":"2025-06-07 04:45:00+00:00","close_date":"2025-06-08 17:00:00+00:00","open_rate":149.57,"close_rate":152.14,"fee_open":0.0005,"fee_close":0.0005,"trade_duration":2175,"profit_ratio":0.016162384159198556,"profit_abs":18.6717194,"exit_reason":"exit_signal","initial_stop_loss_abs":127.14,"initial_stop_loss_ratio":-0.15,"stop_loss_abs":127.14,"stop_loss_ratio":-0.15,"min_rate":147.59,"max_rate":153.25,"is_open":false,"enter_tag":"grid_level_-1","leverage":1.0,"is_short":false,"open_timestamp":1749271500000,"close_timestamp":1749402000000,"orders":[{"amount":7.72,"safe_price":149.57,"ft_order_side":"buy","order_filled_timestamp":1749271500000,"ft_is_entry":true,"ft_order_tag":"grid_level_-1","cost":1155.2577402},{"amount":7.72,"safe_price":152.14,"ft_order_side":"sell","order_filled_timestamp":1749402000000,"ft_is_entry":false,"ft_order_tag":"exit_signal","cost":1175.1080603999997}],"funding_fees":-0.004080002764945605},{"pair":"ETH/USDT:USDT","stake_amount":1172.43056,"max_stake_amount":1172.43056,"amount":0.464,"open_date":"2025-06-08 17:00:00+00:00","close_date":"2025-06-10 03:15:00+00:00","open_rate":2526.79,"close_rate":2680.64,"fee_open":0.0005,"fee_close":0.0005,"trade_duration":2055,"profit_ratio":0.05959349313935756,"profit_abs":69.90416715,"exit_reason":"exit_signal","initial_stop_loss_abs":2147.78,"initial_stop_loss_ratio":-0.15,"stop_loss_abs":2147.78,"stop_loss_ratio":-0.15,"min_rate":2475.83,"max_rate":2726.83,"is_open":false,"enter_tag":"grid_level_-1","leverage":1.0,"is_short":false,"open_timestamp":1749402000000,"close_timestamp":1749525300000,"orders":[{"amount":0.464,"safe_price":2526.79,"ft_order_side":"buy","order_filled_timestamp":1749402000000,"ft_is_entry":true,"ft_order_tag":"grid_level_-1","cost":1173.01677528},{"amount":0.464,"safe_price":2680.64,"ft_order_side":"sell","order_filled_timestamp":1749525300000,"ft_is_entry":false,"ft_order_tag":"exit_signal","cost":1244.43886848}],"funding_fees":-0.2741090904609411},{"pair":"ETH/USDT:USDT","stake_amount":1241.867,"max_stake_amount":1241.867,"amount":0.493,"open_date":"2025-06-14 21:30:00+00:00","close_date":"2025-06-16 18:00:00+00:00","open_rate":2519.0,"close_rate":2632.75,"fee_open":0.0005,"fee_close":0.0005,"trade_duration":2670,"profit_ratio":0.043755428913386706,"profit_abs":54.36559245,"exit_reason":"exit_signal","initial_stop_loss_abs":2141.15,"initial_stop_loss_ratio":-0.15,"stop_loss_abs":2141.15,"stop_loss_ratio":-0.15,"min_rate":2490.38,"max_rate":2656.51,"is_open":false,"enter_tag":"grid_level_-1","leverage":1.0,"is_short":false,"open_timestamp":1749936600000,"close_timestamp":1750096800000,"orders":[{"amount":0.493,"safe_price":2519.0,"ft_order_side":"buy","order_filled_timestamp":1749936600000,"ft_is_entry":true,"ft_order_tag":"grid_level_-1","cost":1242.4879334999998},{"amount":0.493,"safe_price":2632.75,"ft_order_side":"sell","order_filled_timestamp":1750096800000,"ft_is_entry":false,"ft_order_tag":"exit_signal","cost":1298.5947228750001}],"funding_fees":-0.4432511799741751},{"pair":"ETH/USDT:USDT","stake_amount":1294.63464,"max_stake_amount":1294.63464,"amount":0.507,"open_date":"2025-06-16 22:45:00+00:00","close_date":"2025-06-22 13:15:00+00:00","open_rate":2553.52,"close_rate":2170.5,"fee_open":0.0005,"fee_close":0.0005,"trade_duration":8070,"profit_ratio":-0.15144811907662248,"profit_abs":-196.16801611,"exit_reason":"stop_loss","initial_stop_loss_abs":2170.5,"initial_stop_loss_ratio":-0.15,"stop_loss_abs":2170.5,"stop_loss_ratio":-0.15,"min_rate":2159.28,"max_rate":2617.74,"is_open":false,"enter_tag":"grid_level_-1","leverage":1.0,"is_short":false,"open_timestamp":1750113900000,"close_timestamp":1750598100000,"orders":[{"amount":0.507,"safe_price":2553.52,"ft_order_side":"buy","order_filled_timestamp":1750113900000,"ft_is_entry":true,"ft_order_tag":"grid_level_-1","cost":1295.28195732},{"amount":0.507,"safe_price":2170.5,"ft_order_side":"sell","order_filled_timestamp":1750598100000,"ft_is_entry":false,"ft_order_tag":"stop_loss","cost":1100.99372175}],"funding_fees":-0.77933704059885},{"pair":"SOL/USDT:USDT","stake_amount":1102.0908,"max_stake_amount":1102.0908,"amount":7.53,"open_date":"2025-06-23 22:30:00+00:00","close_date":"2025-06-30 20:45:00+00:00","open_rate":146.36,"close_rate":156.73,"fee_open":0.0005,"fee_close":0.0005,"trade_duration":9975,"profit_ratio":0.06896496858634457,"profit_abs":76.04366023,"exit_reason":"exit_signal","initial_stop_loss_abs":124.41,"initial_stop_loss_ratio":-0.15,"stop_loss_abs":124.41,"stop_loss_ratio":-0.15,"min_rate":137.0,"max_rate":160.0,"is_open":false,"enter_tag":"grid_level_-1","leverage":1.0,"is_short":false,"open_timestamp":1750717800000,"close_timestamp":1751316300000,"orders":[{"amount":7.53,"safe_price":146.36,"ft_order_side":"buy","order_filled_timestamp":1750717800000,"ft_is_entry":true,"ft_order_tag":"grid_level_-1","cost":1102.6418454000002},{"amount":7.53,"safe_price":156.73,"ft_order_side":"sell","order_filled_timestamp":1751316300000,"ft_is_entry":false,"ft_order_tag":"exit_signal","cost":1180.7669884499999}],"funding_fees":-0.9013059247285545},{"pair":"ETH/USDT:USDT","stake_amount":1175.37028,"max_stake_amount":1175.37028,"amount":0.469,"open_date":"2025-06-30 20:45:00+00:00","close_date":"2025-07-02 20:00:00+00:00","open_rate":2506.12,"close_rate":2603.64,"fee_open":0.0005,"fee_close":0.0005,"trade_duration":2835,"profit_ratio":0.03767352471202124,"profit_abs":44.30248146,"exit_reason":"exit_signal","initial_stop_loss_abs":2130.21,"initial_stop_loss_ratio":-0.15,"stop_loss_abs":2130.21,"stop_loss_ratio":-0.15,"min_rate":2367.53,"max_rate":2607.36,"is_open":false,"enter_tag":"grid_level_-1","leverage":1.0,"is_short":false,"open_timestamp":1751316300000,"close_timestamp":1751486400000,"orders":[{"amount":0.469,"safe_price":2506.12,"ft_order_side":"buy","order_filled_timestamp":1751316300000,"ft_is_entry":true,"ft_order_tag":"grid_level_-1","cost":1175.9579651399997},{"amount":0.469,"safe_price":2603.64,"ft_order_side":"sell","order_filled_timestamp":1751486400000,"ft_is_entry":false,"ft_order_tag":"exit_signal","cost":1221.7177135799998}],"funding_fees":-0.23615981836860098},{"pair":"SUI/USDT:USDT","stake_amount":1221.25956,"max_stake_amount":1221.25956,"amount":416.4,"open_date":"2025-07-02 20:00:00+00:00","close_date":"2025-07-03 14:00:00+00:00","open_rate":2.9329,"close_rate":3.056,"fee_open":0.0005,"fee_close":0.0005,"trade_duration":1080,"profit_ratio":0.040831873604333546,"profit_abs":49.89124915,"exit_reason":"force_exit","initial_stop_loss_abs":2.493,"initial_stop_loss_ratio":-0.15,"stop_loss_abs":2.493,"stop_loss_ratio":-0.15,"min_rate":2.8712,"max_rate":3.0895,"is_open":false,"enter_tag":"grid_level_-1","leverage":1.0,"is_short":false,"open_timestamp":1751486400000,"close_timestamp":1751551200000,"orders":[{"amount":416.4,"safe_price":2.9329,"ft_order_side":"buy","order_filled_timestamp":1751486400000,"ft_is_entry":true,"ft_order_tag":"grid_level_-1","cost":1221.87018978},{"amount":416.4,"safe_price":3.056,"ft_order_side":"sell","order_filled_timestamp":1751551200000,"ft_is_entry":false,"ft_order_tag":"force_exit","cost":1273.1546592}],"funding_fees":-0.120701868}],"locks":[],"best_pair":{"key":"SOL/USDT:USDT","trades":3,"profit_mean":0.042509678098709536,"profit_mean_pct":4.25,"profit_sum":0.1275290342961286,"profit_sum_pct":12.75,"profit_total_abs":140.62409936,"profit_total":0.14062409936,"profit_total_pct":14.06,"duration_avg":"2 days, 22:15:00","wins":3,"draws":0,"losses":0,"winrate":1.0,"cagr":1.719702637136443,"expectancy":46.87469978666667,"expectancy_ratio":100.0,"sortino":-100,"sharpe":2.388671531898926,"calmar":-100,"sqn":2.8291,"profit_factor":0.0,"max_drawdown_account":0.0,"max_drawdown_abs":0.0},"worst_pair":{"key":"SUI/USDT:USDT","trades":1,"profit_mean":0.040831873604333546,"profit_mean_pct":4.08,"profit_sum":0.040831873604333546,"profit_sum_pct":4.08,"profit_total_abs":49.89124915,"profit_total":0.04989124915,"profit_total_pct":4.99,"duration_avg":"18:00:00","wins":1,"draws":0,"losses":0,"winrate":1.0,"cagr":0.4480544816278691,"expectancy":49.89124915,"expectancy_ratio":100.0,"sortino":-100,"sharpe":-100,"calmar":-100,"sqn":-100.0,"profit_factor":0.0,"max_drawdown_account":0.0,"max_drawdown_abs":0.0},"results_per_pair":[{"key":"SOL/USDT:USDT","trades":3,"profit_mean":0.042509678098709536,"profit_mean_pct":4.25,"profit_sum":0.1275290342961286,"profit_sum_pct":12.75,"profit_total_abs":140.62409936,"profit_total":0.14062409936,"profit_total_pct":14.06,"duration_avg":"2 days, 22:15:00","wins":3,"draws":0,"losses":0,"winrate":1.0,"cagr":1.719702637136443,"expectancy":46.87469978666667,"expectancy_ratio":100.0,"sortino":-100,"sharpe":2.388671531898926,"calmar":-100,"sqn":2.8291,"profit_factor":0.0,"max_drawdown_account":0.0,"max_drawdown_abs":0.0},{"key":"ETH/USDT:USDT","trades":9,"profit_mean":0.011703777156175951,"profit_mean_pct":1.17,"profit_sum":0.10533399440558355,"profit_sum_pct":10.53,"profit_total_abs":93.07261161000002,"profit_total":0.09307261161000002,"profit_total_pct":9.31,"duration_avg":"2 days, 14:33:00","wins":8,"draws":0,"losses":1,"winrate":0.8888888888888888,"cagr":0.9674039246714419,"expectancy":10.341401290000004,"expectancy_ratio":0.0527170610942056,"sortino":-100,"sharpe":0.4934542839769055,"calmar":23.509677391411252,"sqn":0.3896,"profit_factor":1.4744535498478515,"max_drawdown_account":0.1575725000469469,"max_drawdown_abs":196.16801611},{"key":"SUI/USDT:USDT","trades":1,"profit_mean":0.040831873604333546,"profit_mean_pct":4.08,"profit_sum":0.040831873604333546,"profit_sum_pct":4.08,"profit_total_abs":49.89124915,"profit_total":0.04989124915,"profit_total_pct":4.99,"duration_avg":"18:00:00","wins":1,"draws":0,"losses":0,"winrate":1.0,"cagr":0.4480544816278691,"expectancy":49.89124915,"expectancy_ratio":100.0,"sortino":-100,"sharpe":-100,"calmar":-100,"sqn":-100.0,"profit_factor":0.0,"max_drawdown_account":0.0,"max_drawdown_abs":0.0},{"key":"TOTAL","trades":13,"profit_mean":0.021053454023541973,"profit_mean_pct":2.11,"profit_sum":0.27369490230604565,"profit_sum_pct":27.37,"profit_total_abs":283.58796012,"profit_total":0.28358796012,"profit_total_pct":28.36,"duration_avg":"2 days, 12:54:00","wins":12,"draws":0,"losses":1,"winrate":0.9230769230769231,"cagr":5.675543005890849,"expectancy":21.81445847076923,"expectancy_ratio":0.11120293156524008,"sortino":-100,"sharpe":1.7162966744499009,"calmar":75.34881907482706,"sqn":1.149,"profit_factor":2.4456381103481206,"max_drawdown_account":0.14980162809340916,"max_drawdown_abs":196.16801611}],"results_per_enter_tag":[{"key":"grid_level_-1","trades":13,"profit_mean":0.021053454023541973,"profit_mean_pct":2.11,"profit_sum":0.27369490230604565,"profit_sum_pct":27.37,"profit_total_abs":283.58796012,"profit_total":0.28358796012,"profit_total_pct":28.36,"duration_avg":"2 days, 12:54:00","wins":12,"draws":0,"losses":1,"winrate":0.9230769230769231,"cagr":5.675543005890849,"expectancy":21.81445847076923,"expectancy_ratio":0.11120293156524008,"sortino":-100,"sharpe":1.7162966744499009,"calmar":75.34881907482706,"sqn":1.149,"profit_factor":2.4456381103481206,"max_drawdown_account":0.14980162809340916,"max_drawdown_abs":196.16801611},{"key":"TOTAL","trades":13,"profit_mean":0.021053454023541973,"profit_mean_pct":2.11,"profit_sum":0.27369490230604565,"profit_sum_pct":27.37,"profit_total_abs":283.58796012,"profit_total":0.28358796012,"profit_total_pct":28.36,"duration_avg":"2 days, 12:54:00","wins":12,"draws":0,"losses":1,"winrate":0.9230769230769231,"cagr":5.675543005890849,"expectancy":21.81445847076923,"expectancy_ratio":0.11120293156524008,"sortino":-100,"sharpe":1.7162966744499009,"calmar":75.34881907482706,"sqn":1.149,"profit_factor":2.4456381103481206,"max_drawdown_account":0.14980162809340916,"max_drawdown_abs":196.16801611}],"exit_reason_summary":[{"key":"exit_signal","trades":11,"profit_mean":0.0349373770707577,"profit_mean_pct":3.49,"profit_sum":0.38431114777833464,"profit_sum_pct":38.43,"profit_total_abs":429.86472708,"profit_total":0.42986472708,"profit_total_pct":42.99,"duration_avg":"2 days, 10:07:00","wins":11,"draws":0,"losses":0,"winrate":1.0,"cagr":14.166616437527866,"expectancy":39.078611552727274,"expectancy_ratio":100.0,"sortino":-100,"sharpe":8.32721398865877,"calmar":-100,"sqn":6.0145,"profit_factor":0.0,"max_drawdown_account":0.0,"max_drawdown_abs":0.0},{"key":"force_exit","trades":1,"profit_mean":0.040831873604333546,"profit_mean_pct":4.08,"profit_sum":0.040831873604333546,"profit_sum_pct":4.08,"profit_total_abs":49.89124915,"profit_total":0.04989124915,"profit_total_pct":4.99,"duration_avg":"18:00:00","wins":1,"draws":0,"losses":0,"winrate":1.0,"cagr":0.4480544816278691,"expectancy":49.89124915,"expectancy_ratio":100.0,"sortino":-100,"sharpe":-100,"calmar":-100,"sqn":-100.0,"profit_factor":0.0,"max_drawdown_account":0.0,"max_drawdown_abs":0.0},{"key":"stop_loss","trades":1,"profit_mean":-0.15144811907662248,"profit_mean_pct":-15.14,"profit_sum":-0.15144811907662248,"profit_sum_pct":-15.14,"profit_total_abs":-196.16801611,"profit_total":-0.19616801611,"profit_total_pct":-19.62,"duration_avg":"5 days, 14:30:00","wins":0,"draws":0,"losses":1,"winrate":0.0,"cagr":-0.8099530071581409,"expectancy":-196.16801611,"expectancy_ratio":-1.0,"sortino":-100,"sharpe":-100,"calmar":-39.80202744696416,"sqn":-100.0,"profit_factor":0.0,"max_drawdown_account":0.19616801611000007,"max_drawdown_abs":196.16801611},{"key":"TOTAL","trades":13,"profit_mean":0.021053454023541973,"profit_mean_pct":2.11,"profit_sum":0.27369490230604565,"profit_sum_pct":27.37,"profit_total_abs":283.58796012,"profit_total":0.28358796012,"profit_total_pct":28.36,"duration_avg":"2 days, 12:54:00","wins":12,"draws":0,"losses":1,"winrate":0.9230769230769231,"cagr":5.675543005890849,"expectancy":21.81445847076923,"expectancy_ratio":0.11120293156524008,"sortino":-100,"sharpe":1.7162966744499009,"calmar":75.34881907482706,"sqn":1.149,"profit_factor":2.4456381103481206,"max_drawdown_account":0.14980162809340916,"max_drawdown_abs":196.16801611}],"mix_tag_stats":[{"key":["grid_level_-1","exit_signal"],"trades":11,"profit_mean":0.0349373770707577,"profit_mean_pct":3.49,"profit_sum":0.38431114777833464,"profit_sum_pct":38.43,"profit_total_abs":429.86472708,"profit_total":0.42986472708,"profit_total_pct":42.99,"duration_avg":"2 days, 10:07:00","wins":11,"draws":0,"losses":0,"winrate":1.0,"cagr":14.166616437527866,"expectancy":39.078611552727274,"expectancy_ratio":100.0,"sortino":-100,"sharpe":8.32721398865877,"calmar":-100,"sqn":6.0145,"profit_factor":0.0,"max_drawdown_account":0.0,"max_drawdown_abs":0.0},{"key":["grid_level_-1","force_exit"],"trades":1,"profit_mean":0.040831873604333546,"profit_mean_pct":4.08,"profit_sum":0.040831873604333546,"profit_sum_pct":4.08,"profit_total_abs":49.89124915,"profit_total":0.04989124915,"profit_total_pct":4.99,"duration_avg":"18:00:00","wins":1,"draws":0,"losses":0,"winrate":1.0,"cagr":0.4480544816278691,"expectancy":49.89124915,"expectancy_ratio":100.0,"sortino":-100,"sharpe":-100,"calmar":-100,"sqn":-100.0,"profit_factor":0.0,"max_drawdown_account":0.0,"max_drawdown_abs":0.0},{"key":["grid_level_-1","stop_loss"],"trades":1,"profit_mean":-0.15144811907662248,"profit_mean_pct":-15.14,"profit_sum":-0.15144811907662248,"profit_sum_pct":-15.14,"profit_total_abs":-196.16801611,"profit_total":-0.19616801611,"profit_total_pct":-19.62,"duration_avg":"5 days, 14:30:00","wins":0,"draws":0,"losses":1,"winrate":0.0,"cagr":-0.8099530071581409,"expectancy":-196.16801611,"expectancy_ratio":-1.0,"sortino":-100,"sharpe":-100,"calmar":-39.80202744696416,"sqn":-100.0,"profit_factor":0.0,"max_drawdown_account":0.19616801611000007,"max_drawdown_abs":196.16801611},{"key":"TOTAL","trades":13,"profit_mean":0.021053454023541973,"profit_mean_pct":2.11,"profit_sum":0.27369490230604565,"profit_sum_pct":27.37,"profit_total_abs":283.58796012,"profit_total":0.28358796012,"profit_total_pct":28.36,"duration_avg":"2 days, 12:54:00","wins":12,"draws":0,"losses":1,"winrate":0.9230769230769231,"cagr":5.675543005890849,"expectancy":21.81445847076923,"expectancy_ratio":0.11120293156524008,"sortino":-100,"sharpe":1.7162966744499009,"calmar":75.34881907482706,"sqn":1.149,"profit_factor":2.4456381103481206,"max_drawdown_account":0.14980162809340916,"max_drawdown_abs":196.16801611}],"left_open_trades":[{"key":"SUI/USDT:USDT","trades":1,"profit_mean":0.040831873604333546,"profit_mean_pct":4.08,"profit_sum":0.040831873604333546,"profit_sum_pct":4.08,"profit_total_abs":49.89124915,"profit_total":0.04989124915,"profit_total_pct":4.99,"duration_avg":"18:00:00","wins":1,"draws":0,"losses":0,"winrate":1.0,"cagr":0.4480544816278691,"expectancy":49.89124915,"expectancy_ratio":100.0,"sortino":-100,"sharpe":-100,"calmar":-100,"sqn":-100.0,"profit_factor":0.0,"max_drawdown_account":0.0,"max_drawdown_abs":0.0},{"key":"TOTAL","trades":1,"profit_mean":0.040831873604333546,"profit_mean_pct":4.08,"profit_sum":0.040831873604333546,"profit_sum_pct":4.08,"profit_total_abs":49.89124915,"profit_total":0.04989124915,"profit_total_pct":4.99,"duration_avg":"18:00:00","wins":1,"draws":0,"losses":0,"winrate":1.0,"cagr":0.4480544816278691,"expectancy":49.89124915,"expectancy_ratio":100.0,"sortino":-100,"sharpe":-100,"calmar":-100,"sqn":-100.0,"profit_factor":0.0,"max_drawdown_account":0.0,"max_drawdown_abs":0.0}],"total_trades":13,"trade_count_long":13,"trade_count_short":0,"total_volume":29872.950800895,"avg_stake_amount":1136.7234684615387,"profit_mean":0.021053454023541973,"profit_median":0.03767352471202124,"profit_total":0.28358796012,"profit_total_long":0.28358796012,"profit_total_short":0.0,"profit_total_abs":283.58796012,"profit_total_long_abs":283.58796012,"profit_total_short_abs":0.0,"cagr":5.675543005890849,"expectancy":21.81445847076923,"expectancy_ratio":0.11120293156524008,"sortino":-100,"sharpe":1.7162966744499009,"calmar":75.34881907482706,"sqn":1.149,"profit_factor":2.4456381103481206,"backtest_start":"2025-05-16 00:00:00","backtest_start_ts":1747353600000,"backtest_end":"2025-07-03 14:00:00","backtest_end_ts":1751551200000,"backtest_days":48,"backtest_run_start_ts":1751554001,"backtest_run_end_ts":1751554002,"trades_per_day":0.27,"market_change":-0.10059978247388068,"pairlist":["SOL/USDT:USDT","ETH/USDT:USDT","SUI/USDT:USDT"],"stake_amount":"unlimited","stake_currency":"USDT","stake_currency_decimals":3,"starting_balance":1000,"dry_run_wallet":1000,"final_balance":1283.58796012,"rejected_signals":461,"timedout_entry_orders":0,"timedout_exit_orders":0,"canceled_trade_entries":0,"canceled_entry_orders":0,"replaced_entry_orders":0,"max_open_trades":1,"max_open_trades_setting":1,"timeframe":"15m","timeframe_detail":"","timerange":"","enable_protections":false,"strategy_name":"SimpleGridDCA","stoploss":-0.15,"trailing_stop":false,"trailing_stop_positive":null,"trailing_stop_positive_offset":0.0,"trailing_only_offset_is_reached":false,"use_custom_stoploss":false,"minimal_roi":{},"use_exit_signal":true,"exit_profit_only":false,"exit_profit_offset":0.0,"ignore_roi_if_entry_signal":false,"trading_mode":"futures","margin_mode":"isolated","periodic_breakdown":{"day":[{"date":"22/05/2025","date_ts":1747872000000,"profit_abs":30.58749643,"wins":1,"draws":0,"losses":0,"trades":1,"profit_factor":0.0},{"date":"23/05/2025","date_ts":1747958400000,"profit_abs":0.0,"wins":0,"draws":0,"losses":0,"trades":0,"profit_factor":0.0},{"date":"24/05/2025","date_ts":1748044800000,"profit_abs":0.0,"wins":0,"draws":0,"losses":0,"trades":0,"profit_factor":0.0},{"date":"25/05/2025","date_ts":1748131200000,"profit_abs":0.0,"wins":0,"draws":0,"losses":0,"trades":0,"profit_factor":0.0},{"date":"26/05/2025","date_ts":1748217600000,"profit_abs":0.0,"wins":0,"draws":0,"losses":0,"trades":0,"profit_factor":0.0},{"date":"27/05/2025","date_ts":1748304000000,"profit_abs":38.64996209,"wins":1,"draws":0,"losses":0,"trades":1,"profit_factor":0.0},{"date":"28/05/2025","date_ts":1748390400000,"profit_abs":0.0,"wins":0,"draws":0,"losses":0,"trades":0,"profit_factor":0.0},{"date":"29/05/2025","date_ts":1748476800000,"profit_abs":0.0,"wins":0,"draws":0,"losses":0,"trades":0,"profit_factor":0.0},{"date":"30/05/2025","date_ts":1748563200000,"profit_abs":24.26829028,"wins":1,"draws":0,"losses":0,"trades":1,"profit_factor":0.0},{"date":"31/05/2025","date_ts":1748649600000,"profit_abs":0.0,"wins":0,"draws":0,"losses":0,"trades":0,"profit_factor":0.0},{"date":"01/06/2025","date_ts":1748736000000,"profit_abs":0.0,"wins":0,"draws":0,"losses":0,"trades":0,"profit_factor":0.0},{"date":"02/06/2025","date_ts":1748822400000,"profit_abs":0.0,"wins":0,"draws":0,"losses":0,"trades":0,"profit_factor":0.0},{"date":"03/06/2025","date_ts":1748908800000,"profit_abs":45.90871973,"wins":1,"draws":0,"losses":0,"trades":1,"profit_factor":0.0},{"date":"04/06/2025","date_ts":1748995200000,"profit_abs":15.94551621,"wins":1,"draws":0,"losses":0,"trades":1,"profit_factor":0.0},{"date":"05/06/2025","date_ts":1749081600000,"profit_abs":11.21712165,"wins":1,"draws":0,"losses":0,"trades":1,"profit_factor":0.0},{"date":"06/06/2025","date_ts":1749168000000,"profit_abs":0.0,"wins":0,"draws":0,"losses":0,"trades":0,"profit_factor":0.0},{"date":"07/06/2025","date_ts":1749254400000,"profit_abs":0.0,"wins":0,"draws":0,"losses":0,"trades":0,"profit_factor":0.0},{"date":"08/06/2025","date_ts":1749340800000,"profit_abs":18.6717194,"wins":1,"draws":0,"losses":0,"trades":1,"profit_factor":0.0},{"date":"09/06/2025","date_ts":1749427200000,"profit_abs":0.0,"wins":0,"draws":0,"losses":0,"trades":0,"profit_factor":0.0},{"date":"10/06/2025","date_ts":1749513600000,"profit_abs":69.90416715,"wins":1,"draws":0,"losses":0,"trades":1,"profit_factor":0.0},{"date":"11/06/2025","date_ts":1749600000000,"profit_abs":0.0,"wins":0,"draws":0,"losses":0,"trades":0,"profit_factor":0.0},{"date":"12/06/2025","date_ts":1749686400000,"profit_abs":0.0,"wins":0,"draws":0,"losses":0,"trades":0,"profit_factor":0.0},{"date":"13/06/2025","date_ts":1749772800000,"profit_abs":0.0,"wins":0,"draws":0,"losses":0,"trades":0,"profit_factor":0.0},{"date":"14/06/2025","date_ts":1749859200000,"profit_abs":0.0,"wins":0,"draws":0,"losses":0,"trades":0,"profit_factor":0.0},{"date":"15/06/2025","date_ts":1749945600000,"profit_abs":0.0,"wins":0,"draws":0,"losses":0,"trades":0,"profit_factor":0.0},{"date":"16/06/2025","date_ts":1750032000000,"profit_abs":54.36559245,"wins":1,"draws":0,"losses":0,"trades":1,"profit_factor":0.0},{"date":"17/06/2025","date_ts":1750118400000,"profit_abs":0.0,"wins":0,"draws":0,"losses":0,"trades":0,"profit_factor":0.0},{"date":"18/06/2025","date_ts":1750204800000,"profit_abs":0.0,"wins":0,"draws":0,"losses":0,"trades":0,"profit_factor":0.0},{"date":"19/06/2025","date_ts":1750291200000,"profit_abs":0.0,"wins":0,"draws":0,"losses":0,"trades":0,"profit_factor":0.0},{"date":"20/06/2025","date_ts":1750377600000,"profit_abs":0.0,"wins":0,"draws":0,"losses":0,"trades":0,"profit_factor":0.0},{"date":"21/06/2025","date_ts":1750464000000,"profit_abs":0.0,"wins":0,"draws":0,"losses":0,"trades":0,"profit_factor":0.0},{"date":"22/06/2025","date_ts":1750550400000,"profit_abs":-196.16801611,"wins":0,"draws":0,"losses":1,"trades":1,"profit_factor":0.0},{"date":"23/06/2025","date_ts":1750636800000,"profit_abs":0.0,"wins":0,"draws":0,"losses":0,"trades":0,"profit_factor":0.0},{"date":"24/06/2025","date_ts":1750723200000,"profit_abs":0.0,"wins":0,"draws":0,"losses":0,"trades":0,"profit_factor":0.0},{"date":"25/06/2025","date_ts":1750809600000,"profit_abs":0.0,"wins":0,"draws":0,"losses":0,"trades":0,"profit_factor":0.0},{"date":"26/06/2025","date_ts":1750896000000,"profit_abs":0.0,"wins":0,"draws":0,"losses":0,"trades":0,"profit_factor":0.0},{"date":"27/06/2025","date_ts":1750982400000,"profit_abs":0.0,"wins":0,"draws":0,"losses":0,"trades":0,"profit_factor":0.0},{"date":"28/06/2025","date_ts":1751068800000,"profit_abs":0.0,"wins":0,"draws":0,"losses":0,"trades":0,"profit_factor":0.0},{"date":"29/06/2025","date_ts":1751155200000,"profit_abs":0.0,"wins":0,"draws":0,"losses":0,"trades":0,"profit_factor":0.0},{"date":"30/06/2025","date_ts":1751241600000,"profit_abs":76.04366023,"wins":1,"draws":0,"losses":0,"trades":1,"profit_factor":0.0},{"date":"01/07/2025","date_ts":1751328000000,"profit_abs":0.0,"wins":0,"draws":0,"losses":0,"trades":0,"profit_factor":0.0},{"date":"02/07/2025","date_ts":1751414400000,"profit_abs":44.30248146,"wins":1,"draws":0,"losses":0,"trades":1,"profit_factor":0.0},{"date":"03/07/2025","date_ts":1751500800000,"profit_abs":49.89124915,"wins":1,"draws":0,"losses":0,"trades":1,"profit_factor":0.0}],"week":[{"date":"26/05/2025","date_ts":1748217600000,"profit_abs":30.58749643,"wins":1,"draws":0,"losses":0,"trades":1,"profit_factor":0.0},{"date":"02/06/2025","date_ts":1748822400000,"profit_abs":62.91825237,"wins":2,"draws":0,"losses":0,"trades":2,"profit_factor":0.0},{"date":"09/06/2025","date_ts":1749427200000,"profit_abs":91.74307699,"wins":4,"draws":0,"losses":0,"trades":4,"profit_factor":0.0},{"date":"16/06/2025","date_ts":1750032000000,"profit_abs":124.2697596,"wins":2,"draws":0,"losses":0,"trades":2,"profit_factor":0.0},{"date":"23/06/2025","date_ts":1750636800000,"profit_abs":-196.16801611,"wins":0,"draws":0,"losses":1,"trades":1,"profit_factor":0.0},{"date":"30/06/2025","date_ts":1751241600000,"profit_abs":76.04366023,"wins":1,"draws":0,"losses":0,"trades":1,"profit_factor":0.0},{"date":"07/07/2025","date_ts":1751846400000,"profit_abs":94.19373061,"wins":2,"draws":0,"losses":0,"trades":2,"profit_factor":0.0}],"month":[{"date":"31/05/2025","date_ts":1748649600000,"profit_abs":93.5057488,"wins":3,"draws":0,"losses":0,"trades":3,"profit_factor":0.0},{"date":"30/06/2025","date_ts":1751241600000,"profit_abs":95.88848071,"wins":7,"draws":0,"losses":1,"trades":8,"profit_factor":1.48880792},{"date":"31/07/2025","date_ts":1753920000000,"profit_abs":94.19373061,"wins":2,"draws":0,"losses":0,"trades":2,"profit_factor":0.0}],"year":[{"date":"31/12/2025","date_ts":1767139200000,"profit_abs":283.58796012,"wins":12,"draws":0,"losses":1,"trades":13,"profit_factor":2.44563811}]},"backtest_best_day":0.06896496858634457,"backtest_worst_day":-0.15144811907662248,"backtest_best_day_abs":76.04366023,"backtest_worst_day_abs":-196.16801611,"winning_days":12,"draw_days":30,"losing_days":1,"daily_profit":[["2025-05-22",30.58749643],["2025-05-23",0.0],["2025-05-24",0.0],["2025-05-25",0.0],["2025-05-26",0.0],["2025-05-27",38.64996209],["2025-05-28",0.0],["2025-05-29",0.0],["2025-05-30",24.26829028],["2025-05-31",0.0],["2025-06-01",0.0],["2025-06-02",0.0],["2025-06-03",45.90871973],["2025-06-04",15.94551621],["2025-06-05",11.21712165],["2025-06-06",0.0],["2025-06-07",0.0],["2025-06-08",18.6717194],["2025-06-09",0.0],["2025-06-10",69.90416715],["2025-06-11",0.0],["2025-06-12",0.0],["2025-06-13",0.0],["2025-06-14",0.0],["2025-06-15",0.0],["2025-06-16",54.36559245],["2025-06-17",0.0],["2025-06-18",0.0],["2025-06-19",0.0],["2025-06-20",0.0],["2025-06-21",0.0],["2025-06-22",-196.16801611],["2025-06-23",0.0],["2025-06-24",0.0],["2025-06-25",0.0],["2025-06-26",0.0],["2025-06-27",0.0],["2025-06-28",0.0],["2025-06-29",0.0],["2025-06-30",76.04366023],["2025-07-01",0.0],["2025-07-02",44.30248146],["2025-07-03",49.89124915]],"wins":12,"losses":1,"draws":0,"winrate":0.9230769230769231,"holding_avg":"2 days, 12:54:00","holding_avg_s":219240.0,"winner_holding_min":"0d 01:30","winner_holding_min_s":5400.0,"winner_holding_max":"6d 22:15","winner_holding_max_s":598500.0,"winner_holding_avg":"2d 06:46","winner_holding_avg_s":197160.0,"loser_holding_min":"5d 14:30","loser_holding_min_s":484200.0,"loser_holding_max":"5d 14:30","loser_holding_max_s":484200.0,"loser_holding_avg":"5d 14:30","loser_holding_avg_s":484200.0,"max_consecutive_wins":9,"max_consecutive_losses":1,"max_drawdown_account":0.14980162809340916,"max_relative_drawdown":0.14980162809340916,"max_drawdown_abs":196.16801611,"drawdown_start":"2025-06-16 18:00:00","drawdown_start_ts":1750096800000.0,"drawdown_end":"2025-06-22 13:15:00","drawdown_end_ts":1750598100000.0,"max_drawdown_low":113.35056928,"max_drawdown_high":309.51858539,"csum_min":1030.58749643,"csum_max":1309.51858539}},"strategy_comparison":[{"key":"SimpleGridDCA","trades":13,"profit_mean":0.021053454023541973,"profit_mean_pct":2.11,"profit_sum":0.27369490230604565,"profit_sum_pct":27.37,"profit_total_abs":283.58796012,"profit_total":0.28358796012,"profit_total_pct":28.36,"duration_avg":"2 days, 12:54:00","wins":12,"draws":0,"losses":1,"winrate":0.9230769230769231,"cagr":5.675543005890849,"expectancy":21.81445847076923,"expectancy_ratio":0.11120293156524008,"sortino":-100,"sharpe":1.7162966744499009,"calmar":75.34881907482706,"sqn":1.149,"profit_factor":2.4456381103481206,"max_drawdown_account":0.14980162809340916,"max_drawdown_abs":"196.168"}]}